S01B00006275696C642F72656C656173652F7A69676265652E73333714
S21400400008100020457F0000D9C60000CB0A030038
S214004010CB0A0300E1C60000E9C60000CB0A030095
S214004020CB0A0300CB0A0300CB0A0300CB0A03002B
S214004030EDC60000044E0400CB0A0300CB0A0300C2
S214004040CB0A0300CB0A0300CB0A03005D7A00000C
S214004050CB0A0300CB0A0300CB0A0300CB0A0300FB
S214004060CB0A0300CB0A0300EDCB0000CB0A03000B
S214004070CB0A0300CB0A0300CB0A0300CB0A0300DB
S214004080CB0A0300CB0A0300CB0A0300CB0A0300CB
S214004090CB0A0300CB0A0300CB0A0300CB0A0300BB
S2140040A0CB0A03000D830000F1820000CB0A030058
S2140040B0CB0A0300CB0A0300CB0A0300D51F02007D
S2140040C0DD650300D965030039170200F3650300B8
S2140040D0E1650300951F0200E5650300C9030200C1
S2140040E015200200CB0A0300CB0A0300CB0A03000C
S2140040F0CB0A0300CB0A0300CB0A0300CB0A03005B
S214004100CB0A0300CB0A0300CB0A0300CB0A03004A
S214004110CB0A0300CB0A0300CB0A0300CB0A03003A
S214004120CB0A0300CB0A0300CB0A0300CB0A03002A
S208004130CB0A0300AE
S214004134F0B5114A114C124E00F00105E3695F0711
S21400414413D40DB9334213D103EA00078F4207D1C3
S2140041540B4A1A40002A14BF6FF001000020F0BD7D
S214004164013AEBD16FF00200F9E74FF0FF30F6E7C3
S2140041746FF00100F3E700BF80969800000003503C
S214004184020001000B4B70B5D96911F480310DD1D2
S21400419401244FF48072084E084DF46020462C64C7
S2140041A41A61FFF7C5FF3464EC6070BD6FF0010060
S2140041B4FBE700BF0000035000100350002003502C
S2140041C438B541F6713301220C4C0021E569E363EE
S2140041D40B4B05F48035DA600223606121202361ED
S2140041E4FFF7A6FF10B92120FFF7A2FF0122054B17
S2140041F4DA600DB10023E36338BD00BF000003504E
S214004204001003500020035070B5134C6061E3693E
S2140042145B071ED40E4656F8043B8D18A361AE42C7
S2140042240BD10423002121202361FFF781FF58B915
S214004234BDE870402120FFF77BBF08210846FFF742
S21400424477FF10B10423236170BD56F8043BA361C5
S214004254E5E74FF0FF30F7E7000003502DE9F84399
S214004264154641F67132164B8946DF69DA63012238
S214004274064603F58053DFF8508007F48037DA608B
S21400428455B9284601220F4BDA601FB10022A3F568
S2140042940053DA63BDE8F88306F5005404EA08041C
S2140042A4A41BAC4228BF2C46494622463046FFF79C
S2140042B4ABFF0028E6D12644A1442D1BE0E700BF4F
S2100042C4000003500020035000E0FFFF45
S2140042D02DE9F04F4FF0FD0BC9B09A460DF11B09C2
S2140042E09DF8503108AFCDF80C90CDF808B0019786
S2140042F0059303890446009383790E4690464188C9
S2140043008288407812F0B2FB054650B10090A38830
S214004310002062883A4912F0EDFE284649B0BDE812
S214004320F08F99F800002FF0ABFC38B12846A38830
S2140043306288344912F0DEFE8D25EEE75A4639468D
S21400434099F800002FF044FC8346002851D0529B79
S2140043501BB1BDF84C3198424BD8002399F8009019
S2140043600793A9F14102012A5FFA8BF123D8384658
S2140043700139254ADFF898C05FFA81FE734513DBE2
S214004380059B04210792C3B907AF18221F489FED6B
S2140043901A7B02FB060420460A460830394684ED9E
S2140043A0027B17F0CFFB11E010F8011F01335140DC
S2140043B00CFB01F2E2E7059B33B123464A4638463A
S2140043C0009610F0D5FAA8E70829DED9B8F1000F54
S2140043D001D088F80090BAF1000F01D0AAF800B01A
S2140043E0529B002B99D05A46184608A917F0AAFBEC
S2140043F093E7012591E700BF0000000000000000E1
S214004400D7F603000CF70300C59D1C818010002022
S21400441093010001000000002DE9F04F93B0CDE9B4
S2140044200A32DDE91C530E9353EC102BCDE908013C
S214004430104619468DED060B1E9E16F00DFE80B139
S214004440DDE906014FF0FF32C54B16F02DFE40B9F0
S214004450DDE906014FF0FF326FF4801316F006FE1A
S21400446070B1DDE908019DED060B0E9B1E96CDE9A9
S2140044701C53DDE90A3213B0BDE8F04F00F088B9EE
S2140044800022DDE90601002316F0F0FD002800F00A
S2140044903381DDE906A303F1004BCBF30A5016F493
S2140044A08063A0F2FF3008BF06250F9316F002FBCC
S2140044B09BA3D3E9002316F067FB9BA3D3E9002355
S2140044C016F0ACF9CBF31304894644F07F518046CE
S2140044D00022A44B504641F4401116F09DF994A3D7
S2140044E0D3E9002316F050FB02460B4640464946E9
S2140044F016F094F916F0E2FD044616F0DBFA8EA3E9
S214004500D3E900238046894616F03EFB0022964BF0
S21400451016F084F916F0D2FD89A3D3E900230746E6
S2140045204946404616F030FB80463846894616F027
S214004530C1FA85A3D3E9002316F026FB02460B46F4
S2140045404046494616F068F902460B46CDE90C236C
S21400455016F01AFBDDE90C238046894610461946FC
S21400456016F05CF90022CDE91001804B4046494622
S21400457016F034FC00227E4B16F050F902460B462D
S2140045804046494616F02AFC00227A4B16F046F9B9
S21400459002460B464046494616F020FCDDE90C2351
S2140045A08046894600204FF0804116F035F90246D5
S2140045B00B464046494616F031F902460B46DDE901
S2140045C0100116F00BFC07F2FF3700226A4B16F0BC
S2140045D025F900223B0516F0D7FA52465B46804680
S2140045E0894616F061FD002840F08980CDE90C89E7
S2140045F004F16303C62B8CBF0527042731051BD5A2
S21400460053A3D3E900235046594616F043FD00282D
S2140046107FD051A3D3E900235046594616F026FD15
S214004620002876D00027A542C6BF2C1B04F1FF3514
S21400463000253C4646F480660E9B9F422CBF4FF0FA
S2140046400008A3EB070816F0020903D0002F18BFD6
S2140046504FF000083CB1DDE90C235046594616F0F1
S214004660BDFB82468B46DDE906010022002316F0DC
S214004670FDFC10B10BF100439B46DDE9080126F472
S2140046800063CDE90183DDE90A324BEC10AB0095FF
S21400469000F07EF802465FB3DDE9091316F0200F3E
S2140046A000F10105089E0CBF65204520B047DDE9F6
S2140046B008010523002205930A23002CCDE90232C7
S2140046C007F1FF374FEAD473B8BF64422A46019316
S2140046D004970A9B009431F0EFF80246B9F1000FF8
S2140046E006D00B9BC41A0B9B1A190E9BA34245D8E7
S2140046F0104613B0BDE8F08FDDE906ABCDE600222C
S214004700404649461A4B16F069FB013CCDE90C01C0
S2140047106EE7002D90D00F9B002B8DD0013D8BE7D0
S214004720FB799F501344D33FB3C8608B288AC63F9B
S21400473061436F63A787D23F71A379094F930A40FD
S2140047401655B5BBB16B0240EF39FAFE422EE63F76
S2140047502D431CEBE2361A3F0000000080842E41F9
S214004760FFFFEF7F0000F83F0000E03F00002C4016
S21400477000002440000018400000F03F2020DDE943
S2140047800913089DA8470134ADE700BF00000000EC
S2140047902DE9F04F5BEC10AB97B0CDE90501DDE9F4
S2140047A02058CDE90723504652465B465946229F7D
S2140047B016F052FC70B90323CDE902870193AA4B89
S2140047C00093DDE90501DDE9072330F0A7FF17B008
S2140047D0BDE8F08F4FF0FF326FF480135046594615
S2140047E016F044FC28B10423CDE9028701939F4BC1
S2140047F0E6E74FF0FF32504659469D4B16F054FC04
S21400480068B19C4A07F00403002B08BF03229A4BAA
S2140048101CBF13460422CDE902870192D0E750461A
S2140048208DA3D3E90023594616F03EFC38B98CA375
S214004830D3E900235046594616F018FC68B1DDE966
S2140048400723DDE905014BEC10ABCDE92187209568
S21400485017B0BDE8F04FFFF7DFBD0022002350463B
S214004860594616F003FC002800F091805B4652463D
S2140048700020002115F0D0FF012382468B460993C5
S21400488017F4806400F08580092D40F285800024AE
S21400489030210EABA5F109020134202C03F8011BD0
S2140048A0A5EB040901D09442F6D15946504616F0BD
S2140048B005FC724B054603EBC90393ED007B8DEDBB
S2140048C00A7B16F0F7F802460B465046594615F096
S2140048D0A3FFDDE90A2316F057F902460B46CDE999
S2140048E00C2316F013FC064616F0D4F802460B46C8
S2140048F0DDE90C0115F090FF02460B46CDE90C23CE
S21400490000225F4B16F0D0FB002848D00136304618
S21400491016F0C0F802460B46DDE90A0116F0B0FBB9
S21400492008B100260135B9F1000F45D1284616F02A
S214004930C1F802460B465046594615F06DFF002258
S2140049404F4B16F093FB10B9E90700D501350A2145
S2140049500EAB1A19202C0AD095FBF1F001FB10556E
S214004960303502F8015B013405460028F2D107F025
S2140049700302012A55D1B8F1000F52D0099A12B994
S21400498017F00C0F01D008F1FF38302240E00990F4
S21400499076E74FF0060988E7A946002485E7002257
S2140049A0DDE90C01364B16F061FB0028BBD10EB1D9
S2140049B0F007B8D50136B6E70A210EAB1A19202C37
S2140049C00DD0B6FBF1F001FB1063092E03F13003A6
S2140049D009F1FF3904F1010402F8013B11D8302136
S2140049E0A1440EAA202CB2D04C4504F101030AD1F2
S2140049F004F158020DEB02042E2204F8202C1C466B
S214004A00A5E70646DBE7A1541C46EBE71A5501343A
S214004A10444506D2202CF9D1CDE9028701940EAB8D
S214004A20CEE6202CF8D0099B3BB12D2204F158038A
S214004A306B4403F8202C0134EEE77A0704D504F122
S214004A4058032B226B44F4E73B07E5D504F15803E3
S214004A5020226B44EDE700BF0000000065CDCD418D
S214004A600000000065CDCDC1FA130400FE1304005B
S214004A70FFFFEF7FF1130400F6130400385D040017
S214004A800000E03F0000000070B58EB02C22002130
S214004A9003A816F0C7FE64234FF002320893CDE950
S214004AA005230B2301218DF834305B4B8DF8101055
S214004AB01D880D4040F0A980084634F059FF0A22B0
S214004AC0564B574C1A704FF42873ADF812304FF00F
S214004AD0FF332360534B54491B8820460B82534BAD
S214004AE0534A1B68CD828B61524B0D621B884B82EA
S214004AF0514B1B68CB611DF003FB20B14FF41B71BB
S214004B004E4835F0D0FF0521206831F0C8F820B1B6
S214004B1040F27D21494835F0C6FF206815F038FE82
S214004B20474B2068196831F07DF90C2535F088FB75
S214004B306843099035F084FB68430DEB0501079048
S214004B40206817F031FD20B140F295213B4835F042
S214004B50AAFF25681FF00CFD00220146284631F00A
S214004B60D9F920B140F29721344835F09CFF40F245
S214004B700353344D344E2B80052396F90000AB705A
S214004B807F2801D11DF0B2FB3378EB7035F058FB6F
S214004B9000EB80008000A88035F052FB0023C000A8
S214004BA04FF0FF31E880AB604FF0FF3018A3D3E939
S214004BB0002335F02FF82549206831F064F9206885
S214004BC002A931F080FD20B14FF434711B4835F056
S214004BD06AFF042220680DEB020131F0F8F8042881
S214004BE004D040F2D721154835F05DFF01A9012019
S214004BF030F0F9FC07F0B4FD01201DF0FBFF2CF0AF
S214004C005CFD1EF021F81DF009FB0EB070BD00BF64
S214004C100A0020FF42030000C65B0020F26200206C
S214004C20E0550020E6760400A4690020EC76040037
S214004C3099990300E4760400E8760400C34C040067
S214004C40EC660020D45500207A6C00200D9A0300F4
S214004C500348044B834202D0034B03B11847704706
S214004C60A86C0020A86C002000000000064B074936
S214004C70C91A891048BF0131491003D0044B0BB143
S214004C8001481847704700BFA86C0020A86C002099
S214004C900000000010B5064C237843B9FFF7D8FF94
S214004CA0044B13B10448AFF300800123237010BDFA
S214004CB0B0150020000000006C9A040008B5044BF4
S214004CC01BB104490448AFF30080BDE80840CDE7B7
S214004CD000000000B41500206C9A0400A3F5803A8A
S214004CE0704700BF154B002B08BF114B9D46FFF7C2
S214004CF0F5FF00218B460F461148124A121A16F08D
S214004D0091FD0C4B002B00D098470B4B002B00D08E
S214004D1098470020002104000D000B4817F0C8F843
S214004D2016F058FD200029002BF028FB17F0AEF8EF
S214004D30000008000000000000000000081000202E
S214004D40081000204863002019BF010007B50121A4
S214004D5020200DF1070201F051F858B1022301217D
S214004D6020200DF107028DF8073001F057F803B048
S214004D705DF804FB9DF807100229F8D002220948C6
S214004D8015F03EFC022301210DF1070220208DF8CC
S214004D90073001F043F82BF04BFA4FF4FA6000F0BE
S214004DA077FEE4E7C8AE030038B502F023F901F059
S214004DB0C3F9012805D001F0BFF9022801D001F09F
S214004DC0E1F9064D2B783BB901F0B6F90128044607
S214004DD002D12BF0B6FA2C7038BD00BFA45C0020C0
S214004DE010B5044600882BF0F7F9A37884F8440041
S214004DF0834202BF0123E3702371074B04F11C00BA
S214004E00C4E9073401F050F8224620880349BDE87B
S214004E10104000F08DBF00BF6FFF020039FF020098
S214004E2070B5C37804460D461646002B34D1D1B172
S214004E30214815F0E5FB0123E370E36CA6600BB197
S214004E40E06D9847E368F61A63699E4221D2217E98
S214004E501A480131C9B2217615F0D2FBA36D13B101
S214004E60217EE06D9847E5702BF0F5F915B32379B0
S214004E7003BBA268238A801A83421BD801231048EA
S214004E80237115F0BDFB236DA3B1E06DBDE8704046
S214004E90184701232376E6E70029E4D1094815F0F0
S214004EA0AFFB636DE660E5702571002BDBD0E06D2F
S214004EB09847D8E770BD00BFF0AE030001AF03000F
S214004EC02FAF03001CAF030070B51E468388044650
S214004ED00D46C18002810BB1868070BD8178008846
S214004EE02BF066F80123E370064BA680C4E9033472
S214004EF00C34204600F0D8FF29462046BDE8704016
S214004F002BF0A0B9BBFF020010B501790446B1FA38
S214004F1081F1008849092BF0C2F821796088B1FA3E
S214004F2081F149092BF0BBF8034B1A68A24204BF73
S214004F3000221A6010BD00BFCC150020F8B54379DA
S214004F400446ABB100880E4F0E4E3B6804F10805D0
S214004F5013B10D4B1B786BB121792BF0A0F80B4BDE
S214004F603C6028463178A360BDE8F8402BF06AB96B
S214004F704088E8E7064815F043FB064BF1E700BF1C
S214004F80CC150020206C0020A55C0020094F0000F6
S214004F9045AF03003D4F000010B50446E0B10F4892
S214004FA015F02EFB01236371A37953B9217920886C
S214004FB02BF075F8236B7BB1606B0121BDE81040C8
S214004FC018472046FFF7A0FF04F108002BF03FF932
S214004FD02046FFF7B3FFEDE710BD00BF7BAF030031
S214004FE010B50446F8B1104815F00AFB00236371AB
S214004FF0A3796BB921792088B1FA81F149092BF0A0
S2140050004EF8236B7BB1606B0021BDE8104018475B
S2140050102046FFF779FF04F108002BF018F9204628
S214005020FFF78CFFEDE710BD86AF030010B5044612
S21400503068B1074815F0E4FA637920461BB1BDE86D
S2140050401040FFF7CDBFBDE81040FFF7A5BF10BD6D
S21400505092AF030010B50E4C0E48214615F0D0FA5C
S21400506082210D4815F0CCFA82210220A21E00F003
S214005070D5FE014630B134F8022C0848BDE8104091
S21400508015F0BEBA0648BDE8104015F0B9BA00BF24
S21400509026570020A1AF0300BCAF0300C7AF030034
S2140050A00BB0030038B5104C82212246022000F0D7
S2140050B0A5FEA51C014678B122880C4815F0A0FA7A
S2140050C02A460B4B03F1340153F8040B8B4242F88B
S2140050D0040BF9D13323238035F8021C054A064811
S2140050E0BDE8384015F08CBA2457002016B00300EF
S2140050F096B003002657002074B00300034B1B78BD
S2140051001BB18B4201D82BF093B87047216C00205E
S21400511010B5044601460E4815F072FA012C11D15E
S2140051200C4B0D481A884FF6FF739A421EBF00229A
S214005130094B5A742AF099FF02F0B2F8BDE8104005
S21400514001F084BF0448BDE810402AF090BF00BFBD
S214005150CAB00300D46B00207866002070B5002427
S2140051601A4D1B4E3378A3421BDC0024194D1A4EF1
S2140051703378A3421BDC0024184D194E3378A34223
S2140051801BDC00F0D9FF012816481CD12AF06DFF61
S21400519002F086F801F05AFFBDE87040124800F0B1
S2140051A0EBBF2846FFF71CFE01346035DAE72846D9
S2140051B02AF041FF01343435DAE728462AF074FF36
S2140051C001343835DAE72AF052FFE5E734230020C9
S2140051D0AB5C002054270020AC5C0020042100209B
S2140051E0AA5C002078660020115100002DE9F04FDF
S2140051F087B0FFF757FFB34B05A805932AF078FF53
S214005200054616F00BFAB04CC2B21F2A627004D9DB
S214005210AE4815F0F5F900F02FFC2946A01C16F054
S21400522091FC05A82AF064FF054616F0F7F9C2B20D
S2140052301F2A84F8212001D9A548EAE7294604F167
S214005240220016F07FFC05A82AF052FF32260446FC
S21400525000272578002D40F09F809E4CFFF77EFFAC
S2140052602378DFF8B0A2DFF8B0829B4F00939AF85D
S214005270003098F800203978984815F0C1F93A7847
S21400528098F800109AF8000053180344DFF880B22C
S21400529020782C4603445846DBB2AA4200F3168315
S2140052A0012B38BF01238E4E02933246002335462B
S2140052B04FF482714FF6FF740298013398421370D0
S2140052C05180948002F10C02F6DC864B84497E48BD
S2140052D0AB6001F00DF8E879AB68DFF8309200EBD0
S2140052E0400003EB800000F0D3FDEB79B9F8002016
S2140052F00133A242EB7103D079497B4801F0FCF8F8
S2140053004FF6FF73B9F800207549D21A18BF01226C
S214005310764801F0DBFD4FF00009724C3A784A45BA
S21400532000F3DC8200264FF00C09714ADFF8B0B1BA
S21400533098F800003978B04200F3E48246180C2151
S214005340002501FB06B19AF800009423A842694A9A
S21400535000F3F6820C253E7898F8003000274FF4CC
S21400536082781E44064405FB06B5DFF8B0A1594B0B
S2140053701B78BB4200F3F7820299594800F016FEEC
S214005380059B50491A468B4240F000835A4807B0A6
S214005390BDE8F04F15F034B9532D0FD163784C2B80
S2140053A040F05B81A378502B40F057810122534B8D
S2140053B01A7005A82AF09CFE04464AE74C2D0ED12A
S2140053C06378502B40F0CB80A378303B092B00F25B
S2140053D0C680A01C2AF099FE494B1870E9E7442DB8
S2140053E013D16378303B092BE3D8601C2AF08DFE7E
S2140053F0444B454A1978002386B2994202F160026E
S214005400D7DD22F8466C0133F7E7422D0CD16378DE
S214005410542B40F08580A01C00F0D8FC3B4B188035
S21400542018462AF066FDC4E7582D33D8412DC0D95A
S214005430433D152DBDD801A353F825F0395800007B
S214005440B3530000B3530000B3530000B35300003F
S214005450B3530000AD550000B3530000B353000033
S2140054605F550000A7540000B3530000B35300007C
S214005470B3530000B3530000DF5600005B56000035
S214005480B3530000B3530000B3530000B3530000FF
S21400549055570000692D8CD1601C2AF036FE80B26C
S2140054A02AF0C2FE85E70C4B012019780023184A23
S2140054B0994202F1A8027FF77CAF02F8A60C0133EE
S2140054C0F6E700BF265700208C650020E9B00300F1
S2140054D000B10300A65C0020A95C002010B1030008
S2140054E0981600201017002048160020D01500201F
S2140054F0581D00209C1B002060B10300A55C002006
S214005500206C0020AB5C002034230020D46B0020ED
S214005510581E0020A75C0020A85C002090180020E1
S214005520601C00F053FC0546E01C2AF066FE0121D4
S214005530024628462AF01DFE6021B048B04C03788B
S2140055405943621865524FF4FA6111824FF448715C
S2140055505161AC49568311650133037029E7601C1D
S21400556000F034FC00224FF034088146A64F114666
S2140055702AF0FFFD3878A54D08FB00F325F80390C8
S214005580EA18E3781046693B18BF012393702AF0A7
S21400559052FD00219E4A3B785160012103FB0855CD
S2140055A00B443B7015600F46117402E7601C00F058
S2140055B00DFC0022114681462AF0DBFD3422924D76
S2140055C0DFF84882287802FB00F328F8039008EBFF
S2140055D00301E3780846693B18BF01238B702AF065
S2140055E02AFD8C4A00231046916B31BB00EB8310DA
S2140055F034232A7802FB03838363874A00231046FA
S214005600D2F8A410F9B9A82202FB030034232A78A2
S21400561002FB0383C0F8A4305FB97D4A3B461146BF
S21400562052F8040BA8B93422287800FB028241F80D
S21400563023202B7801332B70BBE60133042B02F1B9
S2140056404002D1D1D9E70133042B02F1A802D7D109
S214005650E2E70133042BE3D1EBE7601C00F0B6FB76
S2140056608046E01C2AF0C9FD0121024640462AF089
S21400567080FD60216148624D0278DFF8B4C1514375
S2140056806B1825F801804FF44871198259616349F7
S2140056905E839965E178A824642904BF0121997086
S2140056A09CF80030DFF870E15C430EEB04010EF866
S2140056B004304FF400744C8003240C718C7102EBA0
S2140056C0420405EB441532240133DBB201324B7140
S2140056D08D6081F8A04002708CF8003069E6601C8E
S2140056E000F074FB00224FF0380A8146DFF83C8158
S2140056F011462AF03EFD98F80030494D0AFB03F3A8
S21400570025F803904FF00109EA1882F80490E37830
S21400571073B1E01C00F05AFB0022044611462AF042
S21400572028FD98F800300AFB03535C8083F8069047
S2140057303C48384A03789901535498F8001002EB15
S2140057408314C1EBC10205EBC2054A1C656388F8E9
S214005750002001E7601C00F039FB8046E01C00F0EA
S21400576035FB0546601D2AF048FD04460246012129
S21400577040462AF0FEFC2246284601212AF0F9FC83
S21400578060204FF4487CDFF874E01D4A9EF8003035
S21400579000FB03F422F80480DFF880801119A1F8DA
S2140057A010C0C1F814C04E83C1F85880591CC9B245
S2140057B048431418A4F810C0C4F814C06683C4F88C
S2140057C0588094241552184D981C8EF8000028789E
S2140057D0DFF860C0444303EB430301EB41010CEBED
S2140057E0040E02EB431302EB41120CF80400CEF851
S2140057F00430CEF8082001302870DAE5AB5C0020D3
S21400580034230020DB000300AC5C0020542700207B
S21400581078660020581D0020581E0020FD5000000D
S21400582004210020A85C0020A75C0020AA5C0020C1
S214005830A95C00209C1B0020601C00F0C7FA804674
S214005840E01C00F0C3FA00220546114640462AF046
S21400585090FC00223824114628462AF08AFC50483C
S214005860504A03784FF0000E04FB03FC22F80C802D
S2140058704FF0010802EB0C0181F806E081F8048085
S21400588003EB0801C9B24C4302EB040C15539C1CF5
S21400589004704FF48274444D8CF806E028788CF837
S2140058A004804443DFF808C1C3EBC303C1EBC10166
S2140058B00CEB040E02EBC30302EBC1020CF804006F
S2140058C0CEF80430CEF80820404495E746790135F6
S2140058D08E4284BF04714471A830DEE4B9F1000F33
S2140058E006D016F8052C02EB420204EB8204B460E4
S2140058F03146584601F0A8FE09F101090BF1A80B44
S2140059000C360BE571180AD0481E09FB00B0C079AA
S21400591000EB400004EB800409FB01B084601046F5
S21400592009FB0151039201F04DFC39781F483144C0
S21400593009FB015101F0B4F9039A01364032F7E44D
S214005940F54218BF11F8050C03911EBF00EB40008E
S21400595004EB80048C6003FB052001F0B1F803998A
S21400596001350C31EFE4F74218BF15F8053C29461F
S2140059701CBF03EB430304EB830408FB07A018BF1C
S214005980AC6000F04FFF01370C35F0E413F8011D52
S21400599000297FF4F6AC3B2102F8011CF1E400BFBD
S2140059A0AA5C002004210020A65C0020F82000202D
S2140059B09018002007B5012121200DF1070200F004
S2140059C01DFA18B99DF80720024B1A7003B05DF84F
S2140059D004FB00BF216C002007B5064B8DF80700BE
S2140059E0187001210DF10702212000F017FA03B00C
S2140059F05DF804FB216C002007B5022101200DF1A3
S214005A00060200F0FBF938B9044814F0F9FDBDF8B9
S214005A10060003B05DF804FB0020FAE77DB1030042
S214005A2007B50221ADF806000DF10602012000F0D0
S214005A30F5F9014610B1034814F0E2FD03B05DF835
S214005A4004FB00BF9EB1030010B5FFF7D5FF044668
S214005A500146074814F0D4FD0121064814F0D0FD95
S214005A6024B9BDE810400120FFF7DABF10BD00BF23
S214005A70CEB10300E0B1030008B5044814F0C0FD41
S214005A8000F0DCF92AF0D4FB2AF0CFFBF6B10300D5
S214005A9038B50446084D094B28462B6000F004FA3A
S214005AA0002C18BF21462846BDE8384008BF4FF4F2
S214005AB096712AF0C7BB00BF5828002029010300B2
S214005AC02DE9F043384D91B008AC0746894690461C
S214005AD00FCD0FC495E80F00002684E80F000125BF
S214005AE00323324C3248CDE90366CDE905668DF8CE
S214005AF00E300796029534F07FFF2E4834F07CFF78
S214005B0032462D4920468DF8176004F0C5FE334610
S214005B1032462A498DF81900009020468DF82390C9
S214005B20CDF82C808DF8216004F0D0FE0A90204637
S214005B308DF8097004F032FE204608AA05A904F084
S214005B40EBFE02AA204603A92BF013FD4FF40072C9
S214005B501B4B5A62194BE560626A920510D46BB90A
S214005B604FF40072164B11485A6204F017FE1148A3
S214005B7034F045FF002011B0BDE8F083013BEBE7B1
S214005B80002BEDD0094908A82BF026FD4FF4007233
S214005B900B4B06485A6204F001FE064834F02FFF0D
S214005BA0BDF82000E7E700BFBC4D04000040005AE7
S214005BB0645004006050040080841E0040420F00C1
S214005BC00060005A0122034B1870034B1980034BE8
S214005BD01A707047AE5C0020DC6B0020AD5C0020C5
S214005BE0F8B5454B1B780BB90020F8BD434B1B7826
S214005BF0012B03D1BDE8F8402AF099BA404B1C8827
S214005C004FF6FF739C42EFD03E4834F0F5FE00237B
S214005C10260AE4B21A462146304604F07FFD012EDD
S214005C20354604F0010335D015D9B51E012DDBD855
S214005C30002B0BBF4FF480754FF080754FF47061EA
S214005C404FF070610BBF01274FF480370F204FF4E1
S214005C5070202D4B11E0002B0BBF4FF480754FF0DA
S214005C6080754FF470614FF070610BBF01274FF4E1
S214005C7080370F204FF47020244B1A6802401CD047
S214005C80BA421AD01A680A4032D11A6822EA0102C9
S214005C902A4316E0002B0BBF4FF480754FF080753B
S214005CA04FF470614FF070610BBF01274FF48037DF
S214005CB00F204FF47020164BDFE71A6822EA000226
S214005CC03A431A602AF033FA054600288CD0083684
S214005CD044EA06102A460321C0B2FFF7F1FE40F65A
S214005CE0FF73684300F2FF70B0FBF3F080B27CE70E
S214005CF095427FF479AFC8E7AD5C0020AE5C00202B
S214005D00DC6B00206450040028C3035020C30350FB
S214005D1024C3035010B5044C237823B9034834F049
S214005D206BFE0123237010BDB05C0020645004009D
S214005D302DE9F0431F4C85B0074688469146FFF78D
S214005D40E9FF23781BB902F099F9012323707BBA87
S214005D50ADF80C3030220023174E02FB03F4315D01
S214005D60A51901BB012333554FF0FF3304F1100092
S214005D7012493044AB606F80C5F80480C5F80C90BB
S214005D8009F00EFC04F10801042231440C4B009586
S214005D9003A802F049FAA96802460A4814F030FC43
S214005DA005B0BDE8F0830133102BD6D1064814F0B9
S214005DB027FCF5E7AF5C0020802800205301030095
S214005DC06501030003B2030031B2030080B102781C
S214005DD0A2F14103032B0BD840783038C0B2082814
S214005DE006D8054B134413F8413C40EA032070479D
S214005DF04FF6FF70704700BFDC4D040008B50B4639
S214005E0042B101460448006803F052FBBDE8084072
S214005E102AF004BA022008BDE466002008B50B4646
S214005E2042B101460448006803F0CAFCBDE80840D9
S214005E302AF0F4B9022008BDE4660020F0B500267A
S214005E40124F8DB0FF2300930A223346386802A90A
S214005E502BF04CF9C0B102AB1D4603EB800404E006
S214005E6055F8043BB34228BF5E1CAC423868E9D9FB
S214005E70296803F02BFE0028F2D02D28F0D00DB0B4
S214005E80BDE8F0402AF0CAB90DB0F0BDE4660020C7
S214005E9028B1034B0360034B4360002383607047C5
S214005EA0190000038C660020FF2307B50021044A72
S214005EB00093083009F0F8FA03B05DF804FB00BF61
S214005EC03F0203000B460449024608680349097866
S214005ED008B12AF0DBB970478C2B0020B25C00209A
S214005EE0F7B50C4618B12921194834F0DCFD2468B2
S214005EF023685E795F8830463946FFF7E3FFF0B1E6
S214005F008568E5B1A089227D3946904291BF002080
S214005F10801AA36880B294BF03469B18E27C009068
S214005F203046A8470138032803D8DFE800F0080FFA
S214005F300B0D002420462EF00BFC204600E08120AE
S214005F4003B0F0BD8024F5E79324F3E78724F1E758
S214005F5059B20300F8B515460D4A044610680D4AB6
S214005F600B46117850B122462AF090F9034628B124
S214005F7000210C27C678B14201DB0020F8BD07FBE4
S214005F8001F45A681019125BAA42F7D00131F2E701
S214005F908C2B0020B25C002008B5034B1B6803B1B5
S214005FA09847002008BD00BF882B00202DE9F74F3A
S214005FB004460D460026454B454F1860454B197064
S214005FC033010021F85C013610F03EFB0C2EF7D1B1
S214005FD00C2D28BF0C254FF0000901953C4EDFF82C
S214005FE000A13D4DDFF8FC80019B4B4502DC03B071
S214005FF0BDE8F08F23784FF0000B33706388738012
S214006000A388B380A379C6F80880B371E379C8F88B
S214006010005088F804304FF00003A768A8F8063050
S214006020E3795B450ADC012116F8100B10F00CFB37
S21400603008F1080809F101090C34D5E74FF0000310
S21400604038886B812880FB784FF0000C2B81BA785B
S214006050C5F804A0002A00920CBF802240222A73B2
S21400606079680AF10C02634513DC03EB43030AEB81
S214006070830ABB6843B1009A4FF6FF71B2FA82F208
S214006080164B52092EF0F4FA14350BF1010B0C37AF
S214006090C6E7B1F800E00CF1010C22F80CEC91F820
S2140060A002E00C3202F816EC91F804E00C3102F82B
S2140060B015EC11F809ECBEF1010F14BF4FF0100EED
S2140060C04FF0110E02F814ECCDE700BF8C2B002029
S2140060D0C4420020B25C002090310020E15E000047
S2140060E0902B002010340020014B1860704700BF32
S2140060F0842B0020014B1860704700BF882B0020BF
S21400610070B5128805460E46FFF724FF044670B1A8
S21400611002790499806815F0D7FB064B1B680BB90B
S214006120002070BD3146284622889847F8E786202A
S214006130F7E700BF842B002008B50FF021FB0228EC
S21400614006D0012806D0044B18784000C0B208BD1F
S2140061500120FCE70220FAE7B15C0020054B10B5F1
S2140061601C682CB1FFF7E8FF2346BDE8104018472F
S21400617010BD00BF802B0020014B1860704700BF89
S214006180802B0020034B1A781AB901221A700BF0E4
S21400619057BB7047B15C00200022024B1A70FFF715
S2140061A0DDBF00BFB15C002037B50446002836D0FE
S2140061B00FF0E6FA022834D160892EF02BFEE07943
S2140061C0237A003818BF0120012B637A08BF40F0FD
S2140061D008000BB140F0100063890BB140F00400DA
S2140061E0257CA188A2790DB1E36893B90F4B10F016
S2140061F007FE2178084610F07FFE2EF034F904469C
S21400620010F038FE7CB100280CBF0020032003B03D
S21400621030BDCDE90035064B10F0F2FDE9E702206F
S214006220F5E70120F3E72046F1E700BF240304006A
S214006230EDD2030008B50DF061FC014630B104480C
S21400624014F0DEF9BDE808400DF0FCBF08BD00BF45
S214006250CBB20300034B044A5B7C0121032013707E
S214006260FFF7DCBD78660020B35C002010B504465E
S214006270FFF7F0FFB4F57F4F0BD100240F4B1A88C1
S21400628013449C70FEF7E6FE2046BDE81040FFF77C
S214006290FFBB4FF601739C4204D1BDE8104008488E
S2140062A029F0CBBE4FF602739C4205D1BDE81040E4
S2140062B0044B1878FFF790BB10BD00BF2457002092
S2140062C078660020216C002010B5074C012122467C
S2140062D00320FFF793FD28B92378044A003B18BF34
S2140062E00123537410BD00BFB35C00207866002005
S2140062F0F8B5574B574C1A884FF6FF739A4218BF9B
S21400630003234FF0080218BF2370534B32251A7030
S21400631030229A705A7139229A713122DA713522F6
S2140063205D70DD7036251A724FF400121D714B4DEC
S2140063304264C5644A4D012205654A4D8618856546
S214006340494DC667C565494D494E4566494D80F875
S21400635048208566484D80F854200567474D80F8EC
S21400636060204567202580F8785080F8845000F13A
S2140063702105C0F88850424D80F86C20C0F88C503B
S214006380C0F8806080F89020C0F89440C0F8B8301C
S2140063903C4B3D4CC0F8BC300223C0F898403B4C08
S2140063A080F8C030C0F8A4400F24394B80F8A840CD
S2140063B0C0F8C430374B384CC0F8C8308223C0F819
S2140063C0AC40364C80F8CC30C0F8B0400924344B92
S2140063D0344DC0F8D030344B80F8B440C0F8D430D8
S2140063E02C7C324B80F89C20C0F8A00080F8D82087
S2140063F0C0F8DC3044B12E4B80F8E420C0F8E03022
S21400640005F11103C0F8E8304FF0000CCA798E6829
S21400641002EB42039F00443006EB830326F807C0D6
S214006420586001200D349870DC701318CB71FFF79C
S214006430C1FAFFF749FFFFF77FFE012806D12B7C44
S21400644023B1BDE8F840174829F0F7BDF8BD00BFF6
S214006450D46B0020226C0020B45C0020F54D0400B4
S21400646001002000F44D040002002000F34D04005B
S2140064700500420003002000F24D04000400420024
S21400648007003000FDFF210012001001004042000E
S214006490F04D040000FF4401E04D040006004200F9
S2140064A0245700207866002002FF2001216C00207F
S2140064B001FF100113B504460D4829F025FD64229E
S2140064C0C0F30F43637083B2B3FBF2F3A07823707C
S2140064D02022012129F0FCFEA0782122012129F0AA
S2140064E0F7FE0449201D02B0BDE8104029F0AABE00
S2140064F0D46B0020E09304000B7870B583704CF6E4
S2140065001E0303804FF02013C362012380F830304F
S21400651080F83C30C3180364124B044643640223DD
S214006520114A80F84830114B8263C3644063CA79CD
S2140065308D6802EB420305EB830004F12C064660EF
S2140065400B4E45F8236000238360531CCB71094B28
S214006550201DC4E90134FFF7A7FC2046BDE87040C3
S214006560FFF7A8BFFDFF210021002000F64D040024
S21400657001000103B5640000F8B54FF6FF739942B9
S21400658004460E4609D0B0F87E308B4205D04FF652
S214006590FE729142037B01D10BB9F8BDEBB12046E8
S2140065A029F073FF204629F033FF4FF6FE739E4214
S2140065B013D1A068FEF714FD6068FEF711FD29F000
S2140065C04AFE00232373A0674FF47F4260784FF49F
S2140065D08171BDE8F84029F07BBEB4F87E50237B7D
S2140065E0B5422CBF02250125AB4218D0D4E90107DD
S2140065F0637B13B13B4607461846012D41D1FEF793
S214006600CBFC3846FEF7ECFC29F025FE4FF47F4223
S214006610A0674FF481716078257329F059FEE389ED
S214006620A4F8806004F1B4060BB9238A7BB3B4F8EF
S2140066307E30A4F8883029F00EFE012DB4F87E30A6
S214006640B4F88020C4F8840038D1D31A022DE1892A
S21400665003D1208A002818BF0146594364235943B2
S21400666042F21073B1FBF3F10AB19A4201D101F67E
S214006670B831304629F0E6FD2046BDE8F84029F05E
S2140066800FBFFEF7ADFC3846FEF786FCBCE742F2CD
S2140066901072012D08BF1346A4F87E3014BF0023E5
S2140066A0642360784FF48171A375082229F010FEE8
S2140066B03046BDE8F840024929F0C4BD9B1AC5E73C
S2140066C0E0930400094A437B0C211370C38953806E
S2140066D0038A9380438AD380838A1381B0F87E30FE
S2140066E0538100781130C0B2FFF798BBA657002040
S2140066F038B5044600780D4D11302A460C21C0B23C
S214006700FFF77CFB80B92B78204663736B88E381A8
S214006710AB882382EB8863822B89A3826B89A4F8DB
S2140067207E3029F03FFEA07538BD00BFA65700207A
S214006730024B53F8200029F05EBF00BF70340020E3
S21400674010B50446052923D8DFE801F003080C221B
S2140067502210204629F044FF002010BD204629F0D4
S21400676043FFF9E7204629F042FFF5E7E18911B932
S214006770218A0029F0D082B17BB1117864290ED825
S214006780204629F02CFE0146204629F01AFFE3E7B2
S214006790044813F035FF0120DFE70320DDE7022081
S2140067A0DBE700BFF8B2030010B4054C114654F8FE
S2140067B020001A46BDF804305DF8044BFFF7C0BF52
S2140067C07034002000234FF0967210B5C0E9032302
S2140067D03222044682750F4A8382C267C0F884302C
S2140067E0A0F888308367A0F880308C30FFF75CFB19
S2140067F0094B04F1B400C4E92334FFF755FB074BFB
S21400680004F1DC00C4E92D34FFF74EFB044BC4E969
S214006810373410BDFFFF8813D1050300DD040300E5
S214006820C504030038B504460B78294A43700D4664
S21400683042F82300FFF7C6FF2046FFF759FF4FF444
S2140068404013A3610123237784F8283084F834307A
S21400685084F8403004F10D0363641E4B1E4AA364A3
S214006860022322621D4A84F84C30626204F116024A
S214006870E2621B4A84F85830226304F10C02A263D9
S214006880184A84F86430E26304F10E022265164A60
S21400689084F87030626504F11002E265134A04F170
S2140068A01403226604F11202A266114A6367E266C6
S2140068B0EA79A86802EB420300EB830118344C60C7
S2140068C00C4C40F823400C4B8B60531CEB7138BDCE
S2140068D07034002002FF2101BD5C0020080020006B
S2140068E000FF300001FF100103FF210104FF21011A
S2140068F005FF210102010108A967000010B44FF44A
S2140069008274427B0C48013A012904FB020006D03F
S214006910022908D059B95DF8044B29F061BE5DF82C
S214006920044B29F061BE5DF8044B29F060BE0348B5
S2140069305DF8044B13F064BE9018002014B30300F7
S214006940B0F85C302DE9F0418B4204460E4639D053
S214006950437B077C93B31C4A12789A422ED34FF49B
S21400696082751A4A013B05FB032390F80F801B7BB8
S214006970424629F059FEB845054601D1FF281FD1E9
S2140069803A463146204694F8903029F04DFE2F4680
S2140069900546552212216078A4F85C6029F098FC20
S2140069A0FF2F03D039462046FFF7A8FFFF2D09D05A
S2140069B029462046BDE8F04129F076BEFF25DFE7F0
S2140069C00746E6E7BDE8F081A65C002090180020A8
S2140069D041688268C978D27849B112B10321FFF7BD
S2140069E0AFBF837B002B0CBF01210221F7E72AB142
S2140069F0837B002B0CBF02210121F0E7014813F036
S214006A00FFBD00BF25B30300037BD3B14368DA782C
S214006A1012B18268D278A2B91B7933B1837B002B7E
S214006A200CBF04210521FFF78BBF83681B792BB1B0
S214006A30837B002B0CBF05210421F4E7014813F0EB
S214006A40DFBD704757B30300084A437B0521137028
S214006A50837B5370C37B9370037CD370037B13716B
S214006A6000780E30C0B2FFF7D9B900BFBE5C002078
S214006A7038B5044600780C4D0E302A460521C0B2C3
S214006A80FFF7BCF920B1BDE83840084813F0B8BDA0
S214006A902B7863736B78A373AB78E373EB7823740C
S214006AA02B79237338BD00BFBE5C002093B3030070
S214006AB0024B53F8200029F041BE00BF9834002056
S214006AC0F8B504460B78424A43700D4642F8230058
S214006AD0404E29F051FEFFF7CBFF6268A3683E48A0
S214006AE03E49D6641165D4655065C3E91410DE646A
S214006AF0DC654FF0987302266361012304F10C01F4
S214006B00E16137491032216204F10D01A162354975
S214006B102376E16204F10E016163334984F8243080
S214006B20A16304F10F012164304984F830306164B8
S214006B3004F11001E1642E4984F83C3084F84830B2
S214006B40216584F85460A265E879A96800EB4002E4
S214006B5001EB820704F1140CC7F804C04FF4817CE3
S214006B60244F41F82270C218D2B202EB420241F81A
S214006B7022C001EB820700227A601F4A84F8703038
S214006B8022661E4A84F88830A2661D4A1D4BE266BD
S214006B901D4AC4F88C3062671C4A8319A26704F148
S214006BA05C02C4F88020DBB2194A03EB4303C4F846
S214006BB0842084F8646084F87C6001EB830260348F
S214006BC05460144A033041F82320E871F8BD00BF32
S214006BD098340020D1690000FF060300096A00000F
S214006BE00100200102001001030030010400300102
S214006BF00500210101FC01064A002100F84D0400B1
S214006C0051001000FA4D0400FB4D04005500210011
S214006C106F0018001200010470B50D4606461446B3
S214006C2013460A4601461A4813F0EAFC25B92046E0
S214006C30BDE87040FFF71ABB072D05D12146304648
S214006C40BDE8704000F0C4BC4FF601439D4205D13C
S214006C5021463046BDE87040FFF72ABF062D05D115
S214006C6021463046BDE8704000F066BAB5F5817F33
S214006C7005D121463046BDE87040FFF759BD202DAE
S214006C8004D12046BDE8704000F0ECB870BD00BFEF
S214006C90C2B303000148FFF727BA00BF196C000013
S214006CA04FF4C01330B5036001230371074B8C68A3
S214006CB08360CA7902EB420304EB830568600448EC
S214006CC044F82300531CCB7130BD00BFFC4D0400BC
S214006CD0040001010368064A0C21136043685360F0
S214006CE003891381438922205381FFF797B800BF99
S214006CF0C034002010B50368044686B0FBB11148C6
S214006D0013F07EFCA37B104A8DF804304FF4827398
S214006D10ADF806300123CDE90223002301A8049331
S214006D208DF81430FFF740FA2046618929F034FDCB
S214006D302046FA2150F8143B594329F083FA06B04E
S214006D4010BD00BFF5B303002000000110B5064CCF
S214006D50236843B1054813F053FC2068BDE8104093
S214006D60418929F019BD10BDCC34002016B40300AB
S214006D7070B5364910460C68BDF81020002C5ED061
S214006D8003285CD8DFE800F0021E2745002B5AD007
S214006D90022A58D91D78B3F80160291E18BF0121B0
S214006DA032462B4813F02CFC2DB13146204629F0F4
S214006DB0F3FC002070BDE573FA206368584329F0A1
S214006DC0C8FAF6E7234813F01BFCE37B002B38D009
S214006DD00023E373F0E7002B35D0032A33D91D6870
S214006DE01D48294613F00CFC1C4B2A1F9A4201D959
S214006DF00220DFE723680BB19D42F9D823899D4224
S214006E00F6D3E37B6560B3B9FA20684329F0A1FAAC
S214006E1011E0002BCED0012ACCD91D881048294677
S214006E2013F0EEFB002DE3D063689D42E0D8E37BD1
S214006E302581002BE8D12046FFF74CFFB9E701205B
S214006E40B8E70420B6E70320B4E700BFCC34002040
S214006E5039B4030070B403008FB40300FCFF6D0068
S214006E60BAB4030038B5154B1C6834B3F0B92168C2
S214006E70134813F0C5FB23683BB16268934204D203
S214006E80104813F0BDFB6368236004F11405284620
S214006E9029F0DDF9236823B1FA212846594329F061
S214006EA0D1F92046BDE83840FFF714BF032804D1C7
S214006EB06189054813F0A4FBF3E738BDCC34002005
S214006EC0E5B4030013B5030048B5030070B53E4BA8
S214006ED00D46044609781860002A6FD101231A4629
S214006EE0A1730021E1730121A1814FF46151C4E92E
S214006EF000132823354E22810C213246222063813E
S214006F00FEF77CFF60B9D6E900230AB19A4207D3A0
S214006F10318999429FBFC4E9002373892181638127
S214006F202B4B2C4AE363042384F8403084F84C301F
S214006F30E3182365284BA2646365022304F1080264
S214006F40E265264A84F85830226604F10A02A266F0
S214006F50234A84F8643084F8703004F10C03E26647
S214006F6063676464EA79A86802EB420300EB830176
S214006F7004F13C064E601B4E40F82360FA261A4B7E
S214006F801A488B60531CEB71FFF7B4F8208904F1A4
S214006F901405704329F0DDF96189204629F0FCFBD1
S214006FA0134B2846C4E90534FEF77EFF216849B135
S214006FB028467143BDE8704029F044B94FF4F07399
S214006FC002228DE770BD00BFCC340020C034002004
S214006FD0000023010100230002002100030021011C
S214006FE0FDFF210020000105716D00004D6D0000C1
S214006FF0F56C0000134B10B51C680CB3E37BEBB1CB
S21400700029F029F92369C01A002809DB0E4813F075
S214007010F7FA0023FA20E3736368584329F099F9D6
S214007020E37B5BB12489FA235C4329F09DF9A042F7
S21400703006D02046BDE8104029F08BB96468F2E718
S21400704010BD00BFCC34002075B5030038B5002451
S214007050044D55F8040B08B129F0B1FB01340A2C95
S214007060F7D138BDD0340020042908B50AD172B152
S2140070706BB113781BB929F0CDFB002008BD29F0B1
S214007080BFFBFAE7034813F0BBFA0120F6E703203C
S214007090F4E700BFAFB5030010B4054C114654F832
S2140070A020001A46BDF804305DF8044BFFF7DCBF3D
S2140070B0D03400200229024608B50ED004D839B9CB
S2140070C0104629F0A7FB06E04029F9D0412907D150
S2140070D0104629F095FB002008BD29F0A5FBFAE72D
S2140070E0024813F08DFA0120F6E700BFCFB5030083
S2140070F010B4054C114654F820001A46BDF804306A
S2140071005DF8044BFFF7D6BFD0340020426B094B26
S21400711052791A7082785A70C2789A70826B12B15D
S21400712090F83C20DA70007804210930014AC0B299
S214007130FEF774BEC35C0020024B53F8200029F013
S2140071408FBB00BFD034002038B504460078084D09
S21400715009302A460421C0B2FEF750FE30B96B78DB
S214007160A370AB78E370EB7884F83C3038BD00BF92
S214007170C35C002038B504460078114D09302A4615
S2140071800421C0B2FEF73AFEC8B9A3782A78022BCB
S2140071900CD004D863B9204629F03CFB01E0FF2B55
S2140071A00AD02046BDE8384029F009BB002AF2D1B3
S2140071B0204629F025FBF4E7002AF9D1EBE738BD95
S2140071C0C35C0020F8B504460B78284A0D4642F802
S2140071D023004370FFF7B8FF636B254A5C631A63AE
S2140071E02046FFF7C7FF204629F0E9FA4FF4801340
S2140071F063600123626BA66B0532E2601D4A237250
S2140072002261A21C2375A26166B11B4A84F8203055
S214007210E261E21C6262194A84F82C3004F13C03F5
S214007220A26223630627EA79A96802EB4203002ECE
S21400723021F8237001EB83000CBF02230423C370E4
S214007240012383700E4B04348360531C4460DBB20E
S2140072500C4C03EB430341F8234001EB830000236F
S2140072604360094B02328360EA71F8BDD0340020D7
S2140072703D0803000340300101FF300102FF10010A
S214007280F1700000080001009970000028B1034B5F
S2140072901B78834234BF002001207047A85C002082
S2140072A070B500250A4C0B4E3378AB4200DC70BD3F
S2140072B0D4F8A42042B123791BB16079FFF7E6FF2A
S2140072C010B9104628F0AAFE0135A834ECE700BF36
S2140072D0581E0020A95C002008B5427901461046D9
S2140072E0FFF7D4FFA8B1CB780A48013A042B00EB8D
S2140072F082100ED8012B08D81BB9BDE8084029F02B
S2140073007FBABDE8084029F085BABDE8084029F0F4
S2140073108BBA08BD581D002008B5427901461046B4
S214007320FFF7B4FFA8B1CB780A48013A042B00EB6C
S21400733082100ED8012B08D81BB9BDE8084029F0EA
S21400734069BABDE8084029F05BBABDE8084029F0F4
S2140073506BBA08BD581D002010B586B00446FEF76F
S214007360EBFE012830D1E278042A2DD8DFE802F0BF
S21400737013323403030061790846FFF787FF58B3DA
S2140073801648032A00EB811050F80C3C58791DD1A2
S214007390003818BF012063784FF480728DF80430EF
S2140073A04FF48273ADF806300623ADF8083001239B
S2140073B08DF80B3000238DF80A0001A8CDE90323D1
S2140073C08DF81430FEF7F0FE06B010BDB0FA80F06F
S2140073D04009E0E70020DEE70220DCE7581D002039
S2140073E010B586B00446FEF7A7FE012830D1E27835
S2140073F0042A2DD8DFE802F0131332030300617964
S2140074000846FFF743FF48B31548032A00EB8110F0
S21400741050F80C3C5B791DD11A1E18BF0122637808
S2140074208DF80A208DF804304FF48273ADF80630DC
S2140074300623ADF8083001234FF480728DF80B3028
S214007440002301A8CDE903238DF81430FEF7ACFE27
S21400745006B010BDB3FA83F25209E0E70222DEE777
S214007460581D002010B586B00446FEF765FE0128BC
S21400747012D16378094A8DF804304FF48273ADF860
S21400748006304FF48073CDE90223002301A804934D
S2140074908DF81430FEF788FE06B010BD0800070110
S2140074A010B586B00446FEF747FE012820D1627864
S2140074B0104B8DF804204FF4827294F8A01094F8C4
S2140074C0A10059701870ADF8062004934FF480722E
S2140074D00223094901A88DF81430CDE90212FEF7FF
S2140074E063FE94F8A130013B18BF012384F8A13055
S2140074F006B010BDC75C00200800050110B58378F3
S214007500044603B30379022B0AD142791046FFF7EB
S214007510BDFE28B10C48013A00EB821029F084F930
S214007520A379022B02D12046FFF716FF2046FFF76D
S214007530B7FF02236078A4F86C305522BDE81040EF
S214007540122128F0C5BE10BD581D00204388094AE8
S214007550082113808388538083681B8A938090F861
S214007560A03093718379D37100780430C0B2FEF7EF
S21400757055BC00BFB257002038B50D46044601780A
S214007580114813F03DF84FF602739D420ED10F4B93
S2140075901B782BB963712046BDE83840FFF7D6BF8D
S2140075A062790AB19342F6D20123F3E7B5F57F4F2D
S2140075B0F1D1204629F0D1F9A378022B0CBF012285
S2140075C00022A3689A70E6E7EBB50300A85C0020EB
S2140075D0024B53F82000FFF7CFBF00BFF83400205F
S2140075E038B504460078144D04302A460821C0B247
S2140075F0FEF704FC20B1BDE83840104813F000B890
S2140076002B8863806B88E978A380AA88A3681A828F
S214007610AB7984F8A030EB79A371094B1B780BB9D2
S214007620637138BD09B19942FBD9064812F0E8FFEC
S21400763023780133F4E700BFB257002005B60300F5
S214007640A85C00202EB60300F8B504460B78474A1F
S2140076500D4642F823004370FFF7C2FFA268444B72
S214007660D465D364434B02265365434BA11C136574
S2140076704FF44013E36001236161E1623F49103239
S21400768021632265211D3E4AA1633E483E4962654C
S21400769004F1A002A061E163E265E01C611D3B4AC3
S2140076A0206261643A483B492266A21D2374237710
S2140076B084F8283084F8343084F84030A16484F8A4
S2140076C04C6084F8583084F864306062A266E879CA
S2140076D0AA6800EB400102EB810704F10C0CC7F826
S2140076E004C04FF0060C2C4F42F82170C118C9B2E6
S2140076F001EB410142F821C002EB810700217960CD
S214007700264F84F880302767254F84F89830A7677F
S214007710244F254BE767254F84F8746084F88C6007
S214007720C4F89C3004F16C06831CC4F88470C4F85A
S21400773090601F4F1F4EDBB203EB4303C4F8946008
S214007740C4F8887002EB83067034746008261A4CFE
S21400775042F82340C31CDBB203EB430302EB830473
S214007760043042F823606160E871F8BDF834002008
S214007770B1080300FB080300FD74000001FF3001A0
S21400778004FF20011000300102FF200105FF300138
S21400779000FF300103FF2101070001084A00210015
S2140077A0FE4D040051001000004E0400014E04007F
S2140077B0550021006F0018001200010400239B6A88
S2140077C0B3F5804F03D21968064A914203D00023CE
S2140077D0037083607047012202709A689B6942605A
S2140077E0F7E700BF07B0CD5E024B034A1A602AF0E7
S2140077F0D8BC00BF0000002002020FF073B53F4B5C
S21400780004461A781AB102221A7002B070BDCDE989
S21400781000220028F9D001261E7033F04FF8384DAC
S214007820384B186017F0CEFC2B785BB902F0F2F9F3
S21400783040B935480823354A3549006801F038FE16
S21400784000B92E70334B5A68E260334A9A601A6E5B
S21400785022605A6E6260D3F87021A2601B6E5C04D0
S2140078602CD52E4AD368D807FCD42D4B1A68531C47
S21400787029D04FF4801393402A4A13660423294CD8
S2140078804FF0804223664FF48063236610232366FE
S2140078904FF400536846236601A92266636629F002
S2140078A074F8009B2366019B63662B78002BACD094
S2140078B0164B1A6822665B686366A6E71A4AD368A0
S2140078C0D907FCD4D1E7194B1B78002BD6D1184B1F
S2140078D05A68144B12B94FF480121A66154A526849
S2140078E012B94FF400121A66134B5B68002BC5D111
S2140078F04FF480020B4B1A66C0E700BFCA5C00203C
S214007900CB5C002030350020E466002034350020B3
S214007910007108000080004455CEAC000000044012
S214007920B06600200090004400000450C95C0020AF
S2140079300080055000C005500000065038B5224DA6
S21400794004462B78012B02D001232B7038BD00286B
S214007950FCD029F03FF8013009D029F03BF840F27E
S2140079600113984203D0194AD368DB07FCD4226877
S214007970174B1A6662685A66A268C3F87021E268F6
S214007980D40744BF00229A60124B1A68013213D102
S214007990114A127882B911494968C80748BF1A6067
S2140079A00F4A5268D10744BF01221A600D4A526836
S2140079B0D20744BF02221A6017F00CFC0A4B186864
S2140079C032F077FF0023C0E7CA5C002000000440C6
S2140079D000800044B0660020C95C0020008005508E
S2140079E000C00550000006503035002070B5002459
S2140079F0A36AB3F5804F23D21A68134B9A421FD15D
S214007A00124E337813F0FD0518D14FF48034104829
S214007A10FFF7F4FE032004F04FFC0E4B0320DC605F
S214007A2004F02EFC0C4B1C61AB6ADB6998470446DD
S214007A300748FFF783FF0CB901233370204670BD5B
S214007A404FF48174FAE700BF07B0CD5EC95C002032
S214007A502035002000A000440090004413B5204BC1
S214007A601B7803B9FEE700231E4CCDE900336A46B7
S214007A7008231D49206801F01BFDF8B91B4AD2F8FF
S214007A804031D2F840211F2B4FF0010311D9203A84
S214007A909340019A1A43019208236A4612492068C5
S214007AA001F08EFE124B134A1A602AF07AFB02B0DF
S214007AB010BD9340009A1A430092EDE72D28F1D1AD
S214007AC00A4AD2F84031D2F840211F2B4FF001036A
S214007AD085BF203A93409340019398BF0093DBE71D
S214007AE0CA5C0020E46600200071080000800044A4
S214007AF0000000200B020FF038B50025AB6A0446E4
S214007B00B3F5804F10D21B6BB3F5804F0CD20748ED
S214007B10FFF774FEAB6A20461B6B5B689847BDE8B0
S214007B2038400248FFF70ABF38BD00BF3C3500208A
S214007B3013B50024A36A0190B3F5804F13D21B6BD4
S214007B40B3F5804F0FD20948FFF758FEA36A01210C
S214007B501B6B01A89B69984704460448FFF7EEFE96
S214007B60204602B010BD4FF48174F9E73C35002082
S214007B7070B50026B36A0446B3F5804F0D4612D2A0
S214007B801B6BB3F5804F0ED20848FFF737FEB36A7B
S214007B9020461B6B29469B69984704460348FFF717
S214007BA0CDFE204670BD4FF48174FAE73C350020C8
S214007BB070B50026B36A0446B3F5804F0D4612D260
S214007BC01B6BB3F5804F0ED20848FFF717FEB36A5B
S214007BD020461B6B2946DB69984704460348FFF797
S214007BE0ADFE204670BD4FF48174FAE73C350020A8
S214007BF0F8B50027BB6A0446B3F5804F0D46164617
S214007C0011D21B6B7BB10948FFF7F8FDBB6A204613
S214007C101B6B324629465B6A984704460348FFF7C3
S214007C208DFE2046F8BD4FF40174FAE73C3500207F
S214007C3070B50026B36A0446B3F5804F0D4612D2DF
S214007C401B6BB3F5804F0ED20848FFF7D7FDB36A1B
S214007C5020461B6B29469B6A984704460348FFF755
S214007C606DFE204670BD4FF40174FAE73C350020E7
S214007C70F0B50027BB6A0446B3F5804F0D4616469E
S214007C80ADF5337D20D21B6BB3F5804F1CD2104868
S214007C90FFF7B4FDBB6A20461B6B40F2C1225B6A4D
S214007CA001A99847044630B10948FFF747FE204629
S214007CB00DF5337DF0BD836A32461B6B2946DB6AC1
S214007CC001A898470446EFE74FF40174EFE700BFBA
S214007CD03C35002010B50024A36AB3F5804F10D2BF
S214007CE01B6BB3F5804F0CD20748FFF787FDA36ADE
S214007CF01B6B1B6B984704460348FFF71FFE204686
S214007D0010BD0124FBE700BF3C350020F0B58FB066
S214007D10044601A80E461546FFF7EEFE9DF80C3009
S214007D20012B12D1B5F5402F27D8B4F5402F24D813
S214007D306319B3F5402F20D821462A46304613F063
S214007D4001FF002420460FB0F0BD0027BB6AB3F544
S214007D50804F15D21B6BB3F5804F11D20A48FFF740
S214007D604DFDBB6A2A461B6B314620465B6B984727
S214007D7004460548FFF7E2FDE4E740F20244E1E787
S214007D8040F20114DEE700BF3C350020F0B58FB0AE
S214007D90044601A80E461546FFF7AEFE9DF80C30C9
S214007DA0012B1FD1B5F5402F06D8B4F5402F03D8C8
S214007DB06319B3F5402F13D940F2024420460FB0A2
S214007DC0F0BDE258013225D104339D42F9D82A4647
S214007DD03146204628F02EFE0028EDD00024EDE7A0
S214007DE00023F2E70027BB6AB3F5804F15D21B6B62
S214007DF0B3F5804F11D20A48FFF700FDBB6A2A464A
S214007E001B6B314620469B6B984704460448FFF799
S214007E1095FDD3E740F20344D0E740F20114CDE7E6
S214007E203C35002070B58EB0044601A80D46FFF71D
S214007E3063FE9DF80C30012B22D144EA0503C3F300
S214007E400C03002B33D1B5F5402F04D940F2024481
S214007E5020460EB070BDB4F5402FF7D82544B5F5D2
S214007E60402FF3D8204604F5005428F0DCFDAC4241
S214007E7002D00028F6D1E9E70028E7D00024E7E79B
S214007E800026B36AB3F5804F14D21B6BB3F5804F50
S214007E9010D20A48FFF7B2FCB36A29461B6B20468D
S214007EA0DB6B984704460548FFF748FDD0E740F2ED
S214007EB00444CDE740F20114CAE700BF3C35002079
S214007EC0BFF34F8F0549064BCA6802F4E0621343BE
S214007ED0CB60BFF34F8F00BFFDE700BF00ED00E0B3
S214007EE00400FA0570B5D0B1C9B10E4E431E013973
S214007EF013F8014F2046325D02F00302012A11F802
S214007F00012F08BF04F12000B55C05F00305012D24
S214007F1008BF2032801A01D1002CE9D170BD0120A3
S214007F20FCE700BFD57504000348044A0449121A4A
S214007F30921028F0CBBD00BF34410000D0420000B4
S214007F40E463002008B5154B83F30A8800F030F888
S214007F50FFF7EAFF124B13498B4212D30020124B55
S214007F6012498B4218D3FCF7BDFE186850F8224021
S214007F70586840F82240013298688242F5D30C33A4
S214007F80EAE70022F8E71C6844F8220001325C6841
S214007F90A242F8D30833E4E70022F8E708000020FE
S214007FA0749A0400809A0400809A0400809A040060
S214007FB0124B134A70B59A60D3F88820114D42F4DC
S214007FC07002C3F888206FF0010205F5005422669F
S214007FD041F2FF7262660222C3F8D020BFF34F8FD1
S214007FE0BFF36F8F4FF44036032004F065F903208B
S214007FF0E66004F045F92E6170BD00BF00ED00E0BC
S2140080000040000000800044014B1860704700BF2D
S214008010B8660020054B1860054B1B6F03F007037E
S214008020032B01D130F0A2BD704700BFC066002010
S214008030008000502DE9F04104464FF001080C2561
S2140080400D4E0CB9BDE8F08194FAA4F0B0FA80F0B9
S2140080500F2808FA00F2C8BF103824EA0204CABF84
S21400806005FB006205FB0062B4325768002FE8D0BB
S2140080709168C0B2B847E4E74C35002008B50C4814
S21400808032F0BAFC192004F009F928B1192004F0DE
S21400809013F9192004F0F4F81A2004F0FFF828B1B8
S2140080A01A2004F009F91A2004F0EAF8002008BDA6
S2140080B0645004002DE9F0410E461746054618B3F5
S2140080C00F2923D80378DBB1013BDBB2022B19D88A
S2140080D0104AD35C6A78D340DB0717D50E4BD3F82B
S2140080E01043ACB932F0EAFB80463A4628463146A1
S2140080F002F042FE404632F0DCFB2046BDE8F0814E
S2140081007F23E7E70023E5E72224F6E72124F4E7C8
S2140081100224F2E7544E040000C0035010B5044693
S21400812010B30378E3B1013BDBB2022B1AD8104A36
S214008130D35C6278D340DB0718D532F0BFFB012250
S214008140617823788A4030214B4341F2100103F1D5
S214008150A04303F570335A5032F0ABFB002010BD3D
S2140081607F23E6E70023E4E72220F8E72120F6E76E
S214008170544E040010B5044610B30378E3B1013B37
S214008180DBB2022B1AD8104AD35C6278D340DB07E6
S21400819018D532F093FB0122617823788A4030218B
S2140081A04B4342F2100103F1A04303F570335A50DB
S2140081B032F07FFB002010BD7F23E6E70023E4E7D4
S2140081C02220F8E72120F6E7544E040038B50D4685
S2140081D0044618B311B30378E3B1013BDBB2022BBC
S2140081E01AD8104AD35C6278D340DB0718D532F031
S2140081F065FB30222378534303F1A04303F5703325
S2140082005B696278D34003F001032B7032F051FBB8
S214008210002038BD7F23E6E70023E4E72220F8E7C6
S2140082202120F6E7544E04002DE9F0410D4616468F
S2140082309846044600284FD000294DD001780029E2
S21400824040D04B1EDBB2022B3ED8254AD25C637868
S214008250DA40D20701D4FF2940D1022E01D9042EDC
S2140082603CD132F02BFB23780746FF2B05D0324655
S2140082702046296802F0C6FD28602B68013309D124
S2140082802378FF2B06D1174B6078D3F8241429F0F7
S214008290F8F9286029684B1C18D00C23124A03FBF7
S2140082A00122069BC2F8048093602378FF2B04D03B
S2140082B001230E4A8B40C2F82434384632F0F9FACD
S2140082C0002007E07F22C2E70022C0E7384632F0EF
S2140082D0F0FA2D20BDE8F0812220FBE72120F9E707
S2140082E0544E040000C003504C35002000D003500C
S2140082F008B502F037FD044B00F05530C3F82004F3
S214008300BDE80840FFF796BE00E0035008B502F04F
S21400831029FD044B00F0AA30C3F82004BDE808404D
S214008320FFF788BE00E003502DE9F04F14460546DF
S2140083300E469B46C36B87B001225B6902A9606844
S2140083409847EB6B01225B6903A93046984702A861
S21400835028F0BBFF074648B10023A37563754FF0AE
S214008360FF33A360002007B0BDE8F08F03A828F015
S214008370B9FF0123A375237E04EBC303DE611F84CC
S2140083806368B3420ED1206003A828F0CDFF4FF0FB
S214008390FF332075A360237D043B022B26D80023E1
S2140083A0A375DFE723681A1A53425341A37503A83F
S2140083B028F0BAFF237D834218BFA77503A828F0CC
S2140083C095FF074602A828F091FF874218BF0023B2
S2140083D003A818BFA37528F091FF074602A828F047
S2140083E08DFF87421CBF0023A375D4E703A828F09F
S2140083F07DFF80B1EB6B022230465B6904A998478B
S21400840004A828F082FF0346207D032839D8DFE839
S21400841000F03838040903A8F3E7CC22237E04EBE7
S214008420C3031A8401F06EFC109B187003A8277E05
S21400843028F050FF04EBC70787F82200237E03A826
S21400844004EBC303B3F8209093F8227028F04EFF95
S214008450804603A828F052FF8246B8F1000F15D0D8
S214008460EB6B022230465B6904A9984704A828F003
S21400847011FF6075637D6BB90023A3754FF000088C
S21400848038E0227E04EBC2021384CBE703A828F070
S214008490ECFEEEE794F81680B8F1000FEED0B9F1D6
S2140084A0000F09D1DFB10123E375637E002B4FD1A6
S2140084B0012F42D1677614E06B6C06EB0A015A4234
S2140084C086EA010010421CBF0022A2755A1E0A400E
S2140084D09B1A9945D0D8A37D002BE3D1CEE7E37D48
S2140084E043B94FF000084B4652463146284628F01E
S2140084F037FCA060A27D12B123694B4423611A4960
S214008500237E097899422AD901332376BBF1000FDE
S21400851027D032B3E37D23B3B8F1000F21D1032F68
S2140085201FD0A1684B1C1CD0109B224600932846E7
S2140085300123FFF7F9FEA07513E095F8343063B910
S214008540EB6A0133CFD1032FCDD10123A376C8E741
S214008550012FCFD0032FC4D1F7E79846C3E70023F7
S214008560A375A07DFFE600BF784E04002DE9F04F0E
S2140085700E46984600238BB004464FF0FF31104657
S21400858017468DF8133001F0A7FBB6F5801F20D2F2
S214008590314605AA04F1080028F0E9FD451C01460D
S2140085A003D1237CBBB92D2010E0384601F094FBA4
S2140085B00122394620460DF1130328F023FC00283B
S2140085C0EFD09DF8133088F8003000200BB0BDE8DF
S2140085D0F08FB01CE5D1E56A691C36D12046616A89
S2140085E028F004FB0546B31C18BF0123DFF8CC9027
S2140085F00193636A626C0293236805A902FB053A3D
S214008600E36B05225B695046984705A828F0F8FEFC
S21400861028F01BFF504628F023FF4FF0000B824641
S21400862001464B1C05D0636C81EA0A025B4213428A
S21400863011D02946204628F0D9FA029BAB422CD00E
S214008640BBF1000F2CD10546D3E72368ED1A636C07
S214008650B5FBF3F5C7E7484601F03EFB0DF1130303
S21400866049462046019A28F0CDFB034690B1B21C3D
S21400867003D0D9F80020B2420CD19DF81320039302
S2140086800D4B88F8002049461A68384613F05AFA07
S214008690039B9B46D9F80810C3E7BBF1000F82D0B6
S2140086A0B6F5801F91D2314698F800307A6804F10A
S2140086B0080001F03FFA88E7744E0400283D0020C9
S2140086C02DE9F3410446174698460E46184D816A32
S2140086D0E36A8B4201D04B1C02D102B0BDE8F081A8
S2140086E0284601F0F9FA0122294620460DF1070333
S2140086F028F088FB38B14346294620469DF80720D7
S214008700B8470028E9D0A9684A1C04D16968204601
S21400871028F0F9FA0146012EDAD16B6881EA0302E5
S214008720636C5B421A4218BF4FF0FF31D0E700BFC0
S214008730FC3C00202DE9F04F4FF0FF334FF6FF7260
S2140087400025044600F10806C0E909238BB0C36281
S214008750056205633046884628F0DAFC204628F095
S21400876015FA60BB2046414628F090FA204628F0CD
S2140087700DFA60BB5E200BB0BDE8F08F2368E26B9D
S214008780606C576900FB0530052205A9B84705A8A7
S21400879028F036FE012807460CD12946204628F048
S2140087A046FA012F024600D101322946204628F01B
S2140087B00CFA03E028F04EFE0028EED10135E369FE
S2140087C09D42DBD3204628F0E1F90028CAD00025D8
S2140087D04FF0FF394FF6FF73CA46A846C4E9085360
S2140087E0E36998450AD3A5EB0905012D2CD84FF669
S2140087F0FF72636A93423CD16720BCE72368E26B52
S214008800606C576900FB0830052205A9B84705A823
S21400881028F0F6FD834605A828F0C9FD0746584609
S21400882028F013FE68B1574538BFC4F82480B94510
S21400883028BFB946BD4238BF3D46BA46236A013313
S214008840236208F10108CBE74FF6FF730025636249
S214008850E3699D42CBD2676C2068E36B052207FB79
S21400886005005B6905A9984705A828F0A0FD013515
S214008870EEE7E26B676C2068694607FB0300556904
S2140088800522A847684628F092FD626A2368606C55
S2140088904B4D00FB023028F0E3FD4FF0FF33A062A3
S2140088A0E3622A466FF00101204605ABFFF75EFE45
S2140088B0002846D1AD6829462046E56228F042F9F0
S2140088C0206320B92046E16A28F01DFAE0622946B6
S2140088D0204628F018FA0546A36A9D4233D1204662
S2140088E028F003F900278046B946E36999453CD34A
S2140088F0B84559D92046616A28F078F90026054619
S21400890004F1400AB74212D8626C2368694602FB3B
S2140089100539E36B05225B6948469847684628F0A8
S21400892046FD534602464946E06B28F09BFD294625
S214008930204628F05BF90136B0450546E2D16420B2
S21400894019E7A56AB7E72946204628F0FBF8236B07
S2140089502946034407462363204628F0D4F90546F3
S214008960002FB9D1C4E90B07B6E7636C256805226A
S21400897003FB0955E36B05A95B692846984705A8DC
S21400898028F03EFD28F061FD58B1284628F068FD25
S2140089900146204628F0D6F8636C143B984208BF80
S2140089A0013709F10109A0E7304628F0B1FB0023A2
S2140089B020461946034AFFF783FE0020DBE600BF89
S2140089C0543D0020F30D03002DE9F041036B904663
S2140089D0826B07689A4288BF8363426C436A90B092
S2140089E002FB0377C36B0E46052201A95B690446AA
S2140089F03846984701A828F003FD01280146307044
S214008A0057D0656CE26B2368606AD2F814C005FB29
S214008A100030052206A9E04706A828F0F1FC012848
S214008A204FF0000523D0D4E90A3201219342CDE964
S214008A300B458DF834800E958DF83C102AD11946DA
S214008A40204628F060F9236B626C14339B1AE062B0
S214008A5023630C9B53B99DF83C303BB1626A616C52
S214008A602368E06B01FB023128F082FC0C9DE36B6F
S214008A7005225B6901A93846984701A828F0C0FC82
S214008A8030702846236BA26B9A4288BFA36310B04F
S214008A90BDE8F081237C33B91C490BAA04F1080019
S214008AA001F096F8D5E72046194A0BABFFF708FE0B
S214008AB0CFE7237C23BB2246164904F1080001F0C9
S214008AC087F8616A204628F0B2F8616A421C2046A0
S214008AD028F07BF8054620B9236B626C1344143BE0
S214008AE023632046A16A28F00EF92368A062C01A04
S214008AF0636CB0FBF3F06062204628F047F9B6E7F7
S214008B0000232046044AFFF7DBFDDAE76D920000FB
S214008B10E99100008D0E0300290E030073B50D4683
S214008B20D11E4A421C461B7E4A419A4226D12968DB
S214008B302368994222D3636899421FD8114E0DF1DB
S214008B4007033246FFF712FDC0B972686B689A4297
S214008B5014D19DF80730DA1E53425341227E9342C9
S214008B600CD1636901336361D4E90323934205D2D0
S214008B702968A26842F8231001332361012002B05D
S214008B8070BD00BF543D00202DE9F04F9B4689B0D4
S214008B909DF848309046514A0193136907465B4555
S214008BA00D46C0F09580D94653680093B9F1000F82
S214008BB07BD0FB6B01225B6905A90098984705A846
S214008BC028F090FB454B1B68984240F0848005A82F
S214008BD028F094FB0428064615D105A828F095FB36
S214008BE0009B04461E44019B002B3ED1804512D9B3
S214008BF01C46A8EB00083846009928F084F8A9EB34
S214008C0004090090D2E7FB6B02225B69009806A974
S214008C10984706A8E2E7A0EB08045C4528BF5C4638
S214008C20032C4644ABEB040B1DD9FB6B29463046A0
S214008C305B69A208984724F0030304F0030A1E4465
S214008C401D44DDF80480BAF1000FD4D0FB6B01227E
S214008C5006A930465B6998475246284606A912F090
S214008C6071FF5544C7E7A246EBE7824600F00303D0
S214008C7002932B1803930644039BA6EB0A00A3EB70
S214008C800A05029B9A4514D1BAF1000FB3D0FB6BCC
S214008C90012206A95B6998475246284606A913F0A2
S214008CA00DF90028DDD04FF03609484609B0BDE87A
S214008CB0F08FFB6B012206A95B69984704222846C1
S214008CC006A913F0FBF80028EDD1AAF1040AD3E7B1
S214008CD04FF06309E9E74FF06F09E6E7803D0020B3
S214008CE02DE9F0410F4616469846044688B060B314
S214008CF090F83450FDB1012127F03DFF00210E9B76
S214008D00CDE90511CDE902379DF83C30CDF8048059
S214008D108DF81C30237C04968BB90D4901AA04F10A
S214008D20080000F055FFDDE90553E06B002E08BF94
S214008D301D4628F0B9F8284608B0BDE8F081204660
S214008D40044A01ABFFF7BCFCEDE70546F3E700BFBE
S214008D50570E03001D8B00007FB590F84260044656
S214008D6001920DF10B030A463046114928F0A4F88B
S214008D70012E0546E36B17D132465B6903A9984777
S214008D809DF80B10039B019A59B19BB243EA02432C
S214008D90012228460393E36B03A99B69984704B016
S214008DA070BD62F30F03F3E701229B6901A9F5E7A3
S214008DB0803D00202DE9F04F99B00E460D920A69CD
S214008DC0416C0B931439D31DB3FBF1F3013302EB63
S214008DD0C302036B04469342C0F001820023DFF80F
S214008DE004940893E36A48461946059300F074FF16
S214008DF0D6E9033707930B9B022B4DD1CC2F40F0BF
S214008E00D7810D9B3BB13146204628F0ABF8656C08
S214008E101490012044E00120079B656C1B681493A6
S214008E2000F0010000280CBF04230823782F0E93BF
S214008E3049D8059A6B1E1340ED1A3B1D9D423CD245
S214008E40002F3DD0082D3ED80023042506934FF072
S214008E50040A336806990B98C9F80030C9F81070F0
S214008E6028F066FA4FEA9A030F93059B89F81400D8
S214008E700393002309930C9304930A93616C039B5A
S214008E804A1E1A408B1A27B35544AB4223D8236B8D
S214008E905B1A134423632FE1782F656CB9D8F07DF5
S214008EA00D9B002BBCD0E36B01225B69706816A992
S214008EB0984716A828F01AFAB4E700250695C6E7DC
S214008EC004250697C3E7012300254FF0080A0693FA
S214008ED0BFE75345DBD3A3EB0A029742039BB84692
S214008EE028BF90469742534428D90122D9F810103B
S214008EF089F817208F4226D10399C9F804100492E6
S214008F0099F817200AB399F818100398CA1C09EBA9
S214008F10C202506004980131A2F80880907289F865
S214008F201810B8F1000F07D00B9A022A40F0818083
S214008F30099A72B1012209929B46ABE0049A002A74
S214008F4018BF0322DBE70222D9E7039AC9F80420F8
S214008F50E7E70C9A4244032AEED9E26B1846956975
S214008F6014A901220993A847099B05460028E1D0C9
S214008F703D2D40F01E8104F1080303932368059AF3
S214008F80606CA2EB030ABAFBF0FA00FB0A3028F08A
S214008F9067FAE16A8046204627F0B5FEA26A82425A
S214008FA000F00F81626CD9F80830511E0B40216B1F
S214008FB02768891A0B442363089BE062DF1BB7FB14
S214008FC0F2F7BA4540F0FA80059BB3EB080A12D0D8
S214008FD0E36B4FEA9A0241469B6998478346E36AE9
S214008FE0059A5344E362236B03989B1A4344236316
S214008FF028F08EF8DA462368616CE06B01FB0731D7
S21400900028F0A3F9204627F0C1FD204627F0BEFE33
S2140090102063BAF1000F00F0D4803269616CD31D72
S2140090201439B3FBF1F3013302EBC3029042A5D22D
S214009030BFE00D9A002A77D1B8F1030F4FEA9802E5
S2140090406ED9E16B18468D6907991093A847109B57
S2140090500546C0B918F0030515D0079A28F0030B8B
S21400906002EB0B019B444FF0FF3215A815922A46DF
S214009070109312F067FDE26B5846956915A9012218
S214009080A8470546109B9B46079A42440792002D28
S21400909040F08B80049B16A80193069B009399F8DA
S2140090A014204346316800F0CDFDE36B0F9A9B69B0
S2140090B0039816A99847039A051E089B18BF1346DF
S2140090C00893434652462046039927F049FE236BF1
S2140090D008F10302A3EB0A0322F003029B1AC9F865
S2140090E008002363002D7FF443AF0C9BA7EB080713
S2140090F043440C93CDF80CB02046039927F003FEAA
S21400910000250390002F7FF4B9AE364A3168936885
S21400911004F10800E36252680B9B00F00BFD49E087
S2140091209B46454607999EE79B4606F1200210920D
S214009130F27D7068A2B1002296F818C00A99D5B2DE
S214009140AC4511D9109D02F1010E35F832508D4212
S21400915028D90E9806EBC2020144D069084403E001
S2140091600E9A0A990A441044E26B15A95569012221
S2140091701193A847159A0A9B1392E26B04339569DC
S2140091805846012213A90A93A847119B054603EBEC
S2140091900802A2EB0B02042A7FF679AF28B90BF17E
S2140091A0040BC5E77246491BC9E7CDF820B088E72F
S2140091B070252F46384619B0BDE8F08F4FF0000AEC
S2140091C019E73269616CD31D1439B3FBF1F301332F
S2140091D002EBC302236B9342BFF404AEE9E71C27FD
S2140091E0E8E700BF283D0020032A2DE9F3410646A4
S2140091F00D4617461C4606D1237A012B23D00120A4
S21400920002B0BDE8F081DFF86080096842460DF1E3
S2140092100703FFF7ABF960600028EDD19DF8072043
S214009220237A032AE8D0D8F804106A689142E3D17A
S214009230012B2969D4F80CC007D172690CEB010325
S214009240934202D92074207CDAE708316144E16059
S2140092503B46012229463046FFF7ACFD60600028F9
S214009260CAD00020CCE700BF543D00202DE9F341D2
S214009270089C032A1746266806D1237A012B24D099
S214009280012002B0BDE8F081DFF89080304642460B
S2140092900DF10703FFF76AF960600028EDD1256835
S2140092A0D8F80400A96AD5F844C04840CCF10003B9
S2140092B01840227AE1D1012A09D1E268D8F81030A4
S2140092C013447269934202D92074207CD9E7286837
S2140092D0EB6A1B1A081AB3FBFCF3B0FBFCF08342E4
S2140092E00BD1706CF36A421E1340326B121A134491
S2140092F02846336327F007FDE862D8F81020E368B5
S21400930008321344E36001223B4604492068FFF715
S21400931051FD60600028B0D00020B2E7543D002028
S2140093202DE9F0410025604B0E46D3F80080044638
S2140093301D6018B921252846BDE8F08190F83470E4
S21400934007B30A6803689A4240F0A3804A684368F5
S2140093509A4240F09E808A6883689A4240F09980DC
S214009360CA68C3689A4240F094800A6943699A4280
S21400937040F08F808A69C36B9A4240F08A804B69BE
S2140093808361D8E768223946856B12F04BFAD6E936
S2140093900212336804F1080023607368A5636360F3
S2140093A0336963617369A36127F0C4FEB36904F18E
S2140093B04000E3639B68984720B9676C17B1636801
S2140093C0B3FBF7F794F84330E761002BB2D00023E5
S2140093D0656C2366002D64D0002F62D02368B3FB33
S2140093E0F5F205FB1233002B55D16668B6FBF5F394
S2140093F005FB1363002B4ED1204627F093FBA36991
S214009400043303449E4248D340F634726369CC3B2F
S214009410934244D8B5F5805F43D30321204627F016
S214009420AAFBD4E90001E36B1B6898470546E36B8B
S2140094300220DB689847CDB941462046FFF77AF907
S2140094406428054604D141462046FFF773F90546D1
S214009450666C5DB9236A2046143E5E4327F062FBC5
S214009460A369043303449E4238BF5A25002D0CBF1F
S2140094700123002384F8343007D1D4E900010B4AD5
S21400948013680133136027F0EFFEE06B27F00CFD46
S21400949051E75D254FE759254DE75A254BE75F25F0
S2140094A049E75B2547E700BFB8360020B436002002
S2140094B02DE9FF410C4616461F46054680B390F838
S2140094C034307BB3B1F5801F2ED2DFF860800121E7
S2140094D027F051FB2146424628460DF10F03FFF7C1
S2140094E045F8044670B99DF80F30012B11D1D8F815
S2140094F01030BB4212D10246009031462846FFF794
S21400950043FB0446E86B27F0CFFC204604B0BDE8DA
S214009510F081022B14BF2D246024F3E76324F1E7C7
S2140095202124F2E71124F0E72924EEE7803D00200D
S2140095302DE9F04385B00C4617461E460546DDF875
S214009540308098B390F8343093B3B1F5801F31D2A1
S214009550DFF86490012127F00EFB21464A46284694
S2140095600DF10F03FFF702F8044688B99DF80F3097
S214009570012B14D1D9F8102006EB08039A4213D316
S21400958000904346324639462846FFF7FDFA044621
S214009590E86B27F089FC204605B0BDE8F083022B77
S2140095A014BF2D246024F3E76324F1E72124F2E7B7
S2140095B01124F0E72924EEE7803D002073B50C4621
S2140095C01646054630B390F834302BB3B1F5801FFD
S2140095D024D2012127F0CFFA21462846104A0DF161
S2140095E00703FEF7C3FF044680B99DF80730032B38
S2140095F00CD0022B0CD12846094927F0B3FC30606A
S214009600E86B27F051FC204602B070BD2D24F7E72A
S2140096106124F5E72124F6E71124F4E72924F2E78C
S214009620803D00202DE9F3411E4600230C461746D8
S2140096300546336050B390F834304BB3B1F5801F15
S21400964028D2DFF85480012127F095FA21464246B9
S21400965028460DF10703FEF789FF0446A0B99DF8DA
S2140096600730032B10D0022B03BF01233B600423DB
S214009670D8F8103018BF38603360E86B27F014FC59
S214009680204602B0BDE8F0812D24F6E72124F7E756
S2140096901124F5E72924F3E7803D002073B504463E
S2140096A0056B27F03FFA636E03449D422CBF0023F0
S2140096B00123854294BF00252D1A207C84F8503063
S2140096C0656584F85800A8B100230C4E1A46194662
S2140096D02046009627F00AFD002305461A4619463E
S2140096E02046009627F00BFDE3682844984294BF76
S2140096F00020C01AE06502B070BD00BFFFFF0F007B
S2140097002DE9F3471E4643690446B342884617468A
S2140097109DF828904ED300258DF80750204627F058
S21400972001FAD4F830A082450AD2236AB5EB430F7B
S21400973006D2002220460DF10701FFF745F9B8B31F
S2140097409DF80730012B05D1002220460DF10701B8
S214009750FFF73AF9B9F1030F06D03146204627F055
S214009760D1F9256B854227D3144D4FF0FF3128469B
S21400977000F0B2FA4B46294600222046C5E9037699
S214009780C5F80080FFF716FB236E054663B120463A
S214009790FFF784FF94F8503013B994F858301BB193
S2140097A0236E04F150009847284602B0BDE8F087C3
S2140097B00135B3E76225F7E71C25F5E7543D0020A1
S2140097C02DE9FF410F4690461E46054698B390F891
S2140097D0343093B3B1F5801F31D21A4C022127F0F2
S2140097E0CAF92246394628460DF10F03FEF7BEFE9B
S2140097F0024678B10123424600933946334628464E
S214009800FFF77EFF0446E86B27F04EFB204604B0C9
S214009810BDE8F0819DF80F30012BEBD12169B142F4
S214009820E8D10093414633462846FFF7ADF9044693
S2140098300028DFD1E7E72124E8E71124E6E729241A
S214009840E4E700BF803D00202DE9F04790F8423065
S21400985086B0012B05460391A1EB020740F0AA80D3
S214009860FF2F03D81E464FF0640807E00226012BA0
S21400987014BF4FF032084FF06408013600244FF64C
S214009880FF79DFF844A195F84230012B14BF32234C
S21400989064239C4202D35FFA88F40DE005AB2246AF
S2140098A05146284627F03CFB95F84230012B059B95
S2140098B034D14B452DD1E4B295F84230012B14BF7C
S2140098C032226422121BB24217D3012E39D1002253
S2140098D0012B05978DF8132027D1082205A90DF135
S2140098E0130027F0D9FD9DF81330059A42EA0322AB
S2140098F021462846FFF730FA40B10223324900934A
S2140099002846CC23096803AAFFF7FAFE06B0BDE88E
S214009910F087DBB203B902340134B4E7591CCAD06D
S2140099209BB2002BF8D10134F6E7102205A90DF101
S214009930130027F0B1FD9DF81330059A42EA034262
S214009940D6E7039A012B059223D10823202205A9E6
S2140099500DF113008DF8133027F09EFD9DF81320AF
S214009960120221462846FFF7F7F995F84230611CA7
S214009970012BC9B21AD10028BFD12846BDF8142041
S214009980FFF7EAF90028B8D10234BDF81620E1B294
S214009990AFE71023202205A90DF113008DF8133030
S2140099A027F07AFD9DF813201204DAE70028A4D1E8
S2140099B0059A9EE7B7F5803F4FF00106BFF457AF14
S2140099C04FF032085AE700BF803D002070B586B0E1
S2140099D00E4605460392A0B390F834309BB3B1F51B
S2140099E0801F32D2022127F0C6F831462846184A90
S2140099F00DF11703FEF7BAFD044618B99DF81730A7
S214009A00032B0ED10223314600932846CC2303AA0B
S214009A10FFF776FE0446E86B27F046FA204606B0C7
S214009A2070BD022B0BD10A49284627F09BFA0399F2
S214009A3002468142EFD02846FFF706FFEAE7612498
S214009A40E9E72124EAE71124E8E72924E6E700BF4E
S214009A50803D0020F7B50C461646054668B390F8DC
S214009A60343063B3B1F5801F2BD2022127F083F880
S214009A7021462846144A0DF10703FEF777FDC0B9C4
S214009A809DF80730032B14D0022B14D10E4928461C
S214009A9027F068FA471C024639462846FFF7D4FEE8
S214009AA0044606B13760E86B27F0FEF9204603B09F
S214009AB0F0BD2D24F7E76124F5E72124F6E711240D
S214009AC0F4E72924F2E700BF803D002030B50C46BD
S214009AD0054685B028B390F8343023B3B1F5801F1F
S214009AE023D2022127F047F80DF10F03214628461E
S214009AF00F4AFEF73BFD034688B99DF80F20032A60
S214009B000DD003222146009202462846FFF7F8FDB4
S214009B100446E86B27F0C8F9204605B030BD2D2472
S214009B20F7E72124F8E71124F6E72924F4E700BF35
S214009B30803D00202DE9F043466886B305689846C8
S214009B404FF0000CA946AE4655F83C400CF1010C0F
S214009B50C4F31307013401D0B94217D0B4450EF14F
S214009B60080EF1D12F46002403E0B44207F108079F
S214009B7012D055F8343001340133F6D1C1F3130155
S214009B8041EA0851C7E90012BDE8F08341EA0851EE
S214009B90CEE90012BDE8F083B8F1030F03D101232C
S214009BA00372BDE8F083002303E0B34209F108091D
S214009BB0F5D055F833400133C4F30754032CF4D1E1
S214009BC0C1F3130343EA0853C9E90032BDE8F08342
S214009BD02DE9F0410646406882B0B8B10F4690467F
S214009BE00024336853F8345003EBC403C5F307521C
S214009BF0C5F31301013506D05B683046CDF800800A
S214009C00B84718B1706801348442EAD302B0BDE8A0
S214009C10F08100BF024B1968024B1868FFF780BB43
S214009C20C4660020E466002008B530F03AFE014B1A
S214009C30186008BDAC3D0020014B186830F02CBE03
S214009C40AC3D002073B504462248012A00EAC11143
S214009C509DF8185023F07C4007D9961E012E28D96F
S214009C60073303F07F03194308E09DF81C300A43CE
S214009C70DB0603F0C053134343F060410023C4E9FE
S214009C8000108DF80730B5B1202221460DF10700EF
S214009C9027F002FC1A220DF10700211D27F0FCFB1D
S214009CA0082063689DF8072043EA8263636002B079
S214009CB070BD1143E2E71B220DF10700214627F095
S214009CC0EBFB23689DF80720042043EAC263236069
S214009CD0EDE700BF80FFFF0738B5094B0D461A6851
S214009CE00021044611F09EFD00234FF0FF3223832F
S214009CF0C4E900252361A260E382A37638BD00BFD5
S214009D00744E04000138C0B205289ABF014B185C97
S214009D1001207047794E04002DE9F04107461546AC
S214009D2000240E46596888B0490A012922464FEA9F
S214009D30510104F10104F8D8DC78997824031B88D3
S214009D40C90201F4006104F480540C43C3F30A030F
S214009D505203234492B24FF000089C18274B6FEA38
S214009D600444039325F07843ED4302A90DF1070060
S214009D701B2202938DF8078027F08EFB9DF80720A4
S214009D80029B02A943EAC2630DF107001B2225F0DD
S214009D907845049302958DF8078027F07DFB9DF8A3
S214009DA00720029B6FEA144443EAC26305934FF010
S214009DB0FF330794069307A9BB69012206F110003A
S214009DC09847BB6905A90446012206F10800984792
S214009DD0BB69404518BF044604A90122301D9847B8
S214009DE00122404518BF0446BB69304603A9984780
S214009DF0404508BF204608B0BDE8F08101009AB291
S214009E0038B5104B0546D3F800310C4603F0030373
S214009E10022B0BD0032B0DD0012B0FD12EF0C0FE42
S214009E20032305B1286004B1236038BD2EF002FF7D
S214009E300723F6E730F048FD0623F2E7012300206B
S214009E40EFE700BF0080005038B5134B0546D3F847
S214009E5020010C4600F0070004281AD8DFE800F0BE
S214009E6003090D111500012305B1286004B1236014
S214009E7038BD2EF05BFE0423F6E72EF091FE03239A
S214009E80F2E72EF093FE0523EEE72EF085FE022382
S214009E90EAE700231846E7E70080005038B5104B85
S214009EA00546D3F840310C4603F00303022B0BD0D3
S214009EB0032B0DD0012B0FD130F008FD082305B180
S214009EC0286004B1236038BD2EF0B4FE0723F6E701
S214009ED030F0FFFC0923F2E701230020EFE700BF84
S214009EE00080005038B5104B0546D3F860310C465C
S214009EF003F00303022B0BD0032B0DD0012B0FD145
S214009F0030F0E4FC082305B1286004B1236038BDB6
S214009F102EF090FE0723F6E730F0DBFC0923F2E78D
S214009F2001230020EFE700BF0080005041F67132A9
S214009F3010B5104C104BA04294BF00240124D969E0
S214009F40DA639A6801F4803122F4401242EA04523D
S214009F509A600A4A90420A4AD2F818028CBF40F029
S214009F60020020F00200C2F8180209B10022DA63EB
S214009F7010BD00BF005A62020000035080F0FA02D3
S214009F8000C007502E4B98424AD022D82D4B9842FC
S214009F9040D014D82C4B984239D00AD82B4B984234
S214009FA032D02B4B98422FD02A4B98422CD00020F0
S214009FB07047294B9842FAD1284B186F7047284BA8
S214009FC098422AD0274B9842F1D1244BD3F88000F0
S214009FD07047254B98422BD009D8244B984223D063
S214009FE0234B9842E3D11D4BD3F88C007047214B8E
S214009FF0984221D003F5740303F510539842D6D146
S21400A000164BD3F898007047144B986D7047134B57
S21400A010586E7047114B586F7047104B986F7047CB
S21400A0200E4BD3F8840070470C4BD3F8880070476B
S21400A0300A4BD3F890007047084BD3F8940070474B
S21400A0400048E8010024F400C0CF6A0080841E00A7
S21400A05000093D0040420F00405DC6000080E00F52
S21400A060C0EA210180BA8C01007E560380D54302E7
S21400A070006CDC020090D00337B50C460021114B73
S21400A0800191D3F88031054603F00303022B0ED06E
S21400A090032B11D0012B03D101A8FFF7D5FE0D210C
S21400A0A00DB1019B2B6004B1216003B030BD2EF0D2
S21400A0B07DFD05210190F3E72EF06EFD0221019053
S21400A0C0EEE700BF0080005038B5104B0546D3F8C9
S21400A0D040320C4603F00303022B0BD0032B0DD0AB
S21400A0E0012B0FD130F0F2FB082305B1286004B134
S21400A0F0236038BD2EF09EFD0723F6E730F0E9FB1F
S21400A1000923F2E700231846EFE700BF008000505F
S21400A11038B5144B0546D3F800020C4600F007008D
S21400A12004281BD8DFE800F003090D1115000123F1
S21400A13005B1286004B1236038BD30F0C7FB0823A2
S21400A140F6E72EF077FD0723F2E730F0C2FB09238F
S21400A150EEE72EF00BFD0C23800AE9E700231846F5
S21400A160E6E700BF0080005038B5144B0546D3F82C
S21400A17008020C4600F0070004281BD8DFE800F0B1
S21400A18003090D111500012305B1286004B12360F1
S21400A19038BD30F09BFB0823F6E72EF04BFD072377
S21400A1A0F2E730F096FB0923EEE72EF0DFFC0C23F7
S21400A1B0800AE9E700231846E6E700BF0080005063
S21400A1C0032814D005D8012805D0022809D000207D
S21400A1D005E00F28FBD1084B186FC0F301300130A3
S21400A1E07047054BD3F89000C0F30460F7E7024BC6
S21400A1F0186FC0F38020F2E7008000501FB50023E0
S21400A2000193252817D8DFE800F0131A1D272C36EF
S21400A2103B51565B60656A78161A401616561A2722
S21400A2202C27361A5127783B3B3B3B2727275B607A
S21400A2302EF082FC0190019805B05DF804FB2EF02C
S21400A24095FCF7E72EF078FC02460220FFF7B8FFF1
S21400A250B2FBF0F20192EEE72EF088FC02460320F5
S21400A260F4E72EF083FC02460320FFF7A9FFB2FBBB
S21400A270F0F25208EEE7002101A8FFF7FDFEDAE74C
S21400A280002101A8FFF7E0FDD5E702934FF0E02399
S21400A2901B695B0705D52EF069FC0290029B0193B3
S21400A2A0C9E703A902A8FFF7F9FDF7E7002101A80F
S21400A2B0FFF7F4FDBFE7002101A8FFF713FEBAE79A
S21400A2C0002101A8FFF724FFB5E7002101A8FFF74A
S21400A2D04BFFB0E7002101A8FFF792FDABE7094B63
S21400A2E0D3F8803003F00303022BA8D0032B01D051
S21400A2F000209FE72EF05AFC9CE7002101A8FFF7FC
S21400A300E3FE98E70080005008B50120FFF776FFCF
S21400A310BDE808400349884294BF0121022103207A
S21400A32000F002B880F0FA02032810B50C4627D0D9
S21400A33004D8012804D0022817D010BD0F28FCD15D
S21400A34027F0C8F827F0CEF8124A013C136F23F422
S21400A350405343EA043313672EF008FC0021FFF74E
S21400A360E5FDBDE81040FFF7CFBF0A4A4C1ED2F805
S21400A370903023F0F85343EA0463C2F89030DCE7E9
S21400A380044A4C1E136F23F4806343EA8423136746
S21400A390D3E700BF008000501FB500230193252897
S21400A3A021D8DFE800F013202020202A2F454A4F2E
S21400A3B054595E7120203420204A202020202A2054
S21400A3C04520712F2F2F2F2020204F54314B1B6FED
S21400A3D003F00703013B032B05D8DFE803F00C026C
S21400A3E0080A04230193019805B05DF804FB0323D3
S21400A3F0F8E70623F6E70223F4E7002001A9FFF7B3
S21400A4003BFEF0E7002001A9FFF71EFDEBE70293F5
S21400A4104FF0E0231B695B0705D52EF0A7FB0B2347
S21400A4200393039BDEE703A902A8FFF737FDF8E7CF
S21400A430002001A9FFF732FDD5E7002001A9FFF7AC
S21400A44051FDD0E7002001A9FFF762FECBE7002010
S21400A45001A9FFF789FEC6E7002001A9FFF7D0FC97
S21400A460C1E70C4BD3F8803003F00303022B03D074
S21400A470032B05D00023B5E72EF078FB0B23B1E7BE
S21400A4802EF094FB0523ADE7002001A9FFF71CFE84
S21400A490A9E700BF0080005008B50320FFF790FE34
S21400A4A0034B187027F016F8BDE8084027F01AB8D6
S21400A4B0CC5C002010B504462EF058FB0021FFF7B8
S21400A4C035FD1CB1BDE81040FFF71EBF034B03204F
S21400A4D0BDE810401978FFF727BF00BFCC5C00200E
S21400A4E038B50546FFF74EFD204B04465A68012A4C
S21400A4F004D11F494A609A699207FCD10020FFF7F1
S21400A5004BFF042803D126F0E5FF26F0EBFF194A9F
S21400A51024F0407395421FD0174A95421FD0174A21
S21400A520D16811F0060FFBD19068936091684B409C
S21400A53013F4F81F16D12846FDF766FD0020FFF736
S21400A5402BFF042810D12EF011FB0021FFF7EEFCA4
S21400A550BDE83840FFF7D8BE43F00073DFE743F0AE
S21400A5608073DCE79060E9E738BD00BF00C00150AB
S21400A57000E0015040420F0080841E0000000150A1
S21400A58070B504460020FFF707FF03287CD045F689
S21400A5900E030221414AC2F88030414B99620121E4
S21400A5A003F580539962936DD903FCD4D4E9001364
S21400A5B01B0543EA0163E17B94F823500B43217BA0
S21400A5C043EA0143617B43EA0133A17B43EA8113FB
S21400A5D013619169D4E904031B0643EA806301F022
S21400A5E000410B43A17EE07E0B43217E43EA0143FC
S21400A5F0617E43EA01239361E169136A002923F02F
S21400A6000D0343EA010314BF0121002143EA80033E
S21400A61043EAC103136294F8203094F82200916A4A
S21400A6204FEA431331D194F8216021F0330143EA15
S21400A63006130B4343F0010393621A49174A936DBE
S21400A64031EA0303FBD10221154B9962936D5B003F
S21400A650FCD41369A16823F4700343EA0153136121
S21400A6604FF000420E4B9A6118B9022203F5805350
S21400A6709A6215B901220C4B9A6294F824301BB1E9
S21400A680064B0A4AC3F8802070BD21F033012943E7
S21400A6900B4343EA40039362EFE700BF00C000505D
S21400A6A000D000500300014000E00050F1A7FFFF7B
S21400A6B0014B93F900007047CD5C0020014B1880D9
S21400A6C0704700BFDE6B00200C4A10B513690446C5
S21400A6D043F0040313612EF0B9FD26F007FF084B84
S21400A6E0084AC3F8202430BF26F001FF02F066F9BE
S21400A6F01CB9BDE810402EF039BA10BD00ED00E0E0
S21400A70000E003500000FFFF034A0179D36E23F0F8
S21400A71030030B43D366704700400050F8B504463C
S21400A7200D461F4616464AB101238B403021184A73
S21400A73001FB0022F7B141F21001535004EB440331
S21400A740072D4FF00F014FEA031316D8A80006FA9C
S21400A75000F281400F48184426F0CCFE4EB9012383
S21400A76030210B4AAB4001FB042277B141F21001C5
S21400A7705350F8BD42F21001DFE7A5F10800800053
S21400A78006FA00F281400448E5E742F21001EFE7DE
S21400A79000C0035004C003500CC00350012200F553
S21400A7A0805310B55A60244B244AC3604369134053
S21400A7B0FCD18361C0F89830436913F4401FFBD185
S21400A7C04369DA052CD4836F53BB43699B0529D4B0
S21400A7D0D0F8883033BB0121C26FD0F88C2000F54A
S21400A7E000525160302183600361C36203620167D7
S21400A7F0C0F880101249884208D142F2600411491C
S21400A8008464016543658465016643660C49884235
S21400A81002D10020102B08D10B4B5362936210BD5F
S21400A820436FCDE7D0F88430CFE703F1280441F832
S21400A83024000133EEE700BF1200020052000100C0
S21400A8400040005A00C002808F330F80084608B5CB
S21400A85069B91820FFF7D2FCB0B10C4B984206D964
S21400A8600B4B9B68C3F302730133B0FBF3F0094B49
S21400A87000F5742000F23F20B0FBF3F001387F288B
S21400A88028BF7F20C0B208BD0120F0E7005A620250
S21400A8900040005A40420F000B4B10B5994228BFAB
S21400A8A019460C461AB91820FFF7A8FC0246631E84
S21400A8B01344B3FBF4F0A34228BF00F1FF30032893
S21400A8C028BF0320C0B210BD005A620210B510485F
S21400A8D0104C002B08BF04468C4228BF0C461AB901
S21400A8E01820FFF78BFC02469DF8083040F2FF3038
S21400A8F00133B2FBF3F2631E1A44B2FBF4F3A24236
S21400A90028BF03F1FF33984228BF184610BD00BF8A
S21400A91080969800404B4C002DE9F04F2DED068BAD
S21400A920B64D0C4616462946002285B00746FFF768
S21400A930B3FF94F805800122804538BF804607F5AE
S21400A94000535A6020795FFA88F850B91820FFF74C
S21400A95055FCA842014628BFB0FBF8F13846FFF781
S21400A96075FF4FF00009E37822781B01524202F08F
S21400A970020203F03003134362780004524202F0EE
S21400A98004021343A27800F4FE00524202F00802CA
S21400A99013434FEA087202F0E04213431843E38879
S21400A9A02289B8603B616389DFF85CA243EA024310
S21400A9B03B62574502D1B9F1020F08D1012307F5D2
S21400A9C080577B6005B0BDEC068BBDE8F08F00229B
S21400A9D035788B488B49B468954218BF01462B469C
S21400A9E08948CDF80080FFF771FF07EB09118B6CE3
S21400A9F0A2B223F0405323F4EE2323F01F0305F006
S21400AA0003041C43737882424FEA830303F01C035B
S21400AA1044EA0304B37838BF02461B03F07803F415
S21400AA20E0432343040404F4E024234334794FEA48
S21400AA30091C240704F0405423438B648C6C09F1F2
S21400AA40050BC4F30234013C7049042C26D8DFE819
S21400AA5004F0252503101A00D1F88041240C2DB3EC
S21400AA60C2F309020AEB0B135A6009F1010910360A
S21400AA709FE7D1F88441002DF2D1D1F88C11A4B211
S21400AA800914490015E0D1F88441002DE8D1D1F829
S21400AA908C11240C091401EB41010AE0D1F8804125
S21400AAA0A4B2002DDCD1DFED5A7A06E0D1F88C1185
S21400AAB0091407EE901AF8EEE77A01210CF1B44C6F
S21400AAC00CF5804C2304DCF8483024F4C045C3F36E
S21400AAD0820C0CF1010C01FA0CF107EE101A4FEA89
S21400AAE0854548BF45F0004513F01C0FB8EEC79AE1
S21400AAF0F6EE008A454B55D1D3F88C110BB208EE12
S21400AB00103AB8EEC88A38EE278A9FED42AAF7EECA
S21400AB10049A00285DD1039226F066FD07EE900A9F
S21400AB20F8EE677A87EE8A7AC9EE877A27EE888A01
S21400AB30039A9FED397AC7EE097A9FED387A67EE69
S21400AB40877AB1EE007AB5F1004F48EE077A0BD05F
S21400AB509FED337A06EE104A77EE876ABAEEE86A19
S21400AB60F0EE477A56EE267AF5EEC07AF1EE10FA57
S21400AB70CBBFF1EE677A78EEE78A77EEE87AFDEEFD
S21400AB80E87AC8BFFDEEE77A17EE901AB1F5003FF7
S21400AB902ADB6FEA55456FEA45451B484FEA0B111D
S21400ABA045505DE7D3F8901169EE286A09B207EEC2
S21400ABB0101AB8EEC77AD3F8881177EE677A0BB218
S21400ABC008EE103A87EEA67AB8EEC88A38EE078AFC
S21400ABD09BE7D6ED037AF8EE677A87EE8A7AC9EEB7
S21400ABE0877A27EE888AA4E711F5003FAABFC1F34B
S21400ABF0110145F400350D43CFE700BF005A62024D
S21400AC00404B4C00809698000040005A0080E00FB1
S21400AC100000000000007A4400008043000020444A
S21400AC200000004941F67132034BDA63012203F556
S21400AC300053DA60704700BF0000035041F67132DF
S21400AC400121044BDA6303F50052D1600022DA6377
S21400AC50704700BF00000350044B1868421C02BF38
S21400AC60034AD2F894001860704700BFE8660020D8
S21400AC7000400050CB784A7810B55B010C7843EA68
S21400AC8082030A79234343EA02130C22424302F169
S21400AC90B0421363012C02BF8A78024B43F820208F
S21400ACA010BD00BFD080035008B54FF0B0435A68BF
S21400ACB002B960B15B680BB126F0BEFC4FF0B04144
S21400ACC030B10120074B586026F0B6FCC86008BDBE
S21400ACD026F0B2FC0223CB6026F0AEFC0122024B2B
S21400ACE05A60F4E700100058002000584FF0B041BA
S21400ACF04B6810B50BB126F09FFC01220B4BC478B5
S21400AD005A608378934043EA840344782343047963
S21400AD1043EA0413447943EAC4038B60044B5A6045
S21400AD200378C3F10203CB6010BD00BF00200058BB
S21400AD3000100058054B5B69C3F38512827003F060
S21400AD403F021B0B42700370704700BF00C00750E5
S21400AD500120034B9B680A3303F01F03984070479B
S21400AD600080E00F034BD3F82424D3F820041040CF
S21400AD70704700BF00C003502DE9F8431E4B054640
S21400AD80D3F810334B1E0E2B0E46174690F8009045
S21400AD9044781DD909B34FF000082846D7B12FF0E4
S21400ADA09BFD09EB4903072C4FF00F014FEA0313F5
S21400ADB015D8A400114808FA04F2A140184426F059
S21400ADC043FCBEB928468FB1BDE8F8432FF084BDDA
S21400ADD08846E2E726F047FCE3E78846E1E7083CDA
S21400ADE0A400074808FA04F2A140E7E7BDE8F843E4
S21400ADF026F039BCBDE8F88300C0035004C00350F9
S21400AE000CC003502DE9F041204B1646D3F8102312
S21400AE104A1C05460C46407804D1D3F8241426F084
S21400AE2030FC0446002C2EDB072C14DC03274FEAEC
S21400AE3084082A7807FA08F73946154802FA08F20D
S21400AE4026F002FC6A78394602F00302114802FA3C
S21400AE5008F226F0F9FB012316F0050F0E4A18BF7C
S21400AE600E4903FA04F30CBFC2F81034C1F81034CC
S21400AE7016F0060F18BF094AC2F814340123064A12
S21400AE80A340C2F820342046BDE8F08100C003503D
S21400AE9000C4035008C4035000E0035000D0035021
S21400AEA070B504462AF0CFFF064630B90FCC044DE5
S21400AEB00FC594E80F0085E80F00304670BD00BF50
S21400AEC0B03D002047F6FF739A42F0B570D00229D5
S21400AED070D8394B5B5C022B6CD8384DDE0005EB26
S21400AEE0C304A77815F83330012F394638BF01213F
S21400AEF0012B16D1E078401A0021884205D8012F90
S21400AF002CBFC0190130C0B2F0BD431A6568A0EB73
S21400AF10530335F913509542D4BF194603F1FF3059
S21400AF20EBE760680028EFD0B0F90040944204DBFD
S21400AF30B0F902409442B8BF144683883544FF2BCC
S21400AF4019BFC8232827B0F90630B0F90870A3EB5C
S21400AF5004030CBF0122002293FBF7F36E78134420
S21400AF601BB29E4201DD002B01DA731E1BB24FF4AA
S21400AF707A7C00EBC305EA88AD685F1C14FB0252BE
S21400AF801D4622EAE2723BB25C329E42B2FBFCF203
S21400AF9004DD00EBC307BF889742EAD200EBC50387
S21400AFA09888904228BF1046884238BF0846AAE7CD
S21400AFB0FF20A9E70020A7E77F4E0400B03D002051
S21400AFC00229F0B560D8314B595C02295CD8304B69
S21400AFD013F83100012816D103EBC1039C78D8780A
S21400AFE0012C214638BF0121904294BFC1EB0001DD
S21400AFF0C1EB0201001BCAB28242C8BF00225B68D6
S21400B00033F91200F0BD002A3CD003EBC1035968A7
S21400B010002939D09878904202D3B1F90200F1E7BE
S21400B020DC78B1F900009442ECD95C788B88013C5E
S21400B030A3F1FF06734201F10405E4B2734101F186
S21400B0400C07DEB2B44216D805EBC3034FF47A758C
S21400B0506A43B3F902405B68D21A04EBD47302EB7E
S21400B060630292FBF4F29042CCDBB1F9020090420C
S21400B070C8DC10B2C6E737F833C05E1C9445E3D38D
S21400B0803346DEE70348BDE70348BBE77F4E0400D0
S21400B090B03D00200CFEFFFF0080FFFF08B504480F
S21400B0A0FFF7FEFEBDE8084001202AF0D2BE00BF32
S21400B0B0844E04007FB51422002101A810F0B2FBD4
S21400B0C0044B01A94FF0FF3002932AF008FF07B0A7
S21400B0D05DF804FB006A18002DE9F0418CB0884644
S21400B0E0DDE912761D460446002847D0002945D0E3
S21400B0F0002F43D0002E41D013F00F033ED120483E
S21400B1002049A360002A08BF01462362C4E9001351
S21400B110404609A926F047FB68BB204609992FF050
S21400B12036FC294620462FF032FC6946404626F07B
S21400B130C9FB00BB6946204626F0F4FB404603A93F
S21400B14026F0CBFBB8B9204603A926F0EBFB069702
S21400B1500127204645F0005506A90797089526F0D2
S21400B160E1FB204609A909960A970B952FF035FCB6
S21400B17020462FF0EFFB0CB0BDE8F0812120FAE767
S21400B18000010004000101042DE9F04F97B0894644
S21400B19090461F460546DDF880A0002800F0BB80DC
S21400B1A0002900F0B8803AB1229B002B00F0B38053
S21400B1B0239B002B00F0AF80BAF1000F00F0AB80AD
S21400B1C0219B002B00F0A78067B13C680026229BDD
S21400B1D043440293464507D307B13C60002017B0AE
S21400B1E0BDE8F08F3C46F1E75CB1229B219A9B5D5F
S21400B1F0125D01345340239A04F00F049355013630
S21400B200E8E7A8EB060BBBF10F0F58D9434B4846AF
S21400B210C5E90034AC602C6213A926F0C4FA0028F5
S21400B220DDD1284613992BF00F0B2FF0B0FB5946B3
S21400B23028462FF0ACFB484604A926F043FB00281E
S21400B240CDD1284604A926F06DFB484607A926F06E
S21400B25044FB0028C3D1284607A926F063FB012338
S21400B26022992F4ACDF828A00B930C928A190D929A
S21400B27028464BF000520AA90E9303920F9226F02E
S21400B28051FB28460DA926F04DFB239B039A9919DE
S21400B2900123109111931292214A284610A9CDF845
S21400B2A04CA0149315922FF098FB284613A92FF064
S21400B2B094FB28462FF04EFB5E4400288FD1229B3D
S21400B2C003EB060B239B1E44029B9B4501D146467F
S21400B2D080E7ACB9219B2246CDE900A3494610235E
S21400B2E02846FFF7F9FE00287FF479AF0AF110022E
S21400B2F012F8013D0133DBB213700BB95245F7D19A
S21400B300219A1BF8013B125D0134534006F8013BBD
S21400B31004F00F04D8E7212061E700BF0303000410
S21400B320100000207FB50E461D460446F0B102B957
S21400B330E3B901230192029345F0005303930023DF
S21400B3400B4AA360C4E900232362204601A926F025
S21400B350E9FA314620462FF01AFB204629462FF000
S21400B36016FB20462FF0F6FA04B070BD2120FBE74E
S21400B37000000943084B984202D0084B984207D178
S21400B3800B88B3F5105F14BF6FF085000020704780
S21400B3906FF08500704700BF004440040013C004EF
S21400B3A01038102808D8064BC34013F0010F0CBF06
S21400B3B06FF08600002070476FF08600704700BF71
S21400B3C0010101002DE9F04FA7B008AFCDE9050156
S21400B3D0DDE93295DDE9346A00210792384610220D
S21400B3E09846DDF8D8B010F01DFA102200210CA8FF
S21400B3F010F018FA069B2BB96FF08604204627B08B
S21400B400BDE8F08F079B002BF6D0B9F1000F01D1F5
S21400B410002DF1D1309B13B9319B002BECD116B91E
S21400B420BAF1000FE8D1BBF1000FE5D04046059910
S21400B430FFF7A0FF04460028E0D1014628221CA8FA
S21400B44010F0F0F92022214614A810F0EBF91CA801
S21400B4502FF093FA002840F0AF80DDE90612059839
S21400B46014AB26F0ABFA04460028C7D11498FFF7B1
S21400B47097FF04460028C1D115B9CBF80000BDE7F8
S21400B480B14518D209EB05039E4214D25545B3D8F0
S21400B4902A464946304610F017FA554B984526D0AE
S21400B4A006D3544B984524D003F54073984520D0D6
S21400B4B06FF08504A2E74F4B98451BD003F5407309
S21400B4C0984517D04A4B9845F2D1554594D815F073
S21400B4D00F0291D12B46CDE9009614A91CA8FFF7C0
S21400B4E0FBFD814600285CD1CBF8005086E7B146CC
S21400B4F0EDE7B1461022002110A810F093F955454B
S21400B5003FF67AAF3C4B9845319B39D10D2B7FF4F3
S21400B51073AF01238DF84030309B0DF1410203F1EB
S21400B5200C0153F8040B8B4242F8040BF9D11B783C
S21400B530137001238DF84F3015F00F0842D025F018
S21400B5400F034B440DF1300C03F1100E62461868E1
S21400B5505968083303C273459446F7D10F2D33D884
S21400B56025F00F03334403930CABCDE9017310AB06
S21400B57000934246002314A91CA8FFF705FEB0E777
S21400B580102B7FF439AF309B10AA03F1100E9446AF
S21400B590186859680833ACE8030073456246F6D16C
S21400B5A0CAE752460021304610F03CF90023B9F1B4
S21400B5B0010FCBF8003002D06FF092041EE76FF058
S21400B5C08B041BE70F2D8FD910ABCDE902960093A5
S21400B5D00197002325F00F0214A91CA8FFF7D4FD3D
S21400B5E081460028DDD1B8F1000F3FF47DAFB7E704
S21400B5F0004440040010C0040013C0042DE9F04FBE
S21400B6008A46A1B00021DDE92A56DDE92C790590AD
S21400B610934606A81022984610F004F9102200213E
S21400B6200AA810F0FFF8BAF1000F05D16FF08604F3
S21400B630204621B0BDE8F08FBBF1000FF6D00DB963
S21400B640002EF3D117B9B9F1000FEFD12E9B002BC6
S21400B650ECD040460599FFF78DFE04460028E7D15A
S21400B6600146282216A810F0DDF8202221460EA852
S21400B67010F0D8F816A82FF080F9002854D15A46B2
S21400B680514605980EAB26F099F904460028CFD10E
S21400B6900E98FFF785FE04460028C9D116B92E9BE2
S21400B6A01860C5E7BD4216D2AB199F4213D24E456D
S21400B6B0BCD832462946384610F006F93A4B98452B
S21400B6C05BD003F54073984531D0384B984511D080
S21400B6D06FF08504ACE7344B98454FD003F54073C4
S21400B6E0984525D0314B9845F2D14E4503D96FF099
S21400B6F089049DE73D46330798D133460122CDE9BC
S21400B70000570EA916A8FFF7E7FC2E9B05461E60FD
S21400B71000288DD04A460021384610F083F80023D2
S21400B7202E9A012D13603BD06FF0920480E73D46C1
S21400B7300D3E4E45DBD801238DF828302B460DF103
S21400B740290205F10C0153F8040B8B4242F8040B56
S21400B750F9D11B780D3513704FF48073ADF8363081
S21400B76006AB01930AAB009332460023CDE902579D
S21400B7700EA916A8FFF708FDC7E73D46103E4E4542
S21400B780B5D82B460DF1280C05F1100E6246186848
S21400B7905968083303C273459446F7D11035DFE77E
S21400B7A06FF08B0444E700BF0010C0040044400460
S21400B7B010B54FF42F720021044610F033F88023A2
S21400B7C0C4F88C30054B04F19C00C4F88430012387
S21400B7D084F88830BDE8104025F03CB963B6030015
S21400B7E010B5D0F8A0400A468CB926F0FDFA0446FB
S21400B7F010B90024204610BD2D2896BF064B0749D9
S21400B80053F82010064A074826F034FCF2E7D0F832
S21400B810A4101046A047ECE7704F040066B603007D
S21400B82001B2030096B70300F8B590F880600446AE
S21400B83016B100263046F8BD26F009F90028F8D1E2
S21400B840012384F8803094F8883033B1D4F884101B
S21400B8501F4884F8886026F00DFC4FF0FF37D4F8B8
S21400B860B402421C1FD0C4F8B47210F0FF052CD0EE
S21400B870204626F0E9F82946204600F0A7FB0028D7
S21400B880EDD0204626F0EEF894F888303BB1D4F898
S21400B89084100F4826F0EEFB002384F8883000233F
S21400B8A084F88030C6E726F0CAFB431CDDD1D4F806
S21400B8B08C30D4F89420013B9A4204DB054A0649B2
S21400B8C0064826F0D7FB0126E9E70126C7E700BFB2
S21400B8D038C9030001B2030074B6030096B703002C
S21400B8E0F8B50B780446302B0D46164604D14B7837
S21400B8F003F0DF03582B11D0284F6A1E12F8011FE1
S21400B900002934D128460A220FF07CFE202C03465C
S21400B9100D4631D1B1FA81F040091AE04A1C1F49A0
S21400B92012F8013F8BB928460FF078FE1C4B023800
S21400B9302340032B12D10134A41084420AD1A878E4
S21400B94037288CBF0020012003E0CB5C13F04400B6
S21400B950E6D1F8BDCCBF01200020FAE7002CB8BF26
S21400B9600334B0EBA40FD4BF01200020F1E77B5CCA
S21400B97013F00400C2D1ECE726B1084302D0013B25
S21400B98061F100050122A240013A1A40002D08BFCD
S21400B9909A420CBF01200020DBE700BFD5750400EB
S21400B9A003000080F0B5037801467B2B17D10646CE
S21400B9B0022400220B4F16F8015F7D2D05D10B5D8A
S21400B9C06BB9D24302F0010008E07B5D13F044003F
S21400B9D002D001320134EEE7202DFBD0F0BD00206E
S21400B9E0FCE700BFD575040070B506460D460FF09F
S21400B9F015FE0446304626F03DFB044EAC4200D30E
S21400BA0070BD304626F036FB0134F7E710C0030061
S21400BA102DE9F84F044602215148FFF7E5FF1E21A5
S21400BA202068FFF7E1FF6368586826F023FB4D485F
S21400BA3026F020FB67683B7BFD2B12D8D7F80880E2
S21400BA404FF0FF3640460FF0E9FD0546DFF810914F
S21400BA50DFF870A1DFF84CB10C3717F8013BFF2B6D
S21400BA6001D1BDE8F88F212B18D8212B36D8DFE876
S21400BA7003F0377274111B1D1F21353535353535EA
S21400BA803535232527292B2D2F31353535353535B9
S21400BA9035353D33344C002D2BD12EE0334C344A13
S21400BAA0FE2B08BF1446F6E7324CF4E7324CF2E7BA
S21400BAB0324CF0E7324CEEE7324CECE7324CEAE739
S21400BAC0324CE8E7324CE6E7324CE4E7324CE2E749
S21400BAD0324CE0E7324CDEE7324CDCE7234CDAE768
S21400BAE0314CD8E726F0BAFA01362AE0002DB4D059
S21400BAF02E4C202B06F10106AFD002214846FFF758
S21400BB0073FF1E214846FFF76FFF504626F0B2FA35
S21400BB105946204610F0DCF82549002818BF214673
S21400BB20244826F0A7FA3B78202B02D12B2026F0BB
S21400BB3095FA214826F09EFA4DB118F806301F2BCC
S21400BB4005D018F806001F2801D0AE42CADB05480B
S21400BB5026F090FA81E7194C9DE7194C9BE700BF49
S21400BB602403040001B203001EB7030030B703002D
S21400BB7056D303007BB7030082B7030073B70300F6
S21400BB806FB7030066B703005CB7030052B7030045
S21400BB9067B703005DB7030053B7030048B7030059
S21400BBA041B7030038B703001DB7030023B70300EF
S21400BBB02EB7030038C90300A7BA03007AB70300FC
S21400BBC081B703003ED403002DE9F04F9BB0054635
S21400BBD08B460024009203930FF020FD249F039BC6
S21400BBE004901C6028463C600AAA09A926F064FA5C
S21400BBF0064658B90A980FF011FD3446B046039B26
S21400BC001860D5F89C300293029B1BB920461BB0E7
S21400BC10BDE8F08F029BD3F80890B9F1000F6CD006
S21400BC202E4416F8013B202B11D000260C2373431C
S21400BC3009EB030A59F803300193002B58D0099BEF
S21400BC40434555DB9AF808202AB1721C39E03B6858
S21400BC5001333B60E5E73968D5F894200793039BEA
S21400BC60521A1A601AAB03EB880151F8403C01994E
S21400BC70184605930FF0ECFF06900028E5D10198D2
S21400BC800FF0CCFCDDE906230146DAF80400D7F80D
S21400BC9000A090F80CC0BCF1FE0F16D103F1FF3ED9
S21400BCA0C64512D0D0F80090059801920FF0B6FC69
S21400BCB00AF1010A019A50442B5C23B1386008F15E
S21400BCC001081646B2E70130F6E7D5F8942005914C
S21400BCD0A2EB0A028A4220DC58460FF09FFC059928
S21400BCE001447B290DD958461F4A009924F0D9FEF5
S21400BCF02B46049A2A4493422CD1029B1B6802933B
S21400BD0082E7DDE90012584624F0CBFE5846174A73
S21400BD100099013424F0C5FE97E7BCF1FE0F94D1DC
S21400BD20013B434591D1D0F800A0DFF840905AF887
S21400BD300C2B22B9049B3B60039B1A60D8E758463D
S21400BD40009924F0AEFE4A465846009924F0A9FE13
S21400BD500134ECE713F8011B0029CCD14FF0200189
S21400BD6003F8011CC7E700BF88B7030010C0030034
S21400BD702DE9F047002486B01C60DDE90EA80646D3
S21400BD8089468AF800401168154888F8004017462A
S21400BD901D468DF81740FCF7A5F818B901242B6846
S21400BDA001332B600020D6F89C6036B914B101230D
S21400BDB088F8003006B0BDE8F087B06868B14B463A
S21400BDC00021CDE902A8CDE900750DF1170225F096
S21400BDD0AAFF9DF81730002BE8D13668E5E700BFCC
S21400BDE08DB703002DE9F0470446ADF5447D80226B
S21400BDF0002104A802AF0FF015FD80222046009710
S21400BE0003AB04A9FFF7E0FE01283DD104A80FF01C
S21400BE1005FC03993B68461A0B4426EAE67623445B
S21400BE20054604A83246014418460FF08BFE002251
S21400BE308255D4F89060039B3968D4F89020194452
S21400BE40B14212DCD4F89410E81A0244C4F89020E8
S21400BE50014404AAC4F89410D41825182B1B002BF0
S21400BE600DDC0DF5447DBDE8F087A05C26F0F6F805
S21400BE70D4F8903001360133C4F89030DBE714F87C
S21400BE80010B26F0EBF8E9E7EBDD24AD802200217C
S21400BE9028460DF5887A0FF0C5FC0DF110094FF411
S21400BEA00072002150460FF0BDFC4FF001084A46D4
S21400BEB0002312F8016BA6B904A84AF828300FF040
S21400BEC0ADFB2946334698451CDB19F8016B0DF58A
S21400BED0887C5CF8042B82420CD101F8016B01339C
S21400BEE0F1E7202E03F1010304BF4AF8283008F1D9
S21400BEF00108DEE70DF1100E7244D25CB242E8D0C3
S21400BF000022EA54D4F89060039BB3422FDC234609
S21400BF102C4A04A92C4826F0ADF828460FF07EFBE4
S21400BF200646039B3F68F61A1F4426EAE672E019A7
S21400BF3017441D44E11904F1900399423CD904F1D9
S21400BF409803984238D26A1E81190B1A002B27DDF7
S21400BF5012F8013F00F8013BD4F890300133C4F8E2
S21400BF609030D4F894300133C4F89430EDE7D4F828
S21400BF7090300136E05C26F071F8D4F8903001334A
S21400BF80C4F89030C0E7D4F89020013B0132C4F8E2
S21400BF909020D4F894200132C4F89420002BF2DCD0
S21400BFA000232E44E355731B002B7FF75AAF15F87A
S21400BFB0010B26F053F8F6E729460FF0C3FD33468B
S21400BFC0ECE700BF63B6030092B703002DE9F84321
S21400BFD0D0E9245604460F46002294F89830012BE8
S21400BFE007D10A2F07D1002384F898300020BDE837
S21400BFF0F88300F29F801B2F01D10223F4E70D2F58
S21400C0000DD1012384F898300D2026F027F80A2059
S21400C01026F024F800230120C4E92433E7E74FF094
S21400C0200008082F84F8988034D1454530DDB542A5
S21400C0300FD1384626F012F8202026F00FF8013DE2
S21400C040384626F00BF8013E04F80580C4E924566D
S21400C050CCE7FBDA05F1FF39384625F0FFFF04EBA5
S21400C0600903A6EB0902611918460FF02DFC04F827
S21400C07006800146013E484825F0FCFF35464D4502
S21400C08001DC4D46E2E7082025F0E8FF013DF6E733
S21400C090ACD0DBE77F2F1CD1002EA7DDB542A5DA9A
S21400C0A06319691C21441846721B0FF00DFC04F836
S21400C0B006800146394825F0DDFF0820013E25F0C0
S21400C0C0CDFFB542F9D1D4F89430013BC4F8943092
S21400C0D08CE70A2F98D0092F03D12046FFF782FE5F
S21400C0E084E7D4F88C30013BB3427FF77FAFB5428C
S21400C0F004EB050805F101090CDB384688F80070EA
S21400C100D4F89430C4F890900133C4F8943025F0F5
S21400C110A5FF6BE74146721B04EB09000FF0D4FB4A
S21400C120404625F0A7FF0820013E25F097FFB542C0
S21400C130F9DDE2E7022B06D15B2F01D1032353E79B
S21400C14084F8982049E7032B7FF450AF413F84F8EA
S21400C1509820032F3FF64AAFDFE807F002070A16DB
S21400C1600121204625F02BFF40E74FF0FF31F8E78E
S21400C170B542BFF63BAF605D25F070FFD4F8903057
S21400C1800133C4F8903031E7002D7FF72FAF013D23
S21400C1900820C4F89050BAE79BB7030095BB03008D
S21400C1A008B50248FEF79CF9002008BD00B4C40498
S21400C1B030B58BB06C46174D0FCD0FC40FCD0FC4E6
S21400C1C095E8030084E80300134BD3F84C211203D0
S21400C1D01CD5A3F5FE431C884FF6FF739C4208BF90
S21400C1E08C248DF81940FEF763FA204480F308008B
S21400C1F08DF818000948FBF70DFF6846FEF7C0F9F2
S21400C2003220FEF75BFA00200BB030BDD3F8504169
S21400C210E4B2E6E7285004000080E00F00F0490290
S21400C2200028ACBF00F16040064B4FEA0111C9B2CE
S21400C230ABBF00F5614000F00F0080F80013195402
S21400C240704700BF14ED00E008B52EF037FB0B4B2F
S21400C2501A7872B901221A702EF02BFB6FF00402C6
S21400C26010460132052152B2FFF7DAFF3D2AF7D118
S21400C27008BDBDE808402EF01CBB00BFCE5C002009
S21400C280002807DB01234109034A00F01F00834012
S21400C29042F82130704700BF00E100E0054B421134
S21400C2A053F8223000F01F0023FA00F0C04300F0DD
S21400C2B00100704700E100E0002808DB0122430986
S21400C2C0034900F01F008240603341F82320704786
S21400C2D000E100E010B504462EF0E3FA024B1C60C5
S21400C2E02EF0DAFA002010BDD83D002010B52EF052
S21400C2F0D8FA034B1C682EF0CFFA204610BD00BFBC
S21400C300D83D002038B50C461546014610B9FFF753
S21400C310EDFF01462B46224603480EF093F900280F
S21400C320D4BF3720002038BD0F22030008B500F028
S21400C330E3FB18B16A2102482EF0B5FB002008BDC9
S21400C340A0B7030008B500F049F80C4A536A43F456
S21400C35070235362EFF308834FF0CD31084A043B55
S21400C360934208D200F070FAFFF7E0FFBDE80840FD
S21400C3700448FEF795BD43F80419F1E700ED00E028
S21400C38008000020844E040007B5042200200DEBB0
S21400C390020129F01CFD042803D0D72104482EF002
S21400C3A082FB019800F0DCF903B05DF804FB00BFE7
S21400C3B0A0B70300082310B50C0A41400648C9B2CE
S21400C3C041F30002013B024013F0FF0382EA5101F1
S21400C3D0F6D184EA010010BD2083B8ED38B5FEF72B
S21400C3E03BFC044625F022F9E3072AD40122104636
S21400C3F0114600FA01F3234002F1010223D01D4B3F
S21400C40033F811301C48062B028844881B4920D17B
S21400C4104FF20F039C4219D1B2F5406F28BF4FF47C
S21400C420C0624CF23C330A80438040F201730A88B3
S21400C4309A4201BF124B134AD2E90001C3E9000138
S21400C44015E00021DBE7102AD2D1DBE74FF4C0620B
S21400C450E7E740F20725AB420AD14FF20F05AC42A0
S21400C46006D19A4204D14CF23C320B80428038BD51
S21400C4700B80DAE7EC510400E0630020BA57002096
S21400C480DC3D0020D8630020014B1888704700BFB1
S21400C490BA570020014B1888000A7047BA57002088
S21400C4A0044B05481B881A0AB3F5406F38BF00EBEB
S21400C4B082007047BA570020BC510400044B18880D
S21400C4C0044B020A53F82230C0B203EB80007047D8
S21400C4D0BA5700208C51040010B504462EF0E5F93A
S21400C4E04FF20F02044B1C805A80BFF35F8FBDE8EB
S21400C4F0104025F056BE00BFE06300206D4A2DE9CF
S21400C500F0416D4B55686D4C5D65516A99656C4997
S21400C510D1F80002D865D1F80412586B1966916AF2
S21400C52010F0040F5966D16A4FF000009966116B3F
S21400C530D966516B1967D26BD8645A67D3E90E1265
S21400C54018BF11465F4A91421A655DD301F120007B
S21400C550A04259D88869C5F308051864CE69062D27
S21400C5605E6455D1584DA84252D3584DA8424FD27A
S21400C57005884DF6426085424AD11868C3F8900097
S21400C5805868C3F8940040F20170A242154604D2DF
S21400C5902E680432B6F1CD3FF7D00022C3E91E2242
S21400C5A0C3E92022C3E92222641BDFF81CC1434DE5
S21400C5B0DFF818E19C648D422DD8D3E91EC7D3E975
S21400C5C02065D3E922414FF0000E013AD2B2FF2A8D
S21400C5D03CD1BEF1000F05D0C3E91EC7C3E92065F4
S21400C5E0C3E92241B3F85430C3F308030C2B3BD8FD
S21400C5F0022B54D9DA1E092A51D8DFE802F0315747
S21400C600404350505050504D0021C3E910112D4961
S21400C6104FF42060B9E755F8044D6445CBD3744514
S21400C620C9D2E607C7D50026294F57F8048FA0457C
S21400C630C1D00136062EF8D132B1013AD2B202F19B
S21400C6401E0643F82640B6E70522F8E7E0464FF018
S21400C650010EBC4637462E4625460C464146B4E7F4
S21400C66040F60120BDE8F0813B2B18D1194B9B69A1
S21400C67013F0020F40F2025318BF1846F2E740F6D6
S21400C6800320EFE740F6042240F20173B0F5206F76
S21400C6900CBF10461846E5E740F60520E2E740F6F0
S21400C6A00722013B4B2B98BF1046DBE740F60220E3
S21400C6B0D8E700BF00ED00E0486300200810002027
S21400C6C000E100E008000020D0420000A0AE030019
S21400C6D0BC6300200080015A00F00CB800F00AB8D5
S21400C6E000F008B800F006B800F004B800F002B891
S21400C6F000F000B872B61EF0080F09D01EF0040F46
S21400C7000DD0DFF850E0AEE8FF1F6FF002000CE03F
S21400C710DFF840E0AEE8FF1F6FF00E0005E0DFF840
S21400C72034E0AEE8FF1F6FF006006946EFF30982BB
S21400C7308EE8070086460848084C854501D3A5457F
S21400C74001D384F30888FFF7D9FE84F30888FFF73F
S21400C750C3FE0000486300204800002008100020A8
S21400C7604BF6EF6283B2002B08BF1346044A000C58
S21400C77013804FF6CE2308BF1846024B188070472A
S21400C780E26B0020E06B00200B4BB3F9002018880A
S21400C790002AB8BF80F0620042001A80074AB2F949
S21400C7A0001013880029BCBF83F4805383F00B036A
S21400C7B05900118058407047E26B0020E06B002063
S21400C7C007B5684600F01AF8DDE900010022034BC1
S21400C7D003B05DF804EB25F0E0BF00BFE43D0020A9
S21400C7E007B5009313460A460146034825F089FD1F
S21400C7F003B05DF804FB00BFE43D00200249034A95
S21400C8000160521A42607047A86C002000000120A8
S21400C81000487047E43D002038B5416004462EF0DD
S21400C82040F805462146044824F017F92846BDE896
S21400C83038402EF031B800BF0C3E0020014824F0EE
S21400C84009B900BF0C3E00200222014B1A67704750
S21400C8500040005070B52EF024F8174E05461748D5
S21400C8602EF0CAF83378CBB900F046F9044620B16A
S21400C87028462EF011F8204670BDFFF7DFFF2EF099
S21400C88085F90F4B1C602CF05DFE0E4B0E4A1860AF
S21400C890536F43F00103536725F09BFF00F028F821
S21400C8A025F0AEFF094B002418600123284633709C
S21400C8B02DF0F2FFDFE700BFDA5C002064500400D2
S21400C8C0103E0020383E002000400050143E00205D
S21400C8D0054B1B685843054B00F5742000F23F20BB
S21400C8E0B0FBF3F0704700BF383E002040420F0018
S21400C8F0294B2A4AD3F8003170B503F003031360BE
S21400C9002CF0B6FB4FF4C870FFF7E2FF0022244B72
S21400C91024491860244C0B680132D2B20A2A44F823
S21400C920040BF9D1034400EBC00003440B601F4B1B
S21400C9301F4D1B7813B3184BD3F8003103F00303D5
S21400C940022B22D0032B23D0012B17D12CF028F951
S21400C950024698B1174B184EDC6800231946C4F3FC
S21400C9600B04013404EB84040138E4FB06010EF0EA
S21400C970EDFBFFF7ADFF2B6803442B601F20FFF78E
S21400C980A7FF2B6803442B6070BD2CF053F9DFE73C
S21400C9902DF09AFFDCE700BF00800050783E0020B4
S21400C9A03C3E0020403E0020443E0020DE5C00204E
S21400C9B0703E002000C0015040420F000122154B7F
S21400C9C010B55A67144B154C1B7813B302202EF083
S21400C9D0CEF8F0B12CF03CFED8B1A36DD90302D549
S21400C9E0E36D9A0715D40D4B9B6DDB0711D401221E
S21400C9F00B4B1A702EF0AFF8BDE81040094B0A4AF0
S21400CA001860136F23F0070343F0030313672CF03B
S21400CA10ADB810BD00D00050DF5C002000C0005054
S21400CA20DC5C00206C3E0020008000500122014BA0
S21400CA301A707047DF5C002007B5FFF7C1FE01A83B
S21400CA40FEF778F99DF80530012B25D1234B9A6D1A
S21400CA50D20311D45A6B6FF3162242F4BC1242F47E
S21400CA60A0625A631A6B22F4704242F440421A6380
S21400CA701A6B42F4E0621A639DF8043063B94FF013
S21400CA8000531B68164B1B68164B1B68164B1B681F
S21400CA90164B1B68164B1B68164AD2F8803043F0BC
S21400CAA00303C2F8803025F0B3FEFFF7CDFBFFF797
S21400CAB077FBFFF77DFB0DF00FFEFFF7CBFE00F0D8
S21400CAC01BF825F0A6FEFFF73DFC25F0B1FE28F08A
S21400CAD0AEFF03B05DF804EB25F09CBE00C000502E
S21400CAE0004000200080002000C000200000012040
S21400CAF0004001200080005070B52DF0DFFE144E7F
S21400CB0005463478FCB9134B1C60134B1C60134B62
S21400CB101C6000F031F801202CF088FE2CF07AFE24
S21400CB200F4B0246186020B928462DF0C2FE23207F
S21400CB3070BD234640F2E7310A480EF007FB0A4B69
S21400CB4018600123337028462DF0B3FE0020EFE76F
S21400CB50E25C0020883E0020843E0020903E0020BC
S21400CB608C3E002018FCFFFF803E0020014B18681A
S21400CB70704700BF803E00201FB50024184B186881
S21400CB809A880290D3F806009B7A00901548ADF874
S21400CB900C208DF804302DF02FFF02A88DF80840E9
S21400CBA08DF80C40FEF7A2F8694601208DF800408B
S21400CBB0FEF760F81F220C4B9A615A614FF0B042A4
S21400CBC0936A13F00803FBD113620120FEF76CF89A
S21400CBD00A20FFF771FB0A20FFF752FB04B010BDD6
S21400CBE0155204005C5004000020005810B52DF0CB
S21400CBF065FE4FF0B04304465B691A07074A03F028
S21400CC00010003F00D0348BF40F0020053612CF012
S21400CC1035FD2046BDE810402DF04BBE00200058E4
S21400CC2021282DE9F341054604D82C46204602B0BB
S21400CC30BDE8F08100240B4E0B4FDFF83080002358
S21400CC40CDF800801A461946386824F04FFA844218
S21400CC50EBD2222CE9D056F8043BAB42E6D00134A6
S21400CC60EDE700BF34550400E4660020FFFF0F0028
S21400CC702DE9F04F644E654D89B025F025FE3168EC
S21400CC802868FCF74DFB0446002827D033680024AC
S21400CC90D3E900019A6912689047336804A89B6933
S21400CCA09B689847336802209B69DB689847326820
S21400CCB005985368E7B2B3FBF0F3BB42916904F101
S21400CCC001044ED8CB680020984733689B695B68A0
S21400CCD0984731682868FCF723FB04460027DFF8EE
S21400CCE044A1DFF84481DFF84491F4B9484B286842
S21400CCF0DB5D002B00F08380D8F8006002AB314685
S21400CD0003AAFCF78FFC2D2807D070B9039B012BD4
S21400CD100BD031462868FCF7D9FEDAF800303146E9
S21400CD201A682868FCF752FE04460137222F0AF1DB
S21400CD30040A08F1040809F10109D6D1B4FA84F30B
S21400CD40344A5B0913702B681B7C33B125F088FDD1
S21400CD5018B1DB2130482DF0A6FE204609B0BDE80C
S21400CD60F08F12680B6907FB002098479FE7D8F8FA
S21400CD70003003AA194402AB0191FCF753FC2D289E
S21400CD80034601992BD0286813B30BF1010B5FFA09
S21400CD908BF18E422868EAD8204BDB5D002BC4D08E
S21400CDA0F3B27E2B2868C0D8D8F8003003AA06EB6A
S21400CDB0030B594602ABFCF735FC2D28B5D0594677
S21400CDC02868FCF783FE013604460028E8D0ACE766
S21400CDD0039B7BB999F80020029B9A42D5D099F81C
S21400CDE00030DAF800202868FCF7EAFC0028CCD0EF
S21400CDF00446D1E70191FCF769FE0199EFE7084B7D
S21400CE00A346DE5DC3E700BFC4660020E4660020DC
S21400CE1010550400E45C002027B80300EE5404001C
S21400CE20AA5404002052040034550400CC540400D4
S21400CE30F8B51F46214B04461B780D46164623B10F
S21400CE4000F47E23B3F50E2F2BD02046FFF7E8FE26
S21400CE502128044614D81A4B53F82010194B1B7877
S21400CE60ABB1194B212C18681DD8184B1B5DD3B1DC
S21400CE703268FCF7ABFD044650B125F0F0FC07E045
S21400CE80FF2807D93A46314680B225F0FCF900243F
S21400CE902046F8BD4FF4A9710D482DF004FE002180
S21400CEA0DCE70146DAE77F2D08BF00253B46324621
S21400CEB051FA85F1FCF784FCDDE700BFE35C002057
S21400CEC034550400E45C0020E4660020105504009D
S21400CED027B8030030B5134600F07E62B2F17E6FCD
S21400CEE08BB00DD10A46C0F30B016846FEF71AFA5E
S21400CEF020B140F2931109482DF0D5FD0BB030BD9E
S21400CF005A0825F0AFFC0028F8D04FF49C7103486F
S21400CF100BB0BDE830402DF0C6BD00BFB8B803006A
S21400CF202DE9F743C70705460E46144604D540F2DA
S21400CF30E31149482DF0B7FDE10704D54FF4F2712F
S21400CF4045482DF0B0FD454B93F80080B8F1000F32
S21400CF5020D043F260239D4208D122463146404805
S21400CF600EF0F0FD002003B0BDE8F083C5F30B071C
S21400CF7005F44055B5F5805F14BF4FF40F204FF40D
S21400CF800E20234632467F21384303B0BDE8F043E7
S21400CF90FFF74EBF05F47043B3F5805F3FD1C5F38E
S21400CFA00B05304A05F17E65631E2B44934230D84C
S21400CFB02F46DFF8A49007EB0408474542D1AA079E
S21400CFC00ED04FF6FF7336F8022BA81E43EA024334
S21400CFD004220DEB02010193FFF77CFF0235023CB1
S21400CFE0A3070ED0023C24F00103F35A04226FEA92
S21400CFF003436FEA13430DEB020128190193FFF771
S21400D00069FF002CAED0224631462846FFF762FF65
S21400D010A8E740F2FD1110482DF045FDC8E705F4DD
S21400D0206043B3F5005F04D1C5F30B0505F53E2557
S21400D030BEE740F2052108482DF035FD6FF00F07DA
S21400D0404546B6E717F8013BFF2BB6D04FF4047100
S21400D05048462DF028FDB0E7B8B80300E35C002092
S21400D060E46B0020FF03E00F10B500F077F825F022
S21400D07045FC044618B100F079F8204610BD00F0D3
S21400D0807BF804460028F6D10122014B1A70F2E71D
S21400D090E55C0020054B1B7833B1054BC0F313014C
S21400D0A000221868FCF7D6BC11207047E55C00200B
S21400D0B0E4660020144B2DE9F0411B7805460E4629
S21400D0C01746FBB125F001FC012805D9841EE4B201
S21400D0D0012C09D9212412E03B4631462846BDE8FA
S21400D0E0F041002200F052B800F038F83B4600222B
S21400D0F03146284600F076F8044600F037F8204619
S21400D100BDE8F0811124FAE7E55C0020124B70B50B
S21400D1101B7804460D461646E3B125F0D6FB0128DB
S21400D12005D9831EDBB2012B08D9212410E0324634
S21400D13029462046BDE8704000F040B800F00EF8E2
S21400D14020463246294625F0DBFB044600F00EF862
S21400D150204670BD1124FBE7E55C002008B52DF0E5
S21400D160A0FB014B186008BD943E0020014B1868D8
S21400D1702DF092BB943E0020024B1968024B1868B3
S21400D180FCF7CEB8C4660020E466002037B5054636
S21400D1900C46C0F313010848ED02006805D5224688
S21400D1A003B0BDE83040FCF709BA009313462246A8
S21400D1B0FCF7BEF903B030BDE466002030B4054687
S21400D1C01346074A0C46C0F313011068EA0203D55B
S21400D1D0226830BCFCF7FABB224630BCFCF7F0BA3B
S21400D1E0E4660020F7B505460F4614461E461BB9F2
S21400D1F02125284603B0F0BD0029F9D025F065FBAF
S21400D2004BF23462ABB2934220D14FF0FF3322464A
S21400D2106946CDE9003325483346FFF7E3FF082289
S21400D2200546234968460EF049FE38B9334622467D
S21400D230694641F2F010FFF7D5FF0546002DD8D11C
S21400D2403246694638460EF07DFCD2E741F2F012CF
S21400D25093420FD1174B311908299A6CDB6CC7D84B
S21400D260CDE9002332460DEB040138460EF06AFC89
S21400D2700025BEE702280BD1C5F30C4332199342B2
S21400D280B6D3C5F30B0104F17E6432462144ECE7C5
S21400D290032809D1C5F30C4332199342A8D3C5F32A
S21400D2A00B0104F53E24F0E70125A2E7021008C0B2
S21400D2B0C05504000080E00F10B527F081FD28F06F
S21400D2C018FEBDE81040034601210220014A02F084
S21400D2D00BBC00BF4FB9030013B5D0E9023253F8B8
S21400D2E022301C78204627F07DFD23460090012141
S21400D2F00220024A02F0F8FB02B010BD63B9030038
S21400D300014B187827F056B9E65C0020FF232DE97C
S21400D310F04F8FB01122002108A88DF813300EF0C0
S21400D32081FA08A826F006FB01210220B04A08ABC5
S21400D33002F0DAFB41F24903AE4A0121022002F074
S21400D340D3FB06A826F025FC08A90DF1130026F04D
S21400D3502BFC02200021A84A02F0C6FB002027F082
S21400D3605AF910B106A809F047FE9DF92A300121A6
S21400D3700220A24A00939DF82B3002F0B5FB27F05E
S21400D3801BFD831EDBB2FC2B054631D80121022093
S21400D3909B4A02F0A9FB01249A4E9B4FDFF8D082ED
S21400D3A0234632460021022002F09EFB05A9E0B289
S21400D3B027F004FD034650B1A0F11602012A40F200
S21400D3C0AA8042460121022002F08EFB0CE09DF965
S21400D3D014303A4601939DF816300121009302203E
S21400D3E09DF8153002F080FB0134E3B29D42D7D899
S21400D3F0BDF8284008F0ECF923460021834A009047
S21400D400022002F071FB02200021814A02F06CFB30
S21400D410002027F000F910B108A809F0EDFD012161
S21400D4207C4A022002F060FB27F022FC044627F02C
S21400D4301DFC23460121784A0090022002F054FB8E
S21400D44008F09EFE00210220744A02F04DFB9DF873
S21400D4501330FF2B65D000210220714A02F044FBF6
S21400D46001216C4A022002F03FFB26F0A2FB0121BC
S21400D47003466C4A022002F037FB08F081F90021CF
S21400D4800346694A022002F02FFB26F098FB04466A
S21400D49026F097FB23460121644A0090022002F002
S21400D4A023FB2DF00DFB08F013FF01210346604A15
S21400D4B0022002F019FB0025DFF8B88108F008FF0B
S21400D4C0ECB2A04233D82DF0FBFA0123594A194694
S21400D4D0022002F009FB002027F06CF8564B574C50
S21400D4E00093012100230220554A02F0FDFA23682A
S21400D4F063B1012102201B78524A02F0F5FA236834
S21400D500012102205B78504A02F0EEFA27F057F825
S21400D5100FB0BDE8F08F012102204C4A02F0E4FA79
S21400D52062E7002102204A4A02F0DEFA98E7494BF9
S21400D530204603EB0416D6F8089008F083FF8246D0
S21400D540204608F0CBFE444F00280CBFC346BB461F
S21400D550204608F077FF0AF031FD002808BF47464E
S21400D560534600210220CDE900B73C4A02F0BCFA3F
S21400D570B37901210293B388022001937388384A55
S21400D5800093337B02F0B0FA0026DFF8ECB099F88F
S21400D5900430F4B2A34203D82DF092FA01358DE799
S21400D5A014235C43D9F8007002203A5B07EB040AA8
S21400D5B09AF90C3000922B4A002132EA230228BF47
S21400D5C05A461346284A02F08FFA002027F023F81E
S21400D5D038B150463C5B26F05BFB014620460AF01D
S21400D5E03BFD01210220214A02F07EFA0136CEE7F9
S21400D5F0A4B90300B3B90300CFB90300FBB9030015
S21400D600D6B90300ECB90300F3B9030028BA030047
S21400D61048BA030092BA030051BA030073BA030073
S21400D620D5DA03007EBA030094BA0300AABA030050
S21400D630C0BA030039BB030051BB0300904300206F
S21400D64045BB03005FBB030073BB030010BA0300B7
S21400D65030B70300C44200207BB90300CBBA0300F6
S21400D660EBBA030098B9030021BB030024030400AF
S21400D6701BBA030083B903008CB903002DE9F743F6
S21400D6800025134EDFF8588008F022FEECB2A042C8
S21400D69002D803B0BDE8F0832701204616F80790AD
S21400D6A008F01CFE0B4A4B46002808BF42460021E5
S21400D6B002200092084A02F017FAF05D26F085FA7A
S21400D6C001210220054A02F00FFA0135DCE700BF0F
S21400D6D0C4420020BD0904008EBB030024030400DE
S21400D6E0C709040008B583685A681178C26853F8F9
S21400D6F02230A1F1650251425141187808F0A4FF8A
S21400D70030B9BDE8084001210220024A02F0ECB917
S21400D71008BD00BF99BB030000210220014A02F0A9
S21400D720E3B900BFB3BB030000210220014A02F0A8
S21400D730DBB900BFE1BB030010B5044686B0182273
S21400D740002168460EF06EF8684626F0B3FED4E96F
S21400D750022052F8203002EB80021B788DF80B3046
S21400D760516891F900108DF80A1091680988ADF893
S21400D77008106168091A032907DDD26803F01F0341
S21400D780127843EA42138DF80B30684608F0CEF85C
S21400D79000210346024A022002F0A6F906B010BD98
S21400D7A0FDBB030007B5002027F0CAFA0021009051
S21400D7B0034B0220034A02F097F903B05DF804FB1E
S21400D7C00ABC030010BC030013B5D0E9023253F8BC
S21400D7D0221003EB82035B68087819680023094C63
S21400D7E0A222994208BF2146C01A18BF012027F07E
S21400D7F09BFA01210090044B0420044A02F074F9BD
S21400D80002B010BD00F8FF071BBC030029BD0300D3
S21400D81013B5D0E9023203EB820153F82230D1E986
S21400D82001141878FF22003818BF012023780968F1
S21400D83027F07AFA01210090034B0420034A02F0F5
S21400D84053F902B010BD00BF22BC030029BD03007F
S21400D85008B5002101230C4A27F0EBF80A4826F009
S21400D8604BFE0020094909F05FFC002026F0D3FE9D
S21400D87010B1054809F0C0FBBDE8084001210420AE
S21400D880034A02F031B900BF1862002037BC03001B
S21400D8902403040010B526F096F9034630B1BDE81F
S21400D8A0104001210420054A02F01EB90121BDE8FE
S21400D8B010400420024A02F017B900BF45BC03001E
S21400D8C056BC030010B526F019FEBDE8104003460E
S21400D8D001210220014A02F007B900BF61BC030023
S21400D8E010B526F0DDFDBDE81040034601210220FC
S21400D8F0014A02F0F9B800BF77BC030037B5D0E99B
S21400D9000232012453F822304FF6FF701D78FE22B3
S21400D91004FA05F1002327F073FA2B4600902146FF
S21400D9200420024A02F0E0F803B030BD8BBC0300CE
S21400D930D0E9023253F822301B7823B101210220AD
S21400D940024A02F0D1B8024A13707047AABC03001C
S21400D950E65C002007B5684626F01BF907F038FF9E
S21400D96001210346084A022002F0BEF8684609F084
S21400D97043FB08F0A1F901210346044A022002F005
S21400D980B3F803B05DF804FBC0BC0300DABC0300C8
S21400D99037B5D0E90245406854F82530401B0328C7
S21400D9A0D8BF002004EB8504C8BFE0681978636818
S21400D9B0C8BF00781A78A36893F900300090012059
S21400D9C027F0A2F938B901210220084A03B0BDE8C1
S21400D9D0304002F089B8064B0190009301210220E6
S21400D9E0044B054A02F080F803B030BDEBBC0300E0
S21400D9F0F3BC0300C7EB030007BD030007B5012017
S21400DA0027F08AF948B9009001210220084B094AFC
S21400DA1002F06AF803B05DF804FB054B0190009332
S21400DA2001210220044B054A02F05EF8F2E700BF2F
S21400DA30F3BC03001EBD0300AC17040007BD0300C3
S21400DA4008B5D0E9023253F82230187827F016F9D4
S21400DA5030B9044A0121BDE80840042002F044B869
S21400DA60014AF7E733BD03004FBD030008B5D0E910
S21400DA70023253F82230188827F0FEF830B9044AEC
S21400DA800121BDE80840042002F02EB8014AF7E75D
S21400DA906EBD03009EBD030073B50378044613F005
S21400DAA0050F0ED04588062D17D1836801215B68C7
S21400DAB0174A1B780193838804200093154B02F0C5
S21400DAC013F82378012B20D001210420114B124A91
S21400DAD002B0BDE8704002F007B835B9838801216E
S21400DAE004200E4A02F000F8EBE7012DE9D1866823
S21400DAF00B49002009F018FB304609F07DFA29464C
S21400DB000420084A01F0F0FFDBE702B070BD00BF5A
S21400DB10D4BD0300CBBD030026BE0300F1BD030049
S21400DB200EBE0300240304002DE9F04F00268FB03C
S21400DB30364D09AC0FCD0FC42B6801210220344AA4
S21400DB40236001F0D1FF3446DFF8DC9026F035F88C
S21400DB50F5B2A8420BD826F030F8234600900121F3
S21400DB6002202C4A01F0C0FF0FB0BDE8F08F284617
S21400DB7005A927F06DF80346002841D19DF814301A
S21400DB80032B39D904238DF814302B4600210220AC
S21400DB90214A01F0A9FF9DF814300EAA02EB830378
S21400DBA000214A4653F8143C022001F09DFF284607
S21400DBB09DF821A09DF815B09DF81870BDF8168048
S21400DBC027F048F85346CDE9028000210220CDE92F
S21400DBD000B7124A01F088FF01340020E4B226F0B4
S21400DBE01AFD18B10DF1190009F006FA00210220FD
S21400DBF00B4A01F079FF01E0002BC6D10136A5E7FC
S21400DC0000210220074A01F06FFFF7E7C85504001D
S21400DC1038BE0300B1BE0300EEB9030065BE0300C4
S21400DC2001B203008CBE030038C90300C3688268D3
S21400DC30013BDBB252F8233002201B78652B14BF61
S21400DC4000220121044B1BBF01211A70034A044A1B
S21400DC5008BF197001F048BF4B6C0020C8BE030017
S21400DC60D6BE0300D0E9023253F822301A88014BA0
S21400DC701A807047E66B002007B5D0E9023103EB47
S21400DC80810253F8213052681988054B05481288DE
S21400DC9000930088012309F0A3FE03B05DF804FB9F
S21400DCA099DA0000E66B0020C3688268013BDBB2AD
S21400DCB052F823305B78A3F1660253425341014A7F
S21400DCC0137070474E6C002030B5D0E9023253F81E
S21400DCD0223089B01D78012302AA1946044626F090
S21400DCE0A8FE01230093102302210DEB0302204619
S21400DCF026F080FE284604AA02A927F09BF80446D0
S21400DD00002026F088FC18B12146044807F0F0FDF4
S21400DD100020034909F0EEF909B030BDE5BE030066
S21400DD2024030400002330B58FB00221009309AA13
S21400DD301223054626F05EFE05AA014609A807F04E
S21400DD40B5FB044698B1232805D1134A01210420C7
S21400DD5001F0CAFE09E0212801D1104AF6E7034681
S21400DD60012104200E4A01F0BFFE0FB030BD012392
S21400DD702846194603AA26F05CFE05A903A827F044
S21400DD805BF80546204626F046FC18B129460548AD
S21400DD9007F0AEFD044AD9E7F2BE030015BF030044
S21400DDA050BF030071BF030024030400F0B5D0E9A0
S21400DDB0023253F8221003EB82039B6805461F7855
S21400DDC087B038460E7826F006FC044608BBD5E930
S21400DDD0022101238DF80830194452F8210002EB85
S21400DDE0810200888DF809709268ADF80A001278F2
S21400DDF004218DF80C2028460DF10D0226F019FEA0
S21400DE00304602A98DF8154026F026FF044626F077
S21400DE10D6FB334601210420024A009401F064FE3A
S21400DE2007B0F0BD86BF03002DE9F04101218EB09A
S21400DE300220274A01F058FE002005AB01AA09A9D6
S21400DE4026F0F2FF00250446224E234FDFF8988086
S21400DE501CB128460EB0BDE8F08102202B463246A3
S21400DE60214601F041FE204626F0D5FB10B10AA857
S21400DE7009F0C2F83A46002102209DF8303001F041
S21400DE8033FE424600210220079B01F02DFE0021B2
S21400DE900220BDF82030114A01F026FEBDF81430ED
S21400DEA000210F4A022001F01FFE013501A826F0CE
S21400DEB0ADFBEDB2012102200A4A01F015FE28460C
S21400DEC005AB01AA09A926F0AFFF0446C0E700BFCC
S21400DED0B8BF0300FEBF030006C00300F4DA030069
S21400DEE01BC003002403040012C003002DE9F04702
S21400DEF0064698B0C0B925F05EFE074600250EA877
S21400DF0026F09CFF01210220384A01F0EDFD2C4648
S21400DF10DFF8E080DFF8E090DFF8E0A0BC4205D351
S21400DF20284618B0BDE8F0870127E7E713A826F0D3
S21400DF3085FF002E4CD0022306A913A88DF84C307E
S21400DF40FE2426F06DFF00283FD102A913A826F074
S21400DF506DFF9DF8593043F001038DF85930002EBF
S21400DF603DD1234631460220214A01F0BDFD9DF8F1
S21400DF7059300AA943F0010313A88DF8593026F04A
S21400DF8055FF002026F047FB10B114A809F034F81E
S21400DF900C9B42460021022001F0A6FDBDF8282079
S21400DFA0002112F4007F0CBF4C23412312F0100F07
S21400DFB00CBF6E227922022000924A4601F094FDA0
S21400DFC006A826F023FB0135EDB20134E4B2A5E73E
S21400DFD020460AAB06AA13A926F024FFB3E752464A
S21400DFE00021022001F080FDC1E700BF25C003002C
S21400DFF0FEBF030012C0030061C003005AC0030046
S21400E00030B5012499B00EA826F018FF13A88DF895
S21400E010384026F0B1FEC0B9BDF84C1011EA040530
S21400E02013D121460220444A01F05EFD2946022013
S21400E030424A01F059FD214602203F4A01F054FDB4
S21400E040214602203C4A01F04FFD06A90EA826F004
S21400E050E7FE20B11022FF2106A80DF0E3FB04A87E
S21400E06026F0E6FE059B01210220354A0093354B3B
S21400E07001F03AFD9DF8123001210220324A009349
S21400E080304B01F031FD00212E4B304A022001F0CA
S21400E0902BFD06A826F0BAFA13A826F0CFFE022318
S21400E0A00AA913A88DF84C3026F0C0FE00283FD1F0
S21400E0B00B9B009301210220254B264A01F014FDFC
S21400E0C00121234B244A022001F00EFD0120FFF718
S21400E0D00DFF01211E4B214A022001F005FD002004
S21400E0E0FFF704FF044625F066FD23460090012155
S21400E0F002201B4A01F0F8FC01211A4B174A0220A5
S21400E10001F0F2FCFFF790FE174902280346174875
S21400E110174A28BF0A46084928BF01460092CDE99B
S21400E120013102200121134A01F0DEFC19B030BD96
S21400E1304FF0FF33BDE700BF2403040074C00300A4
S21400E140B2C00300AAC00300C2C0030051EA030025
S21400E1507EF80300D5C00300E5C00300ECC0030052
S21400E160F5C0030009C1030070C00300BBDF030055
S21400E1700DE0030017C1030010B5D0E9023253F8D2
S21400E18022301C78201E18BF012026F0E1FD054A2B
S21400E190054B0020002C18BF1A46BDE81040034966
S21400E1A008F0A8BF44C103003FC103004DC10300EF
S21400E1B0D0E9023210B553F822301C88204626F0EB
S21400E1C0C9FD2246BDE810400020014908F092BF74
S21400E1D08EC1030037B5044607F0D2FA014638B1BF
S21400E1E000200D4A0D4903B0BDE8304008F082BF5C
S21400E1F0E368A268013BDBB252F8233008481D787A
S21400E2000123084A00936C2D08BF024610232046BF
S21400E21026F0F0FB03B030BDDCC10300E4C1030010
S21400E220346C0020246C002013B583689A6812783A
S21400E230672A22D101A826F09FFD0446A8B9BDF89A
S21400E2400420174908F056FFBDF80430DA070AD450
S21400E25013F0020F134B144A18BF1A461349002036
S21400E26008F048FF19E0124AF8E702461149002074
S21400E27008F040FF22461049F1E7C26801A953F8AA
S21400E280220003EB82035B6800681B68ADF804306D
S21400E29026F078FD04460028ECD102B010BD00BF81
S21400E2A017C203000AC20300AEEB030038C2030025
S21400E2B0FAC103004AC2030076C20300034A0449B7
S21400E2C01388C85401331380704700BFCA57002014
S21400E2D0EC5C002073B5154D01242B78144E13F01A
S21400E2E0040F0CBF02230423124A214614703288FE
S21400E2F002200192EB5C104A0093104B5B8801F001
S21400E300F3FB002102200E4A01F0EEFB0D4B2946DE
S21400E310009332882346022001F02CFC214602207E
S21400E320094A02B0BDE8704001F0DEBBEC5C00209C
S21400E330CA570020EB5C002085C20300BC570020B3
S21400E340AAC20300CCC203002403040070B516461C
S21400E3504FF48A52114B124DDA805980114B1B88AC
S21400E3601A1E18BF012240EA82000F4A1278003AAD
S21400E37018BF012240EA0210287063B103246B70B4
S21400E3801B0AAB7009F088FE631C2855EE54074B39
S21400E39002341C8070BD0124F4E700BFBC57002087
S21400E3A0EC5C0020C8570020EA5C0020CA5700201A
S21400E3B038B5D1E902320C46054653F822300246FB
S21400E3C019880C4B1878FFF7C1FFE368A268013381
S21400E3D052F82330188824F0D5FA4DB1E368A268C5
S21400E3E0023352F823301878BDE83840FFF766BF8E
S21400E3F038BD00BFE75C0020F0B50546EB68AA68AC
S21400E400023352F8233008461C78294685B0FFF7B9
S21400E410CFFF204625F028FC204E214F78B320461B
S21400E42025F02EFC0321441C03AA284623F011FBEA
S21400E4303288E4B2C2F1FF0303991B1B9BB28B42E6
S21400E44022443CBFC2F1FF03039301230321009340
S21400E4503A449DF80C30284626F0CCFA039A022C53
S21400E460338804BF0F48110AFA5408BFC154134436
S21400E4701C44348005B0BDE8F040FFF72BBF2046B3
S21400E48007F086FE012332880446009303210346E4
S21400E4903A44284626F0AEFA3388E9E7CA57002001
S21400E4A0EC5C0020ED5C0020052307B501210093FD
S21400E4B00220044B044A01F017FB03B05DF804EB9E
S21400E4C0FFF79EBDB3C20300BAC2030013B50446ED
S21400E4D026F04EFC38B1CDE9004001210220034B66
S21400E4E0034A01F001FB02B010BD00BFDCC103000F
S21400E4F0D1C20300194B37B51B783BB90121022066
S21400E500174A03B0BDE8304001F0EEBAD0E9023257
S21400E510144C53F8223001211D78638802200093A2
S21400E520114A2B4601F0E0FA104B25711B78104D6E
S21400E53063B1012102200F4A01F0D6FA20460E4AA6
S21400E540298803B0BDE8304025F02FB920460A4A96
S21400E550298803B0BDE8304025F0E9B9EB5C00201F
S21400E560E8C20300BC570020F6C20300E85C0020A7
S21400E570CA5700200DC30300EC5C00202DE9F041D3
S21400E580D0E9023253F8221003EB82035A680C7863
S21400E59017889A68DB68B2F80080C6B01D7800213C
S21400E5A0304B0220304A0094CDE9017801F09CFA05
S21400E5B0002D0CBF6E237923012102202B4A01F087
S21400E5C093FAFF23002D0DF1170606AD01932046A2
S21400E5D00CBF80234023424639460296009525F01C
S21400E5E089FE0446002835D1307825F043FB0746DF
S21400E5F0B0B1284625F0CEFF1D4BFD28A8BFFD2054
S21400E6000093234682B20DF11901022001F0B2FAFE
S21400E61001210220174A01F067FA46B0BDE8F081F2
S21400E620307825F02DFB60B1284625F0B8FFFD2890
S21400E630A8BFFD200E4B82B200930DF11A013B4697
S21400E640E3E7307807F0A4FD0B4B0246009329461B
S21400E6500123DAE7009001210220084B084A01F066
S21400E66043FADAE71AF9030027C303004CC3030092
S21400E670D20C040024030400CCC20300D4CB030055
S21400E68056C30300D0E9023253F8221003EB82038C
S21400E6902DE9F04F5A680F78B2F800809A68C7B034
S21400E6A0B2F80090DA681B6992F800A01E78002184
S21400E6B02F4B304A0446CDE901890220009701F02D
S21400E6C013FABAF1000F0CBF6E2379230121022042
S21400E6D0294A009606AD01F007FAFF2200212846D7
S21400E6E00DF0A0F8304625F0C5FA834608B300239F
S21400E6F0052100932046FD230DF1190226F07AF934
S21400E7002870BAF1000F0CBF802340234A464146CA
S21400E7103846CDE9005625F0B8FD0146144807F006
S21400E720E7F801210220154A01F0DEF947B0BDE8FE
S21400E730F08F304625F0A4FA60B1FD23052120466F
S21400E740CDF800B00DF11A0226F054F985F801B0A4
S21400E7502870D6E70590304607F01AFD059A03465E
S21400E760009205212A46204626F044F9C9E700BF54
S21400E7700DF9030027C3030067C303002403040046
S21400E7802DE9FF471C465B68E5685B1B00255FFAC2
S21400E79083F803952E46FFF7D9FDEBB298450BD9C3
S21400E7A00C9B9B5D282B39D8202B00F2CB800136A2
S21400E7B0F6B2002B40F0C980FFF78CFD04B0BDE830
S21400E7C0F087132A2FD801A151F822F093E8000011
S21400E7D0A5E80000B7E80000EBE80000B9E7000095
S21400E7E0B9E70000B9E70000B9E7000027E8000035
S21400E7F027E8000027E8000027E8000027E80000D8
S21400E80027E8000027E8000027E8000027E80000C7
S21400E81027E8000037E8000011E90000A3F1310204
S21400E820D1B21329CDD90136F6B2A3F14102032A9B
S21400E830C2D8422B6CD06C4F00213A88DFF8B0A1CA
S21400E840C2F1FE039BB2FF2B28BFFF2301320091CB
S21400E850DBB22046524469B226F0A8F83B880AF894
S21400E860030001331844388011E04FF00409E368D0
S21400E870A2682B4452F823301F68F8B209F1FF391A
S21400E880FFF71CFD19F0FF094FEA1727F5D10135F0
S21400E89083E7E368A2682B4452F823301878FFF722
S21400E8A00DFDF4E7E368A2682B4452F8233018887D
S21400E8B024F068F8EBE7E368A2682B4452F82330AC
S21400E8C01F68B7F1807F09D2F8B2FFF7F7FCC7F3ED
S21400E8D00720FFF7F3FCC7F30740E0E72B460121CC
S21400E8E00820424A01F000F966E74FF00409E368A1
S21400E8F0A2682B4452F823301F68F8B209F1FF399A
S21400E900FFF7DCFC19F0FF094FEA1727F5D1BEE741
S21400E910294603AA204623F09CF80021324F344AA9
S21400E9203B88DDF80C9002EB030CCAB2914501F16E
S21400E930010102D84B443B80A9E710F802A00CF86E
S21400E94002A0F2E7242B3FF670AF013B232B3FF6E5
S21400E95033AF01A252F823F093E80000A5E80000C8
S21400E960B7E800006BE80000B9E70000B9E7000070
S21400E970B9E70000B9E70000B9E70000B9E7000012
S21400E980B9E70000B9E70000B9E70000B9E7000002
S21400E990B9E70000B9E7000093E80000A5E800002A
S21400E9A0B7E80000EBE80000B9E70000B9E70000B0
S21400E9B0B9E70000B9E70000B9E70000B9E70000D2
S21400E9C0B9E70000B9E70000B9E70000B9E70000C2
S21400E9D0B9E70000B9E7000093E80000A5E80000EA
S21400E9E0B7E800006BE80000CA57002080C30300A9
S21400E9F0EC5C0020094B1B7823B101210820084A53
S21400EA0001F072B8D0E9023253F82230054A1B886A
S21400EA10012113800820044A01F066B8EB5C002050
S21400EA20A6C30300C8570020E8C30300D0E902329B
S21400EA3053F82230054A1B780121003B18BF0123FA
S21400EA4008201370024A01F04FB800BFE95C0020AE
S21400EA500EC40300D0E9023253F82230034A1B7872
S21400EA60012113700820024A01F03EB8EA5C00203B
S21400EA703DC4030010B5D0E90232044653F82230F4
S21400EA80132219880B4B1878FFF760FCE368A2681E
S21400EA90013352F823301878FFF710FCE368A268B9
S21400EAA0023352F823301878FFF708FCBDE8104010
S21400EAB0FFF710BCE75C002010B5D0E90232044630
S21400EAC053F82230112219880B4B1878FFF73EFCBA
S21400EAD0E368A268013352F823301878FFF7EEFB9C
S21400EAE0E368A268023352F823301878FFF7E6FB93
S21400EAF0BDE81040FFF7EEBBE75C0020D0E902322D
S21400EB0053F82230034A1B78003B18BF0123DB0072
S21400EB1013707047E75C002010B5D0E9023253F856
S21400EB202230044619880E4B06221878FFF70EFC92
S21400EB300120FFF7C3FBE368A268034452F82330C2
S21400EB40188823F01FFFE368A268023352F82330C8
S21400EB50188823F017FFBDE81040FFF7BBBB00BFC7
S21400EB60E75C00202DE9F043D0E902324FF0FD09C2
S21400EB70013253F8221003EB82035A68C7B0178895
S21400EB809A68B1F80080147853F8043C002C0DF114
S21400EB90170506AE18783A4614BF40238023414630
S21400EBA00295CDF80490009625F0A4FB034638B1F4
S21400EBB0184A0121082000F097FF47B0BDE8F0830F
S21400EBC0201E18BF01200A224146C000FFF7BEFBE8
S21400EBD0384623F0D7FE2878FFF770FB4A463146C2
S21400EBE0287824F0F5FF044628B10B4F3D88C5F180
S21400EBF0FF03984202DD2346084ADAE70246084841
S21400EC003146284425440CF09DFF3D80FFF762FB0B
S21400EC10D3E700BF73C40300CA5700208FC40300A5
S21400EC20EC5C002010B5D0E90232044653F82230DE
S21400EC30082219880B4B1878FFF788FBE368A26850
S21400EC40023352F823301878FFF738FBE368A268DF
S21400EC50013352F82330188823F094FEBDE81040A4
S21400EC60FFF738BBE75C002073B5D0E902320546F3
S21400EC70023253F8221003EB820353F8042C53F8A5
S21400EC80083C0C781988234B168818780622FFF75C
S21400EC905DFB0020FFF712FB304623F073FE204694
S21400ECA0FFF70CFBEB68AA68033352F8233018888A
S21400ECB023F068FEEB68AA68043352F823301888FD
S21400ECC023F060FE204609F0E7FBE8B9204607F08F
S21400ECD05FFA05210446019001AA284622F0B9FEF3
S21400ECE0019B01469C4206D0224631460A480BF05C
S21400ECF087FC02B070BD094D09482E882246304474
S21400ED0034440CF0E1FD2C8002B0BDE87040FFF703
S21400ED10E1BA00BFE75C0020BBC40300CA5700206E
S21400ED20EC5C002073B5D0E902324FF48A5153F8F8
S21400ED302230104D1A88104BD9805A8000232A465C
S21400ED4000930121FF2325F055FE2B78044613F08F
S21400ED50040F0A4B08BF01261B7818BF032613B101
S21400ED6009F09AF9A855064B1C8002B0BDE8704021
S21400ED70FFF7B0BAEC5C0020BC570020E95C00202E
S21400ED80CA570020D0E9023253F82230034A1B78D3
S21400ED90003B18BF01231370704700BFE85C0020DB
S21400EDA010B50C4608B908F003F9024B18715C71EF
S21400EDB010BD00BFBC57002002462DE9F341D0E944
S21400EDC00253526855F82310D21A0C8805EB8301BB
S21400EDD0013BDBB255F82380294D022A4868C8BF9C
S21400EDE08A682B78D8BFFF210078C8BF11783BB956
S21400EDF001210220234A02B0BDE8F04100F074BEB3
S21400EE00FFF7CEFF06F0E4FC1F4F204E3B8801467E
S21400EE10224600931E48334625F059FB0246C8B9E1
S21400EE2098F804103B885F2917D1CDE900364FF6D5
S21400EE30FF712046164B24F0ACFC28B10346012196
S21400EE400220144A00F050FE0023134A2B70138051
S21400EE50124A137002B0BDE8F0814FF6FB718C4287
S21400EE6008D9CDE900362146094B4FF6FF7024F04D
S21400EE70EEFCE2E72146064A009624F01AFDDCE79F
S21400EE80EB5C002006C50300CA570020EC5C00209F
S21400EE90BC5700200DC50300C8570020EA5C0020C0
S21400EEA0002210B50A2104461046FFF74FFA00204C
S21400EEB023F068FD0122044B1A70FFF70BFA204678
S21400EEC0BDE81040FFF778BF1562002038B51C4635
S21400EED015460123224625F0ACFD60B9214628469A
S21400EEE025F070FF044620B101210420034A00F0FB
S21400EEF0FBFD204638BD0024FBE700BF34C50300F9
S21400EF002DE9F0430C4615461F46D0E9022352F879
S21400EF10231002EB830293680E8893F80080D36870
S21400EF208BB0B3F800903246012106ABFFF7CEFF58
S21400EF30F0B90DF1200CF4B101232A884021CDE967
S21400EF4002C2CDE90471CDE900932221434606AA08
S21400EF50304625F0A5FD0B4B0B4A00930B4B01905A
S21400EF60002C08BF134601210420094A00F0BCFD0E
S21400EF700BB0BDE8F083624628686968032303C2C5
S21400EF802246DBE793C5030078C5030072C503007D
S21400EF9080C5030007B501236A46002125F049FD18
S21400EFA06846034908F0C8FD03B05DF804FB00BFDF
S21400EFB099DA0000D0E9023253F822300149188865
S21400EFC008F08CBD99DA000010B5D0E9023203EBE8
S21400EFD08201496853F8223009784FF48A5218881B
S21400EFE025F04EFDBDE81040034601210420014AED
S21400EFF000F07ABD9DC50300D0E9023253F82230F6
S21400F00002214FF48A5210B5188825F02BFDBDE872
S21400F0101040034601210420014A00F065BD00BFF0
S21400F020B6C503001FB5D0E9023203EB820153F8E0
S21400F0302230496818884FF48A5309880293094B8E
S21400F040094A0193094B1B7800931278084B25F068
S21400F0507FFD012103460420064A05B05DF804EB57
S21400F06000F042BDCC570020EC5D0020EB5D002098
S21400F070D6570020CDC503002DE9F043D0E9023273
S21400F08053F8221003EB82035A680E8817789A68A2
S21400F090DB688BB092F80090B3F80080324604210B
S21400F0A006AB0446FFF712FF28BB08AD01232A462D
S21400F0B00521204625F0BDFC38B9042001210F4A61
S21400F0C000F012FD284624F064FD4FF48A53CDE983
S21400F0D004930023CDE9025303232121CDE90083C5
S21400F0E006AA3B46304625F0DBFC01210346044ACF
S21400F0F0042000F0F9FC0BB0BDE8F083E5C5030082
S21400F10014C6030038B5D0E9024303F18043023B3E
S21400F11002220F4954F823009D000CF0CFFE60B980
S21400F1200C4B0D491A78042A0BD82C44A06800888A
S21400F13021F8120001321A7038BD084B08491A78B7
S21400F140F1E70121BDE838400420064A00F0CCBCB7
S21400F15042F10300EC5D0020D6570020EB5D002056
S21400F160CC57002026C6030008B5C368806803F1A4
S21400F1708043023B0222064950F823000CF09EFE14
S21400F18010B9044B187008BD0022034B1A70FAE73A
S21400F19042F10300EC5D0020EB5D002037B5D0E9BE
S21400F1A0023153F821208C0015784268521A012A41
S21400F1B0C5BF1B195B686C091C78DCBF44F01804DB
S21400F1C005F01F052946204625F086FB034640B17C
S21400F1D02346012104200E4A009500F085FC03B06A
S21400F1E030BD0121A94074B92346FE224FF6FF70B8
S21400F1F025F006FE012103460420064A03B0BDE8BA
S21400F200304000F071BCFE2241EAC461EEE700BF68
S21400F2103CC603005CC6030070B5D0E9021551F881
S21400F220253001EB8501044618884B681A788B68F0
S21400F230052A1B8802D85E1E072E0BD90121042042
S21400F2400C4A00F051FCBDE87040012104200A4A37
S21400F25000F04ABC6468641B032CCABFC96807492F
S21400F260096825F0CDFDBDE870400246044900203F
S21400F27007F05ABF7AC603009AC6030000F8FF07D5
S21400F280B7C6030008B5D0E9023253F8220003EBF4
S21400F29082035968FF22038809684FF6FF7025F03D
S21400F2A0AFFDBDE8084002460149002007F03CBF1C
S21400F2B0CAC6030008B5D0E9023253F82230052149
S21400F2C04022188825F0CEFBBDE8084002460249D9
S21400F2D0002007F029BF00BFEBC6030008B5D0E941
S21400F2E0023203EB8201486853F82210027840236A
S21400F2F00988312025F009FCBDE80840024602498D
S21400F300002007F011BF00BF0CC7030008B5D0E906
S21400F310023203EB8201486853F822100278402339
S21400F3200988332025F0F1FBBDE808400246024973
S21400F330002007F0F9BE00BF26C703001FB5D0E9BE
S21400F340023253F8221003EB82039B6808881A786F
S21400F3500023D21A18BF0122CDE9023302A94023A6
S21400F360D20125F0E1FB01210090044B0420044A61
S21400F37000F0BAFB05B05DF804FB00BF93C50300C0
S21400F38044C7030007B5D0E9023253F82230032100
S21400F3904022188825F066FB01210090034B0420CC
S21400F3A0034A00F0A1FB03B05DF804FB93C503001D
S21400F3B053C7030037B5C3688268053352F8233055
S21400F3C004211D786A460123044625F032FB38B92D
S21400F3D004200121064A00F087FB684624F0D9FB8A
S21400F3E02B466A4600212046FFF78AFD03B030BD53
S21400F3F06DC7030007B5D0E9023203EB8201486807
S21400F40053F82210027840230988322025F07DFB2D
S21400F41001210090034B0420034A00F065FB03B073
S21400F4205DF804FB93C503009EC7030070B58569AD
S21400F4300446EA0705F0020605D476B1C5F30720B0
S21400F44025F0C9F809E01EB1B2210F482BF02BFBBE
S21400F450A069C0F3810025F0ADF8E3691BB9BA21B5
S21400F46009482BF020FB204614F00EFCE3693EB161
S21400F470607E9847AB0706D0BDE8704025F09FB881
S21400F48020469847F6E770BDB3C7030008B514F0EA
S21400F490EFFE28B1BDE80840472102482BF003BB29
S21400F4A008BD00BFB3C703002DE9F041FF2B04469B
S21400F4B00F4690461D469DF8186005D0FF2E03D0D7
S21400F4C0D52111482BF0EFFA0023FF2D18BFAD0011
S21400F4D00E4A1CBF45F00105EDB222600C4AC4E995
S21400F4E0063818BFA561FF2EC4E901232361E76033
S21400F4F007D0A36943F0020323F47F4343EA0623BD
S21400F500A361BDE8F08100BFB3C70300983E0020AA
S21400F5102DF40000002310B5054C03610460054C73
S21400F520C261C0E901430123C160836110BD00BF11
S21400F530983E00202DF4000070B58669044606F05B
S21400F5400303032B0D4603D1FC2114482BF0ABFA22
S21400F550FF2D16D0B20704D440F201110F482BF04D
S21400F560A2FA284624F0D5FCFF28054604D14FF41D
S21400F57082710A482BF097FA2DB204EB4514204608
S21400F58070BDF307FBD5A36913F00C0FF7D040F25C
S21400F5900B1102482BF087FAF1E700BFB3C7030050
S21400F5A00023054AC0E9063103610260C360034ACE
S21400F5B0034B426083607047983E00202DF40000A5
S21400F5C0553C0200014827F0DFBA00BF983E0020F5
S21400F5D0014827F0E5BA00BF983E002013B50E4854
S21400F5E027F0ACFA23F051FA26F075FA26F097FACF
S21400F5F026F0A1FAFCF748FF0446FCF75FFF234617
S21400F600009001210420054A00F06EFA02B0BDE821
S21400F6101040FCF73FBF00BF983E002046C80300DE
S21400F620022808B503D12BF037FA014B186008BD45
S21400F630C83E002008B50DF05BF90122044B1A7095
S21400F6402BF0B3FABDE8084002490348FDF7E4B8DA
S21400F650EE5D0020F0660020CC3E0020014B1870C6
S21400F660704700BFED5D0020024B187808B106F029
S21400F67093B87047446C002008B5074B1B780BB155
S21400F680002008BDFFF7F0FF0028F9D106F05EFC69
S21400F690023818BF0120F4E7ED5D002070B5FFF7D3
S21400F6A0EBFF174D20B1FFF78DFF0428044613D853
S21400F6B02B781BB92BF079FA01232B7023F0F3F982
S21400F6C00446D8B12B781BB9F7210E482BF0EBF97E
S21400F6D0BDE87040FFF776BF23F0E7F90028E7D0D3
S21400F6E02B785BB12BF0DDF806460021012029F0CF
S21400F6F043FB30462BF0D0F800232B70204670BD1D
S21400F700EE5D002067C803001FB5FFF7C7FF04467D
S21400F710FDF72CFAA04228BF204688B103A929F09D
S21400F72017FF034638B9CDE90000064A0399064894
S21400F7302BF0CEF918B18E2104482BF0B4F9012035
S21400F74004B010BDA52A0300A83E002067C8030029
S21400F7500D4B70B51B780D4D0D4C0121002B0CBFC9
S21400F7602B46234602200B4A00F0BEF90A4B012125
S21400F7701B780220002B0CBF2B462346BDE87040AA
S21400F780064A00F0B1B900BF446C002061F10300E6
S21400F79080F10300FDC80300ED5D00201CC90300D6
S21400F7A010B5D0E9023253F8223002201B7801212E
S21400F7B0002B15BF01240024044A054A00F094F9E2
S21400F7C02046BDE81040FFF749BF00BF3BC9030015
S21400F7D058C90300D0E9023253F82230034A1B7896
S21400F7E0003B18BF01231370704700BF446C002015
S21400F7F038B50125084B1D702BF053F804462946F2
S21400F800284629F0B9FA20462BF046F8BDE83840DD
S21400F81002490348FDF700B8EF5D0020F8660020B7
S21400F820F43E002070B514F0A9FD10F0070F1D4D32
S21400F83011D02B785BB901262E702BF032F80446D7
S21400F8403146304629F098FA20462BF025F8BDE8D8
S21400F850704014F063BB25F0B7FA022803D1124BB0
S21400F8601B78032BE5D914F089FD18B90E4B1B78CD
S21400F870032B14D814F052FB04460028D9D02B785A
S21400F8805BB100262E702BF00CF8054631460120A1
S21400F89029F072FA28462AF0FFFF204670BD4FF086
S21400F8A0FF34ECE7EF5D0020766200201FB5FFF71F
S21400F8B0B9FF0446FDF75AF9A04228BF204688B192
S21400F8C003A929F045FE034638B9CDE90000064AEB
S21400F8D0039906482BF0FCF818B18C2104482BF04D
S21400F8E0E2F8012004B010BD7F2F0300D43E0020B4
S21400F8F077C9030010B5094C0949002007F0FAFB48
S21400F90023681B68587924F03AFB23681B685879EB
S21400F91023F03EFB05F066F9002010BD544400209D
S21400F92005CA030008B525F03FFA024628B1BDE82F
S21400F93008400020014907F0DDBB08BD28CA0300C7
S21400F94008B525F047FA024628B1BDE80840002071
S21400F950044907F0CFBB5422BDE80840FF21024807
S21400F9600BF060BF40CA0300E057002038B50446DD
S21400F9700D4625F033FA024628B1BDE8384000208F
S21400F980034907F0B7BB034B23F8145038BD00BF3C
S21400F9905ECA0300E05700202DE9F34100240C4E18
S21400F9A00C4DDFF838800C4F56F8043B0BB9D8F8EE
S21400F9B0003035F8022B39460092002022460134EA
S21400F9C007F098FB2A2CEFD102B0BDE8F08100BF0B
S21400F9D004670020345800207ACA0300006700201D
S21400F9E008B52A21034825F0F1F9BDE80840FFF7DD
S21400F9F0D3BF00BF3458002007B5D0E9023253F811
S21400FA0022301A78292A0DD8084B53F822300BB921
S21400FA10074B1B680749002031F812100091064971
S21400FA2007F068FB03B05DF804FB00BF0467002026
S21400FA3000670020345800207ACA030008B52A213F
S21400FA40034825F0C5F9BDE80840FFF7A5BF00BF8D
S21400FA503458002038B5D0E9023253F8221003EBB0
S21400FA6082035B680C781D880020044907F042FB7F
S21400FA7029462046BDE83840FFF778BF85CA030010
S21400FA802DE9F34100240C4E0C4DDFF838800C4F66
S21400FA9056F8043B0BB9D8F8003035F8022B394637
S21400FAA0009200202246013407F024FB2A2CEFD1D6
S21400FAB002B0BDE8F08100BF04670020E0570020D8
S21400FAC07ACA03000067002010B5024623F076FAD3
S21400FAD020B9044C236811B11343236010BD23EAF8
S21400FAE00203FAE7B06700200CB413B502460C46D2
S21400FAF023F064FA60B9094B1B681A4208D005A9BE
S21400FB00049801910AF090FD14B1054825F06FFFA6
S21400FB1002B0BDE8104002B0704700BFB0670020DA
S21400FB2084CD0300034610B5D3E9023253F82230E1
S21400FB3008461C78211E18BF0121FFF7C5FF0146A5
S21400FB4048B9084A084B0220002C08BF1346074A4B
S21400FB50FFF7CAFF10BD00210220054AFFF7C4FFC9
S21400FB60F8E700BF83B903007BB9030086CD030026
S21400FB709CCD03002DE9F04105461F460C46DFF8F4
S21400FB802C808E18B44201D1BDE8F08100212846B1
S21400FB9014F8013B069AFFF7A7FF002FF2D0424663
S21400FBA000212846FFF7A0FFECE700BF10C00300C7
S21400FBB00021024A0248FFF7ADBC00BF45FC00002A
S21400FBC0FC3E0020FF21014822F051BFFC3E0020F1
S21400FBD00022034BFF2103481A7022F041BF00BFEA
S21400FBE0F05D0020FC3E002013B5114C2378032B5B
S21400FBF013D8009300230F4A18460F4907F07AFAE5
S21400FC00237842F21072002B08BF0022FF210B4817
S21400FC1002B0BDE8104022F012BF0022084910468C
S21400FC2007F068FA02B0BDE81040FFF7D1BF00BF8A
S21400FC30F05D0020ADCD0300BFCD0300FC3E0020EC
S21400FC40C9CD0300F0B52B4D8FB02B7823B309A890
S21400FC5025F0F4F8022309A88DF8243025F0DCF806
S21400FC6001AA06469446244B03F11007144618686A
S21400FC705968083303C4BB422246F7D105AA174683
S21400FC801E4B03F1100E144618685968083303C457
S21400FC9073452246F7D1E6B1012409A825F06AF893
S21400FCA028B9BDF8243013F0020F18BF01242B78B2
S21400FCB01349002B4FF000034FF0A00208BF19466F
S21400FCC0204625F031F890B92B7801332B700FB011
S21400FCD0F0BD614609A825F0A1F80028DCD1394618
S21400FCE009A825F09BF804460028D6D0D4E7FFF7ED
S21400FCF07BFFECE7F05D0020DC550400EC550400CB
S21400FD0000F8FF0710B50020324907F0F3F9082283
S21400FD100020314907F0EEF9304B314A1978314B63
S21400FD200020002918BF1A462F4C304907F0E2F988
S21400FD30002024F03FFC2368002B47D01B78022BC2
S21400FD4044D900222A4B10462A4907F0D3F923F05B
S21400FD507CF929490246002007F0CCF900F0D0F8DB
S21400FD6026490246002007F0C5F923681B78032BB6
S21400FD702CD900F0D5F822490246002007F0BAF93F
S21400FD8000F0DEF81F490246002007F0B3F900F045
S21400FD90DFF81D490246002007F0ACF900F0A4F891
S21400FDA01A490246002007F0A5F900F0D7F8184CCB
S21400FDB0184954F82020002007F09CF900F024F998
S21400FDC0154954F82020002007F094F9BDE81040AB
S21400FDD024F0F5BBEBCD030007CE0300F15D002059
S21400FDE061F1030080F10300904300202ACE030057
S21400FDF051BB030045BB030046CE03006ACE03009A
S21400FE008ECE0300B2CE0300D6CE0300FDCE030096
S21400FE10B467002024CF030047CF030008B5D0E91D
S21400FE20023253F82230187840B10020074907F014
S21400FE3061F9BDE80840802000F034B8044907F0B6
S21400FE4059F9BDE80840802000F046B86ACF0300A4
S21400FE5087CF0300D0E9023253F82230034A1B78DA
S21400FE60003B18BF01231370704700BFF15D0020F0
S21400FE7018220021094BC3E900121A7B0AB9084A66
S21400FE809A601A7C12B94FF47A72DA8140F6B83268
S21400FE905A8200229A829A75704700BF1C3F002043
S21400FEA0E09304000A4B10B51B687BB11B78032B4C
S21400FEB002D8B0F5007F09D1064C236803432360BF
S21400FEC06368184202D02AF0E2FDA08210BD00BF8F
S21400FED0904300201C3F0020024A136823EA0003D8
S21400FEE0136070471C3F0020014B1868704700BF26
S21400FEF01C3F0020014B9868704700BF1C3F002045
S21400FF00024B9868FA23B0FBF3F070471C3F0020C2
S21400FF100122024B98601A73704700BF1C3F0020F6
S21400FF20024BD889FA23B0FBF3F070471C3F002041
S21400FF300122024BD8811A74704700BF1C3F002074
S21400FF40024B588AFA23B0FBF3F070471C3F0020A0
S21400FF50014B5868704700BF1C3F00202DE9F8434E
S21400FF6000244FF00C08104B104F9D7D104E398822
S21400FF70E3B28B4202D32846BDE8F88308FB03F3BE
S21400FF80F05C06EB030924F01CFB50B9FF21D9F8FE
S21400FF90080022F06CFD20B199F805309D4238BF6C
S21400FFA01D460134E3E700BF1C3F0020EA6B00203B
S21400FFB038680020124B10B51B68124CEBB11B784A
S21400FFC0032B02D823689B0517D52AF060FDA38A69
S21400FFD0C01A638A80B283423EBFD4E9003293439C
S21400FFE0236024F06BFE08B1E08910BD2368002B67
S21400FFF0FAD1FFF7B3FF0128F6D0A068F5E700BFF7
S214010000904300201C3F0020014B987D704700BFA5
S2140100101C3F002038B504460D462AF0E9FD244B66
S2140100201B7813B1204623F00BF8402C27D006D8B6
S21401003084B13F2C18D0BDE8384024F0C0BA4C3CFF
S2140100400C2CF8D81B4B2341DB07F4D40220FFF716
S21401005043FFF0E74FF40070FFF73EFF0220FFF783
S21401006021FF154B1C71E6E74FF40070FFF734FFD4
S2140100700220FFF731FF00220F4B1A71DBE724F055
S21401008021FA0028D7D10C4C0220237901332371A1
S214010090FFF722FF4FF40070FFF704FF2379AB420E
S2140100A0C9D322F0CEFF0028C5D122F0A3FFC2E7B4
S2140100B0F15D0020FEEEFFFF343F002010B505F095
S2140100C05FFB02280AD124F0D5FD034630B1BDE816
S2140100D0104000220249104607F00CB810BD00BFC0
S2140100E0D3CF03000021024A0248FFF713BA00BF2C
S2140100F0BD0001003C3F002038B5002024F05AFA2C
S214010100124B1B6893B11B78022B0FD905F038FBF5
S214010110022816D10E4C2568FFF74CFFA842206036
S21401012008D0FF2122680B4822F089FCBDE8384040
S21401013024F045BAFF21074822F099FC0028F5D1A2
S214010140EFE7FF21034822F08BFCEFE79043002006
S214010150343F00203C3F002002460249002006F0C2
S214010160C9BF00BFE7CF030010B5234C2348FF21CA
S21401017022F076FC207802281ED003282ED00128F3
S21401018004D02120BDE81040FFF7E6BF1C4B1978CC
S2140101900029F7D002231B4A23701378052B0EBFC4
S2140101A000230133DBB29942137003D10523137088
S2140101B00020E7E7052BFBD0124B1B78052B02D15D
S2140101C003232370DDE7104A104932F8230007F0B5
S2140101D085FC032323700028D4D110BD094B0C4A9B
S2140101E01878094B03EB8001897833F8200007F073
S2140101F045FC0123EEE700BFF25D00205C3F0020D6
S214010200FB5D0020466C002088580020F1030100A9
S2140102109D0301002DE9F04F0D46144695B004905C
S214010220112200210FA89946DFF86C810BF0FAFA2B
S21401023004EB45030393D9F800301C2B02D0039B33
S2140102409C4202D115B0BDE8F08F0123DFF844A12E
S2140102508DF81C3023884C4AADF81E309AF80030D1
S2140102604A4D08EB83039B7828788DF82030136875
S2140102708DF81D00CDF821305368CDF8253024F0D7
S214010280A0F9049B8DF8290021882878002B4AD1F3
S21401029023F066FE002844D09AF800300FAA38F8FA
S2140102A0230007A922F0DBFE00283AD023F085FCC4
S2140102B04FF0000B074606461C255FFA8BF2974265
S2140102C034D8B7422BD99DF81C30032B1AD10FAB6B
S2140102D00193BDF8213000220421009301202C4B0C
S2140102E006F08EFD9AF8003008EB83039978274BC9
S2140102F0187806F001FE9AF80030002038F823102E
S21401030024F0B4F85DB107A9304624F0A5FC214BD2
S21401031005461B78304638F8231024F09FFCC9F8B0
S2140103200050023487E723F012FEB3E710460BA90C
S214010330059224F08DFC30B99DF82C1031B9059A40
S214010340B74208BF16460BF1010BB6E7BDF82E0003
S214010350BDF81E209042F6D19DF830009DF8202071
S2140103609042F0D19DF81C208A42ECD1032A14BF9A
S214010370082202220DF121010DF131000BF09EFD44
S214010380002808BF0025DEE7F35D0020456C00204D
S21401039064D20300466C00208858002013B503463B
S2140103A00020114A9C6812780190052A03D01B7818
S2140103B0032B00D12CB9012002B0BDE81040FFF795
S2140103C0CBBE6268217801ABFFF724FF217A0120BA
S2140103D0E26801ABFFF71EFFFF21044802B0BDE84B
S2140103E0104022F035BB00BF466C00205C3F002069
S2140103F0094B1B78052B02D00378032B02D0012072
S214010400FFF7AABE8168054A0B68054813604B686A
S214010410FF21536022F01CBB466C0020F35D0020D8
S2140104205C3F002038B50024114B124D1870124B5A
S214010430FF211C702C7006F05FFD0122032110467F
S2140104400E4B06F0DDFC4FF6FF712246084624F0FF
S21401045010F8044648B940F6B832FF21084822F0A1
S214010460EEFA01232B70204638BDFFF775FEFAE73A
S214010470456C0020F25D0020FB5D00202403040093
S2140104805C3F0020144BF0B51A68144913680978CC
S214010490587988420BD11249D78808460022114D57
S2140104A01E792B78D4B2A34203D8052C0AD100209A
S2140104B0F0BD0C88BC4202D18C78B442F7D0013230
S2140104C00431EFE7A342F2D120F82270013300EBAA
S2140104D0820086702B70EAE754440020456C0020A9
S2140104E088580020FB5D0020FF2307B50021044A41
S2140104F004480093FEF7D8FF03B05DF804FB00BF85
S214010500690101005C3F00201FB5B42303210446A6
S214010510ADF80E3023F01BFD98B121232046009341
S214010520002203210DF10E0323F0C0FE0446002035
S214010530054B064A0649009406F0DCFD204604B049
S21401054010BD8624F3E700BF11D003001ED00300C0
S21401055033D00300D0E9023253F82230034A1B7825
S214010560012113700220024AFFF7BEBA5E6C00201A
S21401057042D003000122014B1A7070475E6C0020C6
S2140105800A4B90F805111B7890F8082119448A4205
S214010590BCBFB2FBF3F103FB11234FF0FF32B8BF30
S2140105A0DBB202FA03F380F80A3170475E6C002072
S2140105B02DE9FF410446057F867EDFF870806E4395
S2140105C0237F98F8002013449D4212DB607F60B9B8
S2140105D0238B029363690193237C00936288A31D96
S2140105E0217805F095FDFF232370002004B0BDE8B7
S2140105F0F081E37EAB42E9D9A77E228BF1199142C5
S214010600A4BF921BD7B205EB0323E3813A463346D8
S2140106102946204622F03DFD0028E7D1637F374476
S214010620013301356377BEB2EDB2C9E75E6C0020D7
S21401063037B5054624F03EFB0D4B04461B6869465C
S2140106401B78032B82BF0B4B1B881B18284688BFC1
S2140106509CB224F0B7FB38B9684624F02DFB18B9D4
S214010660044B1B8823449CB2204603B030BD00BF18
S21401067090430020EE6B0020084B1B78FF2B0BD11C
S214010680074B1B78FF2B07D1064B1B78022B03D099
S2140106904FF48070FFF720BC704700BFBC67002096
S2140106A0AC4000207C3F002010B50446FF2122F01C
S2140106B0D7F9054B9C4202BF0023A4F5887423702A
S2140106C0BDE81040FFF7D8BF8C4000202DE9F04769
S2140106D09A462A4B81461B7888461646BDF8205016
S2140106E0002B49D0FF2D3ED938252846BDE8F08796
S2140106F0234B0C223146A01D636184F80090A4F8B8
S21401070002800BF0E1F8A289414642F4004242F031
S21401071040022046A28122F0CEFC2A46514660695C
S2140107200BF0D2F841464846A21D258324F016F860
S214010730A0760028D8D00544013DB5FBF0F0FF288F
S214010740D2DC0023E0762046A383FFF731FF05467F
S21401075080B923794FF48070B372FFF7A3FB227C34
S214010760099B1A80C1E7074C2778FF2FC0D040F6B7
S2140107700345BAE72770F2E70225B6E75E6C00206C
S214010780FD5D0020AC400020B0F9063010B5002B0E
S21401079025DA144C2278237CFF2A02D0827A9A42E8
S2140107A007D0114C2378FF2B17D0827A237C9A42EC
S2140107B013D169B9637F013BDBB263775BB90B4A3F
S2140107C0237F1278204613442377FFF7F1FE014674
S2140107D0204622F07FFCFFF74FFF012010BD0020CE
S2140107E0FCE700BFAC400020BC6700205E6C002028
S2140107F02DE9F04F9A46B1F9063091B0002B0D461F
S2140108001746DDF86880049080F22981B8F8003038
S214010810FF2B04D94FF4B871A6482AF044F9A64B29
S21401082000241A7893F80401B3F80211002A40F064
S214010830A5802E7AA14A1278B24240F2AF800222F7
S214010840A3F802711A70AA7AFF2483F80421002201
S214010850A3F8084183F80521A3F80621B8F800207B
S214010860954883F80C21FFF78BFE3846FFF7E0FE2C
S214010870214600EB4002924822F0E1F84FF48070E6
S214010880FFF710FB8C4C94F80A91B9F1FF0F20D1B9
S2140108908A4A94F8053112781344B34219DC94F865
S2140108A00C1184F80531B4F80631204601FB0233F9
S2140108B0A4F80631FFF764FE0122824B38461A700F
S2140108C0FFF7B6FE494600EB400204F5887022F0B9
S2140108D0B6F894F80531B34260D8DFF8E0B19BF87A
S2140108E000C00CEB0302964258DA764994F80821C8
S2140108F00878013A002853D0964205DAB8F8002065
S21401090084F80C2100220A70B6FBFCF901220CFBCC
S214010910196994F80A015FFA89F902FA09F2D1B263
S214010920024076B92889000A844584F8080108D966
S2140109302046CDE906210593FFF722FEDDE90621D3
S214010940059B94F80A01014384F80A1182B994F8C8
S2140109500921B4F806C1013284F80921B8F800204B
S214010960DAF800100CEB0200FF2826DD03232370C3
S21401097094F80831013B9E4230D138E0AE7A864287
S21401098002D18F4200D11C462E7A002C7FF47BAF19
S214010990002A3FF44FAF012A3FF44CAF01205FE03D
S2140109A09642B1DA94F80C1198F800209142ABD037
S2140109B004F58870FFF778FEF0E794F80CE1F31A77
S2140109C00EFB03C3A01C10FA83F005920AF07CFF0D
S2140109D094F80831059A013B9E4244D0012394F8CD
S2140109E00A2103FA09F3013B1343FF2B04D12246E4
S2140109F02946384622F060FB94F8083194F809211C
S214010A009A42CBD19BF80030B2FBF3F103FB1122E3
S214010A1012F0FF0218BF13462278022A26D1264A70
S214010A20023410785178012804BF01315170012237
S214010A3024F8022CEA88B4F8041122F04002EA8075
S214010A4094F809210A44591E94F80A3113FB01F35C
S214010A501344A8F80030CAF80040FFF70DFE002046
S214010A6011B0BDE8F08F84F80B21C0E76979002941
S214010A7094D0032A92D1B4F8062194F80B1108AE4B
S214010A8011445A1E94F80C31284613FB02F30B440A
S214010A9000219BB2A21CA8F80030CAF80020CDE9BC
S214010AA000710296049907F005FD8921304623F06E
S214010AB052FE7DE769D003007C3F00205E6C00207B
S214010AC08C400020FC5D002013B5044618B10128B7
S214010AD00BD002B010BDFF2301460093064A07481B
S214010AE0FEF7E2FC064B1C70F3E7FFF743FDFF221F
S214010AF0044B1A70EDE700BFA90601008C400020E8
S214010B007C3F0020AC40002013B501A909F04AFE45
S214010B10044648B9BDF806309DF80420034906F09E
S214010B20E9FA204602B010BD8120FBE700D10300A0
S214010B3013B5694609F042FE044688B9BDF802308D
S214010B409DF80020074906F0EFFA2046019906F0C5
S214010B5043FA2046044906F0CDFA204602B010BDFD
S214010B608120FBE724D103004AD1030037B569464B
S214010B7009F048FE044618BB9DF801309DF8002098
S214010B80104906F0D1FA104D9DF80120E3B29A42C1
S214010B9006D800200D4906F0ADFA002003B030BD9E
S214010BA00198630003F4FF7302220021184423F026
S214010BB0EBFC29460246002006F0B6FA0134E3E7CC
S214010BC08120EBE74CD103007BD103002403040012
S214010BD013B501A909F0ECFD044648B9BDF8063085
S214010BE09DF80420034906F085FA204602B010BDA0
S214010BF08120FBE785D1030030B500240B4D85B07D
S214010C006946E0B224F024F850B99DF80030032B71
S214010C1006D12946BDF805309DF8012006F06AFA8E
S214010C200134202CECD105B030BD00BFACD103009F
S214010C3008B50020034906F05DFABDE80840FF202C
S214010C4000F0DEBABED103002DE9F04F85B00646AE
S214010C500D46174622F07EFA044640B130463A4623
S214010C60294622F061FA002005B0BDE8F08F4FF06A
S214010C7003094FEA15285FFA84FA6946504623F0BD
S214010C80E7FFB8B99DF800B0BBF1000F12D1694675
S214010C9050468DF800908DF805508DF806808DF839
S214010CA0016023F0D9FF02460028D7D058460649EE
S214010CB006F020FA0134202CDDD10020034906F08D
S214010CC019FA8920D0E700BFD3D10300FAD1030077
S214010CD01FB5002304468DF80F3022F026FA28B1FE
S214010CE09DF80F3063F07F038DF80F3018230193C2
S214010CF00DF10F030022009304214023204623F028
S214010D00C4FA024618B10020024906F0F3F904B00D
S214010D1010BD00BF15D203001FB502A909F060FD82
S214010D20044688BBBDF80820184906F0FDF92046A0
S214010D30039906F051F92046154906F0DBF94FF6FE
S214010D40F672BDF80810134C4B1E9BB2934219D88D
S214010D502368039A1B685879FFF776FF23681B7987
S214010D60012B0BD8BDF808300022CDE90003042181
S214010D70094B092006F044F823F0E7FC6FF0FF006A
S214010D8004B010BD8720E9E78120F9E734D20300DB
S214010D904AD10300544400204BD2030070B50446E8
S214010DA08AB005AD1122002128460AF03BFD2046F7
S214010DB004A909F009FD044600283AD11E4EBDF8E3
S214010DC010201E4906F096F932681379012B28D8AF
S214010DD04FF6F670BDF810104B1E9BB2834224D816
S214010DE01368587922F0B6F908B333682A461B68A7
S214010DF0BDF81010587922F096F9BDF8103001228E
S214010E000421CDE9004309200D4B029505F0F8FFBA
S214010E1023F09BFC034620B100200A4A0A4906F04B
S214010E2069F96FF0FF000AB070BD8724E5E78B24EF
S214010E30E3E78120F7E700BF544400204ED20300C9
S214010E4063D2030067D2030072D203002DE9F04794
S214010E509AB004A909F0D0FC0446002840F0B580F9
S214010E609DF810205B4906F05FF925465A4E9DF81D
S214010E701020EBB29A4254D80020584906F03AF9AD
S214010E809DF81050002D40F099802C462E46544F68
S214010E9006A9F0B223F0DCFEC8B99DF81830032B82
S214010EA015D13B689DF819201B685B799A420ED1D3
S214010EB09DF81D2005F168036B4403F8402C9DF84E
S214010EC01E200235013403F83F2CEDB2E4B20136A0
S214010ED0202EDDD19DF810300BB1002C77D00AAB57
S214010EE0CDE90143FF2302220421009309203D4B53
S214010EF0039505F085FF23F028FC034660B19DF8B5
S214010F001020002A5FD0384A3849002C08BF0A460C
S214010F100020374906F0EEF86FF0FF001AB0BDE882
S214010F20F08705986B0003F4FF7302220021184432
S214010F3023F02AFB31460246002006F0F5F801357B
S214010F4095E70598730003F4FF7302220021184405
S214010F5023F01AFB002780465FFA80FA06A9F8B24A
S214010F6023F076FE00BB9DF81830032B1CD1D9F870
S214010F7000309DF819201B685B799A4214D19DF8C0
S214010F801D30534510D19DF81E30C8F307229A42F2
S214010F900AD105F168036B440235013403F840AC0D
S214010FA003F83F2CEDB2E4B20137202FD6D101363B
S214010FB09DF81020F3B29A42C3D88BE70025DFF8DC
S214010FC020902E46F4E7084AA2E78120A6E78B2068
S214010FD0A4E700BFCCD203007BD1030024030400A6
S214010FE054440020EBD203009DD20300BBD2030081
S214010FF0EFD203002DE9F04389B002A909F0EAFB1C
S2140110000446002867D1BDF80820344906F072F876
S2140110104FF6F672BDF80850DFF8D4906B1E9BB2FF
S214011020934254D8D9F8003029461B685F79384670
S21401103022F090F800284CD026465FFA86F8404603
S21401104003A923F005FE28B92946384603AA22F04B
S2140110506EF820B90136202EEFD14FF0FF0840463A
S21401106023F0F4FD014658BB112203A80AF0DAFB6F
S2140110702946384603AA22F057F8D9F800301A79DB
S214011080012A18D81B68BDF80810587923F03DFAD4
S214011090BDF8083003220421CDE900430920104B96
S2140110A005F0AEFE23F051FB034620B100200D4AA9
S2140110B00D4906F01FF86FF0FF0009B0BDE8F08398
S2140110C002460A49002006F015F80124D5E78724D0
S2140110D0D3E78B24D1E78120EFE700BF11D30300CC
S2140110E04BD203004FD3030072D2030028D3030070
S2140110F0544400202DE9F043DFF894800020D8F80E
S214011100003021491B688BB05E79002505F0F2FF9F
S21401111001275FFA85F9484601A923F099FD04469F
S21401112090B99DF80430032B0ED19DF80530B342DB
S2140111300AD1484623F08AFD0146A0B1024613496A
S214011140204605F0D7FF27460135202DE1D1D8F8F6
S214011150003000211B68587923F0D7F987F0010089
S2140111600BB0BDE8F083112205A80AF05BFBBDF8C1
S21401117009403046214605AA21F0D6FF21463046D1
S21401118023F0C3F9E0E700BF5CD3030028D30300D4
S2140111905444002037B5694609F028FB044638BB9D
S2140111A0BDF80020134905F0BFFF134D20460199F5
S2140111B005F012FF2046114905F09CFF2B681B68BD
S2140111C0587923F0B1FA70B14FF6F672BDF80010F7
S2140111D04B1E9BB2934209D82B68019A1B6858791B
S2140111E0FFF732FD0446204603B030BD8724FAE7F8
S2140111F08120F9E770D30300544400204AD103004C
S2140112007FB505460024E6B26946304623F020FD48
S214011210A8B99DF80030032B11D19DF80130AB42DF
S21401122004D0FF2D0BD19DF80D3043B9304623F085
S2140112300DFD024618B10020034905F05BFF01349D
S214011240202CE0D104B070BD28D30300034B1B68EB
S2140112501878012808BF0220704700BF904300207D
S214011260D0E9023253F822301A78024B1A7000F095
S214011270E7BA00BFFC5E002070B5D0E902456B1EE0
S214011280DBB254F8230003221B490AF017FE54F878
S214011290253004EB8504197863681A78A2F10B03EC
S2140112A00F2B05D915490020BDE8704005F022BF77
S2140112B001290FD1124C9140236840B90B43114AC2
S2140112C023600020BDE870400F4905F013BF23EAF4
S2140112D00103F4E702290CD101230C4903FA02F2B7
S2140112E00B6818B913430A4A0B60EAE723EA0203BC
S2140112F0F9E70A460749D6E794D3030098D30300D3
S214011300E0670020AED30300B6D30300DC670020FD
S214011310C9D30300D3D3030007B5D0E9023103EBE9
S214011320810253F821300B491B785268012B0A4B76
S21401133008BF0B4612684FF000001A600092074A79
S214011340074B084918BF1346074A05F0D3FE03B0FA
S2140113505DF804FBE0670020DC670020EED30300A5
S214011360E6D30300F8D303000C56040038B5254A2B
S214011370254B264C0020264905F0BCFE00202549B9
S21401138005F0B8FE22682449002005F0CDFE20684D
S214011390224C234D05F088FE2146002005F0AAFECA
S2140113A02A682049002005F0BFFE286805F07CFE6B
S2140113B02146002005F09EFE1B4B1C491A781C4B4B
S2140113C0002053F8223005F095FE00F00DF919497A
S2140113D00246002005F08EFE174B00201A781749AA
S2140113E005F088FE164B17491A78002005F082FE94
S2140113F004F0C6F9BDE8384002461349002005F05E
S21401140079BE00BF0C56040012D40300E06700202A
S21401141019D4030021D403002FD4030092BA030089
S214011420DC67002040D403002A5F002051D403006B
S214011430E467002064D403000F5F002078D4030023
S2140114400E5F00208AD403009CD4030007B500F089
S21401145071F8054B0090054A0020054905F04AFE43
S21401146003B05DF804FB00BFB2D403000C560400C1
S21401147033D00300F8B504460B4F0C4E0C4D00203C
S2140114800C4A0D4905F036FE20463B78297832781D
S214011490F4F782FE00233B7033702B70FF21BDE80A
S2140114A0F840064821F0DCBA2A5F00200E5F0020D3
S2140114B00F5F00200C560400B7D40300CC40002078
S2140114C037B51248FF2121F0CBFA114B187810F0EE
S2140114D0100505D0002003B0BDE8304003F01CBF66
S2140114E00121B42004F0C6FA04460A4B0A4A0B4905
S2140114F00090284605F0FEFD2046FFF7BBFF4FF49F
S214011500806003B0BDE83040FEF7E6BCCC4000206A
S2140115102A5F0020CED403000C56040033D003000B
S2140115200021024A0248FDF7F5BF00BFC1140100C1
S214011530CC40002008B5054B1B7823B11720FFF7D8
S21401154099FF002008BD0220FCE700BF2A5F0020AB
S21401155010B550B1054B00F1100250F8044B904203
S21401156043F8044BF9D1024B197010BD105F0020EF
S214011570205F002037B5174D04462B78DB0626D5AD
S2140115800090154B0020154A154905F0B3FD1E2C99
S2140115900BD0652C09D0032C19D0002023F0D0FBEA
S2140115A040F61C40FFF766FF0DE023F0F1FB4FF419
S2140115B0FA63B0FBF3F202FB1300C218FF210948DD
S2140115C092B221F03CFA2B7823F010032B7003B073
S2140115D030BD00BF2A5F0020E7D403000C5604008C
S2140115E033D00300CC400020014B1879704700BF70
S2140115F09C58002070B54C4E8EB0337803F0FB0239
S214011600A3F10905022AEDB258D0042B41F60412C3
S21401161057D0A3F108014B424B415B0013434348AB
S214011620ADF80C3021F0C6FD48B9414B3F4A03F1F5
S214011630100153F8040B8B4242F8040BF9D13D4BD1
S2140116401B78002B3FD03C4B0DF10E0203F110012D
S21401165053F8040B8B4242F8040BF9D103A823F08C
S2140116608FFB2328044610D1012D49D80020334A88
S214011670334905F03FFDBDF80C3003A823F40053B1
S214011680ADF80C3023F07CFB0446002C41D14FF41E
S2140116900C7023F073FB044600283AD103F0FAFEDF
S2140116A0012D36D8274A01AB1068516803C3264975
S2140116B001A823F0C1FB78B319242AE043F60412EB
S2140116C0A7E70223AAE73378042B0DD0082B0BD00B
S2140116D01E4B0DF10E0203F1100153F8040B8B4261
S2140116E042F8040BF9D1B9E7104A0DF10E0302F1E5
S2140116F0100152F8040B8A4243F8040BF9D1ADE706
S214011700337803F0FB03022B03D10020104905F0C8
S214011710F1FC20460EB070BD044901A823F08CFBF5
S21401172004460028C8D1F4E72A5F0020FE5E0020A8
S214011730B4D50300205F0020105F00200C56040083
S2140117400BD50300C5D50300FC550400CED5030018
S21401175066D5030070B5002686B00446252023F022
S214011760F5FA1622002116480AF05CF8154B1E60A1
S214011770154B1878FFF76AFD022814BF01230423CE
S21401178003208DF8083023F02FFB04238DF810304A
S2140117900E4B02A80593039403F030FD05460C4B4F
S2140117A00C4A19680C4B3046A14208BF13460094F8
S2140117B00A4A0B4905F09EFC284606B070BD00BFDC
S2140117C09C580020EC4000202A5F0020B51A01003A
S2140117D0E0670020E6D30300EED303000C560400B6
S2140117E0DFD5030008B5134A1378042B09BF124B43
S2140117F001331B78C3F10603DBB2137003F0FD025D
S214011800092A04D11720FFF735FE172008BD0A4A1A
S2140118101278002A14BF052206229A4207D1074BE6
S21401182018680028EED0FFF795FF4D20EEE7002060
S214011830ECE700BF2A5F0020205F0020DC67002065
S21401184073B51E4C1E4E23683268134334D01D4BAD
S2140118501B6853B31C4D2B783BBB03F091FFF8B9C3
S2140118604FF48060FEF71EFB184B24681B7894B17A
S214011870C3F102032B7003F047FD2046FFF76AFF12
S21401188004460020124B134A1349009405F032FC1B
S214011890204602B070BDC3F1060334682B70EAE738
S2140118A00121B42004F0E6F8EAE70020094A0B49D2
S2140118B005F020FC0224E4E70224E9E7E0670020C3
S2140118C0DC670020904300202A5F0020205F002074
S2140118D027D603000C56040033D003000DD60300B0
S2140118E02DE9F347384D394E00202A792B8838499F
S2140118F005F000FC3268287922FA00F010F00100A9
S21401190002D1344905F0F6FB334F3C783CB108224E
S214011910324933480AF0D2FA041E18BF0124DFF810
S214011920DC80DFF8A490DFF8B4A014E098F800009B
S21401193049460130C0B288F8000023F0F9F90028C2
S21401194035D13C783CB10822514625480AF0B6FA12
S214011950041E18BF01242A793368D340DB07E5D576
S214011960002CE3D100922B881E4A1F49204605F021
S214011970C1FB1E4B1878FFF769FC012303221249AD
S21401198023F0DCF91A4A054613780133137010B9AF
S21401199002B0BDE8F08720462B46124A154905F0ED
S2140119A0A9FB284602B0BDE8F047FFF763BD00205B
S2140119B0114905F09FFBFFF715FF0028E8D102B09B
S2140119C0BDE8F04700F01CB89C580020EC40002011
S2140119D02DD603005ED60300295F0020215F00207C
S2140119E0AA5800200C5604002DD703002A5F0020B9
S2140119F00E5F0020CED60300F7D60300FD5E002062
S214011A002DE9F041214C224D2378002055F8233052
S214011A10204A214905F06EFBFFF7ECFD03461D4EFB
S214011A201E4FDFF874802BB92378042B15D8B3B971
S214011A301B4B15E032463946002005F05BFBFFF7ED
S214011A40D1FE00BB2378324655F82330414605F0D7
S214011A5051FBFFF7CFFD0346E5E7092BE8D1114B14
S214011A6000201B68104A11491360114B187023F0AF
S214011A705FF920B1BDE8F0410120FFF7FBBCBDE8EE
S214011A80F041FFF72DBFBDE8F08100BF2A5F0020BF
S214011A90E46700200C5604004DD703005AD7030014
S214011AA0DC670020E0670020EC4000209C58002006
S214011AB0FD5E002070B51C4C23789BB3838913F41C
S214011AC0407F2FD0056835B12A46BDE8704000201A
S214011AD0164905F00FBB23F029F9154E0346307061
S214011AE0144A2846144905F005FB33781BB1BDE8B6
S214011AF07040FFF785BF2378082B0CD8042B0CD831
S214011B000E4B1B78C3F1060323700D4BBDE87040E6
S214011B101868FFF71FBE0A2BF2D1BDE870401820E7
S214011B20FFF7A8BC70BD00BF2A5F002085D7030061
S214011B300F5F00200C560400B2D70300205F002080
S214011B40DC67002030B5464D03460446454A002072
S214011B50454987B005F0CEFA2B782BBB01A823F0B8
S214011B606DF9022301A88DF8043023F055F9B0B9B8
S214011B703E4901A823F052F988B1152C0FD123F064
S214011B8007F947F23153B0FBF3F202FB130000F5FD
S214011B901C50103080B203F0BFFB07B030BD162CCE
S214011BA0FBD103F0F3FBF8E7152C2AD100202D4AD0
S214011BB02F4905F09FFA2B78042B11D0082B0FD054
S214011BC02C4B1B78DA070BD401A823F0D3F818B9ED
S214011BD0BDF804309B0703D42B7843F010032B7019
S214011BE023F0D6F84FF4FA63B0FBF3F2FF2102FBC1
S214011BF01300C218204892B207B0BDE8304020F06A
S214011C001EBF23F0F7F804460028C6D12B78013B07
S214011C10092B1ED8134A194905F06CFA184A1949B6
S214011C2013780133D8B2107023F082F860B12046E1
S214011C30154905F05FFAFFF7D5FD0028ADD107B0CD
S214011C40BDE83040FFF7DCBE07B0BDE83040FFF727
S214011C5047BE40F61C4007B0BDE83040FFF70ABC5F
S214011C602A5F00200C560400D6D70300FC5504005A
S214011C70EDD70300FC5E0020CC40002000D8030016
S214011C80FD5E00209C580020F7D603002DE9F041A8
S214011C900B4686B004460E4617463A4902460020D1
S214011CA005F028FA4FF000080123CDE901380DF1BF
S214011CB016030093424640230621204622F01AFBD3
S214011CC0054640B102463049404605F013FA28461B
S214011CD006B0BDE8F0819DF816202AB936B9002075
S214011CE02A4905F007FAF2E7012EF8D082F001033F
S214011CF0002027498DF8173005F0FCF99DF81730BC
S214011D000DF1170633B310230022CDE90063062137
S214011D104023204622F0B9FA064630B1324600206A
S214011D201C4905F0E7F93546D1E74FB908212046A9
S214011D3022F00DF920B120469DF8171022F0E6FB9F
S214011D400521204622F003F90028C0D0204622F0C3
S214011D50DAFBBCE74FB90821204622F0F8F820B19B
S214011D6020469DF8171022F0D1FB10230022CDE962
S214011D70006306214023204622F087FA0646002803
S214011D80DED0CBE72FDA03004BDA030064DA030078
S214011D9084DA0300A4DA0300002208B5034B1146D7
S214011DA01B681B685879FFF771FF08BD5444002073
S214011DB008B5044B00221B6801211B685879FFF700
S214011DC065FF08BD5444002008B5044B00221B687B
S214011DD002211B685879FFF759FF08BD54440020BB
S214011DE010B50123002488B001A88DF80430CDE990
S214011DF00244F5F7E3FC20469DF80420124905F05D
S214011E0079F92046039A114905F074F92046029A99
S214011E100F4905F06FF910220E4B0DEB02011888E1
S214011E2040F0604040F48010FBF744F920460A4930
S214011E3005F07AF904A822F0E9FB2046074905F0E7
S214011E4059F908B010BD00BFBDDA0300DCDA0300A3
S214011E50FBDA0300BC5504001ADB0300240304006C
S214011E6008B521F0D8F90020024905F043F9012010
S214011E7008BD00BF37DB03000023054A8360C3604B
S214011E80044BC0E9002311B14FF6FF730B80704776
S214011E90491015B20030031110B5044660B1002098
S214011EA0064905F027F9052C06D002F0CBF90449BE
S214011EB00246002005F01EF9012010BD4BDB030091
S214011EC05CDB030037B500216A4601AB054621F00D
S214011ED063FA044668B100220F49104605F00AF974
S214011EE002F0B0F90D490246002005F003F903B0EF
S214011EF030BD0B4905F0FEF8012020F0A2F901F0F3
S214011F0099FF431C02D007F09DFFF0E721462846C3
S214011F10FFF7A6FFEBE700BF85DB03005CDB0300F2
S214011F20CDDB030038B5054601F084FF044622F0F8
S214011F30B6FA4DB100200E4905F0DCF8631C14BF5B
S214011F402046002007F040FF21F073F902280446DE
S214011F5005D0012805D10020064905F0CBF820461A
S214011F6038BD0020044905F0C5F80024F7E700BF96
S214011F70EADB030004DC03001DDC030008B50020D7
S214011F80034A044905F0B6F8BDE8084000F050BD24
S214011F90C7EB030036DC030008B50020034A0449FA
S214011FA005F0A8F8BDE8084001F0CAB955DC030001
S214011FB036DC03001FB5D0E9023253F822306846FA
S214011FC01C78214601F0D0FB684601F073FC28B965
S214011FD02246044905F08EF804B010BD6846FFF7A6
S214011FE071FFF9E75BDC03000020014905F082B8C8
S214011FF077DC03007FB50DF1060102A8FFF73CFF71
S2140120000020264905F076F80020BDF8082024496E
S21401201005F070F80020BDF80A20224905F06AF89C
S214012020039A0020204905F065F800201F4905F0B5
S2140120307BF84FF6FF73BDF806209A4229D00020A0
S2140120401B4905F057F800201A4A1B4905F052F8BB
S21401205000201A4A1A4905F04DF80022194910467F
S21401206005F048F80020154A174905F043F80A22FA
S2140120700020164905F03EF80A220020144905F012
S21401208039F80A220020134905F034F807B05DF844
S21401209004FB0020104905F02DF8D4E786DC030088
S2140120A09EDC0300B7DC0300D0DC0300E9DC0300A0
S2140120B0F4DA0300E0930400FFDC0300C027090004
S2140120C01EDD03003DDD03005CDD03007BDD030058
S2140120D09ADD0300B8DD0300FCDC030008B5002030
S2140120E0034905F007F8BDE80840012001F0FAB9F8
S2140120F0D6DD030008B50020034904F0FBFFBDE868
S2140121000840002001F0EEB9EFDD030030B5104BBA
S214012110104D1B5C85B08DF80F302B78044683423A
S21401212006D00D4B0D4953F82020002004F0E2FFA5
S21401213030232C700A4801930DF10F0300930622F9
S21401214080231921007822F0A0F805B030BD00BF29
S21401215023560400325F00203056040007DE0300D9
S214012160486C00201FB5232303900193064803AB58
S2140121700093012280231921007822F086F8039823
S21401218005B05DF804FB00BF486C002073B5164D22
S21401219004462B78154ECBB121F06CF8012815D0EA
S2140121A0346040F6B244124B1B78072B17D02D78BB
S2140121B0C5B921F05FF8031E18BF01230D4800952D
S2140121C022461921007821F0E4FB03E00023336066
S2140121D0002CE8D1201E18BF012002B070BD0225D8
S2140121E00123EBE70025FBE72F5F0020F0400020EE
S2140121F0325F0020486C002008B50448FFF7C6FF90
S214012200BDE808400220FFF781BF00BFC0270900D4
S21401221010B5064C208822F07AF9608822F077F90A
S2140122206068BDE8104022F081B900BFF44000208C
S2140122307FB523238DF813300DF113030293042386
S2140122400648019305AB00930122802319210078EB
S21401225022F050F8059807B05DF804FB486C0020A2
S2140122602DE9F047DFF84C91044699F800009046B6
S2140122700F4621F04EFE0B2899F8002005D9BDE83F
S214012280F04700203F4904F035BF00263E4B3F4D46
S2140122901E803F4BDFF820A103EB00135B88012073
S2140122A02B802A7104F04EFE05F0F6FE04F04AFE7D
S2140122B0204604F047FE0123042C8AF800300BD890
S2140122C0022C45D89C4216D02346BDE8F047002094
S2140122D0304A314904F00EBF062CF5D130462F495D
S2140122E004F008FF384604F02DFEFFF791FF97B182
S2140122F08AF800600FE04FF6FF76294F3888801B7A
S21401230018BF012004F01EFEFFF782FF3888B04296
S21401231001D022F0FCF819236B8099F800300020D8
S2140123202B71204B1B786B71EB8843F04003EB80DD
S2140123301D4B198822F09AF8034620B12246002048
S2140123401A4904F0D7FE4046BDE8F047FFF71EBF26
S214012350304604F0F7FDFFF75BFFFFF769FF22F059
S214012360E5F8134B1B78002B0CBF3F20202004F010
S214012370E9FD042CCFD14FF4806022F0C8F832205A
S214012380C7E700BF1ADE0300C0580020C45800206B
S214012390C4420020D4CB030066DE030049DE0300FE
S2140123A0B4580020476C0020E86B00207FDE030055
S2140123B02E5F0020486C00202F5F002038B50446B1
S2140123C005200D46FFF7A2FE184B1A884FF6FD733F
S2140123D09A4207D10020164904F08CFEBDE8384029
S2140123E0FFF70ABF65B1134A13780133DBB2092B35
S2140123F0137014D90A2200200F4904F07BFEEDE782
S214012400012C0ED10B4B1D700C490D48FFF734FD06
S214012410BDE83840002101200A4AFFF721BF012C00
S214012420F2D0BDE838400748FFF7B0BEE86B0020A1
S214012430B9DE0300315F0020E4DE0300B45800205B
S214012440F4400020E093040008B50649002004F09B
S21401245051FE0548FFF736FDBDE808400021084655
S214012460FFF7ACBF28DF0300F4400020814237B5F8
S2140124700346154608D2002000910F4A0F4904F082
S21401248039FE002003B030BD0C1A224600200C494C
S21401249004F030FE40F6BB5322460020094904F002
S2140124A029FE4FF47A735C43074B01209C4294BF8C
S2140124B02C602B60E6E700BFD4CB030039DF0300B6
S2140124C076DF030091DF030080EE360010B5044688
S2140124D00820FFF71BFE0D4B3CB91C700021BDE820
S2140124E0104006200A4AFFF7BBBE1B78092BF5D918
S2140124F00A220020074904F0FDFD0020064904F0E9
S214012500F9FDBDE81040FFF79FBF00BF315F002017
S214012510C0270900BDDF0300FEDF030073B51F4DB2
S2140125202C7834B100201E4902B0BDE8704004F09A
S214012530E1BD0220FFF7EAFDFF221A4E1A4B307862
S2140125401A7021F0E6FC0B2807D920463278174985
S21401255002B0BDE8704004F0CDBD154B154900939F
S21401256001EB0011012319224FF6FD70498805F091
S21401257037FA70B12046104904F0BCFD00220F4B1B
S2140125800F481C700F4B1A7002B0BDE87040FFF781
S214012590FDBD01240C492C70EEE700BF305F002022
S2140125A00FE00300486C0020476C00201ADE030091
S2140125B0AD280100C442002050E003002F5F002038
S2140125C0C0270900315F002076E0030038B5144DBE
S2140125D004462B78052B21D91249FFF75DFC24B957
S2140125E018B9114904F086FD0424104B195D21B970
S2140125F0BDE838400846FFF769BF032C06D02B78A4
S214012600052B03D006200A4AFFF72AFE0021094BB4
S21401261008461970BDE83840FFF7D0BE38BD00BF88
S214012620325F0020F440002098E0030019560400B1
S214012630C02709002F5F002030B5044689B0072067
S214012640FFF764FD052C0AD100222A4B03A91A7054
S21401265002A804AA01F0FEFD30B1022045E09CB9B3
S2140126600122244B1A700224224D287878B1421E8A
S214012670504221495041FFF755FC022304462B7076
S214012680022C0ED10A200FE0022CE6D1EBE7631FE5
S2140126905A424FF0050018495A4120F0F2FD04460F
S2140126A0EEE7032C04D10020FFF770FD09B030BD22
S2140126B0062C06D10020114904F01CFD01232B70C5
S2140126C0E0E70F4A0F4B2878002C18BF13460E4937
S2140126D00E4A0094002808BF0A4600200C4904F060
S2140126E009FD201E18BF0120400009B0BDE830409A
S2140126F0FFF76CBF2D5F0020F4400020D3E00300FD
S214012700CCE00300C5E00300B4E00300BEE0030034
S2140127100EE1030013B51F4C0620FFF7F7FC2278E5
S214012720092A09D900201C4904F0E4FC042002B05F
S214012730BDE81040FFF74ABF184B1B782BB30020AB
S2140127401FF0A3FD20F096FD68B9FFF771FD144B4D
S214012750196820F086FD02460420002102B0BDE87B
S2140127601040FFF77DBD01A820F082FDFF2809D1AA
S2140127704FF4FA6023780133237002B0BDE81040AD
S214012780FFF704BD0198FFF7EDFC4FF4FA62032052
S214012790E3E700BF315F002029E103002E5F002040
S2140127A004410020F023F0B589B0CDE90003344898
S2140127B08023002219210078324E334F21F065FD27
S2140127C00020324904F096FC3246394603A801F04F
S2140127D041FD032804462E4D1CD10626039A2D4999
S2140127E0002004F087FC0398FFF7BCFC0020396842
S2140127F000F0ACFE2E7001F09FF900220446264B35
S21401280030461A70FFF782FC84BB09B0BDE8F04081
S214012810FFF780BF28BB7268204904F06BFC214695
S21401282004A8FFF729FB059B726893420BD020464C
S2140128301B4904F05FFC072305202B7009B0BDE897
S214012840F040FFF7F9BE1A462046164904F052FC3E
S2140128500523002101202B7009B0BDE8F040FFF7E9
S214012860ADBD0020104904F045FCF1E7042C05D06D
S214012870042009B0BDE8F040FFF7A8BE09B0F0BDDE
S214012880486C0020F44000200441002061E1030070
S214012890325F002092E10300315F0020CDE10300AA
S2140128A006E203005AE2030096E20300F7B5044687
S2140128B0876800202378364D012B287004D0354BCD
S2140128C03549187004F016FC26785EBB334B1B782E
S2140128D0FF2B04D103B0BDE8F040FFF78DBC304BB1
S2140128E01B78032B11D82F4C0320FFF70FFC6946EA
S2140128F0208822F067FA002843D02B49208805F06B
S214012900EDF820B12E70FFF777FC03B0F0BD01247F
S214012910204B26491C7004F0EDFB0320FFF7F6FB65
S2140129202C70F2E7012E25D13B78002BEDD01B4D04
S2140129302B78FF2BE9D1A68802F04AFF864206D102
S21401294000201B4903B0BDE8F04004F0D3BB194B8F
S214012950A2881B783BB132B11749002003B0BDE80D
S214012960F04004F0C7BB7B6814491B782B700D4BF5
S2140129701A80F2E7032E08D108226846A16808F0FB
S214012980A3FF6846FFF70EFFBFE700232B70A1E702
S2140129902F5F0020305F0020B1E20300476C00206B
S2140129A0325F0020E86B0020AD28010076E00300CE
S2140129B0D1E203002C5F0020F7E2030022E30300CC
S2140129C07FB5094B1A78FF2A0AD1187001F088FBE7
S2140129D00022064B0DF1060102A81A80FFF74CFAF9
S2140129E007B05DF804FB00BF486C0020B258002019
S2140129F0152838B517D10C4B1D78A5B922F0C8F9A2
S214012A00C4B2012C38BF01240120FFF77FFB284602
S214012A102246064904F06EFB4FF47A706043BDE827
S214012A203840FFF7B3BB38BD325F00203FE30300F9
S214012A30034B1B78022B01D8FFF770BD704700BF10
S214012A40325F002070B5284C20F00FFC2578274E09
S214012A50BDB10020264904F04DFB264A1378013308
S214012A601370002323703378062B0AD1BDE870401B
S214012A70214B1868B0F5FA6F38BF4FF4FA60FFF7CC
S214012A8085BB3378013B082B2CD8DFE803F005091A
S214012A900D2B13191D222700BDE87040FFF7C8BF94
S214012AA0BDE87040FFF73ABD00232370BDE87040D3
S214012AB0FFF7A2BB2946BDE870400120FFF77EBCA8
S214012AC0BDE87040FFF726BE0220BDE87040FFF764
S214012AD0B3BD0120BDE87040FFF7F8BCBDE870400B
S214012AE0FFF7B2BC70BD00BF2F5F0020325F002031
S214012AF06EE30300315F0020F040002010B905208E
S214012B00FFF764BD034B1B78062B01D1FFF79ABF75
S214012B10704700BF325F00202DE9F0478E680546FA
S214012B2033189A780C46092A8EB008D90020A34992
S214012B3004F0E0FA852420460EB0BDE8F08750B9CF
S214012B408B899F49895C8B4205D200919D4904F08F
S214012B50D1FA8024EFE79C4BE7881B889F4236D04A
S214012B609A490978012932D932B13A460020984962
S214012B7004F0C0FA7E24DEE7964B1A70934B267952
S214012B801B78052B03D0012B3AD8FFF751FF5EB90E
S214012B903146204621F0DFFD0346002851D030465D
S214012BA08D4A8E4904F0A6FAD4F80880A48998F8CC
S214012BB0037098F80450002E4CD13046884A894953
S214012BC004F098FA00210120FFF7F8FB4FE00021FE
S214012BD0804B1970072A00F28A8301A353F822F06A
S214012BE07D2B01002B2D01002B2D01003D2F010017
S214012BF03D2F01003D2F0100D3310100D3310100EB
S214012C00022B17D102F0E4FD8742B3D00020764AAA
S214012C10764904F06FFAFFF781FC46BB3146204641
S214012C2021F099FD034610B36B4A6C49002004F06D
S214012C3061FA1CE06E4A00206E4904F05BFA01243A
S214012C4079E7A3681B78DA06AED432466A4904F0FF
S214012C5051FAA9E700210AA8FFF70EF9032F08D9B0
S214012C605F4B664A66490097002004F043FA002449
S214012C7061E76B1E632B04D9594B604A6149009585
S214012C80F2E7614BE4B2DB5D9C4209D0CDE901433A
S214012C900020534B594A5D49009704F02BFAE6E7AA
S214012CA057B3A4B222460521404621F06DFCBDF87B
S214012CB02830834203D04A4B554A5649B6E7012F7E
S214012CC01AD022460721404621F05EFCBDF82A3084
S214012CD0834203D0424B4E4A4F49A7E7032F0BD1FD
S214012CE022460921404621F04CFC0B9B984203D119
S214012CF03B4B474A494999E7642D3FF463AF22F0BD
S214012D0047F86423C0B2B0FBF3F203FB12030133AE
S214012D10DBB29D42BFF456AFCDE900530020304BE5
S214012D203B4A3F4904F0E6F9A1E7284B1B78052BFF
S214012D3001D03C4A7FE7EB1CDBB2277BF45C44B155
S214012D4023460020374A384904F0D4F900210C46BE
S214012D500BE00F2F0DD81023204634490093314A3B
S214012D603B4604F0C7F9802401210020FFF726FB2B
S214012D70E1E60435EDB220462A4A2D4904F0BAF9B7
S214012D807A1B7119D2B206A820F082FA05443A4697
S214012D90E9B2304621F0F5FB264D069A2B68264F00
S214012DA09A42386001D100284AD1244900201D4AA0
S214012DB004F0A0F985240121D7E700BF8BE30300C7
S214012DC05C560400A3E30300E86B0020325F00209A
S214012DD0D2E303002F5F002048E4030050E4030021
S214012DE0D8E40300EDE4030016E4030023E4030043
S214012DF078E4030085E40300A2E4030002E503008F
S214012E000AE5030024E503001F56040042E503001B
S214012E1097E903007CE50300A6E50300CEE5030081
S214012E20F5E5030029E6030043E6030072E6030026
S214012E3089E60300F440002004410020B2E60300C6
S214012E4000F08EFF3E68B0420AD200F089FF9D492D
S214012E5003463246204604F04DF98924012184E7D1
S214012E60079A6B689A4205D12046974A974904F01B
S214012E7041F96BE79649097859B19A4209D2204639
S214012E80944904F037F996210620934AFFF7E8F9AA
S214012E905CE7924A924905A801F0DCF9079E48B919
S214012EA06A68964206D88F4904F024F90520FFF790
S214012EB0C3FB40E6324600208B4904F01BF9396813
S214012EC00027002000F042FB00206E60FFF74AF961
S214012ED0864B06201F80FFF719F9854B1F7001F0FE
S214012EE0B1F90646F8B94FF6FF73824A0AA8118867
S214012EF0994214BF13463B466A88298801F012F9A5
S214012F000AA800F0D7FC58B10AA801F0DDF938B1DB
S214012F103046794904F0EEF80420FFF757FB0AE63D
S214012F20FFF7F8FB07E6042805D1744B192118783A
S214012F3020F046FDFFE538467149EBE7714B1B78FB
S214012F40062B01D0704A76E6DFF8A0A1EB1C94F8B8
S214012F500C90BAF80080DBB22EB930466B4904F00B
S214012F60C9F88724E7E5F75C2C1D972FE4B22FD02C
S214012F7025D8812F71D0952F67D017BBB9F1100FC7
S214012F807FF6E7AD31194A460AA820F081F90444D4
S214012F90E4B221464A46304621F0F3FA231DDBB25D
S214012FA0053416F803A0E4B2A9EB0403534505461D
S214012FB066DA009338465346534A5549C7E5982F73
S214012FC043D03B460020504A524904F093F8C8E7E4
S214012FD0B9F10A0F7FF6BDAD1FFA89F721463A46C9
S214012FE0304621F0CEFA05F1080104463A46C9B248
S214012FF0304621F0C6FA0AAA01462046FFF736FAFD
S21401300008B9454B0A93B9F10C0F12D905F10C0119
S2140130103A46C9B23046DDF8288021F0B5FA0446B2
S21401302002463E49002004F065F8AAF800404444F0
S2140130300A940A9C3A492246002004F05BF820468E
S214013040FFF7A4F820F01CF911E63649002004F039
S21401305051F80320FFF7BAFA09E6334C23786BB12F
S21401306020F001F950B10020304904F043F8002364
S214013070237020F005F9FFF74DFBF8E52C49E5E74D
S214013080DFF8A49099F8003043B9FFF7D1F88542EC
S214013090034607D01C4A27490095E5E520F0EAF8E3
S2140130A00128F2D110220D480AA908F007FF10B92D
S2140130B0BAF13F0F42D9144A1F49002004F01AF80A
S2140130C04FE700BFD1E6030029E6030009E7030046
S2140130D02B5F00203EE70300C0270900F4400020D4
S2140130E004410020CDE103007FE70300B258002031
S2140130F0315F0020B4580020A1E70300486C00208F
S214013100C0E70300325F0020E6E70300FBE70300A9
S21401311028E903000AE90300E093040036E8030007
S21401312061E8030080E803002E5F00209CE80300AE
S214013130DBE8030064E90300A0E903006D4B1870A7
S21401314099F800304BB120F08EF830B1284620F0C7
S2140131508DF8042807463FF48AAD514628463219B1
S21401316020F0C7F928B10020634903F0C3FF04200B
S21401317070E799F80030554463B120F074F848B10F
S214013180FF2FF4D0012F3FF472AD032F16D120F09C
S21401319075F805462846FEF7E5FF04460246052172
S2140131A0564820F09CF8564B1B689C420AD3204692
S2140131B020F09AF90520FFF73FFA58E520F05CF871
S2140131C08046E7E74046FEF7E1FF00287FF44FAD73
S2140131D051E74C4B1B7803F0FD03082B01D04A4AFC
S2140131E029E5A48935B1F27822B10020474903F0D8
S2140131F081FF2EE7E4B22246F11C0AA820F048F827
S214013200434BBDF828201988054691420DD04FF64C
S214013210FF718A4209D03C4A00203E4B3E4903F0EA
S21401322083FFBDF828203D4947E7BDF82A20598885
S21401323091420CD04FF6FF718A4208D0324A0020E4
S214013240374B354903F070FFBDF82A20EBE70B9AA0
S2140132505B689A420AD0013208D02B4A2E490020D8
S214013260304B03F061FF0B9A2F4926E7A4B2E91C05
S2140132702246C9B2304621F084F9E91DC9B2074693
S2140132802246304621F07DF9431C014606D108202E
S214013290FEF73CFF2548FEF779FFE8E4384606AA24
S2140132A0FFF7E4F8A8B9214B0693214B00221978C1
S2140132B0204B18781FF0C8FF069C2046FEF766FFD5
S2140132C0224600201C4903F015FF0920FEF71EFFC9
S2140132D0CDE440F6B733069A9A42E6D840F6B832BD
S2140132E00020164903F006FF40F6B833DCE78124D8
S2140132F021E400BF315F0020D3E90300F6E90300B3
S21401330004410020325F0020FFE9030014EA0300B5
S214013310F440002096E503003BEA0300F4DA0300DC
S214013320C0E5030056EA030053F2030080EE3600C0
S214013330476C0020486C00208EEA030063EA030015
S21401334008B50420FFF742F90020FEF7DFFE002350
S214013350054A19211370054A1370054B1878BDE804
S214013360084020F02DBB00BF2F5F0020305F0020FB
S214013370486C002010B5164B164C1A78164B0020D8
S21401338053F82220154903F0B5FE2178144B154A4F
S2140133900020002918BF1A46134903F0ABFE237814
S2140133A02BB1124B00201A68114903F0A3FEFEF759
S2140133B03FFF0446FEF73CFF0E4B19681FF082FFE5
S2140133C02246BDE8104003460B49002003F092BE9A
S2140133D0325F00202F5F002030560400AAEA030067
S2140133E080F1030061F10300B7EA0300F04000201A
S2140133F0D1EA030004410020EAEA030038B5014699
S21401340004460020FFF788FB054698B1E37C0020C0
S2140134100A4A0B4903F06EFE2379042B0AD029468B
S214013420204621F098F9034620B10020054A0649B6
S21401343003F060FE6FF0FF0038BD00BFD4CB030081
S21401344012EB030048E4030050E4030010B51346F2
S214013450094A127882420DD163B1084A00201468E5
S2140134600A46074903F046FE2146BDE81040012002
S214013470FFF752BB10BD00BF486C0020544400202B
S21401348034EB030010B50D4B1C782CB1BDE8104091
S21401349000200B4903F02EBE6420FEF763FE4FF6B4
S2140134A0F0716FF00F02074B0320C3E900122246AA
S2140134B02146BDE81040FEF7D3BE00BF325F0020B4
S2140134C06DEB0300F4400020014B1870704700BFFD
S2140134D02E5F002000210620014AFEF7C1BE00BF74
S2140134E0C0270900014B1870704700BF2B5F0020F2
S2140134F0114B2DE9F04107460D4618680F49101A81
S21401350009681FF0DFFEDFF840800D4E98F8004096
S2140135100346FF2C307004D0A8420AD32C44A042A4
S21401352007DB3A460020074903F0E4FD337888F8C4
S21401353000303078BDE8F0810C41002008410020C1
S214013540335F00209BEC0300496C002050EA010227
S21401355008D0FF22054B091A1A70054B1860054B57
S2140135601960704711461046FFF7C2BF496C00202C
S2140135700C410020084100202DE9F04FAFB006AD08
S214013580284600F0FDFD0026624FDFF8D091284660
S21401359000F090F9044648B900F0BEFD5E490246C7
S2140135A0204603F0A7FD2FB0BDE8F08F3946002076
S2140135B0F2B203F09FFD284616A900F0FFFD04466F
S2140135C020B15649002003F095FD8FE0BDF8582044
S2140135D0534903F08FFD49462046BDF85A2003F0B3
S2140135E089FD2046BDF85C204E4903F083FD204648
S2140135F0BDF85E204C4903F07DFD2046BDF86020F5
S2140136004A4903F077FD2046199A494903F072FDAD
S2140136102046BDF86820474903F06CFD2046464920
S2140136200DF16A0203F066FD44492046239A03F031
S21401363061FDBDF85C30D90705D520469DF8902080
S2140136403F4903F057FDBDF85C309A0714D50020BA
S2140136503C4903F069FDBDF85830B3F5807F4FD182
S214013660002020F0D8FF18B10DF1910003F0C4FC42
S2140136700020354903F03EFDBDF85C305B070BD5F5
S2140136800020BDF8B220314903F034FD0020BDF81A
S214013690B4202F4903F02EFD062228460DF116030D
S2140136A00AA91FF03EFE044690BBBDF81620294924
S2140136B003F020FDDFF8A8A0DFF8A8B00DF1280878
S2140136C0BDF81610A2B2914210D9B8F800205146A2
S2140136D0002003F00FFD0134D8F8042059460020DD
S2140136E003F008FD062C08F10808E9D16C462046CF
S2140136F000F05AFD94E80F00013685E80F0046E712
S2140137000123202200200DF1910103F057FCAFE7C1
S214013710114957E7ADEC03007AEE0300B6EC03005F
S214013720DAEC03000EED030027ED030040ED030085
S21401373059ED030072ED03008BED0300A0ED0300CD
S214013740BCED0300D5ED030024030400E8ED0300FF
S21401375001EE03001AEE03004DEE0300F3EC030046
S2140137602BEE03003BEE03002DE9F04188B004ADDB
S214013770044628468846002700F002FD6E46474567
S21401378007D195E80F0084E80F00204608B0BDE891
S214013790F081304600F008FD96E80F0085E80F003E
S2140137A0284600F087F801370028E8D1014B0FCBF7
S2140137B0E9E700BFB05804001FB5D0E9023253F85C
S2140137C0223068461978FFF7CFFF684600F07CFD87
S2140137D048B1042809D1074A0020074903F08AFCAA
S2140137E005B05DF804FB054AF6E70020044903F03E
S2140137F081FCF5E71CF8030095EE0300CCF103000D
S214013800A1E7030010B5D0E9023203EB8201496853
S21401381053F8223098B00C6804A81978FFF7A4FF73
S21401382003AB40220093214608AB04A800F0E2FC5B
S214013830024628B100200E4903F05CFC18B010BD0A
S214013840039808A900F007040122C0F3C70003F09B
S214013850FBFB039908A8091B0144064801232246DD
S214013860008803F0ABFB044803F0E4FBE6E700BF87
S214013870A5EE0300D058002024030400F0B504464A
S2140138800D460B4BEF880FCB84E80F00AB882E89D3
S2140138909B0741BFD5F83900D5F83D1004F1080360
S2140138A003C3EA682046278066806260F0BD00BFD9
S2140138B068560400102208B5034908F0FFFA0038DC
S2140138C018BF012008BD00BFB058040008B521F09C
S2140138D0BDFEC288FF219208012A38BF0122024894
S2140138E01FF0ADF8012008BD1C41002038B5134675
S2140138F090B10120274A1070274A00201160274AFC
S21401390013600A46264903F0F5FB02F043FB254BFC
S2140139101870022002F044FB21F0B3FEE8B91D4DF9
S2140139201D4C2B782BB921F091FE2268C3681344F5
S21401393023601A4B24681B689C4229D221F086FE1C
S214013940C168204606F022F8002402462C7050B9C1
S21401395021F097FEFFF7BAFF03E0FFF7B7FF002855
S214013960DDD0012038BD20460F4903F0C3FB0D4BC7
S214013970187802F015FB00200C4903F0BBFB00F0A1
S21401398091F908B900F0AEF92046FFF7B7F8E8E775
S2140139900124ECE7355F002014410020104100208F
S2140139A0CCEE0300345F0020F8EE030018EF0300AE
S2140139B038B500F04BFA044600F042FA241A21F01A
S2140139C045FE054618B9B1211B4827F06CF8AB88AF
S2140139D003F00303032B03D0B221174827F063F843
S2140139E000F02EFA05461FF00FFD01238340013B30
S2140139F02B4203D0B421104827F055F81FF004FDE0
S214013A0001238340013B234203D0B5210A4827F016
S214013A104AF805F091FD05461FF0F6FC4FF4806369
S214013A20B3FBF5F3C440A34205D2BDE83840BA2142
S214013A30014827F038B838BD2EEF0300FF2108B53E
S214013A4004481FF00DF8BDE8084000221146104654
S214013A50FFF74CBF1C410020F7B504460E4600F0A8
S214013A6089F8054621F0F2FDC3682B449C4220D319
S214013A701FF0CAFC2C44C440013C114F3B68DEB128
S214013A80A34219D101340023ADF8043000F0E4F963
S214013A90054605F051FD103504FB005405F04CFDBC
S214013AA001A90246204605F099FD1FF0BDFC3860CD
S214013AB004E04FF0FF34E0E7A342E4DB03B0F0BDDF
S214013AC0106800204FF0FF320A4B10B51A60002232
S214013AD0094B1A7000F0B4F9044600F0B7F9214614
S214013AE002460120FFF702FF00280CBF0120042038
S214013AF010BD00BF10680020365F002038B500F00A
S214013B00D1F808B9002038BD094D0A4C2B7823B9E5
S214013B101FF08AFC012320602B7024681FF074FCC0
S214013B2001348440EED000F025F82044EBE700BFD6
S214013B30365F00201068002070B50D4C2368002BFE
S214013B4001DA012070BD00F07BF9054621F07EFD0B
S214013B502468C6681FF058FC013404FA00F12944B1
S214013B6001208A19FFF7C2FE0028EAD00420E9E7FF
S214013B7010680020024B18680C301FF085BC00BF8F
S214013B8014680020FF2307B50021044A0448009367
S214013B90FBF78AFC03B05DF804FB00BF3D3A010069
S214013BA01C4100200E4B70B51C680546036804F5E1
S214013BB082641C440E46FFF7DDFF2B68834208D261
S214013BC032681A44824208D9C31A012033602C6035
S214013BD070BD044A126813441C1A0020F7E700BFA0
S214013BE014680020184100202DE9F04FB3F5803FFE
S214013BF087B00F469846019003D3002007B0BDE872
S214013C00F08F03A904A8CDE90332FFF7CBFF002408
S214013C10824600F10109DFF888B05FFA89F9019B55
S214013C20DDE90356AAB27BB13046109921F015FDA5
S214013C300028E2D1B9F1020F2BD1DBF80030049352
S214013C40019B03BB2F4421E03946304605F0C6FCF4
S214013C500028D2D1BAF1000FECD0002CEDD105F03E
S214013C606BFC2E44B6FBF0F303FB10600028E4D097
S214013C7005F062FC05A902463046059405F0AEFC47
S214013C800028DAD0B9E7109B2B441093A8EB050562
S214013C900395631C4B454FF00104C0D32046ADE7A6
S214013CA0184100207FB56B460C4A1068516803C363
S214013CB090680C2218600A4B0DEB0201186821F07F
S214013CC0CCFC0C2268460DEB020108F0F7F8B0FABE
S214013CD080F0400907B05DF804FB00BF7856040089
S214013CE0146800201FB5084A01AB1068516803C369
S214013CF0906801A91860054B0C22186805F06EFC47
S214013D0005B05DF804FB00BF785604001468002077
S214013D10F7B5044615460E4681B9072A03D800248E
S214013D20204603B0F0BD0D4B80791968E379063063
S214013D3000EB03200C3180B21FF0B0FB00272146B8
S214013D402B46324638460097FFF74EFF04460028BA
S214013D50E5D039467019FFF77FFEE1E714680020C9
S214013D60024B1868A0F50060704700BF206800206D
S214013D7010B58AB0684606F015F810F0FF0027D196
S214013D80009BFBB1174C01A9206005F083FF10F0E2
S214013D90FF001DD12268009B9A4204D34FF4DD71C7
S214013DA0114826F080FE019B104A11491360029AC1
S214013DB013440B600F49A3F500630A600E4A1360B3
S214013DC0009B63B940F2CF11074826F06CFE06E06F
S214013DD0044A034612680020084903F08BF90AB02A
S214013DE010BD00BF18680020E1EF03001841002055
S214013DF01C680020206800201468002089F0030059
S214013E0008B5FFF7B5FF21F021FC50B121F01EFCEB
S214013E10064B02691B689A4203D2B321044826F076
S214013E2042FEFFF7C5FD012008BD00BF2068002047
S214013E30E1EF0300014B1868704700BF18680020C7
S214013E40014B1868704700BF18410020014B1868E5
S214013E50704700BF1C680020014B1868704700BF00
S214013E601468002010B5FFF749FE044628490020D3
S214013E7003F040F90020274903F03CF900202649C9
S214013E8003F038F90020254903F034F9244B0020CB
S214013E901A68244903F02EF922462349002003F02C
S214013EA029F9FFF767FE21490246002003F022F9AF
S214013EB01F4B00201A681F4903F01CF91E4B1F4CAC
S214013EC01A6800201E4903F015F9226800201D49D2
S214013ED003F010F94FF4806200201B4903F00AF941
S214013EE0226800201949103203F004F922680020E4
S214013EF017490C3203F0FEF822680020154902F536
S214013F00826203F0F7F8BDE8104005F049BA00BF39
S214013F1008F1030045F1030064F1030084F1030096
S214013F2018680020AFF10300CEF10300F1F10300A1
S214013F301841002014F203001C68002014680020B9
S214013F4037F203005AF203007DF20300A0F20300E9
S214013F50C3F20300E6F203002DE9F04194B00446F3
S214013F600D460020482102AA1FF0A9FA18B95349A4
S214013F7003F0C0F819E060220021204607F052FC49
S214013F8004224F4902A807F099FF90B16DB19DF840
S214013F900B30002001939DF80A309DF8082000930D
S214013FA048499DF8093003F0A5F8012014B0BDE892
S214013FB0F081BDF80C20B2F5807F228003D0424903
S214013FC003F098F8F1E7BDF81420BDF80E10228131
S214013FD0DDF816206180E2600499BDF81A20616060
S214013FE0228284F8320007AD04F112020FAE2B468E
S214013FF003CBB342106051601D4602F10802F6D1B0
S2140140000F9B324A63631360314B1022184600211E
S21401401007F008FCE288A388028022894280E268D1
S21401402042600BB90020C1E700263546A388D907B0
S21401403009D536B105F150026A4412F8482C84F8C5
S21401404038200135EDB29A0714D520881FF04DF9B6
S21401405007466EB102AB03EB05080246414604F182
S214014060390007F06FFD3A4641461A4807F06AFDE7
S2140140702F44FDB2A3885B070DD556B105F1500359
S2140140806B4433F8482C33F8463CA4F85A20A4F87D
S2140140905C300435EDB2002EC4D1482D02D930462D
S2140140A00D4965E72946382002AA1FF008FA08B923
S2140140B00A495DE738250126B8E700BF09F3030082
S2140140C0845604003BF3030071F303003C410020D7
S2140140D040410020484100208CF30300DCF303003C
S2140140E030B50B4C99B025786DB9FFF789FE68B1EC
S2140140F029466846FFF730FFB0FA80F0054B4009C5
S214014100187001232370002019B030BD0120FBE791
S214014110375F0020385F0020014B1878704700BFDA
S214014120385F002070B51E46134B044618881D469E
S214014130884298B002D15B88934206D00F4B0FCBD2
S21401414084E80F00204618B070BD96B1002168467D
S214014150FFF702FF0028F1D1BDF804305B0708D550
S2140141603388BDF85A209A42E8D8BDF85C209A42B6
S214014170E4D395E80F00E3E740410020B05804007F
S214014180064B10B51B7804462BB9054B0FCB84E8BC
S2140141900F00204610BD034BF8E700BF385F002034
S2140141A0B05804004041002010B50446024B0FCB26
S2140141B084E80F00204610BDB05804000B4B10B524
S2140141C01B78044608467BB10021FFF7C5FE48B9B7
S2140141D010222146064807F071FE003818BF01205C
S2140141E0C0B210BD0120FBE70120FAE7385F0020CE
S2140141F0404100202DE9F0410E4690460E4910221E
S2140142001F4607F05BFE044670B90C4B3A461D6824
S2140142103046AD1B454528BF454629461FF04FF998
S21401422028B9074902F066FF0120BDE8F081069B28
S21401423020461D60F9E700BF404100203C410020B8
S214014240DCF303000022024B1A70FFF73BBC00BFF1
S214014250385F00202DE9F0419CB00F461646804697
S214014260FFF74CFC054602461549002002F042FFC6
S214014270382D20D9012104A8FFF76EFE0446D0B9D7
S214014280119B04A93B606F463846FFF7F7FA97E89B
S2140142900F0086E80F00119BAB4297BF0121032454
S2140142A0084AC8F8003094BF1170C8F8005020467C
S2140142B01CB0BDE8F0810022024B01241A70F6E71B
S2140142C00EF40300385F002070B5084D00262B78E9
S2140142D053B1FFF7F7FB04461022002104482E7065
S2140142E007F0A0FA204670BD3446F5E7385F002097
S2140142F04041002008B50020064902F0FBFE064BAF
S21401430000201A78054902F0F5FEBDE80840FFF7DF
S214014310A9BD00BF2DF40300385F002057F4030049
S21401432003460120024AC3E9032000221A7070479F
S2140143300100FEFF2DE9F0410024264E264FDFF84E
S214014340A88088B000F0D4F9A5B2854202D308B09F
S214014350BDE8F081284603A91FF0E7F8A2B231466E
S214014360002002F0E1FE9DF80D2012B39DF8121018
S214014370BDF81030402914BF6E2179210020CDE907
S21401438000313946BDF80E3002F0CEFEBDF81420DD
S2140143901AB10020114902F0C7FE9DF80C00BDF8C5
S2140143A0182070B9079B0E490093BDF81A3002F029
S2140143B0BBFE00200B4902F09DFE013426F080FB77
S2140143C0C0E7BDF81C304146009300209DF81A3026
S2140143D0EDE700BF70F4030076F4030099F40300E0
S2140143E0A3F4030024030400CAF4030010B500F08C
S2140143F0ABFABDE810400346024A0020024902F02B
S21401440079BE00BFF2F4030029BD0300D0E90232F1
S21401441053F8223010B5188800F086FABDE810402F
S2140144200346024A0020024902F064BEF8F4030083
S21401443029BD030010B5D0E90232002486B08DF8FC
S214014440044053F8221003EB8203097801A88DF883
S21401445005105A681288ADF806209A681288ADF8D9
S2140144600820DA681278ADF80C40A24214BF402248
S21401447080228DF80A201A691288ADF810205A6930
S2140144809B691288ADF812201B68059300F0D0FBDB
S214014490034A03460349204602F02CFE06B010BD2F
S2140144A094D3030029BD030038B50024064D26F039
S2140144B0F3FA45F824000634C02CF8D10020BDE8F4
S2140144C03840024902F016BE80100020FFF40300B7
S2140144D030B5002087B0204902F00CFE00201F49AD
S2140144E002F008FE00201E4902F004FE26F0D4FA6F
S2140144F000240546A0B201A901341FF016F8202CAD
S214014500F8D126F0C9FA1749421B002002F0F2FD45
S2140145101549002002F0EEFD26F0BEFA0446012001
S21401452000F09EF826F0B8FA0E49021B002002F0B1
S214014530E1FD0E49002002F0DDFD26F0ADFA04464D
S2140145401EF0E4FF26F0A8FA021B0020054907B07A
S214014550BDE8304002F0CEBD2BF503005AF503004E
S2140145608AF50300A7F50300B6F50300D0F50300AE
S21401457010B50C4603F022FD08B9032C12D101F048
S214014580FFF804280ED001F0FBF805280AD00648EB
S21401459002F060FC1C2801D11FF065FFBDE8104049
S2140145A002F068BC10BD00BF173503002DE9F04FBF
S2140145B000274FF0FF36DFF8A4B0264C87B0BBF8D3
S2140145C00030B8B2834209D8731C3BD03246FF2173
S2140145D0214807B0BDE8F04F1EF031BA01A91EF020
S2140145E0A4FF9DF8050001F001FFF8B19DF80480D5
S2140145F0B8F1000F1AD1BDF810A0BDF8129026F040
S2140146004BFA18210246BBB24B43E018E158007C36
S2140146104FF47A73A2EB010C50B103FB0AF3634526
S2140146200ED30B44981A864228BF06460137C6E7C2
S2140146304D466B43FAD06345F5D31944881AF2E721
S2140146404046F0E7FF21044807B0BDE8F04F1EF0F2
S21401465007BA00BF8010002050410020B658002045
S2140146602DE9F041014688B058B1022810D01EF05D
S21401467076FF78B3D221194808B0BDE8F04126F09C
S21401468012BAFF23164A17480093FAF70DFFEEE712
S21401469000244FF001082746134EA5B2284603A969
S2140146A08DF80D701EF041FF9DF80D0068B101F008
S2140146B09DFE20B19DF80C300BB986F810800134B0
S2140146C0202C06F11806E8D12546084B1D80FFF779
S2140146D06DFFCCE708B0BDE8F08100BFF0F5030040
S2140146E0154A01005041002080100020B6580020D5
S2140146F0014B1888704700BFB65800202DE9F04FCF
S214014700634A077D89B004466249002002F00CFD29
S21401471000201FF080FF20B12368218A588803F00B
S2140147209BFC00205C4902F0E5FC637DDFF8749198
S214014730002B236808BF08205988574B18BF002054
S2140147400093228A4FF0090314BF4FF080084FF000
S214014750400802F02FFBA289BB1C93420CDB1FF022
S214014760F4FF034620B100204C4A4D4902F0C2FC3A
S214014770012009B0BDE8F08FA068791C89B2C55D3B
S2140147801FF002FF0337012D0646BFB213D8236878
S214014790324659885879238A009343461FF03EFBD8
S2140147A0824600283ED1862002F0CCFB284602F045
S2140147B0C9FB304668E08520F6E703A91EF0B5FE82
S2140147C09DF80C30AB4223D123689DF80D105A7921
S2140147D091421DD1BDF80E105A88914218D1BDF8EC
S2140147E01020B24214D19DF81220424510D1BDF8D6
S2140147F01410228A91420BD1002D38D0BDF8181022
S214014800E288914204D19DF81A201B799A422ED053
S2140148100BF1010BB9F800305FFA8BF08342CCD86C
S2140148208B20C1E74FF0000BF4E79AF8020002F084
S21401483089FBBDF818001FF06AFEBDF81A001FF0CC
S21401484066FE9AF8020003F027FE002883D19AF844
S214014850020001F09DFC0546079E002D3FF47BAF4C
S214014860F0B2013D02F06EFB360AEDB2F5E700202C
S21401487002F068FB284602F065FB30461FF047FE53
S214014880012DD2D1BDF81C001FF041FE63E700BF29
S2140148907FF6030051EA0300240304008CF60300AC
S2140148A0A9F60300B65800202DE9F04391B06946F9
S2140148B080461EF03AFE0023194F8DF801303888E5
S2140148C0431E98B28045388009D1694640461EF09D
S2140148D034FE68461EF018FE11B0BDE8F0834FF0B6
S2140148E0180905A91EF021FE0E4C3E880AAD09FBEB
S2140148F006460FCE0FC596E8030009FB084485E877
S21401490003000AAE404605A91EF017FE0FCE0FC4DF
S21401491095E8030084E8030069463888D7E700BFB6
S214014920B65800208010002008B5064B1B8883422D
S21401493005D9FFF7B9FFFFF739FE002008BD27208C
S214014940FCE700BFB658002038B5074D2C882CB9B7
S214014950FF2106481EF084F8204638BD601E80B24E
S214014960FFF7A2FFF2E700BFB65800205041002033
S2140149702DE9F3479A4618239DF82890244FCDE950
S214014980001203FB09731446D3E902231FF0BCFF90
S214014990064620460D4603F07FFD04F0FD03382B46
S2140149A080460FD1009432462B460021DAF81000DB
S2140149B01EF0E6FDB8F1010F1BD135431ED102B042
S2140149C0BDE8F087392CDAF810300BD107EE906A83
S2140149D007EE103AF4EEC77AF1EE10FAACBF0120FA
S2140149E00020E7E79E4275F100032CBF012000205E
S2140149F0E0E7B8F1000FE2D10028E0D0182303FB6E
S214014A00097701233B7402B0BDE8F047FFF7CEBD3E
S214014A10801000202DE9F04F00252E46A846AA4614
S214014A202C46DFF8BC91D1B0694BA8B21B888342F3
S214014A3009D81CB161882079FFF79AFDFFF7B6FD0A
S214014A4051B0BDE8F08F0BA91EF06FFD26F024F8DB
S214014A501823AFB27B4309EB030B59F803300590DB
S214014A609DF82D00049301F0C1FC002800F0AE80F3
S214014A709DF82C10002940F0A980DDE90432D01AF7
S214014A804FF47A72BDF838305343834200F29E8069
S214014A909BF8103043B9BDF83A30002B00F09680F1
S214014AA05343834200F29280FD230022CDE9013276
S214014AB010AB00930DF119020DF11A03E9B20BA820
S214014AC0EFF706FC002877D1BDF81A30DA1C0493FC
S214014AD0D2B214B33F4B9DF82D101B881344227994
S214014AE0914214D1BDF82E10628891420FD19DF8E3
S214014AF03220B8EBD21F0AD1BDF83420524506D178
S214014B00B3424DDD0020344902F0F4FA01E0B3422D
S214014B10F8DC61882079FFF72BFD02F0E7F90446FF
S214014B209DF932002D4BC043C00F0093BDF83420D1
S214014B300A23BDF82E10C0009DF8328002F03AF923
S214014B409DF82D304FF0000B23714FF48A53FF264A
S214014B50BDF834A04FEAD818E38007A95FFA8BF0B6
S214014B6020F076F8C0B2B0B99DF81D109DF82D2042
S214014B70914210D1BDF81E10BDF82E2091420AD1E7
S214014B8022469DF829109DF81C001FF0E7FDB04253
S214014B9028BF3046C6B20BF1010BBBF1200FDCD1AA
S214014BA0BDF830001FF0B3FC9DF8190002F0CAF9F9
S214014BB0049910A802F0DAF9182300225F4309EBE2
S214014BC007031A7425F068FF49F8070001352BE73B
S214014BD0B6580020C058002068F7030024030400DC
S214014BE08010002070B500240126104D8AB02B8855
S214014BF0A0B2834204D80AB0BDE87040FFF7D6BC25
S214014C0005A91EF092FC9DF8150001F0EFFB50B1CE
S214014C109DF814303BB91A46CDE901360093E1B24E
S214014C2005A8EFF755FB0134E1E700BFB6580020B1
S214014C302DE9F0430389DFF858818BB0B8F800906E
S214014C400093044683798288418840781FF0E6F80D
S214014C50002800F09580E78927B1A389BB4200F2BE
S214014C6091800027B8F80030BDB2AB4214D84D464B
S214014C7001264FF6FF73E2899A4226D146B9B8F863
S214014C800030AB4202D92846FFF70EFEFFF78EFC36
S214014C9000200BB0BDE8F083284605A91EF045FCB0
S214014CA09DF814307BB92268059B5340FF2B0AD828
S214014CB06368069E5E4036F07F4604D1BDF81C2030
S214014CC023899A42D5D00137CCE7E2689A422BD0A5
S214014CD0002E53D1D4E90323CDE9082305A81EF0FD
S214014CE013FC0028D5D1B8F80030AB4204BF6B1CCA
S214014CF0A8F8003025F0D0FE18236B43234AE9B20A
S214014D00D050D418002305A81A46CDE901330093E4
S214014D10EFF7DEFA18B100220023C4E90223284681
S214014D2005A91EF00AFCB1E7234605AA04F1100CFA
S214014D30174618685968083303C763453A46F7D1DA
S214014D401868386005A81EF0E2FB0028C0D01F2DA9
S214014D501AD800238DF8143063788DF815306388DF
S214014D60ADF81630A388ADF81830A3798DF81A304F
S214014D702389ADF81C300028B0D1ABE70020E6E768
S214014D80862086E7872084E7892082E78010002036
S214014D90B65800202DE9F04FB04A90F814908DB027
S214014DA00446AF49002002F0BFF900201FF033FC93
S214014DB020B12368218A588803F04EF90020A949BA
S214014DC002F098F9637DDFF8B8A2002B14BF8023A8
S214014DD040230293236808BF08205988A14B18BFB7
S214014DE000200093228A072301F0E4FF00230393A7
S214014DF0A28909F10305954211DB039B13B91846F5
S214014E0002F0A0F81FF0A1FC034620B10020964A4C
S214014E10964902F06FF901200DB0BDE8F08FA06849
S214014E2009F1010189B210F809601FF0ADFB3246A5
S214014E30804603468E490020ADB202F05BF98EB182
S214014E40012E00F08A808527384602F07BF830462E
S214014E5002F078F840461FF05AFB852FD2D0012386
S214014E60039376E0A06809F10401A28989B2475D3F
S214014E701FF08AFB09F10601A289049089B2A06895
S214014E801FF082FB3A4605900090049B3046794914
S214014E9002F030F909F1080938461FFA89F503F0DE
S214014EA0FBFA002857D1384601F072F92946034625
S214014EB08146A289A0681FF058FB6F498346304699
S214014EC002F032F9A1684A4629443346304602F0D8
S214014ED075F83046634902F00DF9A9441FFA89F5C1
S214014EE02368424659885879238A0093029B1EF00C
S214014EF095FF18B18378BB4240F0AC80483FFFB2C3
S214014F00092F05D840F21133FB40DB0700F1A480DE
S214014F1000238DF81C30236807A85A798DF81D20C8
S214014F205B88ADF82080ADF81E30029BCDF82CB022
S214014F308DF82230238AADF82430049BADF8283052
S214014F40059BADF82A30FFF773FE074600287FF46D
S214014F507BAFA9464CE7B346C2E72946A289A068BB
S214014F601FF012FB4FF0000B024607464349002094
S214014F7002F0C0F809F10509BAF800301FFA89F500
S214014F80BAF800201FFA8BF94A4503D81F2B31D9EE
S214014F90892759E7484607A904931EF0C6FA9DF8E3
S214014FA01C20049B012A22D122689DF81D005179FC
S214014FB088421CD1BDF81E005188884217D1BDF821
S214014FC02010414513D19DF82210029881420ED13E
S214014FD0BDF82400218A884209D1BDF82800E1885D
S214014FE0884204D19DF82A10127991421BD00BF108
S214014FF0010BC5E7012299468DF81C2022685179DC
S2140150008DF81D105188ADF82080ADF81E1002995C
S2140150108DF82210218AADF82410E188ADF8281009
S21401502012798DF82A2007A8ADF82C701EF06CFABC
S214015030074600287FF408AFBAF80030484699457D
S21401504008BF09F1010307A908BFAAF800301EF03E
S21401505074FA7EE78D27F7E68C27F5E693F70300CB
S21401506051EA030024030400F4F70300A9F6030041
S2140150709BF70300B8F70300D9F70300E4F7030032
S214015080B65800202DE9F04F074688469146002580
S21401509089B09A46BDF848B09DF84C60149C224BE6
S2140150A01A88A8B2824235D903A91EF03EFA9DF8A5
S2140150B00C201D4BB2BB9DF80D10B94232D1BDF884
S2140150C00E1041452ED1BDF8101049452AD19DF844
S2140150D01210514526D1BDF81410594522D130463B
S2140150E0029201F055F8A6F14103012B01460AD8B8
S2140150F020461FF04FFA0D4B0D4A204484420CD136
S2140151000421029302ACEDB232462046009503AB71
S214015110FFF72EFC09B0BDE8F08F14F8011F4B40D5
S2140151205343EBE70135BBE7B6580020C59D1C810C
S214015130930100011FB50F4C2478C4B142EA032243
S2140151409DF818308DF8051042EA43220A4BADF857
S2140151500C201A78094B8DF80610079903EB0213F9
S21401516000908DF80400DB6868460291984704B009
S21401517010BD00BF395F00203B5F0020704100205A
S21401518073B51A4DFF211A481DF06AFC2B7853B3EC
S214015190184C194E2378180106EB03131A7A59682E
S2140151A0305C1FF0D9FD4D281DD0E0B10123002150
S2140151B02278CDE900311201B25CC0B2FFF7BAFF26
S2140151C00A2223780A480133DBB2B3FBF2F102FB71
S2140151D01133FF2123702B78013B2B7002B0BDE801
S2140151E070401DF035BC02B070BD00BF395F0020B5
S2140151F0104200203B5F002070410020F8B5104FA0
S2140152003E780A2E1AD00FC8DFF840C00D4D9CF824
S2140152100040013605EB041585E80F000A2301342A
S214015220E4B2B4FBF3F203FB12440748FF218CF807
S21401523000403E701DF00CFC0020F8BD0120FCE78C
S214015240395F002070410020104200203A5F0020A4
S2140152500021024A0248FAF75DB900BF81510100F8
S21401526010420020002337B50C46124D12492A7809
S214015270CDE9003312018A5C01230146E0B2FFF753
S21401528059FFA4B90D490A788AB10A202B78013A48
S2140152900133DBB2B3FBF0F40A70FF2100FB1433D9
S2140152A007482B7003B0BDE830401DF0D1BB03B0FA
S2140152B030BD00BF3B5F002070410020395F0020F9
S2140152C01042002008B500F0BDF850B1054B064A63
S2140152D00649052808BF1A46BDE80840002001F027
S2140152E009BF08BD08F803002403040029F80300D9
S2140152F008B503201FF04AFD10B90122014B1A70B0
S21401530008BD00BF3C5F00200022024B18781A70CF
S214015310704700BF3C5F00200246FF2101481DF098
S2140153208EBB00BF30420020114B37B51D78C5B982
S214015330FF2110481DF094FBFFF7DAFF04460090AA
S2140153400D4B28460D4A0E4901F0D4FE4CB10D4BCB
S2140153501B78DB0605D528461FF0F2FC20461DF01B
S21401536044FF094B186803B0BDE83040FFF7D4BFCF
S2140153703C5F00203042002046F8030074F803002A
S21401538033D003002A5F002024680020FF21014853
S2140153901DF066BB3042002070B51A4E05463378C4
S2140153A00C466BB30020184A184901F0BDFE032CC9
S2140153B001D0652C20D11649002001F0B5FE224609
S2140153C00020144901F096FE0020134901F0ACFEBE
S2140153D0012329460822002001F0F0FD00200F4994
S2140153E001F088FE032C88BF0023204688BF337057
S2140153F0BDE87040FCF7BEB8012CE0D00849DBE7F9
S21401540070BD00BF3C5F002074F803001DD403008C
S21401541087F80300D4DA0300A5F803002403040088
S2140154209DF80300014B1860704700BF24680020F8
S2140154300021024A0248FAF76DB800BF295301005D
S21401544030420020054B10B51C782CB90448FF21CA
S2140154501DF0FEFA204610BD0520FCE73C5F00204B
S21401546030420020F8B50024074B084E1D68084F4F
S214015470E3B29D4204F1010400D8F8BD394656F85E
S21401548023001CF0A4FCF3E7847404008874040071
S214015490F068002010B5044C23780BB11FF066FCB1
S2140154A00123237010BD00BF4A6C00202DE9F7438D
S2140154B0254B0D4616460446019350B14AB10423C6
S2140154C001AA12F8011BA94235D0013B13F0FF03D4
S2140154D0F7D1212003B0BDE8F08317F8010F90FA49
S2140154E0A0F0000E1CF0AFFE014608EB070399453D
S2140154F0F3DCCAB2C1F30F2392FAA2F293FAA3F332
S214015500120E1B0E03EB0223DB43621912F8020C88
S21401551099B2DBB298420CD112F8013CB3EB112FD1
S21401552007D132462146284603B0BDE8F0431FF0B6
S21401553085BB2320CEE74FF6FF71671EA5F1020952
S214015540C4F10108D1E700BF080A0E12014B18701A
S214015550704700BF3D5F0020024B1A6818608260EA
S214015560704700BF28680020024B186800B14068E9
S214015570704700BF2868002070B5044600250A4B16
S2140155801B687BB100211E8807E05A6802EB0110F8
S214015590013145B9021B554255418AB29642F4D8AB
S2140155A09B68EEE7184670BD286800202DE9F04F8D
S2140155B01E46002393B0022E074688461446DDF8A1
S2140155C070909DF874A0ADF81A3040F2C08099F83A
S2140155D000305A0729D5042E40F2B98099F804B054
S2140155E000255F4B33F83520002A00F0B6800135E0
S2140155F00A2DF7D1209B002B40F0AD80FF2500231C
S214015600207908AA0DF119018DF819301EF050FF06
S21401561070B1BDF82C309DF8190023801EF0CAFF2A
S2140156200790C0B113B0BDE8F08F99F802B0D7E784
S21401563020791EF06EFC0B28059000F28A802079F6
S2140156401EF0C9FF07900028ECD1464A059B02EBE5
S21401565003135B8823804FF6FF73002F08BF434672
S21401566062880021CDE9002358465246238802F07D
S214015670FDFD18B1E38843F02003E380209B07A9D2
S2140156800DA8CDE90D34CDF83C90ADF84080ADF8CD
S21401569042608DF844708DF845A01EF01CFF08B1DD
S2140156A00798BFE7484602F025FDA01D02F010FD51
S2140156B02246414638461FF051F8B04227D3E388C8
S2140156C02246C3F30E03E3809DF87C3041460393E4
S2140156D0BDF87830384602930DF11A03CDE90093F0
S2140156E0F3B21EF089F9209B079003B3F8B9BDF811
S2140156F01A2042B1092D06D81B4B03EBC5018A803F
S214015700209A43F835201120FAF7CCFB1CE0BAF1B9
S214015710000F0AD10DF11A03CDE9006322464B466C
S21401572041463846FAF7D2FFDDE73820DBE70528A1
S21401573007D1E388DB0607D5002301200793FFF78F
S21401574005FF079B002BDED01EF039FFA8E70120DE
S21401575068E7212066E71C2064E7EDB24FE700BF4B
S21401576058420020C4420020544200204FF6FF72E7
S214015770024B1A805A809A80704700BFB8580020A2
S21401578010B5044C2379FF2B02D11FF01DFB2071AD
S214015790207910BDB858002010B50C4C2379FF2B8A
S2140157A008D100201EF006FF20B91FF00DFB207166
S2140157B01EF005FF2079022805D00438012894BF81
S2140157C00020012010BD0020FCE700BFB8580020D3
S2140157D04FF6FF7310B5044C22889A4202D11FF08F
S2140157E0E9FA2080208810BDB858002010B5FFF7D0
S2140157F0BDFF40F61D439842044607D8B0F5416FF9
S21401580005D2182826D8152848D829D010BDA0F5C5
S21401581041630D2BFAD801A252F823F0615801001A
S214015820615801000D5801000D5801000D58010086
S2140158300D5801000D5801000D580100B158010026
S214015840C35801005D5801005D5801005D58010014
S2140158505D58010040F606439842D7D11C4920E026
S214015860FFF7B6FF1B490246002001F043FC152C4A
S21401587005D11FF089FABDE810401EF035BE164B63
S214015880164A1749B4F5416F08BF1A46002001F0C1
S21401589031FC1EF028FE1EF027FEECE71628DDD1AF
S2140158A01049002001F026FCBDE810401EF03EBF66
S2140158B01EF089F9BDE8104002460B49002001F0B0
S2140158C019BC0020BDE81040084901F013BC00BF18
S2140158D004000400B1FF030024030400ACFF03002E
S2140158E0CDFF0300EDFF0300190004004100040092
S2140158F007B5094A0346108831B9084A084903B072
S2140159005DF804EB01F010BC0091064A064901F06F
S2140159100BFC03B05DF804FBD058002030CB03002D
S21401592061000400D4CB030033D003000D4B37B520
S2140159301B68044693B11D780389012D08BF022513
S2140159400093C37A084A0020084901F0D3FB214698
S214015950284603B0BDE830401FF0EEB9022003B080
S21401596030BD00BF90430020D6000400850004002F
S214015970002010B51EF01EFE0D4B1B6863B15A7851
S214015980052A03D862B1052402220AE0FF2AFAD0CA
S2140159900020084901F0AEFBBDE810401EF00FBE26
S2140159A0144610461FF024FA20461FF01FFAF3E7AC
S2140159B090430020DB00040013B5134C00201EF0BA
S2140159C0F9FDFFF7D3FE23689BB101A81EF0EEF8A0
S2140159D078B923681A789DF804309A4209D0D91EFE
S2140159E0032906D9D11E012903D9012A07D1022B81
S2140159F005D1032301A8ADF804301FF0A3F902B0C6
S214015A00BDE810401EF0DBBD904300200023194680
S214015A10034A01330A2B918042F8081BF9D17047DB
S214015A20544200207FB50E4605461FF08DF92A46E2
S214015A30044603460D49002001F05CFB96B10C4B71
S214015A4036211A889B78ADF80C208DF80E3003238A
S214015A50002200934FF6FC7003AB8DF80D501FF03B
S214015A60C7F80446204604B070BD00BFFC00040021
S214015A70C0580400FF2810B50C4604D10020044984
S214015A8001F038FBFE202146BDE81040FFF7CABFF3
S214015A9015010400F8B51E460B8807460C46154648
S214015AA0002B64D14A88B1F9021000200029B8BF42
S214015AB06B78304901F01EFB6288132A1DD002F56F
S214015AC0FF437F339BB2052B23D8A2F50042013A50
S214015AD0052A1ED8DFE802F0193F1D033C09264AB5
S214015AE02649002001F006FB13E0254A2349002041
S214015AF001F01AFB2A792349F3E7022E94BF4FF6E9
S214015B00FF72B5F801202049EBE700201F4901F09C
S214015B10F1FA33462A462146384620F05FF870B936
S214015B2033462A462146384620F05AF848F22103E1
S214015B3062889A4203D1384669781EF0C2FC6388AF
S214015B40B3F5004F02D90820FAF7C6F90120F8BDCF
S214015B502A790F49C5E70F4A0849002001F0E4FAFF
S214015B60032E94BF4FF6FF726A880B49B9E70020EF
S214015B70EDE700BF50010400780104007F01040036
S214015B809001040096010400A4010400BC01040075
S214015B90D6010400F8010400FD0104002DE9F041DE
S214015BA016888AB0DFF88C80ADF80E300DF10E0342
S214015BB0C8F8002015460093324610AB07460C463F
S214015BC0FAF716FE90BB109B8DF824000693BDF8DD
S214015BD00E3004A8ADF81C30AB898DF81070ADF806
S214015BE020306B890594ADF81E60ADF822301EF0AA
S214015BF070FCD8B921463046BDF80E30109A01F037
S214015C00C9FF98B921463046BDF80E30109AFFF705
S214015C1041FF58B9CDE9006039462046BDF80E303F
S214015C20109A02F049FB08B9C8F800000AB0BDE8AE
S214015C30F08100BF50420020F0B585B004AB03E907
S214015C40030000231C469DF80D609DF80E70154A52
S214015C50D9B202EBC1004568EDB99DF80C30284673
S214015C6000939DF80A209DF80B300F4901F05CFA6D
S214015C7026B1324628460D4901F056FA0C4A002054
S214015C80002C18BF2246BDF808300A4905B0BDE809
S214015C90F04001F02FBA12F831100133B94208BFB3
S214015CA02C46D5E7685804000F02040020020400C1
S214015CB09FCA0300240204004FF6FF7310B5084C78
S214015CC088B062889A4207D102A90DF107001DF03B
S214015CD06BFFBDF810306380608808B010BD00BF50
S214015CE0B85800202DE9F04F85B0894692461C46EB
S214015CF00746BDF83850BDF83C80109E002833D0CA
S214015D000346464A0020464901F00EFA2388002B36
S214015D1076D040F20912934274D0424A4249B3F512
S214015D20827F08BF0A46CDF8048061880020009172
S214015D303E4901F0F9F9238893B1B8F1020F0FD962
S214015D4033783B4913F0010F3A4A18BF0A46590700
S214015D504FF000004CBF3379B378374901F0E4F9CE
S214015D600020364901F0C6F90023354931F83320C1
S214015D70AA4249D1334A52F833B0002331F83300EE
S214015D80DA00A84246D100202E490A44908041F804
S214015D90330047B9238833B9B4F90230002B02DB4C
S214015DA00820FAF77FF80120FAF796F89EB13578C1
S214015DB0EB0710D515F0040004D042460121304609
S214015DC01EF0E2FBCDE901704346224651464846A5
S214015DD000961EF0FBF8BBF1000F06D043462246A4
S214015DE051464846CDE90067D847434622465146C4
S214015DF04846CDE900671DF0AFFD05B0BDE8F08F60
S214015E00114A90E7114A8EE701330A2BAED14FF0C3
S214015E10000BB2E701330A2BB0D1BAE7DCC10300AD
S214015E204B020400A0CA0300390204005902040010
S214015E303C020400440204008A0204002403040015
S214015E405842002054420020320204003602040068
S214015E500D4BF0B54FF00C0C1F88054600230B4E7A
S214015E60DCB2BC4201D30020F0BD0CFB04F43019B7
S214015E70345DAC4205D144888C4202D10479944207
S214015E80F2D00133ECE700BFEA6B0020386800204F
S214015E9073B501262B4D2C4C2A462046FF230021A4
S214015EA00096F9F701FB2A462046FF2300210096BB
S214015EB0F9F7FAFA2A462046FF2300210096F9F759
S214015EC0F3FA2A462046FF2300210096F9F7ECFA5A
S214015ED02A462046FF2300210096F9F7E5FA2A46CE
S214015EE02046FF2300210096F9F7DEFA2A462046CF
S214015EF0FF2300210096F9F7D7FA2A462046FF230A
S214015F0000210096F9F7D0FA2A462046FF23002101
S214015F100096F9F7C9FA2A462046FF230021009683
S214015F20F9F7C2FA2A462046FF2300210096F9F720
S214015F30BBFAFF232A46002120460096F9F7B4FA59
S214015F4002B070BD87320300A44200202DE9F84359
S214015F5000244FF00C090C4B0C4F1E78DFF83080F4
S214015F603A88E5B2954202D33046BDE8F88309FB8C
S214015F700585FF21A8681CF081FD18B9AB799E4202
S214015F8038BF1E460134EBE73E5F0020EA6B002077
S214015F9038680020014B1878704700BF3E5F00202C
S214015FA0014B1870704700BF3E5F0020F8B50646EB
S214015FB00C461EF07BFA0546C8B930461DF0A9FF0F
S214015FC00B2815D80B4B03EB00131F7B87B95A8898
S214015FD0012122809A88304662809B79237100F0E5
S214015FE037FA39466071304600F032FAA071012561
S214015FF02846F8BDC442002070B504460E46154634
S2140160001DF087FF0B2802D94FF6FF7070BD094BB4
S21401601003EB00131A7B002AF6D146B90122294662
S214016020204600F03DFA0028EED00088EEE7012E6B
S214016030EAD1F4E7C4420020FF2313B50DF10701AE
S21401604004468DF807301EF02FFA18B19DF80700A8
S21401605002B010BD074B03EB04131B7B0BB1FF20F3
S214016060F6E7204600F03AF90028F8D0204600F07E
S214016070E9F9EDE7C442002013B5F6F70BFA04463A
S214016080F6F70EFA224603461249002001F032F8CE
S21401609000F084FFFFF7BAFC00F0A6F802210846DC
S2140160A002F046FDFFF764FC41F249001EF0B2FE25
S2140160B04FF0FF130093FF2368468DF804301EF05F
S2140160C08FFE4FF400401EF06DFE00201EF08AFE8B
S2140160D002B010BDD902040038B505461EF006FA16
S2140160E090B928461EF0B2FD044628B140F6044396
S2140160F0984214BF88248D2423462A46002003494B
S21401610000F0F8FF204638BD8D24FBE7F1020400BD
S2140161102DE9FF4705460E4617469846BDF83090CE
S214016120DDF834A0BDF83840CDF80090CDE9014A3D
S214016130E4B2FFF7D7FD43463A4631462846CDE955
S2140161400094CDF808A01FF012FDFF21034B044A6E
S214016150044804B0BDE8F04700F01ABEC458002059
S214016160C058002016610020044B014618881022F2
S21401617040F0404040F48010F6F79CBFBE55040046
S214016180024B18685968FFF757BD00BF6A990400AB
S2140161900123064AD15C814202D1054AD05C704790
S2140161A002335F2BF6D10020704700BFC2580400AF
S2140161B0C358040070B500220446094B1D78094BEC
S2140161C0D0B2854201D8FF2070BD1E78A64204D108
S2140161D00029F9D05E7BF607F6D401321033EFE7DB
S2140161E03F5F0020C44200202DE9F04198B06B4685
S2140161F0304A1068516803C390680CAA18602E4B89
S21401620014469C4603F11806154618685968083363
S21401621003C5B3422A46F7D112AA1746274B03F104
S2140162201806154618685968083303C5B3422A4646
S214016230F7D1234A03AB106851684FF0010E03C330
S214016240906871681860DCF83000002206AB03C362
S2140162500C21EC46B068CDE909221860194BDFF82D
S2140162606C801970184B0DEB01060B9206AD09A94F
S2140162701CF8010B0132187034F8020B0C2A5880F6
S21401628037F8020B83F80DE0988016F8010B03F13E
S214016290100303F80A0C15F8010B08EBC00043F8CD
S2140162A0080C11F8010B03F8040CE1D118B0BDE895
S2140162B0F08100BF0B030400325C04004A5C04005A
S2140162C0180304003F5F0020C44200202C5904003C
S2140162D0014B1878704700BF3F5F0020034B03EB6C
S2140162E00013587B00F00100704700BFC442002035
S2140162F0F0B504460846D9B100220E4B11461F7868
S2140163000D4B1D46D6B2B74201D8002010E01E78CC
S214016310A64206D09E68F688314489B2013210330F
S214016320F0E75E7BF607F9D505EB02150180A86854
S214016330F0BD00BF3F5F0020C44200202DE9F347B7
S214016340894690461D46074618B9002002B0BDE8AA
S214016350F0870029F9D0002AF7D0002BF5D00024C9
S21401636000780DF10601ADF80640FFF7C1FF0028E1
S214016370EBD039460DF10602BDF806601DF0BEFCF5
S21401638007460028E1D00DF10602BDF806A01DF073
S214016390DCFC0028D9D0C9F80070C8F800000379E1
S2140163A013F0200219D1DB0614D4BDF806300C4ACE
S2140163B0564413FA86F612FA86F20BE01A790C3373
S2140163C0920642BF13F8092C891889B29842F5D86B
S2140163D0044A0A4401202A60B8E72146024BF5E741
S2140163E062600020405F00206C5B040008B500215D
S2140163F0FFF7E0FEFF2817BF044B084603EB001328
S214016400587B18BF00F0010008BD00BFC442002041
S2140164102DE9F0410D4616461F461DF07AFD0B2864
S2140164200AD8074C3B4604EB001032462946BDE825
S214016430F04180681DF03ABD0020BDE8F08100BF44
S214016440C4420020014B0001185C7047C442002082
S21401645070B50C461DF05DFD0B281BD80F4B03EBEA
S21401646000139A68C2B10023142618461579D9B2CA
S2140164708D4200D870BD116806FB0311097B34B943
S21401648011F0800F1CBF0130C0B20133EFE711F0ED
S214016490400FF7E70020EDE71046EBE7C442002087
S2140164A0F8B50D4616461DF034FD0B280BD80F4BDC
S2140164B04FF0140C03EB00139A6800231C4617795F
S2140164C0D9B28F4201D80020F8BD10680CFB03003A
S2140164D0017B46B911F0800F03D0AC42F4D00134F1
S2140164E0E4B20133ECE711F0400FF5E7C4420020B7
S2140164F02DE9F04F064600243A4B87B01B783A4FF9
S2140165000093009B9C4207D2FF2E08D030461DF018
S21401651000FD0B28044606D907B0BDE8F08F07EB4F
S21401652004131B7B2BBB23014FF00008019307EBE1
S214016530041A14E014221B6802FB05352B89B3F5F7
S214016540967F01D924F0BCFA4FF000094FF00C0BEE
S21401655029891FFA89F291420ED808F10108019B98
S2140165605FFA88F5FB189B681A79AA42E2D8FF2ED3
S214016570D2D10134E4B2C4E71FFA89F00BFB00F074
S2140165806B6819180A7912F0100F23D19AF800E0F7
S21401659012F0400F8DF80CE0B5F800E0185AADF88F
S2140165A00EE00CBF4FF0400E4FF0800EADF812001B
S2140165B028468DF810E01DF06DFB5307ADF814006A
S2140165C0C8780AD50228896800D90968002203A874
S2140165D01DF03CFC09F10109BAE702288CBF896865
S2140165E00831F3E73F5F0020C4420020052370B561
S2140165F0094A06881488B44208D19578047B2C4051
S2140166003F2C03D90D4201D0506870BD013B02F109
S2140166100802EFD11846F8E7DC5B040070B50024E9
S214016620074D084E2B78E0B2834200D870BD06EBCA
S2140166300010437BDB0701D51DF04AFD0134F1E76D
S2140166403F5F0020C4420020F8B50C4600210546F5
S214016650FFF7B0FDFF2829D0154A060102EB00130B
S2140166605B7B03F001016CB143F001031644A142C8
S214016670737305D0C4B100B202EB00101DF028FD03
S2140166800120F8BD2346F1E77B4311682846CA1866
S214016690127BC95AD2091DF087F90134B268E3B2F8
S2140166A011799942F0D8EBE71427F7E70846E8E7AF
S2140166B0C4420020F0B59446497D20B339B3012980
S2140166C018BF042100254FF6FF702F462A46144EA8
S2140166D03488644511D196F803E01EEA010F0CD008
S2140166E0B4789C4209D30AB1BC4206D81EF0100FFA
S2140166F003D08AB1BC420CD370B90135072D06F11F
S2140167000406E5D1F0BD002908BF0821D8E702211B
S214016710D8E727460020F0E727460122FAE700BF20
S214016720C05B04002DE9F04F0A9FBDF824E09DF8F8
S2140167302C809DF830904C7D78B394B3012C18BF13
S21401674004240025194800F11C0C068896421ED127
S21401675090F803B01BEA040F19D08678464516D385
S2140167601BF0100F91F80FA004D0BAF1000F0ED055
S214016770B1F810A0BAF1000F09D1A94513D0AE4562
S21401678011D95E553E88013501363E80ADB20430E2
S2140167906045DAD10120BDE8F08F002C08BF08243F
S2140167A0CDE70224CDE70020F5E700BFC05B04007B
S2140167B02DE9F04F0024B1F57C4F0E4638BF4FF05F
S2140167C0010BA246A1464FF6FF781F4628BF274B6E
S2140167D085B028BFB3F800B0009001925C4503D3A2
S2140167E0404605B0BDE8F08FB6F57C4F0CD3204B84
S2140167F03A4603EB840331465B880098FFF708FEB0
S214016800054680B300232AE03A46314600981DF03B
S214016810B0FBF5E70C229CB254436A680199105B01
S21401682002EB040C884219D3B9F1000F01D0504590
S21401683014D861462846CDE902321DF02BFA029B98
S21401684060B1039A125BB9F1000F03D0524501D330
S214016850804503D9924680464FF0010901332A89C3
S2140168609CB2A242D6D80134A4B2B7E7225904009A
S214016870245904002DE9F04F91461A4600238BB0A7
S2140168808DF82020BDF850208DF81C00ADF81E10A4
S214016890ADF8242005460F461A4604A907A8159CFC
S2140168A09DF858609DF85CA09DF860B09DF86480E6
S2140168B00493ADF822901DF075FA049850B92B4652
S2140168C0CDE90079644A654900F014FC86200BB0D6
S2140168D0BDE8F08FBAF1000F14D18378B34206D029
S2140168E050465D4A5E4900F005FC8D20EFE70379CE
S2140168F013F0010306D11846574A5A4900F0FAFB2D
S2140169008820E4E703795B072CD583685A689B687F
S2140169100592069380781DF0D9FF049B0546DF7823
S2140169202146022F03463A4610D805A81DF08AFFD5
S21401693081462B463A46214606A81DF083FFB9F14B
S214016940010F01D001300DD18720C0E705981DF059
S21401695079FF0128F8D02B463A46214606981DF0C5
S21401696071FFEFE7BBF1000F6FD1049F4FF6FF7287
S2140169702146B8781DF02CF900286BD0BDF82430DC
S214016980C5B20093CDE902549DF82030BDF822200F
S214016990BDF81E109DF81C0001961DF096FD0028FE
S2140169A095D1BDF82430CDE902540093BDF82220DC
S2140169B09DF82030BDF81E109DF81C0001961DF0B4
S2140169C061FB002883D121469DF8682007A81DF0A9
S2140169D03DFA00287FF47BAFB8F1000F07D03B46A5
S2140169E02046BDF81E209DF81C101DF0D2FABDF8F9
S2140169F02430BDF82220BDF81E109DF81C0000931F
S214016A00CDE901649DF82030FEF73CFBBDF824304B
S214016A10BDF82220BDF81E109DF81C000093CDE99C
S214016A2002549DF8203001961DF04EFDBDF824302D
S214016A30BDF822200093BDF81E109DF820309DF869
S214016A401C001DF0F7FA002041E70020064900F07F
S214016A5051FBF8E701203AE725030400310304005F
S214016A605D03040071030400850304007FB500255F
S214016A708DF80830BDF820308DF80400ADF806100A
S214016A80ADF80A20ADF80C306946BDF82830099AF1
S214016A9001A80B9E00951DF085F9044630B916B184
S214016AA0009B9B783370204604B070BD8928FAD1CC
S214016AB02846024900F01EFBF5E700BFA2030400CA
S214016AC02DE9F04F4FF0000AC7B0FFF701FC5FFA5F
S214016AD08AF6B04202D847B0BDE8F08F5B4B36016C
S214016AE09A5D00205A4900F005FB0020594900F044
S214016AF001FB00230593554B9DF8144033449B68D6
S214016B001A79A24202D80AF1010ADEE714224FF0EE
S214016B1000091B6802FB043422891FFA89F39A4292
S214016B2002D8059B0133E5E70C231FFA89F803FB1E
S214016B3008F8D4F804B023F0C3FF0BEB08052B7953
S214016B40454913F0400F3BF8083022884FF000000B
S214016B500093424B18BF0B46414900F0E5FA29461F
S214016B6020461DF097F8074600283CD13D4900F025
S214016B70DBFA2979DFF814C111F0010F3A4818BF82
S214016B80604611F0020FAA78EB7832D1DFF800C127
S214016B9011F0100F354918BF6146CDE900010020FC
S214016BA0334900F0C1FA2B793BF8082013F0400F67
S214016BB04FF0000B4FF0FD030DF118082188CDE9C9
S214016BC0023BCDE9007821480CBF40238023805D3D
S214016BD0FFF74CFF86280ED12649002000F08AFADE
S214016BE009F1010998E702462349002000F09CFAC2
S214016BF0BFE72249D1E7A8781DF03CF8D8B1404656
S214016C001DF0C8FC421C92B201234146002000F050
S214016C10D5F93946208801F001FA4FF6FF739842FC
S214016C2007D0174B174903EBC0035A68002000F042
S214016C3061FA1549D1E7A8781DF022F820B140463F
S214016C401DF0ADFC821CDEE7EA78DDE7C4420020D9
S214016C50F403040002040400CC030400D10304007E
S214016C604204040085F50300D9030400DC03040094
S214016C70560404007204040013090400E40304002B
S214016C80AC5C04005FD4030024030400D6030400B4
S214016C90EC0304002DE9F04FC7B0BDF844A1064649
S214016CA0BAF1040F0D4614461F46BDF840B163D92C
S214016CB0CDE9013B00920B4602463049002000F028
S214016CC019FAFD230DF117090DF118083046029344
S214016CD022463B462946CDE900B8CDF80C90FFF791
S214016CE0C5FE0646B8B9FD22414699F800001CF0DB
S214016CF06FFF0746C0B1AAF10403834238BF892655
S214016D0020461DF004FC8EB1304600F01BF93046DB
S214016D1047B0BDE8F08F009023462A460020184968
S214016D2000F0E8F90027EBE78926E9E7DFF85CA041
S214016D30BA1CBAF80030C3F1FF039A4219DA30469A
S214016D4000F000F999F8000000F0FCF8BAF800909D
S214016D500C483A4641464844B94404F0F3FEAAF8C2
S214016D60009023462A4630460749009700F0C2F9AC
S214016D70CDE7892000F0E6F88926C8E77E040400FE
S214016D80B904040016610020E0040400C058002085
S214016D9010B5044C20600448018004490A60044A86
S214016DA0136010BD8C430020BE580020884300208D
S214016DB08443002030B587B00AAC0D4654F8041B56
S214016DC00093CDE90114134609490246094809888A
S214016DD0006805941DF09DFA4FF48A52064B1B6815
S214016DE01880064B1B685D80DA8007B030BD00BF97
S214016DF0BE5800208C430020884300208443002096
S214016E0008B410B587B009AB0C4653F8041B0092C2
S214016E10CDE9011302460B490B4805930988002367
S214016E2000681DF076FA4FF48A52084B1B681880EA
S214016E30074B1B685C80DA8007B0BDE8104001B0E4
S214016E40704700BFBE5800208C43002088430020B6
S214016E5084430020044A034611680448044A09880A
S214016E60126800681CF02EBD884300208443002071
S214016E708C430020044B054A1B6812681988044B92
S214016E8018681CF092BC00BF884300208C43002089
S214016E908443002007B5074B1B681B880192064AEE
S214016EA012680092054A12681CF0E0FC03B05DF817
S214016EB004FB00BF884300208C430020844300204D
S214016EC01FB51446064A12681288CDE9014300919F
S214016ED0044B05491B6809681CF0A4FC04B010BDEE
S214016EE0884300208C43002084430020014B18680F
S214016EF0704700BF84430020024B1B68187159710C
S214016F00704700BF8443002010B50024084B1C7056
S214016F10FEF75EFC074BFF2218802146064804F068
S214016F2081FC064B1C80064B1C605C609C6010BD9F
S214016F3020620020C258002016610020C0580020A0
S214016F40C458002007490B88FE2B9FBF064AD05421
S214016F50581C80B29DBF088000F1FF3080180020C9
S214016F60704700BFC058002016610020F8B5094FD1
S214016F700D463B885C18FE2C0ADC074E0A46A4B276
S214016F800146F01804F0A0FC3C80641BA019F8BD73
S214016F900020FCE7C058002016610020024B034A7F
S214016FA000201A60704700BF904300202859040053
S214016FB0014B1878704700BFC442002030B4044D1E
S214016FC0044C002B0CBF2B46234630BC1DF00BBBDC
S214016FD0CCC20300B305040070B5054608460C464E
S214016FE01DF0D8FA611C0246024B2846BDE87040E7
S214016FF01DF0F9BAD20C040000B5037889B00693E7
S21401700043783E220593837808490493C378039313
S214017010037902934379019383790093C3790448F2
S214017020008800F081F809B05DF804FB0E05040045
S214017030D0580020024B02460249188800F05AB880
S214017040D058002038C903002DE9F04705460E4602
S21401705017460024DFF84480DFF844A0DFF84490A8
S214017060AC4201D1BDE8F087B8F8000006EBC401D8
S214017070534608221DF0B7FA0134B8F800003FB9AC
S214017080044AA54208BF4A46034900F04DF8E7E71F
S2140170904A46F9E72403040037C90300D058002004
S2140170A0B305040000B203002DE9F0410E4E04467C
S2140170B030881DF0B0FAA8B100250C4FDFF83080FB
S2140170C0E3070AD518B94146308800F02DF8308814
S2140170D02A46394600F028F8002001351B2D4FEAD4
S2140170E05404EDD1BDE8F081D0580020CBF1030067
S2140170F0560204000EB417B505A9044651F8040B50
S214017100019103F091FA01210220054AF8F7ECFCFF
S214017110044B1C8003B0BDE8104003B0704700BFAD
S21401712024030400D05800200EB417B505A9044660
S21401713051F8040B019103F077FA034B1C8003B05E
S214017140BDE8104003B07047D058002013B503685F
S2140171500446587900F032FF90B923685A88032A0A
S2140171600ED0E17C5B79CDE900211649164AFFF77E
S214017170C1FF012120461DF0EEFA012002B010BD2C
S214017180637D012B0AD0637D33B92368228A59882F
S21401719058791CF0CAFE48B9C3200AE02368228A3F
S2140171A0598858791CF0CAFE0028ECD020461DF0FC
S2140171B034FA064B1B78002BDFD110F5807FDCD02C
S2140171C0C1B2D7E73B05040033050400176200206F
S2140171D0002970B50F491D460F4B14460CBF6E2291
S2140171E07922002808BF0B4600200C49FFF79CFFB8
S2140171F00B4E2544AC4205D1BDE87040002009493C
S214017200FFF778BF3146002014F8012BFFF78CFFFB
S214017210F0E700BF740504006A0504007D0504005C
S214017220B105040008E903002DE9F04FC27C8BB0DC
S2140172300592427D0368002A14BF80224022077D02
S2140172400446856886895879B846B3F8029006924E
S21401725000F0B4FEA0B9059B052B05D86FF02D03F1
S214017260059A1341DB070BD5B9F1030F08D0AB49DB
S2140172700020FFF73FFF012120461DF06CFA76E063
S214017280E37B1BB1228A002A00F0B781607D0022D1
S214017290B0FA80F05B4203F00403DFF88CB24009D9
S2140172A043EAC000ABF80020FFF74CFEE37B1BB3BC
S2140172B0208A1DF02CF98246A07CFFF743FE059A32
S2140172C0162A00F29A81DFE812F019009E016C007E
S2140172D05600D2016C009201D9019A01E001E70142
S2140172E0EE01390102029801980198011402580230
S2140172F014027002390102029A46DDE700204B466D
S214017300874A8849FFF7F6FE0120FFF71BFE08F1C2
S2140173100207B74229D84146324628461DF034F9BD
S2140173208046236842465879BBF800304946C3F187
S214017330FF039BB20193238A0093069B1EF051FC28
S21401734010B11FFA87F8E2E7236842465879BBF87E
S21401735000304946C3F1FF039BB20193238A009391
S214017360069BFFF797FC8928EBD11DF0EEF901206B
S2140173700BB0BDE8F08F4FF0000B0420FFF7E2FDE5
S214017380F31E0893089B984552D3BBF1000FECD12E
S214017390E37B94F81480002B0CBF02220422624B7C
S2140173A01A804FF0000B0420FFF7CCFD5F4608F172
S2140173B0030A564540F29D803246414628461DF056
S2140173C0E3F805EB08039B78F21EAA44A2EB080239
S2140173D007905146184692B209931CF0F9FB0890A3
S2140173E0002879D02268099B5079CDE901A3238A28
S2140173F049460093DDE906321CF019FF82464A46EB
S2140174000020079B4949FFF78FFEBAF1000F55D1BF
S2140174100BF10103504646495FFA83FBFFF76AFE0C
S214017420089B08F1030813FA88F81FFA88F8BEE7E4
S2140174303246414628461DF0A7F805EB08039F781B
S214017440089B08F10301A3EB08022944824692B285
S214017450384609911CF0BCFB079068B3236809996C
S214017460587902970191238A524600934946069B12
S2140174701CF02DFF0746B8B10BF1010338465FFA41
S21401748083FBFFF75FFD50461DF041F853464A4621
S21401749000202649FFF72EFE3A4600202549FFF731
S2140174A029FE802F3FF471AF079B08F1030813FAFA
S2140174B088F81FFA88F865E78027DDE75046FFF76A
S2140174C041FD07981DF023F801375246002019495F
S2140174D0FFB2FFF70FFEA3E78720FFF733FD0798FC
S2140174E01DF015F80137872212490898FFB2FFF7F9
S2140174F001FE059B052B3FF43AAF002F7FF435AF15
S214017500BBF1000F05D10C495846FFF7F3FD80216A
S214017510B2E63846FFF716FD27E700BF83B903003A
S214017520BE0504000B060400C0580020C805040070
S2140175300B050400E4050400EE0504000599A84ABD
S214017540A84B0020152918BF1346CDF80090A64A6F
S214017550A649FFF7CFFD059B0C2B14BF16200D2067
S214017560FFF7F0FC3246284639461DF00DF8059B1C
S2140175703D440C2B0646AD7835D1192D28BF19256B
S214017580E37BB3B14FF6FF73278A9F4211D1206880
S21401759032464946069B4079FFF70AF9B84208D0B9
S2140175A0BAF1000F05D020828AF80000000A8AF896
S2140175B001000020BBF80070FFF7C4FC23683246C8
S2140175C05879059B4946A3F1150CDCF1000343EB02
S2140175D00C03CDE90153238A0093069B1CF09BFD07
S2140175E0834BD855C1E6132D28BF1325C8E720467F
S2140175F0FDF7D0FB00287FF4BAAE81213CE6204699
S214017600FDF77CF8F6E7B9F10A0F05EB0708A6EBDC
S214017610070A21D1DFF8DCB19BF80030E3B1E37B48
S214017620D3B9BAF1080F17D13246394628461CF0AD
S214017630ABFF88B998F8023073B998F80320E22AAC
S2140176400AD13246391D284605931CF09AFF1DF0D3
S21401765067F8059B8BF80030414648461FFA8AF2C8
S2140176601EF0C1FA00287FF482AE002104E6F21B68
S214017670484692B2E9191CF044FFF3E7F21B48466C
S21401768092B2E9191CF001FFECE7F21B484692B2F0
S214017690E9191CF026FFE5E7F21B484692B2E91904
S2140176A01EF0A3FADEE72368EE5D5879238A0137D8
S2140176B0ED5D0193069B3246494600932B461CF02E
S2140176C069FC2A46314648461CF0E1FE4FE605981D
S2140176D07A1CE95DB31AA0F11606704270410039B2
S2140176E0009018BF012148469BB22A441CF0D1FEE7
S2140176F0B8E7059BEE5D112B3D446F7838D112201B
S214017700FFF720FC0025E37BB3B14FF6FF73B4F817
S2140177101080984510D133464A4621462846FEF742
S214017720C9FF404508D0BAF1000F05D020828AF87B
S2140177300000000A8AF80100BBF80080DFF8B0A05C
S214017740C8F1FE0292B208F10103009253444A4680
S21401775021462846CDE90267CDF804B0FEF7E2FFE0
S214017760BBF800300AF808000133ABF80030FCE53E
S2140177701420FFF7E7FB0125C5E77B1C9E422CD3AF
S214017780EF5D1D44003F18BF0127F31A9EB2334632
S2140177902A4639460020FFF71BFD00962B463A463F
S2140177A04846218A1CF079FE5CE77B1C9E4214D376
S2140177B0EF5DF61A003F18BF01271D44B6B23346E7
S2140177C02A4639460120FFF703FD00962B463A4626
S2140177D04846218A1CF05FFE44E70020C8E500BF4A
S2140177E024030400B9050400FF050400090604008B
S2140177F0166100201562002038B54FF6FB75044669
S214017800A9424FF001019DF8100098BF43F40043D0
S214017810217023816260A07202230020084A094970
S214017820FFF768FCE07A084B40F6CA0203EB40100B
S214017830FF211BF004F9BDE838400420F8F732BBFD
S2140178401906040024060400D443002030B505467A
S21401785085B028B91D4905B0BDE83040FFF74ABCE0
S2140178600024007B1CF0A6FE2046194A19492C70FC
S214017870FFF740FC184BE87AFF2103EB40101BF0A2
S214017880EFF82046154B02019A5C22B90130042814
S214017890F9D1F8F721FB696899B1B5F908302A8959
S2140178A09B1303F002038DF80430C2F30E03ADF808
S2140178B006304FF6FF73ADF80830002301A8039396
S2140178C0884705B0BDE830401CF079BE4F0604007D
S2140178D01906040081060400D443002094430020C6
S2140178E00948037873B91946084AD3720133042B41
S2140178F01173117051601181917202F11002F4D16D
S21401790001230370704700BF1662002094430020D5
S21401791008B5FFF7E5FF002305491A018A5C01EB6C
S21401792003101AB10133042BF7D1002008BD00BFA4
S2140179309443002070B50D460646FFF7D1FF00239D
S214017940094800EB0514A17AB14205D1217819B195
S2140179502B4400EB031070BD0133042B04F110041B
S214017960F1D10020F7E700BF9443002010B504468C
S214017970FFF7B6FF0E4B9C4212D003F12002944251
S21401798010D003F1400294420ED060339C420DD1D8
S2140179900323084800EB0310BDE81040FFF756BF6D
S2140179A00023F6E70123F4E70223F2E70020F3E7DA
S2140179B0D44300209443002070B50024064D074EA2
S2140179C02846324600210134F7F7A4FD042C05F1C0
S2140179D02005F5D170BD00BFD44300206D790100AC
S2140179E02DE9F34105460C4617469846FFF790FFEA
S2140179F0064640B91C4A1D49FFF77CFB0224204677
S214017A0002B0BDE8F0814FF6FB739D420AD94FF6EE
S214017A10FD739D4204D00020134A1549FFF76AFB07
S214017A204FF6FD75434621463A4628461CF060FE51
S214017A30044600F02FFE804634B1234600200A4A51
S214017A400C49FFF757FBDAE73B462046064A0A4948
S214017A50FFF750FB062329463046089ACDF80080EA
S214017A60FFF7CAFECBE700BF190604008E06040026
S214017A70B8060400ED06040016070400F7B506462E
S214017A800C461746FFF744FF054638B9104A114918
S214017A90FFF730FB0224204603B0F0BD21464FF429
S214017AA08A5230461CF0ECFF044600F0F3FD34B178
S214017AB023460020064A0849FFF71CFBEBE7009027
S214017AC004233A4631462846FFF796FEE3E700BF11
S214017AD0190604008E0604003E070400F7B50646A4
S214017AE00F46FFF715FF054638B9104A1049FFF74C
S214017AF001FB0224204603B0F0BD002240231146BC
S214017B0030461DF081F904461DF07CF934B1234658
S214017B100020064A0749FFF7EDFAEBE7009001233C
S214017B203A4631462846FFF767FEE3E719060400A2
S214017B308E0604007107040073B504460E46FFF76F
S214017B40E7FE054638B9104A1049FFF7D3FA022472
S214017B50204602B070BD0022204611461DF056F99F
S214017B6004461DF04FF934B123460020064A084961
S214017B70FFF7C0FAECE70090234632464FF6FC7159
S214017B802846FFF739FEE3E7190604008E060400CF
S214017B909F0704002DE9F0418846107800219EB029
S214017BA014461D46FFF7C6FE0646002800F0FD8077
S214017BB00778002F7BD0B8F80010002940F0F58038
S214017BC00389B8F8022043F40040824240F0ED8079
S214017BD0617800296BD1A2F50042062A00F2E58001
S214017BE0DFE812F0A100A100E300E3000700B800FF
S214017BF06900E3880D3DADF82430238915F00105B1
S214017C00ADF8263063798DF82830E37A03F1060261
S214017C1014F812208DF814308DF81C2042D10BA9CF
S214017C208E46069104F10C005FFA85FC9C4500F136
S214017C30020009D210F8018C10F802CC01350CEBC9
S214017C40082C2EF802CBEFE701EB43011A4408910A
S214017C50D2B2590001F10D009A42C0B20BD02518DC
S214017C606D78205C7831694400EB0520013321F8FA
S214017C704C0CDBB2EDE7B6F908203389002AACBF1D
S214017C8001220322C3F30E038DF808206288ADF8A3
S214017C900A3005ABADF80C20049302A930461CF05F
S214017CA012FD04E0424A43490020FFF723FA384612
S214017CB01EB0BDE8F081042D02D83D4A3E49F3E7E7
S214017CC02379053DADB29D42B4F8028002D0384A10
S214017CD03A49E9E73A4A3B4B0020002D08BF1346D4
S214017CE03949334ACDF80080FFF704FA05348DF898
S214017CF01450B6F90830069485B1002BACBF0123A9
S214017D0003238DF82C303389ADF83080C3F30E038E
S214017D10ADF82E3005AB0D930BA9BFE7002BACBF1A
S214017D2006230523EDE70B2DC7D9D4F80200D4F8B6
S214017D30061013F4004F05AA03C20CBF0422032247
S214017D408DF82C206289C3F30E03ADF83020ADF810
S214017D502E30DFE7042DB0D96388ADF830302379B3
S214017D600533DBB29D4206D00020114A1749009523
S214017D70FFF7C0F99BE70E4A00201549FFF7BAF94D
S214017D80B6F908203389002AACBF01220322C3F3C7
S214017D900E03ADF82E3005AB0D93631D06932379C4
S214017DA08DF82C208DF81430B6E700277FE700BF4A
S214017DB019060400CC070400F407040008080400B0
S214017DC048C10300240304002F0804004C080400E3
S214017DD08D080400304BF0B5B0FBF3F24FF461654B
S214017DE003FB1200B0FBF5F3DCB205FB13033C25E5
S214017DF0B3FBF5F3DBB2A0EB04104B71C3EB03133B
S214017E00A0EB83004FF4FA630B8040F201134B8022
S214017E1001230C711F4600246425204E887194426C
S214017E2000D1F0BD91F802C013B1BCF1020F2BD006
S214017E3006EB0C0010F801ECC87870450BBF01206A
S214017E4001300CF1010CC0B208BF81F802C0C87045
S214017E5088780D2816D10B888F7001339BB298074E
S214017E600B8014D1B3FBF5F005FB103080B280B95E
S214017E704FF4C870B3FBF0FC00FB1C339BB2B3FAA3
S214017E8083F35B090134CAE74FF01D0ED4E70023E4
S214017E90F8E70123F6E700BF805101006E5C04009D
S214017EA010B5044688B006A9FFF794FF9DF81E306A
S214017EB00A4803939DF81D30049402939DF81C30E4
S214017EC09DF81A200193BDF81830054900930088E3
S214017ED09DF81B30FFF70EF908B010BDD0580020F2
S214017EE0A6080400026808B51188154B1980518848
S214017EF0598051791971117959714FF48A51D98084
S214017F00D28812F0200F0CBF0A464FF48B528169BB
S214017F10DA800C4A137831B9C0880B4923F0020382
S214017F200880137008BD43F002031370074B152237
S214017F301846013103F0C8FC002200F8012CF1E7D5
S214017F40C458002020620020C2580020D3580020C8
S214017F5010B5184C236858791BF0DBFF0B2822D884
S214017F60154B03EB0010027B237F9A421BD123683B
S214017F70428819888A4205D04FF6FF70814212D195
S214017F80120410D42279023A012A06D9A37B63B9D6
S214017F90BDE810400748FFF747B9198958791BF023
S214017FA0EEF80028F2D1002010BD0248BDE81040CE
S214017FB0FFF7CCB858440020C442002008B51BF097
S214017FC0A8FF0B2896BF024B0020185C08BD00BF17
S214017FD02562002008B500201CF0ECFAFF201BF0FB
S214017FE0CBFF1CF0ECFA1CF093F9FEF771F90121B6
S214017FF00246064803F016FC054BFF21054A0648D3
S214018000FEF7C6FEBDE80840FEF708BB2562002065
S214018010C4580020C058002016610020F0B5002288
S21401802004464FF6FF750B4F90B237F830600346A3
S214018030AE4201D12846F0BDA64209D1B4F57C4F27
S214018040F9D307EBC3035B888B42F4D00029F2D047
S2140180500132E9E7AC5C040010B50446FFF7DEFF29
S214018060094A034610884FF6FF72934214BF074A27
S2140180702246BDE8104017BF02EBC30304495A6805
S2140180800449FFF751B800BFD0580020AC5C04008B
S214018090C90804005FD40300034B18780130C0B24E
S2140180A0187000F07F0070474C6C0020044A13786B
S2140180B018B143F001031370704703F0FE03FAE7AB
S2140180C020620020014B1870704700BF2362002019
S2140180D038B1074B1B78012B04D1038843F04003CA
S2140180E003807047022BFCD1038823F04003F7E797
S2140180F02362002068B1074A1378012B07D1064B8B
S2140181001B781370037843F01003037001E0022B11
S214018110F8D0704722620020216200207FB501213D
S214018120264B274E197033780246D90744D4254981
S214018130096881B10868C1888D0641BF224CE18873
S21401814041F02001E180C1884C0641BF1E48C1882C
S21401815041F04001C1801D4D1D492878097840072E
S2140181604CBFE97069701B4913F00204098809D0F5
S214018170164A19481CF0A1F9337823F0020333702C
S21401818004B070BD154B18884FF6FB73984208D89B
S2140181900B46CDE9005201460B4A20461BF066FB12
S2140181A0EEE74FF6FF73CDE9014200930A46074B0F
S2140181B005491BF037FBE3E70020E1E717620020E3
S2140181C02062002054440020C4580020166100207C
S2140181D04D6C0020C0580020D2580020C258002004
S2140181E070B503790446012B0D46164631D88368CF
S2140181F01B78DB0600D561B3A37B13B9E37C0B2B9D
S21401820027D00022144B1A80637DB3FA83F35B09EF
S214018210D800E37BABB9FEF795FEA07CFEF792FE95
S2140182200B20FEF78FFEE07CFEF78CFE2846FEF75D
S21401823089FE2046FFF756FE3046BDE87040FFF740
S2140182406DBF40F00400FEF77DFE208A1CF05FF94A
S214018250E3E7002070BD00BFC0580020024B0A466D
S21401826001461868FFF7BCBF54440020F0B4054629
S21401827018460F4B0C461B78BDF81010012B0D4EFF
S21401828001D0377827B1002333700020F0BC704747
S2140182900CB9002AF9D143B14FF65743994204D09D
S2140182A02B462246F0BC1CF0EEB80120EEE700BFDC
S2140182B04E6C0020246200202DE9F04F684C4FF0F0
S2140182C0000A25468446964698460F46654B664EF6
S2140182D083F800A00FCE0FC596E80F0085B085E89D
S2140182E00F00DDF83C90BDF83830724600933946F1
S2140182F043466046CDE9019400F0DCF8DFF8908152
S214018300064670B90025FEF7FFFD162200215748E4
S21401831003F088FA00232846C8F8003005B0BDE807
S214018320F08F534BA27CC8F800401A70514B1B7853
S214018330002B36D01CF0F6F94F4902465046FEF7A0
S214018340F3FE22685046537952884C490092A2891E
S214018350FEF7EAFE50461CF05EF920B12368218A3A
S2140183605888FFF779FEE37B23B10020228A44492F
S214018370FEF7DAFEA36800201A78E37C41490093F1
S214018380A37CFEF7D1FE207DA289A168121A0144C2
S2140183900123002092B2FEF711FE00203A49FEF7B3
S2140183A0A9FE2F48FFF79EFD2D481DF015FC05463A
S2140183B030BBB9F1000F25D12168E0880B88019008
S2140183C04988BA1E032A00918CBF0022012201218E
S2140183D0E07CFFF74BFF38B923685B79FF2B3AD077
S2140183E0FFF7B6FD05468EE72368DB889A06F3D4C9
S2140183F00121264C1A4821701CF0ADF984F8009032
S214018400354680E7B9F814309B07E5D47AE7584635
S214018410FEF718F882465846FDF760FF88B12368D4
S2140184205046228A59881BF077FD50B13846FFF72F
S21401843059FD236889F804A083F805A0FFF788FD95
S21401844000B9284605460136FDF742FF5FFA86FB6E
S2140184505845DCD857E70026014FDFF83890F3E798
S21401846058440020176200208C5C0400D25800207B
S2140184704D6C00204B6C0020E2080400EB08040061
S2140184800C0904001809040092BA030024620020B3
S21401849054440020C45800200023054AD15C814280
S2140184A002D31A44507870470233DBB2F6E700BFB6
S2140184B07A5C040073B515462E781A4616F0040F3A
S2140184C00CBF032605269E42089C08D9224A23494A
S2140184D000960020FEF70EFE002002B070BDBDF82B
S2140184E0183021712060E380A560A2812B7803F00B
S2140184F00103A3732B7803F00403002B14BF01219F
S2140185000021E1732978C1F3C00161754FF00101C3
S214018510217518D028461CF037F8237D20820233B7
S2140185202375227D531CDBB22375A95C0232D2B2BD
S214018530A1742275EB5CE374A3899A4205D9009273
S2140185400749054AC5E72382EBE7079B0120A3619C
S21401855000232377C1E700BFDCC103005B090400E9
S214018560770904002DE9F7430024204FDFF89C80AB
S214018570DFF89C90E0B21CF083FBFF2805460FD184
S2140185802346012102201A4AF7F7AEFA194B0134A5
S214018590187819F056FE152CECD103B0BDE8F0831F
S2140185A046B238EA260328BF4B4601210093022033
S2140185B057F82430104AF7F797FA002EE6DA09231F
S2140185C0E340DB070AD50D4A0D4B15F0010F18BF26
S2140185D01A4601210220F7F787FAD7E70A2CD5D1E8
S2140185E0084A094B15F0010FF1E700BFC45C04000F
S2140185F0D00904004F6C0020F8090400A909040002
S21401860093090400C5090400BB09040048C103001E
S2140186102403040008B554220021024803F002F99D
S214018620002008BDC059002008B55422FF21024889
S21401863003F0F8F8002008BD6C590020024B23F81F
S21401864010100020704700BF6C590020002310B4A2
S214018650074ADCB2A14203D85DF8044BFFF7DABF44
S2140186602A2BF9D032F8024B20F813400133F0E7F9
S214018670C0590020002310B5054A994201DD2A2B76
S21401868000D110BD32F8024B20F813400133F4E755
S214018690C0590020024B187800F07F00704700BFD9
S2140186A031620020034B18780130C0B2187000F018
S2140186B07F0070473162002030B51C4600238BB026
S2140186C0ADF82220021D92B2012A0E9DADF820308F
S2140186D0ADF81E10ADF81C3003D94FF6FF7290426C
S2140186E00FD10022CDE90352CDE90124094B014601
S2140186F01B784FF6FF70009307AB1CF0E1FA0BB046
S21401870030BD0146CDE901531846009407AA1CF076
S214018710F3FAF4E7506C002038B505464FF4805064
S2140187200C4603F085FA4FF480532860236030B975
S21401873040F2A511BDE83840014822F0B4B938BD71
S214018740E70A0400004870477E5B0020014B18785A
S214018750704700BF696C0020014B1888704700BF46
S214018760F26B0020014B1878704700BF626C002046
S214018770014B1878704700BF35620020014B18780E
S214018780704700BF5D6C0020014B1870704700BF3A
S21401879038620020014B1870704700BF3762002016
S2140187A0014B1888704700BFF06B00202DE9F74F8A
S2140187B04FF00008394B3A4F93F80090394B3A4E38
S2140187C03A4D3B4C3B483C49DFF8F4C0DFF8FCE04F
S2140187D0DFF810A1DFF810B10193019B2037203399
S2140187E001935FFA88F3994506F1200605F1200505
S2140187F004F1200400F1200001F120010FD800222D
S21401880011462E4B2E4D1C782E4E2F4B2F4FD0B28D
S214018810844203F1200338D803B0BDE8F08F2C4B17
S2140188202C4A47F81C3C002346E907232A4A47E915
S214018830063E45E90723294A46E905E344E90723B5
S214018840274A45E905E340E90723019A44E905E398
S21401885040E905E341E908CA41E9063E47F820CC6C
S21401886047F8103C46F820CC45F820CC44F820CCFC
S21401887040F820CC41F8103C08F1010842E908CB49
S21401888042E9063E42F8103CA7E743E9085643E9A9
S214018890061743F8101C0132B9E700BF6D6C0020C3
S2140188A0304800203047002010480020F0470020C4
S2140188B0904700207047002050470020676C00203A
S2140188C0AC560020C1B30200B047002024030400C8
S2140188D0FB720300D3710300FD7B02009D9502002D
S2140188E03B4C030071F90200016B0200002208B53F
S2140188F0074B1A605A601CF092F9064B18701CF070
S2140189008EF9054B1870054B1A78054B1A7008BD81
S2140189104E56002073620020726200205B6C0020BD
S21401892071620020002100B593B008466A460AF03D
S214018930E7F90146C8B90E4B0E4A09930E4B0D9244
S2140189400A930E4A0E4B0E920B930E4A0E4BCDE92E
S2140189500F230C930D4B6A4611930AF087FC0038DF
S21401896018BF012013B05DF804FB0120FAE700BF31
S214018970656D030099770200696F0300594C020088
S214018980694C0300C5860200C96F0300C973020063
S214018990084B1878112806D8012809D9064BC34078
S2140189A003F001007047A0F1430358425841704755
S2140189B000207047756200203400020008B5064B9F
S2140189C01B78013B022B05D80020FFF7E1FF013899
S2140189D0C0B208BDFF20FCE776620020044B00F120
S2140189E0100250F8041B904243F8041BF9D170475B
S2140189F077620020044B03F1100253F8041B9342E4
S214018A0040F8041BF9D170477762002030B5002486
S214018A1091B0114B0546214614220BA8CDE9094316
S214018A2002F000FF102209ABCDE900440693CDE920
S214018A300452CDE90252094B09490AA819F000F877
S214018A4004460AA81CF065FE1CB1A021054822F0C8
S214018A502AF811B030BD00BF002480000044400455
S214018A6077620020720B040070B5002490B0154B9D
S214018A7005460E46142221460BA8CDE9094302F00D
S214018A80D1FE102209ABCDE9004406933146CDE96B
S214018A900452CDE902520C4B0AA818F0D1FF044645
S214018AA00AA81CF036FE1CB1BA21084821F0FBFFCB
S214018AB0099B102B03D0BB21044821F0F4FF10B012
S214018AC070BD00BF0024800000444004720B040007
S214018AD030B50D4600218FB0124B0446142209A86A
S214018AE0CDE9071302F09EFE102207ABCDE9024244
S214018AF0CDE90042049329460B4B08A818F0A2FFC3
S214018B00044608A81CF005FE1CB1D121074821F037
S214018B10CAFF079B102B03D0D221044821F0C3FFC4
S214018B200FB030BD0024800000444004720B0400E6
S214018B300022034B1870034B1970034B1A707047D1
S214018B408862002089620020876200202DE9F04FAC
S214018B50DFF89080064698F800300D4685B0002B69
S214018B603AD04FF6FB73984236D84FF0000B1C4FA5
S214018B70DFF874A03C7898F800305FFA8BF94B4523
S214018B809AF8000011D9484402AA0DF10601C0B2B4
S214018B9014F00CFB082229460DEB020003F08EF9B7
S214018BA00BF1010B0028E6D14C463B78A34208D1D5
S214018BB098F80020631CDBB29A423B7004BF002386
S214018BC03B70324629469AF800301C44E0B205B0A4
S214018BD0BDE8F04F14F0D8BB05B0BDE8F08F00BF7C
S214018BE08762002089620020886200202DE9F74F05
S214018BF006460D4614461F464FF0010BDFF87890E7
S214018C0003F10C0A15B903B0BDE8F08F102DA84684
S214018C1028BF4FF010083A46164B5FFA88F152F813
S214018C20040B524543F8040BF9D101919AF8002040
S214018C3011481A70002389F80F4089F800B089F8A6
S214018C400E30FFF7E3FE324601340B480199E4B2D9
S214018C5012F801CB10F8013B83EA0C0302F8013C41
S214018C60931BDBB28B42F3D3A5EB080816461FFA1B
S214018C7088F5C7E78B6200208A6200202DE9F04F55
S214018C809046914685B00090981A029383B201935C
S214018C90009B0F46354903F10C0453F8045BA342CD
S214018CA041F8045BF9D11B78314E0B7049233370C0
S214018CB0019BF0731B0A3046B373FFF7A7FE022130
S214018CC0BB460D46737888EA030373704FF0000ABB
S214018CD01DE0C5F11004A9EB0A039BB2A4B29C42A5
S214018CE028BF1C4600231FFA83FCE8186445C0B25F
S214018CF01FD82544EDB2A344102D54441FFA84FA1C
S214018D0005D1002530460391FFF780FE0399D14532
S214018D10DFD807EB080B25B115480391FFF776FE60
S214018D20039901294FF000050DD00121DDF80490CB
S214018D30CCE71BF803C016F800E001338CEA0E0CF2
S214018D4006F800C0CFE7029B09491F44094B384685
S214018D501C78224602F0F6FE2A4621463846009B3B
S214018D6005B0BDE8F04FFFF741BF00BF8B620020A2
S214018D708A6200206E6C002030B540780C460128CF
S214018D804FF0110387B001F1100516D1144A01A95D
S214018D900AF0F4FF234601AC2246186859680833E6
S214018DA003C2AB421446F7D111230D4A002001A994
S214018DB00AF0E4FF002007B030BD0120094A01A9EE
S214018DC00AF0DCFF234601AC2246186859680833CE
S214018DD003C2AB421446F7D11123024AE6E700BFAD
S214018DE075E4010079EB010030B50C46407887B098
S214018DF001284FF011030DBF0B4A0C4A012001A9AF
S214018E0018BF01A90AF0BAFF234601AA05AD144608
S214018E1003CCAC4218605960224603F10803F6D130
S214018E20002007B030BD00BF75E4010079EB0100FA
S214018E3010B50C4688B01A230C4A01A901200AF085
S214018E409DFF21460DF10E0304F1100251F8040BAB
S214018E50914243F8040BF9D11A230020034A01A9D1
S214018E600AF08CFF002008B010BD00BF24E101000D
S214018E70F0B58BB004460D461DF039FFA8B101A828
S214018E8012F044F988B1667B271D16F0020F05D053
S214018E900822384601A903F011F8D0B901AB46F013
S214018EA0020603CB6060796066731A230A4A03A937
S214018EB001200AF063FF29460DF116030DF1260283
S214018EC053F8040B934241F8040BF9D100200BB080
S214018ED0F0BD2D20FBE700BF24E10100F0B50546FB
S214018EE0071D00220C463846082193B01DF08DFE62
S214018EF06A7B0646D0070BD5687808A91CF03AFBB2
S214018F00DDF83D306B60DDF841307B6080B10BE011
S214018F10910709D5D2000121384602F080021CF0E3
S214018F2034FBFF28687002D12D2013B0F0BDD6B1F6
S214018F30687801A91CF0BBFA9DF81C305B0604D5C5
S214018F404FF4C6710A4821F0AEFD234603AD07ACC7
S214018F502A4603CAA24218605960154603F108035F
S214018F60F6D10020E1E708A91CF004FBCEE700BF1C
S214018F70F00B04002DE9F04106468AB01F480F4663
S214018F8015460024FFF736FD002C01A914BF4FF04B
S214018F905C0C4FF0360C10238846184A12F8010B69
S214018FA0013B8CEA000013F0FF0301F8010BF5D139
S214018FB005A81EF065FC4246102105A81EF064FCBB
S214018FC0C4B93946324605A81EF0C6FC2A460DF13C
S214018FD0140C0DF1240E634603CB734510605160EB
S214018FE09C4602F10802F6D114B10AB0BDE8F08140
S214018FF00124C9E72A461021E5E700BFBA6200202E
S2140190002DE9F04791460D46C0B09DF82041DDF8A8
S21401901028811E46DFF87CA09DF8243107462246AB
S214019020494640468AF8003002F08CFD9DB1234641
S214019030324641463846FFF721FEB44207D9A11B06
S2140190403B46012289B208EB0600FFF7CFFD002060
S21401905040B0BDE8F087A11B3B46012289B208EB70
S2140190600600FFF7C3FD22464146684602F06AFD48
S2140190703246694638462346FFF700FE9AF8002036
S2140190800DEB040109EB040002F018FF0028DED006
S2140190902C20DDE76E6C002038B50346104601F142
S2140190A0100451F8045BA14242F8045BF9D104496B
S2140190B01BB1FFF7D9FC002038BDFFF709FDFAE721
S2140190C0BA62002030B5054689B069461CF073F8CF
S2140190D06B8804ACABB12246294668461CF00BF8F7
S2140190E00E4A08AD234603CBAB42106051601C46C6
S2140190F002F10802F6D10948FFF770FC002009B01A
S21401910030BD6B46054D1A4603CAA2422860696007
S214019110134605F10805F6D1EDE700BFBA62002057
S21401912050B10B4B0B4A03F1100153F8040B8B4261
S21401913042F8040BF9D17047064B054A03F11001BA
S21401914053F8040B8B4242F8040BF9D1704700BF69
S214019150BA6200209A62002008B51022024802F086
S214019160B3FB002008BD00BFAA62002008B5084670
S2140191701022024902F0A8FB002008BDAA620020C6
S21401918010B5044686B001A9114A112301200AF040
S214019190F5FD9DF8143001A8E3701EF038FF80F04D
S2140191A001000C4A01A96070112301200AF0E6FDB6
S2140191B09DF8143001A8A3701EF029FF80F001006D
S2140191C0207010F03DFB6060002006B010BD00BFAF
S2140191D075E4010079EB010010B5044686B0112351
S2140191E0134A012001A90AF0C9FDA3789DF81420AD
S2140191F09A4207D08DF81430002011230C4A01A999
S2140192000AF0BCFD11230B4A012001A90AF0B6FDA4
S214019210E3789DF814209A4207D08DF81430002088
S2140192201123044A01A90AF0A9FD06B010BD00BF2A
S21401923079EB010075E401002DE9F04186B00646A0
S21401924003A80C4612F000FF054600284AD1BDF8D7
S2140192500C30980646D510222946204602F0E2FA3E
S21401926001A811F053FFC0B1777B06F1040817F08F
S214019270020F06D00822404601A902F01FFE002870
S2140192802ED101AB47F0020703CB7060C8F804107B
S2140192907773238843F008032380238843F002036F
S2140192A0238011F00DFB60601DF021FD30B10E4BE7
S2140192B01B68A360238843F0040323800B4B1A68C2
S2140192C0D1035EBF238843F010032380130203D526
S2140192D0238843F400632380284606B0BDE8F08166
S2140192E02D25F9E72425F7E760480020644800208B
S2140192F010B5D0E9023253F8223090B01C684022F3
S214019300694620461CF0A9F9034630B122460020E2
S2140193100549FDF7EFFE10B010BD01226946082091
S214019320FDF792FEF7E700BF860C040070B500F06B
S214019330B1F800280CBF6E22792200201349FDF7F0
S214019340D9FE00F0A7F8F0B11CF09BF900280CBF7D
S2140193506E22792200200E49FDF7CCFE082200205D
S2140193600C49FDF7C7FE00250B4C0C4E234654F85E
S214019370042C314600200335FDF7BCFE182D04F100
S2140193800C04F3D170BD3F22E4E700BFBE0C04001D
S214019390D50C0400E50C040088490020040D0400E7
S2140193A070B51CF053F9044621490020FDF7A2FED2
S2140193B02CB92046BDE870401E49FDF79BBE00F063
S2140193C0BBF805461C4B62690020002A08BF1A46F6
S2140193D01A492668FDF78EFEA28800201849FDF777
S2140193E089FE1849E2880020FDF784FEA3882289B9
S2140193F013F010001ABF002013491449FDF77AFE36
S214019400E26800201249FDF775FE22690020114925
S214019410FDF770FE104A114B0020B6F5817F38BF6C
S21401942013460F492A46BDE87040FDF763BE00BFEC
S214019430390D0400460D0400FCDC0300670D040032
S214019440850D0400A60D0400C30D0400E00D040004
S214019450FE0D04001C0E0400310D0400270D04004F
S2140194603A0E040038B5014600230C25084A05FBD0
S21401947003F4A0181459013404D10C2202F024FA82
S214019480002038BD0133082BF1D10120F9E700BFD8
S21401949084490020034B1878012894BF002001203E
S2140194A0704700BFCC62002038B50446044D2878CA
S2140194B0A04203D021461CF0A9F82C7038BD00BF8D
S2140194C0CC62002000B58FB03422002101A802F042
S2140194D0A9F901A8EEF710FB0598D0B182680E4BEA
S2140194E0B2F5803F34BF92B2C2F38F2241881A810F
S2140194F0028828BF41F010011A6042689980DA801C
S214019500C268DA6002691A6142695A61027E1846C7
S2140195101A760FB05DF804FB08490020054B1B784E
S21401952020B1012B04D80220FFF7BEBF012BFBD8C8
S214019530704700BFCC62002010B5084C237853B9A1
S2140195401CF084F80123237028B10368B3F5817FEA
S21401955024BF037E2370207810BD00BFCB6200209D
S21401956070B5184B1B78012B2BD81CF052F8164DF2
S214019570024616490020FDF7BDFD0120FFF7CEFF8C
S2140195802E78FF2E1DD1FFF79DFFC8B1848860227B
S2140195903146C4F340040E482C7002F043F96022B1
S2140195A031460C4802F03EF95CB1FFF7C5FF0428CE
S2140195B007D9BDE8704040F22B11074821F073BA75
S2140195C0287070BDCC6200206F6C00205D0E040018
S2140195D084490020244900206F0E04002DE9F04F35
S2140195E0DFF884928DB003AB07468846144699E8A7
S2140195F0070083E80700FFF7B3FFFFF79DFF944BD3
S21401960006461D784B46012D40F07081012840F238
S2140196107281B7FBF0F200FB1272002A00F06B8138
S2140196208C4900228B46D1F800C0BCF1FF3F04D024
S214019630087A6044874200F019810132082A01F154
S2140196400C01F0D193E8070006AE0DF1240A86E876
S21401965007008AE80700FFF76FFFB7FBF0FB00FB88
S2140196601B7BA0EB0B094A46414606460AA809970A
S2140196708DF82C9002F066FA00224FF00C0E764917
S21401968002E00132082A0ED00EFB02F000EB010CBC
S21401969008580130F5D19AE807008CE807006F49B1
S2140196A00A7801320A70A14504DD4FF4E2716C4874
S2140196B021F0F9F9A41B5C444F44A1B217FA84F4D3
S2140196C0B4FBF6F206FB1242C8448E1A91B1A41AF4
S2140196D008EB060107A88DF82020069402F032FA5E
S2140196E006A8FFF7BFFEFF2804D140F2D9115C4857
S2140196F021F0D9F9B6B2B6B10320FFF7D5FE802E18
S2140197000AD832464146574802F01CFA32463846D5
S21401971054491BF086FF05460220FFF7C5FE284682
S2140197200DB0BDE8F08F0025F9E74FF40E714C48F7
S21401973021F0B9F9464B1B78012B00F0E380002C91
S21401974036D00320FFF7B0FE802C2FD822464146A4
S214019750444802F0F7F92246384642491BF061FFB9
S21401976005460220FFF7A0FEDFF8F09099F80030DA
S21401977093B1039CFFF7E0FE374B002798461A6823
S214019780511C04D0197A411A521A944224D0013736
S214019790082F03F10C03F2D1002DC0D1039B013336
S2140197A0C1D003A8FFF75EFE0546B8E70125D8E756
S2140197B02546D9E740F26D21294821F074F90125A3
S2140197C024E0012D30D0802E2FD83246254903982B
S2140197D01BF027FF054628E0002DA0D10C247C4372
S2140197E008EB04039DF814A093F808B00AEB0B03EA
S2140197F0802BDFDC1B4B524604A9184602F0A2F967
S214019800211D5A464144504402F09CF90C2303FBA7
S21401981007839DF814201B7A13449E42D1D040F250
S21401982073210F4821F03FF901250220FFF73CFE86
S21401983099F8003013B1013B89F800304FF0FF333F
S21401984008EB040248F80430C2E9013367E700BFB9
S2140198506F6C00208449002024490020CA62002041
S2140198606F0E040088480020285D04004FF00C0AA3
S2140198700AFB02B3187AA6EB00095FFA89F9A1453B
S21401988001D35FFA84F90AFB02FA0AF104052844B7
S2140198904A464146584402F055F90BEB0A031A7A38
S2140198A0A4EB09044A44D2B2B242A4B21A7219D144
S2140198B003200193FFF7F8FD32460BEB05015BF839
S2140198C00A001BF0AEFE05460220FFF7EDFD4FF045
S2140198D0FF32019B4BF80A20C3E90122002D7FF4D9
S2140198E01EAFC844002C3FF41EAF4F44104B1B78EC
S2140198F0012B7FF424AFB7FBF6F306FB1373002BA3
S2140199007FF413AFE319B3FBF6F506FB1535002D0F
S2140199103FF415AF641B5B1B08EB04012A4604A841
S2140199200393A4B202F00EF98DF8145007E700BFB6
S2140199306F6C002070B5134B1B78012B0CD1FFF711
S2140199400FFE0026104D55F8043C013306D10336B0
S214019950182E05F10C05F6D1002411E00320FFF7BF
S214019960A3FD55F8044CFFF7E7FD294602462046BD
S2140199701BF057FE04460220FFF796FD002CE6D0AA
S214019980204670BD6F6C00208849002070B50546E2
S2140199900C46FFF7E5FD0520FFF786FD2146284624
S2140199A01BF04DFE06460220FFF77EFD00220A4B05
S2140199B02C441968481C08D0A94206D3A1423EBFD0
S2140199C04FF0FF31C3E9001199600332182A03F101
S2140199D00C03EED1304670BD84490020D0E9023236
S2140199E053F8223010B51C68204600F095FA28B1CD
S2140199F02146BDE81040024800F002BE10BD00BF7F
S214019A00ED0E040008B5D0E9023253F8223018688A
S214019A1000F06CF920B1BDE80840024800F0F0BD46
S214019A2008BD00BF0F0F04002DE9F041D0E9023256
S214019A3053F8221003EB82035B680F681D789AB017
S214019A40642D04D96421114800F0DAFD64252A4604
S214019A50384601A900F002F9044698B90C4800F00E
S214019A60CFFDDFF8348001AE013DA54202DC1AB01D
S214019A70BDE8F0813919404616F8012B00F0C0FD0B
S214019A800134F2E7034800F0BBFDF0E7320F0400B3
S214019A90520F04007C0F0400690F04002DE9F04703
S214019AA000252D4FDFF8E080DFF8E0908CB02846E7
S214019AB003A900F0EFF810B10CB0BDE8F087049BE5
S214019AC02946039A0093384600F09AFD404600F076
S214019AD097FD059910290CD810290CD8DFE801F05C
S214019AE00F14320B340B0B0B360B0B0B0B0B0B0B38
S214019AF03A0020292CD0194800F082FD07E01848CA
S214019B0000F07EFD0135D2E7164800F079FD069992
S214019B10484600F075FD0799134800F071FD13489B
S214019B2000F06EFD1024DFF868A00DF11F06504608
S214019B3016F8011F013C00F063FD14F0FF04F6D196
S214019B400B48DDE70B48E0E70B48DEE70B48DCE7B0
S214019B500B48DAE70B48D8E7970F04003C100400DF
S214019B60EC0F0400FC0F0400621004007A100400DD
S214019B7001B20300041004000C10040015100400C8
S214019B802010040037100400DB0F04004B10040003
S214019B908B10040010B50B4C8EB023785BB9EDF733
S214019BA025FF014650B9012301A82370EDF7A4FF54
S214019BB0054B049A1A6020780EB010BD034800F0D9
S214019BC01FFDF8E7CD620020C84C0020911004006C
S214019BD000B58FB0FFF7DEFF002829D001A8EDF70A
S214019BE08BFF059B1448198800F00AFD059B134856
S214019BF05969134B002908BF194600F001FD059B62
S214019C001048598800F0FCFC059B0F48196900F0C4
S214019C10F7FC059B0D48D96800F0F2FC059B0C4843
S214019C20197E00F0EDFC0B4B0B48196800F0E8FCC0
S214019C300FB05DF804FB00BFCE100400E010040076
S214019C40FCDC0300F2100400061104001A110400E3
S214019C502E110400C84C00204211040070B50646BF
S214019C6015460C4679B172B1FFF794FF68B12146EB
S214019C702A463046EEF74AF8014618B1044800F085
S214019C80BFFC012070BD2120FCE71120FAE700BFD0
S214019C905411040037B505460C46FFF77BFFE0B1CB
S214019CA0114B1B68AB421AD9CCB1002124222046A5
S214019CB001F0B8FD2146284616F07EFE88B92846F2
S214019CC001AA04F10801EDF7D3FF20B140F20643E3
S214019CD0C01A18BF012003B030BD1120FBE72120B8
S214019CE0F9E70120F7E700BFC84C0020F0B593B0B4
S214019CF00546FFF74FFF002845D0254B1A68AA42B4
S214019D0007D829462348013A00F07AFC212013B0EF
S214019D10F0BD05A8EDF7F0FE284603A916F04CFEA7
S214019D2098BB049A22F4FF57C2F30C0327F01F07CF
S214019D302BB14FF400532946174800F061FC039EEF
S214019D407FB120F0BDFE30464FF40051EEF76AF8C1
S214019D503346044606F5005650B9039BF31ABB4238
S214019D60EFD32A4639460D4800F04AFC002406E0A7
S214019D7000902A464FF40051094800F041FC201E8D
S214019D8018BF0120C3E71120C1E70120BFE700BFCC
S214019D90C84C00208211040030120400EF120400A7
S214019DA09E12040010B5044638B1FFF7F3FE30B139
S214019DB00020044B1B68236010BD2120FCE7112006
S214019DC0FAE700BFC84C002010B50446FFF7E2FED4
S214019DD0B0B10C4B1A68A24206D821460A48013A8D
S214019DE000F00EFC212010BD20F06AFE40F2C122D8
S214019DF020460649EDF7FCFE003818BF0120F2E7C1
S214019E001120F0E7C84C002082110400044A00200B
S214019E1010B50446FFF7BEFE70B121460848EDF7BF
S214019E2007FF40F20323984208D040F201239842EC
S214019E300CBF0520012010BD1120FCE70020FAE729
S214019E40044A00202DE9F0412D4D04462F68FFF706
S214019E50A1FE002851D02968A14207D84A1E2948E8
S214019E60214600F0CDFB2120BDE8F0812648EDF724
S214019E709FFEDFF894800246B0B943462E689642AC
S214019E8022D1BE4214BF3A4606F1FF3212BB31461A
S214019E901D48C8F80040EDF76BFE014600B31B48AD
S214019EA000F0AEFB0120DFE72046EDF741FE044659
S214019EB038B10146164800F0A3FB201E18BF01204A
S214019EC0D2E7EDF791FCF8E753F8041B8C42DDD09E
S214019ED00132D4E70C499200081D01F0F5FCD6E7E3
S214019EE029680948EDF764FE044610B101460948A1
S214019EF0D6E7EDF779FC2046B6E71120B4E700BFB8
S214019F00C84C002082110400E449002035130400E7
S214019F100B13040068130400F8B50446FFF73AFE75
S214019F20002845D0234B1A68A24207D8214622486A
S214019F30013A00F065FB21242046F8BD1F4800F0D9
S214019F405FFB20F0BDFD40F2C1221D492046EDF722
S214019F504FFE40F20327054620F0B2FD184E65B1CC
S214019F6040F203239D421AD02946164800F048FBCA
S214019F700124154800F044FBDEE720F0A1FD294648
S214019F803046EDF755FEB84209D040F2012398421B
S214019F9003D10E4800F034FBE1E70546DFE7214632
S214019FA00B4800F02DFB2046FFF74CFF0446E0E788
S214019FB01124C1E7C84C0020821104009F1304003D
S214019FC0044A0020BF13040001B2030008E903009D
S214019FD0D713040010B50A46044619B1024B0021F6
S214019FE01B68984710BD00BF345D040010B5114CC6
S214019FF02378580744BF23F0040323702378990776
S21401A00005D500F05DF8237823F00203237063780A
S21401A0101BB10023084A63605360002308210648E9
S21401A0206370FFF7D7FF2378DA0744BF23F00103F5
S21401A030237010BDCC4C0020D04C002038B51A4CF3
S21401A04062782378022A01D1072B11D0DD0712D5B9
S21401A0502378980707D400F02BF82378054643F0B9
S21401A0600203237080B96278237882B15A0716D525
S21401A0700025284638BD17F061FC2378054643F0D5
S21401A080010323700028E3D0FFF7B0FFF1E7D907FB
S21401A090ECD5064962604A6002226270E6E743F048
S21401A0A004032370E4E700BFCC4C0020D04C002012
S21401A0B00122024B002083F8F0207047D84C002084
S21401A0C02DE9F0410A4C002526464FF001080327EA
S21401A0D02046C4F81C80277601351BF0FDFA062DB4
S21401A0E004F12804F4D1002386F8F030BDE8F081AD
S21401A0F0D84C00202DE9F04F984691B00B1E0A93DC
S21401A100B44B914614BF83469B4600251A9E98F889
S21401A110000070B94D4538BF2A464B464FF0000047
S21401A1200A9928BF09F1FF32D847284611B0BDE881
S21401A130F08F252808F1010806D02A464B460A99D1
S21401A1406C1CD8472546E2E70023414611F8012B4F
S21401A1502B2A16D00AD8202A16D0232A17D0A2F1E5
S21401A1603000092834D800270A2418E02D2A05D003
S21401A170302AF4D143F001038846E6E743F00203B0
S21401A180FAE743F00403F7E743F00803F4E743F084
S21401A1901003F1E7884604FB0722A2F13007414687
S21401A1A011F8012BA2F130000928F3D998F8002004
S21401A1B02E2A52D198F8011008F10102A1F13000BF
S21401A1C0092843F480633ED800244FF00A0E11E0BC
S21401A1D02A2A08D156F8047B8846002FBCBF43F0D4
S21401A1E002037F42E2E70027E0E702460EFB041186
S21401A1F0A1F13004104610F8011BA1F1300CBCF19E
S21401A200090FF2D99046424612F8011B6C292DD04F
S21401A21025D8682933D06A293BD04246904618F89B
S21401A220010B672860D8572836D8452808D084D926
S21401A230462800F0188147287FF47FAF43F4006377
S21401A24043F0200327E12A2906D156F8044B08F1EA
S21401A250020824EAE474D6E790460024D3E774297A
S21401A26001D07A29D9D143F48073D7E798F8011041
S21401A2706C29F8D143F4407308F10202CEE798F84E
S21401A2800110682902D043F08003C7E743F0C003FA
S21401A290F2E743F40073C1E7A0F158020F2A3FF634
S21401A2A04CAF01A151F822F049A301003BA10100E6
S21401A2B03BA101003BA101003BA101003BA1010024
S21401A2C03BA101003BA101003BA101003BA1010014
S21401A2D049A30100B5A4010049A301008BA4010014
S21401A2E06BA401008BA40100A0F16901C9B20F297A
S21401A2F03FF623AF012249F2410C8A4012EA0C02D2
S21401A30018D10A2900F0158107297FF416AF43F00A
S21401A310210305930823CDE903431023CDE9012347
S21401A32056F8043B2A46009358464B460A991BF0BA
S21401A330C3FAA8E06F2800F05E8110D9782808D10A
S21401A340102223F00C0310E0582839D0622800F0C0
S21401A35054810A2223F01003642806D0F1E7692805
S21401A3604FF00A0223F01003F6D1590548BF23F037
S21401A3700103692803F4007101D0642840D111B3A8
S21401A380073626F00706B24670685AF8081BCDE96C
S21401A390077300230593C30F0028029306940B4608
S21401A3A0049202DA4B4260EB4000CDE900304B46A6
S21401A3B02A4658460A991BF0C1FA05465646A6E6AD
S21401A3C043F02003BCE7D90506F1040A04D5316839
S21401A3D005E000BF1B57030058060CD53178CDE9C0
S21401A3E00224CDE9047300294FEAD1730193B8BF63
S21401A3F04942009120E01906E9D5B6F90010EEE7CA
S21401A40079B1CDE907730023CDE9042306F1070AE4
S21401A4102AF0070A06940293FAE80223CDE90023FC
S21401A420C5E7D80506F1040A0DD5CDE90473CDE9D3
S21401A43002240191336800934B462A4658460A99EE
S21401A4401BF03AFAB9E7590607D53178CDE9047316
S21401A4500023CDE902240193CBE7316813F0800F86
S21401A46018BF89B2F2E743F02003CDE9017307363E
S21401A47026F007060094B6EC020B4B462A465846D1
S21401A4800A99EAF785F9054641E600F0DF00472814
S21401A49001D143F40063CDE90173073626F00706C0
S21401A4A00094B6EC020B4B462A4658460A99E9F741
S21401A4B0B3FFE8E713F0020426D04FF0010A6B1C45
S21401A4C00B932A464B460A9916F8040BD84774B3E1
S21401A4D054460B9A21E04B4620200A99D8470AEBAE
S21401A4E005020AF1010A5745F5D83A1E18BF01229E
S21401A4F0002A07F1FF3308BF002307F1010A1D44B4
S21401A50008BF4FF0020ADAE7A246E8E7551C4B46B9
S21401A51020200A99D8472A460134BC42F6D3A7EB35
S21401A5200A03574538BF00230B9A1A440B920B9D1A
S21401A530EDE53246002C52F8046B14BF21464FF06D
S21401A540FF310B9232463144107808B1914211D155
S21401A550A2EB060A13F480620C9202D0A24528BF31
S21401A560A24613F002030D931BD1AAEB05032A465C
S21401A5700F9308E00132E7E7531C0E9320204B4669
S21401A5800A99D8470E9A0F9BD318BB42F4D3A7EB70
S21401A5900A03574538BF00230AF101021D4403EBA5
S21401A5A0020AAB1B0E9304E01C464B462A460A9948
S21401A5B0D8470E9BF51816F8010B28B10C9B002BFB
S21401A5C0F3D0631E002CEFD10D9B93B12A46AAEB64
S21401A5D0050405E0561C4B4620200A99D84732460A
S21401A5E01319BB42F6D3A7EB0A03574538BF00231E
S21401A5F01D440B9E8BE50822A3E60222A1E600BFBE
S21401A6000FB41FB506AA52F8043B02A903920092A2
S21401A61004484FF0FF32FFF76DFD05B05DF804EB1F
S21401A62004B07047DD5903001FB5034600914FF093
S21401A630FF3203A90248FFF75DFD05B05DF804FB94
S21401A640DD5903001FB5CDE90201009302A91346A7
S21401A65003484FF0FF32FFF74DFD05B05DF804FBF0
S21401A660E55903001FB5094B094A1868094B01A9AA
S21401A6701860094B1360094A0192094A1268CDE92C
S21401A680022317F002FA05B05DF804FBD868002033
S21401A690D03D0020D43D0020CC680020DA4B0400D9
S21401A6A088500020014B186817F003BAD8680020BC
S21401A6B038B5F1F71BFE0446064D2B68D3F8B002F9
S21401A6C0F1F708FE286817F007FA2046BDE838407B
S21401A6D0F1F700BED868002010B51F4CEFF7DCFE7E
S21401A6E0236F012023F0070343F002032367EFF7EC
S21401A6F0E1FED4F82031002023F0070343F00103E4
S21401A700C4F82031D4F8403123F0030343F00103A9
S21401A710C4F84031D4F8603123F0030343F0010359
S21401A720C4F86031D4F8403223F0030343F0010348
S21401A730C4F84032D4F8003223F0070343F0010393
S21401A740C4F80032D4F8083223F0070343F00103BB
S21401A750C4F8083210BD00BF00800050064B1B68CD
S21401A7601A7A022A01D81AB97047032A00D070470C
S21401A7701B68024A13607047DC680020885000207E
S21401A7800022024B5A60DA601A6070478C50002033
S21401A79008B501F037FF0022014B1A7008BD00BF53
S21401A7A0CE6200200A4601491BF086B9CD75040029
S21401A7B00A4601491BF080B9C87504000A460149DA
S21401A7C01BF07AB9C17504000A4601491BF074B939
S21401A7D0BE7504000A4601491BF06EB9BB7504003C
S21401A7E00A4601491BF068B9B67504000A460149D4
S21401A7F01BF062B9B17504000A4601491BF05CB949
S21401A800AC7504000A4601491BF056B9A57504004B
S21401A81081F0004102E000BF83F0004330B54FEA0B
S21401A82041044FEA430594EA050F08BF90EA020F78
S21401A8301FBF54EA000C55EA020C7FEA645C7FEA0B
S21401A840655C00F0E2804FEA5454D4EB5555B8BF2E
S21401A8506D420CDD2C4480EA020281EA030382EA9F
S21401A860000083EA010180EA020281EA0303362D31
S21401A87088BF30BD11F0004F4FEA01314FF4801C04
S21401A8804CEA113102D0404261EB410113F0004F16
S21401A8904FEA03334CEA133302D0524263EB4303CD
S21401A8A094EA050F00F0A780A4F10104D5F1200E6B
S21401A8B00DDB02FA0EFC22FA05F2801841F10001C6
S21401A8C003FA0EF2801843FA05F359410EE0A5F19A
S21401A8D020050EF1200E012A03FA0EFC28BF4CF0CB
S21401A8E0020C43FA05F3C01851EBE37101F0004581
S21401A8F007D54FF0000EDCF1000C7EEB00006EEB8E
S21401A9000101B1F5801F1BD3B1F5001F0CD3490817
S21401A9105FEA30004FEA3C0C04F101044FEA44526E
S21401A92012F5800F80F09A80BCF1004F08BF5FEAF5
S21401A930500C50F1000041EB045141EA050130BDD5
S21401A9405FEA4C0C404141EB0101013C28BFB1F5E7
S21401A950801FE9D291F0000F04BF01460020B1FA32
S21401A96081F308BF2033A3F10B03B3F120020CDA05
S21401A9700C3208DD02F1140CC2F10C0201FA0CF0E3
S21401A98021FA02F10CE002F11402D8BFC2F1200C48
S21401A99001FA02F120FA0CFCDCBF41EA0C019040FE
S21401A9A0E41AA2BF01EB0451294330BD6FEA040447
S21401A9B01F3C1CDA0C340EDC04F11404C4F1200232
S21401A9C020FA04F001FA02F340EA030021FA04F344
S21401A9D045EA030130BDC4F10C04C4F1200220FA9B
S21401A9E002F001FA04F340EA0300294630BD21FAD9
S21401A9F004F0294630BD94F0000F83F4801306BF9F
S21401AA0081F480110134013D4EE77FEA645C18BF92
S21401AA107FEA655C29D094EA050F08BF90EA020F29
S21401AA2005D054EA000C04BF1946104630BD91EA21
S21401AA30030F1EBF0021002030BD5FEA545C05D124
S21401AA404000494128BF41F0004130BD14F5800463
S21401AA503CBF01F5801130BD01F0004545F0FE41D7
S21401AA6041F470014FF0000030BD7FEA645C1ABF0C
S21401AA70194610467FEA655C1CBF0B46024650EA43
S21401AA80013406BF52EA033591EA030F41F400216F
S21401AA9030BD00BF90F0000F04BF0021704730B5F5
S21401AAA04FF4806404F132044FF000054FF00001CA
S21401AAB050E700BF90F0000F04BF0021704730B58B
S21401AAC04FF4806404F1320410F0004548BF404260
S21401AAD04FF000013EE700BF42004FEAE2014FEAB5
S21401AAE031014FEA02701FBF12F07F4393F07F4F90
S21401AAF081F06051704732F07F4208BF704793F093
S21401AB007F4F04BF41F40021704730B54FF46074A5
S21401AB1001F0004521F000411CE700BF50EA0102A8
S21401AB2008BF704730B54FF000050AE050EA010251
S21401AB3008BF704730B511F0004502D5404261EBC1
S21401AB4041014FF4806404F132045FEA915C3FF402
S21401AB50D8AE4FF003025FEADC0C18BF03325FEA9F
S21401AB60DC0C18BF033202EBDC02C2F1200300FA50
S21401AB7003FC20FA02F001FA03FE40EA0E0021FA75
S21401AB8002F11444BDE600BF70B54FF0FF0C4CF463
S21401AB90E06C1CEA11541DBF1CEA135594EA0C0F15
S21401ABA095EA0C0F00F0DEF82C4481EA030621EA50
S21401ABB04C5123EA4C5350EA013518BF52EA03358B
S21401ABC041F4801143F4801338D0A0FB02CE4FF03D
S21401ABD00005E1FB02E506F00042E0FB03E54FF06D
S21401ABE00006E1FB03569CF0000F18BF4EF0010E65
S21401ABF0A4F1FF04B6F5007F64F5407404D25FEA61
S21401AC004E0E6D4146EB060642EAC62141EA555113
S21401AC104FEAC52040EA5E504FEACE2EB4F1FD0C55
S21401AC2088BFBCF5E06F1ED8BEF1004F08BF5FEAD3
S21401AC30500E50F1000041EB045170BD06F0004685
S21401AC4046EA010140EA020081EA0301B4EB5C0432
S21401AC50C2BFD4EB0C0541EA045170BD41F480112A
S21401AC604FF0000E013C00F3AB8014F1360FDEBF4F
S21401AC70002001F0004170BDC4F10004203C35DA2B
S21401AC800C341BDC04F11404C4F1200500FA05F3AE
S21401AC9020FA04F001FA05F240EA020001F000424F
S21401ACA021F0004110EBD37021FA04F642EB0601C5
S21401ACB05EEA430E08BF20EAD37070BDC4F10C04EF
S21401ACC0C4F1200500FA04F320FA05F001FA04F2B3
S21401ACD040EA020001F0004110EBD37041F100019F
S21401ACE05EEA430E08BF20EAD37070BDC4F12005AA
S21401ACF000FA05F24EEA020E20FA04F301FA05F212
S21401AD0043EA020321FA04F001F0004121FA04F2B9
S21401AD1020EA020000EBD3705EEA430E08BF20EA89
S21401AD20D37070BD94F0000F0FD101F000464000C3
S21401AD3041EB010111F4801F08BF013CF7D041EA45
S21401AD40060195F0000F18BF704703F00046520049
S21401AD5043EB030313F4801F08BF013DF7D043EA1A
S21401AD600603704794EA0C0F0CEA135518BF95EAD0
S21401AD700C0F0CD050EA410618BF52EA4306D1D157
S21401AD8081EA030101F000414FF0000070BD50EA76
S21401AD90410606BF1046194652EA430619D094EA00
S21401ADA00C0F02D150EA013613D195EA0C0F05D1EA
S21401ADB052EA03361CBF104619460AD181EA03013E
S21401ADC001F0004141F0FE4141F470014FF00000F6
S21401ADD070BD41F0FE4141F4780170BD70B54FF091
S21401ADE0FF0C4CF4E06C1CEA11541DBF1CEA135511
S21401ADF094EA0C0F95EA0C0F00F0A7F8A4EB0504F3
S21401AE0081EA030E52EA03354FEA013100F08880E9
S21401AE104FEA03334FF0805545EA131343EA1263B2
S21401AE204FEA022245EA111545EA10654FEA002667
S21401AE300EF000419D4208BF964244F1FD0404F520
S21401AE40407402D25B084FEA3202B61A65EB03057C
S21401AE505B084FEA32024FF480104FF4002CB6EB39
S21401AE60020E75EB030E22BFB61A754640EA0C00B9
S21401AE705B084FEA3202B6EB020E75EB030E22BFF9
S21401AE80B61A754640EA5C005B084FEA3202B6EB3A
S21401AE90020E75EB030E22BFB61A754640EA9C00F9
S21401AEA05B084FEA3202B6EB020E75EB030E22BFC9
S21401AEB0B61A754640EADC0055EA060E18D04FEA87
S21401AEC0051545EA16754FEA06164FEAC30343EA27
S21401AED052734FEAC2025FEA1C1CC0D111F4801FF4
S21401AEE00BD141EA00014FF000004FF0004CB6E7ED
S21401AEF011F4801F04BF01430020B4F1FD0C88BF8C
S21401AF00BCF5E06F3FF6AFAEB5EB030C04BFB6EB96
S21401AF10020C5FEA500C50F1000041EB045170BD89
S21401AF200EF0004E4EEA113114EB5C04C2BFD4EBB6
S21401AF300C0541EA045170BD41F480114FF0000E3A
S21401AF40013C90E645EA060E8DE60CEA135594EAB6
S21401AF500C0F08BF95EA0C0F3FF43BAF94EA0C0FB9
S21401AF600AD150EA01347FF434AF95EA0C0F7FF42E
S21401AF7025AF104619462CE795EA0C0F06D152EA82
S21401AF8003353FF4FDAE1046194622E750EA410666
S21401AF9018BF52EA43067FF4C5AE50EA41047FF477
S21401AFA00DAF52EA43057FF4EBAE12E74FF0FF3CDC
S21401AFB006E000BF4FF0010C02E000BF4FF0010CAD
S21401AFC04DF804CD4FEA410C7FEA6C5C4FEA430C26
S21401AFD018BF7FEA6C5C1BD001B050EA410C0CBF75
S21401AFE052EA430C91EA030F02BF90EA020F0020D7
S21401AFF0704710F1000F91EA030F58BF994208BF3E
S21401B00090422CBFD8176FEAE37040F001007047FA
S21401B0104FEA410C7FEA6C5C02D150EA013C07D151
S21401B0204FEA430C7FEA6C5CD6D152EA033CD3D09C
S21401B0305DF8040B704700BF8446104662468C4696
S21401B0401946634600E000BF01B5FFF7B7FF0028C9
S21401B05048BF10F1000F01BD4DF808EDFFF7F4FFF2
S21401B0600CBF012000205DF808FB00BF4DF808ED7D
S21401B070FFF7EAFF34BF012000205DF808FB00BFA0
S21401B0804DF808EDFFF7E0FF94BF012000205DF8C2
S21401B09008FB00BF4DF808EDFFF7CEFF94BF012077
S21401B0A000205DF808FB00BF4DF808EDFFF7C4FF70
S21401B0B034BF012000205DF808FB00BF4FEA4102C3
S21401B0C012F5001215D211D56FF47873B3EB6252F4
S21401B0D012D94FEAC12343F0004343EA505311F01B
S21401B0E0004F23FA02F018BF404270474FF00000AD
S21401B0F0704750EA013005D111F0004008BF6FF0EB
S21401B100004070474FF00000704700BF4A0011D260
S21401B11012F5001211D20DD56FF47873B3EB6252AB
S21401B1200ED44FEAC12343F0004343EA505323FAB7
S21401B13002F070474FF00000704750EA013002D12C
S21401B1404FF0FF3070474FF00000704753B94AB9CF
S21401B150002908BF00281CBF4FF0FF314FF0FF3019
S21401B16000F08CB9ADF1080C6DE904CE00F006F8DC
S21401B170DDF804E0DDE9022304B070472DE9F04F65
S21401B180099D0E4604460F46002B47D18A42944637
S21401B190B2FA82F35AD943B102FA03FCC3F1200290
S21401B1A09F409C4020FA02F217434FEA1C461FFAC2
S21401B1B08CFE220CB7FBF6F106FB117701FB0EF0B5
S21401B1C042EA0742904208D91CEB020201F1FF371E
S21401B1D002D2904200F23C813946121AA4B2B2FB66
S21401B1E0F6F006FB102200FB0EFE44EA0244A645DA
S21401B1F008D91CEB040400F1FF3202D2A64500F286
S21401B2002A81104640EA0140A4EB0E0400211DB13C
S21401B210DC400023C5E90043BDE8F08F8B4205D929
S21401B2200DB1C5E9000100210846F5E7B3FA83F13F
S21401B23000294FD1B342C0F00281824240F2FF8022
S21401B2400846002DE8D0C5E90047E5E7002B40F0A9
S21401B250AF808A1A4FEA1C4E1FFA8CF70121B2FB07
S21401B260FEF60EFB1620220C42EA004207FB06F011
S21401B27090420FD91CEB020206F1FF382CBF4FF0AB
S21401B28001094FF00009904203D9B9F1000F00F00F
S21401B290DC804646121AA4B2B2FBFEF00EFB102268
S21401B2A000FB07F744EA0244A7420FD91CEB04044B
S21401B2B000F1FF322CBF4FF0010E4FF0000EA742F7
S21401B2C003D9BEF1000F00F0C9801046E41B40EA26
S21401B2D006409CE7C1F120048B4006FA01FC00FA07
S21401B2E001FE22FA04F7E6408A401F4320FA04F3DF
S21401B2F04FEA174843EA0C031FFA87FC4FEA134943
S21401B300B6FBF8F008FB106649EA064600FB0CF9A6
S21401B310B1450ED9BE1900F1FF3A2CBF4FF0010B13
S21401B3204FF0000BB14503D9BBF1000F00F0A2802E
S21401B3305046A6EB09061FFA83F9B6FBF8F308FB9D
S21401B340136603FB0CFC49EA0646B4450ED9BE1942
S21401B35003F1FF382CBF4FF001094FF00009B44547
S21401B36003D9B9F1000F00F08280434643EA00405A
S21401B370A6EB0C06A0FB028C66454346E14602D3CB
S21401B38007D1C64505D2B8EB02036CEB070C0138B2
S21401B390E1465DB1BEEB030266EB090606FA04F46C
S21401B3A022FA01F3CE401C43C5E90046002133E7EB
S21401B3B002FA03FCC3F1200299409C40D6404FEAB2
S21401B3C01C4E20FA02F21FFA8CF7B6FBFEF00A4377
S21401B3D00EFB1066110C41EA064100FB07F68E4291
S21401B3E00ED91CEB010100F1FF382CBF4FF001090B
S21401B3F04FF000098E4202D9B9F1000F34D0404611
S21401B400891B92B2B1FBFEF60EFB161142EA01420F
S21401B41006FB07F191420ED91CEB020206F1FF383A
S21401B4202CBF4FF001094FF00009914202D9B9F142
S21401B430000F16D04646521A46EA00410FE7841A14
S21401B44066EB030201201746FBE6023E624421E753
S21401B45002396244C1E664440238D3E664440238E1
S21401B46034E7023E6244E6E702386144C8E7023B3D
S21401B4703E447BE702383E445BE700BF704700BFAF
S21401B4802DE9F04F924685B089461E460D46554A2F
S21401B4900390294615F8014B135D13F00803F8D104
S21401B4A02D2C7CD02B2C4ED04FF0FF3102936FF019
S21401B4B00043CDE9001336F0100851D037464FEA65
S21401B4C0E6783A464346DDE90001FFF73FFE0023F2
S21401B4D083468E4618461946A44613E0ACF1370457
S21401B4E0A6421FDD002B09DB83457EEB010305D356
S21401B4F08E4508BF83453BD1A24239DA4FF0FF3370
S21401B50015F801CBACF13004092CE9D9ACF14104B2
S21401B510192CE3D9ACF16104192C03D8ACF157040A
S21401B520A642DFDC5A1C2FD0029A12B1404261EBD0
S21401B5304101BAF1000F03D0002B48D1CAF80090A0
S21401B54005B0BDE8F08F4FF0FF30029336F01008DB
S21401B5506FF000432C7801F10205CDE90003ADD16F
S21401B560302C25D0002E3AD10A27B0463E46A8E711
S21401B57000FB08F307FB0133A0FB07010B4420186F
S21401B58043EBE4710123BBE72223039A1360BAF16C
S21401B590000F17D005F1FF39DDE90001CEE74FF0C6
S21401B5A00047009301232C788D1CCDE9017382E7B7
S21401B5B02B7803F0DF03582B0CD086B90827B0464A
S21401B5C03E467EE7DDE9000105B0BDE8F08FCDE936
S21401B5D00001DFE710276C7802353E4671E7102739
S21401B5E03E466EE7D57504004AE700BF10B4044C2A
S21401B5F013460A46014620685DF8044B40E700BF43
S21401B6000C69002010B4044C13460A460146206813
S21401B6105DF8044B34E700BF0C69002020F00301FD
S21401B62010F00300C0F1000051F8043B00F1040CD7
S21401B6304FEACC0C6FF000021CBF22FA0CF2134347
S21401B6404FF0010C4CEA0C2C4CEA0C4CA3EB0C0210
S21401B65022EA030212EACC1204BF51F8043B04307A
S21401B660F4D0C2F1000102EA0102B2FA82F2C2F19A
S21401B6701F0200EBD20070472DE9F04780460C46CA
S21401B6804548264614F801EB10F80EC01CF0080CCD
S21401B690F7D1BEF12D0F5BD0BEF12B0F3AD0654628
S21401B6A033F010003ED04FF0FF379A46B7FBF3F762
S21401B6B003FB07F96FEA0909002630460EE0AEF1F2
S21401B6C0370C63451DDD002E04DBB84202D833D1AA
S21401B6D0CC4531DD4FF0FF3614F801EBAEF1300CFE
S21401B6E0BCF1090FEDD9AEF1410CBCF1190FE6D949
S21401B6F0AEF1610CBCF1190F03D8AEF1570C6345DE
S21401B700E1DC731C1CD005B140420AB1F6B91160E8
S21401B710BDE8F08733F0100094F800E0654606F1C6
S21401B7200204C0D1BEF1300F17D06BBB0A234FF015
S21401B73005091A4F9A46BFE700FB0AC00126CBE768
S21401B74022233046C8F80030002AE1D0611EDEE729
S21401B75094F800E00125B41CA2E7207800F0DF0091
S21401B760582807D083B908234FF007096FF06047C0
S21401B7709A46A1E7102394F801E04FF00F0902342E
S21401B7806FF070479A4697E710234FF00F096FF056
S21401B79070479A4690E700BFD575040099999919A4
S21401B7A06AE700BF10B4044C13460A4601462068F7
S21401B7B05DF8044B60E700BF0C69002010B4044C30
S21401B7C013460A46014620685DF8044B54E700BF5D
S21401B7D00C6900200F4B70B50F4DAB42A3EB05066D
S21401B7E007D0B6100024013455F8043B9847A6420A
S21401B7F0F9D80A4D1FF054FB094B5E1BAB424FEACA
S21401B800A60606D00024013455F8043B9847A64204
S21401B810F9D870BDA06C0020A06C0020A06C0020A0
S21401B820A46C002070B5860747D0541E002A3ED06F
S21401B830CAB2034601E0013C39D303F8012B9D0748
S21401B840F9D1032C2CD9CDB20F2C05EB052505EB30
S21401B850054535D9A4F1100C03F1100E1A462CF04B
S21401B8600F064FEA1C1CB644C2E90055C2E9025550
S21401B87010327245F8D10CF1010214F00C0F04F0ED
S21401B8800F0C03EB021213D0ACF1040323F00303F5
S21401B8900433134442F8045B9342FBD10CF00304D7
S21401B8A02CB1C9B21C4403F8011BA342FBD170BDE5
S21401B8B064461346002CF4D1F9E703461446C0E764
S21401B8C01A46A446E0E700BF88420ED98B18834289
S21401B8D00BD900EB020C002A6ED0624613F801CD9C
S21401B8E0994202F801CDF9D170470F2A0FD80346C5
S21401B8F002F1FF3C002A5FD00CF1010C013B8C44A5
S21401B90011F8012B614503F8012FF9D1704740EA80
S21401B91001039B0751D1A2F1100301F1200C70B570
S21401B92023F00F0501F1100E00F110041B09AC44C1
S21401B9305EF8105C0EF1100E103444F8205C5EF8D0
S21401B9401C5C44F81C5C5EF8185C44F8185C5EF8F5
S21401B950145CE64544F8145CEAD1013312F00C0F8E
S21401B96002F00F0C01EB031100EB031329D0ACF12D
S21401B970040C1C1F8E462CF003064FEA9C0C1E443A
S21401B9805EF8045B44F8045FB442F9D10CF101049B
S21401B99002F0030203EB840301EB840102F1FF3C96
S21401B9A04AB10CF1010C013B8C4411F8012B6145A5
S21401B9B003F8012FF9D170BD704702F1FF3C034631
S21401B9C09AE76246EAE700BF2DE9F04F82468E46C7
S21401B9D03F4875461EF801BB10F80B4014F00804EA
S21401B9E0F7D1BBF12D0F5BD0BBF12B0F6FF00049E8
S21401B9F004BF9EF800B005F1020E33F0100010D11E
S21401BA00BBF1300F04D0002B5ED10A231F4609E09C
S21401BA109EF8000000F0DF0058284ED0002B53D1CE
S21401BA2008231F460025B9FBF7F6284607FB16989C
S21401BA300EE0ABF1370C63451DDD002D04DB8642BD
S21401BA4002D321D1E0451FDA4FF0FF351EF801BBC6
S21401BA50ABF1300CBCF1090FEDD9ABF1410CBCF1E7
S21401BA60190FE6D9ABF1610CBCF1190F03D8ABF194
S21401BA70570C6345E1DC6B1C0AD004B140420AB1A5
S21401BA80CDB91160BDE8F08F07FB00C00125DDE7E9
S21401BA902223CAF800305AB10EF1FF314846F0E7CA
S21401BAA09EF800B04FF0004905F1020E0124A4E70C
S21401BAB04846BDE8F08F8146EEE710239EF801B0B8
S21401BAC00EF1020E1F46ADE710231F46AAE700BF80
S21401BAD0D5750400242B02D8012B00D074E710B5CD
S21401BAE000F02EFA16230360002010BD10B5242A9C
S21401BAF0084C1346246807D8012A05D00A46014691
S21401BB002046BDE810405FE700F01AFA16230360EE
S21401BB10002010BD0C69002010B5242A084C1346DD
S21401BB20246807D8012A05D00A4601462046BDE802
S21401BB30104049E700F004FA16230360002010BD08
S21401BB400C690020844641EA000313F0030349D13F
S21401BB50403A23D30B6803604B6843608B6883606D
S21401BB60CB68C3600B6903614B6943618B69836171
S21401BB70CB69C3610B6A03624B6A43628B6A836259
S21401BB80CB6AC3620B6B03634B6B43638B6B836341
S21401BB90CB6BC36340304031403ADBD230320BD3FB
S21401BBA00B6803604B6843608B688360CB68C36037
S21401BBB010301031103AF3D20C3205D351F8043B51
S21401BBC040F8043B043AF9D2043208D0D2071CBF2D
S21401BBD011F8013B00F8013B01D30B880380604656
S21401BBE0704700BF082A13D38B07B1D010F00303A8
S21401BBF0AED0C3F10403D21ADB071CBF11F8013B18
S21401BC0000F8013BA4D331F8023B20F8023B9FE742
S21401BC10043AD9D3013A11F8013B00F8013BF9D2B5
S21401BC200B7803704B7843708B788370604670474F
S21401BC30024B0146186816F00EBD00BF0C690020C5
S21401BC40024B0146186816F009BD00BF0C690020BA
S21401BC50CAB384460B4630B504460843800719D05C
S21401BC609CF800000C78A04212D150B3012A28D0CB
S21401BC70E64603E01CEB030F23D010B31EF8010FBA
S21401BC8011F8014FA2EB0E03A04203F1FF33F1D0EE
S21401BC90001B30BD032A07D8E2E7043A11D01EF094
S21401BCA0803F0ED1032A10D92068194653F8045B49
S21401BCB0A446A0F1013E0434A8422EEA000EECD0C0
S21401BCC0CEE7002030BD10467047A4461946C7E7A8
S21401BCD080EA010C1CF0030F37D110F0030C20F0A2
S21401BCE0030021F0030150F8042B08BF51F8043B70
S21401BCF00ED08CF0030C6FF07F434FEACC0C23FA86
S21401BD000CFC51F8043B42EA0C0243EA0C0300BF68
S21401BD10A2F1013C9A4201BF2CEA020C1CF0803FC2
S21401BD2050F8042B51F8043BF2D04FEA02604FEA78
S21401BD301222012828BFB0EB036F08BF1B0AF4D0FC
S21401BD4003F0FF03000EC01A704710F0030F0AD06D
S21401BD5010F8012B11F8013B012A28BF9A42F4D0B2
S21401BD60A2EB030070474DF8045D50F8042B01F078
S21401BD70030521F0030151F8043B022D26D04DD8CE
S21401BD8022F07F45B5EB132FA2F1013C2CEA020C01
S21401BD900DD11CF0803C08BF51F8043B0AD185EA5E
S21401BDA00205B5EB036F0CD150F8042BE8E74FEA18
S21401BDB013235BE03CF07F4C54D10B784FEA1265BD
S21401BDC054E04FEA126503F0FF034FE04FEA0245E5
S21401BDD0A2F1013C4FEA15452CEA020CB5EB134FD4
S21401BDE018D11CF0803C08BF51F8043B07D185EA06
S21401BDF00205B5EB034F09D150F8042BE6E75FEADD
S21401BE000C4C2FD10B884FEA12452FE04FEA034323
S21401BE104FEA12454FEA134328E000BF02F0FF0540
S21401BE20B5EB136FA2F1013C2CEA020C0DD11CF00C
S21401BE30803C08BF51F8043B0AD185EA0205B5EB00
S21401BE40032F0AD150F8042BE8E74FEA13630DE0FD
S21401BE5012F0FF0F06D051F8043B4FEA122523F0EB
S21401BE607F4303E04FF0000020BC704705F0FF025F
S21401BE7003F0FF00012828BF904204BF2D0A1B0AC9
S21401BE80F4D0A2EB000020BC704700BF08B5064BFB
S21401BE90044613B1002100F0AFF8044B1B6803B150
S21401BEA09847204614F010FEF9BF0100D451002037
S21401BEB0002301461A46184600F048B8032A30B453
S21401BEC015D941EA000484460B46A40704D0541E43
S21401BED00FE0043A032A08D91946604653F8044B82
S21401BEE05CF8045BA542F4D0F1E760461946541E9F
S21401BEF07AB1431E0139021901E09A4209D013F8BA
S21401BF00010F11F801CF6045F7D0A0EB0C0030BC53
S21401BF107047002030BC704738B5074D074C2C1BC6
S21401BF20A41005D0013C55F8043D9847002CF9D1E2
S21401BF30BDE838401EF0BABFA86C0020A46C0020F3
S21401BF40014B1868704700BF0C690020F0B5264CFD
S21401BF5083B006460F46256805B36C681F2C3FDC88
S21401BF60A6B1D5F8880048B3D0F800114FF0010CFF
S21401BF7040F82420022E00EB84020CFA04FC4CEA62
S21401BF800101C0F80011C2F8803010D0631C0020F7
S21401BF9002346B6045F8247003B0F0BD13491448B1
S21401BFA0216010B10068C1F88800104DD5E7D0F8BF
S21401BFB0043143EA0C03C0F80431E7E70D49CDE943
S21401BFC0002369B14FF48470FFF732FE40B10021BF
S21401BFD06C68C0E94011DDE90023C5F88800C5E7B3
S21401BFE04FF0FF30D8E700BF64520020D851002040
S21401BFF00000000031BC01002DE9F04FDFF8B490DD
S21401C00083B0D9F8006096B3884601907568D6F873
S21401C01088706C1E2BD4013507F1800B06EB850565
S21401C020B8F1000F26D173682A68013BA3423BD0C2
S21401C03000232B60BAB1D6F804A05FB30123D7F86A
S21401C0400011A3400B4225D0D7F8040157F824105D
S21401C05003422BD1019890477368D9F800205345C5
S21401C0601ED1B2421CD1013C043D631CD8D103B0A1
S21401C070BDE8F08F4FB15BF824304345D3D0013C87
S21401C080043D621CF3D0002FF5D1013CEFD3013CF7
S21401C090FBD2ECE790477368D9F800205345E0D00F
S21401C0A0002AE4D01646B1E77460C3E70846904715
S21401C0B0D2E700BF64520020431E033306D8044B68
S21401C0C0984228BF1846642838BF6420704700BFCE
S21401C0D040420F0038B5194B05461B680C4603B1A4
S21401C0E0984744B1236833B11B68013303D0E36832
S21401C0F00BB1A3684BB91AF0A5F900204FF4C17231
S21401C100412100F0FFF9212038BD204602F04AFC0B
S21401C11000230B4A85F83C31C5E93743C2E90033B1
S21401C12063694BB1074A422110684FF4D272C31AB1
S21401C1305842584100F0E6F90020E5E7D4540020C3
S21401C1408065002038550020F8B504461EF0A9FB8E
S21401C150002607460E4B1B6893B19E68AEB196F853
S21401C1602420D20711D435460FCC0FC50FCC0FC5EE
S21401C17023682B6096F8243043F0010386F82430B8
S21401C18038461EF089FB3046F8BD1B68E4E700BF61
S21401C1906069002010B5044618B9054B054A1360BE
S21401C1A010BD00F0D9FCD4F8E830002BF6D1F4E746
S21401C1B0EF5B03005C690020014B1868704700BF05
S21401C1C08065002008B502460868FFF775FF08601D
S21401C1D04868FFF771FF48608868FFF76DFF886061
S21401C1E0C868FFF769FF0B69C860581C03D00B4885
S21401C1F0834228BF03460B614B69581C03D007488E
S21401C200834228BF034688694B61FFF755FFBDE8A7
S21401C21008408861104601F07BBC00BF40420F0019
S21401C220D0F8E0302DE9F04105460C4613B1C38D38
S21401C2308B424CD0D5F8DC30002B4BD09E68002EBC
S21401C24048D0D868002845D0013800B200281ADB4B
S21401C250002106E0128A591CA24217D209B288426E
S21401C26011DB0B1803EBD3735B1003EBC30206EB76
S21401C2708202B2F80EC003F1FF3EA445EAD90FFAD6
S21401C2808EF08842EDDA2120BDE8F0814FF6FF728C
S21401C29099B29142F7D09BB203EBC30306EB830638
S21401C2A02846B6F9122095F83011D5F8F080EEF749
S21401C2B009FE0746B8F1000F04D00023324628468F
S21401C2C01946C047EC85C5F8E06085F8397100204D
S21401C2D0BDE8F0810E20BDE8F08100BF2DE9F047F2
S21401C2E082B004460F46164601F086FE002863D14A
S21401C2F04F4D2B68D4F8DCA0D4F8E0800BB1534541
S21401C30076D04FF00009AF6001F09EFE0128074687
S21401C31065D1204619F0D5FF002851D12B68DAF8EF
S21401C3200010D8F8002013B1186888426BD0204658
S21401C33019F079FFC5E900A8D4F8F0508DF8076028
S21401C340002D67D00022204611460DF10703A847AD
S21401C350204600F0EDFF0546B9F1000F0FD076B983
S21401C360D4F88C300BBB012F05D025B1314B002101
S21401C37003205B689847284602B0BDE8F087B5FA07
S21401C38085F040F207523321400900F0BBF83146F0
S21401C390204601F00BFA284B05461B68414620460D
S21401C3A09847D4F88C30002BDDD000224FF4007370
S21401C3B0204600F0E1FBD6E700231D4D6B6098E7B1
S21401C3C094F82530DA07A9D5D4F894305B05A5D5BD
S21401C3D01A4B0122002120461B6898479EE7002140
S21401C3E0012000F001FC01F02FFE0128FBD190E7AF
S21401C3F06B68002B85D0434583D1AB689F4215D02F
S21401C4004FF001097FE7696811B10968914291D03F
S21401C41059688CE794F82A1094F8393132469942D3
S21401C42028BF1946204600F0D1FE91E70025A2E775
S21401C43080650020686900205C690020D8540020CF
S21401C440F8B50F4605461EF02CFA3946064628462C
S21401C450FFF7E6FE044620B130461EF01DFA2046E0
S21401C460F8BD01F0A7FD224639462846FFF736FFFC
S21401C47004460028F0D1284619F023FF0028EBD007
S21401C48095F8253013F001030DD0D5F89420520508
S21401C4900DD5B5F82A21BA4205D0B5F82C31DB1BEB
S21401C4A0B3FA83F35B09034A82F8C430D4E7234620
S21401C4B0F9E700BF001E00B013B50446694619F03F
S21401C4C0C4FC204619F008FEFF28024606D0204686
S21401C4D09DF80010EEF774FD02B010BD0048FBE7B2
S21401C4E00080FFFF38B5044D044C054B28602160E1
S21401C4F01A601DF0D1FE38BD685400206469002022
S21401C5006C54002010B550B90548064B016006482A
S21401C51002601868054B18601868FFF7E3FF10BD46
S21401C52064690020C45500206C5400206854002023
S21401C5302DE9F0418AB001AC05460B462746194A5B
S21401C54002F1200C264610685168083203C662457F
S21401C5503446F7D1002B08BF3B46002710681C461F
S21401C5603060384603F10C0690B95FFA87F8424608
S21401C5702846218819F0A8FE50B942462846E18887
S21401C58019F0B3FE20B942463146284619F0BFFEDF
S21401C5900137032F06F1080604F10204E4D10AB0BC
S21401C5A0BDE8F081F8760400F0B589B005460E4680
S21401C5B019F0BCFE044600BB01AC06F10C070FCF18
S21401C5C00FC497E8070084E8070001A92846FFF78B
S21401C5D0F9FD2846311D1AF083F8044648B9284665
S21401C5E0074901F057FA044618B9284601F0C6FD76
S21401C5F0044628463168FFF79BFF204609B0F0BD88
S21401C600F0760400014919F073BC00BF4DE101004A
S21401C61070B5164E032804460D4633781ED023FA0D
S21401C62004F202F00102AA421DD053B10122A24037
S21401C630A54023EA02032B43DBB233704BB1012042
S21401C64070BD2DB10A4B01201B6898473378EDE782
S21401C6503570074B00201B689847F0E79A07DED035
S21401C66003F0FC03E9E7002070BD00BFCF620020A5
S21401C670AC54002038B504460D4605F077FD60B190
S21401C68001F0C6FC48B9012D07D8012019F0F9FDC3
S21401C6900D4B1B6823B15B6898470C4B1C7038BD6B
S21401C6A01EF059FA0A4B1A68801A18601CF06EFFC1
S21401C6B04FF47A72074B1B6802FB003019F016FC28
S21401C6C0012001F0ADFCE8E7D0540020716C002099
S21401C6D0A4540020A8540020F8B505460C461EF0C8
S21401C6E0E0F8104F06463B7833B1012D04D01CB953
S21401C6F00D481CF09DFE3C7021462846FFF788FF3A
S21401C7000A4B04461B783BB93B782BB919F0ADFDB3
S21401C71010B1074B1B68984730461EF0BDF82046FF
S21401C720F8BD00BFD062002080540020CF620020F8
S21401C73068690020054A0B46117831B10021117055
S21401C740034A01215268187810477047D0620020CA
S21401C75068690020124B0239012910B518701ED8DD
S21401C76005F004FDD8B101F053FCC0B101F034FA74
S21401C770A8B90C4B1C6834B123689847BDE8104033
S21401C780002019F07EBD19F0AFFB074B18601EF0B4
S21401C790E2F9064B1860204601F042FCEEE710BDB8
S21401C7A0716C0020D0540020A8540020A45400200E
S21401C7B038B5044680B11EF074F8012104460846D7
S21401C7C01CF0DAFA01210B4A084616F018F8204642
S21401C7D0BDE838401EF060B81EF063F805462146F5
S21401C7E001201CF0C9FA01202146024A16F007F87A
S21401C7F02846EDE7BE4C0400F0B585B01EF051F8B2
S21401C800344D04462B7823B133481CF011FE002822
S21401C81052D11CF097FE02AA03A919F010FD034697
S21401C820002838D019F01FFD029B98421CD1002029
S21401C8302A4B03991B682A4E9942307020D900274B
S21401C840C91A012324482B70264A3346CDE90077BE
S21401C8501EF05DF9002837D1234A1378D90701D590
S21401C8603178F9B1204611E019F0FBFC029B9842A1
S21401C87028D0002318461949194A096813700391EC
S21401C8800121FFF7C5FE002320462B701EF004F899
S21401C890002005B0F0BD20462B701DF0FDFF2120C5
S21401C8A005B0F0BD03F0FE031370002BDAD10F4B79
S21401C8B01B6898472046E9E720461DF0EDFF0E204D
S21401C8C005B0F0BD0220B3E7032320462F70337076
S21401C8D0F3E700BFD062002080540020A05400205F
S21401C8E0706C002035C70100CF620020AC540020D8
S21401C8F038B51DF0D6FF0F4D04462B789BB90E4A6E
S21401C9000E4913700E4B0F4A0F481A600F4A5A60B1
S21401C910EFF782FF0E490F48EFF77EFF0E4B0F4AE7
S21401C9201A6001232B70F0F781F820461DF0B4FF42
S21401C930002038BDD1620020D06200201C770400A0
S21401C94068690020F9C7010070540020D9C60100AB
S21401C9502477040078540020AC540020B1C70100AD
S21401C9602DE9F0438F7880460F2F0C4685B003D90A
S21401C970212005B0BDE8F08327B90123374A0020FE
S21401C9801370F6E70D784E78EDB9002EF0D194F9D4
S21401C9900310E08803F00AF82128E9D055EA0603D7
S21401C9A0A088DFF8C89013D003F064F84FF60403AC
S21401C9B0B9F8002001469A424BD1AE42334638BF01
S21401C9C02B4600262DE0082DD2D8082ED0D8DEE73B
S21401C9D003F050F84FF6040501464FF60500204ACD
S21401C9E0136E9BB2AB4208BF0346B1F5803FA9F870
S21401C9F000300FD902230825136680230126C2F8CA
S21401CA0080302B4649084FF6FF720139914228BF04
S21401CA10114608E08023012608251666C2F88030F4
S21401CA202B460029EFD1002202920122013FFFB2DC
S21401CA30009201972A4608F1F80002F0B7FE1EB1EF
S21401CA404FF48012074B5A65074BA2681A600223FF
S21401CA5094E703480266A9F80030AEE7D2620020E8
S21401CA6000C001B800D001B8B8540020F86B00200F
S21401CA7010B50446D0F818210B4B4FF40061C3F8EB
S21401CA80A82090F82420D20102F4006205F0D2FA20
S21401CA9094F8243013F0100F4FF4007314BF034AB8
S21401CAA0034A136710BD00BF001E00B0001002B895
S21401CAB0002002B8431C07D06FF0FF02034B104062
S21401CAC01A62A3F580531862704700BF00E000B8F1
S21401CAD0F8B504460F4616461DF0E3FE0546A04788
S21401CAE0044620B128461DF0D7FE2046F8BD04F0C6
S21401CAF07FFC04220549D1F8D83E23EA07033343D5
S21401CB00C1F8D83E024B1A67ECE700BF001000B030
S21401CB10002002B800F01803182B0AD003070AD425
S21401CB2040F2011310F0100018BF1846034B1865A9
S21401CB3070470020FAE70120F8E700BF001F00B0A9
S21401CB40044B1868830654BFC0F30F204FF6FF70DE
S21401CB50704700BFA055002038B10368044A002B77
S21401CB6008BF1346034A13607047014BFAE700BF3C
S21401CB70375F03007469002010B4D0E954412240A5
S21401CB800B4052EA030104D003495DF8044B0968DF
S21401CB9008475DF8044B7047746900200F2938B5C3
S21401CBA005460C460ED801F04FFA01280CD1074A6B
S21401CBB02846D36B23F00F032343D36319F0C5FB39
S21401CBC0002038BD2120FCE70220FAE7001F00B054
S21401CBD0014B186C704700BF001F00B0014B0020CE
S21401CBE019647047001F00B003282DE9F3478846F3
S21401CBF055D82C4B13F800902B4B1E5C2B4B13F87F
S21401CC0000A01DF04EFE074604F03EFB054640B16F
S21401CC1000230022CDE9003301200023002104F087
S21401CC2079F904F039FB48B100230022CDE900333D
S21401CC30002000234FF4004104F06CF96EB31C4B46
S21401CC40DC6C04F008041B4B3146DC64484604F0F7
S21401CC502DFC52463146484604F092FC164BDC64E5
S21401CC606DB1164B1868D0F89410F83003F06EFAD0
S21401CC7013490868FFF71EFF4FF0FF330B60B8F14A
S21401CC80000F04D00F4B002103205B6898473846FD
S21401CC9002B0BDE8F0471DF0FFBD3446D3E702B051
S21401CCA0BDE8F08734770400307704002C77040061
S21401CCB0004000B8006000B8005000B8C45500201D
S21401CCC070690020686900200F4A136F13F0A00FE7
S21401CCD015D1506F10F0040013D10C4BD3F8D83E89
S21401CCE023F07F4323F0FF035BB1D368C3F30362F2
S21401CCF0092A07D0B2F10C0018BF012070470020A6
S21401CD0070470120704700BF000002B8001000B055
S21401CD1070B50D46064620B91A4B1B68A3B10E2006
S21401CD2011E001F091F9012829D1174B93F9004040
S21401CD30C4F11C04641BC4F11C03002BB8BF5B4286
S21401CD40232B0CDD212070BD81EAE173A3EBE17397
S21401CD50DBB2232BF6D80C4B19700020F3E786F8CC
S21401CD6028501DF09EFD094AE402D36904F4FF240D
S21401CD7023F4FF231C43D4611DF08EFDEDE7022052
S21401CD80E1E700BFC4550020D362002000C000B810
S21401CD9018B9034B93F90000704790F928007047C3
S21401CDA0D362002010B5044619F08BFA10B10120A9
S21401CDB001F0D4F92046FFF75BFE1DF072FD0A4A2A
S21401CDC00121D2F8A030044623F02003C2F8A03097
S21401CDD00222064B08469A60054B5B689847204638
S21401CDE01DF05AFD002010BD001E00B0001002B854
S21401CDF068690020064B5A6A920207D4D3F880303D
S21401CE0013F4706F14BF0120002070470120704793
S21401CE10004001B8F8B50E46D0F8943002EA010495
S21401CE2023EA01032343C0F89430464A01F00B037A
S21401CE3023EA0401D1642340A2F58052D364720729
S21401CE40054610D50121FFF7D5FF60B104F0D0FAF1
S21401CE504FF4007314F0040F14BF3B4A3B4A53626D
S21401CE6004223B4B1A67F30606D514F0100F14BFC5
S21401CE7000221B22374B5A6537061DD5200616D5CC
S21401CE804FF40012304B1A62012203F58053C3F8A7
S21401CE9000211DF006FD0E210746032003F09EF833
S21401CEA040F201222B4B3846DA621DF0F5FC214692
S21401CEB005F1F80003F04AF9F10503D5E2052AD594
S21401CEC003F05CF8B30503D5A70527D503F062F890
S21401CED016F48C6F1DD014F4806224D095F825309A
S21401CEE0DC070CD5EA8DB5F82A31934219D0B5F88E
S21401CEF02C31981A43424341174A82F8C430D5F878
S21401CF00E410284619F018F88022144BD864144B04
S21401CF101A610020F8BD03F02BF8D3E703F034F8CC
S21401CF20D6E70123E8E77105E9D595F82530DB0753
S21401CF30E5D5094B114683F8C4200A4B28461B68E1
S21401CF409847DCE7006000B8005001B8006001B8FF
S21401CF50002002B8004000B8001E00B0001F00B05C
S21401CF60000002B8D8540020014B1868704700BF73
S21401CF70C454002037B51DF094FC00240123002280
S21401CF80CDE90034002305461946104603F0C2FFDA
S21401CF90022002F0E7FA064B21461C60054B0220F0
S21401CFA05B68984728461DF077FC204603B030BDE5
S21401CFB0CC540020686900202DE9FF4102290D4666
S21401CFC016469846039004D1FFF7D4FF04B0BDE897
S21401CFD0F0811DF066FC1E4F04463B683BB1B34230
S21401CFE005D01DF059FC002321203B60EEE7194BCC
S21401CFF00022C3F800803E60002301264FF000089F
S21401D00010461946CDE9006603F084FF124B022054
S21401D01083F8008002F0A6FA43462A46022003A9B6
S21401D02002F0BEFA0D4B039A1A6008B92046D8E7FB
S21401D0300B4D2B689847212804D020461DF02CFC68
S21401D0400020C3E731466B6802209847F5E700BF2A
S21401D050CC540020C8540020D5620020C4540020BF
S21401D06068690020044B5B6E5B054EBF0120034BD5
S21401D070187800F00100704700C001B8D5620020A2
S21401D0800A78022A11D0101F4242424152004B78C0
S21401D0901201022B0BD0191F4B424B415B00054975
S21401D0A0054842EA8312FFF713BD0122EFE7012389
S21401D0B0F5E700BFF0FFFF0091E001000B78022BBF
S21401D0C010D0181F434243415B004A78022A0BD016
S21401D0D0111F4A424A4152000F21044843EA820284
S21401D0E0FFF7F6BC0123F0E70122F5E7BDE00100FA
S21401D0F02DE9F8430E780446042E0D4690F830814B
S21401D1000BD100275FFA87F9484601F07DFD08B18B
S21401D1104E4602E00137042FF4D1304601F074FD8B
S21401D120002849D094F83031B34209D1AA88D4F8FE
S21401D130A8309A4204D16A88B4F832319A4238D07B
S21401D14084F83061AB883046A4F834316B88A4F893
S21401D1503231AB8804F59875C4F8A830FF2384F8FB
S21401D1602B3019F0A3F984F82A00284601F078FC40
S21401D17018BB284601F03EFDF8B9D4F8E03053B1AB
S21401D18094F83011414506D02046B3F91220EDF748
S21401D19099FE84F83901204601F09AFE0949A4F85F
S21401D1A034010123084AD1F8FC1004F1F80003F019
S21401D1B0AFFC0020BDE8F88321200C2384F8303131
S21401D1C0F8E700BF001F00B0581F00B0F8B50546CD
S21401D1D090F830010C460C28164623D0FF2923D0A0
S21401D1E01AB14FF0FF32114B1A6019F05FF907467A
S21401D1F095F8300101F068FD844228BF0446E4B288
S21401D200BC4238BF3C46E0B285F82B0001F002FE76
S21401D210FF280CBF2124002416B9284601F068FD1A
S21401D2202046F8BD0224FBE72124F9E778690020AF
S21401D23010B590F8303104460C2B43D0D0F8E030CE
S21401D24080F82A10D3B3D0F8F020CAB990F8393153
S21401D2508B421BD300222046FFF7B8FF40BB1A4B78
S21401D2601B78022B23D8204601F032FE17490123F2
S21401D270174AD1F8FC1004F1F80003F049FC16E057
S21401D280B0F94220B3F912309A42E3DD002220467B
S21401D29094F83911FFF79AFF50B9C4F8E000204618
S21401D2A018F04DFD4FF6FF739842014601D100205C
S21401D2B010BD2046BDE81040FFF7C2B8FF2380F836
S21401D2C02B30F4E70220F3E7FC6B0020001F00B0D0
S21401D2D0581F00B0F0B51D46144B04461B780F4688
S21401D2E0164685B05BB1D0F8E030E3B102AAB3F9D7
S21401D2F012300092002214F0E4F905B0F0BD02A944
S21401D30018F0A3FD9DF808103A462046EDF7DAFD21
S21401D310014626B92A462046FFF758FFEDE7204684
S21401D320FFF786FFE9E71846E7E700BF824E0400ED
S21401D330D0F89C30012B01D10020704770B504460F
S21401D34065498CB019F0E7F8D4F8E0600146E58D40
S21401D350C4F8E40026B1336813B15B68002B71D1C1
S21401D3601DF09FFA1DF098FA0123D4F8E4108DF809
S21401D3700630B389D6E90120EB1A9BB200FB0322E3
S21401D3805648ADF80430036800928B4207D0204619
S21401D39018F0D2FD80225249524BC8641A61514D91
S21401D3A000F052FE0128FBD1AB689E06F8D4204659
S21401D3B09DF80620009906AB03F0E6F800283ED15A
S21401D3C000F042FE0128FBD1464A136FD801FCD477
S21401D3D093689906F9D4684606A903F08DFA0546BE
S21401D3E068BBE28D404B5A6494F8243060F34103E5
S21401D3F084F8243000F0EEFFD4F8E0305969431E7B
S21401D4000E68DBB2FD2B029622D9F31C34D84B688A
S21401D410FF2803935ED10126DA1C25D8024602A90D
S21401D420204618F0A1FFE6B9D4F8543199053FD447
S21401D43094F8243043F0020384F8243011E00220EB
S21401D4400CB070BD1A68032A8AD99B6A5B0E8EE7F8
S21401D4504B6801280393DED00246204602A918F045
S21401D46083FF00200CB070BD0133204B5B6816D0E3
S21401D470DA1C23D80393D1E71C4B01361B6818BF6F
S21401D4800126DD1C06D802934B68FF280393C3D000
S21401D4900020C3E7FF284B6819D00393C3E7DD1CC0
S21401D4A00FD80246204602A9039318F05DFFBBE79A
S21401D4B020464FF4803119F0DFF8D2E7FF28B2D1C9
S21401D4C0E6E7FF28B0D10022204602A9EDE70120B9
S21401D4D00393A1E72A46C0E7FC1F00B0B45400201E
S21401D4E0001F00B0000002B8008001B8806900206B
S21401D4F010B50C4619B118F0E4FE00B1043420460C
S21401D50002F0B8FA024B4042C3F8C80E002010BD24
S21401D510001000B0838E70B593420C4615461CD39E
S21401D520836C8B4208BF00241DF0BBF94FF49C535B
S21401D5300B490646CA68C2F30362D340DA0702D52E
S21401D5400B6F9B0304D401222946204601F016F8EE
S21401D55030461DF0A1F9002070BD2120FCE700BF78
S21401D560000002B82DE9F84F064615460B4611B9DC
S21401D5702120BDE8F88F002AFAD0032905D8002219
S21401D58001F05EF903460028F2D01C889978B4F5BC
S21401D590804F01F0070080F0C580A0F1070C1A79D2
S21401D5A093F805A0DF88DCF1000343EB0C030528A4
S21401D5B02B7394BF0023C1F30013C1F3801C6B735C
S21401D5C08B0985F810C003F00203C1F3C00C43EACF
S21401D5D00C03C1F340116B74A974AF82002A40F0AA
S21401D5E0828096F81E31013BDBB2EB74D6F894309C
S21401D5F0DF0600F18380063801287FD8B6F812804E
S21401D600F76908F1FF38484B083C04EA08045B6DEB
S21401D6103B5D0134802B0EBF6FF07F03323B5BB264
S21401D620AB730023AB6096F8279004EA0804B9F1BF
S21401D630000F61D1631D03EA08035A1C02EA0802BF
S21401D640BA5CFB5C43EA0223D9040FFA83FB4CD590
S21401D650D6F8E43013B11B68022B05D841F24D729F
S21401D6604C210020FEF74EFFD6F8E420CBF30B0347
S21401D67092F82420DB000AB1B3FBF2F39A4508D8EE
S21401D6803BB1CAEB0A2ABAFBF3FA6FEA0A0A5FFA57
S21401D6908AF9D6F8EC3023B1484695F90E1098472A
S21401D6A08146631C85F80F9003EA0803F95C013391
S21401D6B003EA0803FA5C013303EA080341EA02219C
S21401D6C0FA5C013303EA0803F85C41EA02410023ED
S21401D6D041EA00616A7C304603F0D8FA06232860E6
S21401D6E0AB71002045E7531E7EE717F804904FEA1A
S21401D6F049095FFA89F9CCE79946D2E70023002069
S21401D700EB730A4B5A69C2F30723120448BF63F04E
S21401D710FF035AB212F1800F1CBF323B5AB2AA73F2
S21401D7200346DCE7022024E7004000B800C000B84A
S21401D73038B5148811F003054FEAC40422D13F2CF2
S21401D74020D9B4FA84F4C4F11903DBB2052B01D84D
S21401D750192C15D0052B28BF052301240633DBB26F
S21401D7609C40C4F3CF03138003828161448700F099
S21401D7702DFF054A631E2343C2F8A430284638BD50
S21401D7802B46EAE72125F9E7001E00B011F5004F08
S21401D7901FBF01F30E01044BC1F30E01002014BF9D
S21401D7A099642120704700BF008001B8F8B504468F
S21401D7B00E4619B990F824305A063FD44FF6FF7337
S21401D7C0618ED4F8E470994204D0314B1B680BB1DA
S21401D7D0204698472F4D2B68BB424DD02E4B1B68D9
S21401D7E03BB11FB13A68002A48D0BF683946204687
S21401D7F098470727204601F06BFB002E32D00627FC
S21401D8000126264B94F9282093F900302449C3F1C8
S21401D8101C039B1ACA69DB0222F4FF2203F4FF23CE
S21401D8201343CB61D4F8E4301E4A2B601E4B976736
S21401D83020461E7018F089FD0020F8BD4FF6FF71D6
S21401D840144DD0F8E4702A6866F386139742418631
S21401D85080F8243017D0104B1B68002BC1D101F083
S21401D86037FB072711493B46114AD1F8FC1004F152
S21401D870F80003F04DF9C2E70127BBE7174620463B
S21401D88039469847B5E701F023FB0127EAE700BFD1
S21401D890C0540020B4540020BC540020D3620020A1
S21401D8A000C000B8006000B8D4620020001F00B0BD
S21401D8B0581F00B0054A12681AB190F81E1119B91E
S21401D8C01047084602F0AABB01487047B054002032
S21401D8D000FEFFFF344B2DE9F7431C6801F4007985
S21401D8E000F00103174653EA090206460D4635D0F5
S21401D8F04FF000083BB30023002200210120CDE9B0
S21401D900008803F007FB042001F02CFE4146204668
S21401D910FFF7D0FF012241462086104618F0C1F9D4
S21401D920D4F8941004F1F80002F010FC1F490868BE
S21401D930FFF7C0F84FF0FF330B6094F8243043F044
S21401D940040384F82430B9F1000F07D001212046E2
S21401D95018F092FE25F4007506430D432B46324619
S21401D9602046FFF709F9FB070FD51149114A086848
S21401D97000211368116001210F4A117003B1984705
S21401D9800E4B002102205B68984717F00E0F08D057
S21401D9904FF409723B21002003B0BDE8F043FEF7C7
S21401D9A0B1BD03B0BDE8F083C45500207069002006
S21401D9B0C8540020CC540020D5620020686900209D
S21401D9C008B5482200210248FDF72CFF002008BDBB
S21401D9D0DC1E00B073B578216422A0F814118221F0
S21401D9E00C23C0E94112C0E94322C0F800210722F6
S21401D9F04FF0FF35002680F830314FF6FF730446AE
S21401DA00C28700F14C0282641E4AC385A0F84030EA
S21401DA1080F82C3043864263038780F82860C0F87C
S21401DA20A850458580F8265003F03EFC2046FFF7B7
S21401DA30C7FF94F928102046FFF76AF9602340F6DD
S21401DA40FF71114A2046D36402F11C42D162D165AE
S21401DA500E4A2946D36440220D4B1A67D4F8942007
S21401DA60FFF7D8F90E230022CDE9003340F2022356
S21401DA701046194603F04EFA01F0E2F8304602B0BD
S21401DA8070BD00BF4000FFFF004000B8005000B866
S21401DA90002002B810B50C46FFF792FFBCB1A37880
S21401DAA0082B16D8E278082A13D843EA021313F093
S21401DAB0FF030CBF19466168074AC2F8DC102178DB
S21401DAC082F82011617882F8233182F82111002032
S21401DAD010BD2120FCE700BF001E00B0012A10B5D2
S21401DAE012D8032B10D803EB82020123074C934074
S21401DAF094F82201DBB221B10343002084F82231DD
S21401DB0010BD20EA0303F8E72120F9E7001E00B064
S21401DB10034670B50C68B0F83421013408BFD3F859
S21401DB2000418D6808BF0C604C68F830013404BFB2
S21401DB30D3F80C414C606E1C3CD1D3F80841CE683A
S21401DB408C60751C3CD1D3F804510E69CD6001364A
S21401DB5004BFD3F8F8600E614E69013604BFD3F8EE
S21401DB60FC604E618E69013604BFD3F810618E6188
S21401DB708E695EB35A32B24238BF32460E688A6147
S21401DB8016B15A2E38BF5A26C3F808414C68C3E965
S21401DB904065C3E943420A69C3F8F8204A690C495B
S21401DBA0C3F8FC20D1F8FC1007230A4A02F0B0FFA4
S21401DBB0002070BD02F15A04AC4238BF2C46BEE7C5
S21401DBC002F17805B54238BF3546BEE76422D5E78F
S21401DBD0001F00B0581F00B070B51CF062FE04466E
S21401DBE00B4E00F031FA012805D020461CF054FEF9
S21401DBF00225284670BDF36813F0706FC3F3036502
S21401DC00EFD1B36ADB06ECD520461CF045FEF0E703
S21401DC10000002B838B51CF044FE4FF6FF710A4A00
S21401DC2013888B4203D11CF037FE0E2038BD074CFB
S21401DC30074D1B046566A4F58054636611801CF0CD
S21401DC402BFE0020F2E700BFFA6B0020006001B84F
S21401DC500000FFFF2DE9F74304460F4615461E4612
S21401DC60FFF732F830B3A38A23B3204618F02FF912
S21401DC7078B9002E40F0F280794BD3F8D83E03F005
S21401DC803002102A00F0EA8003F0C003402B00F0B7
S21401DC90E580DFF80082D8F81430D90740F1DE803D
S21401DCA01CF0FFFD0646032001F058FD30B130465A
S21401DCB01CF0F2FD022003B0BDE8F083D8F8142072
S21401DCC012F00608F3D130461CF0E6FD644B4FF423
S21401DCD000612046D3F8D89ED3F8AC6E04F0BEF9A6
S21401DCE040B14FF4007201215E4B08461A67424666
S21401DCF017F0D7FF94F82530DA0707D5D4F8943013
S21401DD005B0542BF4FF40022574B1A67394620463F
S21401DD10FEF796FB524BC3F8D89EC3F8AC6E0028AC
S21401DD20C9D194F82430980601D4002D57D0C5F3F4
S21401DD30400003F023FB022315F4807F1BBF002164
S21401DD40494A484A136717BF484A13675161136324
S21401DD5003F04EFB4FF4806315F0040F14BF444AE2
S21401DD60444A15F0400F53624FF004023D4B2846DB
S21401DD701A674FF0400314BF3F4A404AC2F8883042
S21401DD80FEF7C8FE204618F0CCF938B14FF4807380
S21401DD9015F0010F14BF344A324A1367A90647D556
S21401DDA04FF6FF72B4F8403093420FD0344A3549EB
S21401DDB0526E100CC2F301120132B3FBF2F308806B
S21401DDC02B4A2C4930481B0448665366003D18BF51
S21401DDD0012594F8243065F3451384F82430204651
S21401DDE018F06FFAF0B1204618F09BF9D0B14FF455
S21401DDF00031204604F032F9431C03229BB223482B
S21401DE0001A918F016FB9DF8042002F00703052B64
S21401DE109DF8053015D112070DD443F480731C4AC2
S21401DE20C2F8B830002003B0BDE8F04318F00EBBCE
S21401DE30FFF7F0FECAE713F0040F09D19DF806308C
S21401DE40EBE703F03002202A05D113F0010FF4E7C7
S21401DE504FF48073E3E79DF80630E0E70E202AE7EB
S21401DE60001000B0002002B8001002B800400054B4
S21401DE70005001B8006001B800D000B800E000B85A
S21401DE80004001B8FA6B00200000FFFF0840005474
S21401DE90001E00B000C001B82DE9F34106468846D1
S21401DEA015461F461CF0FDFC0446032001F056FCF7
S21401DEB038B120461CF0F0FC0E24204602B0BDE826
S21401DEC0F081042001F04AFC0028F2D120461CF023
S21401DED0E3FC01232A4641463046FFF7BBFE0446D3
S21401DEE00028EAD1DFF8C8805FB388F80000394619
S21401DEF03046FEF735FD00284CD198F80030012B4E
S21401DF001CD02022244B1A67244BDB6CB3F5817F8F
S21401DF101FD2012018F0DBFA1CF0C3FC204B06468A
S21401DF201B680193CBB901F093FC15F0800526D14F
S21401DF3001F0E0FC284603F0F5F925E003F008FAC5
S21401DF40BBE798F80030012BF8D0002BD9D121245B
S21401DF50B3E78022134B1A61DBE7042001F002FBD2
S21401DF6000230122042001A901F01AFB0028DAD1BE
S21401DF7003F056FA212430461CF08EFC9DE7002261
S21401DF80094B9A6701F0B6FC084B01215B6800203B
S21401DF909847F0E7044690E7001002B8001F00B06B
S21401DFA0B8540020000002B800C001B8686900201B
S21401DFB0D262002008B50C4BD3F84C114B1C12D082
S21401DFC011F080410FD1094B1B6813B10320FEF7F6
S21401DFD00BFE4FF080624FF40071054BDA67054A7D
S21401DFE0D16201225A6108BD0080E00FC4550020AD
S21401DFF0001002B8004000B84FF40022034B186F1F
S21401E00003F500531A67C0F3C0407047000002B81A
S21401E010024B586900F00100704700BF00C001B80C
S21401E020084B5A69D10707D508B901F077BA5B6979
S21401E030DA0706D401F064BA5B69DB0701D400286D
S21401E040F8D1704700C001B80F4BDB68C3F3036318
S21401E050013B0B2B0FD8DFE803F006060C0606067D
S21401E06006080A08080802207047042070470520A1
S21401E070704703207047054B5B6913F0060F0CBF12
S21401E08001200420704700BF000002B800C001B89C
S21401E090094AD368C3F303630B2B08D06FF490507F
S21401E0A0184100F0010080F0010040007047106F39
S21401E0B010F48030EDD17047000002B80C4AD368E6
S21401E0C0C3F30363062B07D8042BD8B20BD8C31EA1
S21401E0D05842584140007047072B06D1D2F830010C
S21401E0E00028ECD17047022070470020704700BF1F
S21401E0F0000002B8094BDB68C3F303639A1E012ACA
S21401E1008CBF00220122012B02701EBF4FF4026257
S21401E11022FA03F303F001030B707047000002B804
S21401E120094AD368C3F30363032B01D0072B08D135
S21401E130536FDB0605D4906F80F00800C0F3C00073
S21401E14070470020704700BF000002B8024B002253
S21401E150196818F097B800BF98770400024B1B683F
S21401E16003B11847704700BFE4540020024B1B68F8
S21401E17003B11847704700BFE054002010B5FF22D6
S21401E1804FF6FF71044618F09FF868B9FF224FF664
S21401E190FF71204618F0A9F830B92046BDE81040B6
S21401E1A0FF22024918F0B3B810BD00BF3C77040047
S21401E1B02DE9F0411C46184B05461E680F46904651
S21401E1C046B1306801F01CFEF3681BB1B3681868ED
S21401E1D001F016FE114B1B682BB1DA681AB19B6869
S21401E1E0186801F00DFE9DF81830640744EA0842ED
S21401E1F05B0503F0BC6342EAC7621A432846084936
S21401E20042F4C87203F016FF002228461146FFF7B3
S21401E21081F90020BDE8F081947704009877040026
S21401E2209007E12D08B5FFF77BFF88B1094BDA6946
S21401E23012030DD5186F10F4003009D19B6F13F03F
S21401E240100F4FF010030CBF034A044A936708BD32
S21401E2500220FCE7000002B8001002B8002002B855
S21401E26038B50446F8B1124AD3691B031DD5556F5C
S21401E270104BC5F38115032DB3F8B4300DD1082228
S21401E280083B9BB221460C4818F0D3F80020084BF7
S21401E29025729B6F1B0A637238BD022D05D1023BA6
S21401E2A02A469BB2EEE72120F6E70220F4E700BFFC
S21401E2B0000002B8001E00B038400054431EDBB216
S21401E2C0FD2B14D9FF280B6801D14A68134313F0BC
S21401E2D0802F1EBF42F20102074BC3F8282251F8D5
S21401E2E02020054BC3F85022C3F85422704701285A
S21401E2F0F5D10023E9E700BF004001B8F0B585B0CD
S21401E3006D460E460F4B074614460FCB85E80F00A9
S21401E3100D4BD3F848020090D3F84C2201923EB13F
S21401E320631EDBB2FD2B0AD93060FF2C00D1726070
S21401E33022462946384618F017F805B0F0BD012CDC
S21401E340F4E700BF447704000080E00FF0B585B025
S21401E3506E460D4B07460D460FCB86E80F0000F0C4
S21401E36039F8314604460246384618F076F94DB17A
S21401E37040B9FF2C1BBF04AB03EB8404009B54F88D
S21401E380103C2B6005B0F0BD4477040030B50C4B53
S21401E3900546187085B0082380B90A4AC2F8FC33CE
S21401E3A051B96C46084B0FCB84E80F00074B2A4641
S21401E3B021461868FFF7A2FF05B030BD044AEDE715
S21401E3C0726C0020001002B854770400C455002077
S21401E3D0002002B8014B1878704700BF726C00200D
S21401E3E0124BD3F8E020D2031ED54FF480321049E9
S21401E3F0C1F8E020A1F58051C1F8EC201A6CD1B229
S21401E400C2F30722C3F88010C3F880200422C3F8A1
S21401E41080200022C3F88020C3F88020C3F8802023
S21401E420C3F88020C3F88020704700BF0040005426
S21401E43000600054F0220A4B01219A64A022A3F541
S21401E44080539A64074B826CC3F8C010FC21C3F852
S21401E4509810C3F89C204FF40052C3F8BC207047B4
S21401E460006000B800400054F8B50D461746064651
S21401E4701CF017FA01230421084C094A2363A760FC
S21401E480E6602561C2F8E010064AC2F884311CF045
S21401E49003FA0DB102232363F8BD00BF0040005408
S21401E4A00060005400E100E00222024B58611A634A
S21401E4B0704700BF004000540122044B1A6640F624
S21401E4C0FF729963D863DA65704700BF0040005455
S21401E4D02DE9F04F042A05460B4683B039D90126AB
S21401E4E00978141F81615A7803F1040982619A78C8
S21401E4F08261DB7883610368D0F808B003F0070314
S21401E50006339E4006F1FF3A0AEA0B084768A6EB77
S21401E5100802944247F000570ED84946224607EBB8
S21401E5200800FDF70FFB46EA0A0604EB0B02324031
S21401E530AA6003B0BDE8F08F494607EB08000192D8
S21401E540FDF700FB019A384609EB0201A21B424483
S21401E550E7E7013A032AECD8DFE802F00B080502E8
S21401E56013F8012B826113F8012BAA6113F8012B12
S21401E570AA611B78AB6103B0BDE8F08F38B50C46D5
S21401E580154601460F4B60B101220F48C3F8C02063
S21401E5902246FFF79DFF1DB104220A4BC3F8C02097
S21401E5A038BD64B1D3F8A420A24284BF0122C3F8C7
S21401E5B0C0200222C3F8A040C3F8C020EBE7012226
S21401E5C0FAE700BF004000549840005438B50446AE
S21401E5D01CF067F901211A4A638F054611663BB3A1
S21401E5E0B3FA83F3C3F11903DBB2A069C2F8901042
S21401E5F093660723D066C2F88C304FF4A02302F549
S21401E6000052C2F8E030A2F58052C2F8EC30002287
S21401E6100C4B1A600C4B1B6F5B0209D54FF4800242
S21401E6200A4B04F1F8001A67D4F8941001F08EFD35
S21401E6304FF4E0232846E363BDE838401CF02CB9CC
S21401E64000400054E8540020000002B8002002B840
S21401E6502DE9F84305460C46B1B1D0F81880478F2E
S21401E6601CF01FF9B5F83CC0791E01EA0C0323F033
S21401E6700702032C0646DFF8F8E042445CD1DEF8D8
S21401E680004024B91CF008F90E20BDE8F88324F0F8
S21401E6900104DEF8000020F00100A04251D1002361
S21401E6A0CEF80030238894426FEA43436FEA53431F
S21401E6B023803CD1EB8F08EB07091846083880B257
S21401E6C002F108044C4528BF4446082804D9B4F88A
S21401E6D000E0BEF5804F3ED263440F431B1A3B4019
S21401E6E09BB2AB87E887118894781C4AC1F30C016A
S21401E6F051645367C2F88C004FF48022184B04F023
S21401E7000704C3F8E0200122164BC3F88421FFF763
S21401E71067FE042C0BD14FF48002134B05F1F80071
S21401E7201B6F124B1A67D5F8941001F00FFD304697
S21401E7301CF0B2F80020A8E7601E012898BF144616
S21401E740A7E7E88F4344E31A48BFDB190838984225
S21401E750A8DC304696E72246B0E700BF00400054EA
S21401E7600060005400E100E0000002B8002002B89A
S21401E770E8540020144B10B51968CA8F8B8F488F48
S21401E78013440138073B8C69034023F007031C44FC
S21401E79002F108030D4A9BB2CB87C2F88C304FF4C6
S21401E7A080220B4BC3F8E02001220A4BC3F88421D8
S21401E7B0A07800F00700042803D1074AD3681B039A
S21401E7C0FCD4064B1C6010BDC4550020004000540C
S21401E7D00060005400E100E0000002B8E8540020A8
S21401E7E010B5064C216839B1CB0703D4044B186821
S21401E7F0FFF72EFF0023236010BD00BFE854002062
S21401E800C45500204FF480320B4B0C49C3F8EC2062
S21401E810A3F50053C1F8E020D3F888109A6E0123BF
S21401E82002F0070206329340C1F30C01083B9942FD
S21401E83001D8FFF7D5BD7047006000540050005462
S21401E8402DE9F04780460C4616468769458F1CF031
S21401E85028F8B8F83C2005F1FF3C02EA0C0323F047
S21401E8600701032C82463944B8F83E0019D1494CB9
S21401E87024689CB90244073A02EA0C0222F0070215
S21401E880BC183B44E31A48BF5B19834210DB504671
S21401E8901CF002F800242046BDE8F08724F00104AD
S21401E8A0EFE7012C02D0022CEBD108380C46E8E742
S21401E8B0002E3DD08C423FD1374AD2F8449036499B
S21401E8C0B8F81270D1F88820C2F30C02934247DAE6
S21401E8D02588B5F5804FDAD2A378C5F30C0503F089
S21401E8E007037A1EA5EB09053A43052B337005EAA3
S21401E8F002052DD82DB2E84340F241420421C00F53
S21401E900FDF700FE7580E3783374D8F81C207B1E73
S21401E91003EA0903D118B160A9B213FA85F5AF422B
S21401E9202FBF0023FF1AB780F26024BFB180F360C7
S21401E93050461BF0B1FFAEE7A4F10802974284BF30
S21401E940ED0802EBC502B2F80090C9F30C09B6E770
S21401E950124B5B6D003B18BF0123A5EBC305C9E74E
S21401E9600B6C7A1EA3EB09033A431A400C4915B205
S21401E970002DCB680BDCC3F30363D81E434243412F
S21401E980DB0033708B6F72801B0A3374BDE708237C
S21401E990F7E700BFE854002000400054004000B8EC
S21401E9A0000002B8054BA822D3F84C013121431CC4
S21401E9B00CBF0120C0F38070FDF7A4BD0080E00FFE
S21401E9C038B5094D0446286840F69702003818BF46
S21401E9D001202B21FDF796FDFA235C432B680A20C4
S21401E9E0B4FBF3F4604338BD1C550020174B30B51B
S21401E9F01A68431C164B22D0B2F1407F1FD3154D27
S21401EA0000F03F04D5F8002122F03F021443C3F87A
S21401EA10C84001F03F042243C3F8D020D5F80431A2
S21401EA200D4A1A400D4B03EA500003EA5101104308
S21401EA301143074BC3F8CC00C3F8D41030BD0020F7
S21401EA400146C3F8C800C3F8D000F2E70080E00F23
S21401EA50001F00B0000002B81FF087E1E0FFFF7F53
S21401EA6073B5574E0446317819B91C225548FCF740
S21401EA70D9FE2378544A6188137051804FF0FC62A6
S21401EA80524CFF21C4F8FC204FF47F02C4F8082141
S21401EA904F4A022B4F4D117033D1042307224E49A2
S21401EAA0C4F8FC23C5F8FC33C4F800114FF4C07158
S21401EAB0C5F80011C4F8FC234FF48052C5F8FC33A6
S21401EAC0C5F870214FF40052C4F87021C4F808311B
S21401EAD04FF4FF13C4F8FC304FF4BB13C5F8FC30F9
S21401EAE08023C4F8703148F2C8023C4BC3F8D820E2
S21401EAF03B4B3C4A0020C3F8C02F0123337002B0C1
S21401EB0070BD394A012BC4F80021384B27D14FF488
S21401EB10C072C5F80021D3F83802D3F83C12FFF7CB
S21401EB2065FF0723C4F8FC330223C5F8FC334FF412
S21401EB308053C5F870314FF40053C4F87031042384
S21401EB40C4F808310DEB0300ECF7F4F89DF8053036
S21401EB50023B012B9CBF8023C5F87031C3E7244AD2
S21401EB60C5F80021D3F83002D3F83412FFF73EFF80
S21401EB700723C4F8FC330123C5F8FC338023C4F80B
S21401EB8070314FF4805301A8C4F87031ECF7D2F815
S21401EB909DF80530012B05D19DF8043053B948F294
S21401EBA05D1309E0FBD9023B012B9CBF4FF40053D8
S21401EBB0C5F8703148F25813084AC2F8D83097E7BA
S21401EBC0D6620020C41F00B0FC6B0020002002B8F3
S21401EBD0766C0020001002B8C0F10F00001F00B0D4
S21401EBE0001000B0F0540020C0F70F000080E00FC6
S21401EBF0C0F60F00034B1A6802609B8883800020D2
S21401EC00704700BFFC6B002010B5044601F026F8E3
S21401EC100A4BD3F8F83724B983F40023C3F3C04072
S21401EC2010BD012C05D113F4C02F0CBF012000200C
S21401EC30F6E7A31E58425841F2E700BF000002B8AB
S21401EC406FF07F42154BD3F8FC37934208D0144A35
S21401EC5003F03F031370F123124A1370124A137024
S21401EC601249134B09781A68A9B1B2F1A06F12D3F1
S21401EC70D3F850120F4A104BB1F1FF3F18BF13469D
S21401EC800E4A136041F66A020D4B1B68B3FBF2F3A2
S21401EC900C4A13607047084BF2E700BF000002B849
S21401ECA0776C0020786C0020796C0020756C002051
S21401ECB00080E00F5082E00F78770400EC540020CB
S21401ECC0385500201C550020012807D0022802D004
S21401ECD030B100207047034B18787047024BFBE7B2
S21401ECE0024BF9E7776C0020786C0020796C0020E5
S21401ECF00023F0B590F8304185B002462046CDE9B4
S21401ED000133CDF80B30FFF7DFFF92F82B30411EB1
S21401ED10C9B28B4228BF0B46002C3CD0012C38D1FF
S21401ED20042418464FF00F0C384E0DEB0405B0FBCB
S21401ED30FCF7F75D013CC01BC0B2814238BF002022
S21401ED406055002CF3D105240F278DF80830B3FB4E
S21401ED50F7F0305C0344DBB28B4228BF0B462B55E1
S21401ED6001340B2CF3D10F2602F1A800D43215F88A
S21401ED70013BB3FBF6F14C1CC1EB01115B1A0133ED
S21401ED80DBB2E4B21B0443EA045340F8043F824278
S21401ED90EDD105B0F0BD042418464FF00F0C1C4F02
S21401EDA00DEB0406B0FBFCF5EDB27D5D013C401BAE
S21401EDB0C0B2814238BF0020A055002CF2D10524F4
S21401EDC00F258DF80830B3FBF5F0385C0344DBB251
S21401EDD08B4228BF0B46335501340B2CF3D10F253C
S21401EDE002F1A804D43216F8013BB3FBF5F1481C36
S21401EDF0C1EB01115B1A0133DBB2C0B21B0443EA5B
S21401EE00005344F8043FA242EDD1C2E771770400F3
S21401EE106477040038B5284B05461A7827490C2A2A
S21401EE2002D1FF20087038BD104617F03FFB04469C
S21401EE301046FFF749FFA84228BF2846C0B2A042A5
S21401EE4038BF20460B78C0B28342ECD0087088B138
S21401EE50431EDBB2022A1A490ED14FF0FC62C1F8FA
S21401EE60FC20A1F50051D1F8FC2042EA4353C1F839
S21401EE70FC30D8E70346EDE7124A134C1268AC3271
S21401EE80C4F8C02F4FF47F02C1F808210F49CA6F9A
S21401EE90D202C8D40F22B3FBF2F2551CC2EB021207
S21401EEA09B1A0133D1F808411B0443EA0553234357
S21401EEB0C1F80831B7E700BFFC6B0020766C002074
S21401EEC0002002B8C4550020001000B0000002B8AF
S21401EED02DE9F04F90F830510646D0F8A82087B0BB
S21401EEE035BB1F2A38BF1F22093A4C24844B85485C
S21401EEF01B6A96F82B10C3F38213DC400368DFF815
S21401EF002CA29342DFF828827F4B04F0010414D12F
S21401EF101F78A74211D19AF80070AF420DD17B4FEE
S21401EF203F788F4209D1B8F8040007B0BDE8F08FEA
S21401EF30032A38BF0322023AD7E7026098F8000096
S21401EF401C70FFF7C1FEFF2924D1284617F0AEFA40
S21401EF5007466F493CB3D6F8E4702FB13B68082BDF
S21401EF6040F2CB8097F838701DBB0B6840F27121D8
S21401EF70B3FBF1F353431922B3FBF2F339462A46A6
S21401EF8005A8059317F068FA02023C04059842F0BA
S21401EF90110988E0471E8F4228BF0F46012F38BF50
S21401EFA00127FFB2D5E7012D29D0022D01D0B5B337
S21401EFB027460B6840F27121B3FBF1F35343192244
S21401EFC0B3FBF2F33946012207EB072405A80593A4
S21401EFD007EB042417F040FA7F00032F38BF0327FE
S21401EFE0020242EA001242EA0009033F00F01F0053
S21401EFF007FA00F0FFF7E4FC00F5FA6758E00F2384
S21401F000B7FBF3F3581CC3EB0313FB1A0133DBB254
S21401F010C0B21B0443EA0053C3F30747C9E70C68B1
S21401F02040F27121B4FBF1F40F2354431922B7FBCC
S21401F030F3F3B4FBF2F43748374A0068A2FB041234
S21401F040013350FA83F313F8013C0392A3F1400114
S21401F0502A4603A8019317F0FFF9039F2F4AE41BE2
S21401F060A2FB041200903021049204A82A4617F04D
S21401F070F3F9DDF810B08146A4EB0B0401220594E8
S21401F080102144F2100405A817F0E6F9009B1A02B5
S21401F090019B42EA091244EA0344059B42EA00093D
S21401F0A007EB0B001844FFF78BFC00F50C572837CD
S21401F0B040F6FF711A4B3846C3F8C010A3F58053CB
S21401F0C0C3F8C090A3F58053C3F8C440154C27601D
S21401F0D001F0B0FC4FF47A72134B404298652368F6
S21401F0E00A49B3FBF2F3A8F8043096F82B30B7FBC5
S21401F0F0F2F08AF800500B7017E7002734E700BFDC
S21401F100004001B878690020D7620020736C0020A7
S21401F11038550020EC54002069C2F568911E856BB5
S21401F120006001B820550020001F00B0746C00205C
S21401F130FC6B0020014B1870704700BF756C0020F7
S21401F14010B5044603F012F878B1174B1B786BB96B
S21401F15064B1164B1B784BB1154B1B78013B012B49
S21401F16004D84FF40042134BDA6710BD124BDB6F25
S21401F1701B04FAD41BF095FB4FF400420F4B0446D8
S21401F180DA67A3F5A0435B682BB1FEF741FF10B128
S21401F190022017F09CF90222094B2046BDE81040D8
S21401F1A0C3F884241BF078BBD8620020D962002003
S21401F1B024550020002002B8000002B8001002B852
S21401F1C000D003500122024B00201A70FFF7B8BF8F
S21401F1D0D86200200022024B01201A70FFF7B0BF50
S21401F1E0D8620020F7B50646504C00F037FD504B6C
S21401F1F02578504F1E7085BB2846FFF7A1FF237860
S21401F200013B012B19D8E37B01A88DF80430237C40
S21401F2108DF80530E8F7AEFFC7F884544FF6FF7255
S21401F220454BC3F88420F822A3F58053C3F8842005
S21401F2300022404BC3F884240DE04FF6FF723E4B8C
S21401F240C7F88454C3F88420F822A3F58053C3F882
S21401F2508420C7F88454394B5BE00020FFF770FF29
S21401F2602378013B012B08D8E37B01A88DF80430F5
S21401F270237C8DF80530E8F77DFF0023C7F884343A
S21401F280002ECBD062685AB32D4B1B6803EB52039A
S21401F290B3FBF2F3013B1B0243F0F8032678264941
S21401F2A0022E284A1ED0032E4FF6FF75214826D07F
S21401F2B0012E34D143F00203C1F88450C2F88430E1
S21401F2C00723C0F88434E37B01A88DF80430237C3F
S21401F2D08DF80530E8F722FF0120FFF731FF17E030
S21401F2E0F823DBE74FF6FF7043F00103C1F8840013
S21401F2F0C2F8843006220F4BC3F88424E3E743F0B8
S21401F3000503C1F88450C2F884300423C0F884345D
S21401F3100D4B4FF080420020DA6703B0F0BDC1F814
S21401F3208450C2F884300023F0E700BF2455002043
S21401F330D962002000C00350006000B8002002B867
S21401F34038550020005000B8001002B8F0B5294F1B
S21401F35006463D4604460FCE0FC5336885B02B6082
S21401F36000F07CFC0022244BC3F88424A17A627A44
S21401F37042EA0142C3F89024217CE27B42EA014240
S21401F380C3F88C24217B627B41EA0240C3F88804DF
S21401F3903B78032B2AD8DFE803F022020C178DF8FE
S21401F3A0041004218DF805200DEB01000022E8F77A
S21401F3B081FEE37B00228DF80830237C042102A81D
S21401F3C08DF80930E8F776FE637A01228DF80C3065
S21401F3D0A37A042103A88DF80D30E8F76BFE074BDE
S21401F3E0187805B0BDE8F040FFF7FCBE212005B057
S21401F3F0F0BD00BF2455002000C00350D962002094
S21401F400034BDB6F002BBCBF024BC3F88800704771
S21401F410000002B8004000B82DE9F04717F0BBF82D
S21401F4204FF47A762D4BB0FBF6F618604FF4FA736C
S21401F430734307462A48190E1B021818294A4FF02B
S21401F440000341F10001FBF781FE274BA0F5807216
S21401F45005461A6320B948222B21FDF753F80125EA
S21401F4604FF47A724FF0000A6A435346500831024D
S21401F470FBF76CFE1C4B1D4AB7F57A7F9A601C4B56
S21401F4804FEA056819601B4B8946044618604FEA27
S21401F490152505D29B222B215046FDF733F8012670
S21401F4A04FF47A73A8FB030103FB05117308C01818
S21401F4B041F1000100233246FBF748FE0E4B0234B1
S21401F4C019600E4B49F10009A408186044EA8974D2
S21401F4D0054B013C9C63BDE8F08700BF3855002012
S21401F4E020A1070040420F0000C001B80211010030
S21401F4F04855002044550020405500203C5500202A
S21401F5001022044BC3F884215A600122024BDA60B0
S21401F510704700BF00E100E000C001B81022064BB2
S21401F520C3F88421C3F88420BFF34F8FBFF36F8FD6
S21401F5300422024BDA60704700E100E000C001B827
S21401F54010B50446A242A2EB0000A3EB010104D2CF
S21401F550034B01399B6B0133184401F0030110BDC5
S21401F56000C001B838B501250A4B02019D504FF481
S21401F57080730446084A834053661BF092F9074A93
S21401F580A540137823EA05031370BDE838401BF045
S21401F59083B900BF00E101B800E001B8E2620020D3
S21401F5A02DE9F84F164605468A461F461BF079F99F
S21401F5B0022E00F0908080461BF080F9594B5A4A83
S21401F5C0D3F82090147D5A6EE4B2520744BFD3F8A4
S21401F5D02090013404F003041BF06BF948462146E1
S21401F5E000F036FA8446DAF80000012E04BF013036
S21401F5F06044ACEB000C08BFCAF80000BCF1804FB9
S21401F6007DD300F037FA8145A1EB040188BF454B55
S21401F610DFF834C188BF01F1FF3101F0030188BF73
S21401F6209B6BA0EB090E0CF80510A1B1F90742BFC0
S21401F63041F61F723D4B5A67BA0742BF3B4B3C4AE5
S21401F6405A677B0742BF0022364B9A673C0742BF88
S21401F6500022344B9A6511244FF0010A314B05F113
S21401F6601002120103EB051BCBF80C0131499C502B
S21401F6701A6A0AFA05F4586E0B78A2EB0902E4B28C
S21401F680234372450B7025D34FF48073AB4003427E
S21401F69020D11CF80520002A40D10EB3264AF807CF
S21401F6A0536607D541F61F7140F201101F4B59678B
S21401F6B050675967B90706D51C4B1D4A1E491F4896
S21401F6C05A6748675A677A0742BF01221C4B1A617C
S21401F6D03B071AD440461BF0DFF80120BDE8F88F3F
S21401F6E0184A2D0142F805A042F89C3C1BF0D9F8B7
S21401F6F010490B7823EA04030B701BF0CDF8404643
S21401F7001BF0CAF80020BDE8F88F2120FFF778FE2D
S21401F7104FF48032034B4046DA60DCE7064A404647
S21401F7205366D8E700C001B8A855002000E001B82C
S21401F73000001F1FE262002000D001B80000010196
S21401F740000002B800E101B8DA620020024B187826
S21401F750003818BF01207047E2620020034B1030CA
S21401F7600001185800F00100704700BF00C001B842
S21401F77070B50646FEF74CFC044608B1FFF7CEFE10
S21401F7800023084D3046AB61EB612B6200F072F945
S21401F790054BC9B2197528620CB1FFF7B1FE0020FE
S21401F7A070BD00BF00C001B8A85500202DE9F0418A
S21401F7B09DF818800D46B8F1000F08BF0022214EB3
S21401F7C0B5F5803FB168074621F4700141F4A00108
S21401F7D0B1609DF820409DF81C104FEA042444EACD
S21401F7E0016444EA031444EA084444EA02044FF07C
S21401F7F0180140F2E9222CBF002001207465FCF7B5
S21401F80081FE3564B8F1000F1AD00F4BBC68D3F8EF
S21401F81088305A2C38BF5A245B0606D500F0F0FB18
S21401F82018B10A4BB3FBF0F31C44204600F022F952
S21401F8300130854238BF0022024B34BF5A645864F7
S21401F840BDE8F08100C001B800C000B800093D0065
S21401F850214B10B51A6E1A66596C59B11F49C96801
S21401F86000292EDB596D4FF0FF3301F00F018B405D
S21401F8709A4326D110242020FFF7C2FD184B9C6026
S21401F88002F088FB2022174BC3F8842101F0F4FC18
S21401F89048B1002200200821FEF71CF8124B5C66D6
S21401F8A0A3F580531C670D4AD36803F07063B3F168
S21401F8B0807FF9D9084B0D4A5A6741F201429A678F
S21401F8C010BD01F0D9FC0028F4D0094B064A536656
S21401F8D0A2F580521367EDE700C001B8000002B838
S21401F8E0001002B800E100E000E001B8011B0118B9
S21401F8F01000002008B52120FFF782FD4FF480326A
S21401F900014BDA6008BD00BF00C001B8F8B5184D5C
S21401F91004462B6A1B0426D500F0E6FB2B6AA0FBE7
S21401F920044613F0787F4FEA9367C3F34450C3F35A
S21401F930044505D140F25A422B21FCF7E3FD012094
S21401F940AD01B5FBF0F010EB871005D140F25F4238
S21401F9502B21FCF7D7FD0120024600232046314625
S21401F960FBF7F4FBF8BD00F04BFBA0FB0401F9E745
S21401F97000C000B80246012030B50B4CA0F12003B0
S21401F980C0F1200524FA05F504FA03F32B4304FA23
S21401F99000F595428B4100D330BD0F2801D00130D0
S21401F9A0ECE7FF20F8E700BF40420F0010B50C4619
S21401F9B0FFF7ACFFC30943EA4163C01A61EBD111FB
S21401F9C0FFF7D8FFFF2814D00F220C4B40F0100091
S21401F9D0C3F88820A3F58053C3F88800A3F58053A5
S21401F9E01B6ADBB2802B06D02046BDE8104000F033
S21401F9F067BB212010BD0220FCE700BF00E000B875
S21401FA0038B51AF05BFF084B084A1D6A147D5A6E1A
S21401FA10E4B2520744BF1D6A01341AF04AFF284671
S21401FA2004F0030138BD00BF00C001B8A85500208E
S21401FA300346064A103302EB00111B01D1F80C01F4
S21401FA40D158C1F3400116F04DBD00BF00C001B84A
S21401FA50064B1B68434303EB8171054B1B68A3FBF5
S21401FA60003013F1004341EB000070474055002081
S21401FA703C5500200C4A20F04043014610B50020BA
S21401FA8014684FF00042E4FB0320084A890F12680D
S21401FA9002FB0300064B9B6B984204D901330131EC
S21401FAA0C01A01F0030110BD44550020485500203E
S21401FAB000C001B8044B01F0F071103041F00301B1
S21401FAC000011950704700BF00C001B808B52220D8
S21401FAD0FFF796FC4FF48022014BDA6008BD00BFA9
S21401FAE000C001B808B5064B4FF030401A6805490A
S21401FAF09200FCF727F8BDE8084001F0E3B800BF24
S21401FB00B4770400B877040070B50C68651C15D08E
S21401FB10C4F302669E42C4F3074530D1A4B29442B0
S21401FB202DD804EB8506B24229D2141BA50824F071
S21401FB3003040E59340F04D0012C08D000222124CE
S21401FB4002E06B1C51F82320C0E9002470BD0E4C66
S21401FB5034F8133042EA03431A686B1C51F8234009
S21401FB6001EB83014B6822405E4036F0704404D1BD
S21401FB701B0F032B04BF8B681A430024E4E70135EF
S21401FB8001EB8501C1E700BF8C77040007B501A82A
S21401FB90EBF7D0F84822164B5A65164AD2F8D430FD
S21401FBA023F4FC33C2F8D430134B1B689DF80530A0
S21401FBB0023B012B19D84022104BC3F8FC23104BF3
S21401FBC0D3F85C32DBB2FF2B00D10623094A1B03B4
S21401FBD0D2F8FC139BB20B43C2F8FC33D2F83021A7
S21401FBE0084B1A6003B05DF804FB00F0E7FEECE793
S21401FBF0008001B8000002B8002000B0001002B872
S21401FC000080E00FDC54002000224FF400710F4BFF
S21401FC1010B51A675A679A670D4AD162012102F533
S21401FC20E8325161DA6812F0706FFBD14FF0304262
S21401FC3001245A6602F5FC5208329C66DA64054BCA
S21401FC401B689847044B5C6110BD00BF000002B8FA
S21401FC50004000B87C690020002002B801230F4A4A
S21401FC600F49C2F880328A6A22F002028A620D4A7D
S21401FC7053600D4A53600D4A5360A2F580425360AB
S21401FC80A2F54042536002F5C032536002F580424D
S21401FC905360A2F500425360704700BF00800050D9
S21401FCA000C0005000D000B800500054005001B809
S21401FCB008B5FFF7D3FF0E4B0E4ADA6700F076FE63
S21401FCC0FFF764FF03220C4BC3F8E020012203F583
S21401FCD04043DA674FF460725A614FF40072DA6794
S21401FCE0FEF778FBBDE808400021FEF74FBB00BFDA
S21401FCF0000002B80048F000005001B82DE9F04FAE
S21401FD00054687B002900F4657F8044B631C06D190
S21401FD10029B2C60E81A801007B0BDE8F08F5FEAFE
S21401FD20147B18BF0123344AC4F3016108BFC4F32E
S21401FD30074332F81120A4B24FEAC30A2F4844EA17
S21401FD4002440AF104022A4482421BD20722CA4014
S21401FD5002F0010201929A0004EB8303039301234C
S21401FD60B94603FA0BF808F0940305F10806049265
S21401FD700593039B09F10409A34208D1049955444C
S21401FD803944C0E71D4A9542E0D80020C4E7059BE8
S21401FD9053B918F0420F19D118F0280F0BD146F8B5
S21401FDA0084C59F8042C21E04FF42062322100203F
S21401FDB0FCF7A8FBF3E740F6042232210198FCF792
S21401FDC0A1FB04F5805246F8082CEAE740F60D221E
S21401FDD032210198FCF796FB04F50052BBF1010FA6
S21401FDE046F8082CDDD159F8042CD24346F8042CE9
S21401FDF004340836BDE700BF8C770400003000B03D
S21401FE00F8B50546F0B10026154B34461F46154990
S21401FE1053F8042BBAB9A00000F13040294600F58A
S21401FE200150FFF76BFF30B940F6AE323621BDE820
S21401FE30F840FCF767BB0C4B0134044447F82650E6
S21401FE4023F81640F8BDAA42FCD001360C2E02D08B
S21401FE5031F81640DCE740F6C83236210020E6E7E6
S21401FE604C550020AA5B0020AC5B002070B5044610
S21401FE70A8B1C1B1384A52F8043B984215D10023C3
S21401FE8036498A689206FCD49B00354A03F1304312
S21401FE9003F50153C2F8B0302022324B9A6070BD90
S21401FEA001330C2B02D1304D12E0012352F8041B12
S21401FEB0A142F5D12D4A32F81330E1E704D1626848
S21401FEC0C3E90012083403E0012A01D104341960A1
S21401FED02268531CE3D0C2F3016335F81300110CFA
S21401FEE093B211F0FE0F43EA004360680DD004346C
S21401FEF0CAB2022A2168E1D9D4E90160033AC3E90A
S21401FF00001698600C340C33F3E7120F072AD9D881
S21401FF10DFE802F00704090D1013181DC04303F5AE
S21401FF2000531860CEE71A6842401A60CAE703F524
S21401FF308053F6E716F0CBFAC4E7012203F58053A7
S21401FF408240F2E7012203F500538240EDE71A688A
S21401FF5030EA0202FBD1B5E74C550020000002B89A
S21401FF60001E00B0001002B88C770400AA5B0020C7
S21401FF700122014BDA677047001002B80122014BDB
S21401FF80DA677047002002B84022014BDA677047F3
S21401FF90002002B84022014BDA677047001002B811
S21401FFA00B4B1B68D3F8E43023B11A68022A01D937
S21401FFB0186A7047074B9A6D90B238B1064BC2F378
S21401FFC007421B68DB085343B3FBF0F0704700BFE2
S21401FFD0C4550020004001B838550020064BDB68A8
S21401FFE0C3F30363984206D1044AD36B23F0F003AC
S21401FFF043EA0111D1637047000002B8001F00B048
S214020000054B1B68D3F8E43013B11A680A2A01D8E4
S214020010FFF7C6BF186C7047C45500202DE9F7439A
S214020020064616F04DFA00248046DFF890901AF045
S21402003038FC0DF1070105460DF10600FEF75AF8E9
S2140200409DF806308BB9721C29D016F039FAA0EB4F
S214020050080428461AF020FC9DF8063013B99DF8CD
S21402006007303BB3A642E2D824E0D9F80C3013F4AA
S214020070603FE8D0D9F8100016F08FFA731C0746D6
S21402008003D016F01DFAA0EB080428461AF004FC6A
S21402009017F5007FE0D0384603B0BDE8F083284667
S2140200A01AF0FAFB9DF80630002BC0D19DF80730F7
S2140200B0002BBCD1004FEEE700FEFFFF00C000B8E9
S2140200C010F1800F04D04D28CEBF7F20323040B2D0
S2140200D0FF22044BC0B21A62A3F5805318620020B6
S2140200E0704700BF00E000B80B4A10B5136E0B4C09
S2140200F0116E03F00703E35CC1F3CD0101FB03338A
S214020100126E0748C2F3454202FB033300688001C1
S214020110B0FBF3F010BD00BF004001B884770400C6
S21402012038550020084910B5D1F89C3040B11C461D
S214020130CA68D1F89C309C42F9D1C2F303620270BD
S21402014003F00F0010BD00BF000002B8094B01F01B
S21402015080011B6F03F480030B4309D14FF4001296
S214020160054B1A62837F1BB10122044BC3F80021A0
S214020170704700BF000002B8006001B8005001B826
S2140201802DE9F04F404F804685B038680C4615F092
S2140201909EFE20B90024204605B0BDE8F08F224618
S2140201A000214046FBF73EFB384B5D6915F0010522
S2140201B0F0D1FCF701F806460028EBD03F68384637
S2140201C015F0BDFD4FF6FF73984234D04FF06051E4
S2140201D02F4E304B304AD3F82090D6F88C3011622E
S2140201E04FF00061A2F58052116224220421C6F863
S2140201F08C202A4A4FF4804B91604FF4805200279D
S214020200DFF8A4A0CAF868B0F262A7421ED304219F
S214020210234A9160A2F5F032C2F88C304FF0605259
S2140202201D4B1A6209EA02031E4A13624FF4804209
S2140202301D4B9A66AFE73146384615F024FD014657
S2140202403846FCF7FDF80028C0D0A3E7B26E51048A
S214020250FCD5B268D205F9D5CAF868B0D6F89020AF
S2140202600135012D0392D0D9E21B042AA8BF04222D
S21402027008EB070003A901930092FBF763FC009AC0
S214020280019B3A4497B2C0E7C4550020000002B86A
S214020290004000B8004001B8006001B8001002B883
S2140202A0002002B8005001B8006000B84FF6040102
S2140202B04FF60502044B01201B6C9BB28B4208BF13
S2140202C01346024A136670470080E00F00C001B86A
S2140202D02DE9F74F81460F464FF0FF35FFF790FBAB
S2140202E0002601908A462C463046DFF8D8B006F142
S2140202F010031B015BF8033003F00308B8F1010F8B
S21402030015D13046FFF794FB02460B46019851463C
S214020310FFF716F9DBF8643006F10802D340DB0774
S21402032039D5002F40D000252C463E604046013687
S214020330082EDCD160B3234A0027D2F808C0916B9E
S2140203400CF440330131A4FB0141641941F1000170
S214020350B3F5003F30D1536B0CF4405C013347F1E8
S2140203600006BCF5805F22D1156B15F5807505FB7E
S21402037006F647F1000203FB0266A5FB033232448F
S214020380594304FB0212A3FB04341444C9E90034A3
S21402039003B0BDE8F08FA84271EB0403C6D207B1E2
S2140203A03E6005460C46C1E73D463C46BEE7320285
S2140203B042EA13621B02E3E7136B13F5807347F1FD
S2140203C00002DDE700C001B808B516F0FAF8044BE3
S2140203D05A7C012302329340024A536108BD00BF91
S2140203E0A8550020002000582DE9F34105460F4687
S2140203F068461146FFF76CFF0646B0B1AFB1DDE9BD
S21402040000321B0A43EA0263A5FB0384094B120A65
S21402041005FB02441A6812B916F0BDF8024600231C
S21402042040462146FAF792FE3860304602B0BDE8F2
S214020430F08100BF3855002037B50446FFF70EFCA2
S214020440E17822791B4841EA0243C0F8CC34E579C8
S214020450A37943EA0543C0F8D03423784BB18DF82C
S214020460041004218DF805200DEB01000022E7F7A9
S21402047021FE63785BB10421A37900228DF8043053
S214020480E3790DEB01008DF80530E7F713FE2278CD
S21402049001235AB1084AC2F8C834627802233AB134
S2140204A0054A0020C2F8C83403B030BD034AF2E75A
S2140204B0024AF6E700C0035000D0035000E00350A3
S2140204C070B52C4B0C461A7812B92B4A926D1A70DC
S2140204D02A4AD26F52054AD51D78294B05F00F06D7
S2140204E0B0FBF3F040434FEA151505D140F27C62AB
S2140204F02B21FCF707F80120224A0A217243B2FB9D
S214020500F0F34843B3FBF1F602EB5002B2FBF0F213
S21402051001FB1633042BD2B207D8C3EB8310C3EB0E
S21402052080035BB283B96DB217E0C3F10B0303EB32
S2140205308303DBB2B3FBF1F32B44DDB20F2DF2D90A
S214020540013AD2B2053DEEE7053B5BB293FBF1F30F
S2140205501D44EBB26DB2002D04DB002042EA051208
S214020560226070BD01320533D2B25DB2F5E70220D9
S214020570F7E700BFE3620020008001B8000002B87F
S214020580403B2500809698004FF0000C2DE9F84F6E
S214020590A2FB017BC84EDFF85CE3BE1999466BF1FD
S2140205A00003B6457CEB030308D240F23E220E213E
S2140205B06046FBF7A7FF0220BDE8F88FD0F8E4A05C
S2140205C00C461546BAF1000F04D0DAF80030032BB9
S2140205D000F21B81B94BBA4A9B6BD2F8FCA0C3F35C
S2140205E01408B84BD3F8EC305E00B64B48BF48F45C
S2140205F000181B6E48EA456858074EBF4FF4400382
S2140206009B0503F0E07348EA030818F0C9FA012DC7
S2140206100646D0D10028CED0AB4B984200F00481DB
S21402062003F5122303F5F863984200F00381A74B03
S214020630984200F02F81002502462B4600204FF0FC
S2140206400071FAF783FD2B46013007FB03F3C8F36C
S214020650130100FB0B33A1FB0662A7FB007001FB34
S2140206600522034420339B09C9F80030F60C984B48
S21402067046EA423618F4801F1C6008BF7642954B45
S214020680954DC9F8144034441E602C60BAF1000F30
S21402069000F0B98000239149C8F381528A5C19465A
S2140206A018F0807F18BF6408002EB8BF7642920604
S2140206B06008C2FB06012246FAF748FDDAF8003067
S2140206C00E2B08D97F4B7D4A926BD969D3F80C3131
S2140206D0C90600F1D68018F4001814BFC42240F2EE
S2140206E007127F49C0F31300A1FB04614FEA5111C0
S2140206F002FB01F1C9F80400DAF818004FF4FA73A5
S214020700B1FBF0F118BF4FF0000801FB03F3A4FBA6
S2140207100262FA33A3FB003004FB0822B342904184
S21402072038BF0131C9B241F4006CC9F808C00029CB
S2140207307ED0DAF81C00A1FB003624B1B4FA84F2AB
S2140207400E2A40F38880E203002E77D1B2FBF3F242
S214020750530003FB0113A3FB00764FEA044EBE458B
S2140207604FEA144474EB060609D34E003344A0FB4A
S2140207700371BE4574EB010102F10102F6D2C2F327
S2140207800E024CEA023C4CF00063C9F8083018F03E
S21402079007FA2B68002B00F08880B3FA83F4D4F1B2
S2140207A002044CBF1C4623FA04F44E4B9C4288BFFC
S2140207B06408002846D0B4FBF0F3642100FB134221
S2140207C001FB02F2904244D85A1E52085B08013BD3
S2140207D0120242EA0313C9F80C3018F0ADF90028E9
S2140207E05CD0B4FBF0F2642100FB124401FB04F47B
S2140207F0A0425ED8531E5B085208013A1B0243EA27
S2140208000213C9F810300020D6E6042BDAF8288046
S2140208107FF4FBAE18F0807F0CBF08F0E0734FF455
S214020820400328F0E078EEE600232F481D460CE74A
S2140208302120C1E600232D481D4606E70B4600226E
S21402084089E7044640F2C2422B210020FBF75AFEFB
S2140208502346013BB8E7C2F10F0702F1110E06FA72
S2140208600EFEFB4043EA0E03A7F1200E26FA0EFE0A
S21402087043EA0E03FE40013304FA02F246F1000692
S21402088062E702F4801203F400131A4308BFC0F5AD
S214020890801020E7002316481D46D6E640F2E542C1
S2140208A02B21FBF72FFE621EA4E70028C9D01C46A8
S2140208B0CFE71446F7E700BF006CCA88008001B88D
S2140208C0001F00B0004001B800F04902005A620260
S2140208D084550020805500207C5500209C7704001B
S2140208E0D34D62103FBE40250A3BB2DF313641DCB3
S2140208F0D694BFD6807C814A10B50B46044686B095
S21402090039B98279016821486B460068FFF73CFED8
S2140209106B461F4A196851631E4AD2F8FC2062B31E
S2140209205A6842B11C4A1D49C2F80C115968A2F510
S2140209308052C2F80C119A6842B1174A1849C2F896
S214020940EC109968A2F58052C2F8EC101549D868E6
S214020950D1F8642122F4EE620243C1F86421D1F890
S2140209605C21186922F4EE620243C1F85C21A1F50B
S214020970FF4158692839FFF7A3FD0020A2880A4BD9
S2140209809A6203F5A033186406B010BDC455002061
S214020990008001B8001F00B0006001B8FFFF0F0022
S2140209A0FFF8FF0F000002B8004000B84FF4806264
S2140209B0014BDA67704700BF001002B84FF480623E
S2140209C0034BDA67034B1B780BB1034A93657047F8
S2140209D0002002B8E3620020008001B840B103683C
S2140209E0012B05D90069034B002808BF184670473B
S2140209F000487047A477040010B590B10468012C33
S214020A000FD902696AB11168094B102C1960516836
S214020A105960916888BFD268996094BFD960DA60DD
S214020A2010BD102200210248FAF7FCFEF8E700BFCC
S214020A308C550020084BC1171A68A2FB000302FB64
S214020A40013310F1807043F10003400E40EAC310F8
S214020A50803820EAE07070479C5500200722164B2B
S214020A6070B5DA66154B164A1D68164BEC08E0059B
S214020A70C0184FEA153141F100010023FAF766FB70
S214020A80114B124E18604EF66020FFF7D3FF40421D
S214020A90C6F884000E48FEF7EDFF024658B1E301A1
S214020AA0500818184FEA15714FF0000341F1000183
S214020AB0FAF74CFBF06570BD000002B8385500200E
S214020AC065CD1D00B2E60E009C550020001F00B04A
S214020AD040420F0010B5044698B10B4BD3F8FC0009
S214020AE0FFF78AFF4FF47A7303FB04F0074BA0F676
S214020AF0AC50DA689B681044C01ABDE81040FFF795
S214020B0099BF4EF66020F8E7001F00B08C55002013
S214020B102DE9F8430546084614461E46FFF76CFFC5
S214020B200DB306F0020716F004061ED1DFB14FF42D
S214020B307A706B685843002B40F08C80FFF77AFF80
S214020B4060626B69002B00F08C804B4AD0684FF4D1
S214020B507A7202FB0300A0F503501038FFF76AFF13
S214020B602062002E57D1BDE8F8832869002868D095
S214020B704FF47A735843404BA0F6AC509B68C01AA9
S214020B80FFF758FFE061A88B00285DD04FF47A7318
S214020B905843394BA0F6AC509B68C01AFFF74AFF81
S214020BA02061364BE968D3F8008000294FD04FF415
S214020BB07A735943304BA1F6AC519A685B68891A2E
S214020BC0C91A2F4BC8171A68DFF8BC90A2FB01138C
S214020BD002FB003311F1807143F10003490E41EA32
S214020BE0C3118039274B6161DB6EA361D9F80030EF
S214020BF053B1404615F065FB30B12246D9F80030B5
S214020C001D49D8F8D80098470021A869FFF762FF67
S214020C10A062002F8BD1A86830BB47F23050FFF796
S214020C2009FFA0604FF47A702B6858432BB1124B21
S214020C301B6803F51C5310331844FFF7FBFEE060F5
S214020C4091E74EF660209BE74EF66020A6E74EF64A
S214020C506021B6E7084B1B6803F51C531033184493
S214020C606CE747F2305079E74FF47A735843A0F5B1
S214020C7003501038D3E700BF8C550020C45500201F
S214020C809C550020001F00B08855002038B5054648
S214020C9008461C4615F037FC0246D5F8E400FFF776
S214020CA09DFE4368A018002B044AA8BF4FF4FA72B0
S214020CB01A44034B92FBF3F2104438BD0CFEFFFFBE
S214020CC018FCFFFF70B5124C88B001AD0FCC0FC5F3
S214020CD094E8070085E807008C2200210D48FAF701
S214020CE0A1FDD42200210C48FAF79CFD0B4B0C4ABE
S214020CF05A6301F04DFA0B4B1B783BB1044E01AD23
S214020D000FCD0FC695E8070084E8070008B070BD4F
S214020D10C41F00B0A01E00B02C1F00B0001F00B001
S214020D2010111111D662002008B519F0BAFD0E4B4B
S214020D301A78A2B90D4A126812F4843F0FD10C4AEF
S214020D401021D1671B7863B9084B1B68DB0508D4F2
S214020D50074B2022DA67BDE8084019F09DBD054A18
S214020D60EEE7044BF5E700BFE9620020A01500207D
S214020D70002002B8001002B80A4B197801F0FF02F0
S214020D8029B10021197008499202C1F8B420597895
S214020D9001F0FF0229B1002159709302024AC2F8FB
S214020DA0B8307047E4620020005000B8064BD3F813
S214020DB0D80E064B5B6F1A0103D4054B9B6E1B04C1
S214020DC001D500F580707047001000B0000002B830
S214020DD0004000B810B519F064FD0E210446032049
S214020DE0FFF7FCF840F20122034B2046BDE8104014
S214020DF0DA6219F051BD00BF004000B808B519F01C
S214020E0050FD4FF00042224BC3F88020BFF34F8FB5
S214020E10BFF36F8F0122C3F88420BFF34F8FBFF357
S214020E206F8F0222C3F88420BFF34F8FBFF36F8FFA
S214020E300422C3F88420BFF34F8FBFF36F8F0822BC
S214020E40C3F88420BFF34F8FBFF36F8F1022C3F80F
S214020E508420BFF34F8FBFF36F8F2022C3F8842006
S214020E60BFF34F8FBFF36F8F4022C3F88420BFF3C8
S214020E704F8FBFF36F8F4FF48072C3F88420BFF397
S214020E804F8FBFF36F8FBDE8084019F005BD00BF56
S214020E9000E100E008B519F004FD4FF00042094BEE
S214020EA01A6001225A6004225A6008225A601022EE
S214020EB05A6020225A6040225A60BDE8084019F063
S214020EC0EBBC00BF00E100E0012370B5074C2370C5
S214020ED0074B1E68074B3240D3E90053194028409F
S214020EE0FCF7F8FC0023237070BD00BFE762002009
S214020EF0A4550020A01500200022044B1A70044BB3
S214020F00197811B11A70FFF70FBF7047E862002018
S214020F10E96200202DE9F047DDF820A003EA010887
S214020F20099B06460C4602EA000703EA0A09BAF1DA
S214020F30000F40F04E81031F0B4300F00E81052880
S214020F4071F1000380F0E48050EA010300F0608152
S214020F50431E0B4300F02481FFF750FFAD4AD2E94F
S214020F60005323EA040325EA06053D4343EA08073D
S214020F70A94BC2E900571E68DFF8F48226EA0A0681
S214020F8046EA09061E60FFF7CFFE15F02A4F14BF89
S214020F9048F202034FF40043A04AB007D26EA048BC
S214020FA048BF43F4005383EA020122EA0302C26600
S214020FB09C4A0B408166D366C5F38042120329031E
S214020FC048BF42F48072EB0648BF42F40052964B8A
S214020FD0AC0648BF42F400726806D3F80C3248BF2B
S214020FE042F48062290648BF42F400628F4882EAD1
S214020FF0030123EA0203C0F80C328D4B0A40C7F302
S2140210004024A404C0F80812C3F80C22EA0448BF1D
S21402101044F48034AB0348BF44F48014A80748BFA6
S21402102044F4800415F4001F06D0D8F8000015F02A
S2140210309EFB08B944F40024E90248BF44F4003495
S214021040FA0648BF44F4000473077A4B48BF44F0DC
S21402105004041A6A44F4001484EA020323F0010327
S21402106075491A400A621C40CB61744B16F0010F98
S2140210701C62734B734A18BF1A46734B7C071B6F6E
S21402108048BF42F00062714882EA030123EA020383
S21402109003676F4B0A4041661A676E4A05F0010302
S2140210A0516CA0F5803081EA030221EA0301416413
S2140210B082631A40684B28025A64D8F8002048BF58
S2140210C0664B92F8F62058BF654B690748BF43F453
S2140210D0806322B115F4C06F18BF43F480733207E1
S2140210E0604A48BF43F00043D2F8EC105E4883EAF9
S2140210F0010222F4A0221140C0F8EC101340C0F8FE
S214021100E0205A4ABDE8F047C2F8EC30FFF7C2BE0C
S214021110A0F580630B4306D020F48063A3F500732A
S2140211200B437FF419AF19F0BCFB3A49D1E9003200
S21402113023EA060322EA040242EA08023B43C1E922
S21402114000324B4A126892F8F610474A09B313F473
S214021150C06F1ED04FF4807311E019F0A2FB2D4A27
S214021160D2E9003123F004033B4341EA080157EA7F
S2140211700807C2E900314FF480633B4A0BD0C2F83D
S214021180E030A2F58052C2F8EC30BDE8F04719F024
S21402119083BB4FF48073C2F8EC30C2F8E030F4E759
S2140211A019F07FFB1B4AD2E9003123F001033B43CF
S2140211B041EA0801C2E9003101232E4A57EA08072C
S2140211C01BBF9363A2F580525364536408BF9363B4
S2140211D0DBE750EA01037FF4BFAEBAF1010F7FF4FA
S2140211E0BBAE19F05EFB0C4A136823F0010343EA18
S2140211F0090313604FF48063144AB9F1000F04D058
S2140212005366A2F580521367BFE713675366BCE7BF
S214021210BDE8F087A0150020A4550020004000B8C5
S214021220006000B8005000B8004001B8006001B885
S214021230005001B8000002B8002002B8001002B840
S214021240041C00030418000300C001B800E001B843
S21402125000D001B800C000B800D000B80D0A0A09D4
S214021260090A0A0900400054006000540050005465
S214021270C455002000E000B8024B5868C0F3C00016
S214021280704700BFA0150020024B186800F001004E
S214021290704700BFA0150020024B5868C0F3C0304C
S2140212A0704700BFA015002010B50446FEF700FDEB
S2140212B0FFF7A4FD2046FDF7BDF8FEF7A5FCFEF7F6
S2140212C0ABF8FEF71DF9FFF7C9FB13490723134ACC
S2140212D0D1F8FC1004F1F800FFF71AFC4FF0807109
S2140212E00020FEF7E7FB4FF000720D4B4FF40011A3
S2140212F00120C3F80021FEF7DDFBFEF7D7FF20B979
S21402130040F292321421FBF7FDF815F063F9BDE8BE
S21402131010400120FDF766BF001F00B0581F00B046
S21402132000D001B88023074A1367082340B1136729
S214021330054AD2F8A03023F02003C2F8A030704746
S214021340024AF4E7001002B8001E00B0002002B8FD
S21402135010B519F0A6FA012104460020FFF7E2FFB5
S214021360044B1961044B5B6898472046BDE8104061
S21402137019F092BA000002B868690020F8B5194C54
S2140213800546207840F2E442B0FA80F03E21400959
S214021390FBF7B8F855B9607840F2E442BDE8F84089
S2140213A0B0FA80F03E214009FBF7ACB84FF4406635
S2140213B00D4F0E4DD7F8B43040F2E442C3F381230A
S2140213C02370C5F8B46060783E21B0FA80F0400918
S2140213D0FBF798F8D7F8B830C3F381236370C5F8E3
S2140213E0B860F8BDE4620020004000B8006000B8B3
S2140213F0F8B5084C084D236F0423084F2B67236F5C
S2140214005B0300D4F8BD042602203E6715F05FF8A1
S2140214102E67F4E7000002B8001002B8002002B8F7
S214021420A82238B51A4B1D6F03F500531A6710220F
S2140214309A60A3F5804302F100521A675A66FFF7D4
S2140214409BFC144B1B7813B90320FEF78BF8002481
S214021450114B9C67FFF7CCFF104A114BD2F8D81EEF
S2140214600B40C2F8D83E04220E4B1A670E4BAA0651
S214021470C3F8AC4008D503F58073DB6CB3F5817F07
S21402148022BF8022024B1A61BDE83840FCF7C2BB7D
S214021490000002B8E662002000C001B8001000B0EA
S2140214A0DF0000FF002002B8001E00B010B549B9E8
S2140214B030B3164AD3681B0E13F00E0F20D1936872
S2140214C09A061DD4FFF786FC104C0020FEF72AFE73
S2140214D0032801D0092805D1636FDB03F5D4E36D39
S2140214E00C2BF2D9FFF784FF4FF40072084BDA6236
S2140214F0012203F5E8335A61042203F580531A6782
S2140215004FF4C062034BDA6210BD00BF000002B89F
S214021510004000B8006001B808B503210920FEF7B4
S2140215205DFD2022014B1A6108BD00BF000002B813
S21402153038B5054619F0B5F90E4B04461868FDF79E
S21402154045F835B1FFF7D8FC2046BDE8384019F01B
S214021550A3B9094B1B78002BF6D0084B1D78002D3B
S214021560F2D1FFF7C9FC2A464FF480400021FFF76C
S214021570ABFCE9E7C4550020E8620020E7620020E1
S2140215802DE9F84F5C4B06460D4614461B6F002AA3
S21402159040F0AE8013F0A00F14BF4FF001094FF0D9
S2140215A00009FCF737FBA0234FF0000ADFF868813A
S2140215B00320C8F87030FDF7D5FF0420FDF7D2FFF0
S2140215C04E4FFFF799FC4E4B4FF0040B7B67C7F864
S2140215D078A0FFF70DFF4B4B4FF48071D3F8A02095
S2140215E0494842F02002C3F8A020FF22C8F808208B
S2140215F0414A1161D0F8D82E44491140C0F8D81E8D
S214021600C8F870B0C3F8ACA07B6913F0060F04D01C
S214021610FEF75CFA5846FDF7A5FFB9F1000F08D0B1
S2140216204FF400623A4B1A674FF40042A3F5E033D8
S2140216309A6666B1374BDB6C180701D4FFF7CAFB14
S214021640FFF76AFF0420FDF78DFFFFF795FB2A4B95
S2140216505A69D10747D5DA6812F0706FFBD12E4B64
S2140216602E4A1A672E4AD36B23F0F003D36315B1C2
S2140216702046FFF75DFF2B4BD3F84C315A1C01D0A6
S2140216805B0002D50122244B5A6164B3214BDA6E09
S21402169003F500539A6603F5D0331B6A1E4A23F0FD
S2140216A00103D361204BD3F80C1203F50053C3F8A1
S2140216B0081203F50053D3F8841003F50053996714
S2140216C01A4BD3F8EC1003F50053C3F8E010184B8E
S2140216D0596C03F500539963164903F5803359662E
S2140216E04FF6084313670020BDE8F84FFCF736BDF7
S2140216F04FF0000955E700BF000002B800C001B86D
S21402170000000101001E00B0001000B0DF0000FF64
S214021710001002B8004000B8002002B810003000E6
S214021720001F00B00080E00F004001B800400054E7
S21402173000C000B85000002F9B4B2DE9F04F9F6E63
S214021740DB6E85B01F40994B9F66994BD3F8E050ED
S214021750D3F8EC301D40974BC3F8E050964BD3F8C5
S2140217600822D3F80C3202EA0309944BC3F8089213
S21402177003F52043DA691B6A02EA0308904B08F471
S2140217807702DA618F4BD3F80422D20605D4D3F857
S2140217900431C3F30016DB0651D519F082F88A4BE2
S2140217A05A695E6E1B6F12F0060F06EA0306874A38
S2140217B026F0007314BF4FF0010A4FF0000A23F41C
S2140217C000637407536604D5814A137D0133DBB286
S2140217D0137519F061F8002F00F0E28017F4004349
S2140217E000F0D38019F05DF80146FFF7DFFA0446F1
S2140217F0784BD3F800B0DBF80020DBF800309A42D2
S214021800FBD0DBF800209A42FBD0FFF7CFFAA042CB
S21402181017D1084619F040F86F4B1C606F4BD3F88F
S21402182070B01BF4E0520ED124F07F4424F0DF04A3
S2140218300CB9FFF7F5FD4FF0807B002414E0B246AA
S214021840C9E70446D7E70192FFF7EAFD5C4B019A27
S2140218501BF480541A6740F09A801BF4806F0CBF0A
S2140218604FF0805B4FF0806BB80715D55B4A544843
S214021870126F02F460410167002900F08B801104A8
S21402188000F18B8012F4005F0CBF4FF000524FF055
S214021890006200244BEA020BC7F340377F00504A2F
S2140218A02A40002A4AD015F4206F0AD040F6A31226
S2140218B006210020FAF726FE0020FFF739FE25F45F
S2140218C08025EB0506D5FF213D4A4BF4C06B91609F
S2140218D0FFF780FA15F0090F0AD040F6B812082171
S2140218E00020FAF70FFEFFF717FE0121304A1163B8
S2140218F015F0106F0CD040F6C11209210020FAF73D
S21402190001FEFFF709FE002211461046FCF736FEDE
S21402191015F4202F0AD040F6C91207210020FAF744
S214021920F1FD0020FFF704FE25F48025E80301D52B
S214021930FCF768FF002DB8BF47F0080769070DD50A
S2140219401B4AD26A12F4005F4FF4005217BF1949BD
S2140219502449CA624BF4000B08BFCA626A0548BF34
S2140219604BF0040B15F48023019300F0A480FCF7DF
S21402197001FF0138062837D8DFE810F028012B01CE
S21402198028012E013101340134019B4655E74FF000
S214021990804B52E74FF000727BE74FF0004278E749
S2140219A0BB463C467BE700BF004000B8006000B87C
S2140219B00040005400600054004001B8006001B8C6
S2140219C0002002B800E100E000C001B800E001B863
S2140219D0A855002038770400A0550020000002B861
S2140219E0090B0B890050005440F6FA12032100201E
S2140219F0FAF788FD01218548826ED0F8883002F019
S214021A000702063201FA02F2C3F30C0CA2EB0C0236
S214021A1092B2072A12D97E4A126F53020ED47D4B17
S214021A20826B806D5B6D5BB102F0070206329140FD
S214021A30C0F30C00091A89B2072901D84BF4007BBF
S214021A40754A1278002A36D0704AD2F8E02012F48C
S214021A50A02F30D1714A724912789AB9F20411D481
S214021A600A787AB14FEADB026E4842EA447282F0A2
S214021A700102D0F8D80E02F00102520020FA02F259
S214021A80930718D10420FDF76DFD674A6748506733
S214021A90FFF732FA62490A784AB9654A127832B1D1
S214021AA0644A654912680BEA02020A4201D14BF403
S214021AB0804B26F48056B9F1000F1DD019F4805FD2
S214021AC018BF4BF4802B19F4807F18BF4BF4002B01
S214021AD019F4005F18BF4BF0100B19F4007F18BF03
S214021AE04BF0200B19F4806F18BF4BF0400B19F423
S214021AF0006F18BF4BF0800BB8F1000F48D018F4F7
S214021B00001F0AD04D4A13683BB1414A4C48116F38
S214021B1000680022C1F3C061984718F4802F18BFEE
S214021B2044F4007418F4803F18BF4BF4805B18F43A
S214021B30801F18BF4BF4003B18F4800F18BF4BF001
S214021B40020B18F4003F18BF4BF4801B18F4000F6A
S214021B5018BF44F0100418F4002F19D0394AD2F8EE
S214021B60A02012F0C00F13D02949CA68C2F303623C
S214021B70032A01D0072A05D14A6FD00602D48A6FFB
S214021B80120732D54FF400212F4A28F40028D161DB
S214021B90002E00F01B81330540F18F802B48DFF8C2
S214021BA08890C2782A49002A58D04FF40063013A36
S214021BB0D2B24B66C27032B9264A1278C2B140F629
S214021BC00141254A51670022002173E04BF4803B15
S214021BD010E74BF4006B0DE74BF4806B0AE74BF40F
S214021BE0807B07E74BF0080B04E74BF4001BCFE7BC
S214021BF0D9F8782012F4A05F15BF4FF4807240F631
S214021C000142C9F85820C9F87820DCE700400054A1
S214021C10000002B8004000B8E9620020E862002036
S214021C20EB620020001000B000C001B80000010105
S214021C30EA620020A0150020088D0100D85400207A
S214021C40C4550020001E00B0002002B8DA62002050
S214021C5000E001B8E662002000D001B80320FDF7DC
S214021C6081FCD9F81420A84B12F0060F04BF41F6E7
S214021C701F72A649A64808BF4A674FF40061A34AE6
S214021C805166D9F8142012F0060208BFC9F8782067
S214021C905A8A12F4006162D022F400625A820278F2
S214021CA002F0FF09002A5ED1FDF710FFFFF7B8FB2E
S214021CB04A4620214BEA020B0C43B00009D52E20DF
S214021CC0FDF79EFB4FF00051904A44F0080411675E
S214021CD05166F10606D52B20FDF792FB10218B4AA2
S214021CE01167516616F0306F05D1F20463D5BAF16A
S214021CF0000F00F0C080330117D52920FDF780FBC6
S214021D00844A526C12B11021834A9160FFF7B4FAEA
S214021D1048B1824A82487D494A66026700F54050C9
S214021D20C068400422D444F0040416F0007A28D096
S214021D300420FDF717FC2720FDF762FBFFF770FB78
S214021D404FF00071714A5166764AD2F8D82E520682
S214021D5079D40221704A916044F0020428E00278A5
S214021D604FF40052A6E74FF400422DE70A67202000
S214021D704A66FDF745FB2D2044F00C04FDF740FBB8
S214021D80D3E716F0807FDFF88C9147D00420FDF76A
S214021D90E9FB2820FDF734FBD9F87820002A3AD14F
S214021DA0FFF73EFB594A5D4944F00104116751664C
S214021DB00021584A9165720508D55B498A78002A3F
S214021DC000F0D880013A8A7000221743574AD2F8A8
S214021DD0A020130603D558462146FCF7C7F93A4613
S214021DE058462146FFF770F8019B0BB1FCF7F8FC4A
S214021DF001224F4B05F00435C3F8E0504D4B18F462
S214021E00002FC3F884211EBF4FF40022424BDA6132
S214021E1005B0BDE8F08FC9F878A0C3E7F104C7D5CE
S214021E200420FDF79FFB444AC9F87420FDF74EFED6
S214021E30D9F8642012F0407FBAD12A20FDF7E0FAE2
S214021E40FFF7EEFA80E7394AD2F8A0108B0683D461
S214021E5002203A4988603A49096891F82510C8076D
S214021E607FF57AAF92F8C420002A3FF475AF80213E
S214021E70344A116170E7344A1268013202D04BF0DC
S214021E80010B98E728490A7952B1013AD2B20A718F
S214021E9012B9234A2D49516700224BEA020B8AE700
S214021EA00420FDF75FFB0320FDF75CFB194A22497D
S214021EB0516718F0F6FC81460DF10F00FEF732F975
S214021EC0234A824612780AB1FEF784FFBAF1030F5C
S214021ED00ED1DFF870A00020FEF724F9032807D100
S214021EE0DAF87420D103F6D4DAF85C200C2AF2D998
S214021EF09DF80F20032A2FD10121164A4846117059
S214021F0018F0CAFCC8E700BFA855002000E001B8D8
S214021F10E662002000C001B8002002B810000020CF
S214021F2000D001B8001000B0DA620020001E00B037
S214021F300060005400E100E000000101001002B859
S214021F40C4550020000002B8706900200000010D90
S214021F50EC620020E8620020094AD2F8E02012F47F
S214021F60A02FC9D1FEF7C8FF484618F095FC4FF4DB
S214021F70804292E70220FDF7F5FA012225E700BF2C
S214021F80004000540122024B1A62DA61704700BF19
S214021F90002002B80D4B10B5DC691A6A14400C4AD0
S214021FA024F47F01D161E20706D5D9684FF0FF30ED
S214021FB0C1F3036114F018FB630706D5BDE81040B1
S214021FC0042200200021FEF77FBF10BD000002B8E9
S214021FD0002002B80C4A08B5936B526C13400B4AA9
S214021FE09363DB070FD50A4B40F66342187812213B
S214021FF000F00100FAF786FABDE808400022012048
S2140220000021FEF761BF08BD00C000B800E000B8BE
S214022010A0150020054AD2F88430DB07FBD4936F64
S214022020D2F884201340024A93677047008001B8B2
S21402203000A001B870B514460D4618F032FC064BE7
S214022040D3F8A06074402C407440C3F8A04018F047
S21402205023FC06EA050070BD001E00B0034BD3F851
S214022060A03099430CBF012000207047001E00B02C
S2140220702DE9F04117460A43012A1D469DF81840ED
S2140220809DF81C60DDF8208029D8B44227D2082E9D
S21402209025D8032B23D8B8F1000F20D00A460021FA
S2140220A0FBF71CFDFF21EB009940C943DFF834C063
S2140220B008F1FF38FF00E2B2964202D80020BDE8DF
S2140220C0F0813D190CEB8505D5F8E02018F8010FD4
S2140220D00A4098401043C5F8E0000134EBE721209F
S2140220E0EDE700BF001E00B0034B1868034B002844
S2140220F008BF1846704700BFC055002088980400E5
S2140221002DE9F843DFF860900646D9F800800846C5
S2140221101746B8F1000F03D00E242046BDE8F88318
S21402212006B3336801331DD1E1B1FAF70DF805465F
S2140221300028F1D0C9F80000FAF72CF8284613F068
S21402214067FD044640B14046C9F80080FAF722F817
S214022150284613F058FDE0E73560002FDDD028460C
S214022160B847DAE72124D8E7C4550020024B18689E
S214022170003818BF01207047C4550020002108B55A
S214022180024B08465B689847002008BD6869002035
S2140221900523064AA2F84A3092F8493003F00103B2
S2140221A063F0730382F84930704700BF001F00B027
S2140221B00023F0B585B0CDE901330393124B134DDE
S2140221C01B78134E8DF8043018F078FB2A78337893
S2140221D004469A420F4F0CD03178386801AA29700B
S2140221E014F037FA50B140F608210B4818F05BFCA1
S2140221F004E0386814F00DFA0128EDD0204618F0F5
S21402220058FB05B0F0BD00BF516C0020826C002068
S214022210836C0020E0550020C34C0400F8B52B4B1D
S2140222201B7823B140F6FC31294818F03CFC18F024
S21402223045FB284B07461C8814F0060409D00121EA
S2140222404FF4807017F094FB3846BDE8F84018F05B
S21402225030BB21464FF4807017F08AFB204600F010
S2140222609DFF022808D180221B4B8021186813F09C
S21402227099FDFFF79DFFE7E7204600F08FFF054632
S21402228038B1012807D040F63141114818F00BFC4E
S214022290DAE70246E8E7FF220F4E104B30681A7064
S2140222A0FFF76CFF306814F0B4F90128CCD02A4648
S2140222B02946306814F0AFF921462C2017F084FB2B
S2140222C021460A2017F080FBBEE700BFF26200201C
S2140222D0C34C0400C65B0020E0550020826C002040
S2140222E00021014818F08AB9E86900207F2837B52E
S2140222F0044610D14FF6FF73022217480DF106016D
S214022300ADF80630EAF7D6FEBDF80640E2054CBF49
S2140223106FF04A0464B218F0D1FA104B05461C70EE
S2140223200F4B1B88DB0710D50E4B1B78002B0E4B72
S2140223300CBF21466FF07F01186813F058FD20B1DC
S21402234040F67861094818F0AEFB284603B0BDE8AF
S214022350304018F0AEBA00BF641002C07A6C00209B
S214022360C65B0020F3620020E0550020C34C040048
S21402237010B50FF0A2F960B10FF0A1F90B4A80B1C7
S21402238041F20D03BDE8104041F20D01074817F077
S21402239041BC074B1A781B799A4204D100220023CB
S2140223A0F0E70D23EEE7034AF9E700BF400D03000E
S2140223B0516C0020488D0100F8B5164E0D46337854
S2140223C002F0010423B140F2C531134818F06BFB4A
S2140223D0124B134F1D60134DA4B1134B997801B1E4
S2140223E00121202017F0C4FA2B783B700F4B1C7883
S2140223F00F4B00211C70042333700E48BDE8F840D2
S21402240018F0FCB82146202017F0B2FA2B783B7061
S214022410EEE700BFF2620020C34C0400D055002055
S214022420EF620020846C0020D4550020F062002069
S214022430F1620020E86900202DE9F84318F03EFA20
S214022440DFF8A0810546B8F80030614C13F4807FAF
S21402245003D0237873BBFFF7E1FE0021084617F08E
S214022460B3FA5C4B1A78FF2A13D01A7802F0FF06EA
S21402247032BBFF221A702378052B0AD10023284686
S214022480237018F016FA304614F073F918F016FA9C
S21402249005462378504E062B09D13378FF2B06D0FB
S2140224A03378022B15D100214C4818F0A7F8FF23E9
S2140224B033702BE000214FF4807017F059FACCE706
S2140224C01A78012A4FF0FF0214BF33264C261A70E0
S2140224D0D4E7337813B13378012B22D117F0E8FA18
S2140224E007463E4896F8009001F0CEFBFF235FFABF
S2140224F089F9337077B1B9F1010F44D164213748B5
S21402250084F8009018F07AF8FFF752FE284618F082
S214022510D0F906E02846277018F0CBF9384614F0B2
S21402252028F9B8F800301B0605D50021802017F0E0
S2140225301FFA12F031FC01F0E3FA294E308000B3A4
S2140225402778012F42D117F06DFF054610B30130F0
S21402255018F087FB00F44060B0F5006F1AD1042231
S2140225603946284617F09EFE284418F07AFB4FF6A6
S214022570FF7398420ED10020318800F0F1FC002350
S2140225803380BDE8F88300232846237018F091F9BB
S2140225903F20C4E7114801F077FB0021084621706E
S2140225A0012500F08FFC23780BB9FFF737FE0020D9
S2140225B0318800F0D5FC00233380002DE1D020784E
S2140225C00028DED1BDE8F84314F00BBA0025EAE78E
S2140225D0F2620020816C0020806C0020E8690020F6
S2140225E0C45B0020C65B002008B513460A4619469F
S2140225F0064B186813F088FC30B1BDE8084040F27C
S214022600F441034818F04FBA08BD00BFE055002059
S214022610C34C040008B513460A461946064B18680A
S21402262013F06CFC30B1BDE8084040F2FB410348B1
S21402263018F039BA08BD00BFE0550020C34C0400AC
S214022640024B1878431E584258417047F2620020E7
S21402265008B5064B1B7823B140F22551044818F002
S21402266022FAFFF7DBFD002008BD00BFF262002061
S214022670C34C040008B5054B01EB810118684900FC
S21402268013F0B7FB002818BF212008BDE055002034
S21402269008B5044B1868F9F70FFF0A2390FBF3F00E
S2140226A040B208BDE0550020014B1878704700BFC5
S2140226B0836C002008B5044B186813F005FBB0FACB
S2140226C080F0400908BD00BFE055002038B5124D25
S2140226D00C462B78012B04D940F246510F4818F0CD
S2140226E0E2F921460020FFF7E5FF90B10C4B1C7083
S2140226F02B785BB9FFF792FD0A4B93F900100A4B51
S214022700C901186813F049FB002038BDFFF750FDD9
S214022710F2E72120F9E700BFF2620020C34C040072
S214022720836C0020F4620020E055002008B5074BB9
S214022730186813F0C7FA30B1054BB3FBF0F083B25A
S2140227400BB1184608BD0120FCE700BFE05500208B
S21402275040420F002DE9F3475C4E012018F0A0F925
S2140227603388990704D440F63F41594818F09BF93C
S214022770DFF8808198F80030053B012B04D940F63B
S2140227804141534818F08FF9524F3B6823B940F63F
S21402279044414F4818F087F9348814F0200478D062
S2140227A00121222017F010F94FF47A74FFF7BEFFCA
S2140227B03B681B780933434304EBC30498F80030A4
S2140227C0A5B2062B0BD117F03BFD0446FFF7AEFF72
S2140227D0602358430C2303FB0400284485B2D7F831
S2140227E000903D4B99F800801C7808F1FF381FFADC
S2140227F088F8002C52D133885A0505D409F1010015
S21402280018F02FFAC0F340143449354A8878127803
S2140228104B7812FB00F2334F93423B70A4BF9B1AD5
S2140228203B703B78CA78BD60934238BF13463B7014
S2140228300EF04BFF002833D00EF045FF012814BFE0
S2140228401025082525430023DFF8ACA0009380223C
S21402285043464946DAF8000013F0FDFA20B14FF479
S2140228603B611B4818F01FF91F4BDAF80000197875
S2140228701E4B197033889B0614D52A461C4B0097AC
S21402288013F0E5FEC0B9002002B0BDE8F04718F02C
S21402289007B92146222017F097F887E70024B3E706
S2140228A02546D0E72A460F4B13F0CFFE014618B94D
S2140228B0252017F089F8E6E72146262017F084F847
S2140228C040F6F431024818F0EEF8DCE7C65B00206A
S2140228D0C34C0400D0550020F5620020516C002045
S2140228E0EF62002098690020836C0020826C002032
S2140228F0D4550020F2620020E0550020184B10B597
S2140229001B889B0704D440F6A661164818F0CBF83D
S214022910154B1B78053B012B04D940F6A7611148DD
S21402292018F0C1F8114B1B6823B940F6A9610D488F
S21402293018F0B9F800240E4B0E4921201C7017F02F
S21402294043F8014618B9BDE81040FFF703BF022856
S21402295004D12046BDE8104017F0CCB810BD00BF29
S214022960C65B0020C34C0400F2620020D055002053
S214022970ED620020152B0200F8B55A4C23889A0700
S21402298004D54FF43E71584818F08DF8574801F0B8
S2140229907BF917F093FF238805465B070DD54FF0AA
S2140229A0FF3013F09FFA524B1B68C01AB0F5717FC6
S2140229B003D90021042016F0DBFF28464D4D17F000
S2140229C078FF2B78042B32D117F078FF238806463F
S2140229D05F0708D54548002117F010FE3046BDE8CF
S2140229E0F84017F066BF17F064FF17F067FF424B18
S2140229F006461B78414F13B9238859050FD5052380
S214022A00012102202B7016F0B3FFFFF777FF304646
S214022A1017F04FFF3B68DA78394B1A70F8BD386802
S214022A20013018F01EF98206E9D50623E8E7062BE0
S214022A304DD1344B1B78FF2BF0D1334E0EF047FEB0
S214022A403378002B3DD017F039FF238805465B0705
S214022A5005D52648002117F0D1FD2846BFE717F016
S214022A6028FF3378013B337017F028FF0446012114
S214022A70022016F07DFFFFF741FF20461F4C17F09D
S214022A8018FF2068013018F0ECF800F44060B0F54A
S214022A90006F13D1246801210422204617F002FC9D
S214022AA0204418F0DEF80146184B04201A783378D2
S214022AB0D21AD2B2BDE8F84018F09CB84FF6FF71B1
S214022AC0F2E740202B70BDE8F84013F052BE012B0F
S214022AD0A4D100232B700E4B1868FFF74FFB3F2044
S214022AE0F1E700BFC65B0020C34C0400E869002083
S214022AF0CC550020F2620020F5620020D05500205E
S214022B00EE620020806C0020EF620020846C0020C1
S214022B10E055002008B50A4B1A7882B9012210281F
S214022B201A7004D040F69D61064817F0BCFF0021DB
S214022B30202016F01DFFBDE80840FFF70BBE08BDBB
S214022B40ED620020C34C040008B5094B1B88DB0667
S214022B5004D440F2C351074817F0A5FF1020002105
S214022B6016F006FF044B1868BDE8084013F066BD71
S214022B70C65B0020C34C0400E0550020012208B5C5
S214022B80074B1146186813F046FD00212C2016F05C
S214022B901BFFBDE8084000210A2016F015BF00BF43
S214022BA0E0550020014B4008185C70477C6C002002
S214022BB008B513460A461946064B186813F0AAF9D2
S214022BC030B1BDE8084040F6E941034817F06BBF54
S214022BD008BD00BFE0550020C34C040008B5044BF6
S214022BE0186813F016FD013818BF012008BD00BF93
S214022BF0E055002070B5054617F060FE0E4B0F4EEE
S214022C001B880446DA07357008D50D4B0D4D1B7828
S214022C10012B08D90121286813F0A5FD2046BDE83E
S214022C20704017F046BE1BB10EF045FDC305F1D449
S214022C30317881F00101EEE7C65B00207B6C002054
S214022C40F3620020E05500200C4B10B51B880446AA
S214022C50DB0711D5FFF78CFB094B84F00102082134
S214022C601868D20013F09EF830B1BDE8104040F666
S214022C703671044817F017BF10BD00BFC65B0020B0
S214022C80E0550020C34C040008B5044B0146186802
S214022C9013F04BF9003818BF012008BDE05500209C
S214022CA010B50A4C23787BB1FFF768FF0021042099
S214022CB016F05EFE0021022016F05AFE0023237054
S214022CC0BDE81040FFF7AABA10BD00BFF2620020AE
S214022CD038B5094800F0E8FC0024084D95F8443061
S214022CE0E0B2834200D838BD05EBC000043000F0E5
S214022CF0DBFC0134F2E700BF84560020E4550020D6
S214022D0008B5104602494822F8F71CFF002008BD05
S214022D103C56002008B5054818F035F8014620B99B
S214022D20BDE80840014817F069BC08BD086A0020E3
S214022D30002238B51C4B15461C461A700132082A6A
S214022D405D609D8043F8085FF8D14822002117484D
S214022D50F8F768FD4FF6FE73A4F868306FF4803318
S214022D60E365134B00211A88124B1868F8F75AFDD0
S214022D70114BC4E91255C4E9283584F8445084F846
S214022D805050656584F8A850E9F7FEFCFF220B4B0D
S214022D90012118700A4B00201A70E1F775FE002018
S214022DA0FFF7B8FF002038BDE45500203C5600204F
S214022DB0F46B0020C86800200000FFFFF6620020C7
S214022DC03C63002010B5AC24084B04FB0030836C37
S214022DD053B990F850403CB931B1C0E912122046BE
S214022DE0FFF798FF204610BD2120FCE7E45500209F
S214022DF0AC2370B503FB00F5094E731993F85040E7
S214022E005CB920460BF022FF735D204643F00203B6
S214022E107355FFF77FFF204670BD0120FCE700BF19
S214022E20E4550020AC235843024A135C23F0030304
S214022E3013547047E455002070B516461F4A0446E0
S214022E401278C2BBAC211E4D01FB00518A6C92BBAC
S214022E5091F850203AB1022B2DD191F8441007294F
S214022E6007D91C2026E091F844100729F9D8012B2F
S214022E7008D0AC2000FB0450CA00011D0C30F8F745
S214022E8023FD0021AC2303FB04F000249DF814303C
S214022E9000EBC1012944CB71049B8E808B602B18FA
S214022EA093F84420204601328C7183F84420FFF7C1
S214022EB031FF204670BD0120FCE700BFF56200200E
S214022EC0E4550020F8B5234B04461B780F46002B2A
S214022ED03ED1AC23204D03FB0053B3F8A03023B9F8
S214022EE040F245311D4817F0DEFDAC2202FB0452CB
S214022EF0D2F8A46036B192F8A33039460020B2F870
S214022F00A020B047AC2300216343EA18A2F8A01021
S214022F10C2F8A410482192F8A82001FB02322A44E3
S214022F20D2F89820964213D0EB5C9B070CD5AC22C5
S214022F306243AB5C204623F0020343F00103AB542A
S214022F40BDE8F840FFF7E6BE0BF0A2FE0028EED181
S214022F50F8BD00BFF5620020E45500201A4D0400BB
S214022F602DE9F04F89B0059008460D4617F05AFA3B
S214022F70044618B9212009B0BDE8F08F284617F09C
S214022F806DFAC0B20838215C221892F802A00491A9
S214022F90D1785268277803920022B4F80130ADF84F
S214022FA01E20434A029192F800B0BBF1000F08D0EF
S214022FB0404B1B681BB120464FFA8AF29847002006
S214022FC0D9E703F00703022B70D0013409225946D1
S214022FD0204617F067F9023F3F1A3B0606465FFA9D
S214022FE087F8C7D4344FD7F89090B9F1000F27D19D
S214022FF000210DF11E0B434622460846CDF800B0CE
S2140230000BF05CFDC3B20546002B4BD1BDF81E008B
S21402301013F0F3FBE0B9BDF81E0013F0D7FC8146AF
S214023020BDF81E0013F0E9FBF0B906EB0802012317
S2140230302146584692B200F07BFDD0B119209AE79D
S2140230405B465A4601212846C8470028D0D191E758
S214023050D7F89430BDF81E00002BDCD0A119984793
S2140230600028D8D1022086E742464846A119F8F73A
S21402307069FDBDF81E0017F0D5F9029B059A03728A
S214023080049B80F809A08372039B1BBAC360AC231F
S21402309003FB027393F85020BDF81E0022B1DB6CCE
S2140230A003B19847E8B266E7BB6FF9E7012062E72B
S2140230B0F5620020C8550020E45500202DE9F843AB
S2140230C008460F46164602F1010913F084FC8046B4
S2140230D0384613F08BFB042856D1384613F0AAFB69
S2140230E048F661054FF6FF7248F64103294C9042B6
S2140230F008BF1D46B4F85C10301D17F0B4FD384604
S21402310013F098FB0146B01D17F0ADFDB4F85E1043
S21402311006F1080017F0A7FD06F10A04384615F076
S2140231201DF910B145F01005ADB22946484617F014
S2140231309AFD384613F04AFC424601462046F8F706
S21402314001FD3846012117F0A5F94444074660B14F
S21402315017F084F90546384617F064F9EDB20146D1
S2140231602A462046F8F7EEFC2C440B4AA41B13789A
S2140231700134591C1170F37034703046BDE8F843C0
S2140231800922012117F08EB8484617F06AFD4C4610
S2140231900546C3E7E4550020F6620020AC2210B5CF
S2140231A048245043094B1A1892F8A81004FB010051
S2140231B0034493F87700022806D092F850301BB9E1
S2140231C0032818BF012010BD0020FCE7E4550020AC
S2140231D070B508B1012070BD234C94F8A850002D9C
S2140231E0F8D12946B4F85C20FFF714FA2946284697
S2140231F0B4F85E20FFF7F8F92946284604F1600283
S214023200FFF7D6FC94F87730002BE3D0284694F8E4
S2140232105860FFF749FA864215D1002094F95A50B1
S214023220FFF736FA854216D10020FFF7B7FF0446AD
S214023230002016F0EDFF0028CDD02146BDE87040F4
S2140232400020FFF705BA284694F85810FFF73EFA12
S2140232500028E2D0BFE7002094F95A10FFF70AFAD6
S2140232600028E1D0B7E700BFE45500200346AC20B3
S21402327010B51446164A00FB032292F8770002287D
S2140232800CD1E07F022809D141B1124909780129FF
S21402329013D992F85810227891420ED11846217806
S2140232A0FFF708FA90B1482221460B48F8F74AFC85
S2140232B0002016F0ADFF08B9002010BD044B93F8AD
S2140232C0A8000028F8D1FFF783FFF5E72120F4E7EE
S2140232D0E4550020336200203C56002038B5AC236B
S2140232E00D4C054603FB004300205A6DD86483F854
S2140232F0500012B15865FFF727FCF5F75FFBFF2871
S2140233001EBFAC2303FB054484F8A8000020FFF789
S2140233105FFF002038BD00BFE45500207FB51D4C7E
S21402332094F8A83023B1002084F8A800FFF750FFD5
S21402333094F85A30B4F8A0608DF80F3026B940F2EF
S214023340FD21154817F0AFFB144B31461D680020CF
S2140233502A46FFF7B3FEE46F02469CB10DF10F0357
S21402336001930023294630460093A04702462C7854
S21402337054B920462146FFF7A5FD2046FFF7CAFCB2
S21402338004B070BD0122F2E729460020FFF714F8C8
S214023390F6E700BFE45500201A4D0400C868002076
S2140233A038B5494B1C78002C58D1484800F06CFCC4
S2140233B0204616F02DFF002850D0454C2378D9071A
S2140233C033D594F850201AB123F00303237045E056
S2140233D023F0010323700BF043FC237805469A077B
S2140233E001D50BF033FC294600200BF049FA40B910
S2140233F02378284643F001032370BDE838400BF0DB
S21402340025BC0023482284F8A33094F8A83084F818
S214023410A25002FB0343D3F89830A4F8A000C4F8E5
S214023420A430BDE83840FFF779BF94F84400B0B145
S21402343004F1A003251D95E8030083E80300FFF7C7
S2140234406DFF94F844202846D20004F10C01F8F7E8
S2140234503BFA94F84430013B84F8443038BDA26C01
S21402346062B99B0711D52378002023F0020343F0AC
S21402347001032370BDE83840FFF74CBC0123A0646B
S21402348084F85030904723789EE70BF001FC002822
S214023490E9D194F8A83073B1F5F790FA94F8503061
S2140234A0002BDBD1FF2818BF84F8A800BDE83840FF
S2140234B00020FFF78DBED4F88C30002BECD0984756
S2140234C00028CBD1E8E700BFF5620020086A00209A
S2140234D0E455002070B50446002016F099FEAC2391
S2140234E05C430B4E351995F850300BB1002070BD79
S2140234F00028FBD0074817F046FC0028F6D1335DBB
S214023500002BF3D195F84400B0FA80F04009EEE7BC
S214023510E4550020086A002010B5084A034613F056
S21402352068FA14684FF6FF7203EB40039C42184693
S21402353003D9018802339142F8D010BDA05600206C
S2140235402DE9F047204F05463B88A3B3B0F9023079
S214023550002B30DBDFF87C801C49D8F80000F8F737
S214023560B7FB20B94FF4EA71194817F09CFA002607
S214023570DFF85CA0DFF860903A88B3B29A4204D8CB
S2140235804FF4EB71504617F08EFAD9F80030B2B20B
S21402359053F83200D8F8001003EBC20468B943F8B7
S2140235A03210A38828460133A38013F022FAE38858
S2140235B003EB4003E380BDE8F087F8F789FB0136AA
S2140235C00028D9D1EDE700BFC85B0020E74C040015
S2140235D0F14C0400286A00209456002038B5094CA5
S2140235E0094D22682B689A4204D94FF4877107481E
S2140235F017F059FA28682368C01A20F0010080B232
S21402360038BD00BFA0560020A8560020F14C04008A
S21402361038B5124C124D21462846F5F77DF8236838
S2140236200BB12B681BB9DE210E4817F03CFA2A684C
S2140236300D4B0E491A60236823F0010313440B60F6
S2140236400B4B1A602AB9BDE83840F821054817F036
S2140236502ABAFFF7C3FF6428F5D938BD985600206A
S2140236609C560020F14C0400A4560020A8560020C8
S214023670A056002038B5094C094D22682B689A429C
S21402368004D34FF48A71074817F00DFA28682368A6
S214023690C01A20F0010080B238BD00BFA456002038
S2140236A0A8560020F14C04002DE9F0411D4B0446BB
S2140236B01B78012B24D1008816F096FE0546D8B159
S2140236C00426DFF864802C4617F0F8F807462046F2
S2140236D0FFF736FF638843EA08036380A05B16F0B1
S2140236E083FE0446384617F0E4F81CB1B4F90230FB
S2140236F0002BE9DA062E01D1BDE8F0810626E2E7C4
S214023700022BF9D117F0DAF80246208816F06CFE82
S21402371018B10388C3F30E0323801046BDE8F041B8
S21402372017F0C7B8F76200200080FFFF2DE9F04FC0
S2140237300024BA4B97B006461C8017F0BFF8012348
S214023740DFF8EC82B64F3B70B8F80030A8F80040BD
S214023750ADF81630B34B1B68019317F0AAF8B24BBC
S21402376021461A88B14BD2001868F8F75BF80DF1BB
S2140237701600FFF799FF002E3CD1DFF8B8924FF003
S214023780000B0125D9F80040019B9C4239D3BBF1BE
S214023790000F39D1002DF2D0D9F80040DFF898A2F8
S2140237A025462246019B9A4273D302230DF1160048
S2140237B03B70FFF779FF002E40F08F80D9F800604B
S2140237C03246AA4280F0A280908816F00DFE18B10A
S2140237D00388C3F30E039380D08816F005FE18B153
S2140237E00388C3F30E03D3801046FFF795FE024606
S2140237F0E7E79847E3B256F823300134002BF8D1B6
S214023800BBE7BBF1000F3ED00BF1FF335FFA83FB41
S21402381016AB03EB8B0252F8402CB2F90200518829
S2140238200028B1DA4B04AFD4924641F48040931D8F
S2140238302AF8020F02933AF8020F16F0D5FDF0B1FD
S214023840B0F902E0B0F802C0BEF1000F17DB6FEA73
S2140238504C4C6FEA5C4CA0F802C00390FFF770FE77
S214023860BBF10F0F8FBF002516AB039A03EB8B003D
S2140238709EBF0BF1010340F8402C5FFA83FB029BCC
S2140238809A45D8D180E72046FFF746FE22460446F0
S214023890C3E7104613F0ADF88346B2F9020011886A
S2140238A000280AEA010108DA204616F093FD0843CA
S2140238B081B204EB4B0402EB4B0510461180FFF776
S2140238C02BFE02466EE798475FFA8AF356F82330D5
S2140238D00AF1010A002BF6D170E74FF0000AF3E76F
S2140238E03046FFF719FE82467EB1B6F9023071887D
S2140238F0002B0ADA3088C0F30E0016F075FD8642F9
S21402390003462DD1C1F30D0171805646AE42E7D370
S214023910DFF81CA116F0D2FF00210646504613F02F
S214023920B9F816F061FD0546002800F0878030469B
S21402393016F0BFFF284613F05CF80646204616F03F
S21402394049FD81467600324629462046F7F7BCFFF7
S214023950002249460DF1160017F0EDF93444D9E776
S2140239601BD9304613F045F8C1F30D0142007180B1
S2140239701846314692B2F7F7A7FFC6E75046FFF75A
S214023980CBFDD146854203D9B0F90230002B01DACD
S214023990824603E0FFF7C0FDF4E7B146554507D976
S2140239A0BAF80000C0F30E0016F01EFD8245E5D3FD
S2140239B0B9F1000F30D0B9F80000C0F30E0016F0CF
S2140239C013FD034638B93346CB46994513D8B1455D
S2140239D09BD0D946ECE7484613F00BF8B9F802201C
S2140239E04946C2F30D02A9F80220420092B21846D6
S2140239F0F7F76AFFE7E718460193FFF78DFD019B8D
S214023A009B46854203D9B0F90230002B01DA034601
S214023A10DBE7FFF781FDF4E7CB46DAE7CA5B002077
S214023A20F7620020A0560020C85B002094560020B3
S214023A30CC5B0020A45600200080FFFFBDF81630A5
S214023A403870A8F80030044B30461C6016F031FF80
S214023A5017B0BDE8F08F00BFA05600202DE9F04158
S214023A60054616F0C1FC0F460446D8B117F04DF9CC
S214023A7020B940F2FB41204817F015F8284616F008
S214023A80EDFC05462046FFF747FDBD42064609D037
S214023A9004D840F20351184817F005F82588ED0BB4
S214023AA002D02781BDE8F0816780204612F0A1FF90
S214023AB0074604EB400816F001FF104B1A68B242A4
S214023AC00AD1C3F8008016F0F4FE2A464046BDE846
S214023AD0F041FF21F7F7A6BEA6EB0806B5B216F030
S214023AE0E8FE072DF1D90023083D44F81730C8F840
S214023AF00430A8F80250D5E7F14C0400A056002086
S214023B0038B516F0DBFE00210546044812F0C2FF67
S214023B100446284616F0CDFE204638BDCC5B002073
S214023B20024B1888B0FA80F040097047CC5B002040
S214023B302DE9F74F044600881F4616F055FC8846C6
S214023B401546064617F0E1F820B940F2FE613F48F6
S214023B5016F0A9FF3388DB0B009306D033892B447B
S214023B603381002003B0BDE8F08F208816F076FC83
S214023B7082463046FFF7D0FC019016F09FFEDFF833
S214023B80D0B0019BDBF8002081469A421DD1FFF798
S214023B9025FDA84204D2484616F08BFE1A20E1E71D
S214023BA00AEB050373803FB1208816F03BFC2A46D9
S214023BB041465044F7F7C6FF3046FFF7ADFCCBF858
S214023BC00000484616F075FECBE716F072FE208817
S214023BD016F044FC2844009980B216F097FC06467C
S214023BE00028DBD016F01EFC8146208816F01AFC50
S214023BF08246208816F032FC514602464846F7F7BF
S214023C00A1FF3046AFB116F00DFC0746208816F02D
S214023C1025FC2A4641463844F7F794FF01212088BE
S214023C2016F038FC01210246304616F047FC268084
S214023C3097E716F0F7FB8046208816F00FFC2A4618
S214023C4039464044F7F7EEFDE8E700BFF14C0400C2
S214023C50A05600203421014816F025BF054D040069
S214023C60036910B55BB18268064B9A4201D1002007
S214023C7010BD446916F010FF201AF9D5F7E74FF089
S214023C80FF30F5E7553C020082681C4B70B59A423D
S214023C900446056819D116F011FE236923B1A34222
S214023CA006D100222A601A61BDE8704016F001BEF5
S214023CB01A4611461269A242FBD12A68A24208BFDE
S214023CC029600B6100232361EEE7036993B19842F2
S214023CD06E6803D19D210A4816F0E5FE2B46B442D3
S214023CE009D122699D4218BF1A614FF0000308BF2E
S214023CF06A60236170BD33463669F0E7553C0200C0
S214023D00054D04002DE9F047074600254FF0010A4D
S214023D10154EDFF858808AB0347914B90AB0BDE877
S214023D20F087D6F8009087B900972A46B8F80010B0
S214023D30234603A817F08EF82246484603A9E9F759
S214023D40E5F92544EDB20836E6E7224603A94846D9
S214023D50E9F7B0F9CDF800A023462A46B8F80010D5
S214023D6003A817F077F8ECE7B4980400CE5B0020BF
S214023D700148FFF799BC00BFCE5B00209C46174B5C
S214023D80F7B5054608461988164611B1144B1C7835
S214023D90CCB1014662463046BDB103B0BDE8F04044
S214023DA0E9F788B91C44E4B208373B79002BF0D017
S214023DB03A689642F6D185F001052246009517F03C
S214023DC049F803B0F0BD074FEFE7E9F79FF9B0B245
S214023DD003B0BDE8F04010F0E3BF00BFCE5B0020AA
S214023DE0856C0020B498040010B5074C238843B1B4
S214023DF00020FFF787FF0020FF22044B20801A7066
S214023E0010BD0220FCE700BFCE5B0020856C0020C0
S214023E10142810B518D8082805D111F02AF8C401BC
S214023E20E4B2204610BD0E2802D111F025F8F6E7BE
S214023E30064B53F82040002CF3D00A282478F0D101
S214023E4005F0A0FE0443EBE7FF24EAE7049904002A
S214023E50014BB3F868007047E455002000487047ED
S214023E604E560020014B1878704700BF7162002042
S214023E70014B1870704700BF71620020194B022870
S214023E8010B5187002D0043801281BD8164B1B78C0
S214023E90042B03D00021154816F0B0FB144B1B6808
S214023EA09A001BD513F0805F40F6114418BF4FF4FA
S214023EB04164204611F077FB90B92046BDE81040D9
S214023EC010F06CBF0948FFF7DFFE0A48FFF7DCFE7A
S214023ED0162413F00BF811F060FBEAE71524E8E766
S214023EE010BD00BF75620020766200202C6A00209A
S214023EF064480020D0470020024B187800F00F00DC
S214023F00704700BF75620020034B187800F00F0060
S214023F10831E5842584170477562002008B512F059
S214023F20D0FFC0B112F0E6FFA8B10AF0A7FF90B921
S214023F300A4812F078FD70B1094812F074FD50B1CB
S214023F4010F09FFF38B111F030FB20B9BDE80840F1
S214023F50044812F019BE002008BD00BFD05B002046
S214023F60025C0020AC56002030B505460C4693B0E5
S214023F7081B910B9002013B030BD1023214A69461A
S214023F800120FFF7FBFE9DF805305A1E052A28D9A8
S214023F901720F0E7182200212046F7F743FC002DF1
S214023FA0EBD1FFF7B1FF30B310F036FE6A4601469A
S214023FB00020FEF7A5FEBDF80430204623819DF8BA
S214023FC00230A3729DF80030E37213F019F9002351
S214023FD004F11401237304F1100003F0CBFDE08119
S214023FE0C8E7094A9DF8041012789142D0D12B7086
S214023FF0002CD6D1BEE7054B1B78033B022BD3D948
S214024000C6E700BF64EE01005C6C0020756200200B
S21402401030B593B005460C46FFF776FF20B90C4B39
S2140240201B78033B022B10D810F0F6FD6A460146B9
S2140240302846FEF765FE00209DF802306070237069
S2140240409DF80030A37013B030BD1720FBE700BF09
S21402405075620020054B1878012805D000F0FD0097
S214024060A0F1310358425841704700BF75620020E4
S2140240701FB50146002201A816F090FB064801A9CA
S21402408016F0B6FE20B116F0CDF94089C0F3400016
S21402409005B05DF804FB00BF026C002030B585B0A9
S2140240A00D460022014601A816F078FB084801A931
S2140240B016F09EFE50B116F0B5F9044601460822E7
S2140240C02846F7F701FC6089C0F3400005B030BD12
S2140240D0026C0020F8B50546F8B100210F4816F02C
S2140240E024FE0446A8B10D4F204616F09BF906465C
S2140240F016F040FB830705D4082229463046F7F718
S214024100DDFE38B12146384616F033FE0446002856
S214024110EAD10024201E18BF0120F8BD026C002040
S21402412010B50C460146064816F062FE30B116F08F
S21402413079F943891C4214BF0120002010BD00BF3C
S214024140026C00201FB51446024601A816F026FB94
S214024150074801A916F04CFE40B134B116F062F9D8
S214024160142201462046F7F7AFFB012004B010BD2B
S214024170026C00201FB50146002201A816F00EFBB5
S214024180094801A916F034FE58B116F04BF94389D6
S214024190024613F0020004D0507B80F00800C0F301
S2140241A0C00005B05DF804FB026C0020F7B59DF870
S2140241B024400D4601949DF82040064600941F4672
S2140241C014F0BBF84FF6FF718842044610D0BB07C6
S2140241D011D4284600F056FF204616F030FEFF287F
S2140241E01FBF084A32F8103023F4804322F81030FA
S2140241F0204603B0F0BD02462946304612F05AFD6C
S214024200EAE700BFA05B002073B50E4601461448DD
S21402421016F0EEFD0546D8B116F004F943890446B9
S214024220334012D09B0736B20BD5002E09DAA17B9B
S214024230437B0289007B0191012100912146FFF711
S214024240B5FF638923EA06036381628912B10120FE
S21402425002B070BD2946024812F03BFCF7E700BFE9
S214024260026C00200148FFF71FBA00BF026C002054
S21402427013B53E4C0DF0E3FFD4F8FC311020C3F327
S21402428007430193FFF7C4FD000650D50020FFF751
S214024290BFFD01064BD5019B802B3ED1236A9A07B0
S2140242A004D440F61544204602B010BDE3699B07CD
S2140242B0F7D52F4811F0A5FC012012F075FA0DF083
S2140242C0D1FF04460028EED100F042F9294812F048
S2140242D035FC00F099F9E8F757F80DF0AFFF08F053
S2140242E003FF08F055FFF4F761FAF4F7FFFAF4F764
S2140242F019FB03F0DBFD10F0BEFD10F0BFFD11F060
S21402430057F91D4814F022F806F08CFA11F013F94A
S2140243100028C8D011F011F9C5E7019B812BC0D146
S214024320D4F80C315B00BCD5D4F80C31BFE71020B2
S214024330FFF76EFD0006BCD40020FFF769FD0106FC
S214024340B7D5019B802B05D1084B1A6AD207A8D590
S214024350DB69ACE7019B812BA3D1044BD3F80C217C
S214024360002A9EDAD3F80C31A1E700BF0080E00FE6
S214024370690345ECAC5600207140020010B512F0FD
S214024380B2FD70B301F0E0FA80F00104E4B200205E
S214024390FEF724FC44EA800424B212F092FD10BB1D
S2140243A002200443164816F0EEFC44EA4014154870
S2140243B016F0E9FC24B244EA0014134816F0E3FCB3
S2140243C024B244EA8014114816F0DDFC24B244EA12
S2140243D040240F4816F0D7FC24B244EAC02080B22C
S2140243E010BD0124D3E70B4812F01DFB0028D7D0DE
S2140243F0094812F018FB80F00100C0B24000D0E776
S2140244006C6A0020506B002068480020D06A0020AA
S214024410306B0020D05B0020025C002008B501F063
S2140244207FF8FEF709F8144812F0FDFA08B904F00E
S21402443025FF124812F0F7FA08B906F0DDF902F085
S21402444095FF0F4812F0ACFB0E4B1B78043B022B79
S21402445009D80D4816F097FC28B1FFF78FFF1028F1
S21402446001D107F0E1FC10F00EFD12F032FCBDE8BF
S21402447008400648FFF75AB9D05B0020025C0020CD
S214024480AC56002076620020506B00207C99040017
S214024490014B1868704700BFE05500204FF6F773CF
S2140244A070B5984204460D4686B043D812F01FFCFB
S2140244B0A04207D1082220492846F7F705FA00202D
S2140244C006B070BD1D4EB6F86830A3420AD100226F
S2140244D0082106F16A0012F098FB18B9082206F1C4
S2140244E06A01E9E784B100230122194620460093B7
S2140244F008F05CFDFF2811D12946204608F000FF8F
S21402450080F00100C0B2DBE70D4B1B689B07EAD4C4
S214024510284606F0FBFD0028E5D0D0E702A913F0F6
S214024520B7FD0028E8D1DDF80D302B60DDF811303C
S2140245306B60C4E70120C3E7F8620020E455002060
S21402454064480020014B1870704700BF5C6C002066
S21402455010B5054C082221460448E8F7ABFD204674
S21402456012F0FFFB10BD00BFF862002034B608C090
S21402457000487047F8620020082208B50349F7F79A
S2140245809DFCB0FA80F0400908BD00BFF86200202A
S214024590014B1870704700BF69620020F7B50D46E0
S2140245A0044616461F460021284601F061FD0B4BC5
S2140245B0002183F859402A463346204600970AF0DF
S2140245C03FF9014630B10222204603B0BDE8F04072
S2140245D000F006B8012003B0F0BD00BFE45500208D
S2140245E013B513460C461AB1022A0CBF1346012312
S2140245F00021044A019100922246FEF71DFC02B0F9
S21402460010BD00BFC96F030000B5002093B0FEF7CF
S2140246108FFB1E4B188813F09AFE1D4B1D491A7805
S21402462000200AF091F9342200216846F7F7FAF8DA
S2140246300B238DF800306FF4803301934FF6FE7330
S214024640ADF8103003238DF81D30134B134A089330
S214024650134B10680993134B51680D93124B6A461D
S2140246600E93124B0F93124B1093124B119302ABF5
S21402467003C300210846FEF7F9FD6A460121002021
S214024680FEF7F4FD13B05DF804FB00BFEE6B0020EE
S2140246906B6C0020185D0400B14A0200F86200202C
S2140246A0656D030099770200594C0200C586020028
S2140246B0C96F0300C9730200014B1878704700BF28
S2140246C000630020014B1888704700BF066C00206C
S2140246D02DE9F74F814610460E46904616F0C1FA6F
S2140246E0DFF840B105469BF8003033B94A4B1B68E9
S2140246F01BB94A4B1B68002B7FD015F4406A05F0A5
S21402470040071BD19FBBB5F5804F61D24FF4807432
S214024710B9F1400F73D0B9F1800F63D0B9F1100F21
S2140247206BD100239BF800003D4AD9B2884264D977
S21402473032F8021B0133A142F7D166E008F103000A
S21402474016F08FFA4FF6FF73984214BF0124022424
S21402475087B1052705F44043B3F5004F44F008043B
S21402476025D0B5F5804F24D244F4807421E0544617
S2140247700327EFE7B5F5804F4FF00507F4D3BAF5F8
S214024780406F14BF022008203844404416F069FAED
S214024790019012F0C9FA019B05F4404598420CBFFD
S2140247A044F0080444F00404B5F5004F01D144F087
S2140247B08004BAF5006F0FD108EB070016F051FA25
S2140247C0054612F094FAA842A2D144F010049FE7DC
S2140247D0544603270220D7E7BAF5406F08BF44F0D5
S2140247E0200495E70C4B1B683BB10022D1B233F88C
S2140247F0110033F91110002903DA002008E0074BF4
S214024800F1E7A04202F10102F0D106B134800120A4
S21402481003B0BDE8F08F00BFBC560020C056002093
S214024820205C002039630020034B1A78022A04BF5A
S21402483009221A70704700BF016300200C22034B46
S2140248401A211A700320002201F090BD0163002095
S2140248500C2208B5054B1A211A700022104601F0E8
S21402486085FD0022024B1A6008BD00BF01630020CE
S214024870C85600200C2270B50D4B05461E781A70DD
S21402488030B93046BDE8704000221A2101F06EBDF4
S214024890084B1C78E1B21A29F3D825FA04F3DB0791
S2140248A003D54422304601F061FD0134F2E700BF31
S2140248B001630020876C00200C22024B1A7010F055
S2140248C06DBE00BF01630020F0B50C8805460E469B
S2140248D08BB0E4B94FF6FF77ADF8247010F073FE94
S2140248E010B902200BB0F0BDCDE90340CDE9054476
S2140248F0134A0294B2F85C306032019300923B464F
S2140249004CF60101FF2009AA13F03CFD3080284630
S21402491012F033FB0B4C70B1237863B1013BDBB270
S2140249202846237012F029FB38B12078B0FA80F0BE
S2140249304009C0B2D6E70523F2E70120F9E700BF37
S214024940E4550020866C0020034B11461B6803B119
S214024950184710F0E3B900BFC85600200C22024BDD
S2140249601A7008F039BF00BF016300200148FEF745
S2140249709BBE00BFD25B00207FB505460C4616469E
S21402498015F07AFF00286BD1062D03D85223EB4090
S214024990DB071AD4B4F1006F05D3E30E1C3B032BDE
S2140249A018D94F202EE000222F4B1A602F4B1D7075
S2140249B012F051F903460A2D54D8DFE805F02D18F7
S2140249C03E49182518535341360002F0A3F8B4F1B5
S2140249D0006FE2D20022244B042D1A60234B1D7076
S2140249E0E6D1022001F0B6F912F035F903460122AB
S2140249F002921F4A01921F4A00921F4A31462046DF
S214024A000AF078FA04B070BD314620461B4A04B05C
S214024A10BDE870400AF056BA31462046184B194A8D
S214024A2004B0BDE870400AF031BA00220292164A7B
S214024A300192104A0092154AE0E702220B4B1A70C6
S214024A4000221046124904B0BDE87040FEF7BAB91B
S214024A50002202920F4A0192064A00920E4ACDE7BF
S214024A604D20CFE70120CDE7C85600200163002085
S214024A7075480200B14A0200B56F03005D490200A4
S214024A805148020049490200B9480200C9480200DA
S214024A90294802003D480200776F030008B50AF075
S214024AA059FA0C22014B00201A7008BD016300203F
S214024AB0F0B585B0ADF8060018B97621644815F051
S214024AC0F2FFBDF8060011F091FE0446BDF806009E
S214024AD011F08CFE082846D00C2CBDF8060042D1F8
S214024AE011F074FF074616F0BCF80DF10F010646EA
S214024AF0BDF8060010F0B0F9002879D0092200218E
S214024B00384615F0CFFB9DF80F301033C518BDF8A8
S214024B10060015F0A3FCEDB2854269D22946BDF81F
S214024B2006000AF025FB06F44C4416F440660546D9
S214024B3014D0F81C16F095F84FF6FF73984208BF8B
S214024B4044F04004B6F5006F08D1781D16F089F8D7
S214024B504FF6FF73984208BF44F010049DF80F30DA
S214024B605BB3072D44D1BDF8060011F035FE0446AE
S214024B70BDF8060011F03AFE082817D0A30615D590
S214024B8024F0200189B2BDF8060011F010FEBDF82F
S214024B90060011F01BFF0021092215F083FB00F12D
S214024BA0100189B20DF1060013F015FD0022BDF8C2
S214024BB00610284816F0BFF81AE0082D16D8BDB120
S214024BC0013D072D14D801A353F825F0294C020005
S214024BD0354C0200F14B0200F54B0200F14B02008D
S214024BE0414C0200674B0200474C02007C2D24D049
S214024BF005B0F0BD24F48844A4B2B4F5084FF7D14A
S214024C00BDF8060011F0EDFDBDF8061013F0A4FB8A
S214024C100028A8D0BDF8060011F03BFE002201468F
S214024C20022015F0E7FFE3E724F48064A4B2B4F5AB
S214024C30484F97E7B4F54C4F94E7B4F54C4F92D0F3
S214024C404CF6500301E04CF640439C428AE700BF14
S214024C50134D0400D05B00202DE9F7430F46904623
S214024C609946064615F0DEFB0446304615F0F6FB7E
S214024C70C5B2083D2C44E178094BA2781970094B5D
S214024C8031461A70002043463A46CDF800900DF0A1
S214024C9061FF003818BF012003B0BDE8F08300BFF3
S214024CA01B6300201A6300202DE9F04FDFF84081D5
S214024CB0DFF8409198F8002099F8003006469A42AC
S214024CC085B004D340F21911424815F0ECFE304686
S214024CD00DF10F0115F07AFD20B14FF48E713D48AB
S214024CE015F0E1FE98F800709DF80F403D1B15F098
S214024CF0FF0530D04FF0FF3C374B01211B78A14017
S214024D00184699F800304FF6FF790CFA03FC002398
S214024D10324A01F1FF3E0193C1F1000A9DF80430C8
S214024D20984243D8122004FB00002D4BA0F112013A
S214024D3005EBC5025200194404F101091844F6F7BE
S214024D40C3FD4FEA89092748A9F104010144AA00D4
S214024D504844F6F7B9FD224904EBC40201EB4203CC
S214024D6021F81260204A013712784FF6FF71DA7383
S214024D701A745A7412025A801C4A0D2012781A713A
S214024D8010225A7100229A73C3F80620C3F80A202A
S214024D90144B43F8242088F8007015F02BFF0EB948
S214024DA013F039F9204605B0BDE8F08F13884B455D
S214024DB00AD053680AEA030B03EA0E030B4403EB1A
S214024DC04B0343EA0C035360019B08320133019301
S214024DD0A4E700BF264D0400686C0020344600207D
S214024DE06C5B0020304600201B630020026300201C
S214024DF06F620020666C002010B5074C2046FEF756
S214024E0043FF04F06BFB02F0DDFE2046BDE81040D7
S214024E104FF47A5115F0F2BB2C6A00202DE9F041CE
S214024E20074600250A4B0B4E93F80080ECB2A045CD
S214024E3003D8FF242046BDE8F08108223846B11D7B
S214024E40F7F73CF801350028F4D01236EEE700BF3B
S214024E506F6200206C5B002007B50DF1070115F0AC
S214024E60B5FC30B19DF80730034803EBC30300EBF3
S214024E70430003B05DF804FB6C5B00202DE9F843A9
S214024E80294E044633785D1E2D1A8342EDB204D8AD
S214024E904FF4A171254815F006FE0123A3404FF0FA
S214024EA0FF305F1E3B4400214FF6FF7E6FEA030889
S214024EB01F4A92F800C01F4A127890401E4ACBB290
S214024EC09C4523D8BDB127B204EBC4041B4864003A
S214024ED005EBC50204F11201014452002044F6F724
S214024EE0F3FCBF001648AA00391D014402F0FC027A
S214024EF03844F6F7E9FC33780022013B33704FF66C
S214024F00FF71BDE8F8430E2015F074BE1388734592
S214024F1007D0536808EA03093B4003EB59030343EF
S214024F20536008320131CAE76F620020264D040042
S214024F30686C0020666C0020344600206C5B002003
S214024F403046002010B50A4C207858B9094B1B7819
S214024F501A2B03D99921084815F0A5FD0322074B01
S214024F601A7010BD0138C0B2FFF788FFECE700BF29
S214024F706F620020666C0020264D04006B620020E3
S214024F802DE9F047054615F049FFFF28044624D1CF
S214024F90DFF884901E4B99F800201B789A422BD299
S214024FA02846BDE8F047FFF77FBE38883B79504574
S214024FB018D86F2B4FEA131214D85B0710D012378B
S214024FC008F1010899F800105FFA88F6B142ECD8A9
S214024FD00023104ADEB28E4214D32046BDE8F08784
S214024FE0022AECD913F088F90028E8D1294630467F
S214024FF0BDE8F04712F002B84FF000084FF6F77A15
S214025000044FDFE7107901338F28EFD81232E1E739
S214025010666C00206C5B00206F6200204FF6F77310
S214025020984210B514D8FFF7ABFFFF2810D0134CE8
S21402503000B200EBC00004EB40040DF09DFF1049E7
S21402504038B962880B7802EB0313A3EB1213638062
S21402505010BD227C637C09789A42E27323746174E1
S21402506007D98B4203D213468B4228BF0B461B023C
S214025070EDE78A42F8D31346F9E700BF6C5B0020DF
S2140250801B6300202DE9F04106460F4600240E4D14
S214025090DFF8388098F80030A34201D8BDE8F081E6
S2140250A0082229463046F6F709FF40B935F8063C8D
S2140250B0BB4204D02046FFF7E1FE013CE4B20134D5
S2140250C0E4B21235E6E700BF725B00206F62002092
S2140250D0F8B5054608460E46FFF7A0FEFF2830D074
S2140250E01D4B294653F820703046FFF7CBFF284663
S2140250F0FFF746FFFF28044625D113F018F9FF28CC
S2140251000AD1164C207838B10FF089FD2378B0FB0F
S214025110F3F202FB1300C0B2294611F06FFF0446F9
S21402512023B20F4D03EBC30305EB430508223146BA
S214025130A81DF6F7C9FB2B79204603F00F032B7147
S214025140F8BD0027D3E7074B1B78002B18BF0027B4
S214025150014B43F82070E3E730460020666C0020DF
S2140251606C5B0020886C002038B50B4B04461B781D
S2140251700D46834204D840F25A21084815F093FCA3
S214025180074804EBC40400EB44002946BDE8384057
S21402519008220630F6F798BB666C0020264D0400FF
S2140251A06C5B002070B5044608460E4615F036FEC7
S2140251B0FF28054610D02046FFF730FEFF2807D00E
S2140251C0084B1B7823B9084B53F8202043F82520B8
S2140251D021462846FFF7C8FF31462046BDE8704004
S2140251E0FFF750BF886C0020304600202DE9F843B8
S2140251F00024804601272646114DDFF84C9099F888
S2140252000030A34210D83E430134E4B21A2C4FEACF
S214025210470705F11205F2D14FF0FF30094B1B7814
S21402522098403043BDE8F8832B884345EBD02846A8
S21402523011F02DFF0328E6D82B796F2BE3D8E3E78E
S2140252406C5B0020666C00206F62002010B5084C74
S21402525000EBC00004EB400423795B0707D120462D
S21402526011F015FF237923F007031843207110BDB0
S2140252706C5B00200022084B1878084BD1B288429B
S21402528003F1120300D8704713F80D1C013221F007
S214025290100103F80D1CF1E76F6200206C5B002022
S2140252A02DE9F04702261227DFF85C90DFF85C80D3
S2140252B099F8004000250CE007FB05F338F803A038
S2140252C00021504611F0F8FE10B15CB1013CE4B288
S2140252D0013599F80030EAB29342EDD8A34204D1E0
S2140252E04FF6FF7A5046BDE8F0870FF098FC99F823
S2140252F00030012EA3EB040390FBF3F202FB130033
S214025300C4B2EDD00126D5E76F6200206C5B0020A8
S214025310034B00211A7803489200F6F783BA00BFBF
S214025320666C00203046002010B5134B0C461B78E6
S21402533086B0834212D9114900EBC00001EB40014E
S214025340082220460631F6F7BFFA00220821204638
S21402535011F05BFC80F00100C0B206E0C01A01A9A1
S214025360C0B212F0EDFF10B1002006B010BD01ABC6
S21402537003CB20606160E8E7666C00206C5B00206F
S21402538008B5074B024653F820308B4206D9152043
S2140253904FF6FF7115F02EFC002008BD0120FCE739
S2140253A030460020024B013143F82010704700BF00
S2140253B0304600202DE9F34781460C4600272A4E48
S2140253C0DFF8ACA09AF80030FDB2AB4210D86946BE
S2140253D0204612F0CEFFC0B3082269464846F6F7CA
S2140253E06DFD90B34946204612F00CF9FE2537E0D3
S2140253F006F10608082241464846F6F75FFD90B9D0
S2140254004FF6FF739C422BD03388A34228D0204607
S21402541015F015FDFF2814D14946204602B0BDE816
S214025420F047FFF755BE14B912360137CAE733887C
S214025430A342F9D100220821404611F0E6FB0028DB
S214025440F2D12846FFF71AFDCCE74946002015F0B0
S214025450F4FCFF28054603D0044B1B780344DDB258
S214025460284602B0BDE8F0876C5B0020666C002020
S2140254706F6200200F4B1B7883420CD8C01A0E4A6C
S214025480C0B232F81030D90411D443F4805322F853
S214025490103001207047094B00EBC00003EB4003BD
S2140254A05A79D10603D442F010025A71F1E700206D
S2140254B0704700BF666C0020A05B00206C5B00207B
S2140254C0F0B5134B06461B78FBB100251148DFF8F2
S2140254D04CC090F800E0104807781F44E8B28645B2
S2140254E001D80020F0BD7C1B94FBF3F003FB1044B4
S2140254F00CEBC4003CF83440B44204D1002AF1D18B
S21402550084788C42EED00135E8E71846EAE700BF19
S214025510686C0020504800206D620020344600204F
S21402552070B50CF07DFE14250F49104E0B783288AC
S21402553030809B1A03449BB2B3FBF5F405FB14338D
S2140255400B700B49E2B20B78934292BF00239B1A70
S214025550DBB2032A0B7088BF002306499EBFD20027
S2140255600B68D3400B6070BD04630020D45B002040
S2140255706C62002050480020084B1868084BC2B2E4
S2140255801B789A4208D2074BC0F307201B78984232
S21402559034BF002001207047012070475048002089
S2140255A0686C002003630020F8B505461746FFF72F
S2140255B0E3FF064610B9184B1A783AB921200122A1
S2140255C04FF6FF7115F016FB0020F8BD1348DFF802
S2140255D054C003780133B3FBF2F402FB14330370B6
S2140255E00F48DCF8002000EBC30420F8335002F129
S2140255F00132A1703846CCF80020FFF7F7FDE670BE
S214025600606011F074FBA84201D10120DDE7E37867
S2140256100133E370F9E700BF686C00206D6200207A
S214025620344600205048002010B50B4C0B4A237815
S214025630063B13700CF0F4FD0022094BFF21188084
S214025640084B09481A602278D200F6F7EBF80422D3
S214025650064B1A7010BD00BF686C00200363002062
S214025660D45B002050480020344600206C620020A4
S2140256702DE9F843074615F00FFA05461A4815F0C5
S21402568082FB1A4B48B31C683C1B2C44A4B2002273
S214025690174BDFF864901B78164D99F8006005EBFF
S2140256A003155FFA82F8464509D9AB8805F1100062
S2140256B0A34215D9B21A29461201F6F705F90136A0
S2140256C089F80060AC80B8F1000F03D1394606486D
S2140256D014F094FF2846BDE8F8833C461D60D6E7E2
S2140256E005460132DDE700BF4C6A0020CC5600209A
S2140256F00663002030450020076300202DE9F74F9F
S21402570015F0CAF94FF0000E284D294F2978294C7A
S21402571097F800A004EB011303EB0A120092F3467B
S2140257205246DFF898801FFA80FC0646B8F800005A
S214025730ACEB0009A0EB0C001FFA89F90190009867
S214025740984217D1BEF1000F00D02970524503D2FD
S21402575000203A70FDF7DEFA3B7823B32B78164822
S21402576004EB0314A188C8F8006003B0BDE8F04F4C
S21402577014F044BFB3F804C0CC450FD84FF0010E66
S21402578093F802C001310CF1FF3C013AA3F804B0D1
S21402579083F802C0C9B2D2B21033D0E7019884446B
S2140257A0A3F804C0F8E703B0BDE8F08F0663002054
S2140257B007630020304500204C6A0020CC560020AB
S2140257C07FB56C461E4B1F4D1E78013EF6B21E700C
S2140257D095E80F0084E80F001B4B28461A7805F15F
S2140257E0100132441201F6F76FF89DF8026016F0C7
S2140257F00F0511D1BDF8080009F02CFE360918BFB6
S21402580029464FF00002BDF8000008BF039904B015
S214025810BDE8704002F022BDBDF80400FFF728FF85
S2140258200346828804ADADF80420224603CAAA4283
S21402583018605960144603F10803F6D104B070BD2F
S214025840066300203045002007630020F8B50024D8
S214025850084D094F094E3B783178E2B20B449A4222
S21402586004F1010400DBF8BD2846FDF71DFF1035E4
S214025870F1E700BF304500200763002006630020E2
S21402588070B5134B06460D46104612491A78124B4F
S21402589009781B780B44934206DB1F204FF6FF71F4
S2140258A015F0A8F9002070BDFFF7E2FE013506806C
S2140258B08570044615F0EBF8E08009F0D1FD40F65D
S2140258C002432081E3600020FDF724FA0120EAE784
S2140258D0656C002007630020066300202DE9F8436C
S2140258E086460023144FDFF85C803E7898F8005016
S2140258F012497219DCB294421CDA4FEA041C31F8DF
S2140259000C900133F14501EB0410F3D1631CD21A5B
S2140259100CF1100C12016144F5F7D6FFA5428BBFBD
S21402592005F1FF3506F1FF3688F800503E700CB9D7
S214025930034B1C70BDE8F883076300203045002047
S2140259400563002006630020044B054A1B78127884
S214025950D3420CBF01200020704700BF0663002020
S21402596007630020024B1878003818BF01207047E2
S21402597006630020002108B5084B09481970094B38
S2140259801970094B1970094B1A781201F5F74AFF7C
S214025990BDE808400648FEF777B900BF0763002057
S2140259A0304500200663002005630020656C002059
S2140259B04C6A002010B50B4C23784BB10A4802F013
S2140259C03BFD58B1084B0121188811F082FA08B93C
S2140259D0002010BD0122054B1A70FAE7FFF7F0FE11
S2140259E0EAE700BF0663002030450020056300207A
S2140259F010B50E4B1B78BBB10D4C238883424FF07B
S214025A00000311D10B4AE160137049B9A378103331
S214025A10A37011F028FD18B9A37823F00F03A37022
S214025A20FFF7CEFE012010BD1846FCE706630020F5
S214025A30304500200563002070B592B00C4606463D
S214025A400FF0EAF8E17A05460020FCF733FE28B3A9
S214025A5094F90A0011F0E4F810BB134BE27A2946D7
S214025A6083F85820A27A83F85A206A46FDF748F946
S214025A704FF6FE739E420CBF4FF6FF7323896A46AB
S214025A8029460020ADF80660ADF80430FDF7EEFBBF
S214025A9040B92289054B5A8012B070BD5520FBE7EB
S214025AA05620F9E72120F7E7E4550020D0560020DB
S214025AB010B50446014608220948F5F705FF237B80
S214025AC0022B0AD8002B14BF3122012205490B7083
S214025AD017234B61044B1A7010BD00230122F5E711
S214025AE0D4560020D05600207562002001461023AE
S214025AF00120014AFEF742B964EE0100014B5861EB
S214025B00704700BFD0560020014B1878704700BF80
S214025B10D056002010B5054C2378112B03D0E22175
S214025B20034814F0C0FF4123237010BD75620020A5
S214025B30314D0400064B01461B78042B04D1054A5E
S214025B40137E053313767047034814F057BD00BF23
S214025B5076620020D05600206C6A002008B50648FF
S214025B60FDF7A2FD0548FDF79FFD0FF081F9BDE8A0
S214025B70084000F0EBBF00BFD05B0020025C0020B4
S214025B80064B1878332806D000F0EF00A0F1430346
S214025B905842584170470120704700BF7562002086
S214025BA0002208B5074B4FF6FE701A7011F0ABF8DC
S214025BB04FF6FF7011F0C4F8034B5869BDE8084071
S214025BC00FF0ECB875620020D056002008B5064BE0
S214025BD0187838B10548FEF743F84FF47A73B0FBED
S214025BE0F3F0C0B208BD00BF6A6200201048002071
S214025BF02DE9F0438BB00746154698460E469DF8AB
S214025C00489049B9104605AC15F019F9214612F02C
S214025C1097FB172818BF2646B9F1000F0AD1124B78
S214025C201B781BB9284612F0A8FBD0B92846FEF707
S214025C30A1FA02E0284612F0A0FB80F00104E4B2CA
S214025C409DF850302A4602939DF84C303146CDE9F5
S214025C50009338464346039411F07FFA0BB0BDE832
S214025C60F0834C46ECE700BF716200200022014B35
S214025C701A767047D056002008B50020FEF788FC3A
S214025C800023024AC2E90133538008BDD0560020E1
S214025C9010B5144B1B78033B012B16D8124BB3F8E6
S214025CA068204FF6FF739A420FD10320FEF7E6F8FC
S214025CB001F052FFFFF7E0FF002014F0A9FA78B1D6
S214025CC0BDE81040002010F08FBEFEF7C7F804466D
S214025CD0FEF7BEF80146204607F01AF80220E5E76E
S214025CE010BD00BF76620020E455002008B5114AB8
S214025CF0114B58611378032B1BD0D3B1332B01D031
S214025D00432B10D10D4B1B78033B012B05D80323E5
S214025D101370BDE808400FF041B80FF03FF8BDE839
S214025D200840FFF7B5BF21231370BDE8084001F015
S214025D307DBD08BD75620020D05600207662002028
S214025D4008B50348FDF7A0FFFFF796FF022008BD3F
S214025D501048002038B5114D04462B78834218BFF0
S214025D6028700FF028FC80B124B920460FF025FCDD
S214025D7002220DE001200FF020FC2B781A1F012AC8
S214025D8005D9062BF4D1032202E0002CF5D101221C
S214025D90BDE838400021084611F01FB9766200209F
S214025DA030B5044685B068460D46FFF79FFE94B1AF
S214025DB000212846144A01F0F3FE144B20681B7893
S214025DC061688DF80430124B1B788DF8053002ABF3
S214025DD003C305F071F90F4B93F8582093F85A3025
S214025DE08DF803208DF8023010F09EFFADF800000B
S214025DF010F07DFF1023ADF8060069460020064A23
S214025E00FDF7BCFF05B030BD00F8FF075C6C002054
S214025E1076620020E455002064EE010010B5104BB7
S214025E2004461A780F4B002083F8582014F0F0F935
S214025E3010B1002010F0D8FD00210846FFF7B0FF91
S214025E400FF0ABFB2046FDF749FA40F617400EF07E
S214025E50A5FF0023044A1380044A138010BD00BF26
S214025E6008630020E4550020AA5B0020A85B0020FF
S214025E701FB504466846FFF739FE54B100238DF875
S214025E800530102369460020064AFDF777FF04B066
S214025E9010BD10F02CFFADF8060010F045FFADF86F
S214025EA00000EEE764EE010010B50146044600204D
S214025EB0FCF700FC90B10C4B1B78023B032B0FD86F
S214025EC00A4B1C7014F0D8FC60B9094A0949FCF761
S214025ED079FF003818BF0120800010BD5520FCE76E
S214025EE00220FAE74D20F8E77562002008630020DA
S214025EF06D8702001D5E0200F8B5064614F0BCFC73
S214025F00044668B914F084F950B1064D204695F857
S214025F10587085F8586010F067FD10B185F8587013
S214025F204D20F8BDE45500202DE9F0418046184684
S214025F30033B012B0E46174602D918B1212438E03E
S214025F40FFF708FF274B1D78022D08D0032D46D1F8
S214025F50B8F1000F03D1244B1B689B073FD43320B4
S214025F60FDF78CFF01F096FAB6F1006F34BF1F4BB7
S214025F70052231464FF0060038BF1A78FEF7FCFCC1
S214025F80044628BB1A4D2873012000F017FE10F0B5
S214025F90CBFE68802846B8F1000F0DD0022300F829
S214025FA0043B11F02DF96C732F61394630460EF022
S214025FB039FE2046BDE8F081012300F8043B11F0CB
S214025FC01FF96C732F61394630460EF02AFEF0E751
S214025FD02846FDF753FFB8F1000FF4D0E5E7022498
S214025FE0E7E700BF7562002064480020896C002045
S214025FF0D0560020034B187818B9034B034A1B7877
S214026000D05C70477462002076620020609A0400BA
S21402601038B5437B0446DB0703D590F909000FF039
S214026020BBFA00250F4B83F859502079FFF764FF1F
S214026030FFF7E0FF61882488034622462846FEF7DB
S214026040ADFA044620B11720FFF750FE204638BDB1
S2140260501723054DC82105486B6114F0CFFA0323B8
S2140260602B76F3E7E4550020D05600206C6A002019
S214026070F0B51A4D06460C4693B0A5F8680005F131
S2140260806A0729BBC5F86A1079600EF0C5FD6A4634
S21402609001460020FCF734FED5F86A30ADF81060F1
S2140260A0CDF812307B68CDF816300EF0B5FD6A4694
S2140260B001460020FDF7DAF84FF6FF73B5F86800E0
S2140260C0984203D014B106490EF0AFFD13B0F0BDEE
S2140260D008223846F5F7F8FBD7E700BFE45500205C
S2140260E04E5600202DE9F041DFF8B8801F4698F89A
S2140260F0003005460C4616461BB102252846BDE86A
S214026100F081531E052BF8D814F0B6FB0028F4D104
S2140261103B7B032B14D14FF6FE739C4212D1012E09
S21402612009D0022EE9D110F0E2FD4FF6FB73984239
S21402613003D810F0DCFD044604E011F033FAFAE767
S214026140012EDAD0EDB939462046FFF775FC054632
S2140261500028D3D198F80030332B03D0532B1CBF22
S2140261600E4B18613046FFF7F5FD00214FF6FF7023
S214026170FFF77EFF0A4B1B78002BBFD012F0E3F826
S214026180BCE7397B721ECB1E5942594150425041E0
S21402619005F07CFF05460028D5D0AFE7D056002094
S2140261A08A6C0020756200202DE9F04105460F46F4
S2140261B0904610F09CFD6B7B0446DB0703D595F9F1
S2140261C009000FF0E9F910F092FD384B384E1880AE
S2140261D010F0AAFD374B1880FDF73AFE364B1880B2
S2140261E0FDF73CFE082201463448F5F76DFB10F039
S2140261F040FD334B18702879FFF77EFE0021688831
S214026200FFF736FFFDF726FF60B14FF6F672631E04
S2140262109BB2934206D911F0C5F9B6F86830044627
S2140262208342F8D0204610F06EFD288810F088FDD4
S2140262304146B6F86800B847044628B91920FFF761
S21402624055FD1920BDE8F081B6F8681010F008FB7D
S21402625000231C4D86F859302B7803F0FB03022BE3
S21402626002D0204610F069FF002220461146FFF7B2
S21402627007FB0446B0B117236B61134B1B78042B44
S21402628009D1C821114814F0B9F903232B7684F0FA
S2140262900100C0B2D6E74FF416710C4814F0AEF9FE
S2140262A00023F3E71720FFF721FDF0E7DA5B002073
S2140262B0E4550020D85B0020D65B0020096300204E
S2140262C011630020D0560020766200206C6A0020FF
S2140262D0F0B50C461E460B462049074689B004F127
S2140262E0140053F8045B834241F8045BF9D11B881F
S2140262F002AD0B80D4F80E00D4F81210238803C522
S214026300ADF8103023798DF812208DF81330002363
S2140263103A468DF814304FF6FE71012002ABFFF7B5
S214026320E1FEC8B902A8FFF7C3FB237B4BB10C4DB5
S2140263300C4B01AA2946012001930FF00BF92A788B
S2140263401AB92046FFF764FE03E020460199FFF7DC
S2140263502BFF08B9044B1E7009B0F0BDDC5B0020B1
S214026360D0560020177203001263002001232DE985
S214026370F341304E05460F4600202F4914467373EC
S21402638000F0EAFB0FF00AF9DFF8AC8038B9012D0D
S21402639001D9042D0FD1214638460EF0C3FC102039
S2140263A0002111F0E8FF00283CD0002002B0BDE832
S2140263B0F041FCF7AFBC002CF1D1204B1B78212B0F
S2140263C003D0062B01D0532B02D101F02FFAE6E7B9
S2140263D0FDF740FE0028E2D000F0EAFB28B9307B49
S2140263E0C0F11800FFF782FCD9E7154B414620465C
S2140263F0019300F0B1FB20B140F61901114814F0E8
S21402640052FB01AA0B4998F80C000FF0A3F8327859
S2140264101AB90948FFF7FCFDC1E701990648FFF7DC
S214026420C3FEBCE7FFF79EFA0028BED102B0BDE865
S214026430F08100BFD0560020DC5B00207562002091
S21402644017720300314D04001FB5144B04461B8817
S214026450DB0707D44FF6FF700021FFF709FE002086
S21402646004B010BD0A230E4A012001A9FDF786FCDE
S2140264704FF6FF73BDF80C209A42EBD00822FF219C
S21402648001A810F0C2FB0028E4D10CB90120E7E70E
S214026490BDF80C0001A9FFF7EBFDF7E7F45B00205F
S2140264A026E1010038B50C46154610F02CFC02F029
S2140264B053FF29462046FFF7DBFD00F079FB48B183
S2140264C0054BDB790E2B28BF0E230133DBB2034AC2
S2140264D0137038BD0123FAE7DC5B00201E63002040
S2140264E038B51D46FFF7FEFD0446C8B92B7B284685
S2140264F0032B03D1BDE8384010F0A1BEFFF7D8FA4F
S214026500084B25469C8110F0B4FB0121064B8140C6
S2140265101A780620FEF730FA044608B1034B1D70BF
S214026520204638BDD0560020896C002075620020B7
S21402653030B5012087B0FFF787FF6B460446144A42
S2140265401068516803C384B904F0C4FD02A8FFF7BB
S214026550CDFA4FF6FF752246BDF80E002946FFF724
S214026560A1FF0EF066FB07B030BD6B46094AD2F8B3
S2140265706A00D2F86E10B2F8685003C304F0AAFD9F
S21402658002A8FFF7B3FA6A46BDF80E00E6E700BFB8
S214026590C5D50300E455002037B5324B04461B78B8
S2140265A01BB10224204603B030BD14F065F9002862
S2140265B0F7D100F00DFB14B122882B4B1A80002174
S2140265C00DF10700FDF7D0FC002848D110F009FEB7
S2140265D004460028E6D1254D9DF80700FFF7BAFBD2
S2140265E02B78033B012B27D82046FFF72DFF18B345
S2140265F0FFF79EFF00F0FCFEFFF74AFB012010F0BB
S21402660002FB48B9184B1B889A0707D52346052272
S21402661001201749FFF788FC0446C3E7154D0223FD
S21402662029460120144AFDF7A9FB2B885B07B9D53A
S214026630204600F0F1FEB5E72B78053B012BB1D8DA
S214026640FFF776FFFFF724FB2B78052B0CBF042001
S2140266500520FDF713FC012010F0D5FADCE717241D
S214026660A0E700BF75620020F45B0020766200207F
S21402667000F8FF07A65B002027E101007FB5002493
S214026680184E194D3278E3B29A4201D804B070BD62
S2140266904FF6FF73B5F868209A421AD0134B1B8840
S2140266A0DB0714D5124AB5F8683010685168ADF8A1
S2140266B00C3001AB03C30F4A0A23002001A9FDF7E1
S2140266C05DFB022300200C4A0C49FDF757FB013400
S2140266D0D8E700220821064810F097FA0028F6D1DB
S2140266E0DCE700BF676C0020E4550020F45B002066
S2140266F04E56002026E1010027E10100A65B00209D
S21402670010B500F0C7FE01F013FCD8B10E48FDF735
S214026710BBFA0E480E4C017A0E30FFF741FB237887
S2140267201BB100F0F7F9002323700022094B1A73FD
S214026730FFF7AEFA07F0B8F900F012FFBDE8104016
S214026740FFF79CBF10BD00BF6C6A0020DC5B002018
S21402675012630020D056002010B52548FDF794FAA3
S21402676001F0E6FB30B1234B1B781BB9BDE81040A5
S214026770FFF7C6BF01F0DCFB78B11F4C237E83B166
S214026780C8211B4813F03AFF0021237E0846013B2E
S2140267902376BDE81040FCF72BBBFDF75BFC002818
S2140267A0EBD1FDF757FC154B1B7858B9112B03D0CC
S2140267B003F0FD03412B19D1BDE810400E4B58697A
S2140267C0FFF794BA332BF7D10D4B188810F09BFACB
S2140267D00C4B188810F0B4FA0B4B0C491888FFF7CC
S2140267E047FC0B4B1878FFF787FBE5E710BD00BFA9
S2140267F06C6A002071620020D0560020756200206C
S214026800DA5B0020D85B0020D65B002009630020FC
S214026810116300202DE9F04F0F4685B002AD044605
S21402682029463846914612F038F84FF0000B824659
S2140268303846CDF804B010F0C9F84678022C8046E7
S21402684006F0020609D85CB1FDF704FC04460028EF
S21402685048D1754B01241B7865E0043C022C3AD9DA
S214026860FDF7F8FB384610F02AF800240546A04645
S214026870DFF8D8A1384610F0A9F850F809300DF123
S2140268800500019314F0EDF99DF807B00746B8F13C
S214026890000F4DD1BBF1000F5BD0DFF88C9199F859
S2140268A000300BB1002E63D0002C61D05F4B1B78FA
S2140268B0022B5DD1BBF1000F53D1384610F023FAFC
S2140268C058465946FFF76CFA07F0EEF840F60740CE
S2140268D00EF064FA34E010F078FCFDF7BBFB0446D9
S2140268E0F8B15C464EB1524B1B78012B02D0043BEA
S2140268F0012B0BD805B0BDE8F08F4B4B1B782BB1A4
S2140269004B4B1B7803F0FB03022BF3D0BAF1000FBC
S214026910404608BF002511F0B3FF4FF0010882463B
S214026920A8E7414B1B78002BF0D0002EEED1E1E712
S214026930BAF1000FAED05046FDF71EFE0028A9D1D0
S214026940002013F065FC0028D4D0002010F04CF88C
S214026950D0E74FF6F7739F429FD91720FFF7C6F985
S214026960EEE7FDF777FB48B13248FDF78DF9F4E71D
S214026970FDF770FB10B1BBF1000FF5D1FDF76AFB16
S2140269800028DDD02846FEF749FAFF28DFF89CA04B
S214026990294C03D09AF80030012B04D12946B4F8CA
S2140269A06800FEF795FBFEF751FC2A463846B4F817
S2140269B06810FFF777FD214B214A93F906301B0238
S2140269C013809AF80030012B19D0312B14BF4323C1
S2140269D011238AF800301B4B1648196813F00EFE76
S2140269E000F006FD0023124C99F80010237641B9F8
S2140269F0104813F003FE40F61B436361A0E7112321
S214026A00E7E7B8F1000F03D016B1FFF779FEF2E719
S214026A100D4B1B78042BEED10521064813F0EEFD34
S214026A2009232376E7E700BF716200207562002023
S214026A30D05600206C6A0020E4550020DC5B002063
S214026A40F25B00208C6A002076620020F86200204A
S214026A5070B508468CB00D460FF0B8FF092200212B
S214026A60064613F01FFC044628460FF028FF0522B0
S214026A7028460DF10F0304A90EF0E2F902281BD0F6
S214026A809DF80F3029461C440023E4B204F110029C
S214026A90365D01200093D2B20CF05CF860B1022E93
S214026AA00AD1064B1B78012B06D1054B187818B96C
S214026AB022462946FFF7AEFE0CB070BD7562002076
S214026AC0D056002008B5084B187050B1074B1B88EB
S214026AD03BB14FF47A710648594313F08FFD0020FC
S214026AE008BD0120FCE700BF68620020086C002099
S214026AF030470020014B188000207047086C0020A9
S214026B0008B5FDF7C1F80022014B1A7008BD00BF98
S214026B106862002010B50024044B05481C80054B13
S214026B201C70FDF7B1F8204610BD00BFF65B0020D2
S214026B30906A00201363002008B50348FDF7A4F806
S214026B40BDE80840FFF7E6BF906A00200148FCF760
S214026B50ABBD00BFF65B0020F7B5134B04461B78AF
S214026B600E46EBB183421DD90021104814F0DDF821
S214026B70002501460D4F09B9012009E0AC4209D1B2
S214026B800024162322463046009414F063F9204669
S214026B9003B0F0BD384614F0ECF801350146EAE7DA
S214026BA01820F5E72720F3E713630020F65B0020A2
S214026BB0014B1878704700BF1363002025289DBF3D
S214026BC0024B187000202120704700BF8B6C0020FB
S214026BD0012307B51846064A0DF10701FDF7CEF860
S214026BE09DF80720034B1A7003B05DF804FB00BF44
S214026BF029E101000A6C002084B010B502AC84E8DA
S214026C000F00082224480DF11601089CF5F756F9E4
S214026C1038BB9DF815309B0705D4204B1B7803F034
S214026C20FD03312B23D11E496378097803F00F0246
S214026C308A4203D0012928D1022A18D12278B2B971
S214026C401B09022B13D194F90230002B21DB154BC2
S214026C50B3F86820BDF80A309A4208D1FEF790FFD2
S214026C6006E0002208210C480FF0CFFF20B90020D2
S214026C70BDE8104004B070470B4BBDF808205B8897
S214026C809A42C6D0002BC4D0F1E70229EFD1012ADE
S214026C90D3E70120ECE700BFD4560020756200203F
S214026CA05C6C0020E4550020D056002084B02DE90C
S214026CB0F0478EB016AC84E80F00DFF868C1564B7A
S214026CC0BCF802009DF85D9010F001049DF9622068
S214026CD0BDF870E09DF875A09DF976709DF8785025
S214026CE09DF97A109DF95E809DF860601B782FD022
S214026CF09DF87D00C0F34004C0F38000002B44D012
S214026D00464B1B78012B02D1002C00F08280C0B1CA
S214026D109CF800301E335BB2BB42ACBF0027012793
S214026D209845D4BF00230123BB4209D18A4208DB1F
S214026D300CD1A81BC0B280288CBF0020012000E026
S214026D4038460EB0BDE8F04704B070470020F8E7BA
S214026D5010F0020F18D0C3B1490814BF012000205A
S214026D60520814BF012300238342EAD1AB1BDBB2D5
S214026D70802B0AD9AE42E9D1B84506DB49D1CA45CD
S214026D8094BF00200120DCE70BB90120D9E7AE4210
S214026D9016D002AC1CAF0FCF0FC497E8030044F81E
S214026DA0040B2180DDE91A0116AB0090ADF8041041
S214026DB00FCB0EF0C8FB0028E7D1AE42B9D1C0E730
S214026DC0BDF8583073451ED008AC0DF1700CBCE807
S214026DD00F000FC49CE8030044F8040B2180104CFB
S214026DE0638873450FD10822211D0DF12E00F5F799
S214026DF065F8024638B90821201D0FF006FF10B9C3
S214026E006388002BC1D1B845BFDBC2D1CA45BCD806
S214026E10BFE7204695E700BF136300207562002097
S214026E20D05600200A6C002084B02DE9F04F8FB0B7
S214026E306A4E18AC08AD84E80F00162200212846D8
S214026E40F4F7F0FC33783BB90024654B32781B78B4
S214026E509A4239D2002726E00021624813F065FFE5
S214026E6000270446B846DFF87C91002C45D13FB196
S214026E70224639465B480FF02CFE3378013B3370CE
S214026E803378002BE0D0002156484FF0000913F06B
S214026E904CFF4F468046CA46DFF848B1B8F1000FAD
S214026EA06CD1002FD1D01621002218A80FF0A9FD10
S214026EB0014648B1002F00F08B80224649480FF069
S214026EC0C0FD337801333370454B32781B789A42D3
S214026ED007D94448002201880FF0FBFD3378013BB6
S214026EE033703378012B03D13F49404813F086FBB9
S214026EF00FB0BDE8F04F04B07047002221461623BB
S214026F002846CDF8008013F0A5FF1622294618A8B9
S214026F10F4F7D4FF0028EBD09DF864209DF82430C7
S214026F209A4225D1BDF86020BDF820309A421FD182
S214026F3008220DF12E010DF16E00F4F7BFFFB8B96D
S214026F4002AF0DF1600CBCE80F000FC79CE803000F
S214026F5047F8040B39800EAB13E903000090ADF836
S214026F60041095E80F00FFF7A1FE0028C0D02746C0
S214026F702146484613F0FDFE044676E71623002215
S214026F8041462846CDF800A013F064FF02AF0DF18B
S214026F90600CBCE80F000FC79CE8030047F8040B20
S214026FA039800EAB13E903000090ADF8041095E8A3
S214026FB00F00FFF77BFE074620B1B9F1000F04BFB2
S214026FC0444681464146584613F0D3FE804665E75E
S214026FD03A46044813F0AFFE73E700BF136300207F
S214026FE08B6C0020F65B002020BF0200906A002017
S214026FF02DE9F04F002104469FB00DF140081622FD
S21402700040460E91CDE90C11CDF83B10F4F70AFC80
S214027010052220460DF11F0316A90DF011FF0228C6
S214027020074600F0F28020460FF0D0FC064613F02A
S21402703018FE8146F01C13F014FEADF84000701DD9
S21402704013F00FFE012FADF84200204640F0E0801C
S2140270500FF0BCFC0546204613F0E4F90D3502237A
S2140270602D1A0093214643460820EAB20BF072FD21
S214027070002800F0CA8020460FF0ADFC012F8346A0
S2140270809DF84D3040F0DC8000252F4643F001038A
S2140270908DF84D3016AE3388022B4DD1F17820464E
S2140270A0023108F065F81B2846D1F17820460331F4
S2140270B008F05EF819283FD1F1782046043108F02E
S2140270C057F84A2838D14FF0050AF17820460131A0
S2140270D0514408F04DF8F17805905144204608F0E6
S2140270E047F8059B00EB032083B200F03F02932B88
S2140270F0059240F095800023F778214602375744E0
S214027100FFB23A4600930CA80F2313F0A3FE07F132
S2140271100F01204611F09AFA07F1110105462046A2
S21402712011F094FAADF84200059B023353445FFA1D
S21402713083FA33795345C8D806360DF17603B3423F
S214027140A9D19DF84D20C5F3C03363F34102204612
S2140271508DF84D200FF0D1FB8DF8440020460FF03D
S214027160C1FB8DF8450020460FF0C1FB9DF832307A
S214027170BBF1190FC3F3C3028DF84720DDF83320A5
S2140271808DF84600CDF84E20DDF83720CDF8522097
S21402719094BF00229DF83E208DF8482003F003029B
S2140271A08DF84A209DF84D20DB0963F38202694B75
S2140271B08DF84D201B78022B56D1BDF840600FF09B
S2140271C0B3FD864250D108A810F01AF8BBF1190F89
S2140271D047D908220DF14E0108A8F4F76FFE0028E1
S2140271E03CD1B9F5004F02D0B9F5624F0DD140F649
S2140271F0FF7325F440459D4207D1002208210DF178
S2140272004E000FF002FD00283ED01FB0BDE8F08F02
S2140272100FF0DCFB0546204613F004F907351EE79F
S214027220412B81D1F17820460231514407F0A0FF6C
S214027230494B1B78C3F1B30318448DF8490073E732
S2140272406FF30003F01D8DF84D3013F00AFD0CA904
S2140272500546204610F026F80B2772E700F058FD88
S214027260BFE700F055FDD0E7B9F5004F02D0B9F5FB
S214027270624FCAD140F6FF7325F440459D42C4D101
S214027280BBF1190FC1D9B8E7BBF11A0F06D007F147
S2140272901F0142462046C9B20EF05BF92F4C304D14
S2140272A0637BDBB12B78012B1DD1012323730CAB3F
S2140272B0029314AC94E803000090ADF8041098E82A
S2140272C00F00FFF799FC90B194E803000090ADF828
S2140272D0041098E80F00FFF7A7FD08E0FCF7BAFED7
S2140272E00028DFD0E1E703F0FD03042BDDD02B7886
S2140272F0012B01D0042B88D11A4BDDF84E001B78E7
S214027300DDF852108DF82230BDF84030ADF820304E
S2140273109DF84D30C3F340038DF823309DF831308D
S21402732003F00F038DF82C309DF848308DF82D3081
S21402733009AB03C30C4B1B681BB1414608A8984710
S21402734063E79DF946209DF8451008A80DF0E8FC75
S2140273505BE700BF756200201A630020D05600204B
S2140273600163002019630020C456002010B513F0F4
S21402737093FB114B1B78022B1CD1104A1468A042B7
S21402738018D00F4910600A68121B10440D4A086094
S21402739012786AB1013A93403C2253434FF47A7210
S2140273A05343984206D9BDE810400320FCF766BD59
S2140273B00A23F3E710BD00BF756200205C48002078
S2140273C058480020586C0020064B1B88DB0708D55F
S2140273D00022054B43F82020044A135C63F00F0397
S2140273E013547047F85B0020AC4600203A62002037
S2140273F008B513F051FB0022024B1860024B1A60CC
S21402740008BD00BF5C48002058480020014B1868A1
S214027410704700BF5848002008B50C48FCF734FCFB
S214027420FCF772FD80B10A4B0322B3F86810012004
S2140274300EF0AFF84FF47A71064B04481B88594396
S214027440BDE8084013F0DAB808BD00BFB06A0020F5
S214027450E4550020EC6B0020014B1880002070479A
S2140274600E6C0020044A054B1870138823F00303A1
S2140274701843108000207047F85B0020596C0020EB
S214027480034B1888C0F30E00003818BF012070475F
S214027490A65B002008B5FFF7F3FF30B100200449D1
S2140274A00223044A0880FCF769FC002008BD00BFDE
S2140274B0A65B002027E10100024B1888C0F30E00ED
S2140274C0704700BFA65B00200023084A0120137005
S2140274D0074A08491370084B084A1B7843F004030E
S2140274E013800223064AFCF749BC00BF166300203D
S2140274F015630020A65B0020596C0020F85B002074
S21402750027E1010030B5012100240B2385B0104D80
S214027510019400918DF80C308DF80D000323B5F818
S214027520680003AA8DF80E4011F049F968B1B5F863
S21402753068100FF074FF40B10522064B64211A70E2
S214027540054B06481C7013F059F805B030BD00BF55
S214027550E45500201563002016630020D06A002040
S214027560064B1B78033B012B06D8054B1B781BB931
S214027570044B1878FFF7C6BF704700BF766200203C
S21402758014630020586C002010B51548FCF77CFBED
S214027590144B1978F9B9144A13787BB1013B13706E
S2140275A0124B1B78042B02D10846FBF721FCBDE8E0
S2140275B010404FF496710A4813F020B80C4A12880D
S2140275C002F00302022A0AD1BDE81040032201207B
S2140275D00849FEF7A9BCBDE81040FFF7C1BF10BDC1
S2140275E0D06A002016630020156300207662002011
S2140275F0A65B002000F8FF07084B1A785AB1022350
S214027600013A93404EF66022534303210448B3FBEB
S214027610F1F112F0F3BF42F21073F6E7586C002055
S214027620D06A002070B505461748FCF72DFB0122EC
S214027630164B28461A7011F0E6F8411C044689B229
S214027640284607F095FDA11C064689B2284607F093
S2140276508FFD0F4C02232080214600200D4AFCF7A6
S2140276608DFB86B9238803F00303022B03D1FFF7B1
S214027670BFFEFFF7C1FF23885B0704D5BDE8704055
S2140276800548FFF7C9BE70BDD06A00201663002009
S214027690A65B002027E10100B06A00202DE9F04336
S2140276A01F4C0546238889B0002B33D01D4E00217F
S2140276B04FF4807010F03FFE3378DB0728D50121A7
S2140276C0208812F0E7FE074620880FF07FF9023086
S2140276D013F0C7FA05A98046208811F07BF93378A3
S2140276E0384613F0020F104B18BF0025B3F800906F
S2140276F012F0B4FE0646384612F094FEF6B2029037
S214027700424606212846CDE9009605AB0DF0C4FA9E
S21402771000232380054809B0BDE8F043FCF7B4BA5D
S214027720FE5B002017630020FC5B0020F06A00204E
S21402773010B5044640F62140FFF7B0FF01214FF492
S214027740807010F0F8FD78B10022084B1C80084BC0
S2140277501A7007F085FEBDE81040064B1880064BEF
S2140277600648198812F04ABF10BD00BFFE5B002013
S21402777017630020FC5B0020EE6B0020F06A0020FE
S214027780044A137818B943F001031370704743F0A4
S2140277900303FAE717630020044B1B781BB9044A5D
S2140277A01380FEF707B90020704700BF056300206C
S2140277B0FA5B0020042230B501F0400387B0002BAC
S2140277C0054614BF012400248DF80C208DF80D10F8
S2140277D004D004A910F0CDFD10B304ABCDE90043EC
S2140277E001210223284603AA10F0E9FF0446C8B185
S2140277F00D4BB3F868100FF033F84FF6F7739D424F
S21402780009D9322202212046FEF73AF880F001001A
S214027810C0B207B030BD294620460FF000FEF5E79D
S2140278200120F6E71920F4E7E455002010B5FFF72B
S21402783031FE04F031FA0FF07EFC002010F091FDCC
S21402784013F01AF808B1FDF729F9204C2378532BC8
S21402785012D1032323700023FF2219460120FEF7CC
S21402786063FB002012F0D4FC10B100200FF0BCF82D
S214027870BDE810400DF091BE062B01D0212BF0D1B1
S2140278800120FEF7F5FA4FF6FE700FF03CFA4FF6BF
S214027890FF700FF055FA0020FEF752FA0020FEF7AE
S2140278A059FAFEF7E9F900F029FB0DF079FE237884
S2140278B0212B02D1FEF774F9D3E70020FCF7DEFA9B
S2140278C000214FF4004010F026FBCAE77562002044
S2140278D010B50A4C0A48FCF7D7F92378062B02D1D2
S2140278E00120FEF7C5FA2378062B01D0532B03D1CD
S2140278F0BDE81040FFF79ABF10BD00BF75620020BA
S214027900106B00202DE9F047DFF8C08004460E46D3
S2140279101746FFF7BFFD98F8005015B90220BDE8DC
S214027920F087212DFAD0284813F02DFA0028F5D139
S21402793014F0200439463046DFF894A0DFF894901D
S21402794005F00F051BD00DF06FF9012D8AF80070B7
S214027950A9F8006029D1212388F80030FFF766FFD6
S2140279600020DCE7212388F80030FFF75FFF0021C4
S2140279704FF6FE70FEF77CFBFEF780FEF0E70DF09A
S21402798052F9012D8AF80070A9F80060EAD00623A1
S21402799021464FF6FD7088F80030FFF70BFF40F2E5
S2140279A02621094812F02AFEE1E7532321464FF624
S2140279B0FD7088F80030FFF7FDFE40F226210248EF
S2140279C012F01CFECCE700BF106B00207562002090
S2140279D018630020106C0020F8B50D460646511CB0
S2140279E0284607F0C5FB044628460EF0EFFF05467C
S2140279F0023013F036F9154B07461B78022B02D0DD
S214027A00043B012B21D8124B1B68580201D5A10654
S214027A101BD5620619D50F4BB3F86830B34214D1A2
S214027A206B781B070DD5284610F02AFFFCF7A4FD3D
S214027A3058B1314604F020000122BDE8F840FFF7B5
S214027A4061BF0FF054F9B842F3D0F8BD756200205A
S214027A5064480020E455002073B504460D4613F032
S214027A60EEF9FF28034625D0134A12784AB1134A84
S214027A7032F81020520404D510F064FC002002B044
S214027A8070BD184610F06FFC6946064610F071FC91
S214027A9040B1FCF7E7F928B10023022269463046D6
S214027AA005F0DCF8204645F0400102B0BDE8704023
S214027AB0FFF780BE0120E2E771620020A05B002093
S214027AC038B505460EF082FF0446284610F09BFEA7
S214027AD0411C89B2284607F04BFB42060DD5637857
S214027AE01B070FD5204610F0CBFE0146002013F0F0
S214027AF0A4F9BDE8384010F025BC0348BDE838407C
S214027B00FFF7E6BE38BD00BF106B002038B54FF653
S214027B10FF75A842044617D00FF006F9A04213D00C
S214027B204FF6FD72094B198891420DD9084A128800
S214027B30AA4201D0A24207D11C804FF47A71BDE856
S214027B403840044812F05ABD38BD00BFF66B00201C
S214027B50126C0020F047002008B50448FCF794F8A1
S214027B604FF6FF72024B1A8008BD00BFF047002096
S214027B70F66B002037B505460C46082369460120F9
S214027B80064AFCF7FBF815B19DF806302B700CB1CF
S214027B90009B2360BDF8040003B030BD25E1010060
S214027BA007B508238DF80600ADF804100092694662
S214027BB00020034AFCF7E2F803B05DF804FB00BFBE
S214027BC025E10100024A13780BB1013B137070479E
S214027BD06662002008B50FF0B3F800214FF6FF7278
S214027BE0054B08461A80FEF7DBF8BDE8084040F66B
S214027BF016400DF0D3B800BFF66B002008B5FCF7B0
S214027C0043F80A4B1B78023B032B08D84FF6FE7349
S214027C10074A108898424FF6FF7301D1138008BDB9
S214027C209842FCD0BDE80840FFF7D4BF756200203A
S214027C30F66B002010B5084B1B78042B0AD00FF009
S214027C4056F8002104460846FFF794FF231A5842C6
S214027C50584110BD0020FCE776620020F0B50026F1
S214027C6089B00546CDE90566ADF81C6010F0CBFD7F
S214027C700A23024604462946009605A813F0EAF8A7
S214027C809DF815309DF814701F2B27D803A80FF007
S214027C90B7FA08220DF1160103A8F4F70FF9064603
S214027CA0E0B9092F1CD1FFF7C5FFB8B1144B1B78FA
S214027CB0A3B1144B1A884FF6FD739A420ED9124C92
S214027CC0124A23780433DBB223701278013AB3EBFC
S214027CD0820F03DD58B20BF01BF9267009B0F0BD17
S214027CE00A34E4B22146284607F042FA0FF01BFB9C
S214027CF0611C284610F0AAFCFFF708FFEEE700BF5B
S214027D006C6C0020F66B002066620020576C002028
S214027D1038B5134B1B78033B012B20D9114B4FF67A
S214027D20FF711B78ABB1104D2B888B4217D10EF02A
S214027D30FBFF4EF6602104460C4812F05FFC4FF63D
S214027D40FE7322462B800021BDE8384009200FF042
S214027D50F8BA074A13888B421CBF0133138038BD1A
S214027D60766200206C6C0020F66B0020F047002044
S214027D70A25B002008B50448FBF786FFBDE8084072
S214027D8000210846FBF734B8306B002010B50446D5
S214027D9061B1FF210EF0BBFD002120460EF0BDFDB5
S214027DA00EF0FEFC014620460EF0BDFD2146BDE863
S214027DB010400022014812F0BEBF00BF025C002045
S214027DC02DE9F0410D46174604460EF0FFFD0678F3
S214027DD02846FCF74DF92946804620460EF040FD1F
S214027DE00EF085FFA84206D120460121FFF7CEFFFE
S214027DF00120BDE8F0812846B8F1000F0AD0FCF752
S214027E00B9F950B9144B3A462046BDE8F041197804
S214027E10FDF736BD10F0B1FAF3E706F00306012EC1
S214027E2008D00EF064FF00232246294602F042FAEA
S214027E300028D9D120460EF0CFFC430505D52046B2
S214027E40BDE8F04100210FF044B8204610F080FA59
S214027E50B0FA80F04009CCE7566C002010B586B028
S214027E60044610F0D0FC104B0246186819790290AE
S214027E70D3F805005B7A01328DF8143000238DF8B2
S214027E800C1004902146009392B2052304A812F027
S214027E90E1FF052204A902A8F4F710F8B0FA80F070
S214027EA0400906B010BD00BFD899040008B51148B5
S214027EB00EF049FE104B1B78012B06D8FF2010F05F
S214027EC01AFAFDF7B1FB10F035FAFDF73BF801F0B0
S214027ED091FCFFF7F9FA10F00EFE07F0F1FDFDF740
S214027EE049FD07F03DFB0CF0A1FEBDE8084002F09C
S214027EF0D3BC00BFAC5600203362002008B5F0F7B2
S214027F005DFDFF2803D0094B1B78012B06D9002004
S214027F1010F0F1F9FDF788FB10F00CFAFDF712F8F5
S214027F2001F068FCBDE8084002F0B6BC33620020EF
S214027F30064B1878112806D000F0FD00A0F1410388
S214027F405842584170470120704700BF75620020B2
S214027F502DE9F8430446FDF70FFB18B1002630461C
S214027F60BDE8F8834FF6FF78184BB3F86810414522
S214027F70F4D020460EF074FC154B022120461A88D7
S214027F80FDF77EFC06460028E8D020460EF01EFDD1
S214027F9090F807900546043012F063FE07460EF08E
S214027FA0A6FE494602463846FDF7FEFAA81C12F01F
S214027FB058FE404502D12046FFF7BAFB2B789B07B6
S214027FC0CDD101212046FFF7E1FEC8E7E4550020A7
S214027FD0005C0020F8B507460EF0F8FC05460430B3
S214027FE012F03FFE0646A81C12F03BFE0446304640
S214027FF012F025FF3046FCF73BF82B789B0701D1A1
S2140280000EF075FEAB790BB90320F8BD0EF06FFECD
S214028010A0420CD10EF06BFE0446094B21463846B0
S2140280201A78FFF7CDFE0028EED00020EDE7054BCC
S2140280301B78052B1CBF044BB3F86840EDE700BF66
S214028040005C002076620020E45500202DE9F04115
S214028050064610460D4610F0D6FBA0F11004E7B215
S21402806056FA84F42146EA1B04F10E00F3F72CFCC0
S2140280702823DFF84480F35598F80030637301F044
S214028080CDFB611C024601200DF09FFA0822094929
S214028090601DF3F719FC98F800000FF098FF05F141
S2140280A00E0130463B460022C9B201F069FC12209E
S2140280B0BDE8F081F8620020706200202DE9F04FE2
S2140280C087B004460EF082FC064620460EF0E1FB20
S2140280D00746301D12F0C5FD8146B01C12F0C1FDE8
S2140280E0384696F807A012F0B3FE33789A075FD1A7
S2140280F02146042001F04CFD002859D0204610F0FD
S21402810082FB0146204607F033F8830750D120460B
S21402811010F079FB0146204607F02AF810F0030318
S214028120039345D12046FFF799FE002840D020460B
S21402813010F03FFC451C204612F090F9EDB205F116
S2140281400A0B83455DDA304A04AB1068516803C3F4
S214028150691C204607F00CF829468046204607F0A0
S21402816007F800EB082059461FFA80F8204606F06A
S214028170FFFF8346039B2146AA1C009304A80823FC
S21402818012F068FE20460EF084FB5A4641460DF079
S2140281900EFA0122404604A90FF04FFA88BB0220CD
S2140281A007F032FC013003D1404604A9F0F7CEFCBA
S2140281B00EF09DFD48453A46514607D10EF09FFF08
S2140281C0F8B907B0BDE8F04F0FF0EBB948460EF02D
S2140281D096FFB0B90D4B1B781BB9394648460FF0CF
S2140281E0F6F83A4651464846FDF7DEF948B1317888
S2140281F011F0030105D1204607B0BDE8F04FFFF7A6
S214028200C5BD07B0BDE8F08FC5D503006C6200207F
S21402821038B5114D2B78023B012B18D80DF0C9F951
S2140282200446B0B9FFF7A2F82B78032B07D12346F2
S214028230FF2221460120FDF777FE012038BD2146A8
S2140282402046FAF7D5FD003818BF0120F6E71720BA
S214028250F4E70220F2E700BF756200202DE9F7433B
S21402826005460E4614460EF0C1FA0C2828464AD198
S2140282700EF0ACFB0922002112F014F800F11001F6
S214028280C9B2284606F074FF042813D07C282BD0E7
S214028290012840F0AC8046B91321284610F0D6F9E2
S2140282A003B0BDE8F0430EF04BBD03B0BDE8F043AB
S2140282B0FDF7DCBC5B4B1B78022B40F0988046B97E
S2140282C0FFF7FAF8C3070AD5FFF792F8002C08BFA3
S2140282D03F26304603B0BDE8F0430CF0C3BCFFF7C0
S2140282E0CFF80028F0D0F1E7284612F0B7F8044697
S2140282F0284612F097F802463046E1B203B0BDE8CF
S214028300F0430CF0ADBC0EF061FB8046043012F078
S214028310A8FC074608F1020012F0A3FC4FF6F7731A
S214028320984204460CD8404A138801339BB2138005
S2140283300BB93E4A13801EB13C4A138801331380A0
S21402834098F8009009F00309B9F1010F1DD12846EB
S21402835010F059FA0146284606F00AFF0B2809D003
S2140283600D2807D0042842D1284603B0BDE8F043C2
S214028370FFF7A6BB2E4B1B78042B38D100210846EC
S21402838003B0BDE8F043FAF733BDB9F1000F2ED1C2
S2140283903146284603F05EFD4EB34FF6F7739C4215
S2140283A025D898F80160204616F0040622D10FF070
S2140283B0B2FF054620467DB10FF0DFFF034600BB45
S2140283C00C220090214638460FF0CFF90C220023EB
S2140283D039462046009308E00FF0CFFF0346C8B99F
S2140283E0144A00901278214638460FF0BEF903B0C0
S2140283F0BDE8F0830FF0C1FF034678B90B22009068
S214028400F1E7062233462146384600960FF0ADF9CC
S2140284100622DCE72B4600950622E4E74B46CDF81B
S2140284200090F9E775620020AA5B0020A85B002096
S214028430766200208D6C00202DE9F04F05888BB007
S214028440044628460EF0C2FA0746043012F009FC2B
S2140284508146B81C12F005FC05A98046284610F095
S2140284601CFA284610F0CFF901460646284606F0C2
S2140284707FFE3B78824603F00303012B0CBF834644
S2140284804FF0FF0B12F003FBE388019002930EF00D
S2140284902EFCFB7900904846039300F081FF0028EB
S2140284A076D1404600F07CFF002840F08880FDF739
S2140284B02BFB8046FBF7CEFD10B9FFF739FD30B136
S2140284C0A8F104085FFA88F8B8F1020F1BD90BF07E
S2140284D0FD03042B00F0B380FFF72AFD20B10AF05B
S2140284E0030ABAF1010F0ED0FBF70EFD28B9714B45
S2140284F01B7803F00F03062B68D16F4B2846B3F8A0
S21402850068100EF0ADF9BBF1010F63D128460EF0EC
S21402851091F94FF6FF73984240F09180002331465E
S214028520284607AA0FF0FFFE0746002842D04279E7
S2140285309DF82530934209D9711D284689B206F066
S2140285402BFEA37823F00F030233A3700CF067FB15
S2140285507E23B0FBF3F202FB130303F58073A380C2
S2140285609DF8263013F0180F0AD0A3781B0707D100
S214028570009B4B4504D048467A7905A90CF084FB4B
S2140285809DF82700003818BF01200BB0BDE8F08F19
S21402859028460EF01BFA023012F063FB4FF6F77312
S2140285A0984207D9039B2BB92846FFF757FC0028A9
S2140285B07FF477AFA37823F00F03A37008E040465A
S2140285C012F046FC00287FF472AFF3E72823A3805C
S2140285D00020DAE7BBF1020F54D10123314607AA85
S2140285E028460FF0A0FE80460EF081FBBDF8223032
S2140285F098421FD1B8F1000FDCD00122B8F8023041
S214028600314628460FF08DFE2C4A13780133DBB232
S214028610FB711370B8F80230BDF81E209A421FBFD5
S214028620A37823F00F030233A3704FF4C873A3801A
S2140286300120AAE7184612F00BFC0028DAD12846D9
S2140286400EF0F8F812F0A4FB012808BF1C4BA27823
S21402865009BF1B78FA2303EB830303EB830302BFF2
S2140286609B00FA339BB21209A4D1DDE90121521A0A
S21402867092B293429ED30CF0D2FA00F01F00103052
S214028680A080D5E7BBF1030FD9D1009B4B45D6D1CD
S214028690711C284689B206F06BFD0C28CFD1FCF778
S2140286A0FFFD4FF6FF7398420146C8D028460EF0EB
S2140286B0D7F8C4E775620020E455002073620020F4
S2140286C0656C00202DE9F04105460C460EF08EF84A
S2140286D0082802D10120BDE8F081201D12F0C1FA5F
S2140286E00646284694F807800EF0D3F80746284632
S2140286F00EF072F8010612D5184B1B78042B0ED119
S214028700174B1B78022B0AD1164BB3F868204FF68C
S214028710FF739A4203D000210846FAF769FB124B10
S2140287201B78002BD6D1A01C12F09BFA4FF6F773DB
S214028730984202D86378DA070DD523789B070AD1C8
S2140287403A46414630460EF0DAFC80F00100C0B2EE
S21402875000F00100BFE70120FAE700BF76620020C2
S21402876075620020E45500201D6300202DE9F04FBD
S2140287709DB004460EF03AF8054620460EF036F84E
S214028780082869D14FF400432046ADF85030ADF8C2
S2140287905C4011F063FEBDF85C20A0F11005EDB25E
S2140287A010461023002100950FF03DFF294617A81A
S2140287B00FF011FF204611F035FE0AF0BFFB002332
S2140287C021461A460C2000930AF0C4F998B32046B4
S2140287D011F028FE14A902461020FBF779FF0501C6
S2140287E0204611F01FFE14A902464020EDB2FBF708
S2140287F06FFF10B120460CF01BFA204611F012FE55
S21402880014A902468020FBF763FFB8B99DB1102574
S21402881017A805F067FF2046BDF8507011F01EFE3F
S2140288200646204611F0FEFD29460090F3B2384671
S21402883017AA0CF093FA1DB0BDE8F08FBDF85030C1
S21402884017A8ADF85E40ADF85C300CF0AAFE002822
S214028850DCD145F08005DBE720460EF007F8B0F5E0
S214028860006F40F0058120460EF013F80646042DF0
S21402887040F0018120460DF0AFFF80F40060C0F3A7
S214028880C02000223146400012F0B4F9944B1A7808
S214028890022A0DD0FFF74CFB50B902F0FD03312B34
S2140288A006D0043A012A03D98E4B1B78002BC2D07D
S2140288B02146022001F06CF905900028BBD0204624
S2140288C0ADF846400EF082F80446BDF846000DF0BC
S2140288D0E0FF0646201D12F0C4F9A31C8346184684
S2140288E0039312F0BEF912A90746BDF846000FF030
S2140288F0D4FF63780690BDF8460094F8008008938B
S2140289000FF081FF6378054608F0030830460C93A3
S214028910FBF7AEFBB8F1010F0CBF032302230E9345
S214028920714B08BF4FF00B091E80237818BF4FF01B
S2140289300A0903F03C03082B0D907FF47CAFBDF8C8
S214028940460011F08BFDA8427FF675AFB8F1010F15
S21402895003D023789B077FF46EAF644BB3F868307E
S214028960B3420DD1624A634BB2F9001093F900305C
S214028970002900F0A58001EB0313A3EB211313805B
S2140289804FF0010AA5F11003DBB20A938DF84530C9
S21402899010224846BDF84610CDF800A00DF145035A
S2140289A00AF0D8F800283FF446AF089B13F00203FB
S2140289B0099300F00981504B1B78002B3FF43BAF24
S2140289C0BDF8469048460FF01EFF00230790484623
S2140289D0CDE917331993ADF868300DF05AFF079BAF
S2140289E0039003F10E01484689B20FF0DFFE00281D
S2140289F070D000234946079A009317A80E2312F058
S214028A0029FA50460DF15D010CF0EDFD9DF8693036
S214028A100B9004939DF85C30282B5BD10DF161001E
S214028A20FBF7AAFD0F90002854D104980FF0CFFA56
S214028A300F9B002866D1314B049A1B78D31A1C066A
S214028A4048D404F059F950453CD112F025F82C4E82
S214028A500546346824B104F055F92C1B844239D3F8
S214028A600023FF2219461846FDF75EFA356031E00C
S214028A704FF6FD76FBE64FF6FF70301A18BF012060
S214028A8000223146400012F0B5F80C2D0DD12146D9
S214028A90012001F07DF800283FF4CDAE21460020EB
S214028AA01DB0BDE8F04FFDF7D3BF2DB920461DB06F
S214028AB0BDE8F04FFEF79CBA042D7FF4BCAEE5E6A7
S214028AC01B025CE704F018F9022803D104F0F6F85A
S214028AD00028BAD000221920039912F08BF8AAE6D1
S214028AE0756200201D6300201E5C0020E4550020F5
S214028AF0F25B00201A630020716200207062002080
S214028B00F456002010214846079ACDF800A00FF030
S214028B10AEF80028DED0BB4B049A1B78934240F096
S214028B20AA8003990DF1610214A811F037FE012103
S214028B3014A8FBF7F5FA824648F2030114A8FBF7DD
S214028B4063FBBAF1000F03D0082114A80CF0EEFC68
S214028B5048460FF076FE03990DF16100FCF72AFCF9
S214028B60FE288246B6D0FF280AD1039812F056F99C
S214028B70FF28824600F087800DF16101FCF7F4FAC7
S214028B80A04B049A1B78934200F0A38050460B99A0
S214028B90FCF7F6FB00283FF44EAE50460B99FCF766
S214028BA001FC237898070FD148460FF02CFE0146A9
S214028BB0484606F0DDFA00F00300012804D10398C7
S214028BC00DF16101EFF7C2FFBDF846000DF004FE9D
S214028BD0010440F18580204612F043F840F400710B
S214028BE089B2204612F03FF800224FF40041BDF849
S214028BF046000DF0E2FDDDF81490012310220093EA
S214028C00BDF846100E980DF1450309F0A3FF0028A3
S214028C103FF411AE032866D1204612F022F840F443
S214028C20007189B2204612F01EF8304612F010F992
S214028C30002840F0B680DDF81490B8F1010F40F03D
S214028C40B6800320BDF8461000F0A2FF002840F0D0
S214028C50AE802946BDF8460006F08AFA0F2801467D
S214028C607FF6E9AD4FF6F7739F423FF6E4AD304626
S214028C700EF01AFCDFE55046049903F085FA002848
S214028C807FF44FAF26E7237803F00303012B08D1C6
S214028C9048460FF0B8FD0146484606F069FA08282D
S214028CA092D0594B1A78594B1B789A4209D20DF139
S214028CB061010398FCF70CFA039812F0AFF88246AB
S214028CC05EE7A01C11F0CDFF4FF6F7739842EED97F
S214028CD000E75046FCF7CEFB00283FF457AF5CE7B0
S214028CE04FF0000989E7304612F0B2F80028A4D007
S214028CF0099B002B57D1B9F1000F52D1B8F1010FE1
S214028D00BDF846009DD0294606F032FA8246DFF8C4
S214028D10089199F80030002B54D00DF0E8FF8742F6
S214028D207FF489ADB8F1010F7ED1BAF1070F75D87D
S214028D30BAF1050F7FF67FAD354B1B78022B02D0BA
S214028D40043B012B03D899F80030002B41D00C9B32
S214028D509A0640F1B4800D9B002B40F0AC80304662
S214028D6012F06DF8FF2840F0A6805E457FF463ADF2
S214028D70069B002B00F09D8012AB46F204020124F3
S214028D80ADF85C200193214602233046009417AAD0
S214028D900FF015FD00283FF44EAD21460EF099F86F
S214028DA049E5DDF8149030460FF0CFFA45E729463C
S214028DB0BDF8460006F0DCF9099B824613B9B9F104
S214028DC0000FA4D0124B1B78022B02D0043B012BBF
S214028DD0BDD8304600F0E4FA814600287FF42BAD79
S214028DE00DF085FF864225D10A4BB3F868400DF098
S214028DF07EFF4B4601460D222046CDF800900EF02F
S214028E00B4FC18E5706200206F620020666C0020D9
S214028E1075620020E455002071620020AAF10E035C
S214028E20DBB2012B88D906E50AF00303012B7FF497
S214028E3002AD81E7304612F00BF858B90DF074FF18
S214028E404FF6FF73984205D011F016FD10B9304662
S214028E50FCF7E4F8304611F0FBFF88B10DF064FF32
S214028E604FF6FF7398420BD011F006FD40B9B8F1E9
S214028E70010F02D1BAF1060F02D030460FF064FAA3
S214028E80069BA3B91946012258460EF0D6FB814628
S214028E9000287FF4D0AC20460FF0F2FC4A4601468A
S214028EA038460EF0CAFB00283FF451AFC3E412A9BD
S214028EB0E9E7069B61E7637823F0200363704FF6C9
S214028EC0FC739F423FF4B7AC4FF6FD739F4204D14A
S214028ED0B34B1B78042B3FF4AEACA3790BB1013B2A
S214028EE0A37163785B0727D50023584617AA14A9EF
S214028EF017930FF00AFA1798F0B10FF0FFF98146B0
S214028F00384611F09CFF179A0146137903F0300099
S214028F10102806D003F00C0008281CBF23F00C0310
S214028F201371137903F03303202B05D1FF2903D0E5
S214028F30012248460FF0F1F9304611F080FFFF2873
S214028F401EBF0022974B43F82020089B03F001091E
S214028F504FF6F7739F4200F2F980B9F1000F40F026
S214028F600181314658460EF032FA0DF0C0FE8742B5
S214028F7000F0C680384611F06BFF002841D0B8F1E9
S214028F80010F27D1BAF1010F17D14A462946BDF87B
S214028F9046000FF0C5F9384611F05AFF824B1B788F
S214028FA0002B72D1584611F053FF002866D138467E
S214028FB011F04EFF002861D13DE4384611F048FF1B
S214028FC050B3BAF1030F27D12946BDF846000EF07A
S214028FD004FC30E4384611F03BFF38460FF0CDF97A
S214028FE0002847D0002339465846BDF8462001F0EF
S214028FF061F900283ED00021BDF84600FEF7C6FE05
S21402900019E4384611F024FF18B1B8F1010FD8D090
S214029010E3E7B8F1010FE0D1634B1B78002BC1D018
S214029020BAF1050F31D10DF062FE8DF85C000DF03D
S2140290305EFE000A8DF85D000123022217A90DF1DB
S2140290404600FAF775FD00287FF4F5AB691C89B275
S214029050BDF8460006F07AF80378013303706378A9
S214029060590715D40DF043FE834522D00022394617
S2140290701C2032E54C4B1B78002B93D0B8F1010F25
S214029080CED063785A0714D502E06378580718D50D
S214029090BDF8464020460FF078FB411C89B22046B8
S2140290A006F054F80378B8F1010F03F1FF330370AA
S2140290B004D0BDF84600FEF78DFF09E0BAF1050FB1
S2140290C0D0D0BDF84600FEF785FFBAF1030FCDD02B
S2140290D00228CBD10021584617AA0FF019F930B151
S2140290E00379468003F03C0343F0400303710023F8
S2140290F02E4A00933946584612780EF036FBB5E7EC
S214029100B8F1010F7FF477AF0AF1FF330C2B00F2B0
S214029110868001A252F823F079910200799102002A
S214029120C98F02008F910200B191020037880200B7
S214029130D5910200E5910200F1910200F191020040
S214029140378802000792020013920200B8F1010F5C
S21402915071D0B9F1000F08D1BDF84600FEF7AEFF98
S214029160FFF769BBB8F1010FCED0237A03F00303F1
S214029170012B7FF460ABEFE7AAF102035A422946BD
S214029180BDF846005A410FF0CBF8FFF754BB2A460B
S2140291905846BDF84610FEF71FFCFFF74CBB00BF53
S2140291A076620020AC4600206A6C00208D6C00209F
S2140291B0691CBDF8460089B205F0DAFF0235EDB249
S2140291C00246BDF846305846009512A906F0D4FD70
S2140291D0FFF731BB01200A9ABDF84610FDF71AFBCD
S2140291E0FFF729BBBDF846000FF0A0F8FFF723BB38
S2140291F0BDF84600FEF732FDFFF71DBBBDF8460080
S214029200FEF72CFDA8E7BDF84600FEF70BFAFFF7BF
S21402921012BBBDF846000CF0BEF9FFF70CBB2B469E
S21402922022465046BDF846100CF08BF900287FF413
S21402923002AB51461BE50AF1FF330C2B3FF6FBAAA5
S21402924001A252F823F000BF799102007991020040
S214029250C98F02008F910200B19102003788020086
S214029260D5910200E5910200FD910200FD910200F7
S21402927037880200079202001392020010B50021FE
S21402928011480DF007FC0446E8B10DF02BFB0F4B1E
S214029290187020460DF02BFB0D4B187020460DF073
S2140292A02CFB0C4B187020460DF02CFB0A4B18605A
S2140292B0012011F0F5FB2046FFF758FABDE81040F2
S2140292C0002011F0EDBB10BDD05B00201B63002018
S2140292D01A63002019630020EC56002070B5144E65
S2140292E0044633680D46BBB10DF080FA0C2813D144
S2140292F020460DF06BFB09220021044610F0D2FF37
S214029300235C042B08D10B4C25B10B4B22781B781F
S2140293109A4203D300232370002070BD07483168A9
S21402932011F06CF92378012001332370F5E700BFB2
S214029330F05600201C6300208C6C0020306B00204E
S214029340014B93F901007047F25B0020014BB3F822
S21402935068007047E455002070B500240D4D2C704F
S214029360EFF706FAE6B2B04208D800220A4B1A70A5
S2140293700A4B198801B11A80012070BD304611F0DF
S21402938064FDC30748BF2B7804F1010444BF0133D0
S2140293902B70E5E76E62002067620020A45B002067
S2140293A038B50B4B05461B7873B101335C08094B85
S2140293B0188811F037F8002330F81320AA4205D097
S2140293C00133DAB2A242F7D3002038BD0120FCE70F
S2140293D067620020A45B002030B5054685B00846CB
S2140293E00C4611F02EFDFF280CD00EF0DBF8012201
S2140293F000210346CDE90112009221462A460720A3
S214029400FCF7F6FB284611F01AFDFF2804460FD09B
S21402941011F01BFDC2070DD5204611F016FD83077D
S21402942008D40B4A32F8143043F4806322F814301E
S21402943005B030BD0EF0B6F8012200210346CDE994
S2140294400112009207202A46FCF7D2FBF0E700BF83
S214029450A05B00204FF6FA72431E9BB2934270B591
S21402946004462AD8FFF79CFF38BB194B1B78042BFF
S21402947023D0204611F0D2FCFF2801D0FBF7FEFCD9
S21402948020460EF03DFF08B10EF034FF2046114E86
S21402949003F0ACFE20460BF0F5FB31780E4D69B1B9
S2140294A0288810F0BFFF054601461E220230F2F75A
S2140294B00BFA2C8033781E2B07D970BD202011F0B2
S2140294C025F828800028EBD1F7E702333370F4E75B
S2140294D07662002067620020A45B0020044A1378AC
S2140294E02BB1013BDBB213700BB9024A13807047F3
S2140294F067620020A45B00200148FAF7D5B800BFD7
S214029500A45B00202DE9F047804617460D468CB036
S21402951061B903AE00211B4811F007FC4FF00009A9
S2140295200446DFF860A01CB920461DE00E46F1E7AF
S2140295300022214624233046CDF8009011F08AFC02
S214029540082241463046F2F7B9FCA8B9337C9BB9EB
S2140295506FB945B92A4621460A480DF0BAFA0A4AB0
S2140295601388013B138001200CB0BDE8F0873B88CE
S214029570B28953405B06ECD52146504611F0F9FB02
S2140295800446D0E7065C0020045C0020024B1888E4
S214029590003818BF01207047045C00202DE9F04314
S2140295A030488DB0FAF770FB11F076FA2E4D2B6824
S2140295B0C41A4FF47A73B4FBF3F4A4B214B111F0E4
S2140295C06BFA2860294F4FF6FF763B88DFF8A080BB
S2140295D0ADF80A3000233B8000210DF10A000DF0A1
S2140295E059FA054658B9224B1B882BB14FF47A71AB
S2140295F01C48714311F002F80DB0BDE8F0834FF03D
S214029600000924234A462946CDF8009003A811F003
S21402961021FCBDF81A30A34294BFDB1A1B1B9BB277
S214029620ADF81A3063B9BDF818301B0602D5089893
S2140296300BF095FDB8F80030013BA8F80030CBE7F8
S2140296409E4228BF1E4601234A462946009303A887
S214029650242311F0FFFB4A462946384611F06BFBDD
S214029660BAE700BF90470020F8560020065C0020AC
S214029670045C0020F0B504462E4A8DB0106851688E
S21402968001AB03C3A378012B4FD1162200210DF1A3
S2140296901A00F2F7C7F8D4F82110D4F81D0003AB6D
S2140296A003C32388190644BF62680892DA050BD5FD
S2140296B0221D08AE04F114073546106851680832B8
S2140296C003C5BA422E46F7D1ADF8183013F004039C
S2140296D018BFA3690593EFF763F80023ADF81A00E5
S2140296E0082201A903A88DF81C30F2F7E7FB18B18F
S2140296F006A903A80EF0F1F90022242103A80DF012
S21402970080F9044698B10020FFF748FF0022214660
S214029710094811F010FB094A002013880133138010
S214029720FFF73CFF00200DB0F0BD0220FBE719203A
S214029730F9E700BFC5D50300065C0020045C0020E4
S214029740F7B5044600200E46FFF728FF104B1B888D
S214029750A34202D8212003B0F0BD00210D4811F02B
S214029760E4FA002501460B4F0029F3D0A54208D1A2
S2140297700024242322463046009411F06BFB204638
S214029780E9E7384611F0F5FA01350146ECE700BF85
S214029790045C0020065C00200148F9F785BF00BF84
S2140297A0065C0020014B1888704700BF045C00204E
S2140297B070B50C4611460E4A23781278064613F008
S2140297C0200542EA0302227018BF611D0822F2F742
S2140297D07BF8002D0CBF05200D20D4F80130B360B5
S2140297E02378337303F01803082B08BF013070BDCB
S2140297F071620020042307B501200DEB0301054A20
S214029800FAF7BCFA019B044A1B03136003B05DF827
S21402981004FB00BF63E511005448002010B5064C57
S2140298202368C3F30B0313B90448E3F733FC206839
S214029830431C236010BD00BF5448002063E511009E
S214029840014B1868704700BF5448002007B5002037
S214029850054B064A186004230DEB03010190FAF744
S2140298608DFA03B05DF804FB5448002063E511004E
S2140298707FB511230A4A012001A9FAF77FFA094B9C
S2140298809DF814201A70084B1B780BB1052B05D1D6
S2140298900BF0C4F9012007B05DF804FB0020FAE7DC
S2140298A079EB010070620020716200202DE9F04F12
S2140298B00646CBB0884600880121174610F0EAFD1E
S2140298C02E4B3A463188ADF8160006A80EF0A4F9DB
S2140298D00DF1280B5A464146C41930880EF026F977
S2140298E0E4B208EB0003A34208BF044605464FF065
S2140298F004091CBFA4EB0804E4B223465A4601211D
S214029900CDE900090BEB050ACDF808B02D1B06A819
S214029910EFF776FBEDB20BEB0403009301952346BB
S2140299205A46414630880EF02FF93488394620468A
S21402993005F01EFC394600F0F802204605F02CFC25
S2140299400121308810F0A6FD01234A46514680B117
S2140299500DF11600FAF7ECF801210446BDF81620C0
S214029960308810F0ABFDB4FA84F040094BB0BDE885
S214029970F08F3046FAF7DCF80446F4E7F862002087
S2140299802DE9F04FC9B0044688469246C118224ACD
S21402999004A81F46FFF70CFF4FF00409C519EDB2E5
S2140299A008AB0293A5EB0A0BA8EB0A035FFA8BFB44
S2140299B0A8EB0506DBB2F6B204EB0A02009301211D
S2140299C05B46CDF8049004A8EFF71AFB06F59073F1
S2140299D00DEB03025A44A2F58072136808A844F8F5
S2140299E00830E35D324623F00703E3552C44214654
S2140299F0F2F7A8F808ABCDE9019308AA00230121E3
S214029A00009604A8EFF7FCFA3246204608A9F2F7B9
S214029A1099F849B0BDE8F08FF8620020F8B506461E
S214029A200EF0C7FF811C054689B230460EF0BEFE18
S214029A30F0B1EDB12946304605F09AFB12280746EA
S214029A4016D80C4B691C1C5C89B2304605F090FB9C
S214029A502C44052FE4B205D1052809D8064B1B5C19
S214029A601C44E4B221463046BDE8F8400EF09EBEE5
S214029A700020F8BD1A9A0400149A0400F8B50546A8
S214029A800EF0C1FE044628460CF0A0FFA11C0746B5
S214029A9089B228460EF08AFE00283ED0002C3CD022
S214029AA02146284605F064FB0646611C284689B214
S214029AB005F05EFB0F2E30D8194B9B5DE118731E26
S214029AC089B2092B0ED8DFE803F009050D0D120D39
S214029AD00D181E1EC40644BF083189B2820601D57F
S214029AE0083189B22846BDE8F8400EF05FBE7B78A2
S214029AF0DB0612D501EB4001F3E700F01F0000EB96
S214029B0040000144EDE71F2805D8092E0ABF400091
S214029B10022080B2F5E7C828E4D00020F8BD00BFD6
S214029B202D9A0400F8B506460CF050FF09220021D3
S214029B30054610F0B7FB00F11004284611F091F824
S214029B40E4B207462146304605F012FB054630468B
S214029B5010F084FCBA05A0EB0403DBB20AD47C2D19
S214029B600AD0082D0AD8064A505D98428CBF0020BB
S214029B700120F8BD1220F8E70320F6E7FF20F4E7FD
S214029B803E9A0400014B1878704700BF8E6C002086
S214029B9038B5114B04461B7808469BB9012038BDE0
S214029BA0A24205F101050FD103EBC1035B6898479A
S214029BB00028F3D11E2022464FF6FF7111F01AF844
S214029BC00020ECE70025054BE9B213F83120002A05
S214029BD0E6D11446EEE700BF8E6C0020E49904003E
S214029BE04FF6FF7307B502220DF106010348ADF8E2
S214029BF00630E3F78BFA03B05DF804FB603202E04E
S214029C00002307B5ADF80430134B984221D10B88D8
S214029C10DA0703D5232003B05DF804FB9B0748BF91
S214029C204FF47F434FF002020C480DF1060148BF85
S214029C30ADF80430E3F73EFA4FF6FF73BDF80620A0
S214029C409A42E7D10222054801A9E3F75FFA00200B
S214029C50E1E72120DFE700BF1FD1BACA603202E087
S214029C60002313B50222038004460DF106010F48B5
S214029C70E3F720FA2D2801D0112805D14FF6FF73FD
S214029C80ADF80630FFF7ACFF9DF80630BDF80620AB
S214029C901BB1238843F0010323800020FF2A82BFE2
S214029CA0238843F00203238002B010BD603202E034
S214029CB0034B1B78002B14BF442056200E307047EF
S214029CC0716200202DE9F04F8DB0179C064689463A
S214029CD0CDE90223BDF85870D588ADF816103CB908
S214029CE0EC0605D500970BF0CAF80DB0BDE8F08F6C
S214029CF0C5F380242B054FEA043448BF44F40064BD
S214029D00A80511D544F080040A2E00F26981DFE826
S214029D1016F09A002F001700370067016701370018
S214029D2010009A0037009E00E90548BF44F0400440
S214029D30EAE74FF001084FF0020B4FF0000A14E07A
S214029D4008A95FFA89F00EF0A3F9DDF82500DDF820
S214029D50291006AB03C3A44B33F81930ADF81630FE
S214029D604FF00008C3460DF1180A002F5DD125E01A
S214029D7006AA0DF116015FFA89F003F017FAEFE76B
S214029D804FF6F773994540F22B8115F4026F40F0B7
S214029D902781964B1B78022B03D0043B012B00F243
S214029DA0218147BB032E4FF001080CBF4FF00C0B6E
S214029DB04FF0080BBA4624F4C074A4B28C4B188831
S214029DC04FF6FF73984206D08A49FAF767FB10B13E
S214029DD024F48054A4B2039B38460093BDF81620A0
S214029DE0534644F4027105F0EBF9ADF82000002862
S214029DF038D1192079E7384610F030FB0246FFF7D3
S214029E0057FF032E08BF0138824201DD38206CE777
S214029E10032E4FF001080CBF4FF00C0B4FF0080B4F
S214029E204FF0000A24F4C074A4B2029B1B889BB9AC
S214029E301A4639460620009308F0AFFE0028BDD128
S214029E4040F6014051E74FF00008C34675E74FF071
S214029E5001084FF0030B70E7002339461A46072025
S214029E600093E9E74FF6FF73614A118899421CD0C6
S214029E700CF0ACFD03465E4A04301188039310F0E2
S214029E80F2FE5D49039B097814F4805FD971594943
S214029E90574A1FBF086898604868D8604FF6FF7335
S214029EA013804FF0FF330B604B605946029A08A8A6
S214029EB005F03AFA00289CD0504C2378002B3CD16F
S214029EC0A7B1384610F0CAFA0746BDF8200010F0CF
S214029ED0C5FA23780744002B14BF12220022EB1087
S214029EE003F0040317443B44842B8FDC15F400571D
S214029EF00AD0BDF8204020460CF06EFC40F480618B
S214029F0089B220460CF053FCA6F10803012B05D8B3
S214029F1001221021BDF820000CF04FFC179BBDF863
S214029F20204043B32046BDF816100CF099FCBDF84D
S214029F302030179A00201380D7E6AA06C0D56B01F8
S214029F4003F020030A2E14BF43F0010363F07E03DE
S214029F50DBB2B8F1000F08D000215246009108A8E3
S214029F6000F082FE0028ABD0BFE61A46514608A88B
S214029F700DF07DFFF6E720460EF045FC179B0246E5
S214029F8021460420009308F008FE00283FF458AF4C
S214029F900A2E18D84FF4D963F340DB0713D5072EE1
S214029FA00AD00A2E08D0BDF820000DF020FA80F064
S214029FB00100C0B2800098E608A80BF0CFFA00288D
S214029FC0F1D0042091E617B125F04005ADB22B463C
S214029FD03146BDF820005FFA89F201F07DFE84E684
S214029FE0012082E6162080E6D45A00207562002000
S214029FF0146C00208F6C0020286300207162002001
S21402A000F7B50F469DF828100446DDE90B061D46F7
S21402A010F1B94FF6FF739C421CBF174B1C804FF0E2
S21402A02000041CBF154B1A70BDF8240005F012FA86
S21402A03000232A46CDE90043394606209DF8203003
S21402A040FFF740FE10B90EB1AB7A337003B0F0BD25
S21402A05078B14FF6FF739C421FBF074B1C80074B1D
S21402A0601A7000220CF0CDFC04460028DCD1192020
S21402A070ECE72120EAE700BF146C002028630020EA
S21402A0802DE9F04788469DF82810074616461D46D5
S21402A0909DF820A0BDF824900B9839B158B3002241
S21402A0A00CF0AFFC044610B9192025E00C464FF61A
S21402A0B0FF739D421FBF114B1D80114B83F800A0FA
S21402A0C04FF6F7739E4208D80E4B4FF6FD761A7877
S21402A0D04FF6FF73002A18BF1E46484605F0BAF927
S21402A0E000233A46CDE9084331464346BDE8F047E9
S21402A0F00320FFF7E7BD2120BDE8F087146C00209F
S21402A10028630020326200202DE9F04786B09DF8D1
S21402A11038600546DDE90FA80C4617469946B6BBD9
S21402A120374B1B78022B1DD125BB4FF6F7739C428B
S21402A13014D80026484605F08DF900233A46CDE9A4
S21402A14000632146FF232846FFF7BCFD38B9B8F165
S21402A150000F04D0BB7A88F8003000E0012006B079
S21402A160BDE8F087043B012BDED908460BF0F3F975
S21402A17010B31DB3022D31D1EEF7F4FAA042EDD999
S21402A180204B33F814204FF6FD739A4219E0BAF1C9
S21402A190000F32D01A4B1B78022B05D1FFF788FD31
S21402A1A0B042E6D23820DAE7043B012BF6D908465D
S21402A1B00BF0D1F90028F1D11620D0E74FF6F7734D
S21402A1C09C42CBD8002EB4D03146002250460CF02A
S21402A1D018FC06460028ADD11920C0E7012DBDD1D6
S21402A1E004AA0DF10E01E0B202F0E0FF064B1B7866
S21402A1F0A342B3D9BDF80E20C5E72120AFE700BFC2
S21402A20075620020D45A0020606C002030B5104BD6
S21402A21087B005460C461868596803AA03C29868B0
S21402A2200C4910609A88DB8852BA23F04003ADF8D6
S21402A23012300023CDE90043ADF81020FF23098831
S21402A24003AA0720ADF80E50FFF73CFD07B030BD5D
S21402A250125C00201E5C002038B50C461146124ADD
S21402A260124D108022682A6062686A60A268AA603C
S21402A270E288500616D5EA88520613D561B1002246
S21402A28018460CF0BEFB014650B16088FFF7BEFFD1
S21402A2900522074B1A7038BD08460EF0F5F9F2E7AC
S21402A2A01920F5E70220F6E71E5C0020125C00206B
S21402A2B0386300202DE9F04F074689B01046154650
S21402A2C01C468A460EF09FFA0146284604F050FFC6
S21402A2D0064628460CF07AFB043010F0C2FC804694
S21402A2E00CF005FD804550D0B2074ED1DFF8AC80A9
S21402A2F0284605A9B8F800B00EF06CFB9DF8193098
S21402A300A8F8007003BBBDF81430EBB928460CF071
S21402A3105DFB023010F0A5FC4FF6F773984294BF2F
S21402A3204FF000094FF0010901230134E4B22A4636
S21402A3303846CDF8009005A9039303F001FC039B71
S21402A34040B901339C421ED20020A8F800B009B0E2
S21402A350BDE8F08F022CF8D1012BF6D10C4A0D4B3A
S21402A360A3F800A01378591C11700B4A7F3B16F015
S21402A3700C01137007D1BDF81A305B0603D5BDF881
S21402A3801600FFF743FF0223D1E70020DFE700BFF6
S21402A39073620020146C0020286300201E5C0020DC
S21402A3A02DE9F04FABB00F46ADF81E000CF00EFBD9
S21402A3B000F1020A0646504610F053FCBDF81E4055
S21402A3C0054620460EF01FFA0146204604F0D0FE4F
S21402A3D0814600F00308301D10F043FC414C2080FB
S21402A3E00CF085FCA8422DD04FF6F7739D4229D873
S21402A3F07378DA0726D428460DF0BFFF30B1012362
S21402A4002946BDF81E202088FFF754FF0CF06FFC8B
S21402A410344B1B8883420FD1BDF81E4020460EF0F7
S21402A420F2F90146204604F0A3FE10F00C0103D117
S21402A430BDF81E0001F00EFD00222B4B1A602BB059
S21402A440BDE8F08F2949BDF81E000EF0C3FA284970
S21402A450BDF81E000EF021FA0028254B08BF002387
S21402A460214ABDF81E0013600CF03CFA214B18700E
S21402A470BDF81E000CF03BFA1F4B1870BDF81E000C
S21402A4800CF040FA1D4B186000238DF82230002F86
S21402A4903AD0164BDB889B0636D5194B1B689D07B0
S21402A4A01ED4B8F1010F14BF082318230DF122029F
S21402A4B0009200220DF11E00114600F0D5FB18B3E3
S21402A4C0B8F1010FA2D10F4B1B78112B9ED10DF0C4
S21402A4D06DFD00289AD140F61D40FBF70FFB95E76D
S21402A4E00823E3E71E5C002000570020125C0020D1
S21402A4F0206300201B6300201A630020EC56002015
S21402A5006448002075620020504610F0AAFB82467E
S21402A510BDF81E000FF0A2FFA0F11005EDB22A460C
S21402A52031460AA8F1F70EFBFF238DF82F304FF6BF
S21402A530F7739A4540F2DF80B8F1010F00F0E7802A
S21402A540B8F1020F00F04681B8F1000F7FF45EAF5B
S21402A550A44DBDF81E00EB88ADF8240004930CF061
S21402A56035FABDF82460074630460EF04CF901462F
S21402A570304604F0FDFD8DF82300B81C7E7810F0FE
S21402A58070FB07460CF0B3FB06F00106B4F8009029
S21402A59003906C88002E7FF439AF4FF6F77A424666
S21402A5A0494657458CBF0620082010F023FBBDF80D
S21402A5B024B058460EF027F9594602464346042070
S21402A5C0CDF8008008F0C6FA574583460AD8B5F992
S21402A5D00620EB88002A05DB580603D541462046AE
S21402A5E0FFF714FEBBF1000F3FF410AF2B88002BD1
S21402A5F05AD16B79002B57D14FF6F7730DF126011E
S21402A6009F42BDF8240094BF4FF0000B4FF0010BA1
S21402A6100DF09DFDDFF8D8A100F1FF38BAF8003042
S21402A6201FFA88F10593EB88BDF82600069304F01E
S21402A6309FFD069B04990190009322465B4605986F
S21402A640C1F340110AF094FF00283FF4DFAE042362
S21402A65006200093BDF82610624B5FFA88F208F0D7
S21402A66079FA00283FF4D2AE48F202036A889A4288
S21402A67005D1BDF82410BAF8000000F025FF594DA8
S21402A68009AA29460DF123000AF070FF03460028A6
S21402A6907FF4BCAE2104BAF80000BDF8242060D5D1
S21402A6A0234629460DF068FD9DF823304D4D03F0F4
S21402A6B00C030C2B75D128890DF029FD00283FF4D8
S21402A6C0A5AE039B002029894B4514BF022603260C
S21402A6D002F044FC444B18704FF6F7739F42BDF8E5
S21402A6E0240075D8A4F138025342534132463D49FC
S21402A6F004F036F88AE6B8F1020F6BD0394BB3F99C
S21402A7000630002B26DAB8F1010F7FF41DAF0CF0ED
S21402A710EEFA238883423FF479AE0520BDF81E1078
S21402A720FFF736FA00283FF471AE2E4AD3885B064E
S21402A73007D50023CDE900330A20FF232188FFF73F
S21402A740C1FA3A469DF822302188BDF81E0002F072
S21402A7501DF85BE629460AA800F070F80028D2D059
S21402A76054E60221DFF88C8088F800102946CDF8DE
S21402A77000B003F0E5F9132C96D0EB885D0493D471
S21402A7801A4B1B78D80703D598F80020022A8BD0DC
S21402A79099077FF53BAE98F80030012B7FF436AE72
S21402A7A082E700222B79124800936B7911460088C3
S21402A7B002F0FCFB0C4B18709DF8233003F00C03E0
S21402A7C0082B89D1039B4B4514BF0426052683E735
S21402A7D001238BE74846BDF81E20024901F0AEFA77
S21402A7E014E600BF125C00203763002036620020A9
S21402A7F01E5C00202963002010B5002108480CF0DA
S21402A80049F9044650B101460420FFF7C1F928B1C0
S21402A8102046BDE810400121FFF7C2BD10BD00BFB3
S21402A820025C0020034BFF211A7803489200F0F7DF
S21402A830F9BF00BF616C00201C45002070B54518AA
S21402A84004464FF0FF31AC4212D1104B10481A7832
S21402A85005460023934211DB0E4C2078431CB3FBC3
S21402A860F2F602FB163345F82010237000200CE0A7
S21402A87014F8010BE1F79EFD0146E4E750F8044B9D
S21402A880A14201D00133E5E7012070BD616C0020D2
S21402A8901C4500202A630020042307B501200DEB87
S21402A8A00301054AF9F76AFA019B044A1B0313607F
S21402A8B003B05DF804FB00BF23E11100FC56002044
S21402A8C0014B1868704700BFFC560020014B186801
S21402A8D0704700BFFC56002010B5064C2368C3F331
S21402A8E00B0313B90448E2F7D5FB2068431C236028
S21402A8F010BD00BFFC56002023E111002DE9F04FE9
S21402A90093B003930023DDE91C79069399F800308F
S21402A91083460DA804930E4615460AF0B7FA99F830
S21402A920003013F003043ED0039B0DF1250A8DF888
S21402A93024300022082138460CF067F9002870D02F
S21402A94028880CF043F899F800301C074CBF0430F6
S21402A950023010F086F907A98046F9F79FFB9DF8AA
S21402A96024300446980633D5288806F10D010DF0EA
S21402A9701DFFA8B100230093384608232988721DBC
S21402A98010F068FA99F8003003F01803182B4AD131
S21402A990B8F1000F47D0A94BB3F86830434542D010
S21402A9A040F60A4327E02888711D0DF0FFFE0028B6
S21402A9B0F6D0009405233246298809A810F04AFAF0
S21402A9C09DF824300DF1240A03F018030393B0E730
S21402A9D014BB39464046F9F761FD0028D2D099F8F3
S21402A9E000309907DCD040232246214640460DF02F
S21402A9F06AFC40F6094399F8002012F0030440F07E
S21402AA00F780288803930BF044FF224601461A205B
S21402AA1010F0F0F8039BEBE007AB03CB38607960ED
S21402AA20B0E74FF6FF780AF086FD044620B104210F
S21402AA303846F9F74FFB04461E9B002B5AD00923D3
S21402AA401E990DA88DF834300AF09AFB209B0BB1A4
S21402AA50209B0693039B002B40F08E800DA8EEF7FA
S21402AA6031FB99F800309A0700F09880FFF734FF20
S21402AA705146024601200AF0A8FD99F800309B07CD
S21402AA8010D5594628880DF06BFF0BF1090350FAD2
S21402AA9083F35FFA83FB594628880DF038FF00EBF4
S21402AAA00B06F6B299F8003013F0C20F0AF104034F
S21402AAB00DD09DF82420624942F020028DF8242011
S21402AAC00A68CAF804204A685A600AF10C0301228E
S21402AAD009A800921B1A324629889BB210F0BAF9CE
S21402AAE0324659462846FEF7E1FE002800F0A480CA
S21402AAF000237DE01F9B5BB19E460DF1340CBEE841
S21402AB000F00ACE80F00DEF80030CCF800309DE70E
S21402AB10049B594603F020032888049304F028FB7C
S21402AB2010F0030F0CBF012300230593049B059A24
S21402AB30003B18BF012342EA430300930DAA06AB6B
S21402AB4038461F9900F0FEFA049A034682B100289E
S21402AB5080D0059B0DAA0093384606AB1F9900F0DD
S21402AB60F1FA034699F8002022F0200289F8002024
S21402AB70002B3FF46FAF3EE7039B102B06D1BDF8C8
S21402AB80363043F00103ADF8363067E7039B182BE7
S21402AB904FD1BDF8363043F00203F4E701200DF141
S21402ABA025010AF020FD99F80030824613F0040FC2
S21402ABB0288821D1069B1BB3002C35D00BF069FEEA
S21402ABC000220146162010F015F884B17FB14FF628
S21402ABD0FF7398450BD000230DA91A4638460AF093
S21402ABE0E0FB394640469DF835200AF0BAFC0123C0
S21402ABF0184613B0BDE8F08F002CDFD1104F01E0ED
S21402AC00002CDBD100233246009359463B460DF01A
S21402AC102EF800283FF4C4AE002C3FF469AF069A23
S21402AC200AF10103136063E71B685345C6D8012483
S21402AC30E8E740F60A43DBE71923D9E7E4550020A4
S21402AC40F8620020002307B5054A0648136004226E
S21402AC500DEB02010193E2F759FA03B05DF804FB2B
S21402AC60FC56002023E111002DE9F04F0446B1B056
S21402AC7000888DF82F3016468A460DF0C4FD014630
S21402AC80814620880DF043FE00EB090820880DF06F
S21402AC9090FE00239DF82F505FFA88F815F0010702
S21402ACA00790ADF8363008D101460DF136022088FD
S21402ACB00DF036FD08B1ADF8367016B9CDE90E6660
S21402ACC00EAEFEF763FC18B145F020058DF82F5046
S21402ACD00023CDE9033302930DF12F03CDE9006380
S21402ACE02246534641464846FFF708FE05460028D8
S21402ACF000F043819DF82F3013F0010746D1B44A85
S21402AD0023F02003106851688DF82F3010AB03C370
S21402AD10184600F0FBF90546FEF744FDBBB2984222
S21402AD2000F2B7803A9B13B100233A9A1370BDF82B
S21402AD303630CBB1012120880FF0ACFB27880546C0
S21402AD40002800F04F81012138460FF0A3FBBDF822
S21402AD503670054638460FF081FB002300903A46CF
S21402AD60194628460DF05FFC0023CDE90333029313
S21402AD700DF12F03CDE9006322465346414648466D
S21402AD80FFF7BCFD0546002800F0F7809DF82F303F
S21402AD9003F01103102B40F003818E4B1B78432BDC
S21402ADA040F0FE808C4B1B685B0640F1F9802088E1
S21402ADB008F105010DF0FAFC8346002800F0F08049
S21402ADC04146208804F0D4F9844B10F0200F08BFC7
S21402ADD01E4612A800F09AF90822314612A8F1F788
S21402ADE06DF8002800F00E81314612A80AF082FBA8
S21402ADF0012326AE00933246002314A912A800F0BF
S21402AE00A1F9002840F0CC8012AB0DF12F07CDE956
S21402AE1003600290009322465346414648460197F5
S21402AE20FFF76CFD002800F0EF80BDF89A30102086
S21402AE3043F0080318AA14A9ADF89A300CF0EEFDF8
S21402AE40002840F0AD8012ABCDE90360CDE9017079
S21402AE5000932246534641464846FFF74FFD0546B5
S21402AE60002840F09D8018AB4FF49071002012AA83
S21402AE7000F0D4F84FF0005100200DF04CF8BBF172
S21402AE80000F00F08C804FF0805100200DF043F848
S21402AE9085E018AB14AA26A9F8B20AF0D7FA002859
S21402AEA040F09480082210A927A8F1F707F88346F5
S21402AEB0ADB19DF8A53013F0020F08930FD008220B
S21402AEC012A927A8F0F7FAFF48B9089B590706D532
S21402AED03A9B13B101233A9A1370089507E03A9BFE
S21402AEE0002B61D1BBF1000F70D1002308930DF146
S21402AEF0740C14AB0FCB8CE80F00BDF83630CBB118
S21402AF00012120880FF0C6FAB4F800B000284FD00E
S21402AF10012158460FF0BEFABDF836208346104689
S21402AF2009920FF09BFA00231946099A0090584698
S21402AF300DF079FB2A4B0DF1740B04930023039357
S21402AF400DF12F03CDE9006322465346414648469B
S21402AF50CDF808B0FFF7D2FC002837D1002D33D049
S21402AF6012AA5B464FF482714FF4005000F056F876
S21402AF70089B13B126A80AF084F8174B1B689A0799
S21402AF800DD4FEF703FB50B1114A18AB1068516896
S21402AF9003C3002226A918A80CF063FD68BB00258F
S21402AFA0284631B0BDE8F08F00233A9A137099E72D
S21402AFB0BDF836200A90104609920FF04FFADDE9E6
S21402AFC0092307990090B2E72A46CAE70137A3E6A3
S21402AFD0C5D5030075620020644800204E56002046
S21402AFE060480020BDF836B058460FF037FA2B46B8
S21402AFF000905A4638460799B4E626A918A80CF0D7
S21402B0006CFDC6E78346F3E614AB2DE701461A232A
S21402B0100120014AF8F7B2BE24E10100F0B5164657
S21402B02091B0074609A80D461C46FFF7EFFF3EB152
S21402B030336845F04005CDF826307368CDF82A30DF
S21402B0401B4B1A6822EA070242EA050119604B0402
S21402B0500DD5BDF824200B0A03F4E243C9B222F44C
S21402B060E3420B4322F07F021343ADF824301A2347
S21402B0700020104A09A9F8F781FEB4B104A809F025
S21402B08005FF02236A468DF810301546234604F162
S21402B0901006144618685968083303C4B342224699
S21402B0A0F7D1294604A80AF06BF811B0F0BD00BF2C
S21402B0B06448002024E1010047F2FF10044B19689F
S21402B0C041F48042014041F480411A600CF023BFF3
S21402B0D06448002000B589B0FEF7CAFB01A8FFF756
S21402B0E095FF0948BDF804200168130221F0FF010C
S21402B0F003F4E2030B43D2B2134343F480430360E8
S21402B10009B05DF804FB00BF6448002010B50C4B84
S21402B1100446186888B0830706D54FF0FF332360CD
S21402B1200120636008B010BD10F04000FAD001A8FC
S21402B130FFF76CFFDDF806302360DDF80A30EFE734
S21402B140644800202DE9F04F99B081460C461E4611
S21402B15017469DF88880A2B11546284609F096FE45
S21402B16018F0020B0FD004B911AC6B4622462946E2
S21402B17048460AF049F90EB10023336019B0BDE81B
S21402B180F08F0CADE9E76B462946484604AA0AF05A
S21402B19008F96B7808F00108FF2B25D000287AD131
S21402B1A054B104AB08AF1A4603CABA4220606160C3
S21402B1B0134604F10804F6D126B16A78374B03EB3E
S21402B1C082033360B8F1000F01D10020D6E7BDF844
S21402B1D00030D906F9D418204FF6FF716A780FF0BE
S21402B1E009FD40F60E40C9E7DFF8B8A0DAF80030ED
S21402B1F02EB19A0756BF2A4AC6F800B0326003F04C
S21402B2003003102B01D0202B1ED111A8FFF7FEFE13
S21402B210082248460DF14601F0F750FE28B1DAF84A
S21402B220003003F04403402B0ED0B8F1000F0ED1CD
S21402B23008A80CF074FE02232B70C4B9002FC4D0E9
S21402B240281DFFF763FFC0E740F60A4096E7DAF8E4
S21402B2500030DB03ECD508A80CF061FE02232B704D
S21402B260BCB9002FB7D0281DFFF750FFB3E7002662
S21402B27008AB0CAF1A4603CABA4220606160134696
S21402B28004F10804F6D1281DFFF740FF002E9CD0DB
S21402B290A1E70126ECE72D2070E700BF78440020E6
S21402B2A0604800206448002049B9084B197849B123
S21402B2B04EF66023594328B105480FF09FB941F274
S21402B2C08831F8E70248F8F7DFBC00BF3462002096
S21402B2D0B047002070B586B00546F8F7C3FD10B932
S21402B2E0022006B070BD01A8FFF710FF0646002830
S21402B2F0F6D08DB92E4B1C6814F0020406D02D4BE6
S21402B3001B78112BECD12C4BB3F868404FF48163B9
S21402B3100221ADF80C3023E02846F9F72DF9002873
S21402B320DED1234B1C6814F0020406D0214B1B7896
S21402B330112BD5D1204BB3F868400822294601A824
S21402B340F0F7BCFD0028E1D04FF4027300260A2174
S21402B350ADF80C302B68CDF80E306B68CDF8123095
S21402B360002203A80BF04DFB024608B91920B8E7E5
S21402B3700F4B196801F03003102B17D0202B14BF87
S21402B38001230323490001F004010B432046002158
S21402B39000F0F4FF0028E9D000210120FFF784FF27
S21402B3A016B10122054B1A7000209AE70323E9E73B
S21402B3B06448002075620020E45500201F630020C8
S21402B3C030B500251D4C85B0CDE90055F8F75CFC7C
S21402B3D023784BB31A491B480A780078904223D93F
S21402B3E00132012B0A700ED12A464FF4A07128466C
S21402B3F002F0BEFAC0B2B8B941F2883112480FF074
S21402B400FDF805B030BD022B09D1284602A9F9F78E
S21402B41045F80028EED102A8FFF75CFFEAE7032B07
S21402B42002D101F065F9E5E7002108462170FFF731
S21402B4303BFF0421684609F097FCE2E72B630020F5
S21402B4402C630020976C0020B047002070B5194A84
S21402B450194D04465168106886B02E7801AB03C3B6
S21402B4601EB10224204606B070BDF8F745FD02283C
S21402B470F7D103A800F0E8FD082201A90DF10E009D
S21402B480F0F71CFDA0B10D4B32464FF4A0713046CA
S21402B4901C7002F06DFA04460028E3D10123084A24
S21402B4A041F2883107482B7013700FF0A7F8D9E7DE
S21402B4B02324D7E7479A04002B630020976C0020CA
S21402B4C02C630020B0470020F0B50C4600219BB04C
S21402B4D02B4F0646492207A80691F0F7A3F93B78B8
S21402B4E0012B34D19EBB0DF10E0120460CF02FFE2F
S21402B4F00546BDF80E000EF0B1FF441BE4B2BDF8DF
S21402B5000E1023462A46009606A80FF0A3FC3046E5
S21402B51004A9F8F7C3FFD0B9CCB19DF81920B2B987
S21402B520BDF8233003F47E43B3F5285F1ED3B3F58C
S21402B530385F0ED31349BDF80E000B6843F40003C0
S21402B5400B60294609F0F0FF18B104233B701BB0CC
S21402B550F0BD01220C4B04A81A70FFF7BBFE41F2A5
S21402B56088310A480FF04AF80223EFE711463A708C
S21402B570FFF79AFE1E2104A809F0F6FBE7E700BFD4
S21402B5802B630020644800202C630020B047002074
S21402B590014B1870704700BF2C630020014B1878CF
S21402B5A0704700BF2B630020014B1870704700BF26
S21402B5B02B6300202DE9F04F0446408891B00E29F7
S21402B5C08846ADF81A0074D094F80890A7790BF064
S21402B5D0FDF909A90546BDF81A00E6790DF0FAF953
S21402B5E0BDF81A000BF0F8F8430542BFBDF82A3042
S21402B5F043F40053ADF82A30E379D80642BFBDF8CB
S21402B6002A3043F48053ADF82A30BDF82A30990622
S21402B61013D5022F52D10CA9207A0CF039FDDDF891
S21402B6203500DDF8391007AB03C307AA002104234F
S21402B63000910DF11A00FFF717FB0121BDF81A0061
S21402B6400EF028FF022F824644D1454B33F819509C
S21402B650B8F1000F79D0BDF82A305A0675D54FF6E4
S21402B660FB72954271D83F4AB2F86820AA426CD063
S21402B670DB0502D528460CF051FEBDF82A30D80468
S21402B68063D5002F33D1BDF81A000BF0A5F8C1061A
S21402B69063D548F23403BDF826209A4209D1324EC9
S21402B6A03078FF2805D003222946FCF72BF9FF2322
S21402B6B033700023236011B0BDE8F08F012F01BF65
S21402B6C0237A2A4A03EB430302EB830314BF0022C6
S21402B6D09A1CABE7012F05D10C2303FB09F3234A7F
S21402B6E0D55AB5E7A81C0FF0BCFA0546B0E72846BF
S21402B6F001F07CFDBDF81A000BF06EF8C206C8D445
S21402B7006389504605930EF0A9FE834650460EF016
S21402B71089FE059B02905FFA8BF04A4639460190F5
S21402B7200093404609AB09F0B7FAB8F1000F14BF10
S21402B7300B20092016F0030218BF02F1FF32294639
S21402B74018BFD2B20FF056FAA3E7BDF81A000BF0F4
S21402B75043F8C3069DD4002FD2D1A946D0E700BF36
S21402B760D45A0020E45500209B6C0020145A002076
S21402B77038B500240F4B104D2A78A24205D8C2B91C
S21402B780BDE838400D48F8F77FBA598869B9013ADA
S21402B790D2B2A2422A70EFD0121B184603F1100151
S21402B7A01201F0F791F80346E6E701341033E4B2EB
S21402B7B0E2E738BD7C4400202F630020506B002057
S21402B7C070B51A4B1A4A1D780023DCB2A54200D87F
S21402B7D070BD144666880133864202F11002F4D127
S21402B7E0E379A588E16003F040028DB9CAB123F07F
S21402B7F00403E3710BF0EAF8037803F07F030370A7
S21402B80021880029E4D1BDE870400A480EF0F6BE51
S21402B81000216580A180002AE9D1BDE87040FFF7CB
S21402B820A7BF2046FFF7C6FEF7E700BF2F6300203C
S21402B8307C440020506B00202DE9F047044686B079
S21402B84040880F4615460BF0C1F8A3798046082BB0
S21402B85052D8DFE803F0052E185151515151050018
S21402B86002300FF0FEF9002D4ED06946F8F716FEAC
S21402B870002841D1684601F063FDB0FA80F0400925
S21402B88006B0BDE8F08702A9207A0CF001FC6B46F0
S21402B8906E46DDF80D00DDF81110334A03C3237A35
S21402B8A032F81390314AD05C75B131460CF014FC74
S21402B8B0E6E7237A2E4903EB430301EB830231F8D2
S21402B8C02390907A961CEFE74FF6FB7AD14515D96E
S21402B8D030460CF04BFD4FF6FF739842054615D0E6
S21402B8E00146304601F09EFC554508D9E379DA0652
S21402B8F00ED440F62243E3600020C1E74D462946B7
S21402B90008F102000FF0AFF90120B9E74D46EDE766
S21402B9104FF6FC78454512D103F00C030C2B1CD1D4
S21402B920DFB130464FF6FD7101F07CFC40F61F4158
S21402B9302046E160FFF73EFEFFF71AFFDCE74FF610
S21402B940FD739D4209D10023304619461A4602F07D
S21402B950DBF84146304601F065FCE37943F00C0320
S21402B960E37140F62343C6E7D45A00203B62002028
S21402B970145A002073B5044640880E460BF026F88B
S21402B98002300FF06EF909F0E6FD18B1A11C201D79
S21402B99009F0E6FDE6B1E5790135EDB2E57115F09F
S21402B9A0400514D0ECF7D8FE0122054600212046B9
S21402B9B0FFF742FF18B1394B1B882B449DB2384B18
S21402B9C01B78042B01BF354B1B885B199DB2258063
S21402B9D0002231462046FFF72FFF20B360880AF088
S21402B9E0F5FFE2792F4922F00C03E3710B78054646
S21402B9F00133DBB20B70C3712B4BA61C1B780BB347
S21402BA00E37998061ED52949097871B159060CD5ED
S21402BA1092070AD500220423114630460092FFF709
S21402BA2023F910B1E06002B070BD00220123114676
S21402BA3030460092FFF718F920B1E37943F003038A
S21402BA40E371EFE7304609F089FD0028EAD1608805
S21402BA50FCF7C0FA0328E6D8DFE800F0020D1D194D
S21402BA60E37943F00403E3711B06DCD5104B1A7826
S21402BA70104B1A70D7E740F62443E360E37943F0AD
S21402BA800803E3712B7803F07F032B70CBE740F6B5
S21402BA902543E360C7E740F62643FAE7EE6B00204D
S21402BAA0766200207362002071620020986C00208B
S21402BAB0396200202E6300202DE9F74F06460EF06D
S21402BAC0E6FF5F4B0546B3F8009018805D4BA0EB8F
S21402BAD009041B78A4B2A34298BF00234FF00008C3
S21402BAE04FF6FF7788BF1B1B564A88BFDBB2137020
S21402BAF0DFF864B1A9EB00030093534B5FFA88F2B8
S21402BB00197891420ED80EB1FFF732FE4FF6FF7348
S21402BB109F4200F08E8039464C4803B0BDE8F04F95
S21402BB200EF06CBDBBF80220002A3CD0484B9BF8B6
S21402BB3007201878BBF800A0042818D00020BAF115
S21402BB40000F08BFA2462044504523D2BBF800107F
S21402BB50009B1944ABF80010002E4ED002F04802AB
S21402BB60482A4AD100215846FFF704FF45E00192D1
S21402BB70F8F704FC30F01003019ADFD1FBF746FC1D
S21402BB80344B019AB3F800C08445D7D9ACEB000019
S21402BB9080B2D4E702F00C00042807D10022ABF8EA
S21402BBA000200BF1100B08F10108A6E7510602F07F
S21402BBB0030C02F008000ED528B3BCF1030F25D102
S21402BBC0DEB1DBF80C105846002908BF4FF442617C
S21402BBD0FFF7F0FC11E040B3BCF1010F25D11206CD
S21402BBE0EED44FF4C862ABF800209BF8072022F090
S21402BBF0030242F002028BF80720BBF800209742AD
S21402BC0028BF1746CDE703208445D9D213060ED5A2
S21402BC100C4B1A780AEB0200844208DA4A44521B9A
S21402BC200AEB0201ABF80010E7E70120ECE701217E
S21402BC3099E7064803B0BDE8F04FF8F725B800BF0D
S21402BC40085C00202E6300202F630020506B00202B
S21402BC5076620020EE6B00207C440020F8B50025BA
S21402BC600A4E0B4F3378ECB2A34204D8BDE8F84034
S21402BC700848F7F719BD07EB0414A01CF7F714FDE4
S21402BC80201DF7F711FD0135ECE700BF2F630020FA
S21402BC907C440020FE5B002070B500240B4D0C4E49
S21402BCA02B78A34208D81B1BDBB22B706BB9BDE8FE
S21402BCB070400848F7F7E8BF06EB041040F621414B
S21402BCC00134FFF777FCE4B2EAE770BD2F63002089
S21402BCD07C440020506B0020F8B5154EDFF858E083
S21402BCE035789EF800E0134FAE454FEA051C07EB89
S21402BCF0051419D0002503F4835343EA1323A171D4
S21402BD002272E371608027F80C50A58003F0A8FB2E
S21402BD1040F60243E360337860810133284633708D
S21402BD20FFF7CAFE2846F8BD40F60340FBE700BF11
S21402BD302F6300207C4400205F6C00202DE9F04F2A
S21402BD40344B0D461C78174685B05CB9B1F90680AF
S21402BD50DFF8C890DFF8C8A0DFF8C8B099F800305E
S21402BD60A34202D805B0BDE8F08F0AEB0416B088ED
S21402BD7000B9708801A90CF02DFEAA7A9DF80E3043
S21402BD809A4244D1B8F1000F0FDA297A9DF80C20B6
S21402BD902B89914209D8204800780844824236DA34
S21402BDA0521A1B0A1341D90731D538460CF001FE48
S21402BDB0BDF80A3004469A0602D5EB889B06D1D512
S21402BDC0F37903F00C03042B08D17088F9F786FD8B
S21402BDD000237288194618460CF0C2FA0021304633
S21402BDE0FFF7E8FBFFF7C4FC38460EF037FB844249
S21402BDF008D2337A01228BF80030294600233846CF
S21402BE0002F0AEFCB8F1000FACDA0024A6E701346B
S21402BE10E4B2A3E72D6300205E6C00202F630020AF
S21402BE207C4400203763002008B50EF030FE074B36
S21402BE301B88C01A80B2B0F5807F05D9BDE80840DD
S21402BE40002103480EF0DABB08BD00BF085C0020E4
S21402BE50506B00202DE9F04788B004460D460CF0E2
S21402BE60D2FC0146204603F083F910F003035FD1AB
S21402BE7010F00C0F06D12946204608B0BDE8F04760
S21402BE80FFF79EBC20460AF0A7FCC30638D420461D
S21402BE900CF0B9FC0146204603F06AF90646204635
S21402BEA00AF094FD804602300EF0DBFE05A9074636
S21402BEB020460CF08FFD06F00C0698F801300C2E8A
S21402BEC00CBF4FF003094FF00609012113F0010FD2
S21402BED0204618BF4FF003090EF0DCFA174B8046D7
S21402BEE01B88A3420FD1B5FA85F04009FBF748FC40
S21402BEF020460AF09FFC0022014607200EF07AFE3A
S21402BF0008B0BDE8F08703F0ABFA824640460EF072
S21402BF10A5FA064640460EF085FAF6B202903A4672
S21402BF2049462846CDE900A605AB08F0B5FEDFE790
S21402BF30012BE5D110F00C0FE2D19CE7FE5B00204E
S21402BF40002210B5094B1C78094BD1B28C4201D89D
S21402BF50002010BD197A814202D19979022902D0B5
S21402BF6010330132F1E70120F3E700BF2F63002010
S21402BF707C4400200146002210B5084B1C78084B72
S21402BF80D0B2844201D8002010BD187A884202D16D
S21402BF9098790128F8D010330132F1E72F63002098
S21402BFA07C440020002210B40A4B1C780A4BD1B203
S21402BFB08C4203D85DF8044BFFF7DABB197A81424C
S21402BFC005D19979012902BF0021198059801033C1
S21402BFD00132ECE72F6300207C440020024B1878E5
S21402BFE0003818BF012070472F630020044B1B68DF
S21402BFF013F0300F03D0202130200BF08CBF704797
S21402C00064480020002310B5044608491A4601EA8F
S21402C01000414FF07F60FFF701F8E30703D50021E8
S21402C02030200BF078FF002010BD00BF0000720722
S21402C030044B5B8823F4784323F08D0303800020AF
S21402C040704700BF6448002008B500220346C3F8C4
S21402C0500220C3F806200B4A02301268D1B212F050
S21402C060200F18BF41F010011980930701D4FFF783
S21402C0704DF8054B1B78023B032B8CBF1720002084
S21402C08008BD00BF644800207562002038B505462A
S21402C0900C46FDF7EDFB98B10E4B187878B10E4BB7
S21402C0A01B681A040FD58CB113F0420F00D17DB174
S21402C0B003F44073B3F5407F0CBF0020232038BD45
S21402C0C040F60840FBE740F60B40F8E72046F6E766
S21402C0D02320F4E77162002064480020F0B504468D
S21402C0E08DB007A80D46164608F0D0FE1022002195
S21402C0F003A8EFF797FB5CB1234603AC03F11007E6
S21402C100224618685968083303C2BB421446F7D160
S21402C110012703A986EA070307A88DF81C708DF885
S21402C1201D3009F01EF880EA070401A8E4B2EDF714
S21402C13027F8B6B101A88DF80650EDF74DF864B1B0
S21402C140002303A907A88DF81D3009F019F80C4B37
S21402C1501B78432B01D1F9F7DBF80A4B1D700DB0A3
S21402C160F0BD01A88DF80750EDF736F8002CF6D092
S21402C17003A907A88DF81D7009F002F8EFE700BFC3
S21402C1807562002070620020F0B5012593B0074664
S21402C1900DA80C4608F07AFE05A90DA8ADF8345095
S21402C1A009F009F801A8ECF7EBFF09A90DA88DF82C
S21402C1B035509DF8066008F0FEFF0DA89DF8075062
S21402C1C008F08FFF70BB731BDBB2802B28D91FB120
S21402C1D0A64225D0A54223D105A90DA808F0D0FF76
S21402C1E003A8ECF7CDFF03A88DF80F60ECF7F4FF79
S21402C1F00122294609A8FFF771FF0AF072FF012102
S21402C2004FF400700CF097F8FDF71AFBB0F1004FF0
S21402C21001D9FDF71BFB044B187808F0A3FD01209B
S21402C22013B0F0BD0020FBE77062002070B50E462A
S21402C230144605460320FFF7B7F946F004022946DE
S21402C240204608F0F7FF0022014B1A6070BD00BFBF
S21402C25060480020F0B587B0078805461022002106
S21402C26002A8EFF7DFFA3E4B1B78002B76D1BC050F
S21402C2705ED407F08403842B63D00022394C114627
S21402C2801046FFF72BFF17F4045F276005F102063E
S21402C2901CD0B9040AD5304602F09CFA00284ED1CA
S21402C2A0236823F4005343F48073236030460BF074
S21402C2B0AEFE002842D108F0E7FD18B9236843F421
S21402C2C080332360236843F02003236022680DF145
S21402C2D0060042F400432360FFF7AAFE12F4805FD2
S21402C2E0BDF8063031D043F02003ADF806302168A1
S21402C2F0334611F0400218BF05F123024FF07F606B
S21402C300FEF78CFEBDF80630DA0703D50021302092
S21402C3100BF001FE23689B0506D5012295F8221034
S21402C32005F11200FFF7DAFE00200F4B186006E058
S21402C33005F112000BF06BFE00289AD0292007B0F8
S21402C340F0BDB80799D52320F9E723F02003ADF80E
S21402C3500630FDF77BFAFEF775FCC8E70220EEE72B
S21402C360756200206448002060480020024B18686E
S21402C370C0F30050704700BF644800202DE9F04F1C
S21402C380064689461046002189B01546984602F0B0
S21402C390EFFE102807460AD86A4B0341DB0706D48D
S21402C3A0C8F340049DB9002009B0BDE8F08F664B83
S21402C3B01C78002CF6D0FFF7D9FF00280CBF4FF4EC
S21402C3C0F0744FF4D074FC4004F00104EAE74FF036
S21402C3D0000A18F0010F5346524629464FF0050050
S21402C3E0CDF800A00CBF4FF0080B4FF4027B06F00E
S21402C3F0D4FB0028D7D0C82332460093594653466A
S21402C400284602F0DDFEADF80E000028CBD018F06C
S21402C410080A4AD14FF6F773A7F10F02D2B29E422C
S21402C4208CBF09230123012A01D843F04003474A5F
S21402C4308DF810301378591C11708DF81130002CBD
S21402C4404FD09DF81030052F43F020038DF81030A2
S21402C45033D03F4B1D78002D5AD04FF6F773002588
S21402C4609E424FF00F0248D9012304A90DF10E0097
S21402C470F7F75EFB002896D1002C4DD1BAF10001E9
S21402C48033463A4618BF0121BDF80E00CDF800909B
S21402C49009F06BF8ADF80E00002884D018F0040FEF
S21402C4A04DD031460AF0BBFF7EE749460DF10E003D
S21402C4B00BF066FF0028ADD175E70121BDF80E002E
S21402C4C00DF0E8FF012102F053FE0123834013F032
S21402C4D0620F1CD11E4B1B78E3B14FF6F77318257B
S21402C4E0BEE71B4B25461B780222002BBCD04FF61C
S21402C4F0F7739E42B8D8052FB6D0BAF1000FB3D163
S21402C5009DF8103043F040038DF81030ACE710254C
S21402C5100F22A9E71825FBE7BAF1000F0AD002237B
S21402C5204A46009029460DF10E00FEF79DFB0028B4
S21402C530A4D038E741235246CDF800A0F2E70AF02D
S21402C54056FF31E79FFEFEFF7162002072620020F6
S21402C550656200202DE9DF431E46144B80461B68A9
S21402C5600F469B0791460A9C1BD4204614B108F03E
S21402C570E6FFC0B20622CDE902403B460020CDE9E6
S21402C58000890B490CF0BFF8024650B10021002E7C
S21402C5900CBF01230323084604B0BDE8D043FFF7CF
S21402C5A0EDBE002004B0BDE8D08300BF6448002082
S21402C5B03F4D04002DE9F04F8DB081468A461F4656
S21402C5C093469DF85C803AB903A8FEF79FFDB0BB80
S21402C5D000200DB0BDE8F08F15460022232110463C
S21402C5E00AF00FFAADF80A000028F1D00DF01AFF93
S21402C5F00523044618F0100F00F8023B677020D09F
S21402C60011220021EFF70EF904F11306032F4FF063
S21402C610080237D159463046EFF756F9C8F3801369
S21402C62006F10905337208F086FF00283ED0002383
S21402C6302B706B700123033505F8013C36E003AD21
S21402C640CBE7012610221699EFF73EF906FA07F312
S21402C65013F0620F02D104F11206D7E707A808F01A
S21402C66015FC05A88DF81C60ECF78AFD9DF81620CF
S21402C67018F0200F9DF8173008BF134604F1130672
S21402C680A374C3E751463046EFF71EF9012306F1BD
S21402C6900802121B28460093BDF80A10082392B21D
S21402C6A00EF0D8FB042F06F11005BCD02D1BA9B244
S21402C6B00DF10A000BF08FFF002889D118F0040F45
S21402C6C00BD048460EF0BBFBFF281FBF074A32F8C6
S21402C6D0103023F4804322F8103043465146484631
S21402C6E0BDF80A20FFF74AFE73E700BFA05B0020F2
S21402C6F070B5032690B08DF80760F7F7B3FB18B94C
S21402C7000224204610B070BD02AD2846FEF7FEFC9D
S21402C7100028F5D01B4B1C6814F00204F0D140F23E
S21402C7200F43194AADF82430136804A8CDF8263012
S21402C7305368CDF82A3008F0A9FB95E8030005AB4C
S21402C74083E80300062304A88DF81D308DF81060D8
S21402C750ECF7B8FC01210DF12E020DF10700ECF703
S21402C76009FC22461A2109A80AF04BF9024608B922
S21402C7701924C6E7012329462046FFF7FFFD0028B5
S21402C780BFD1F5E764480020F86200202DE9F04F9B
S21402C79004460D46002191B01F2208A89B46079129
S21402C7A0EFF740F820460CF02EF80146204602F03D
S21402C7B0DFFC8DF8110020460AF008F99DF81130CA
S21402C7C0467899068146C6F34006204648BF46F09C
S21402C7D002060CF0EEF8804620460DF03FFE0022E0
S21402C7E0A0EB0803DBB2232B28BF232300922146AB
S21402C7F0424607A80EF02EFB00283AD1A24B9DF81F
S21402C8001C701B789DF81DA0B3B3FFF7AFFD002880
S21402C8100CBF4FF4F0734FF4D073FB40DA072BD5FE
S21402C820B30729D4082F22D1BAF1040F21D1FBF77E
S21402C8307FFBF0B9012342460093214605200DF105
S21402C840110306F087F9A0B1053F0D2F11D8DFE8D6
S21402C85017F024001000AF01BC01C5011000100043
S21402C8601000100010001000CB01F901F901052F8D
S21402C87007D011B0BDE8F08F102F05D1BBF1000F25
S21402C880F7D0FBF755FBD5E7FBF752FB0028D1D0D4
S21402C890052FCFD0112FCDD0EBE7BAF1050FE8D890
S21402C8A0204609F0F6FF029009F102000EF0D9F9CF
S21402C8B082460DF11200FFF7BBFB01239DF81D8097
S21402C8C003FA08F313F0620303932DD0BDF8123077
S21402C8D09D0722D5B407CCD5FBF72AFB0DF11E0027
S21402C8E00BF095FBB8F1030F04469DF82EB02FD13E
S21402C8F00DF12F050AF0FBF9824540F03181032E37
S21402C900B7D19DF836100DF11E02003918BF01216D
S21402C9100DF12E0008F034FEABE7FBF709FB00280A
S21402C920DCD1002EA5D0D9E7FBF702FB68B10DF1EA
S21402C9301E000BF06CFBB8F1030F04464FF0000B21
S21402C94040F082800DF12E05D4E7002E91D0EEE75E
S21402C9504E4B1B6898072AD5FF2208210DF1370097
S21402C9600AF053F9814610BB034601460DF1370221
S21402C9700220FEF753FB0AF0BAF982450DF137079B
S21402C9800DF12F0523D04FF6F7739A4540F2ED804E
S21402C9900022082128460AF038F9002800F0E5802F
S21402C9A0002259460DF11E00FFF798FB61E70DF1D4
S21402C9B037070DF12F0538460BF0D5FA002848D078
S21402C9C00AF095F9824540F0CC804FF000092846DF
S21402C9D0F7F7D2FD002800F0C480B8F1010F5BD053
S21402C9E0B8F1040F7FF445AF0BF0E0FA10B1032E56
S21402C9F07FF43FAF002C7FF43CAF3A4602210DF1A4
S21402CA001E00FFF713FC224B1B7863B1FFF770FE84
S21402CA10FEF7C4FD022806D10120FEF7B9FD01216A
S21402CA200846FEF741FC1B4B1B78022B20D1032144
S21402CA30384608F099F9FEF7B1FD014600287FF462
S21402CA4018AFFEF731FC14E70DF136070DF12E058F
S21402CA50B1E7104B1B78432B7FF40BAFB8F1010FF5
S21402CA607FF407AF0AF043F982457AD1C146AEE7B2
S21402CA70412B7FF4FEAE054B1B6859057FF5F9AED8
S21402CA80F9F73EFEF5E600BF71620020644800201A
S21402CA901F630020756200206C4D2B78022B22D07B
S21402CAA02B78412B3FF4E5AE3CB9FBF741FA5946E9
S21402CAB002460DF11E00FFF711FBFBF739FA0028BC
S21402CAC03FF4D7AE0BF072FA614C98B123681B059F
S21402CAD002D42B78432B0DD1B0070BD440F61A4064
S21402CAE0F9F70CF8C5E60BF061FA0028D8D0B207C1
S21402CAF0D6D4BEE6206810F0020002D102990BF0EE
S21402CB0014FC2B78112B16D12368590513D5002057
S21402CB10FEF7E0FB044600287FF4ABAE0AF055FBB6
S21402CB2040F61C40F8F7EAFF21462046FEF7BCFB1B
S21402CB30F8F7F0FF9DE6B20701D5FFF757FAB9F10D
S21402CB40000F9DD008F0A0F918B94FF480310BF011
S21402CB50E2F900223F4B38461A600BF0FBF98FE7EA
S21402CB600027039B002B7FF40EAF4FF6FF73284679
S21402CB7005A9ADF814300AF0ADF820B128460AF03F
S21402CB808AF8ADF814004FF6FF73BDF81400984209
S21402CB903FF46FAE002C0CBF0423152301930DF156
S21402CBA01E0300933A4643462946FFF703FD60E616
S21402CBB00DF11D00F7F7E0FC00283FF45AAE022202
S21402CBC029460020FAF79EFE53E6F3077FF551AE9C
S21402CBD03246284607A90BF0D2FB4AE69DF81D10FE
S21402CBE00120FFF7D1FA44E6184B1B78022B20D11E
S21402CBF0002D7FF43EAE05A8FEF788FA00283FF423
S21402CC0038AE154B1D709DF81D30002B14BF6424E2
S21402CC106524FEF7C3FC032806D128462946FEF7FC
S21402CC2043FB2846FEF7C0FC214605A808F09CF800
S21402CC301FE6043B012BDBD9284608F08CFC0028B3
S21402CC40D6D116E6204608F088FC12E67562002069
S21402CC5064480020604800201F6300202DE9F3414D
S21402CC6005460E46174698460BF0A0F9044640B114
S21402CC7001233A4631462846CDF80080FFF76AFC83
S21402CC8004460BF093F930B1FFF770FB78B10A4B0C
S21402CC901B689B010BD400233A4631462846CDF842
S21402CCA00080FFF757FC002C0CBF0446012404F05A
S21402CCB0010002B0BDE8F0816448002070B58AB079
S21402CCC005A808F0E3F8022301AA15468DF81430E9
S21402CCD0084B03F11006144618685968083303C453
S21402CCE0B3422246F7D1294605A808F03AFA0AB016
S21402CCF070BD00BF4F9A0400014B1878704700BF02
S21402CD00996C0020014B1888704700BF166C0020F3
S21402CD104FF6FF732DE9F043994280460D4685B0E3
S21402CD200BD000274FF6FD791C4EEBF71BFDFCB22D
S21402CD30A0420BD84FF6FF701DE0F7F71DFC002847
S21402CD40EFD005B0BDE8F04309F0D1BF36F8143095
S21402CD504B4517D8694620460BF05EF90822414635
S21402CD600DF10500EFF7AAF84FF6FF7360B99D4282
S21402CD7004D136F8140005B0BDE8F08326F8145046
S21402CD800BF024F90137D0E79D42FBD036F8143079
S21402CD90AB4208BF26F81490F4E700BFD45A00202E
S21402CDA02DE9FF4706460F4600254FF6FD79DFF8C8
S21402CDB03C80DFF83CA0EBF7D5FCECB2A04202D8F0
S21402CDC004B0BDE8F08738F814304B450CD86946F5
S21402CDD020460BF021F9082231460DF10500EFF747
S21402CDE06DF808B90AF804700135E4E7D45A002051
S21402CDF03B620020014B33F810007047D45A0020E3
S21402CE00F0B5064600250D4F85B0EBF7ABFCECB24D
S21402CE10A04201D805B0F0BD37F81430B3420BD1AA
S21402CE20694620460BF034F99DF80030022B1CBFF1
S21402CE304FF6FD7327F814300135E6E7D45A002082
S21402CE4030B585B004460D46EBF78CFCA0420FD9F0
S21402CE50084B33F814204FF6FD739A4208D86946F9
S21402CE6020460BF015F929460DF10500FFF750FF95
S21402CE7005B030BDD45A002030B585B00446EBF775
S21402CE8071FCA04219D92046FFF75AF80546B0B9F8
S21402CE90694620460BF0C0F89DF800302BB1694673
S21402CEA020468DF800500BF0D5F84FF6FF720020A2
S21402CEB0044B23F8142005B030BD2820FBE740F6CB
S21402CEC00440F8E7D45A00202DE9F0410B780546D5
S21402CED00E461BB9BDE8F041FFF7CEBFEBF742FCAA
S21402CEE0A84231D92846FFF72BF878BB374617F801
S21402CEF0058B4FF6FF713846FFF70AFF04463846A1
S21402CF0000F01EFAB0FA80F04009B8F1000F15D012
S21402CF10B8F1030F15D04FF6FF724FF6FD73944229
S21402CF2008BF1C460B4B314623F815400A4B585592
S21402CF3028460BF08FF80020BDE8F0814FF6FF740C
S21402CF40F0E74FF6FE74EDE72820F5E740F60440DA
S21402CF50F2E700BFD45A00203B6200202DE9FF41D1
S21402CF600D4604464FF6FE780F4F0E0AEBF7FAFB15
S21402CF70A04204D8FF24204604B0BDE8F08137F86A
S21402CF80143043450CD1694620460BF045F89DF80F
S21402CF900520EBB29A4203D19DF80630B342EAD09E
S21402CFA00134E4B2E2E700BFD45A00202DE9F04F84
S21402CFB00C461746984600254FF6FD7B87B09DF82F
S21402CFC040A0DFF85C900190EBF7CCFBEEB2B042EB
S21402CFD001D8FF2616E039F816205A451ED83046E4
S21402CFE002A90BF019F83FB99DF80920424515D160
S21402CFF09DF80C20524511D144B939F81620019BF0
S21402D0009A420BD1304607B0BDE8F08F0822204680
S21402D0100DF10D01EEF752FF0028F3D00135D3E7EC
S21402D020D45A002010B514460AF0F6FF2046BDE892
S21402D030104008220149EEF747BC00BFF862002004
S21402D0402DE9FF47074615460846082224491E468C
S21402D050EEF734FF044600283FD14FF6FF7ADFF89A
S21402D0608490EBF77FFB5FFA84F880450BD385B399
S21402D070384605F030FE01250C9B187001203570ED
S21402D08004B0BDE8F08739F8183053451FD069461A
S21402D09040460AF0C1FF7A789DF801309A4216D1CE
S21402D0A07A88BDF802309A4211D13A799DF8043056
S21402D0B09A420CD108220DF10501781DEEF7FEFE0C
S21402D0C028B9002DD7D1404605F020FED3E701341B
S21402D0D0C7E7FF2005F01AFECEE70020D0E700BF24
S21402D0E0F8620020D45A0020F0B50025154E164FDF
S21402D0F085B0EBF737FBECB2A04201D805B0F0BD25
S21402D100694620460AF088FF9DF80030032B06D9B0
S21402D1100023694620468DF800300AF09BFF9DF8F2
S21402D120002062B14FF6FD734FF6FE71032A08BF68
S21402D1300B4626F81430002301353B55D9E74FF647
S21402D140FF73F6E7D45A00203B620020F8B50E467D
S21402D15004464FF6FF770C4B0C4D1B7803EB43034C
S21402D16005EB8305A54202D800242046F8BD238895
S21402D170BB4206D008223146A01CEEF79FFE0028CE
S21402D180F3D00C34EEE700BF606C0020145A002087
S21402D190044BFF211A78044802EB42029200EEF793
S21402D1A041BB00BF606C0020145A0020F8B504464C
S21402D1B00C4B0D461B781046A3420DD90C270221B4
S21402D1C017FB04117C43084E08223144EEF77CFB21
S21402D1D0335B00202B80F8BD0023136053604FF6AC
S21402D1E0FF73F6E7606C0020145A002038B5044638
S21402D1F04FF6FD75FFF704FE0022084B1878084B21
S21402D200D1B2884200D838BD33F80C1C0132A14294
S21402D21008BF23F80C5C0C33F2E700BF606C0020FA
S21402D220205A002070B505460E460846FFF7DEFF78
S21402D23031462846FFF76CFD29460648FFF786FF6B
S21402D24000B970BD044624F80C6B0AF0BFFE2946EE
S21402D2502046F3E7145A002010B5082286B0234968
S21402D2600446EEF72BFE20B906B0BDE8104009F0E2
S21402D2703EBD082220461E49EEF720FE20B91D4B71
S21402D280B3F8680006B010BD0023012221464FF60F
S21402D290FF700093FFF78AFEFF2806D0164B33F87E
S21402D2A010004FF6FB739842ECD903A8FEF7CCFEAB
S21402D2B058B9BDF80C305B0607D5082221460DF199
S21402D2C00E00EEF7FBFD0028DCD021460B48FFF7E8
S21402D2D03DFF40B14FF6FB724FF6FF730088904257
S21402D2E088BF1846CEE74FF6FF70CBE7F8620020FD
S21402D2F04E560020E4550020D45A0020145A00202E
S21402D30070B5002204464FF6FB7608460A4B1D7897
S21402D3100A4BD1B28D4201D8002009E01988B142E9
S21402D32007D8A14205D10822991CEEF7CDFA0120B2
S21402D33070BD0C330132ECE7606C0020145A0020FA
S21402D34037B5014605460E48FFF700FF044640B1D2
S21402D350807A29460AF0C0FE80F00100C0B203B00F
S21402D36030BD03460090012229464FF6FF70FFF7B4
S21402D3701DFEFF2816BF034B2046185CE9E700BFD8
S21402D380145A00203B6200202DE9F341224B04464A
S21402D3901B780F468342154638D9FEF7EBFDB8BB1D
S21402D3A04FF6FD739D421D4E0ED004EB440326F845
S21402D3B023504FF6FF739D421FD12046FEF7F2FD23
S21402D3C0002002B0BDE8F0810DF10601384609F0F2
S21402D3D081FC4FF6FF72BDF806303846934218BFFE
S21402D3E01D460C236343F55206EB0308FFF7A8FF1E
S21402D3F0B0FA80F0400988F80A000C2303FB0460A8
S21402D400082239460230EEF75FFAD9E72820D8E735
S21402D41040F60540D5E700BF606C0020145A002095
S21402D42038B504460D46FFF7BBFC21460448FFF715
S21402D4308DFE00B938BD857221460C30F7E700BF75
S21402D440145A00200023074A1370074A1370074A2B
S21402D450118801B11380064B1A880AB100221A807D
S21402D460704700BF31630020306300200E5C00204E
S21402D4700C5C00202DE9F04F3C4C1D46238887B0FB
S21402D4800746884610469DF840605BB952B10BF0DD
S21402D490BBF820804FF4FA61354807B0BDE8F04F7C
S21402D4A00DF0ACB8DFF8D890B9F80040002C49D09F
S21402D4B020460CF0D3FFC0F3470620460CF0B2FF1E
S21402D4C0DFF8C0A00296BAF80030DFF8BCB00193CD
S21402D4D0BBF800300446009300222B460120254963
S21402D4E00BF011F9ADF81600E8B1012504EB46067B
S21402D4F0B4420DD1BDB9BDF81630A3B12A46414695
S21402D500384600F06FF9ABF80050AAF800500AE06F
S21402D510012321461A460DF11600F6F709FB0234DE
S21402D52005460028E4D00023134AA9F800301378F1
S21402D530013BDBB21370002BACD107B0BDE8F04F55
S21402D540FFF780BF0D4C237823B90DF095F908B983
S21402D55001232370324629460520F7F70DFA0028E4
S21402D560EBD1207007B0BDE8F08F00BF0E5C002044
S21402D570706B0020454D04003163002030630020AC
S21402D5800C5C0020A85B0020AA5B002030B5154D7D
S21402D59087B02C889CB923464FF4A07248F2380113
S21402D5A003A80AF075FE21462046FAF7E3FA224659
S21402D5B00D4B009403A9FFF75DFF07B030BD204670
S21402D5C009F004FA04300DF04CFB03A9044628883F
S21402D5D00BF000FA0023009320462A8803A900F0E5
S21402D5E0AFFAEAE70E5C002000F8FF0737B5002026
S21402D5F001A9FAF7BFFA0D4C014623780C4D7BB110
S21402D6000C4B019A1878FAF7CBFA2078F8F74CFC0C
S21402D610002323702B700848F6F736FB03B030BDA4
S21402D6202B78002BF7D0FFF7B1FFF4E73363002027
S21402D6303163002032630020706B002008B5054875
S21402D640F6F732F80448F6F72FF8BDE80840034824
S21402D650F6F72AB80E5C00200C5C00200A5C00205C
S21402D6602DE9F04F89B089460446CDE905239DF899
S21402D6704870139E30B316F801ABBAF1000F23D0F0
S21402D6800AF1FF34A400E4B23146012007F0ABFFF2
S21402D690C00E1BD1DFF838B13146012007F0A3FFD8
S21402D6A09BF8005034442279BDB1002F47D1802325
S21402D6B04846CDE90277CDE900773E4A059900F063
S21402D6C091F83CE08246DFE75446DDE71B28ECD9BA
S21402D6D03146012007F087FFE7E7DFF8F880FF2AE8
S21402D6E000EA08080BD14246E379A179607901EB9A
S21402D6F0032189B209B0BDE8F04FFAF751BA2E49B4
S21402D70009688B070AD5FE2A35D101230135EDB209
S21402D710202D4FEA43030AD1FF250AE02946284670
S21402D7200792FAF727FA4845BFD1079AEBE79845DA
S21402D730ECD1224B1B78FF2B04D0AB4204D009B0AD
S21402D740BDE8F08FFF2DFAD029460020F4F7B2FF8D
S21402D7500028F4D09BF800306479002BEFD1FFF755
S21402D76071FE17484FF410510CF048FF154B8BF81A
S21402D77000501C70E3E7052A97D8BAF1010F94D837
S21402D780B8F1000F91D0002FD9D17379002BD6D0E3
S21402D7900D49098821B9082B28BF08230B490B70AD
S21402D7A0434648461292DDE9051209B0BDE8F04F3D
S21402D7B0FFF760BE454D0400644800209A6C0020C6
S21402D7C0706B0020326300200E5C00203163002064
S21402D7D03363002000F8FF07014B1880FFF7D6BE20
S21402D7E00C5C00200CB42DE9F04F8BB014AA0E4648
S21402D7F052F8041B07460992002940F08F80BDF8B4
S21402D8005400ADF82200002800F0A18033794FF6CC
S21402D810F778002B40F0868047458CBF4FF009080A
S21402D8204FF008084C4B1C78FF2C40F08380B6F96A
S21402D8300230002BA9BF494B347A1C780134A2BFB0
S21402D840E4B21C7044F08004DFF81CB122460021CA
S21402D85001F0A2FC9BF80030BDF82200002B6CD031
S21402D860DFF808A14FF00009BAF8003007930CF071
S21402D870F5FD0546BDF822000CF0D4FDEBB2CDE96D
S21402D8800193FF23CDE90309009322463346394626
S21402D8900798FCF7B5FB4FF6FF7305468BF800902A
S21402D8A0AAF80030382D33D13246394640460DF1BB
S21402D8B0220307F058FE00284BD04FF6F7739F421C
S21402D8C026D8B6F902307088002B21DA48F2040214
S21402D8D02349244B4FF00008904214BF89469946CC
S21402D8E009F005FA494603468A220120CDF800804F
S21402D8F00AF009FF814658B12246414601F04CFC27
S21402D900FF23324639464046CDE90098FCF7DAF95D
S21402D91028460BB0BDE8F04F02B0704701200AF06F
S21402D920CFFE6EE7002347458CBF4FF006089846A9
S21402D930337177E7FF221A7086E7CDE90003324695
S21402D940FF2339464046FCF7BDF90546AAE71925E6
S21402D950DEE70546DCE700BF9C6C0020356300204E
S21402D960564D04004B4D040034630020105C00202A
S21402D97070B54FF4003300240546164688B0ADF85D
S21402D9801A100DF10F0204A90593ADF81840ADF870
S21402D9901C4004948DF80F4007F0C4FD9DF80F302C
S21402D9A028460193049B044A009305A93346FFF7D1
S21402D9B019FF08B070BD00BF4F4D040030B54FF4DC
S21402D9C08035002487B00395BDF82850CDE90012B3
S21402D9D08DF81030074A034603A9BDF82C008DF8CF
S21402D9E01140ADF81250ADF81440FFF7FBFE07B039
S21402D9F030BD00BF5B4D0400B1F1006F2DE9F0436E
S21402DA0014462CBF392238228BB01D464FF0000335
S21402DA10ADF81E204FF480022CBF4FF00109994644
S21402DA20FF2C0646ADF81C300892ADF824304FEABB
S21402DA3011471FFA81F80FD109F06AFCB9F1000FFD
S21402DA4019D1154ACDE9020543463046CDE90074A0
S21402DA5007A9FFF7C7FE1AE0FE2C0AD109F058FC08
S21402DA600130C0B209F05FFCB9F1000F12D00B4AC8
S21402DA7002E0E8B2F8E70A4ACDE903050123304698
S21402DA80CDE90174CDF8008007A9FFF7ABFE0BB015
S21402DA90BDE8F083034AD5E7534D0400594D040010
S21402DAA0524D04005A4D04004FF498124FF0806312
S21402DAB010B586B0CDE903230023ADF8143009F083
S21402DAC016F90446F8F796FA054B01900093054AB4
S21402DAD0234603A94FF6FD70FFF784FE06B010BD7D
S21402DAE0F86200205F4D040008B5064B1B78022B37
S21402DAF002D0043B012B03D8FFF7D6FF002008BD57
S21402DB000220FCE77562002030B500244FF48065E1
S21402DB1087B0CDE900128DF81030084A034603A9F3
S21402DB204FF6FD708DF811400394ADF81250ADF823
S21402DB301440FFF757FE07B030BD00BF634D040028
S21402DB402DE9F04F99B00E4605460CA91046CDE9D0
S21402DB500A329DF888700AF0FAFABDF830908046CC
S21402DB6048460CF07BFCB6F902300446002BB6F8A9
S21402DB7006A0B6F802B004DA00228D4B1A70002016
S21402DB8049E048460CF06AFC4045F5D3A4EB08048D
S21402DB90E3B2002F18BF4FF4A07A152B099328BFC3
S21402DBA015230024013308F1FF324946DBB292B254
S21402DBB0009412A80DF04EF96FEA4B436FEA5343F6
S21402DBC07C499DF8482008684968ADF83E300DABA0
S21402DBD003C3ADF84040ADF83C40ADF842A0ADF806
S21402DBE04420BBF1000F24D10DF14900F6F7C4FC26
S21402DBF0A0B109F07CF85C4680460DF151060DF1A5
S21402DC0049030A9A96F80090012A2CD14FB384F061
S21402DC10010404F0010019B0BDE8F08F0DF14900CF
S21402DC200AF0A4FB4FF6FF74011B4C4280464C419F
S21402DC30E3E7BBF1010F57D1BDF8498009F057F869
S21402DC4080450AD040460DA90AF093FB80F00104F5
S21402DC50E4B20DF14B060DABD3E7574B0DF14B0675
S21402DC60CFE70A9CD5E75FB344BBB9F1010F25D8CD
S21402DC7030D109F03CF809F03AF82246804671782D
S21402DC804D4B029100210120CDE900814B490AF05B
S21402DC903AFDADF8320088B124BBB9F1010F0CBFD2
S21402DCA00D210C210DF132000AF095FC024628B92E
S21402DCB02846BDF832300FA9FFF794FD0120AAE7E7
S21402DCC0B9F1010F04D1002CD3D081227178D8E7A4
S21402DCD0002CFAD1B9F1010F94BF0022012271780B
S21402DCE0D201CEE70C21DDE70A9B002B7FF447AF7B
S21402DCF07388342B4BD1099B092B7FF440AF002F3E
S21402DD007FF43DAF9DF951603A46B41008210DF1FB
S21402DD10490004F0200408F078FFA0B1284B1B78D5
S21402DD20012B3FF42CAF274A274BB2F868201B681A
S21402DD30AA421DD0DA001BD5C8232846234A0FA9BB
S21402DD40FFF750FD1BE70DF14900F6F715FC00281A
S21402DD50E4D10DF149000AF009FB4FF6FF73984231
S21402DD60EAD02146F9F778FE03460028E4D1E4E734
S21402DD705B0201D5002E08DA00232846134A0FA9B3
S21402DD80FFF730FD124B1C70F9E68D23D5E7099B91
S21402DD90CDE905A204930DF14903CDE9028331468C
S21402DDA02846CDE900790B9B0FAA00F03DF8E6E67F
S21402DDB029630020C5D50300F8620020674D0400E1
S21402DDC076620020E455002064480020AF0204007A
S21402DDD09B6C0020024B187840F08000704700BF12
S21402DDE035630020014B1880002070471E6C00200F
S21402DDF04FF6FF71034602881B798A4217BF07490E
S21402DE0001200A8041881EBF054A00201180FF2B90
S21402DE101EBF044A00201370704700BF1A6C002011
S21402DE20186C0020366300202DE9F04FA1B0994609
S21402DE30BDF8AC302D9F0D939DF8B03004460E937E
S21402DE40BDF8BC3038460F939DF8C0304E888846E1
S21402DE5015469DF8A8B010930CF003FF112E8246CB
S21402DE6071D808F044FF504576D0062E10D14FF6F2
S21402DE70FD72924526D0BBF1000F10D100228023FE
S21402DE80CDE900A229462046BC4AFFF7ABFC06E0D5
S21402DE90BBF1000F03D1032E07D8012E09D80022AA
S21402DEA0B74B1A7021B0BDE8F08F043E022EF6D8AA
S21402DEB0E4E7802329462046B24ACDF800A0FFF7C1
S21402DEC091FCECE7B04B1B785E074CD408F00FFFD2
S21402DED00026034632460120A84900960AF013FCA3
S21402DEE03B79ADF866000F930028DBD0DDE90E32F1
S21402DEF00D9803EB42090CF0B1FA5FFA89F909F1C1
S21402DF0005085FFA88F88045CCD241460D9801F0A4
S21402DF102FF9109008EB40080D980CF09FFA8045F8
S21402DF20C0DADDE90F321343DBB2002B40F0348255
S21402DF30BBF1000FB6D1D84642460421BDF86600B2
S21402DF4001F02AF974E1904A3A2E127812D948F270
S21402DF503B039E4207D013E08B4A127850070BD53C
S21402DF60321F022A08D8B8F8063043F48043A8F8CD
S21402DF70063097E71B2E1DD8B21E91B213295FD921
S21402DF80109B494602930F9B3046CDE900B30E9A8A
S21402DF90234607F0CEFA0F2884D10122784B1A7056
S21402DFA0794B1B789B0740F12783BBF1000F7FF468
S21402DFB079AFD8E7A6F11C011E29E1D801A050F8D6
S21402DFC021F000BF0FE6020081DF020081DF0200BF
S21402DFD0A5DE020081DF0200FDE30200FDE302008F
S21402DFE081DF020081DF020081DF020081DF0200A2
S21402DFF081DF020081DF020081DF020081DF020092
S21402E00081DF020081DF020081DF020081DF020081
S21402E01081DF020081DF02002FE402002FE402000B
S21402E020E1E5020081DF020081DF020003E6020072
S21402E03081DF02005FE6020075E6020083E6020068
S21402E040132A9DD801A151F822F000BF9DE00200DC
S21402E0502DE102004BE1020063E20200CDDE020087
S21402E06081DF020081DF020081DF020081DF020021
S21402E07081DF020081DF020081DF020081DF020011
S21402E08081DF020081DF020081DF020081DF020001
S21402E090A7E3020081DF02003BE6020000231A9398
S21402E0A08DF866300DF1660322460E9948460093B7
S21402E0B01AAB07F038FA08F01AFE0646EAF75EFBD5
S21402E0C0162894BF4FF002094FF02209F7F792FF85
S21402E0D02E4B0746B3F800A0FBF7EAFD2C4B804612
S21402E0E04FF6FF70B3F800B00AF0F8F8294B9DF827
S21402E0F066201988244B1B7813F002031CBF264B9C
S21402E1001B780B921A9ACDE90701CDE90932402312
S21402E1102946CDE9019320460023CDE9058BCDE9BA
S21402E120037A1E4A0096FFF75DFBBBE608F0DFFDAA
S21402E1301B4B1C4A1B88CDE92A030023294620468E
S21402E14021B0BDE8F04FFFF74DBBBE781AA9731E8B
S21402E150DBB2EF2B304627D9F22E25D005F015FD7F
S21402E160822608F0C4FD00232946CDE90003034AAF
S21402E17033462046FFF736FB94E600BF4B4D0400BD
S21402E18029630020564D0400366200201E6C0020D3
S21402E1901A6C0020186C0020366300206D4D0400B7
S21402E1A01C6C00207A4D040005F0EFFC002856D0C7
S21402E1B008F09DFD9DF86C209DF86E100492BDF847
S21402E1C06A2049000392BDF86820C9B2CDE901620F
S21402E1D09DF86D2003465200D2B208320A440092DD
S21402E1E001200022C6490AF08EFA9DF86D30ADF87D
S21402E1F066008DF8633000283FF454AE4FF00008F6
S21402E20001230DF163011A460DF16600F5F790FC45
S21402E210074600287FF446AE9DF86330FAB2934272
S21402E2200CD89DF86E308DF86330B8F1000F02D02E
S21402E230BDF8663036E04FF00108E1E74146304669
S21402E24005F0A5FC0123ADF86400022219A90DF120
S21402E2506600F5F76DFC01370028DDD022E683263E
S21402E2607FE708F044FD064605F0B0FC3346009012
S21402E27000220120A3490AF046FA00283FF412AE13
S21402E28000273E46ADF8680005F0A0FC5FFA87F866
S21402E29040450DD832460421BDF8680000F07CFFE8
S21402E2A0BDF86830002229462046FFF79BFAF9E5BA
S21402E2B0404605F068FCFF288DF866000BD0012367
S21402E2C001361A460DF166011AA8F6B2F5F730FCC9
S21402E2D000287FF4E7AD0137D6E75046B7F802903C
S21402E2E005F051FCFF288DF8640000F0E2811AA9BF
S21402E2F005F04BFCBDF868304B4507D04FF6FF7271
S21402E300914540F0D681190400F1D3819DF86D3015
S21402E31012930E9B0533DBB213930F9B14930023C9
S21402E3204FF0000911934B4613E017934900139BD5
S21402E330C9B219440D9889B20AF088F94FF0000A5A
S21402E340179B159012995FFA8AF28A4216D309F140
S21402E3500109149A5FFA89F19142E6D39DF86E207C
S21402E3601292169A1392002B40F09581119B002B65
S21402E37040F09F81109B14930123D1E711999DF8D9
S21402E3806400179305F003FC159A179B0AF1010A1D
S21402E390824208BF0123D5E709F106095FFA89F32D
S21402E3A0B046169386E1BD1C29465046BC7A06F056
S21402E3B043FC01222946504609F03FF9504609F02F
S21402E3C0A1FF284609F0D2FF3A88824207D04FF6CC
S21402E3D0FF72904203D00CF032FD09F0B3FF84F0D6
S21402E3E00804C4F3C00421462846FFF719F821465C
S21402E3F0284621B0BDE8F04F07F0C4B8BBF1000FC5
S21402E4007FF450AD12073FF5AEAD33463A46294685
S21402E410204601F08FF900287FF444AD8423294674
S21402E4202046394A21B0BDE8F04FFFF7DBB90F9816
S21402E43097F8008009F00EFD00210746204601F0FD
S21402E440E3FC312EA7EB0007FFB240F0D5804FF079
S21402E450000A012053465246CDE9008A2B490AF0AB
S21402E46052F9ADF8660000283FF41CAD162251465C
S21402E4701AA8EDF7D7F91AA808F0C2FE4FF0FF3334
S21402E480DFF894B0CDE91C339BF80090B9F1000F89
S21402E49002D14FF0010A55E01D4E33796F2B02D997
S21402E4A00026324625E050461CA9F6F73DFF002816
S21402E4B0F6D0184BB6F80090B3F86830B9F1000FF2
S21402E4C02CD1003B18BF01235B0143F004038DF8F7
S21402E4D07A3002238DF87B3073881B0A49461EA8C1
S21402E4E08DF87D300CF0BFFBB8F1000F65D000262A
S21402E4F001220221BDF8660000F04EFE32461CE5FF
S21402E5007E4D04004B4D0400AF020400864D04000D
S21402E5106C5B0020E45500206F620020B3EB090319
S21402E52018BF01235B0143F005038DF87A300223FE
S21402E5308DF87B300F238DF87C30CDE70AF1010A87
S21402E5405FFA8AFA0AF1FF36F6B230460CF07DFC24
S21402E550C307F3D59BF8003019EB030F04D009F17B
S21402E56001095FFA89F9E9E7584B1CA91878304483
S21402E570C0B2F6F7D9FE002892D0304609F0F3FE74
S21402E580814630460CF061FCC0070FD416238DF886
S21402E5907A304F4B1B780133DBB20F2B28BF0F2389
S21402E5A08DF87C304B4B33F8163096E730460CF03D
S21402E5B04CFC8107EAD41223E9E7BDF866000BF0AB
S21402E5C04DFF1630B84292DC012316221AA90DF12D
S21402E5D06600F5F7ADFA00287FF464AC012660E722
S21402E5E012073FF5C0AC3B46224629460F9801F07B
S21402E5F0F9F800287FF456ACBBF1000F7FF452AC5A
S21402E6000CE7BBF1000F7FF44DAC802307E708F060
S21402E6106EFB50457FF446ACB81CF5F7ADFF0028FC
S21402E6203FF440AC08F063FB064608F060FB2A4B5A
S21402E6302A4ACDE92A03334680E538460CF011FB18
S21402E64009F04CFE00283FF42DAC2A900023294600
S21402E6502046234A21B0BDE8F04FFFF7C3B84B4629
S21402E6602A4621460020CDE92AB721B0BDE8F04F60
S21402E670FEF7F6BF4B462A4621460120CDE92AB7C9
S21402E680F3E75B464A46294620462A9721B0BDE86C
S21402E690F04F06F07CBF012319A91A460DF1660059
S21402E6A0F5F746FA00287FF4FDAB08F101085FFA99
S21402E6B088F8013605F08AFA5FFA86FA50453FF680
S21402E6C00CAEB8F1000F3FF433AC35E4666C0020B4
S21402E6D01E6300209E5B0020F86200208B4D040023
S21402E6E0564D0400F8B5164B04461D88154B20F807
S21402E6F0025B196879B10822EDF7E6F8124B0C2096
S21402E7001B78124EA372124B19780023DAB291428A
S21402E71005D8FF2209E0C4F802104160EEE7013393
S21402E72000FB03F7F75BAF42F0D10A4BE2721B78AD
S21402E7302373094B1B786373084B1B682361F8BD70
S21402E7401E5C00200057002037630020085A002075
S21402E750606C00201B6300201A630020EC56002029
S21402E760F0B589B006460C4615460AF022F90DF1B8
S21402E7700A020146304609F0D3FF144F0346F0B9A9
S21402E78001223A702288BDF80A102AB10246009089
S21402E790072004F0DFF990B103A8FFF7A3FFBDF846
S21402E7A00A000BF05BFE0646BDF80A000BF03AFEC6
S21402E7B021460090F3B2284603AA06F067FA002321
S21402E7C0034A3B70136009B0F0BD00BF38630020F7
S21402E7D000570020142230B58BB005460DEB02011F
S21402E7E01548DEF767FC10BBBDF81430DA0720D4F4
S21402E7F013F0060FC3F3410208BFC3F341220F4BC7
S21402E8000DF116019C5C68462246EDF79BF9BDF8B1
S21402E810263004F128026A4402F8283C02341B0A15
S21402E82002F8273C69462A46E0B209F0F7F80BB030
S21402E83030BD2320FBE700BF703214E0679A040065
S21402E84010B58AB0ADF826200022CDE90522049242
S21402E8500CAA02924FF6FF720446AC2101200192E6
S21402E860064A039004FB0122603200924CF6200115
S21402E8700DF1260209F086FD0AB010BDE45500200F
S21402E88010B54FF6FF741E4A8AB0B2F86800B2F8A6
S21402E8905E10A042ADF82600B2F85C304FF6FD706E
S21402E8A0ADF8241018D081424FF0000094BF48F60D
S21402E8B060014CF66001CDE90500CDE90300CDE923
S21402E8C0010094BF09AA603200920DF126020420CC
S21402E8D009F058FD0AB010BD81424FF000008CBF0F
S21402E8E0603209AA00928CBF4CF6604148F660413D
S21402E8F0CDE90500CDE90300CDE90100014AE6E7CE
S21402E900E45500204E56002000B50E4B0022B3F808
S21402E9105E308BB0ADF824304FF6FF73CDE905229A
S21402E920CDE90322CDE9012209AA00924FF4006143
S21402E9300DF126020720ADF8263009F023FD0BB0B4
S21402E9405DF804FBE4550020202A10B5144614D8BE
S21402E950012A04D10C88B4F5004418BF01246200D1
S21402E96030B10748ECF7B0FF064B00201C7010BD14
S21402E9700548ECF7A9FF054BF7E72120F7E700BFAC
S21402E980205C002039630020605C00203A6300208F
S21402E9902DE9F047104617460CF063F9DFF814A18C
S21402E9A0DFF814919AF8003099F8002005461343D0
S21402E9B002D10020BDE8F08710F4406800F040065F
S21402E9C019D186BBB0F5804F5CD24FF48074002319
S21402E9D09AF80000344AD9B288425DD8002399F8E2
S21402E9E00000324AD9B28842E3D932F8021B013318
S21402E9F0A142F7D155E0F81C0CF033F94FF6FF733D
S21402EA00984214BF0124022486B1052605F4404329
S21402EA10B3F5004F44F0080424D0B5F5804F23D256
S21402EA2044F4807420E044460326EFE7B5F5804FB1
S21402EA304FF00506F4D3B8F5406F14BF0220082045
S21402EA40304438440CF00DF9194B05F44045B3F840
S21402EA505C3083420CBF44F0080444F00404B5F56D
S21402EA60004F01D144F08004B8F5006F0ED1B819FA
S21402EA700CF0F7F80E4BB3F85E308342A7D144F0A1
S21402EA801004A4E7444603260220D9E7B8F5406FEF
S21402EA9008BF44F020049AE732F8021B0133A14271
S21402EAA099D1012086E700BF605C0020205C002030
S21402EAB0E45500203A630020396300202DE9F04F28
S21402EAC0104685B0164698460CF0CBF85D4F00F01F
S21402EAD00803B7F85C10044600F00709F01C02931E
S21402EAE00391B7F85EB00CF0BCF806F1050A0546CD
S21402EAF050460CF0B6F803464FF6FF70854218D023
S21402EB000399A1EB050CDCF1000545EB0C056D0045
S21402EB104FF6FF718B420ED145F004050BF0ACFEAA
S21402EB20029B6BB1B9F1000F11D0422005B0BDE8CF
S21402EB30F08F0125ECE79B4508BF45F00805EDE799
S21402EB40B9F1030FF1D8DFE809F0021B795D0BF08B
S21402EB5093FE08B9A807E8D524F00804A4B2B4F5D1
S21402EB60004F05D0B4F5624F02D0B4F5404FDCD169
S21402EB700025294697F8A820002007F005FF3CE06C
S21402EB80D7F88030E3B9002132460846FFF700FF87
S21402EB90D8B948F6410224F038039BB29342C4D156
S21402EBA00A2D49D0062DC0D197F87730023B012BAB
S21402EBB0BBD8F3F745FD0028B7D140F6040505E0BB
S21402EBC04146304698470028DDD00825E20648BF71
S21402EBD045F08005A30648BF45F4805505F00C03B2
S21402EBE0042BC6D1F01D0CF03CF897F8A83032463C
S21402EBF0009341462B4607F09CFE08B30E9B1880F6
S21402EC00002093E7A90705D14FF6FF73B7F85C20FB
S21402EC109A428AD104F44063B3F5006F0AD0B3F582
S21402EC20406F82D1082250460749EDF747F900287F
S21402EC307FF47BAF0C25C9E70425C7E7432075E7B9
S21402EC40192073E7E455002044560020034B1A7837
S21402EC501AB1FF2A04BF00221A7070473C630020D4
S21402EC6070B5084C084E2378F55C1DB13E21074866
S21402EC700BF019FFFF2223782846F2540023237054
S21402EC8070BD00BF3B6300203C6300208F4D040034
S21402EC90034B044A1B78D05CFF3818BF012070472C
S21402ECA03B6300203C6300200023074A07491360A9
S21402ECB0074A1360074A1360074A11600121074A90
S21402ECC01170074A13607047105700200F85030023
S21402ECD00C57002008570020906B00209D6C0020E7
S21402ECE0185700200E2A70B50C46064615461946D9
S21402ECF003D9FFF7D9FF502070BD012807D10020A5
S21402ED00F3F7B8FCB0B1FFF7CFFF2120F4E780227B
S21402ED100021224B1A70224B1960224B1B684BB102
S21402ED2034200BF0F3FB204B188018B9FFF7BCFF1A
S21402ED300120E1E724F0FF6323F4FF231BB1FFF772
S21402ED40B3FF4F20D8E774B92046F3F7ADFC012491
S21402ED50032510F0800F43B21BBF00F01F039C4038
S21402ED609C4044F078440020104B24F078441E70F7
S21402ED700F4B10491D70104B1C60104B1870104B37
S21402ED801A68F4F71FF818B1FFF78EFF0420B3E7EE
S21402ED909DF810200B4B1A70AEE700BF3D630020B3
S21402EDA01457002008570020A05C00204263002071
S21402EDB040630020A9F0020018570020416300209B
S21402EDC0105700203E6300207FB5244B00251A789A
S21402EDD001232348234903FA02F200781A440A6000
S21402EDE0ADF80E5020B3984236D11F4C1F4B2078F8
S21402EDF01B680DF10E0198471D4EBDF80E203070AF
S21402EE0092B11C4B29460093284602230195F4F73B
S21402EE1013F83278237822B1012A12BF1B2301335A
S21402EE20DBB2237004B070BD013818BF0120F0E7D2
S21402EE3078235A43013A0A6008220F490BF0ACFACB
S21402EE400B49094A0978137821B1012912BF1B23FD
S21402EE500133DBB21370E5E71846E3E740630020B0
S21402EE60426300201C57002041630020906B002064
S21402EE709D6C0020E5F0020005A80300024B18680E
S21402EE80003818BF012070470857002037B50546DE
S21402EE901C460BF0F1FC68B974B1084B1A60084BBB
S21402EEA00A461C600123294600930323FFF71AFF34
S21402EEB003B030BD4D20FBE72520F9E704570020BC
S21402EEC00C57002013B504460BF0D6FC58B962B1B5
S21402EED0074B1A6001230A46009321460323FFF7D5
S21402EEE001FF02B010BD4D20FBE72520F9E700BF69
S21402EEF0085700202DE9F0410446DDE906861D4646
S21402EF009DF820700BF0B8FC88B99EB1A2B10B4BED
S21402EF1001201A600A4B0A46C3F80080094B2146B4
S21402EF201E602B460697BDE8F041FFF7DBBE4D207C
S21402EF30BDE8F0812520FBE72120F9E7906B002051
S21402EF40105700200C5700200148F4F7ADBB00BF55
S21402EF50A05C00202DE9F0410020F3F7A1FE114B42
S21402EF60114C1E68114B20881D68114B114FD3F8A7
S21402EF70008010B13978F4F771FD00203870FFF781
S21402EF8093FEF4F7ABF90EB14046B0473DB1208888
S21402EF90A84700232380BDE8F0410BF0FFBDBDE883
S21402EFA0F08100BF0C570020A05C0020085700200C
S21402EFB01857002043630020F8B52F48F4F764FE84
S21402EFC02E4B187830BBF3F76FFB2D4F06463B6887
S21402EFD003B32C4B2C4D1C6824B195F900301A460D
S21402EFE01946A047294B1B6883B1294C2378312B3D
S21402EFF00CD8284B18880BF015FA23785A1C227066
S21402F0002A78C25423785A1C2270C65480232B7046
S21402F01000233B60204C23781A2B22D81F4A1278F2
S21402F020012A09D100211E4A156825FA03F0C007F5
S21402F030DAB20ED501B122700020F3F735FB217843
S21402F040884212D10022174B1A70FFF7BDFE40B954
S21402F050F8BD0133D8B21A284FF00101E5D90A44A7
S21402F0602270BDE8F840FFF775BF0020F3F72EFBCD
S21402F0700028E7D0F5E700BF946B0020426300202B
S21402F08014570020045700203D6300200857002034
S21402F09043630020A05C0020416300209D6C00209A
S21402F0A0185700203F63002008B50B4B187880B92C
S21402F0B00221F3F7CDFA094B1B782BB100214FF64C
S21402F0C0FF720846F3F7A6FABDE808400448FFF7C1
S21402F0D073BF00210846ECE7426300203E6300202F
S21402F0E0946B002038B5144B0C461D78012D21D1A7
S21402F0F081B90846F3F7D8FA104A05FA00F0136801
S21402F1000F4923EA0003136020462A46BDE838402A
S21402F1100BF042B90B4A13780133DBB2022B1370A1
S21402F12004D9BDE838400848FFF746BFFFF74CFE53
S21402F1300028F6D138BD00BF4263002018570020D1
S21402F14005A803003F630020946B002038B50C46E8
S21402F15005460BF083F9A04203D82D2103480BF095
S21402F160A2FC28460BF05EF9204438BDA34D0400ED
S21402F17070B506460D460BF055F9044648B13046C2
S21402F1800BF06CF9A84203D8352102480BF08BFC31
S21402F190605D70BDA34D040070B50C46064615466C
S21402F1A00BF05CF9A04203D83E2104480BF07BFC2E
S21402F1B030460BF037F900B1055570BDA34D04007B
S21402F1C02DE9F0438FB007460C4615461E469DF8BD
S21402F1D05880F8F755F920B1F4F796FE08B144F4D2
S21402F1E000544D4B1B7813B924F40074A4B22005C6
S21402F1F009D546B9284604A9F5F750F9002846D09D
S21402F20024F40064A4B2ADF81840ADF81A5007F022
S21402F2106EFD424BADF81C00B8F1000F02D01A7812
S21402F220424501D293F800803D4AE105137848BF73
S21402F2300DF1210103F10103DBB2137058BF08A9D7
S21402F24022058DF81E808DF81F3006D533680831EA
S21402F25041F8083C736841F8043CE30407D5314A98
S21402F2600831136841F8083C536841F8043C0DF134
S21402F2701808A1EB08005FFA80F9002148460BF057
S21402F28045F9064628B900200FB0BDE8F08304AE63
S21402F290B9E70BF0C7F841464A46ECF753FC30464E
S21402F2A00BF0DCF8804630460BF0BCF80023024632
S21402F2B000934FF6FF7004235FFA88F107F039FBDC
S21402F2C0ADF80E000028DED040F201131C421AD11F
S21402F2D04FF6F7739D4216D80BF0C0F80DF10E01EB
S21402F2E00446284600F090FDBDF80E000BF0B6F876
S21402F2F0E4B2A04207D9BDF80E0007F067FB4378D8
S21402F30043F004034370BDF80E003A4601210BF0A9
S21402F310D5F8BDF80E00B7E7716200205A6C0020DF
S21402F32073620020F8620020F0B50829D58889B0FB
S21402F33028D00C2926D0AE0424D405F040030B4373
S21402F340424C267816B105F0200423432FB2002F34
S21402F350B8BF43F08003032920D11223AC068DF8F0
S21402F3600430937A10D48DF805300DF1060401A905
S21402F370621A012392B2F4F7DBFBB0FA80F040097E
S21402F38009B0F0BD0B46DBE732228DF805308DF86A
S21402F3900420002EE9D00DF11304E8E70C298DF8BD
S21402F3A004300ABF138953798DF80530548805BF97
S21402F3B01B0A8DF806308DF805300DF1070318BFCD
S21402F3C00DF106031C70240A5C70148802399C70C6
S21402F3D0240ADC70147901291C7111D8917A002F45
S21402F3E0597131DA022112899971DA71120A03F11E
S21402F3F009041A72002EBAD0AB06B8D50534B6E7A1
S21402F400A9071AD4002F0CDA117A51B1917A5971E0
S21402F4101189127A03F1080492B102229A71D97103
S21402F420E8E70B4C217801F1010C84F800C09172D8
S21402F4309C1D002F5971DDDAEAE7917A9C1DF8E7E8
S21402F4400122090A9A71EAE79C1DD3E7716200203D
S21402F45072620020014B1880704700BFA25C002039
S21402F460014B1888704700BFA25C00202DE9F843C4
S21402F47007460BF011FB05461B480BF084FC1B4BA2
S21402F48060B31C683C1B2C44A4B20022184BDFF865
S21402F49068901B78174D03EB830399F8006005EB21
S21402F4A043055FFA82F846450AD9AB8805F10A0099
S21402F4B0A34216D90A23B21A29465A43ECF704FA8B
S21402F4C0013689F80060AC80B8F1000F03D13946E6
S21402F4D005480BF093F82846BDE8F8833C461D60C5
S21402F4E0D3E705460132DCE7B46B00202057002044
S21402F4F0446300203A5B0020456300201FB5154A8E
S21402F500154C1378013BDBB213706168206801AAC0
S21402F51003C221891180114A1278D21805D00A2313
S21402F52020465A43E118ECF7CFF99DF806301B0740
S21402F5300DD0BDF80C00FFF799FF03468288ADF8A0
S21402F540082001AA03CA1288186059601A8104B0FA
S21402F55010BD00BF446300203A5B002045630020D4
S21402F560002108B5084B09481970094B1970094B58
S21402F5701A7802EB82025200ECF754F9BDE8084012
S21402F5800548F4F781BB00BF456300203A5B0020C4
S21402F59044630020646C0020B46B0020F8B500249D
S21402F5A0084D094F094E3B783178E2B20B449A4235
S21402F5B004F1010400DBF8BD2846F4F775F80A35B5
S21402F5C0F1E700BF3A5B0020456300204463002059
S21402F5D010B5064C207828B1054807F023FF10B175
S21402F5E0034B188810BDFFF789FFF3E7446300203A
S21402F5F03A5B002008B50A4A0346107860B1094A09
S21402F6001088984209D121B99378103323F00F035A
S21402F6109370FFF773FF012008BD0020FCE700BFD0
S21402F620446300203A5B00202DE9F74F00260BF0DA
S21402F63033FADFF8F890B24699F80070B3463A46C5
S21402F640DFF8EC801FFA80FEB8F800C0344CAEEB50
S21402F6500C039BB201932378324D009303EB830392
S21402F66005EB4303ACEB0E0C5FFA86FEBE4515D3E4
S21402F670BAF1000F01D0009B2370BA422AD3002FA2
S21402F68037D00A222378C8F8000002FB0353264824
S21402F690998803B0BDE8F04F0AF0B0BFB3F804E0B3
S21402F6A001998E4512D84FF0010A009993F802E0AC
S21402F6B001310EF1FF3EC9B2013AA3F804B083F855
S21402F6C002E00091D2B20A330136CDE7E644A3F84F
S21402F6D004E0F8E789F800204AB10A222378C8F83D
S21402F6E0000002FB0353104899880AF087FF23782C
S21402F6F013B903B0BDE8F08FFFF76AFF064600288D
S21402F700F5D007F097F80146304607F088FE20B19C
S21402F71000212888FFF76EFFE9E740F60241F8E786
S21402F720446300203A5B0020B46B0020456300204F
S21402F730205700202DE9F04192F808801F4608F174
S21402F740FF33DBB2EF2B05460E46144688B00BD9C4
S21402F75082238DF80E30314628469DF80E30204A18
S21402F760FEF740F8012037E00E22002104A8ECF74D
S21402F77059F8B4F809308DF81180ADF81230E37AF2
S21402F78003F07F02032A08D0012B24D103238DF82D
S21402F7901030A389ADF815300EE0032B14BF0223F8
S21402F7A001238DF81030E368CDF815302369CDF8C3
S21402F7B01930237D8DF81430A7F121014A420DF14C
S21402F7C00E034A41009321460DF10F0304A8FDF7EC
S21402F7D037FC0028BFD1002008B0BDE8F08100BF8A
S21402F7E0AF0204002DE9F04F00241D7895B0CDE954
S21402F7F002010492234622460120CDE900544049E4
S21402F80008F081FFADF81E00F8B1A346264627464B
S21402F8100DF120090DF1380AE8F7A4FF5FFA84F823
S21402F820404516D83A460221BDF81E00FFF7B4FC42
S21402F83032460421BDF81E00FFF7AEFCDDE90310D8
S21402F8400022BDF81E30FDF7CDFF012015B0BDE841
S21402F850F08F4A4640460AA9FDF7E4FB9DF82820A9
S21402F86022B12DB1013DEDB20137FFB20134D3E72B
S21402F870BBF1000FF8D199E803009DF829308AE819
S21402F88003008DF84030BDF82A30032A8DF8413047
S21402F8904FEA13238DF8423017BF032301238DF856
S21402F8A043309DF82C30DDF83110DDF82D0014BF02
S21402F8B08DF84C308DF8433011AB03C302980CBF61
S21402F8C04FF00E084FF0150808F0C4FA0590BDF880
S21402F8D01E000AF0C3FD059900EB080399420BDBF4
S21402F8E00123424651460DF11E00F4F721F9002885
S21402F8F0ABD10136F6B2B7E74FF0010BB4E700BF63
S21402F900864D040038B505460D4B0E481C88F4F7A4
S21402F910A7F9012D0CD10C4B1C88FA21614358B172
S21402F920884209D28408012C204638BF012038BDFF
S21402F930022D08BF0224F0E702480AF05FFEF2E753
S21402F940365B002050470020345B0020012208B5B9
S21402F950054B06481A7000210AF050FEBDE8084022
S21402F9600020FFF7CFBF00BF5C6200205047002098
S21402F9701E4B73B51A8802F108039BB2012B02D8FC
S21402F9801B4B1B7823B902B0BDE87040F4F77CB974
S21402F9900024184B184D1C70184B1C702B787BB12A
S21402F9A04FF6FC73164E00932246234621463088B5
S21402F9B008F076FC4FF6FD732C70338001200FE0C2
S21402F9C0104B1046197807F028FD0028F6D10C4B8C
S21402F9D01A884FF6FD739A42F0D0012302202B704C
S21402F9E002B0BDE87040FFF78DBF00BF385B002055
S21402F9F05C6200205F6200205D6200205E62002082
S21402FA00325B002060620020012808B50AD0022876
S21402FA100CD020B9084B18700848F4F735F94FF0A7
S21402FA20FF3008BDBDE80840FFF790BF0020BDE8E4
S21402FA300840FFF767BF00BF5C6200205047002007
S21402FA4002280CD859B1064A13780133DBB2137078
S21402FA50044A12789A4202D80220FFF7D5BF7047AE
S21402FA605E6200206162002038B5A0F61343012BC7
S21402FA7004460D4615D80E4A13780133DBB21370CE
S21402FA800C4A12789A420CD84FF6FD720A4B0020A6
S21402FA901988914201BF00221D80084B1A70FFF799
S21402FAA031FF29462046BDE8384005F0F3B800BFCE
S21402FAB05F62002062620020325B00205D620020EE
S21402FAC000234FF6FD71054A1370054A1370054A66
S21402FAD01180054A1370054A137070475F62002052
S21402FAE05E620020325B00205D6200205C620020C5
S21402FAF030B5094B02461B7833B1084B084C1978CF
S21402FB000023D8B2884201D3FF2004E0013334F840
S21402FB1023509542F5D130BD636C0020646200200C
S21402FB20125B00200022FF21044B05481A70054B89
S21402FB301970054B1A789200EBF774BE64620020C7
S21402FB40165B002063620020636C0020F7B58DF818
S21402FB5007100DF10701044603F068F8234B1D78E1
S21402FB60002D41D02046FFF7C3FF214EFF283178F3
S21402FB70204B05D1204A107885422DD9451C157098
S21402FB80884219D01C4A1B4D92F800C00022D7B2F8
S21402FB90BC450CD92F4697F803E00132864505F19D
S21402FBA00405F4D102B203EB8202D278FA7002B2F2
S21402FBB003EB8202D170307002B203EB820123F8AB
S21402FBC02240FF228A709DF80720FF2A02D003EB0C
S21402FBD08203987003B0F0BD0A46104603EB820219
S21402FBE0D278FF2AF9D1CBE7FF20F3E7636C002037
S21402FBF063620020165B0020646200202DE9F84351
S21402FC00FFF776FFFF28044669D04FF6FF72354F9E
S21402FC1003B2DFF8DC80344E27F8232098F8005031
S21402FC20A54202D10020BDE8F883337820B28100D5
S21402FC30A34207EB800090F803E010D00023294A85
S21402FC405FFA83F94D45944606D99CF80390013332
S21402FC50A14502F10402F3D18CF803E001E086F834
S21402FC6000E0013DEDB22A1BD2B2043192003944C3
S21402FC70EBF72AFE88F800503378FF2B04D0A34215
S21402FC8024BF03F1FF33337000214FF6FF70154B8C
S21402FC90CAB2AA420CD300234FF6FF71134ADCB253
S21402FCA0AC42BBD2013332F823008842F7D1B5E723
S21402FCB09A78A2420BD11880DA78FF2A04D0A242A0
S21402FCC024BF02F1FF32DA7001310433E0E7FF2A83
S21402FCD0F2D0A24224BF02F1FF329A70ECE72D2046
S21402FCE0A1E700BF165B002063620020125B0020C3
S21402FCF064620020F8B51C4B05461B78084673B3B1
S21402FD00FFF7F6FEFF28044629D02846FFF7F0FE46
S21402FD10FF2806D0154B164E1A780023D9B2914208
S21402FD2018D3FF212846FFF711FFFF28014616D0F9
S21402FD300546104F23B207EB830237F82300967866
S21402FD40FFF704FFA84208BFFF25FF2E214608D171
S21402FD502846F8BD013316F823108142DED1FF256E
S21402FD60F6E73446E6E700BF636C002064620020D4
S21402FD70145B0020165B00202DE9F04180460E46FB
S21402FD801F46002386B001A814469DF830508DF811
S21402FD900330FEF7A7FCADF804802EB13368CDF829
S21402FDA006307368CDF80A3038460AF03BFB0DF190
S21402FDB003034219214601A804F078FF9DF8033098
S21402FDC093B931464046E8F7C1FE0E4B1B785BB14D
S21402FDD00B2C09D8FF214046FFF7B8FE064605EB76
S21402FDE04404E4B2A54202D106B0BDE8F081294639
S21402FDF0384608F02BFC3146FFF7A8FE02350646C9
S21402FE00EDB2EFE7636C002000232DE9F3470DF116
S21402FE1007028DF8073004460E4602F0F2FE9DF801
S21402FE200730054663B92046FFF762FE04465EB118
S21402FE3030880AF013FB5FFA80F8FF2C45D10025C4
S21402FE40284602B0BDE8F087B046F6E701320C2A33
S21402FE50F5D02DB207EB8505AD78FF2DF6D112F061
S21402FE60FF0AECD04FEA4A050235EDB2002EE7D083
S21402FE70304605EB080108F0AEFB0028DFD15246FB
S21402FE8041463088FFF788F90AF1FF3208F101018E
S21402FE9008F102093088D2B2C9B25FFA89F9FFF7CF
S21402FEA07BF924B207EB8404A478FF2CC8D023B2D3
S21402FEB0494637F82320308808F0D8FB0028BED100
S21402FEC009F102095FFA89F9EBE725460022014F9C
S21402FED0BFE700BF165B002008B5D5F7B5FDD5F71E
S21402FEE085F900F04AFAD6F7D5FEBDE80840D4F701
S21402FEF02DBF10B5044601880120D5F763FEE388BE
S21402FF000BB9C823E38010BD37B50446D5F768FEA3
S21402FF10658885420ED8A188E288814205D3431BB4
S21402FF205343491BB3FBF1F39AB280B240EA024054
S21402FF3003B030BD0022F8E770B50C46088800F022
S21402FF404BF994F84430054683420FD004F11C0660
S21402FF50304600F07CF984F8445000F07CF9618B5E
S21402FF60A0643046BDE8704000F06CB970BD38B58C
S21402FF70044690F844108378826CCB1A5942594151
S21402FF80D4F74EFFE37893B1257985B900F063F98B
S21402FF900346A268218A04F11C009C1A8C4236BFD2
S21402FFA052182946D11ABDE8384000F04BB938BD80
S21402FFB009B100F0FDB800F005B938B583880446EB
S21402FFC003B3E3780088A17804F10C05A3B10023FB
S21402FFD0B1FA81F1E3704909FFF7EAFF4FF6FF72C3
S21402FFE0A388218993421CBF03F1FF33A3802846CE
S21402FFF0BDE8384000F026B90123E370FFF7D8FFCA
S214030000E188F4E738BD10B5044681780088FFF729
S214030010CFFF0123E3700023A38010BD10B58178C2
S2140300200446B1FA81F100884909FFF7C1FF0023AE
S214030030E370A38010BDFFF7F1BF70B50446054615
S21403004000262B4655F8040B10B11B1B0C2B00DDAA
S21403005070BD237C8680002BF3D0637C13B1FFF73F
S214030060D2FFEEE7FFF7DAFFEBE7FFF7E6BF70B581
S214030070044605464FF6FF762B4655F8040B10B19B
S2140300801B1B0C2B00DD70BD8388B342F4D04FF4EA
S214030090FA724FF6FF731146D4F716FFECE709B171
S2140300A000F086B800F08EB810B50446C06008307D
S2140300B0D5F7FAFE21792088B1FA81F14909FFF7CD
S2140300C0EEFFA37943B121796088B1FA81F1BDE8E7
S2140300D010404909FFF7E3BF10BD00F0A9B8034677
S2140300E0184613F8012B8A4201D0002AF8D170472C
S2140300F010B53B2104460068FFF7F1FF00220346D4
S21403010003F8012B2068236010BD10B540B1421ED2
S2140301100A24002012F8013F303BD9B2092900D93E
S21403012010BD04FB0030F5E708B500F07EF808B50F
S21403013040F2BA4200211020D5F7C2FC41F2E82370
S214030140584340F6FF7300F2FF70B0FBF3F080B243
S21403015008BD50F80C3C23B150F8041C30F80E0CC4
S21403016018477047084619B1FF21103002F070BCDB
S214030170704773B505460E466DBA1446D5F7CAFDE5
S214030180ADF804507EB1012C04D0032C09D0002214
S214030190012101E02246022101A8D7F78BFF02B016
S2140301A070BD0022F7E7042132460DEB0100F4E7A9
S2140301B007B540BAADF8040001A8D7F7AFFF03B000
S2140301C05DF804FB07B540BAADF8040001A8D7F7FD
S2140301D0D1FF03B05DF804FB002307B540BAADF8C2
S2140301E004000DF1030101A88DF80330D7F7EEFFE5
S2140301F09DF8030003B05DF804FB007800F0DF030E
S214030200552B07D0642807D0663818BF4FF0FF3049
S214030210C0B27047012070470320704718B12D28DD
S2140302200CBF012002207047704708B502F002F8A1
S21403023008B500F083F8BDE8084004F005BD50E9B2
S214030240023018470A460830FF2102F0F8BBFF21A8
S214030250083002F005BC08B50AF07DFCBDE808408E
S21403026009F094B913B500240DF107008DF8074083
S21403027003F09CFC40B99DF80700033803288CBFA5
S2140302800020012002B010BD2046FBE72DE9F04117
S214030290044600274FF00C0E8F4202DB0020BDE819
S2140302A0F0812078904204D1002594F807804545D4
S2140302B002DB01370C34EFE70EFB05F6D4F808C073
S2140302C00CEB06003CF806609E42E8D00135EEE7EC
S2140302D0F0B585B005460E461746D5F73BFE0446F1
S2140302E0A0B131462846D5F7EDFD83783A46002B74
S2140302F0A36831460293A378284601934FF0000380
S21403030000930CBF80234023E4F7BCFE05B0F0BD8A
S21403031008B51288D5F71EFE50B10279BDF80C3029
S2140303209A4207D881680298EBF7CEFA002008BDF8
S2140303308620FCE78920FAE7D5F710BF002004F0F3
S214030340FFBC08B504F064FD002814BF032000209A
S21403035008BD10B50446FFF785FF20B12046BDE86B
S2140303601040DFF7D5BD10BD08B5FFF77BFF18B10A
S214030370BDE80840DFF7BEBD08BD704708B502F00C
S21403038043FAFFF7A9FDD5F755FF6420DFF7D0FD45
S2140303906420DFF7BDFD02F039FAD4F705FD08F057
S2140303A04FFDF8E7642230B542F21075418AB0F883
S2140303B07E305143848A681A834202FB04F40AD2CD
S2140303C0A3420AD91B1B02FB03F021446D1AB0FBA0
S2140303D0F5F0C0B230BD1046FCE70020FAE710B5D2
S2140303E089B1632911D86424828A438A624304FB51
S2140303F00323C3F51C53103301FB03F0B0FBF4F0E7
S214030400104480B210BD0846FCE742F21070F9E7CC
S21403041038B5037B0446002B36D0FFF71CFF217B41
S214030420E289022903D1238A002B18BF1A466423C4
S214030430534342F210721FBFD4F88450401B5043FC
S214030440B0FBF3F20129B4F8883017D1134442F213
S2140304501072934228BF13469BB2A4F87E30204600
S214030460FFF7A0FFA37D83420ED0A0750822607815
S2140304704FF48171BDE83840FFF72ABF934201D39A
S2140304809B1AE9E70023E8E738BD10B50446B43005
S214030490FFF7DDFE04F1DC00BDE81040FFF7D7BE32
S2140304A0037BC189022B03D1038A002B18BF19468D
S2140304B0642342F20F724B43DC30934298BF6421AD
S2140304C0FFF7C0BE10B50446FFF7A2FF237B23B198
S2140304D02046BDE81040FFF7E3BF10BD10B5044645
S2140304E04FF6FE71D6F748F8B4F880302046A4F8E5
S2140304F07E30FFF757FFA37D834208D0A0750822FE
S21403050060784FF48171BDE81040FFF7E1BE10BD7F
S214030510F8B50E460446154600F18C073846FFF735
S21403052096FE29463846A4F87C60BDE8F840FFF7F7
S21403053089BEF8B504460D46FFF78DFE4FF6FE71ED
S214030540A36F8D42227BA0EB030717D162B94FF648
S214030550FF75B4F87C30AB4205D004F18C00FFF78E
S21403056076FEA4F87C50F8BDC72F1BD8C8331A1ADA
S21403057029462046BDE8F840FFF7CABFB4F87E60B8
S214030580AE422CBF02260126B24211D14FF6FF76A9
S214030590B4F87C30B34205D004F18C00FFF757FE65
S2140305A0A4F87C6029462046BDE8F840D5F7E4BFAA
S2140305B0C72FDBD9002AF5D02046D5F7DDFFC822A2
S2140305C0D6E74FF6FF73994201D0FFF7B2BF7047E5
S2140305D04FF6FF72B0F87C10A0F87C20FFF7F1BF4F
S2140305E042F21071FFF7A5BF0021FFF7A2BF4FF637
S2140305F0FE71FFF79EBF4FF60173994210B504468E
S21403060003D14FF6FE71FFF794FF638A2046322B21
S21403061084BF32236382A38A322B84BF3223A3820E
S214030620BDE81040D6F74EB8032910B504462BD0C4
S214030630007B30B9012903D002290CBF0120FF201B
S21403064010BD032A07D8DFE802F0020810140129B8
S2140306501CD002291FD0FF20F2E70029FBD1B4F8F3
S2140306605C20012A12D0022AF4E704290ED00529B9
S214030670F0E7042914D0052914D00029EBD1B4F8E7
S2140306805C20111F0129ECD80220D9E75A1E5342D9
S21403069053415800D4E7022B0CBF02200120CFE7BA
S2140306A00020CDE70120CBE730B587B005460C46E2
S2140306B0D5F742FD012820D11CB1611E4B424B41A8
S2140306C058006B784FF480728DF804304FF48273C1
S2140306D0ADF806304FF48173ADF8083001238DF87A
S2140306E00B30002385F8900001A8CDE903238DF88D
S2140306F00A408DF81430D5F757FD07B030BD416872
S2140307000346C978027B99B98168C97899B9002AE2
S21403071008BF0321D6F714B99B7B002B0CBF01211E
S2140307200221F7E79B7B002B0CBF02210121F1E797
S214030730012AF1D17047012AF4D17047042910B574
S214030740044604D831B1BDE81040D6F77DB9052973
S2140307500DD010BD037B5522002B08BF0321A0F844
S2140307605C1040781221FFF7B3FD2046EBE74368A1
S2140307701A8A83681A82E6E7012303730378013330
S21403078043734FF44073C381032303740023A0F819
S2140307905C3080F89030704738B504460D4601B992
S2140307A045890123E373FFF756FDFA2202FB050092
S2140307B020612089BDE838405043FFF7CABD10B515
S2140307C00446806BD8B1E278022A04D0636B5B7967
S2140307D072B984F83C3094F83C306BB1FFF713FCE5
S2140307E060784FF60272BDE810400621FFF770BD31
S2140307F0B3FA83F35B09ECE7FFF710FCF0E710BDF1
S21403080010B50446406BD4F7C7FB2046BDE810403E
S214030810FFF7D5BF10B50446406BD4F7E1FB20467F
S214030820BDE81040FFF7CBBF10B50446406BD4F7C6
S214030830FDFB2046BDE81040FFF7C1BF10B50446D8
S214030840002206214078FFF743FDA378022B01D050
S214030850FF2B04D12046BDE81040D6F757BC10BD89
S2140308604FF60273994210B5044601D1FFF7A7FF6E
S214030870E378022B02D02046FFF7A1FF2046BDE80F
S2140308801040D6F743BC10B5D0F8A4407CB103792A
S2140308901BB14079D6F7FAFC48B9A3883BB9322294
S2140308A02046BDE8104001231146D4F70DBB10BD0A
S2140308B010B50446FFF7E7FFA278237982B913B190
S2140308C02046D6F709FD2046D6F746FD0323607873
S2140308D0A4F86C305522BDE810401221FFF7F8BC8F
S2140308E0012B02D12046D6F7F7FCA379012B02D1C0
S2140308F02046D6F731FD0123E9E710B58378044691
S214030900ABB9FFF7C0FFA3788BB9237913B12046A1
S214030910D6F702FD2046D6F763FD04236078A4F8D5
S2140309206C305522BDE810401221FFF7D1BCB4F855
S2140309306C30022B0DD02379032B02D12046D6F739
S214030940CBFCA379032B02D12046D6F705FD002363
S214030950E4E72046D6F786FDF9E7827883685AB936
S214030960DB78002B14BF03230423A0F86C30552236
S21403097012214078FFF7ACBC1A7922B9DB78003B2A
S21403098018BF0123F1E70223EFE77FB500239E6A32
S2140309900446B6F5804F0D460CD201A8D6F70EFFD7
S2140309A0039B5B0506D529462046336C04B0BDE899
S2140309B07040184704B070BD00239B6AB3F5804FA0
S2140309C005D21B6BB3F5804F01D29B6818474FF4D3
S2140309D0817070471FB500239A6AB2F5804F04D31F
S2140309E040F2011005B05DF804FB126BB2F5804FC0
S2140309F0F6D2012201A8CDE902338DF80420D6F7FA
S214030A00DDFE039BDB03EBD5029B1A0EE8D0012A1F
S214030A1003D1C3F307430A2BE2D900239B6A1B6B5C
S214030A201B6C9847DEE708B50AF046FAB0FA80F082
S214030A30400908BD134610B542B103439B0707D1CF
S214030A400AF03EFAB0FA80F0400910BD0120FCE738
S214030A500020FAE700230360704703680B60016019
S214030A60704710B538B132B129B100230139D45CCF
S214030A7014B90023037010BD8B42FAD200F8014B61
S214030A800133F4E7034638B10020814204D01A5CF0
S214030A9002B970470130F8E770474FF0FF31FFF7B0
S214030AA0F1BF70B50C461646054660B15AB151B152
S214030AB0FFF7F3FF844206D9211A32462844BDE8DD
S214030AC07040FFF7CEBF70BDFEE7FEE700239A42F5
S214030AD000D1704710B550F8234041F82340013346
S214030AE09A42F8D110BDD7F7C9BA4369426CD91CEC
S214030AF0143AB1FBF2F103EBC1000330B0FBF2F0A2
S214030B000230704738B505460C46FFF7EEFF6A6CB1
S214030B10E31D143AB3FBF2F3013304EBC30402FB05
S214030B20004038BD38B5054644692146FFF7EAFF5D
S214030B306A6CE31D143AB3FBF2F3013304EBC3040C
S214030B40204438BDF7B507460E4600257C6CA81929
S214030B50644280EA06031C4003D02C46204603B0BA
S214030B60F0BDFB6B01225B6901A99847019B01332A
S214030B70F4D10435EAE770B505460C46D9F754F8C0
S214030B80EB6B2046BDE87040DB68184770B5002560
S214030B90044686B00562E369AB4202D8206A06B013
S214030BA070BD666C2068E36B05225B6901A906FBD2
S214030BB00500984701A800F023FC00F046FC10B19E
S214030BC0236A013323620135E5E738B50446456CED
S214030BD0006804F1400305FB0101E06B00F042FCF2
S214030BE005462046FFF7D2FF284638BDF0B5054632
S214030BF0002687B0EC69013CB44203D80C46204675
S214030C0007B0F0BD01B14C1E6F6C2868EB6B052274
S214030C105B6901A907FB0400984701A800F0F0FBF5
S214030C2000F013FC0028EAD121460136E2E7F0B5CE
S214030C3004460D46466CE36B006887B005225B6985
S214030C4001A906FB0500984701A800F0D9FB00F0B0
S214030C50FCFB20B101A800F0AAFB07B0F0BD2946B3
S214030C602046FFF7C3FF0646676C2068E36B052242
S214030C705B6901A907FB0600984701A800F097FBEC
S214030C80431CEAD0B54238BF0130E6E72DE9F0430E
S214030C904FF6FF79D0F8248004460E46C84514BFA5
S214030CA045460025002787B0E369BB4202D807B054
S214030CB0BDE8F083E26B2368606CD2F814C000FBD7
S214030CC00530052201A9E04701A800F099FB022898
S214030CD006D0C8450CD1721C29462046FFF775FF7F
S214030CE0E3690135B5FBF3F2013703FB1255DBE786
S214030CF029462046FFF79BFFB0F1FF3F14BF02468D
S214030D0032460132E8E70368F0B5CC1A436C064670
S214030D10B4FBF3F4002587B0F36937685A1E95428F
S214030D20706C08D3706C336800FB043007B0BDE802
S214030D30F04000F095BB0134B4FBF3F203FB12441E
S214030D40F36B05225B6901A900FB0470984701A8B1
S214030D5000F056FB00F079FB0028E3D10135DBE712
S214030D6010B423F0030422449B070A44436C18BFC1
S214030D7004325B4281EA0204234203D05DF8044B4B
S214030D80FFF7C1BF10465DF8044B70472DE9F041ED
S214030D90D0E90A369E42044686B028D11422C36997
S214030DA0456802FB1355284606B0BDE8F081206867
S214030DB0676C331AB3FBF7F3E26B07FB0300D2F857
S214030DC0148001A90522C04701A800F019FB0128D9
S214030DD004D0636C1D44013B3340ED1A3146204674
S214030DE0FFF791FF0646A36AB342E0D1DBE700258F
S214030DF0F9E708B508301346D1E90012D8F79AFE8A
S214030E00012008BD13B50C460021217600936168C6
S214030E1013462246D7F788FA18B1E37D03B1A07EBE
S214030E20A075A07D02B010BD73B5164600F1080587
S214030E300C46284609680DF1070200F098F9032EC0
S214030E4006D16368834203D12846216800F076F909
S214030E50012002B070BDD01E009B42424241187E64
S214030E60824211D11A688A420ED85A688A420BD334
S214030E705A6901325A61D3E9030282423FBF986836
S214030E8040F8221001321A610120704710B5032A78
S214030E90029C07D1A26A5340626C5242134201D1AC
S214030EA000F04CF9012010BD08B5C3680020984730
S214030EB0BDE80840D8F7C0BE012814BF04200220AE
S214030EC070B5002442431C70CC7D101D02F0020254
S214030ED04CB91AB1012220F003001A7000F108037E
S214030EE04868184470BD1AB1012220F003001A7036
S214030EF000230C7E01F12005DAB2A24201D30020C2
S214030F00F0E735F833205E1C824206D901EBC303B3
S214030F1000F10802D8691044E4E73346801AEBE789
S214030F2073B5054690F842601C4630460DF1030340
S214030F30FFF7C2FFEB6B012E5B690DD1324601A9A9
S214030F4098479DF8033013B1BDF806300193BDF8FA
S214030F500430236002B070BD0122214602B0BDE812
S214030F6070401847F0B5054600244868EB6B87B019
S214030F700E4601225B69029402A908309847274669
S214030F8095F84230012B40F0AC80632C00F2AB8026
S214030F90612C08D805AB224631462846FFF7C0FF2A
S214030FA09DF814305BB305AB2246314628468DF8D0
S214030FB01070FFF7B5FF95F84230012B059B7FD1E4
S214030FC04FF6FF72934256D0082205A904A800F0F4
S214030FD063FA059B9DF81010C3F3072291424AD18A
S214030FE0DBB2029A1A44029245E0DCD005AB2246F5
S214030FF031462846FFF794FFBDF81430D2E795F83C
S2140310004230012B39D1612C2ED822463146284650
S21403101003ABFFF785FF3146284604AB621CFFF798
S2140310207FFF3146284605ABA21CFFF779FF102247
S21403103008230DEB02010DF107008DF8073000F0D1
S2140310402BFA102205A90DF1070000F025FA039BE1
S214031050DAB24AB99DF80720B2EB132F04D1DDE9C3
S214031060043203EB0243029395F84230012B14BF7C
S214031070012302231C44013482E7302CF4D8224691
S2140310803146284603ABFFF74BFF3146284604ABF1
S214031090621CFFF745FF102320220DEB03010DF121
S2140310A007008DF8073000F0F7F9039B9AB2002A81
S2140310B0DAD19DF80720B2EB134FD5D1049BD2E7C4
S2140310C00133D8D0102205A90DEB020000F0E4F995
S2140310D0059B9DF81010C3F307429142CBD19BB2F8
S2140310E07FE7312C81D9029807B0F0BD13B50024F1
S2140310F00194049C0094D7F7F3FD02B010BD13B51A
S21403110001240194049C0094D7F7EAFD02B010BDB5
S21403111000234FF0FF3230B544689C4202D10023CF
S214031120037230BD016801EBC30541F833206A60E2
S2140311300133F2E7C0E90012FFF7EABF0023F0B578
S21403114045689D4210D00468DF0054F8332004EB52
S214031150C306B2F1FF3F08D0C2F31302914204D193
S2140311604FF0FF33E3517360F0BD0133E9E700232B
S214031170F0B545689D4202D14FF0FF300EE004689B
S214031180DE0054F83340671C09D0C4F31307B94292
S21403119005D1240D1470036833445868F0BD013339
S2140311A0E8E7704770B59400224605460E4609F0F8
S2140311B087FE431C0AD058B9224631462846EAF72A
S2140311C07DFE002814BF3D20002070BD6E20FCE786
S2140311D07120FAE713B5044601A8D9F7ABFD9DF8CD
S2140311E0063023804FF480736380D9F7B1FD6060C7
S2140311F0002002B010BDD9F721BD08B5D9F712FDFE
S214031200002008BD10B5044644EA010313F00303A7
S214031210084609D1934201D1002010BD54F823108B
S21403122040F823100133F5E721469200EAF78AFCDB
S214031230F2E710B5044609F03FFE431C10D088B908
S214031240D9F786FD234620F003002044984201D1B7
S214031250002010BD53F8042B0132F7D03E20F8E7E8
S2140312606E20F6E77120F4E7704713B500230446B3
S21403127001461B220DF107008DF8073000F00CF92C
S21403128022689DF80730B3EBD26F0CBF0120002015
S21403129002B010BD13B500230446014620220DF10B
S2140312A007008DF8073000F0F7F80DF107001A2253
S2140312B0211D00F0F1F862689DF80730B3EB926FDA
S2140312C00CBF0120002002B010BD0068431C58422A
S2140312D058417047006810F07E0F0CBFC0F3C16022
S2140312E0002070470068C0F3D3107047006800F012
S2140312F07F0001288CBF002001207047036813F08D
S2140313007E0F14BF042008207047036813F07E0F77
S21403131003D1406820F07C40704713F078001CBF70
S21403132003F07F03D81F7047006800F07F00704704
S214031330032809D0022803D1C1F10201C8B27047BD
S21403134000290CBF07200020704737B5054601F17A
S2140313500C0443696946012220469847BDF80030CD
S214031360012201932046AB6901A9984703B030BD1B
S21403137037B501F10C044369012269460546204648
S21403138098474FF6FF72009B99B291420DD16FF3C7
S2140313900F0343F4254343F0A5030193012220469C
S2140313A0AB6901A9984703B030BD0020FBE737B50A
S2140313B0044600251B22011D0DF107008DF807507A
S2140313C000F06AF860689DF80720B2EBD06F03D18F
S2140313D020F0784003B030BD0DF107001B2204F166
S2140313E008018DF8075000F057F8A0689DF80730FD
S2140313F0B3EBD06F01D1C043EAE74FF0FF30E9E724
S2140314004BF29A22036810B5B2EB134F044613D17E
S2140314109BB2012B13D1FFF7CAFF01300CD04FF656
S214031420FF72E068B2EB104F4FEA104309D180B267
S214031430C01A18BF012010BD2368013303D004204F
S214031440F9E70220F7E70320F5E701288CBF002021
S21403145001207047033801288CBF00200120704705
S214031460143070472DE9F04105469846036908464F
S2140314700E4617469847044638B943463A46314619
S2140314802846D8F749FC044618B131462846FFF7E4
S2140314905CFF2046BDE8F0811F2A0B689EBF4FF015
S2140314A0FF3191408B43590801F055315B1A03F025
S2140314B033319B0803F033330B44017803EB1313E8
S2140314C00A444FF0013103F00F334B43A2EB136290
S2140314D00270704708B507F05BFBBDE808400021C3
S2140314E0D8F724BD02210320D8F71EBF70477047E4
S2140314F07047704770B5054614460E4609F0D1F995
S2140315002B685C4034405C402C60BDE8704009F0BA
S214031510C3B910B5002422B1032A0CD003600471AA
S21403152010BD11F4000218BF4FF07F4221F07F4335
S21403153013430C0EF2E721F0FF03CCB2EEE730B50F
S214031540012400F5805345685C60CB784A785B04D9
S21403155043EA02230A7813438A78120402F4803299
S2140315601343C0F89830EB075CBF00F500504460A7
S21403157030BD70B501260C46054600F500535E6087
S2140315800B78497803F0070343EAC103E17843EA9B
S2140315900123A178090101F030010B430367C36AF5
S2140315A0A17923F48B3323F4807343EA014321792F
S2140315B0090201F4E0610B436179090301F48051E8
S2140315C00B43C3621146FFF7BAFF05F580535E600F
S2140315D0E37903B1EE6070BD08B50A6FC96F02F018
S2140315E00702FFF796FF08BD13B5044601A8D9F70F
S2140315F0A1FB042C04D8DFE804F00616031013003E
S214031600002002B010BD40F29C4040F2BA439DF861
S2140316100520012A08BF1846F3E740F6B830F0E77E
S2140316204FF41660EDE740F2E240EAE74FF050234E
S2140316304FF400321A6770474FF0B0435A6812B13E
S2140316409A6A002AFAD1704770B5054614460E46C4
S21403165009F027F92B685C4034405C402C60BDE8F9
S214031660704009F019B90122417803788A40302185
S2140316704B4342F2100103F1A04303F570335A5073
S214031680704721FA00F2D20730B5034600F0FC0497
S2140316900FD500220132D2B2042A02D14FF0FF3016
S2140316A008E0831803F00303234421FA03F5ED0748
S2140316B0F0D4184630BD0020704700207047002045
S2140316C070470020704701207047012070470F20A5
S2140316D07047EBF70DB9002307B5CDE900330123B7
S2140316E069464FF0FF308DF8023004F058FB03B024
S2140316F05DF804FB0020704710B508B9212010BD23
S2140317000029FBD0036813F0704205D1C3F30E0320
S2140317100B607BB10020F2E703F05044B4F1004FB6
S21403172005D0B2F1304F02D0B2F1404FE6D103F00C
S2140317307F03EDE74368002BE0D00B60EAE737B59D
S2140317400C46054610B9212003B030BD0029FAD057
S214031750002301A90193FFF7CFFF0028F4D12968DE
S214031760019A11F0704102F1030222F0030201D143
S2140317702260E9E7AD68B1F1004FC5F38033C5F3E6
S214031780403504D103EB450353432360DCE7B1F153
S214031790204F01D12B44F7E7B1F1304FFAD0B1F126
S2140317A0404FF7D0CFE737B50C460546002800F084
S2140317B08780002900F0848000230B60036803F011
S2140317C070430B60C26822B1032A79D143F0806369
S2140317D00B60AB689A0149D403F08073EA680AB9D0
S2140317E0002B6DD1226822F0407213432360EA680F
S2140317F0032A05D12A69F62A62D962F317432360BE
S214031800AB681B0442BF236843F400432360EB68C2
S214031810032B1FBF23682A6862F30E0323602B681B
S214031820AA68002B2ADB12F4C84F49D12B6803F0B1
S214031830704303F10043B3F1804F05D2530542BF13
S214031840236843F4806323600023284601A9019399
S214031850FFF752FF40B92B6813F070421FD123687D
S214031860019A62F30E03236003B030BD03F04073A6
S214031870B3F1407F18BF4FF00073AFE7500402F494
S214031880005105D4E1B1236843F400532360CDE748
S214031890236843F4804323600029C7D0F3E703F0AB
S2140318A05043B3F1004F05D0B2F1304F02D0B2F13E
S2140318B0404F05D1019B5A1E236862F30603D2E705
S2140318C02120D1E738B131B101234B604FF00053EB
S2140318D000208B6070472120704737B50C460546BD
S2140318E008B9212016E00029FBD001234B60C3680A
S2140318F0A3B901A90193FFF722FF58B9019B6A69AF
S2140319009A4209D32A69002AEBD0226043F0005397
S2140319100020A36003B030BD1D20FBE7032BE0D1FE
S2140319200023F5E7436813B9416070475B685A685C
S214031930012AFBD159607047FFF7DCBE08B5FFF7F5
S214031940D9FE002814BF6FF09200002008BD13468E
S214031950428870B50732072A0C464FEAD20101D0F7
S214031960A14222D146680588202218460021E9F7BD
S21403197059FF360A0346DEB9BCB141F2010295426D
S21403198005D0B5F5885F02D0B5F5905F02D100208B
S2140319905C6070BDB5F5105F0DD1182C03D0202CFC
S2140319A001D0102C01D11C60F1E76FF08600F0E740
S2140319B06FF08B00EDE76FF08500EAE7F0B51C46A5
S2140319C0436806461B0A0F46154689B035D122469C
S2140319D02946FFF7BCFF68B9EB1C23F00303C4E9F1
S2140319E00307636145B9202200212046E9F71AFF61
S2140319F06FF0860009B0F0BD014620226846E9F77D
S214031A0011FF6A4629463046FFF7A1FF0028EAD1B0
S214031A102368009A9A42E6D16368019A9A42E2D111
S214031A20A368029A9A42DED1A369069A9A42DAD149
S214031A30E369079A9A42DDD0D5E76FF08B00D9E7C2
S214031A40D9F7C0BCD9F7DABD70470020704700202D
S214031A507047C3681944836853F8210030F8023B83
S214031A6013607047012310B580F888300378044666
S214031A7053B100F061FA21462046D9F7B1FE20465D
S214031A80BDE8104000F04DBA10BD38B50D4604460B
S214031A90D9F78EFE6B682046C4F8B032A96800F00A
S214031AA096F94FF0FF332046C4F8B432FFF7CDFF64
S214031AB038BDD0F8B43210B50133044601D0002047
S214031AC010BD00F0BCFAC4F8B4020130F7D194F8A4
S214031AD0B80280F00100F3E708B5D9F7A5FE08BD04
S214031AE00A7801382D2A0ABF012200228918D9F75D
S214031AF0F7BE07281BD8DFE800F0060A0D101315FB
S214031B0004170120704700220820D9F7E9BE0022F7
S214031B101020FAE700222020F7E70820FFF7E0BFAF
S214031B201020FBE72020F9E70846D9F73BBF002043
S214031B3070472DE9F74307280C46DDE90A769046F9
S214031B401D4608D8013806280AD8DFE800F01D2706
S214031B50303A44574A00212850D003B0BDE8F083FA
S214031B60002220461146E9F729FE3368C0B205EB8A
S214031B7083013A6845F82300013348F8221033609E
S214031B803B6801333B60E8E7002220461146E9F74D
S214031B9015FE336880B205EB8301EAE70022204690
S214031BA01146E9F70BFE336805EB8301E1E70022F4
S214031BB020461146E9F7B0FF336840B205EB8301D0
S214031BC0D7E7002220461146E9F7A6FF336800B29E
S214031BD005EB8301CDE7002220461146E9F79CFF7B
S214031BE0E1E7002389461E461D468DF8063019F8A0
S214031BF0013F7D2B06D125702D0A65703B6848F89A
S214031C002340BDE7202BF2D006F00102013612B9BD
S214031C108DF80430EBE71022002101A88DF805307B
S214031C20E9F77AFF631901359870ADB2DFE72DE95E
S214031C30F04F9B46002385B08B45814688469246E7
S214031C40CDE902336BDC1A461E4619F80340212CF5
S214031C5009D81F2C04D8103C072C98BF012200E09B
S214031C6001260133F1E7FF2CFBD15B4436B1013B80
S214031C7043450ADD2B2005B0BDE8F08F62B1013B7A
S214031C804345F7DC3546374602E000252F462E4609
S214031C90454504DB0020EEE79845F3D0EAE75D45CB
S214031CA03BDB19F80730202B18D109EB07035B78C9
S214031CB0FF2BDFD1CEB920465AF82510FFF719FFC0
S214031CC078B303AB019302AB00932046DDE90E2302
S214031CD05AF82510FFF72DFF0135D9E7212B0ED132
S214031CE009EB07035B78FF2BC4D1029B5AF8252028
S214031CF00E99012641F8232001330293ECE7A3F162
S214031D001004072C02D91C460137D3E709EB070357
S214031D105B78FF2BAED1E4B2CCE70624CAE72120DA
S214031D20A9E72620A7E72DE9F04F07460E461546F6
S214031D309846044685B0DDF84490DDE90FAB20688D
S214031D4008B3DAF80020D8F800108A421BDA0E9B94
S214031D5053F82210D6F7C6F848BBDAF8002001324B
S214031D60CAF800206268117BFE291BD10E9B1068FF
S214031D70012100932A464346CDE902B9CDF804A0D3
S214031D80FFF7D1FF04462B7843B999F800302BB9F7
S214031D907EB101233C4689F800302B70204605B0FF
S214031DA0BDE8F08F01238BF800302B70EBE70C3483
S214031DB0C5E73446F2E710B50446236803B910BDF9
S214031DC0237A13B92046D9F723FE0C34F5E710B56A
S214031DD041B10A7932B901249C300C71FEF73DFEFD
S214031DE0204610BD0020FCE72DE9F041BAB00546B9
S214031DF00AAA084603A900F05FF90446B0B90DF134
S214031E000A0301930DF10B038DF80A0000930AAA47
S214031E10284604AB03A9D9F7ABFF9DF80A20B2B155
S214031E209DF80B2048B12AB1D9F7F2FD20463AB007
S214031E30BDE8F081FFF7BFFFF8E7D5F89C50002D0B
S214031E40F4D0A86808B1FFF7B6FF2D68F7E700B32C
S214031E5046681AAB06F10C082AAF01934046049B6A
S214031E60039900970AAAFFF7E2FE04460028DDD18D
S214031E70039B05A8CDE90637049B0595CDE90838ED
S214031E80DBF73EFA05A83368984705A800F03FFD40
S214031E90CCE72D24CAE710B50446AC30E9F7BEFB01
S214031EA004F1AB031A180020934200D110BD13F8B7
S214031EB0011F0029FAD00A2908BF0130F4E70023DE
S214031EC0F0B50B6013600646D0F8AC0278B196F80E
S214031ED0AC0060B1012406F1AC07D6F8AC0284422C
S214031EE010D306F1AC00B3F5007F10D30120F0BD8C
S214031EF00D6801350D60156801351560F85C013312
S214031F000A2802D0B3F5007FF2D30134E5E7C15CBB
S214031F100A29EBD00029E9D0116801330131116099
S214031F20E1E710B50021D0F88C200446E9F77AFCE7
S214031F300023C4E9243310BD73B5044600F1AC0591
S214031F4080212046FEF79EFD4FF400710646284684
S214031F50FEF798FD0136C0F50070864220461FD86E
S214031F60E9F75CFB06462846E9F758FB013629469F
S214031F70421CA819E9F7A8FC2046E9F74FFB2146BF
S214031F8002462846E9F7DEFD2046E9F747FB0A2323
S214031F90204480F8AC300023C4F8AC3202B070BDE5
S214031FA0FFF779FF01AAC4F8AC0269462046FFF79B
S214031FB086FF0022009B234483F8AC20C0E773B55A
S214031FC00D460446FFF767FF6B1C19D1D4F8AC32F5
S214031FD013B1013BC4F8AC3200252046E9F71EFBDB
S214031FE0A84215D82046FFF79CFFD4F8AC322BB195
S214031FF06946204601AAFFF762FFA0B902B070BD8A
S214032000012DFBD1D4F8AC328342F7D20133E1E79A
S214032010082000F023F8202000F020F8082000F025
S2140320201DF80135D9E7009D04F1AC06019BAB42D0
S214032030E4D9715D2046D9F7C9FF0135F6E707B540
S21403204000200DF1070100F0E7F820B99DF807001E
S21403205003B05DF804FB4FF0FF30F9E710B5C1B2EB
S2140320600446002000F0C8F800280CBF20464FF0B6
S214032070FF3010BD0FB407B504AA52F8041B0020A6
S2140320800192DAF73FF9002003B05DF804EB04B0E1
S214032090704710B54C1C0B460119045D222C03D067
S2140320A07B2C01D05C2C05D1D21A1844E9F70CFC22
S2140320B0012010BD0020FCE72DE9F04705469146B8
S2140320C08846E9F7ABFA2A460646134619780132DC
S2140320D02029FAD0C9F800305C1B01236FF0404A70
S2140320E0C8F80030A64201D8002014E02F5D291955
S2140320F07B2F12D0222F2ED1D8F80030621C5344E7
S2140321002A4449F82320012C09D911F8013C13F07D
S214032110DF0F04D02120BDE8F0877D27F3E70134E5
S2140321202B5DBB4209D12B195B7813F0DF03F1D18A
S214032130222F00D12B550134D4E75C2B07D132462E
S21403214021462846FFF7A5FF0028E3D0013E0134C9
S214032150A642E5D8DEE75C2F08D13246214628465C
S214032160FFF797FF0028D5D0013EE4E7202FE2D102
S2140321700022631CB3420A70DDD2EA18EB5C202B04
S214032180D9D0D8F800300F2B05DC49F823200133CB
S214032190C8F80030CFE71E20BDE700F000B80020E7
S2140321A07047D5F78DBE70B50C46154610B9DAF7ED
S2140321B09DF838B143682BB12A462146BDE87040E6
S2140321C000681847232070BDF7B50D4616461C4613
S2140321D038B9DAF78BF804B901AC20B9232003B079
S2140321E0F0BD03B901ACC768002FF7D023463246CB
S2140321F029460068B847F2E707B501228DF80710AD
S2140322000DF10701FFF7CFFF03B05DF804FB0B46A4
S21403221001461846FFF7F0BF00230122FFF7D4BF9D
S21403222008B508F039FCFA23B0FBF3F080B208BD1A
S2140322300420704740F20160DAF74EB97047012078
S21403224070470020704749BA89B280EA0103C3F396
S21403225003125340180380B258405B0103F4FF5344
S2140322605840704708B5DAF703FD58B1A0F1590393
S214032270042B06D8042B04D8DFE803F00404040375
S21403228004005C2008BDDAF74BBE7047F8B50C4671
S2140322908D18073552421540A5F1080706463846FD
S2140322A000F0DFF9A188381B628801EBE00189B2F0
S2140322B0A2EBE00225F8041C25F8062CA288C3101E
S2140322C0AAB1A4EBC202B2F802C0D18003EB0C01A0
S2140322D05180E28892B1D31A9BB204EBC20425F86C
S2140322E0023CA380B3680344B3603846F8BD15F8D0
S2140322F0082C42F0020205F8082CEAE725F8022C1F
S214032300F0E72DE9F04F4FF0000887B09946531CCD
S214032310109B0546174614BF14460824CDF81480B0
S214032320002B00F0C580C3F80080002900F0C280AF
S21403233042688A4240F2BE80073121F0070608F061
S214032340BDFA05AACDE9008282463A464B46314697
S214032350284600F08AF9059F834607B130B95046F0
S21403236008F0A7FA192007B0BDE8F08FB7F8028087
S21403237029694FEAC802C0EBC8080139B8F1270F2C
S21403238029617AD9B9F1000F51D1864206F10808BE
S21403239048D0224639462846FFF778FF044605907C
S2140323A0059B9844404600F05CF9059906F10F003A
S2140323B04A88C308A2EBD002A8F80220CA88A8F865
S2140323C00430002A30D0D31A9BB201EBC202A8F81D
S2140323D0063093808B88F608A380B8F804303A4614
S2140323E0E380414600232846668000F0A6F9AB68E2
S2140323F00833AB60237843F0010323702B69013362
S2140324002B616288AB68504603EBC203EA68AB6095
S214032410934288BFEB6008F04CFA109B0834002008
S2140324201C60A0E73C46BBE7A8F80620D2E707EB0C
S21403243008042046039200F014F90BF10703DB08A7
S2140324400599638008F10703DB08A380CB8893B163
S214032450DB00039AD81D821A5A44C2F3CF020B44F8
S214032460E2809A80A38808F1FF384FEAD808A1F8DB
S2140324700280CB80BBE7E380F4E7B9F1010F1BD101
S21403248007F10803B3FBF4F204FB1233B3B122469D
S21403249039462846FFF7FAFE044623783A4643F0C1
S2140324A00103237021460123284600F046F9A8E7D6
S2140324B0222058E7212056E78642E8D13C46ECE73F
S2140324C007B500224FF0FF3101AB0192DAF788F926
S2140324D0019803B05DF804FB2DE9F74F04460D465B
S2140324E0002900F0AB80D0E9056808F0E7F915F895
S2140324F0087C35F8061CFB07009000D531B9009818
S21403250008F0D7F9012003B0BDE8F08FA368D4F82C
S214032510109035F804ECA3EBC10B09F10103A5F108
S214032520080C4A1CC4F808B02361BEF1000F7BD028
S214032530ACEBCE03D888B3F802A00190187807F066
S2140325400207C00765D4002F64D10198A0EB0A07E1
S214032550012F69D18A1CABF108075244C4F81090C6
S214032560A76035F802ECBEF1000F61D0D4E9007025
S2140325700CEBCE0A07EB0009CA4559D21CF83EC03D
S21403258057461CF0010C15D1AEEB0101012911D100
S214032590BAF80210AAF802C001310A44BAF80610C3
S2140325A0002943D00AEBC107216901392161A168DB
S2140325B00839A16015F8081C013A21F0010105F855
S2140325C0081C002125F8061C5A801A7861F30002BD
S2140325D01A707FB3C3F107023A44C2F3CF02DA801C
S2140325E0BA804EB3B34227D37288002A08BF1E466A
S2140325F0B8F1000F06D0434504D8B8F80220002AE5
S21403260018BF43460098C4E9056308F052F9002052
S21403261079E74FB115F8087C724427F0020705F8EE
S214032620087C00279F809CE763469AE70F46BBE734
S2140326300027BFE7DF80D4E71E46D9E7222062E7FC
S21403264010B50446DAF7E4F82146BDE81040FFF774
S21403265043BFFFF7F5BF0846FFF732BF0846FFF74D
S214032660F8BF0023036043607047F0B5D0E9055414
S214032670561C08BF0822002B4FF0000008BF2C464C
S214032680DDF818C0CCF80000002C37D09DF8147085
S2140326906588FF0007EBC505C2F1000E2078C0076A
S2140326A008D51BBBE088A0B104EBC004658807EB24
S2140326B0C505F3E78D42F4D363B904F10806B6FB08
S2140326C0F2F002FB106670180EB1A842EAD8CCF8F6
S2140326D00040F0BD082A0FD06088013004EBC0002C
S2140326E0461A06EA0E06801B8542F0D2A08800280A
S2140326F0EFD0A4EBC004D9E70846E8E72046E8E7AE
S21403270003460069C0B10AB951B91A68104603787E
S214032710DB0711D531B9C3885BB100EBC300F6E71D
S2140327209A69F3E7012904D1838823B1A0EBC30098
S214032730EDE700207047184670472DE9F041D0E9D1
S2140327400554074688461646ABB1954200D00ABBE9
S214032750424600213846FFF7D3FFB442054600D071
S2140327602EB9424601213846FFF7CAFF0446C7E999
S2140327700554BDE8F081954208D08D4228BF0D462A
S214032780B44205D0444538BF4446F0E70D46F7E764
S2140327904446ECE79442EAD1E3E770B500261C46CC
S2140327A0C3E90001C3E90266C3E905001E611A779F
S2140327B05E62FFF756FF23690139C908013341807A
S2140327C02361A36830460833A360E3680833E360F5
S2140327D070BD002307B5684600938DF80430D7F71D
S2140327E093FF03B05DF804FB10B508F05AF80446EF
S2140327F006F060FA2046BDE8104008F04DB8704772
S2140328004FF4C870DAF764B8DAF716B900F01CB8F4
S2140328107047704708B503F001F903F009F903F0B0
S21403282010F903F01FF9BDE8084003F02EB970470E
S21403283008B503F0EEF803F0EDF803F0ECF803F058
S214032840ECF8FFF7F4FF08BD08B503F01FF903F033
S2140328501EF903F01EF9BDE8084003F021B97047DE
S214032860012070472DE9F34112F00105044688461E
S21403287022D110F0030525D12F465208BA4209D1BA
S214032880D8F7D0F90026B74204EB860008D1D8F76C
S214032890D5F911E054F8273001330CD10137EDE7B1
S2140328A0042258F826300DEB0201019308F008FBCA
S2140328B030B1D8F7C3F93D25284602B0BDE8F0810C
S2140328C00136E0E70125F7E77047B0F1006F0FD355
S2140328D000F07843B3F1006F0CD000F06040B0F125
S2140328E0404F09D0B0F1604F14BF04200320704757
S2140328F00020704701207047022070470020704771
S2140329001AB111B180B2DAF70BBB2120704701F080
S21403291056BEE3F735BCFFF78DBCD0E9023253F859
S214032920223000211878E3F77DB8704702F08CB99F
S21403293001F0DABDC3688268013BDBB252F823308C
S2140329405B78652B02D10020E5F7BCBB6E2B01D16B
S2140329500120F9E7662B01D10220F5E7704710B591
S214032960D0E90232044653F82230187802F046FAC9
S214032970E368A268013352F82330BDE810401878A4
S21403298002F03ABA10B50446C0B2DBF797FC200A49
S214032990BDE81040DBF792BCD0E9023253F8223090
S2140329A01878DBF793BD02F0E1B9E4F789B808B508
S2140329B001F0B8FEBDE80840E5F772BAD0E9023286
S2140329C053F82230186801F0ABBE0020E5F76EBB63
S2140329D00120E5F76BBB0221DBF70EBD0321DBF716
S2140329E00BBD0521DBF708BD08B501460C20DBF758
S2140329F0DFFCBDE80840DBF76DBC08B501460020E8
S214032A00DBF7D6FCBDE80840DBF764BC07B5C26855
S214032A108368043253F8223001211B880DF1060225
S214032A20ADF806300023DCF76BFA03B05DF804FB61
S214032A3008B508F045F8BDE80840F1F7EFBC10B557
S214032A401446DCF779FD2146BDE8104007F0D6BDF5
S214032A5008B5DCF771FDBDE80840002107F0CEBDE0
S214032A6008B5DCF769FDBDE80840F1F70DB908B510
S214032A70DCF762FDBDE8084008F085B908B5DCF769
S214032A805BFDBDE80840F1F7EBB87047704708B543
S214032A9008F016F8FFF7FAFF03F065F8BDE80840FC
S214032AA0DCF796BD7047012070470120704708B5D4
S214032AB0DCF72AFE00280CBF0420012008BD70475F
S214032AC02DE9F34104460D4616461F46DDF82080E1
S214032AD008F08EF83B46324629462046CDF800805D
S214032AE003F043F83B46324629462046CDF800809D
S214032AF0FFF7E5FF02B0BDE8F04101F060BD2DE948
S214032B00FF4704460D4616461F46BDF830809DF81F
S214032B103490DDF838A008F06BF83B463246294679
S214032B202046CDE9019ACDF8008000F0FDFF04B001
S214032B30BDE8F04701F043BD704708B508F058F804
S214032B4003F016F8FFF7F8FFBDE8084001F037BDBD
S214032B50012070472DE9F74304460D4616461F46E7
S214032B609DF8289008F044F83B463246294620460E
S214032B70CDF80090FFF7ECFF80463B4632462946E9
S214032B802046CDF8009002F0F4FF01F018FD404611
S214032B9003B0BDE8F083012070472DE9F7430446F0
S214032BA00D4616461F469DF8289008F021F83B462A
S214032BB0324629462046CDF80090FFF7ECFF8046C4
S214032BC03B46324629462046CDF8009002F0D2FF17
S214032BD001F0F5FC404603B0BDE8F083F8B50446C3
S214032BE00D4616461F4608F003F83B46324629466E
S214032BF0204602F0C0FFBDE8F84001F0E0BC00202C
S214032C007047F8B504460D46164607F0F1FF324600
S214032C1029462046FFF7F3FF074632462946204655
S214032C2002F0AAFF01F0CBFC3846F8BD38B50446DF
S214032C300D4607F0DDFF2946204602F09EFFBDE85D
S214032C40384001F0BCBC10B5044607F0D1FF20465F
S214032C5002F094FF2046FDF76FFBBDE8104001F03D
S214032C60AEBC704738B504460D4607F0C1FF29468B
S214032C70204602F095FF29462046FFF7F2FFBDE8FF
S214032C80384001F09CBC704770B504460D461646A6
S214032C9007F0AEFF32462946204602F083FF32464F
S214032CA029462046FFF7EFFFBDE8704001F087BCDA
S214032CB0704738B504460D4607F09AFF2946204666
S214032CC002F072FF29462046FFF7F2FFBDE83840C0
S214032CD001F075BC704738B5054607F089FF2846EE
S214032CE000F0EFFE04460146284601F0ABFF01F074
S214032CF066FC204638BD38B504460D4602F056FF3E
S214032D0029462046FFF7E6FF38BD704738B5054627
S214032D1007F06EFF2846E3F7DFF904460146284628
S214032D2001F08EFF01F04BFC204638BD38B5044653
S214032D300D4602F03CFF29462046FFF7E6FF38BD66
S214032D40704710B5044607F053FF204602F030FFE5
S214032D502046FFF7F5FFBDE8104001F030BC704792
S214032D6038B504460D4607F043FF2946204602F0D1
S214032D7021FF29462046FFF7F2FFBDE8384001F061
S214032D801EBC704770B504460D46164607F030FF66
S214032D9032462946204602F00EFF32462946204692
S214032DA0FFF7EFFFBDE8704001F009BC704738B588
S214032DB004460D4607F01CFF2946204602F0FCFE9B
S214032DC029462046FFF7F2FFBDE8384001F0F7BB7F
S214032DD0704738B504460D4607F00AFF29462046D5
S214032DE002F0EBFE29462046FFF7F2FFBDE8384027
S214032DF001F0E5BB704710B5044607F0F9FE204620
S214032E0002F0DCFE2046FFF7F5FFBDE8104001F0B8
S214032E10D6BB704710B5044607F0EAFE204602F01C
S214032E20CEFE2046FFF7F5FFBDE8104001F0C7BB16
S214032E307047704770B504460D46164607F0D8FE31
S214032E4032462946204602F0BDFE32462946204633
S214032E50FFF7EFFFBDE8704001F0B1BB704710B558
S214032E60044607F0C5FE204602F0ADFE2046FFF7F7
S214032E70F5FFBDE8104001F0A2BB704738B5044625
S214032E800D4607F0B5FE2946204602F09DFE29466C
S214032E902046FFF7F2FFBDE8384001F090BB7047CD
S214032EA070B504460D46164607F0A2FE324629467E
S214032EB0204602F08BFE324629462046FFF7EFFFF8
S214032EC0BDE8704001F07BBB70472DE9F341044633
S214032ED00D4616461F46DDF8208007F089FE3B4662
S214032EE0324629462046CDF8008002F070FE3B4667
S214032EF0324629462046CDF80080FFF7E5FF02B0AC
S214032F00BDE8F04101F05BBB0E2070470E20704712
S214032F1038B5044607F06CFE2046FFF7F7FF054674
S214032F20204602F055FE2046FFF7EEFF01F047FB72
S214032F30284638BD002070470020704738B5044641
S214032F4007F056FE2046FFF7F7FF0546204602F039
S214032F5040FE2046FFF7EEFF01F031FB284638BD62
S214032F60704708B507F044FE02F034FEFFF7F8FF9B
S214032F70BDE8084001F023BB002070477047704748
S214032F8008B5DCF793FC00280CBF0420012008BD1D
S214032F9070470B68DA7B1AB9DB7C0BB9DCF7AABC83
S214032FA08120704708B5DCF7BDFCBDE80840DCF7B8
S214032FB0C7BC7047DCF7B6BCDCF7C2BC082808D829
S214032FC04FF48B73C34013F0010F0CBF2120002076
S214032FD07047212070470121DCF7A4BD0221DCF7EE
S214032FE0A1BD0421DCF79EBD0821DCF79BBD1021A3
S214032FF0DCF798BD08B500F026F808B1002008BD38
S214033000DCF7E0FD0028F9D1DCF7EEFD0120F6E75A
S214033010152808B503D1BDE80840DCF7D9BD01F093
S21403302089FE60B9E2F7ACFB032806D100F009F885
S21403303028B9BDE80840FFF7DDBF0028EBD008BD80
S2140330407047002070470020704708B5DCF7B2FFD2
S214033050FA23B0FBF3F008BD0321DCF7DBBF012046
S2140330607047D0E9023253F822301878DDF7DAB920
S2140330700868C37B1BB9C37C0BB9DDF703BA812091
S2140330807047D0E9023253F822301878DDF73CBA9D
S214033090704730B50546044615F8100B85B0029503
S2140330A065691D44CDE900250B46A21D618801F024
S2140330B023FE05B030BD704710B492F80A4192F86B
S2140330C0053103EB04230B8100235DF8044B1A46FA
S2140330D001F010BE1FB50446084671B12178FF29DA
S2140330E00BD0238B029363690193237C009362883E
S2140330F0A31DE3F70DF8FF23237004B010BD086883
S214033100C37B73B9C37C032B0BD8DFE803F0020839
S2140331100406DDF7F9BCDDF729BDDDF759BDDDF79C
S21403312007BD8120704770477047002070471378AB
S21403313010B5032B0CD15479CBB29C4208D19379AA
S214033140B3EB112F04D153781B1A5842584110BDC4
S2140331500020FCE77FB505460E4600246946E0B22C
S21403316001F076FD28B96A4631462846FFF7DFFFA9
S21403317018B90134202CF1D1002004B070BDFFF73C
S214033180E9BF0868C37B9BB9C37C052B10D8DFE86F
S21403319003F0030D070B0905DDF7BEBDDDF7FABF28
S2140331A0DDF754BEDDF7A6BFDDF724BFDDF7F6BDBA
S2140331B0812070470020704730B5102587B001AADC
S2140331C000210195FEF745FC04462A46002102A885
S2140331D0E8F728FB2A46214602A8E8F775FB0121F3
S2140331E002A8DEF7B5F907B030BDDEF743B970477E
S2140331F0FFF7FDBF0B68DA7B5AB9DB7C012B04D0E3
S214033200022B04D02BB9DEF7C7BDDEF7D1BDDEF740
S214033210DBBD81207047002307B5012101A8019378
S214033220D4F7A6FC08B9D4F7DFFA012003B05DF89B
S21403323004FB08B502F030FA052803D0003818BF9F
S214033240012008BD0220FCE77047D0E9023253F89C
S21403325022301878003818BF0120E0F735B9E0F7B8
S21403326039B900207047002070477047FF20704729
S214033270FF207047002070470020704700207047EB
S214033280704706207047DFF7DDBB0868E0F7B6B87F
S21403329070B50D46044600212846164601F074F91B
S2140332A0324620800221284601F06EF932466080BD
S2140332B00421284601F065F90023A360E3606060FB
S2140332C0082070BD034641B181424FF0640005D922
S2140332D04343B3FBF1F0C0B2704708467047E0F7CC
S2140332E007B9E0F7FDBEE1F705B8B0F5807F05D076
S2140332F0A0F50073584258414001704708207047B4
S21403330030B599B00D4669461446E0F757FF30B915
S21403331015B1BDF802302B600CB10D9B236019B0BC
S21403332030BD2DE9F04788B00E46904604A905AA9D
S21403333007461D46FFF7E4FF044638BB28800DF119
S2140333400C09DDE904A39A4520D2062251463846E5
S214033350CDF8009006ABE0F74DFFD8B9039B062BDC
S21403336018D12A88DDF81A3042450ED2BDF8181057
S21403337026F832102A8806EBC20253602A88534482
S214033380013206332A800493DBE7F7D9204608B0D8
S214033390BDE8F0870124F9E72DE9F0438FB00F4627
S2140333A0904601A9002204469946FFF7A9FF18B1E3
S2140333B001200FB0BDE8F083062220460DF102037C
S2140333C002A9FFF7AEFF0028F2D105460246BDF874
S2140333D00210019CEEB28E42EAD20EAB03EBC60697
S2140333E056F82C3C36F8306C0634BE4217BFE41849
S2140333F0012213460022013522B1C8F80040C9F85D
S2140334000030D6E71A46E5E770B50024012602F039
S2140334101DF9E5B2C26806FA05F59542234604F19E
S2140334200104F4D3D8B270BD70B586B0E0F714FDCE
S21403343000F11006E6F780F800240546142201A9D9
S214033440301902F00AF91CB99DF80430FF2B16D088
S214033450002303F118026A4412F8142CFF2A06D13B
S2140334601C44601E90FBF5F080B206B070BD2B4482
S214033470DBB2132BEDD91434B4F5826FDED14FF0E3
S214033480FF30F2E7E0F71EBB07B504220DEB02019F
S21403349002F0E3F8019803B05DF804FB37B5054680
S2140334A008460C46FFF7F0FFA84206D00422204643
S2140334B00DEB02010195E6F791F803B030BD07B5B1
S2140334C00B460092002102460120E0F78DFB03B075
S2140334D05DF804FB08B50121E0F7BEFABDE8084035
S2140334E0E6F728BAE0F7FCBD08B5FFF7F3FF0020C0
S2140334F008BD08B513460A4601461846E0F708FC19
S21403350080F00100C0B208BD00207047704708B1C4
S214033510E0F706BF704730B4DDE902451DB10294FB
S21403352030BC00F0C6B930BC70471F2804D814223C
S21403353000F5A030D9F7BEBD70471F2804D8142263
S21403354000F5A030D9F7E2BD7047152808B505D1B8
S214033550FFF7DCFFBDE80840E1F728B808BD10B563
S214033560142486B02246002101A8E8F75BF920233D
S214033570224601A94FF4A03001F078FC06B010BD36
S2140335800020704713B500230C461A460146CDE9C2
S2140335900033E0B2E1F7CEFD02B010BD13B5002351
S2140335A01446019001220093E0B2E1F7C3FD02B096
S2140335B010BDD0E9023253F822301868E1F732BF63
S2140335C0194491420ADC4218002003B9704712F8E6
S2140335D0011D013B01EB0020DBB2F6E7002070473C
S2140335E02DE9F04F4FF0000A85B0019381460F4650
S2140335F015465346019A11785FFA8AF2914203D828
S214033600002005B0BDE8F08F019909EB050801EB32
S2140336104202517892F802B011F04004009101F092
S2140336203F061BD0AC19BC42D4BF0024012433464A
S2140336306400A20740F18880009B1B0640F192803D
S2140336400E9B324603EB0B000021E8F7EBF83D46F2
S21403365000231D44ADB20AF1010ACBE7042E07D8B6
S21403366066B1B31E022B0BD8DFE803F0122130003D
S2140336703E2E37D03F2E5BD03D2E4BD00320C0E7E7
S214033680BD4234BF00240124012664003346D0E73C
S214033690AB1CBB4250DC02233A4629464846FFF79A
S2140336A08FFFADF80A0002230DF10A08C1E7EB1CF1
S2140336B0BB4243DC03233A4629464846FFF780FFCE
S2140336C00390042603230DF10C08B2E72B1DBB421F
S2140336D036DC04233A4629464846FFF771FF039033
S2140336E00423F0E77A1E95422CDA02233A4629464B
S2140336F04846FFF765FF4FF6FF7380B298420EBF4A
S2140337000223023083B25C19A742B4BF0324012408
S21403371004268EE7BD4215D298F80030FF2B0CBF67
S21403372001230133EC18BC42CCBF03240124EFE78A
S2140337300124042600237CE73446B4E70224C0E7CA
S2140337400224CDE70324E3E70E9A02EB0B0014B141
S21403375042F80B807DE7324641460093E8F7F2F9DC
S214033760009B76E702204CE710B5144686B0188116
S2140337701A460A9B0291CDE9034301230193099B51
S214033780014600930320BDF82030E1F70FFF06B093
S21403379010BD1FB500240294079C0194BDF8184081
S2140337A00094FFF7E1FF04B010BD2DE9F0410E468B
S2140337B01746054686B098B391B38AB34FF0000810
S2140337C002A95FFA88F001F043FA044640B99DF86F
S2140337D00830032B08D008F10108B8F1200FEFD109
S2140337E0204606B0BDE8F0819DF809202B799A4261
S2140337F0F1D1BDF80A206B889A42ECD19DF80C30C3
S214033800BDF80D006B7128812B4622464FF6FF71DB
S214033810CDE90067FFF7BDFF0028DCD00446DFE7ED
S2140338202124DDE710B586B00A9C04949DF8244055
S2140338300394BDF8204002940124CDE900341346D6
S2140338400A4601460620E1F7B1FE06B010BD1FB5D5
S21403385004460846194600230094CDE90123079B36
S214033860BDF81820FFF7DEFF04B010BDF0B5022840
S21403387005460E4614461F468BB00AD106A9F0B27B
S21403388001F0E6F998B99DF8193023719DF81C30BC
S2140338906371119B224604930023CDE902330193FF
S2140338A0109B3146009328463B46E1F77FFE0BB05C
S2140338B0F0BD13B500240194049C0094FFF7D6FFD3
S2140338C002B010BD2DE9F0450646884614469A46D2
S2140338D0002701258BB006A9F8B201F0B9F920BB81
S2140338E09DF81830012B19D19DF8192033799A4287
S2140338F014D1BDF81A2073889A420FD19DF81C3054
S21403390032467371B9B2CDE9030ACDE901004346E5
S21403391002200094E1F74AFE054610B90137202F2E
S214033920D9D128460BB0BDE8F0850546F9E7002354
S214033930FFF7C8BF10B50446E2F716FC0021631E66
S21403394004F10F0213F8010FFF2808BF1970934202
S214033950F8D10023237410BD0020704770B50646C7
S2140339601D46E2F775FA044608B9212070BD3046B5
S214033970E2F73CFD0028F8D0A0682A46FF21FFF7AF
S2140339805EF89DF81030002063719DF81430A37123
S214033990ECE713B59DF81040CDE900341346012239
S2140339A0FFF7DCFF02B010BD08B5E2F751FA28B105
S2140339B08068FF21FFF754F8002008BD2120FCE7AC
S2140339C00122FFF7F1BF1FB50B466A4601461846AC
S2140339D001F034F96A460823002032F8021B013B43
S2140339E013F0FF0380EA0100F7D1012838BF012056
S2140339F080B205B05DF804FB2DE9F04F87B0DDE932
S214033A00109B05468846484619461F461446BDF889
S214033A1048609DF84CA0FFF7D6FF042D0346ABF88D
S214033A2000001AD8022D1DD9042D07D04FF2F2221A
S214033A30A188914222D1E28891071FD5E17A00221C
S214033A40CDE9013720463346CDE90392CDF800A0F1
S214033A5001F043F907B0BDE8F08F6A1F012A11D9B8
S214033A602120F7E700224146CDE911922846224657
S214033A70109707B0BDE8F04F01F03EB94FF6FF765A
S214033A800C21DCE7052D0ED10023E17A0022CDE9D7
S214033A900137CDE90392009123465246414630460C
S214033AA001F00EF9D6E74FF2F222A188914204D133
S214033AB0E288920701D5E17AE8E74FF6FF760C2114
S214033AC0E4E7F0B585B00546E1F782FE48B16B88BA
S214033AD0B3F5006F05D1681D05B0BDE8F04000F0F2
S214033AE0EEBC284600F004FD0446C8B9E7B26946B2
S214033AF0384601F0ADF878B99DF8006066B92946F6
S214033B00384601F0A9F820B140F60443984207D09E
S214033B108C26304605B0F0BD0134202CE6D1F7E7FD
S214033B208D26F6E7E2F73AB82DE9FF4704460D4639
S214033B300146184617461E46BDF830809DF8349059
S214033B40DDF838A0DCF720FED0B92146284601F080
S214033B5021F933463A4629462046CDE9019ACDF85F
S214033B600080E2F7BFF833463A4629462046CDE9B9
S214033B700D9ACDF8308004B0BDE8F04701F0F7BFEA
S214033B8004B0BDE8F087E2F757BAE2F70FBAE2F7F8
S214033B9033BA10B5044601F009F908220146204657
S214033BA0BDE81040E7F790BE01F002B9002101F02E
S214033BB0FFB801F011B90020704720207047EFF7D7
S214033BC00DBDEFF757BDF2F701B87047E2F780BBBC
S214033BD070B506460C46154600F04CF850B13CB19D
S214033BE035B1204600F0D6FC013080B2A84200D999
S214033BF0002070BD304600F043F840B1002CF7D0EB
S214033C00012DF5D9204600F0CAFC0230EDE7304618
S214033C10E2F7BEFAEAE7F8B5BDF8185010B396789F
S214033C2055B9D478A6F14107012F07D8621ED2B240
S214033C3000F0CFFD0020F8BD2C46F3E7433E012EEF
S214033C4004D8A21E92B200F0DCFDF3E7D27813B9D3
S214033C500DB1AA4206D811B9E7F7E4FDEAE7E7F79C
S214033C6033FEE7E78920E6E7413803288CBF0020C8
S214033C7001207047413801288CBF0020012070477F
S214033C80433801288CBF002001207047002070476E
S214033C90002070470388B3F57C4F01D3FFF7F8BFC6
S214033CA00846FFF7F3BF10B54A880488A2420DD131
S214033CB0037B0C79234009D0B2F57C4F08D3FFF77A
S214033CC0E7FF0B891B1A5842584110BD0020FCE73A
S214033CD00120FAE738B50D88D488A5420AD10388AF
S214033CE0B3F57C4F08D2FFF7D5FF13891B1A58424A
S214033CF0584138BD0020FCE70120FAE72DE9F047DC
S214033D0015460446B8B149B1EAB100264FF0140A85
S214033D10B04690F80490F3B2994501D800240AE01F
S214033D2027680AFB06773846FFF7BDFF013628B13A
S214033D303C46A5F800802046BDE8F0877B894344CF
S214033D401FFA83F8E7E71446F5E72DE9F0470E4632
S214033D5015460446B8B149B112B300274FF00C0A12
S214033D60B846B0F80890BBB2994501D800240AE0DB
S214033D706368324620460AFB0731FFF7ABFF28B1DC
S214033D800C46A5F800802046BDE8F0870B7901377E
S214033D9013F0300F02BFCB7843441FFA83F8E2E7F1
S214033DA01446F0E72DE9F04186B00D4614469846D2
S214033DB004AA05AB03A90646E2F7C0FA40B30DB161
S214033DC0049B2B6034B3049D03982946FFF762FFD8
S214033DD02B88074602467188307800F04FFBD8B12F
S214033DE0297911F010030BD0EB782A46CDE900436E
S214033DF03B4671883078FCF78BFA06B0BDE8F08155
S214033E002A4620460599CDF80080FFF704FFF4E71D
S214033E108620F2E72046F0E77E20EEE71FB51C4635
S214033E200023ADF80A20BDF818208DF80400ADF87D
S214033E300610ADF80C2069461A4601A800938DF8C3
S214033E400840FFF7AFFF009804B010BDF0B587B089
S214033E500E4605AB04AA03A90446E2F76FFA08B3B5
S214033E60049D03982946FFF715FF2B88074602464D
S214033E706188207800F004FBB0B1297911F01001B5
S214033E8008D000963B462A4661882078D2F738F950
S214033E9007B0F0BD009101232A4631460598FFF787
S214033EA0BAFEF5E78620F3E77E20F1E72DE9F04139
S214033EB0064600254FF014080779E8B2874201D872
S214033EC000241AE008FB05F0D6F800C00CEB00044B
S214033ED03CF8000081421AD132B1802A10D194F9FD
S214033EE00CC0BCF1000F12DAB0F57C4F05D32046A8
S214033EF0FFF7CEFE834200D04BB92046BDE8F081E3
S214033F00402A04D194F80CC01CF0400FECD10135C4
S214033F10D3E70121E2F74EB908B513460022E2F7CC
S214033F2077FA003818BF012008BD08B513464022AB
S214033F30E2F76EFA003818BF012008BD08B513462D
S214033F408022E2F765FA003818BF012008BD08B5DD
S214033F5040220023E2F75CFA003818BF012008BDB0
S214033F6008B580220023E2F753FA003818BF012071
S214033F7008BD0023E2F74CBA0021E2F7B9BA10B540
S214033F8004460121E2F7B4FA2046BDE8104001F0EA
S214033F9022BE7047F8B516461F469DF81820BDF892
S214033FA01C300546E2F734FA78B10421E2F71EFB2B
S214033FB0044650B1284600F00EFB3A4631462846E2
S214033FC0A047BDE8F84000F0FABAF8BD2DE9F74F70
S214033FD01E46DDE90C9B074688461446BDF8383076
S214033FE02AB3B9F1000F22D00EB392F804A099F8C1
S214033FF00020504612F0080F0CBF80224022618832
S214034000E2F706FA98B10821E2F7F0FA054670B12E
S214034010504600F0E0FA3346224641463846CDE99C
S214034020009BA84703B0BDE8F04F00F0C8BA03B042
S214034030BDE8F08FF8B5BDF8187016461A463B462D
S2140340400446E2F7E5F9E0B177B90221E2F7CEFAE2
S2140340500546B0B1204600F0BEFA31462046A847D2
S214034060BDE8F84000F0ABBA1021E2F7BFFA054608
S21403407038B1204600F0AFFA3A4631462046A84704
S214034080EEE7F8BD73B5BDF8184016461A46234644
S2140340900546E2F7BDF9B8B1C4B92021E2F7A6FA9E
S2140340A0044670B1284600F096FA099B3146009301
S2140340B028469DF820309DF81C20A047044600F0B3
S2140340C07EFA204602B070BD8624FAE70024F8E79D
S2140340D02DE9F04186680446007800F07CFA002556
S2140340E014273279EBB29A4203D8BDE8F04100F0C8
S2140340F066BA7B4332682078D15A02EB030800F095
S214034100C1F901214046E2F771FA034608B1207867
S21403411098470135E5E72DE9F04F1C4689B09DF831
S2140341204C30BDF8488001939DF850309246029378
S2140341302246434607460D46E2F76AF98DF81470A1
S2140341400646ADF816508DF81840ADF81AA0ADF82F
S2140341501C8018B9012009B0BDE8F08F05A9FFF748
S214034160A2FD0028F6D000252F46A8462C4634E0AC
S2140341700C231FFA85F903FB09F931887368B1F537
S2140341807C4F33F8092003EB090B1AD333F80900E5
S21403419050452CD3019BA3422DD900F0B8F99BF8C8
S2140341A00200E2F7CFFE029B43B19BF8043013F004
S2140341B0010F0CBF05200720E2F7C4FE0134A4B2AA
S2140341C019E0ADF81A205946304605AA0393FFF7BF
S2140341D081FD039B0028D9D101353289ABB29A42BF
S2140341E0C6D804EB0800C31B58425841B3E708F18E
S2140341F001081FFA88F80137BFB2EDE710B50124AE
S21403420088B006949DF83C4005949DF83840049485
S2140342109DF8344003949DF8304002940B9C01941F
S214034220BDF828400094E2F725FB08B010BD2DE941
S214034230F04786B0BDF83880DDF83C909DF840A086
S214034240CDF80080CDE9019A04460D4616461F4672
S21403425000F012F9B8B1431EDBB2012B10D80023CD
S2140342600122811E48424841CDE90432CDE902A02D
S2140342703B46324629462046CDE90089FFF7BEFF76
S21403428006B0BDE8F0870120FAE730B50024012523
S21403429087B0CDE9044503959DF82C5002950A9DF9
S2140342A0CDE90045FFF7AAFF07B030BD30B50024BF
S2140342B0012587B0CDE9044503959DF82850009461
S2140342C0CDE901354023FFF799FF07B030BD10B5A0
S2140342D0012486B0CDE90444002403949DF82840C5
S2140342E00294099C0194BDF820400094FFF786FFD2
S2140342F006B010BD1FB5089C03949DF81C4002949D
S214034300069C019400240094E2F7B0FB04B010BDB1
S21403431070472DE9F84F0229074688460C9D04D8B6
S2140343204FF0000A5046BDE8F88F1BB10429F7D9B1
S21403433042F004023A702BB303247B701B0ABB7053
S214034340E3F7AAFE4FF000099DF82830385504F12C
S214034350020A01343B550B9A5FFA89F3D45C002CAE
S214034360E0D0732C10D82E464C2C56F804BB3DD008
S214034370532C15D0622C45D1AC8805F108060023D2
S2140343801A4616E00124DBE7A4F17503032BC7D80E
S214034390763C2E1D022C52D8DFE804F0565A5800FD
S2140343A06A6805F1080694B2D2B2B2F1FF0318BFE9
S2140343B001230AEB040119448845B1DB504619462C
S2140343C0002947D153441FFA83FA5CB1BBF1000FAF
S2140343D0A6D0224607EB0A005946E7F7B3FB544438
S2140343E01FFA84FA354609F10109B4E74FF6FF735D
S2140343F06A6805F1080694B222469C4214BF02235B
S2140344000023D6E76C2C05D1584600F0C8F8841C68
S214034410A4B2B4E7732C04D1584600F0BBF8441C8E
S214034420F6E7A4F13003DAB2092A01D89CB2A6E76C
S214034430A4F14103062B3FF673AF373CE8E70123AD
S21403444000242A68A346B4E70223F9E70323F7E721
S2140344500423F5E700F1010C01393A54C9B2120AF4
S2140344601FFA8CF0ACE70020E2F7F4BC0022E2F778
S21403447011BD0023E2F724BD0120704701207047D9
S21403448001207047704700207047002070470020C7
S2140344907047002070470020704700207047704721
S2140344A00E2070470020704700207047002070479A
S2140344B0002070477047FF2070470E207047842007
S2140344C070477047002070477047002070470020F1
S2140344D07047002070470020704700207047002078
S2140344E070470020704770470E20704700207047C3
S2140344F00020704700207047704770470E207047B3
S214034500704700207047812070477047704738B562
S2140345100546C0B2E2F716FD0446280AE2F712FD86
S21403452014B1002808BF0024204638BDF8B5054658
S214034530C0B2E2F707FD0446C5F30720E2F702FD23
S2140345400746C5F30740E2F7FDFC0646280EE2F7EA
S214034550F9FC24B12FB136B1002808BF0024204649
S214034560F8BD3C46FBE73446F9E710B4CC18944252
S21403457003DC5DF8044BFFF723B800205DF8044B1B
S21403458070470423FFF7F1BF08B50223FFF7EDFFDB
S21403459080B208BD0078FF2808BF0020704708B522
S2140345A002220021FFF7F0FF4FF6FF73984208BF81
S2140345B0002008BD003818BF0120400070470020C7
S2140345C0704708B5FFF7A5FCFF284FF0FF3018BF6C
S2140345D00020C0B208BD08B5FFF7F3FFFF280CBFE5
S2140345E02120002008BDF8B506460C4615461F4692
S2140345F000F011F810B12544AC4200D1F8BD39469D
S214034600304614F8012BE2F78FFDF5E7014600224A
S2140346100220E2F719BD0120704737B50546E0F7DB
S214034620A3FF044601950CB981201CE0237823B12F
S2140346302046E0F7A1FF0446F5E72B6862685B882F
S2140346409A42F5D1A368EA7B99B272B12A8A91425B
S214034650EED16A7DB2EB134FEAD10020E36801A9DD
S21403466098478128E4D003B030BD4FF6FF72EEE7DB
S2140346702DE9F84304460F46904699460BB3012AA4
S2140346801FD80C20E7F7D4FA064610B91920BDE860
S214034690F8831020E7F7CCFA18B93046E7F7D0FAD4
S2140346A0F4E70123002547EA084770600570C0F861
S2140346B00C904460876033803046E0F74DFF284611
S2140346C0E5E72120E3E738B50446436808460D4688
S2140346D09847B4F90830002B02DB2B78042B06D15D
S2140346E0002320466360BDE83840E3F7AFB838BD23
S2140346F030B54FF48A5587B0ADF816200DF1160481
S2140347001A46029543B100230122CDE9003323461E
S21403471000F01EFA07B030BD019401240094F7E7B9
S214034720FFF7EBBEFFF7BEBE0020704708B500F0EC
S21403473001FB20B900F048FB08B9E0F705F9FFF7DD
S214034740D2FEBDE80840FFF7DBBE0020E3F7E6BC79
S2140347500021E3F783BD0022E3F742BD1FB5D288ED
S2140347600B4612F0200F4FF6FD7114BF4924522456
S214034770ADF80610510544BF083CE4B2110544BF2A
S214034780083CE4B2120444BF023CE4B2032805D852
S214034790DFE800F0020F161CADF80630BDF8060081
S2140347A0FFF789FEFF281CBF241AE4B2204604B094
S2140347B010BD02AA0DF10601D8B200F079FAEDE7B2
S2140347C0D8B200F047FAADF80600E7E7013CE4B2DA
S2140347D0E4E7F8B5064617460D4681B10C78FF2C7C
S2140347E00BD00846FFF7D6FEB84228BF3846C4B2F9
S2140347F02246691C701CE7F767F83470F8BD0C4650
S214034800FBE770B5044615460E4611B941700170B4
S21403481070BD0B78FF2B05D14B78FF2B02D10370AD
S2140348204370F5E73046FFF7BAFEA84228BF28468E
S21403483085B22A46B11CA01CE7F746F825702D0A58
S2140348406570E5E7F0B523B9013A531C2FD1002074
S21403485020E0042AFBD800231C46551E6E1C1AD1E2
S214034860042A10D00121D200501E01FA00F0204283
S2140348701EBF914049420C4318421EBF4FF0FF3102
S21403488001FA02F213439C421EDCB4BF4FF0FF3022
S214034890002040B2F0BD40B1465DEF00BE40344359
S2140348A04E5D013DBE403343D8E70646F5E78C5CD4
S2140348B038B90346A34202F1FF32C6D24FF0FF30A7
S2140348C0E8E7835CA342F5D90120E3E72838072805
S2140348D08CBF0020012070471D2810D004D840B19B
S2140348E01C2804D0552070471E380128FAD81A29E8
S2140348F001E00B390F298CBF55200020704708298B
S214034900F9E7002000217047F7B59DF820400546DB
S214034910082C104619469DF8246036D80022134604
S2140349202C44AC4208D106F0FD04382C0ED1009678
S214034930FFF7E7FF03B0F0BD14F8017D1B0243EA5F
S21403494012631202BA1843F10003EAE7392E10D1B4
S21403495007EE100A07EE902AB4EEE77AF1EE10FAA5
S214034960CCBF77EE677A77EEC77A002117EE900A08
S214034970E0E7824273EB010403D2801A61EB030182
S214034980D8E7101A63EB0101D4E700200146D1E70C
S21403499038B5C36814461944836853F821501AB1CE
S2140349A02846E6F73BFE2070284638BD2DE9F3413E
S2140349B01C4616460DF107029DF82050FFF7E8FF48
S2140349C09DF807308046A34288BF8DF807409DF8C0
S2140349D007700DB1E41BE5B22A4600213046E6F720
S2140349E021FF3A4641467019E6F76EFF384602B095
S2140349F0BDE8F0812DE9F3411D46164601AA9DF850
S214034A002040FDF726F8019B80469D4238BF01955E
S214034A10019F04B1EC1B224600213046E6F702FF55
S214034A203A4641463019E6F74FFFF8B202B0BDE802
S214034A30F08173B50024154601AA1E460194FDF7BE
S214034A4008F8019B072B0AD92146CCB216B1C4F14C
S214034A500704E4B2425C013108292A55F5D1D8B2DD
S214034A6002B070BD1FB5030A8DF80E300323009302
S214034A7003AB8DF80D0000F0BBF805B05DF804FB42
S214034A801FB58DF80F100421030A8DF80E30009120
S214034A9003AB8DF80D0000F0ABF805B05DF804FB32
S214034AA0F0B589B016689DF83C50CDF809608DF8CE
S214034AB011305668BDF83830012D109FBDF84440BC
S214034AC0CDF80D60ADF812308DF8145014D0032DC8
S214034AD019D13B68CDF815307B68CDF819309DF8B1
S214034AE048308DF81D3016230093BDF84C2002ABDA
S214034AF000F07EF809B0F0BD8DF81540240A0F23A8
S214034B008DF81640F0E70120F4E71FB50446084683
S214034B1011461A4602238DF80D100093214603AB67
S214034B2000F066F804B010BD10B514461A460B68BC
S214034B3086B0CDF80D304B683421CDF811300A23FA
S214034B40009303AB8DF8154000F052F806B010BD85
S214034B502DE9F041B6B014461D4606460F469DF8AD
S214034B60F080E3F79FFD03AA8DF80C001046330A86
S214034B708DF80F703F0A8DF80E308DF80D602B46BA
S214034B808DF810708DF8114005EB4405AB4202F129
S214034B9002021FD16200D2B2931DDBB23D99D83315
S214034BA06B44073203F8CC8C01EB4805D3B250FABA
S214034BB082F2A94202F1020212D103EB48030090EB
S214034BC006213046BDF8F820DBB2E3F775FD36B0B4
S214034BD0BDE8F08133F8021B1171090A5171D5E75C
S214034BE031F8024B02F8024C240A02F8014CE0E7C3
S214034BF02DE9F0411C4605460E4617469DF81880DB
S214034C00E3F750FD207043463A463146284606945D
S214034C10BDE8F041E3F750BD002070477047D7F773
S214034C20B3BD7047704770477047704700207047A2
S214034C3070477047002070477047704702F0EEBE1B
S214034C40FEF774B8FEF757B803F031BAF8F714B99D
S214034C5003F01EBAF8F7CEB8F8F736B9F8F7F0B897
S214034C60FEF71EB9FEF76DB8FEF77AB8F4F768BB21
S214034C70F4F76CBBF3F7CCBAF2F7EEBBF2F7F2BB82
S214034C80EFF7C6B8FEF7B7B8FEF77CB8FDF718BF60
S214034C90FEF79FB8FEF78BB830B4BDF808409DF812
S214034CA00C50CDE9024530BCFDF729BFFDF796BF92
S214034CB0F8F77CBAE3F750BDF8F742BBF7F78EB9BF
S214034CC070B49DF80C40BDF810509DF81460039422
S214034CD0CDE9045670BCF5F793B970B49DF80C4053
S214034CE0BDF810509DF814600394CDE9045670BCCB
S214034CF0F5F7C6B9F5F7B0BA10B49DF804400194B9
S214034D005DF8044BF5F700BA10B49DF8044001941F
S214034D105DF8044B01F073BF01F073BFFDF7A2BF4C
S214034D20FDF7B2BFFDF7C5BFF1F7FEB8F1F740BF19
S214034D30F1F712BFF0F724BF02F09FBAF1F7C8BA33
S214034D4002F0E1BAF1F728BCF0F7FABFF1F736BF85
S214034D50F1F7B8BEF1F7CEBEEFF70EBEFEF7B5B865
S214034D60FEF768B8FEF77BB8FEF788B800F00BBC12
S214034D7000F004BCF7F768B9F4F772BFF7F742B967
S214034D80F7F768BAF4F73CBFEFF72EB8F6F75EBB53
S214034D90FFF745BFFAF754BEFEF7E3B8FDF753BF78
S214034DA0FEF738B801F001BDE3F734BCEFF7E0BB1C
S214034DB0EFF7DAB801F09BBF01F06BBFEFF728B946
S214034DC0EFF766BBEFF76ABBEFF796B8E3F73EBCC1
S214034DD0E3F750BCE3F728BCEFF744B8E3F72EBC81
S214034DE0F9F706B801F053BF01F01ABFEFF740B862
S214034DF0EFF7A8BBEFF788B8E3F7CCBCE3F7C4BC80
S214034E00F8F7FABDF8F7E6BF03F05DBA03F063BA46
S214034E10F8F76ABEF8F7E6BF00F063B900F0A1B989
S214034E2000F0C9B900F0A0BA00F010BB00F079BAE0
S214034E30E4F7A6B900F0E6B900F013BA00F026B816
S214034E4010B51C4601F0C2FD05F00BFF0023C0F3AE
S214034E5040202370400010BD002208B50B461146C3
S214034E60FFF7EEFF023818BF012008BD0020704789
S214034E7070470020704770470020704770470E2029
S214034E8070470120704770470120704714220021A5
S214034E90E6F7C8BC704770B505460C468AB02522AF
S214034EA000210DF10300E6F7BDFC6B68CDF81D305D
S214034EB0AB68CDF82130234601AC03F11006224639
S214034EC018685968083303C2B3421446F7D101235E
S214034ED06A7B8DF8023012F0040F0CBF4FF4807318
S214034EE04FF4A073110748BF43F48063ADF8003056
S214034EF0930748BFBDF80030684644BF43F0080335
S214034F00ADF80030F4F7B6FB0AB070BD30B5427B9F
S214034F100D46D10704468BB007D5407801A9F4F7B0
S214034F200FFCD8B12D200BB030BD9307FAD5C2F3D2
S214034F30800310074FEA8313ADF8023044BF43F4EF
S214034F408063ADF80230BDF80220201D0AB10DF1D2
S214034F50020201A902F07FFD0028E3D001AB03CBD8
S214034F609DF81430A1602373BDF8103060605906B5
S214034F7042BF627B42F0040262735A0542BF627B01
S214034F8042F0080262731B0742BF637B43F00203CF
S214034F9063732B4606AC0AAD224603CAAA421860C0
S214034FA05960144603F10803F6D10020BBE7F0B5B9
S214034FB004460D4693B0252200210DF12300E6F7A3
S214034FC031FC636804F1040CCDF83D30A36809AEE8
S214034FD0CDF841302B4605F110073246186859685C
S214034FE0083303C2BB421646F7D105238DF8223099
S214034FF0637B5B0103F40073ADF820306378FF2B0B
S2140350001AD1002360461A4601A900F0CAF99DF892
S2140350100530FF2B0DD1002301A91A46184600F0D0
S214035020C0F99DF80530FF2B03D11C26304613B07C
S214035030F0BD9DF8053063700020617808AA00F083
S2140350409BFA06460028F1D1607801A900F02FFAF2
S2140350502B4603AD2A4618685968083303C2BB4279
S2140350601546F7D1637B6078DB0648BF9DF81C3096
S21403507001A944BF63F07F038DF81C3000F02EFABD
S214035080D4E710B504468AB02422002101A8E6F727
S214035090C9FB637B590744BF4022ADF810201A07AB
S2140350A042BFBDF8102042F48062ADF81020DB0743
S2140350B00FD5607801A9F4F743FB10B12D200AB091
S2140350C010BD01AB03CB637B606043F00203A160BA
S2140350D0637304A9201D02F0C0FC0028EED0002054
S2140350E0EDE71FB5694600F066F8002818BF2D20C7
S2140350F005B05DF804FB73B50D4614460646E3F7A4
S2140351006DFC6B881A071AD522463146102002F02A
S21403511085FC2046E3F762FC6B88D90717D5002386
S214035120224601210DF107008DF80730E3F722FF31
S2140351306B88002B0CBF2120002002B070BDDE065A
S214035140EAD522460821281DE3F714FFE1E79A076C
S21403515001D50223E4E75B07EAD50323E0E70F2044
S21403516070471FB50C46694600F025F81022214605
S2140351706846E6F7A3FEB0FA80F0400904B010BD17
S214035180B8B1B1B14388A3B90378013B082B10D853
S214035190DFE803F00507090B0F0F0F0F0D00E3F70A
S2140351A0EBBDE3F745BEFFF776BEFFF700BFE3F7B9
S2140351B0D3BF2120704738B50D4609B300B3037833
S2140351C0013B082B1AD8DFE803F0050D1013191955
S2140351D019191600E3F708FE0446284602F01EFED9
S2140351E0204638BDE3F744FEF6E7FFF78FFEF3E706
S2140351F0E3F774FEF0E7E3F7B9FFEDE72124ECE706
S2140352002124EDE770B586B0064601A80C46154680
S214035210FFF73CFE04238DF804301CB12068616858
S21403522002AB03C3294601A88DF80560FFF7A8FF64
S21403523006B070BD70B586B0044601A80D46164686
S214035240FFF724FE0323206861688DF8043002AB61
S2140352508DF8116003C3294601A8FFF791FF06B036
S21403526070BD0022FFF7E6BF30B5437B044613F05C
S21403527001020D468BB007D0407801A9F4F760FA17
S21403528070B12D200BB030BD9B07FAD5ADF80220C8
S21403529001A90DF10202043002F0DDFB0028F0D074
S2140352A000210E22A81CE6F7BDFABDF810302B80AD
S2140352B0039BAB60BDF81230AB819DF814302373AB
S2140352C001AB03CB6060A1600020DBE770B5437BD6
S2140352D00446DB070E468AB003D42D2528460AB0BB
S2140352E070BD6946407800F045F905460028F4D1BC
S2140352F0DDF81D300E226360DDF821300146A36021
S214035300637BB01C43F002036373E6F78BFABDF8C6
S2140353100030069A43F004033380059BB260736043
S214035320DCE70B4610B50446102200211846E6F7C4
S21403533079FA2278032A09D0042A0DD0022A11D139
S21403534001462046BDE81040E3F776BF01462046F7
S214035350BDE81040FFF788BF01462046BDE8104071
S214035360FFF7B4BF262010BDF8B5074608460C461F
S21403537016461D46FFF78AFD04232370637B3146DA
S21403538043F00103204667706373FFF714FF08B109
S2140353902D20F8BD29462046FFF7C3FF0028F8D086
S2140353A0F6E7F8B5054608460C461F461646FFF7C9
S2140353B06DFD0423237025B108222946E018E6F77D
S2140353C083FA637B43F0020363734EB932460121CB
S2140353D0284600F0DAF8FF28607007D12D20F8BDC4
S2140353E031462046FFF7E7FE0028F7D1637B43F0FC
S2140353F0010363730DB90020F1E7002FFBD0394694
S2140354002046FFF78EFFF6E7F8B50C460746084634
S21403541016461D46FFF73AFD03232046394600F895
S214035420043B0822E6F750FA637B314643F0020357
S21403543020466373FFF7BFFE08B12D20F8BD29464B
S2140354402046FFF76EFF0028F8D0F6E7F8B50746C4
S21403545008460C4616461D46FFF718FD0323237021
S214035460637B314643F00103204667706373FFF79F
S214035470A2FE08B12D20F8BD29462046FFF751FFAE
S2140354800028F8D0F6E718B18022012100F07DB895
S214035490FF207047002307B51A4619460093F5F711
S2140354A051FEB0FA80F0400903B05DF804FB0B46EA
S2140354B010B519220446FF211846E6F7B3F97E2CE9
S2140354C001468CBF04F5C43004F583304FF019024F
S2140354D0BDE8104088BFAD30D7F7ECBD7E2888BF47
S2140354E000F5C4304FF0190294BF00F58330AD3099
S2140354F0D7F70CBE30B589B00D46FFF7C4FFFF28BB
S21403550004460DD001A9FFF7D2FF2868696801ABEE
S21403551003C3204601A9FFF7E1FF002009B030BD11
S2140355202D20FBE7704770470020704770470F2019
S21403553070470F207047002070470F2070470020E9
S21403554070470020704784B08DE80F00002004B039
S21403555070477047704700207047704700207047B9
S214035560704700207047012070477047002070473F
S214035570012070470E2070470E2070470E2070479C
S2140355800020704770470E207047FF207047704713
S2140355907047002070477047704770470020704779
S2140355A07047002070470020704700207047704700
S2140355B070470020704700207047704700207047F0
S2140355C00020704770470020704710B50024E3B2F0
S2140355D010B9C3F10303DBB20134042CCA544FEAF7
S2140355E01222F4D110BD10B50B784C788A78C9789E
S2140355F028B910462246044608461946034642EA98
S214035600012043EA042343EA004010BD7047E3F752
S214035610C7BE08B5D2F7EAF9002814BF86200020D3
S21403562008BD08B5D2F7B2FB003818BF012008BD85
S21403563008B5D2F76BFB003818BF012008BD08B5C4
S214035640D2F7F0FB003818BF012008BD08B5E3F712
S21403565087FFBDE80840E3F735BF70B504460D463F
S2140356601646E3F77DFF0420E3F71EFF324629467E
S2140356702046FFF7DDFF04460220E3F715FF20462A
S21403568070BD08B5E3F76CFFBDE80840D2F722BB50
S214035690E4F79EBAE4F77EBA08B5E4F77BFA20B1DE
S2140356A0BDE808400020E4F7B3BB112008BD10B5E1
S2140356B0044608B1E4F78EFC2046BDE81040FCF72C
S2140356C0C8BF10B50446006A10B1616AFFF7EFFF62
S2140356D00020C4E9080010BD38B50546FFF7F1FF02
S2140356E02B7E0446012B0ED0023B012B0ED8EB6912
S2140356F0012B18BF6FF09604282200212846E6F7F0
S21403570091F8204638BDEB69002BF2E76FF096045C
S214035710F2E718220021E6F785B870472DE9F84F1F
S2140357209846DDE90B490D9B15469A0706460F4634
S21403573023D02A460A9B03EB040A1444A24220D130
S2140357400D9B9B0705D5A2EB050AD14505EB0A047D
S21403575020D82046BDE8F88F434639462020B04778
S2140357600AF1010ACA450AEB0B02F5D3A9EB0402B8
S2140357704C4588BF00222A44DCE7A246A5EB040B6F
S214035780F0E702F1010B434639461AF8010DB0471C
S2140357905A46D3E74346224639462020B0470AF105
S2140357A0010AD2E72DE9F047DDE90D7616F0020F80
S2140357B09DF82880DDE90854DDE90BCE1FD106F0FD
S2140357C001094FB1B9F1000F06D0B8F1000F02D1AD
S2140357D016F00C0F00D0013F4FF0300A04E0202CE7
S2140357E004D005F804A001347445F8D3B9F1000FCA
S2140357F005D04FF03009A74201D9202C2DD116F041
S214035800100F1FD016F4806F2CD15CB3744501D0F3
S214035810BC4227D1B4F1010E23D0BCF1100F46D100
S214035820023C16F0200F28D1202C28D04FF0780CFD
S21403583005F804C00134202C21D04FF0300C05F8B5
S21403584004C00134202C1AD0B8F1000F23D04FF037
S2140358502D0C05F804C0013412E005F80490013459
S214035860C9E77446BCF1100FDBD0BCF1020FE2D1DE
S214035870202C04D04FF0620CDAE7202C08D1202429
S214035880CDE90A76CDE90854BDE8F047FFF746BFF1
S2140358904FF0580CCCE716F0040F02D04FF02B0C49
S2140358A0D7E716F0080FEBD04FF0200CD1E7BCF18A
S2140358B0020F7446C1D1DDE72DE9F04391B0189D80
S2140358C01A9E1D9F0DB927F010077C0500D515B34A
S2140358D017F0200F14BF4FF0410E4FF0610EAC4689
S2140358E000250DF12008AEF10A0EBCFBF6F906FB07
S2140358F019C95FFA89F4B9F1090F94BF30347444B7
S214035900E4B2B44508F8014B05F10105BCFBF6F417
S21403591001D3202D10D11C9C069705941B9CCDE922
S21403592003649DF86440CDE9015408AC0094FFF786
S21403593039FF11B0BDE8F083A446D6E72DE9F04F52
S21403594095B0269ECDE90A23DDE91E74DDE9229B88
S21403595057EA040308BF26F010067205CDE90801CE
S21403596002D557EA040337D016F0200F14BF41239D
S214035970612300250DF1300AA3F10A0821464A46A1
S2140359805B463846E5F7E2FBD2B2092A94BF3032CB
S21403599042444F45D2B274EB0B0405F101050AF8F5
S2140359A0012B01D3202D14D1259B06960593249B0A
S2140359B0DDE90801CDE903939DF88030CDE9015375
S2140359C00CAB0093DDE90A23FFF7ECFE15B0BDE848
S2140359D0F08F07460C46D1E70025E5E708B100F04F
S2140359E014B8704710B1D1E900311847704738B57D
S2140359F0441E14F8015F25B90A2000F006F828466D
S214035A0038BD284600F001F8F3E701460020FCF70E
S214035A10F3BB70477047EDF7FBBD704708B5FCF75F
S214035A20BCFBD1F7E3FFBDE80840D4F7F3B87047F3
S214035A3008B5D2F723FBFBF756F8BDE80840E3F7B3
S214035A408FBD08B5FBF778FFE4F7F8FAFBF752FECD
S214035A50E4F796FEE4F782FEE4F704FEBDE80840AA
S214035A60D7F702BB08B5D5F719FBFBF732FED5F718
S214035A7021FBFBF730FED9F709FDD9F7AFFDD9F7C0
S214035A80B7FEBDE80840D9F7D5BD70477047E4F7C1
S214035A900FBE08B5FCF7CCFFBDE80840FCF7F7BF20
S214035AA0704707B500220346114601200092D8F737
S214035AB067FE03B05DF804FB07B500920B46027D54
S214035AC081898068FDF78CFD003818BF0120C0016E
S214035AD003B05DF804FB08B50020E0F7D9F9002011
S214035AE0E1F76AFF0020DAF763F80020DAF7FAFA3C
S214035AF00020DAF7F9FC0020DAF7E6FF0020DBF7F0
S214035B000FFD0020DEF73EF80020DEF7A9FD00209B
S214035B10DFF79EFBBDE808400020DFF789BC08B529
S214035B200120FDF73FFA0120DAF7A2F9BDE80840A5
S214035B300120DAF7C9BF08B50220E0F79DFA022074
S214035B40DFF790FC0220E2F745FA0220FFF7A2FDFA
S214035B500220FDF7C7FC0220DEF782FDBDE8084001
S214035B600220DFF729BFDAF7C7BAFDF7DBBF7047B6
S214035B7070477047704770477047704710B50446C4
S214035B80DFF734FE2046FDF743FA2046DBF7DAFF5D
S214035B902046DCF72DFF2046BDE81040FDF7D5BCB8
S214035BA0FDF7F0BCFDF7FABCDFF75CBB7047704748
S214035BB0FDF752BA70477047704770477047704793
S214035BC005F015B870477047DFF7E6BB70477047B8
S214035BD07047704770477047D0F7DEB9FEF77DBC55
S214035BE0704700207047FEF77ABCFEF783BC704709
S214035BF0431E012B03D9031F584258417047012007
S214035C00704700F021BC4FF4D0720021E5F70ABEBE
S214035C1070B50446E7F7DEFE0546A8B9A169F1B1FB
S214035C20238AD3B1204604F11002E7F781FD38BB7F
S214035C30E16919B3638AA3B1204604F1120200F0A6
S214035C40CAFA78B1054603E00023A3612361E36142
S214035C50002328466361236270BDA061E8E72082C3
S214035C60E6E7E361216A0029F2D0A28A002AEFD090
S214035C702046E38ABDE8704000F06FBA6182F1E720
S214035C806582E561DEE711B9D0F8DC1021B1CB6897
S214035C9013B18B68D88970474FF6FF707047E6F7E5
S214035CA07DBF10B50C461146E6F79EFFE8F7CCF924
S214035CB0012801D1002010BD002CF7D10520FAE7FA
S214035CC000F0CFB900F0E3B970B500232425D0F86F
S214035CD0DC00C4689C4201D1212070BD826805FBAC
S214035CE00322D6898E4202D8128A8A4201D201330F
S214035CF0F0E70020F1E7F8B506460D46E6F7EAF9C1
S214035D00D8B94FF6FF734FF0240CEF68C1B28F4239
S214035D1008D81C4621463046E6F792FB00F09AFB6D
S214035D202046F8BDAA680CFB0122D4899C4202D205
S214035D30002CEFD023460130E8E70024F0E7C08DBF
S214035D4070470A7838B505461046FFF751FF60B12D
S214035D504C782046FFF74CFF38B12243530704D450
S214035D602846BDE83840E7F78BB9212038BD10B583
S214035D7004460878FFF73CFF58B14A781046FFF709
S214035D8037FF30B1042A04D02046BDE81040E7F7B9
S214035D9095B9212010BD00F0E8B8E7F7F7BC084630
S214035DA000F008BBE7F736B838B504460D4600F0F2
S214035DB08EF850B129462046E6F742FB30B929460D
S214035DC02046BDE83840E6F7EDBF0E2038BD70B577
S214035DD016460C4604F065FD314605462046EAF7AE
S214035DE0CFF90446284604F057FD204670BD00F060
S214035DF032B970B5044600200E4600F027FBD4F8EF
S214035E00F0503DB1002331462046AC46BDE8704015
S214035E101A4660472B46012231462046E7F75AFAD0
S214035E20284670BD38B5044648880D4600F00EFB7C
S214035E30D4F8F0302BB929462046BDE83840E7F7BA
S214035E4057B9022038BD00F003BB00F03CB9E6F7B3
S214035E5077BEE9F76FB970B5BDF81060054606B1B1
S214035E606BB1334428469BB200F077F9044620B959
S214035E701EB13146284600F0ABF9204670BD2124FA
S214035E80FBE7E8F7DDBCC0F8EC1000207047E7F747
S214035E9069BB00F05EB910B4BDF8044001945DF828
S214035EA0044B00F09FB80B4610B514461846A1687D
S214035EB09288E5F747FEE168034631B1A088628819
S214035EC0121A92B21844E5F73DFE002010BD0346B1
S214035ED0408A18B1188A003818BF01207047084650
S214035EE0E9F734BA00F0ECBA00F0EABAE9F740BCD6
S214035EF0084708B5E6F76CFEC0B208BD022A01D80B
S214035F0000F0E2B921207047022A01D800F0EDB96B
S214035F1021207047022A01D800F0F9B921207047E2
S214035F20E8F780B90846E8F79BB900F018BA0020EE
S214035F307047002070477047D0F8943003F0600332
S214035F40402B0DD0602B03D0203B5842584170475E
S214035F5049B10B68012B06D9486940F00100704728
S214035F6040F20110704700207047F7B5044610460C
S214035F70D4E954C7DDE908268CEA020587EA060158
S214035F800540194085EA0C057940C4E954510025BB
S214035F9023F4004106EA010320F0010043F40073F2
S214035FA0024043F00203CDE90055EAF7B3FF94F845
S214035FB024309A0713D5D4F854319B050FD54FF4E4
S214035FC08811204600F058FB94F82430024665F307
S214035FD0410384F8243020460B46E6F7CDFD002027
S214035FE003B0F0BDF0B587B01C461746BDF8306069
S214035FF01AB90024204607B0F0BD002BF9D00029BB
S214036000F7D001AAE8F71CFC0028F2D0BDF806304A
S214036010A2199A42BDF80850C4BF9B1B9CB2B54256
S21403602012D90399AD1BADB23144A5420391ADF825
S21403603008500DD22A463846E5F784FD0499621BBC
S2140360407819E5F77FFDD5E70499761B314404916B
S21403605022463846F5E70846EAF732B80220E9F75B
S2140360607DBB08B5D0F8E4304BB11A68022A06D9CE
S21403607093F825204AB1186AB0FBF2F008BD4FF436
S21403608046624C210020E6F73DFA0020F6E7D0F8FA
S214036090E42008B57AB11368022B0CD9536A13F4BB
S2140360A07F4FC3F3072106D0126ADBB253438B42FA
S2140360B0B3FBF1F006D2002040F67F424C21E6F710
S2140360C021FA002008BD0346D0F830010860B3F873
S2140360D0343100208B80704790F830310C2B14BF7E
S2140360E090F82B00FF20704738B50C464FF400613C
S2140360F00546EBF7B3FF70B17CB195F81E3173B963
S2140361004FF480724FF480712846EBF793FF003804
S21403611018BF012038BD2202F4E72246F2E700202A
S214036120F8E74FF48071EBF799BF08B54A024FF4CE
S2140361300071EBF77FFF002008BD08B58A024FF415
S2140361408061EBF777FF002008BD4FF40071EBF793
S21403615085BF062300208B717047B2F5805FF8B5C4
S2140361600F460646154619462ED89A422CD33F2A82
S21403617026D9B2FA82F40122C4F11F03DBB29A4095
S21403618092B2AA422CBFC4F11904C4F11A04E2B2B3
S2140361900124931DDBB29C40A4B2AC4212D096F805
S2140361A0F5309BB9012096F8243060F3C71386F8C0
S2140361B024303846E8F758F900203762B582F8BD30
S2140361C00022ECE70020EEE72120F8E70E20F6E7B2
S2140361D00846E8F769B970B505460E46144602B395
S2140361E013883F2B1DD9B3FA83F3C3F11901C9B240
S2140361F0062901D8192B12D0062928BF0621012308
S2140362008A1DD2B2934030462380E8F755F9238897
S2140362102846EE616B82E8F7D9F9002070BD0021AD
S214036220EDE72120FAE710B5144608460121E9F701
S2140362301DFE2046BDE810400121E9F717BEF8B55C
S21403624004460E46174604F02CFB3A4605463146EE
S2140362502046EAF7C9F80446284604F01DFB204604
S214036260F8BD0220704703207047E9F76FBA10B5F0
S2140362700023E7F7EFFC044608B9EBF769F8204676
S21403628010BD704770B505460E46144600F0E3F899
S21403629031462846FFF72FFD00F0DDF8230704D527
S2140362A00B2C9CBF24F00804A4B221462846E6F72C
S2140362B095FC00224FF400312846EBF7BBFE002086
S2140362C070BD8021EBF7CABE7FB5531C05AAADF897
S2140362D01410029202210022DBB2CDE900211146FE
S2140362E0EBF7C6FE07B05DF804FB7FB5531C05AAA3
S2140362F0ADF81410029204210222DBB2CDE900218C
S21403630000220121EBF7B4FE07B05DF804FB1FB5CE
S214036310531C029100220821CDE900210122DBB2A1
S2140363201146EBF7A5FE05B05DF804FB07B591F83B
S2140363302830009391F82B3091F8292091F82A10F1
S214036340E7F736FF03B05DF804FB10B50446E6F73F
S2140363503FFC01462046BDE81040E6F73FBC002957
S21403636014BF21200020704738B5054610460C465A
S214036370E7F7A4FFD5B1D5F8E030BBB15B69ABB1A5
S214036380421ED2B2FD2A13D90A68013204BF6FF047
S21403639001020A600A68FF281A6007D162680132A0
S2140363A002D16FF00102626062685A60002038BD55
S2140363B00128F2E738B50546EAF73EF80446002119
S2140363C0A878E7F7E3FF204638BD2DE9F74F012508
S2140363D01C469DF83030064601930368174603F0C3
S2140363E0070306339D4005F1FF380B46A1B141680C
S2140363F004EA080BA5EB0B0A41F00059524509EBDA
S2140364000B0114D952461846E5F79CFB49467A1BFE
S2140364105A445044E5F796FB019B2BB13C4448EAAB
S214036420050804EA0804F46003B0BDE8F08F1846D4
S214036430F0E737B5002514460095FFF7C6FF20465C
S21403644003B030BDE7F7B6BD0020704700207047A5
S214036450002070477047704730B54900044605680A
S21403646012B102291FD90339C90395B9E1B1B1FAAB
S21403647081F3C3F12003C3F10F00012838BF0120C5
S21403648003F01F03D940A94201D901384908216006
S21403649030BDB5FA85F339B1B1FA81F29B1A002BF8
S2140364A0E9DC0F20EFE700210F20F0E7012805D9EC
S2140364B0023818BF4FF0FF30C0B270470120704754
S2140364C008B5E9F79DFABDE80840E9F7C1BA38B55B
S2140364D00446FFF7F5FF0546FFF7F2FF431BA3420B
S2140364E0FAD338BD38B50D460446E9F789FA35B10F
S2140364F0844200D90139204601F0030138BD8442A5
S21403650038BF0131F7E708B50121FFF7EBFFBDE818
S2140365100840E9F79DBA0B0C23F48053B3F5284FD4
S214036520F7B50D468FB2064699B216D04AF6010362
S214036530994214D04AF60203994212D0B1F5204F7D
S21403654014BF04240324D6F8E0300BB1196851B9FC
S214036550D6F8DC3093B928680EE00024F3E701246C
S214036560F1E70224EFE7234668463A46E9F7CCFA12
S214036570DDE90003002BEBD103B0F0BD1968002959
S214036580E9D0234668463A46E9F7BEFADDE9000352
S214036590002BE0D1F0E702F003BB0204C0F389133B
S2140365A007D56FEA83536FEA935313F5007F18B248
S2140365B006D0A3F1C8006FF4FF739842B8BF18461D
S2140365C070474FF0384359699A6903F500530A40F8
S2140365D05A6170470E207047EBF7AEB8EBF7ACB8CE
S2140365E0EBF7AAB8EBF7A8B808B50846EBF7CAFC6A
S2140365F008BDEBF7A1B802207047022070470020C1
S214036600704701207047002070470E207047002017
S2140366107047E7F719BD084611460122FFF741BB4D
S21403662070B505460C4611461A46EBF75DFD06683F
S2140366302B462046B446BDE87040604710B5EBF7DE
S21403664053FDBDE8104083681847FFF710BEE7F711
S21403665023BCFFF7A9BBE7F72DB970B504460D4673
S21403666016464FF4881100F01CF832462946204699
S214036670BDE87040E7F742BE38B505460C4604F061
S21403668010F9D5F890301C40D5F88C302343C5F864
S2140366908C3004F001F9211E18BF012100204902A5
S2140366A038BD38B504460D4604F0FBF8D4F89030F0
S2140366B01D40D4F88C3023EA0505C4F88C5004F04A
S2140366C0EBF8284638BD38B504460D464FF4881116
S2140366D0FFF7E7FF29462046BDE83840E7F736BE12
S2140366E073B50D7806460C4635B304238DF804308F
S2140366F02379304601A98DF80530FFF738FB0546A8
S214036700B8B92278A37952BB8DF80430E3793046C2
S21403671001A98DF80530FFF714FB054648B9237821
S2140367203BB161883046E6F7E3FE01213046FFF7CA
S214036730DBFC284602B070BD2946FFF7D5FC294688
S2140367403046FFF7F2FC29463046FFF7F6FC23787F
S214036750002BCAD123798DF804306379C9E7022266
S2140367608DF80420D3E7FFF7E0BCFFF7EEBC00206C
S214036770704710B50446EBF751FD21460020ECF7B1
S214036780A1FBBDE81040002000F02BB970470120A4
S214036790704708B5EDF7C4F980F00100C0B208BD34
S2140367A04FF0FF30FFF79EBB70470020704710B5D1
S2140367B00C4603F037FE048010BD38B50C4615466C
S2140367C003F030FE03881DB11C43A1B2018038BD1F
S2140367D023EA040189B2F9E708B503F023FE00882B
S2140367E008BD08B503F01EFEC07808BD08B503F063
S2140367F019FE008800F00C0008BD08B503F012FE71
S214036800008800F00C00031F5842584108BD38B5F5
S214036810054603F007FE04462846FFF7EEFF30B9A9
S21403682004F1100004F01DFA00F4406038BD4FF484
S2140368300060FBE738B5054603F0F4FD044628463A
S214036840FFF7DBFF014648B910342046042203F065
S21403685029FD2044BDE8384004F003BAA08838BDBB
S21403686010B50C4603F0DEFD848010BD38B5054632
S21403687003F0D8FD04462846FFF7BFFF30B904F1FE
S214036880100004F0EEF900F4404038BD4FF4006009
S214036890FBE738B5054603F0C5FD04462846FFF773
S2140368A0ACFF014648B910342046062203F0FAFC32
S2140368B02044BDE8384004F0D4B9A08838BD38B5C4
S2140368C0054603F0AFFD04462846FFF796FF01464C
S2140368D008B1201D38BD10340622204603F0E2FC22
S2140368E02044F7E708B503F09DFD007A08BD08B518
S2140368F003F098FD90F9090008BD08B503F092FD72
S214036900807A08BD08B503F08DFDC06808BD10B5D4
S2140369100C4603F087FD047210BD10B50C4603F059
S21403692081FD447210BD10B50C4603F07BFDC460B8
S21403693010BD2DE9F8430F468046002107F11000ED
S2140369401646994603F0E2FD0446D0B103F06AFD0D
S2140369500546204603F082FD002102462846E4F75A
S21403696061FF00232046AB7049F00401FFF71FFFC9
S214036970A5F804802EB13A46314605F11000E5F736
S214036980E1F82046BDE8F883F8B505460F46102023
S214036990002103F0BBFD0446B0B103F043FD0646F9
S2140369A0204603F05BFD002102463046E4F73AFF3B
S2140369B0002339462046B370FFF7F9FE25B12A4671
S2140369C00121204603F07AFD2046F8BD08B503F002
S2140369D029FD103008BD08B503F040FD1038C0B2DD
S2140369E008BD0020ECF796B908B5ECF7F1FB0020DC
S2140369F008BD4088C0F30C00033080084000043014
S214036A00704770B50E4605461146304603F07EFDC8
S214036A10044635B128B103F005FD32462946E4F7AE
S214036A2053FF204670BD0088B0FA80F040097047D7
S214036A3038B505880022044604F07DF905B12580A3
S214036A4038BDF8B507460D4600880021164603F004
S214036A5021FDB042044605D129463846BDE8F84034
S214036A60FFF7E6BF0021204603F014FDB04205D031
S214036A702046002103F00EFD0446F3E72A4620468F
S214036A80002103F01BFD32462846BDE8F8400021EE
S214036A9003F014BDF8B5058807467DB1CCB2214690
S214036AA0284603F0F7FC8542064609D100233B80BF
S214036AB000222146304603F001FD35462846F8BD40
S214036AC0214603F0E7FC21460246284603F0F6FC7F
S214036AD0EEE72DE9F04707888246884614465FB3FB
S214036AE0384603F0BBFC3D460646E4B2214628463C
S214036AF003F0D0FC4045814616D1214603F0CAFC7C
S214036B0021460246284603F0D9FC474504D14545AD
S214036B1008BF0025AAF8005000222146404603F08D
S214036B20CDFC3046BDE8F0878742FAD003F096FCEA
S214036B3030444D4686B2D9E73E46F2E700220123AB
S214036B40C0E900237047F8B504460127002603F082
S214036B50B5FE23683BB903F0ACFE00226368012B45
S214036B600ED16360F8BD1D691F61266003F0A1FEA8
S214036B70012DF2D02B462D691E61012DFAD1E6E7D1
S214036B8019691A610B46EAE7036823B940680128C6
S214036B9003D0EDF765B8002070474FF0FF3070471D
S214036BA0F8B5054603F078FF012306460027A860DC
S214036BB02B7303F083FE2B6802467BB11C692169A5
S214036BC0A1420CBF2F6019612761104603F071FEC6
S214036BD0012C08D0204663689847EAE76C68012CC6
S214036BE004D103F066FE00232B73F8BD6169711AA6
S214036BF0B1F1004FF5D8216969602361E5E702200A
S214036C00704702207047002070470144884201D134
S214036C100120704710F8013B9342F7D000207047DD
S214036C2070B50146064692B00020EBF723FD0446F6
S214036C3070B9FDF7F1FF054601466A462046ECF7B4
S214036C405FF86A46294620468DF80260ECF70EFB8D
S214036C50204612B070BD00B593B0FDF7DDFF6A465F
S214036C6001460020ECF74CF89DF9020013B05DF8DE
S214036C7004FB00B593B0FDF7CFFF6A46014600203C
S214036C80ECF73EF89DF8000013B05DF804FBEBF755
S214036C90FBBF012070477FB54FF6FF7101AAEDF7E2
S214036CA051FA20B1BDF80C0007B05DF804FB4FF6AF
S214036CB0FF70F9E708B51046EEF70AFABDE8084094
S214036CC0EEF7C4BA7047704770477047704770470F
S214036CD07047704738B54FF6FF750D800C46F6F7CC
S214036CE0BBFA2080A8420CBF2D20002038BD00210F
S214036CF000B593B06A460846ECF702F8BDF80600FE
S214036D0013B05DF804FB002110B592B004466A4642
S214036D100846EBF7F5FF00216A460846ADF806403D
S214036D20ECF7A4FA12B010BD002100B593B06A4682
S214036D300846EBF7E5FFBDF8040013B05DF804FB67
S214036D40002110B592B004466A460846EBF7D8FF12
S214036D5000216A460846ADF80440ECF787FA12B0FD
S214036D6010BD70472DE9F04F87B00C469146074695
S214036D70FFF73CFD0546661C304603F072FF042D04
S214036D8040F090803846FFF721FE0378092203F08F
S214036D900303012B14BF022303230121204603937D
S214036DA003F080FA092200210546204603F07AFA0A
S214036DB021788DF8170001390022204689B2FFF7A3
S214036DC020FE04EB09088346F0B14FF0010A2A4679
S214036DD00146CDF800A003980DF11703FBF7DDFE7F
S214036DE00228054626D1584603F038FB00222070B9
S214036DF0C0B2431E00929BB252465946304604F038
S214036E0029F82378534423703846FFF7E5FC020439
S214036E1024D498F8013021789B071FD50139A1EBBC
S214036E2009013A464046C9B2F1F710F923781844E7
S214036E30207013E020B92070284607B0BDE8F08F15
S214036E40032809D1404603F00CFF20F4007189B2F1
S214036E50404603F008FFD7E70428D5D101250022D2
S214036E6020462178FFF7CDFD07460028E4D04FF0F3
S214036E7000080146434601224046CDF80080FBF752
S214036E808CFE022819D1384603F0E8FAC2B2013A5A
S214036E90207093B2394601223046CDF8008003F0C5
S214036EA0D9FFC9E780F0800520F0800081B2304624
S214036EB0C5F3C01503F0D7FED1E70028BCD1207078
S214036EC0BAE708B50020FFF764FC80F00100C0B203
S214036ED008BD0A4608B501460020EDF781FBB0FA67
S214036EE080F0400908BD0020ECF7F4BA00210846FC
S214036EF0EBF798BF0020FFF74ABC70B5044603F0D3
S214036F00B0FE042200210646204603F0CBF92044B7
S214036F1003F0A7FE032205460021204603F0C2F92C
S214036F20204403F09EFE4FF6FF730540ADB29D422C
S214036F3014D1F30712D506220021204603F0B2F936
S214036F40204403F08EFE0446EDF7BCFB844214BFD8
S214036F5002240624EDF7B0FB204070BD2046FBF765
S214036F60EDFFC400E4B2F5E708B5FFF7C6FF003847
S214036F7018BF012008BD0120704710B50446FEF770
S214036F801DFB08B9FEF71CFB03050FD40C231B2BB4
S214036F9001D1002009E020FA03F1C90703F1010239
S214036FA006D5DBB2E31A5842584110BD0B23F9E766
S214036FB01346ECE710B50C46098819B90846F7F7E7
S214036FC0A3FC2080012010BD08B510461A4600F029
S214036FD08CFABDE8084003F0E2BD70B504460D46E2
S214036FE0164692B06A46EBF78BFE6A46294620465B
S214036FF08DF81F60ECF73AF912B070BD10B50C4669
S214037000EDF73CFF2046BDE81040EDF74DBE0129E5
S214037010F8B505460C461DD003291ED0052920D0F9
S214037020072922D00026002400270120EBF7BAFD0B
S214037030304485421DDA0320EBF7B4FD2044854235
S21403704019DA0520EBF7AEFD38448542B4BF0720B6
S2140370500520F8BD6FF00406E5E76FF00404052687
S214037060E2E700266FF00407DFE70024052726463D
S214037070DBE70120EDE70320EBE738B1437949006E
S21403708023F00C0301F00C010B434371704710B55A
S214037090044678B141794088490801F00601013178
S2140370A0000AFFF7B4FF024601462046FFF7E5FF56
S2140370B0104610BD0722FBE738B50D46EDF7CCFEAC
S2140370C0044608B9002038BDFFF7E1FF002DFAD1CA
S2140370D0237913F00703F5D0984238BF1846C0B299
S2140370E0F1E7EEF7C7B80022EEF7EAB9002101226E
S2140370F008B5EEF7E5F9401A18BF012008BD38B504
S2140371001546FFF7F0FF0446284603F087FE84B1D2
S214037110FF2804D0626822FA00F3DB0701D50120BA
S21403712038BD0123834013436360E3780133E37080
S214037130F5E72046F4E7EEF71DBC10B503F072F949
S21403714000F11004204603F08CFD20F4007189B290
S2140371502046BDE8104003F086BD2DE9FF411546E5
S214037160019101218DF80D301B0A8DF80E309DF824
S2140371702C308DF80C008DF80F3028460423009130
S21403718003AA9DF828809DF830709DF8346001F0BE
S21403719016FB044670B12946FFF762FBB8F1000FF1
S2140371A002D12046FFF7C9FF2FB146B93146204624
S2140371B001F0D0F80024204604B0BDE8F081002298
S2140371C020461146EEF75CFBF4E74FF47A70EEF7D1
S2140371D0B1BC08B5ECF758FDBDE808400020EEF753
S2140371E0AFBD00B58BB06846EEF780FC009BBDF8DC
S2140371F0060004A90693EEF71FFC0BB05DF804FB2C
S2140372001FB504466846EEF771FC02AB03CB20605D
S214037210616004B010BD1FB5062304468DF80C301C
S214037220EEF7E8FE00238DF80D00CDE900330121CB
S2140372300223204603AA01F0C2FA04B010BD38B5F3
S214037240002208210546FFF7E0FC044698B9FFF73D
S2140372504EFD22464FF6FF71EFF724F92846297CA8
S214037260EEF79EFD287C6A69E989F0F799FCEEF74C
S2140372700FFD204638BD0120FCE770B50C460546D9
S2140372800120EFF79BFC237B4BB1FFF730FD014654
S21403729023462A46BDE870400120EFF721B94FF692
S2140372A0FE71F5E7F8B50E460746FFF78FFB054672
S2140372B003F0D7FC00F44040B0F5404F14BF002263
S2140372C0062202F10A03EB5C0B325C0004F00E04A8
S2140372D05B08144403F0380338461C44FFF77BFB73
S2140372E0844208D2001BC2B20F2A28BF0F223046A0
S2140372F02919E4F727FC2046F8BDECF7C5BC40F691
S2140373002740F0F7CBB9FF224FF6FF71F0F7FABA32
S21403731007B500210DF10700F0F72CFC9DF80700D8
S21403732003B05DF804FB13B5044601A90020F0F78B
S21403733021FC019A01462046F0F732FC204602B0B3
S21403734010BDF0B50F46002187B004460846164622
S214037350F0F710FC012305460DF10A008DF80840EE
S2140373608DF80930FFF74CFF092C1DD131460DF17E
S214037370120003F078FC05AB002102AA9B1A2846EC
S214037380CDE90011DBB2642101F019FA0546E0B13C
S214037390092C15D1F0F74EFC044688B12846F0F7C1
S2140373A05DFC204607B0F0BD31460DF113008DF8A5
S2140373B012704FF6FF7503F056FC0DF11503DBE76D
S2140373C0284600F014F80446EBE70446E9E738B528
S2140373D004460D4603F03CFD40B1AC4206D02046C1
S2140373E003F02DFDBDE8384000F0ACBF38BD10B546
S2140373F00446FFF7EBFA023003F033FC4FF6F7735D
S2140374009842204603D9BDE81040F0F7A1BDF0F737
S214037410E1FDB0FA80F0400910BD0120704700225C
S214037420F0F7CEBC70B504460088FFF7CFFA0546E2
S214037430043003F016FC0646A81C03F012FC0546AF
S21403744003F025FB3046F1F7ABFF30B92846F1F7DA
S214037450A7FF10B1284603F0FBFCA378002023F017
S2140374600F03A37070BD70B50546FFF7AFFA064667
S214037470284601F0C8F901462846F7F779FE044680
S2140374802846FFF7D7F94FF6F773984208D83378AC
S21403749003F00303012B05D1A31E5842584170BDC8
S2140374A00120FCE70020FAE741F2033330B585B04C
S2140374B00D46ADF808300446FFF719FC8DF80A00B0
S2140374C0FFF715FC0021000A8DF80B000523204664
S2140374D0CDE9001102AA8DF80C5001F070F910B135
S2140374E02146FFF79CFF05B030BD2DE9F041044669
S2140374F017460D46E1B13F294FF0000600D1354649
S2140375002046FFF773F9082814D10121204602F01C
S214037510C1FF064602F0A2FF0446304602F082FF91
S2140375203B4601462A46E0B2BDE8F041FDF718BCEB
S2140375300126E5E72046FFF759F9024630B9BDE8CC
S214037540F0414FF6FF71012003F054BB2046FFF7CE
S2140375505EF9B0F5006F0ED12046FFF76BF94FF6D4
S214037560FF739842014617D0002D0CBF0320052059
S214037570002203F03FFB29462046EEF739FA68B9A6
S21403758029462046F1F7AAFE40B932462946204648
S214037590BDE8F041F0F762BE0120E9E7BDE8F081FF
S2140375A07047704737B54FF6F675FDF738FB431E41
S2140375B09BB2AB420446F8D8EDF74EFC0028F4D154
S2140375C069462046ECF76AFF0028EED0204600F016
S2140375D09AFE0028E9D12046FFF788FD0028E4D16B
S2140375E02046F1F7DDFE0028DFD1204603F030FC0D
S2140375F00028DAD12046FDF71DFB0028D5D120460A
S21403760003B030BD73B504460E46F1F7C9FE054612
S21403761088B92046F1F71EFF21462B460D224FF66A
S214037620FD70009500F0A1F83146204602B0BDE893
S2140376307040F1F7D1BE02B070BDF7B504460D46F3
S2140376401746FFF754FB0646002D3FD04FF6FB7355
S2140376509C423BD82046F1F7A3FE08B1A64235D09C
S2140376602046F1F79DFE10B1012003B0F0BD204681
S214037670FDF7E0FAC0B1A642F6D0F4B1694620465B
S214037680ECF70CFF0246C0B908216846FFF7BDFABF
S21403769098B9082269462846E4F710FC68B12946DB
S2140376A02046FFF7AFFFDFE7A642E6D12846ECF712
S2140376B063FF10B900F03DFED6E73FB121462846EA
S2140376C0EDF770FD21462846F5F7ACFD0020CCE724
S2140376D037B5054614460C2914D8DFE801F02C13F9
S2140376E02C13131307131313132424006946ECF700
S2140376F0D5FE18B901216846F5F792FE41202946C2
S214037700F8F7B2F9D4B12046FFF760F9023003F078
S214037710A8FA4FF6F773984210D9204603B0BDE88F
S2140377203040F0F7CBBC40F6144040F613430B2929
S21403773008BF1846E3E700F0EDFDE3E703B030BD0E
S2140377401FB50346084603218DF80D308DF80C103F
S21403775001230021ADF80E20CDE9003103AA04234E
S21403776001F02DF805B05DF804FB2DE9F34106465C
S2140377700F4614461D469DF82080FFF7B8FAB04220
S21403778007D100222146384602B0BDE8F041FFF794
S2140377909FBF3A4631462046FFF7D2FFADF80600B4
S2140377A060B10D2C05D100224FF6FF71282003F09F
S2140377B021FA35B9BDF80600FFF719FE02B0BDE899
S2140377C0F0810123424629460DF10600ECF7B0F995
S2140377D0BDF80630002BEDD1F0E7F7B50C460546AD
S2140377E0FFF7F4F8611C06462846F7F7C1FCA11C10
S2140377F00746284600F02AFF014604463846FDF7AA
S21403780047FA0D2F34D12046F1F7CAFD78B1301D63
S21403781003F027FA04462846F679FFF73AF8314686
S2140378200246204603B0BDE8F040FFF768BCB01C34
S21403783003F017FA4FF6F773984202D92846F0F783
S2140378403DFC2046F1F706FEFFF751FAA04205D1AC
S214037850002003B0BDE8F040FFF7A2BE6B46B06859
S214037860F16803C369462046F1F7B6FD03B0F0BDE1
S2140378702A463946204603B0BDE8F040FFF728BF46
S21403788014220021E3F7CEBF2DE9F04F11F00F07C6
S21403789004460E4615468FB05CD10120E1F740FC46
S2140378A009A8FDF7F3FA092309A88DF82430FDF794
S2140378B0F1FA09A8E1F706FC01A909A8FDF77BFC84
S2140378C026F00F08A84404F1100904F10F0A4545F1
S2140378D011D1236901A93344236109A8FDF750FC9C
S2140378E00020E1F71DFCB6F1005F28BF27273846C6
S2140378F00FB0BDE8F08F05AA23469646944618684F
S21403790059680833ACE803004B456246F6D12B466C
S214037910224605F1100B53F8041B5B4542F8041B83
S214037920F9D1714609A8FDF72BFC09A8E1F7CAFBB4
S214037930224621460120E1F7AFFB013D631E13F803
S214037940012F15F8011F534582EA01021A70F6D17A
S2140379505D46BCE70227CAE7F0B5174685B005467D
S2140379600C46102200216846E3F75CFFBFB3C4B39E
S2140379700F2C04F00F0608D924F00F043A462146CC
S2140379802846FFF781FF40BB274432463946684600
S214037990E4F7D8F880222F6906F1100337446B44C6
S2140379A0B7F5005F03F8102C2F61C6F110061AD343
S2140379B0062E1FDDFB001A0E8DF80A201A0C5BBA82
S2140379C08DF80B20ADF80C306A4610212846FFF7D9
S2140379D05BFF00202B69103B2B6105B0F0BD3E46D4
S2140379E0D8E72646D6E7022E04DDFB005BBAADF8E1
S2140379F00E30E9E76A4610212846FFF745FF2B6954
S214037A001022A3F11004002168462C61E3F70AFF55
S214037A10B7F5005F4FEAC403CDD2E7E770B50E466D
S214037A20054686B001A81446FFF72AFF32462946C4
S214037A3001A8FFF791FF2246054601AB05AE1C469B
S214037A4003CCB44210605160234602F10802F6D11B
S214037A50284606B070BDF1F755BD0A460021F1F77A
S214037A6051BDF0B58BB00C4601A9F1F74BFD0546A9
S214037A7080B325220021E01CE3F7D4FE0123A37084
S214037A800E23BDF810702380FA0510D523464FF455
S214037A90877206AE23F8042B0DF1280C324603CA70
S214037AA0624518605960164603F10803F6D13B0693
S214037AB005D5238843F080032380069B636001ABD0
S214037AC003CB039BC4F81D00C4F82110A361F2F78F
S214037AD0FDFE606128460BB0F0BD30B505460C468A
S214037AE087B001A8FDF7D2F92868696802AB03C31B
S214037AF09DF8113043F002028DF8112074B12288EC
S214037B00510644BF43F006038DF81130530542BFB8
S214037B109DF8113043F008038DF8113001A8FDF7E6
S214037B20B0FAB0FA80F0400907B030BD2DE9F34152
S214037B300F460546164602F091FC4FF00008C41B9C
S214037B40E4B2294623463A463046CDF8008003F091
S214037B5081F90121284602F09DFC88B101212846BF
S214037B6002F098FC074602F079FC0546C3B242468B
S214037B7030193946CDF8008003F06CF92544ECB291
S214037B80204602B0BDE8F0812DE9F04F85B00C46E3
S214037B90054691461F464FF0010ADDF838809DF8EA
S214037BA03CB002F05BFC22463B4629460646CDF82F
S214037BB000A0484603F04EF95146284602F06AFCF8
S214037BC03C4418B35146284602F064FCF6B2B4426D
S214037BD0814610DAE7B2F31BDBB24046224629465B
S214037BE0CDF800A003935F4403F034F9039BBF1B57
S214037BF0984407F0FF0B012300220E9349465B4689
S214037C00404605B0BDE8F04F03F024B95B46224674
S214037C102946CDF838A0F3E72DE9F041002686B0D3
S214037C20074608460C4615469846CDE9026604966E
S214037C308DF8146002F012FC411BCBB20D2B28BF4B
S214037C400D232A462146009602A803F003F942466E
S214037C5002A93846F1F7ACFD0646294620469DF8AC
S214037C600820F7F799FA304606B0BDE8F0812DE90B
S214037C70F04F0E46CBB00121054617461C4602F0D0
S214037C8009FC23463A462946814606A8FFF7C4FF61
S214037C900DF1280A00EB070B5246314628465FFAD9
S214037CA08BFBFFF743FFB34503D200204BB0BDE881
S214037CB0F08FABEB06085FFA88F808F104039842E6
S214037CC0F3DB331F18440423C4B20193A31BDBB2B4
S214037CD00093524643460021CDF808A006A8E1F7D4
S214037CE08FF90028E1D1A4EB0B040AEB0803E4B2F6
S214037CF0524628463146009301944346FFF744FF15
S214037D0039462846F7F734FA394600F0F80228468B
S214037D10F7F742FA0121284602F0BCFB002818BFF9
S214037D204D462846ADF8165002F098FB011FC9B21F
S214037D300DF1160000F04FFC0120B7E72DE9D841FE
S214037D40064600F060FD411C044689B2304600F04A
S214037D502DFD98B394B321463046F7F709FA00F0A1
S214037D600C03042B074629D000F00308B8F1020FD2
S214037D7000D11BBB384600F0B0FD3B060444A4B25A
S214037D8016D5611C304689B200F010FDB0B121460D
S214037D903046F7F7EDF9B8F1010F014600F003039B
S214037DA00CD0032B0AD0384600F0A6FD03199CB26C
S214037DB021463046BDE8D84100F0F8BC0020BDE8B7
S214037DC0D881F8B5064600F0E0FC05460446304682
S214037DD0FEF7FCFD43785B0718D5AC1CA4B221461E
S214037DE0304600F0E3FCB8B129463046F7F7C0F951
S214037DF00746691C304689B2F7F7BAF91FB18742BE
S214037E0001D8FF2808D104EB4704A4B22146304624
S214037E10BDE8F84000F0CABC0020F8BD13B5044620
S214037E2001A8F1F71DFFBDF80430DA0710D49B074D
S214037E3007D410220021204602B0BDE81040E3F725
S214037E40F1BC224621461020FFF7E8FD0028F0D1BA
S214037E5002B010BD024608B5F1F72AFF510544BF2C
S214037E600838C0B2130544BF0838C0B208BDF0B521
S214037E70D30705460C468BB04AD5008800F0C3FCF2
S214037E8000230646029314B9CDE9034403AC00224B
S214037E9008212046FEF7B9FEA8B12888FEF796FD0E
S214037EA0023002F0DEFE21460746ECF7F7FA50B141
S214037EB0002240231146384600F005FA40F60945ED
S214037EC028460BB0F0BD31462888F7F751F910F075
S214037ED0030F0CBF01260026F1F758FB46EA4000C5
S214037EE0C0B200900021204602AB05AAF3F72AF998
S214037EF00546F1F74BFB0028E2D0002DE0D0002129
S214037F002046009602AB05AAF3F71CF90546D7E709
S214037F1040F60A45D4E700231A46F3F77FB830B590
S214037F208BB005AD04462846FCF7B0FF022328466F
S214037F3001A98DF81430FDF73EF9234601AA14462D
S214037F4003CCAC4218605960224603F10803F6D10D
S214037F500BB030BD08B50023024619461846F3F7A2
S214037F605DF8012008BD37B504466846F3F7CEF83A
S214037F70054648B1082221466846E3F79FFFB0FA54
S214037F8080F0400903B030BDFF2208212046FEF7EB
S214037F903CFE034628B106212846FFF7BCFF012016
S214037FA0F0E722460146F3F739F8F8E707B56846DF
S214037FB0F3F7ACF810B16846FDF76CFA00F0010071
S214037FC003B05DF804FB0120F3F776BD704730B5C8
S214037FD00124054689B003A8FCF758FF01A88DF8CD
S214037FE00C40E1F7CDF89DF806209DF80730AA422D
S214037FF009D0AB4209D103A88DF80D40E1F762F82A
S214038000012009B030BD0024F5E70020F9E700227F
S2140380101021FEF7FABD70477FB50D4600F5823096
S2140380200D22694600F58070D5F744F86B462A465C
S21403803002AE1C4603CCB44210605160234602F1E4
S2140380400802F6D1206810602379137100236B733E
S21403805004B070BDF0B585B06A4605460B461646B5
S21403806001F10807144618685968083303C4BB426D
S2140380702246F7D118680D2220601B7905F5823059
S2140380803146237100F58070D5F740F805B0F0BD92
S21403809038B504460D46E0F765FBA04205D92046F1
S2140380A02946FFF7B9FF002038BD2820FCE730B586
S2140380B0002485B08DF80040E0F754FBE5B2A842F3
S2140380C004D8F5F711F8002005B030BD69462846F8
S2140380D0FFF7C0FF0134EFE738B50446002002F08F
S2140380E0ACFEFF2805460FD002F0AFFE10F00100ED
S2140380F009D0284602F0A9FE400840EAC17080F085
S214038100010000F0010038BD04F00100FBE7014662
S214038110F8B506460020F4F721FFFF2801D001201A
S214038120F8BDE0F70FFB00240546871CE0F70EFBBF
S214038130E3B2984201D80020F2E735F82430B34280
S21403814003D117F82430002BE9D10134EEE738B514
S2140381500D460121044602F09DF930B10121204667
S21403816002F098F92880012038BD20462C8000F0C4
S21403817020FC0130C0B2F7E72DE9F04788B0074688
S214038180894610460DF10A011D469046FFF7DFFFAC
S2140381904FF0000ABDF80A6004463046CDE905AA4A
S2140381A0CDF81BA002F05AF9031BDBB20B2B28BF3A
S2140381B00B2322463146CDF800A005A802F04AFE5E
S2140381C048F21F039D4243D00BD885F40043012B8E
S2140381D015D923464246494628460097FDF7A7F990
S2140381E033E048F23A039D42F3D1FEF780FDB842EE
S2140381F02BD02246414605A8FDF7CAF925E09DF88F
S214038200143013BBBDF81D40DDF81500DDF819105A
S21403821003AB03C3204603A9E0F798FC01222046DC
S21403822003A9FFF70AFAA74206460ED0012103A8C0
S214038230F5F7F6F848F201039D4206D12EB9334608
S21403824032463946204600F058FC08B0BDE8F087B1
S2140382509DF81450002DF8D12F469DF81580023452
S214038260EAB24245F1D2D200D2B2224408233146C2
S21403827092B2009703A8CDE9037702F0EBFD03A8BB
S21403828000F074F802F0DBFD00F05CF80135E7E778
S21403829010B50024418084800480C280038110BD11
S2140382A013B5BDF81040CDE900340023F5F786FB7F
S2140382B002B010BD13B5BDF8104001900094F5F759
S2140382C07DFB02B010BD07B500930123FFF7F2FF55
S2140382D003B05DF804FB0123F5F716BC38B5054675
S2140382E0EFF7A8FC0446E0F749FAA40144EA402065
S2140382F0284038BD7047704700207047FF207047FE
S214038300002070477047002070474FF6FF70704795
S2140383100020704770470020704770470020704762
S2140383207047002070470020704770477047002052
S214038330704770477047002070474FF6FF707047CE
S21403834017207047704770477047704770477047ED
S21403835001207047012070470020704700207047B7
S2140383607047704770474FF6FF7070474FF6FF70C1
S2140383707047002070470020704700207047704702
S214038380002070472DE9F04F002785B081460C4644
S2140383907E2039469846BDF83CB09DF844A0BDF80B
S2140383A04C500192ADF80E7002F0B0F80646002865
S2140383B000F0AA8002F036F839467E22E3F732FA56
S2140383C0304602F02FF80090304602F02BF8B9F151
S2140383D0FF0F0CBF274644F003073B0A14F4406222
S2140383E0077043705FD14FF00808C31C1846424617
S2140383F00199E3F769FA034604F44044434484B11D
S214038400790606D419464FEA1B2201F802BB5A70B6
S2140384100B46B4F5004F56D0A4F54042544254419F
S214038420E400224618460E99E3F74EFA009A0346EE
S2140384302044A0EB02085FFA88F89DB14FF47C5203
S2140384401A53841C284601F0EDFF8346284602F0A3
S21403845005F8C5B22A4659462046E3F773FB60196A
S2140384600235EDB2B9F1FF0F2FD05246109900F83E
S214038470019BE3F767FB08F101015AFA81F12944EE
S2140384803046EBF7EBFA0C210022FF0007F08007DB
S21403849010463943FEF778FAADF80E00E8B9002027
S2140384A005B0BDE8F08FB2F5006F80F803804FEAA1
S2140384B0182880F8048000F1050314BF4FF008085D
S2140384C04FF0020892E70224ABE708EB0A012944BF
S2140384D03046EBF7C3FA0821D6E7304601F0A2FF91
S2140384E00446304601F0BAFF0123024621460DF149
S2140384F00E00EBF71DFB0028D1D10121BDF8482063
S214038500BDF80E0001F0DAFFBDF80E00C8E710B59F
S2140385100C46098821B90846F6F7F6F9208008B113
S214038520012010BD0220FCE72DE9F04780460F46E8
S2140385300646002402F1FF39BC4202D219F8015F55
S21403854025B9A6EB080080B2BDE8F0879A46A5F1E8
S2140385503102012A5AF8041B10D83246322D02F88B
S214038560011B06D10134A4B2A74232D30912B21CAE
S2140385707170013453461646A4B2DDE7342D0CD190
S2140385800334BC42DDDA0B0A317073700B0C090E30
S214038590B370321DF170A4B2EBE7A5F13302062ADD
S2140385A00DD8303DADB22B19BB42CADA2A46304647
S2140385B0013CE3F789F915FA84F47219EBE7A5F1A0
S2140385C04102062A01D8373DECE79D8803F1080AE5
S2140385D0E9E71646B5E770B5054600880C4601F090
S2140385E03DFFA04228880AD201F038FF0023221A52
S2140385F019462846BDE8704092B2EBF799BA214671
S214038600EBF72CFA002070BD38B5054601F00AFFDB
S2140386100446284601F022FF002201462046BDE814
S2140386203840FEF7EEB9F8B516460C461D46BDF8BB
S214038630187001F0F7FE0444304601F0F3FE3A46A4
S21403864041192046BDE8F840E3F73EB970B50C463D
S214038650013189B20646F6F78BFD214605463046BC
S214038660F6F786FD00EB052080B270BD1FB501232B
S214038670ADF80C2000930A460223014603A802F035
S214038680E9FB05B05DF804FB0FB437B5069D002182
S214038690A8B201F03BFF044601F0C4FE2CB1002251
S2140386A007AB0193D1B28D4205D8204603B0BDE88F
S2140386B0304004B0704753F8041B81540132F1E78D
S2140386C073B504460D4640200021164601F01EFFF2
S2140386D0ADF8060001F0A6FEBDF8063013B900207B
S2140386E002B070BD402133462A462044FFF71CFFE4
S2140386F0211889B20DF10600FFF76DFF0028EED1B1
S214038700BDF80600ECE70EB403B503AA52F8041B43
S2140387100192FFF7D5FF02B05DF804EB03B0704794
S2140387202DE9F7430F4601218146164601F0B2FEB6
S214038730054658B1FFF768FF308088B9284601F030
S2140387408DFE68B1192003B0BDE8F083484601F0FA
S21403875085FEFF2FA0EB0704E4B214D014B93480CF
S2140387600020F0E72A4621462846FEF74AF98046C7
S2140387700028E7D03B464A4629460094FFF753FFB6
S214038780A6F80080ECE70120DDE708B5FEF71EF942
S214038790437803F001001A074CBF10300830DB069D
S2140387A044BF0830C0B21030C0B208BD10B50C4686
S2140387B001F054FEA04234BF0020012010BD7FB557
S2140387C014460091024641F2092141F609209DF81C
S2140387D020601D46002E18BF0146099B0020F6F7B1
S2140387E0EFFCADF80E0010B9002004B070BD0123F5
S2140387F02A4621460DF10E00EBF79AF90028F3D12D
S214038800BDF80E00F1E738B50546FFF7BEFF044690
S214038810284601F023FE631C9BB283420FD82846EA
S214038820FEF7D4F843785B0707D521462846F6F7C4
S2140388309FFC013004EB4004E4B2204638BD00241C
S214038840FBE71FB5ADF80E0001F008FE0446BDF8C1
S2140388500E00FFF7D8FF00F10E03DBB2BDF80E20C3
S2140388600146E01A80B200901046FFF7DCFEA4F142
S2140388700E0189B20DF10E00FFF7ADFE04B010BD78
S2140388804278034612F0080006D0D20702D403F15A
S2140388900800704703F10900704737B505460C46D4
S2140388A0FEF794F8437813F0100212D09CB103F04D
S2140388B001021B074FF000032946009320464FF0A2
S2140388C0080354BF1832203202F0C4FA012003B062
S2140388D030BD1046FBE72046F9E700F00303012B03
S2140388E008D0C30606D400F00C000C2814BF0820DA
S2140388F00920704702207047034611F0030005D095
S21403890003F00303022B14BF022003207047F8B5BD
S2140389100C46064601F0A2FD631C834202D90025DD
S2140389202846F8BD21463046F6F722FC0746FFF7F1
S214038930D4FF3B060546F3D50444304601F08EFDCE
S214038940A4B2631C9BB28342E9D821463046F6F7AD
S2140389500FFC01463846FFF7CFFF2844C5B2DFE7D2
S21403896070B506460D46FFF7D2FF044610B900243D
S214038970204670BD29463046F6F7FAFB8206F7D541
S214038980304601F06BFD2544ADB26B1C9BB28342AF
S214038990EDD829463046F6F7EBFB00F01803082B14
S2140389A014BF05340634E4B2830644BF0834E4B285
S2140389B0DEE738B50546FFF726FF044608B900206C
S2140389C038BD01462846FFF7CBFF0028F7D02044E2
S2140389D0C0B2F5E72DE9F04387B005460C46FDF730
S2140389E0F5FF804602F03DF907462846FFF70BFFE2
S2140389F0064601462846FFF78AFF002203460092F2
S214038A002946324602A802F025FA9DF8086006F0C9
S214038A100C030C2B06F003090BD0B9F1010F59D048
S214038A20F10657D49DF809300DF10A05002063714D
S214038A3007E0FF230DF10900637102F012F90DF14F
S214038A400B05208198F80130DA0704D508F10200F7
S214038A5002F007F92081B9F1010F5FFA89F83DD0DA
S214038A60F3063BD4284602F0FCF86080A81C02F00C
S214038A70F8F8053515F8013C208023712B78B006ED
S214038A80A37206F0400348BF43F02003390627D5F8
S214038A9043F40073F80448BF43F48063390548BFC2
S214038AA043F400633206E38011D56A7812F00302BA
S214038AB00DD06FEA43436FEA5343A978B8F1020F28
S214038AC0E3800B4611D1EB7841EA0321218107B0FD
S214038AD0BDE8F083FF230DF10905A7E7FF23CCE7E5
S214038AE07A0648BF43F48073D4E7012A04BF0B0217
S214038AF09BB22381EBE7F7F715B80BB1F7F77EB810
S214038B000AB9F7F7F7B8FF21F7F720B8431C08BFF1
S214038B100020E4F73DB90000034B5868C0F3080093
S214038B20003818BF0120704700ED00E0014B1868BD
S214038B30704700BFB8660020084B1B6F03F007039F
S214038B40022B04D0032B05D0012B05D0FEE7044BE4
S214038B5018687047034BFBE70348704700800050D4
S214038B60B8660020C0660020002D310108B5FFF767
S214038B70E3FF054B1B6FC3F301330133B0FBF3F085
S214038B80024B186008BD00BF00800050B46600208A
S214038B900048704700B4C40400487047002D3101F4
S214038BA0014B1868704700BFC0660020174A9368D9
S214038BB0C3F304430C2B0AD8DFE803F00B090909B7
S214038BC00909072119091B1D1F00114870470020BA
S214038BD07047936803F04073B3F1807F11D0B3F10D
S214038BE0007F10D0002B0B4818BF002070470A48A0
S214038BF070470A4870470A4870470A4870470A4849
S214038C0070470A4870470A48704700BF0040015A39
S214038C10405DC60000093D00C0EA210180BA8C0110
S214038C200048E801005A62020024F40080841E0013
S214038C3040420F00014B1868704700BFBC66002017
S214038C4007B500F065FC6A4600F0C2FC18B1472180
S214038C50034801F028FFDDE9000103B05DF804FBDB
S214038C60A0B703000229F8B596BF104B00245C5C3E
S214038C70012805460E4608D0022809D008B944F054
S214038C8002040B4B1F6837B9F8BD44F00804F8E735
S214038C9044F02004F5E77B681A68144203D0314693
S214038CA028465B6898473F68EDE700BF125204000A
S214038CB00C3E002038B5104D2B78ABB10F4C237803
S214038CC01BB100F031FA00232370002001F0FEFEF2
S214038CD00B4C50B100F07AFA0023012120782B7058
S214038CE0FFF7C0FF0123237038BD0122054B1A701E
S214038CF02278054B1A70F7E7D45C0020D25C00207C
S214038D00D95C0020D55C0020D65C00200E490B7889
S214038D10FF2B01D198B170470BB990B97047002863
S214038D2014BF0122FF2213440B7060B1074B1B785C
S214038D30012B08D9064B1B782BB9FFF7BBBF1A4686
S214038D40F1E70122EFE77047D85C0020D95C0020EA
S214038D50D55C002010B501F0A4FD064B04461B7835
S214038D601BB1BDE8104001F097BDFFF7A3FF2046F7
S214038D70F7E700BFD15C002002282DE9F04147D079
S214038D8029480378FF2B41D1002941D11A461344C1
S214038D90DBB2037000293BD0244E3278012A37D940
S214038DA0002B3ED001F07DFD214F04463B780BB3EC
S214038DB0204D2B781BB901222A701F4A1370DFF847
S214038DC07C8098F8003023B100F0AEF9002388F8D1
S214038DD00030204601F060FD012001F077FE01F02F
S214038DE060FD2B7804461BB100F0F0F900232B70CE
S214038DF000233B70204601F04FFD01243078A0424B
S214038E0006D02146FFF72EFF347001E013B931B9BF
S214038E10BDE8F081002914BF0122FF22B7E7012233
S214038E20B5E70224EAE700BFD85C0020D95C00203F
S214038E30D45C0020D15C0020D55C0020D25C0020EE
S214038E402DE9F04385B0EFF3108572B6AFF30080DB
S214038E5001F011FF002800F09280624E624F3378D3
S214038E6023B10020FFF752FF00233370387878B918
S214038E7003A900F01DFB044650B95C4B039A1B681C
S214038E809A4200F284800120FFF740FF01233370EB
S214038E903B78002B40F09980554B1B78002B00F055
S214038EA091804FF00208534CDFF8689120784045D4
S214038EB007D099F8003013B94146FFF7D3FE84F87C
S214038EC00080B8F1020F0FD1DFF8248198F8003044
S214038ED053B9494B1B7823B900F020F90122474BBD
S214038EE01A70012388F80030207800F0F7F899F814
S214038EF0003013B1424B1B782370AFF30080284633
S214038F0001F0DFFDEFF3108572B63E4B1A7852B1CF
S214038F1000221A703A4B20781B78984203D101211D
S214038F202170FFF79FFE384800F082FA01F0B7FE83
S214038F308046002893D12E4F3B789BB189F80000DA
S214038F40DFF8B89099F800301BB100F0EDF889F817
S214038F500080002001F0BAFD002839D000F036F971
S214038F6000233B70337823B10020FFF7CFFE0023A6
S214038F70337000212078FFF775FE00232370AFF3CC
S214038F800080284605B0BDE8F04301F09ABD1F4BAC
S214038F90D3F8008000F048F9039B80449845BFF45B
S214038FA072AF00F03BF98200039942F0020292B2DC
S214038FB0CDE900422346164AA1EB0801124801F008
S214038FC087FD65E700F09CF86BE74FF001086AE75A
S214038FD0012000F083F8284601F073FDEFF31085B7
S214038FE072B6B6E7D35C0020D85C0020143E00209F
S214038FF0D45C0020D95C0020D75C0020D25C002023
S214039000D65C0020CF5C0020183E0020103E0020D7
S214039010558D0300D55C002010B501F042FC0022FC
S214039020054B1C781A7001F037FC00F005FBE4B220
S2140390302043C0B210BD00BFD05C002038B501F09D
S21403904030FC094B05461B78012B04D801F024FCA1
S2140390500024204638BD054B1C6800F0E5F80444A0
S214039060284601F019FCF4E7D95C0020103E0020E6
S2140390701549164A0B6F10B503F007031360144A1D
S214039080144C9269032B02F00200C2F340022270D2
S21403909017D0D1F8203103F00703022B11D0D1F8F3
S2140390A0803203F001030C4A137048B143B9064BF0
S2140390B0D3F8003103F00303591E4B424B411370A0
S2140390C010BD0123EFE700BF00800050743E002070
S2140390D000C00150DE5C0020DF5C0020012805D0C4
S2140390E00238012808D80020D1F7EEBA034A1369DC
S2140390F023F00403136130BF704700BF00ED00E0A8
S214039100044B054AD3F8203103F007031360F8F73E
S214039110EFB900BF008000507C3E00200122014BC7
S2140391201A707047DD5C0020F8B51F4B1B78002BC8
S21403913039D01E4C2378B3B91D4B9A6DD10302D593
S214039140DA6D92072FD49B6DDB072CD401F003FD59
S214039150184B194A1860136F23F0070343F00303F1
S2140391601367FFF703FD01F0F6FC124B134D1B6864
S214039170134EC01A2B78134F56F8232046F82300B5
S214039180111A3A681048521A0A213A600932B2FB99
S214039190F1F20133DBB20260B3FBF1F201FB1233EF
S2140391A02B7000232370F8BDDF5C0020DC5C0020FE
S2140391B000C000506C3E002000800050DB5C0020A6
S2140391C0443E0020403E00203C3E002008B5F8F711
S2140391D090F90D4A0D49136F096823F007030B43F3
S2140391E013670B49D2F82031096823F007030B43B2
S2140391F0C2F82031074B1B7813B10122064B9A6243
S214039200BDE80840FFF7B2BC00800050743E002063
S2140392107C3E0020DF5C002000E00050014B187805
S214039220704700BFDF5C0020054B187818B1054B6C
S214039230186800EBD000044B1B681844704700BF47
S214039240DF5C00203C3E0020703E002008B50D4B3E
S2140392501A7892B100221A700B4A136F23F0070391
S21403926043F001031367D2F8203123F0070343F0DA
S2140392700403C2F82031FFF779FC0122034B5A6737
S21403928008BD00BFDD5C00200080005000E00050F9
S2140392900D490B68A0B10022A3B1834203D18368B2
S2140392A022B90B6003E01A469B68F5E79360836870
S2140392B00BB9002070475A6941690A445A61F8E7B6
S2140392C02220704702207047883E002010B501F028
S2140392D05EFC0A4C0A4B19682368C31A09B9206056
S2140392E010BD002BFBD04A699A423ABF9B1A002254
S2140392F0D21A4A6128BF00238968EFE7843E00201C
S214039300883E002038B5154D2B682BB35B69B3B187
S214039310134A022014681C4400F088FA204600F022
S21403932047FA00220F492B680A70012A05D823B191
S214039330D88880070AD501230B70002038BD022089
S21403934000F074FA022000F093FAEAE79B68002B19
S214039350F3D058690244E8E72220EFE7883E00206E
S214039360843E0020E15C0020C38870B504460D46A9
S2140393703BB9FFF763FE8542064602D2F9F734FA95
S21403938035460E4A656113689BB91460A3600FE007
S2140393902D1A986819466561034618B15869A8429C
S2140393A0F6D941B18C60A36013B15A69521B5A6156
S2140393B070BD0021F2E71460F5E700BF883E002089
S2140393C070B516469DF81420C0E903360271049A58
S2140393D0BDF818300260002204460D468260C38042
S2140393E006BB01F0D4FB2844A0613DB9E368656180
S2140393F013B120462168984796B1354601F051FAD5
S2140394000646FFF763FF29462046FFF7ADFF074BE7
S2140394101B68A34201D1FFF775FF304601F03CFA03
S214039420002070BD01F0B3FB3044DDE7883E00202A
S214039430F8B50546D0B101F034FA0646FFF746FF05
S2140394400B4B28461F68FFF723FF044620B1304620
S21403945001F022FA2046F8BDAF42F8D1FFF752FFDB
S2140394602228F4D1022000F0EDF9F0E72224F1E7F8
S214039470883E002038B50C460546A8B1A1B10023A6
S2140394800B7001F01BFA0121084B1B6833B901F07E
S21403949010FA002038BD9D4204D121702278002A9C
S2140394A0F9D0F4E79B68F1E72220F3E7883E002033
S2140394B0F8B506460F4601F001FA00250446124B9E
S2140394C01B6823B9204601F0F4F91B2011E05A6902
S2140394D01544DA88B2420DD101F059FB0B4E3368BE
S2140394E0C01AA8420AD3002320463B6001F0E1F9E4
S2140394F00020F8BDFF2EEFD09B68E2E701F047FBA4
S21403950033682B441B1AEFE7883E0020843E002076
S21403951070B501F0D3F9064601F039FB084B044653
S21403952001201D6801F023FB18B101F030FB04464F
S2140395300135304601F0BDF92046294670BD00BF0F
S214039540903E0020014B1868704700BF8C3E0020F9
S214039550F8B50C4B05461B680E4683420FD3002412
S21403956040F2E7302146084B4FF47A721F68002317
S214039570E5FB0701E1F7EAFD30602046F8BD212050
S214039580FCE700BF803E00208C3E00200F4B10B54A
S2140395901A689AB14FF47A71531E1342A0FB010165
S2140395A00ED1B2FA82F2C2F11F04531CD243E0403A
S2140395B001FA03F3184321FA02F20243104610BDE0
S2140395C00023E1F7C3FD0246F8E700BF8C3E002008
S2140395D038B5164B14468342154B8B4123D3154B94
S2140395E01A6802B34FF47A75A0FB050305FB013135
S2140395F0531E134211D1B2FA82F3C3F11F055A1C4C
S214039600DB4301FA02F2E84021FA03F3104318435E
S214039610E940C4E90001002038BD0023E1F796FDC8
S214039620C4E90001F7E72120F6E700BFEFA7C64B22
S214039630378941008C3E002010B501F03FF9034BFB
S2140396401C7801F036F9E4B2204610BDE05C002039
S21403965008B5084B1B7803F0FF004BB101F07BFA0B
S214039660054B1B689B69C01A02288CBF002001208B
S21403967008BD00BFE15C0020883E0020C2072DE93C
S214039680F843044607D5474A136801331360FFF7C8
S2140396901DFEFFF737FEA30740F1818001F00EF9A8
S2140396A04FF0000805464646FFF710FE3E4F3C685F
S2140396B00CB16369A3B100223C4B012E1A7003D18F
S2140396C018F0020F18BF1E70FFF71CFE222802D1E7
S2140396D0022000F0B7F82846BDE8F84301F0E9B8E1
S2140396E023465A693AB91A792179914288BF1C46AA
S2140396F09B68002BF5D1284601F0DBF8D4F81080E0
S214039700B8F1000F3FD001F042FAA269851AEB17B1
S214039710454573F1000337DB23691344A361012333
S2140397202269CAB1C3B9A38BB8EB050833B1E28B80
S21403973013449BB2B3F57A7F1CD2E38301F0BEF8E1
S214039740054641462046FFF70FFEA36922692846D1
S2140397501344A36101F0ADF8E36813B12046216812
S2140397609847B4F8068001F0A9F801360546FFF7D6
S214039770ADFD9CE7A3F57A73E383A36918F1FF387D
S214039780013BA361DAE7454601F098F88146204697
S214039790FFF77EFD484601F08CF80023C0E7BDE8DE
S2140397A0F88300BF903E0020883E0020E05C002047
S2140397B010B5044601F075F84FF0B042936A1907E6
S2140397C0FCD4136A116C5269120704D4CA1A032A0A
S2140397D001D899420ED1E21A022A98BFDC1CB4F1D2
S2140397E0FF3F38BF013C4FF0B04308221C6403F52B
S2140397F080539A6101F050F8054A13783BB14FF055
S214039800B041CB6B43F00203CB630023137010BD50
S214039810236C002007B5044B01A9187901F0E7F87B
S214039820019803B05DF804FB5050040000F00103F8
S2140398308207034A48BF43F008039361704700BF9B
S21403984000100058820700F001030AD50121064ADA
S21403985043F0080311704FF0B041CA6B22F00302C5
S214039860CA63024A93617047236C002000200058A5
S214039870830742BF0822014B5A6170470010005805
S21403988073B502AB164603E90600044600F052FF22
S2140398900546204600F05EFF9DF800208DB1202C83
S2140398A033780ED8012B2ED84FF6FF752D4803EBD1
S2140398B04313234430F81310A94202D0013120F891
S2140398C01310294B294E33F8141036F8140081422E
S2140398D032D34FF6FF75A9424FF0010502D001318E
S2140398E023F8141004F0FD01092927D1998AB68AB2
S2140398F00A44B242B4BF9A829E8233F8143083423B
S21403990027D202B070BD022BDBD14FF6FF704FF6A5
S214039910FF75144B33F81410814218BF013104F15C
S214039920210018BF23F8141033F81010A9421CBFE7
S214039930013123F81010C4E70025D0E71D2CDCD135
S214039940598F8E18864203DA01390A445A87D4E7B8
S2140399505887002DD5D1204602B0BDE8704001F0EF
S21403996031B900BFE8580020C05900206C590020C8
S21403997038B50D46044600F0A1FF064A13889BB28D
S2140399802DB123431380BDE8384000F092BF23EA8D
S2140399900403F7E7C65B00200022034B01214FF4C4
S2140399A080701A70FFF7E4BFF262002008B5054B1B
S2140399B01868FCF72EFE00F00300C31E58425841F9
S2140399C008BD00BFE055002038B5044601F098F9FD
S2140399D00C4B05461978187981420FD0631E082B65
S2140399E00CD8DFE803F0050D0B0D0B0D0D0D0D0068
S2140399F000220146044B1868FCF709FE284638BDCA
S214039A000022F7E7516C0020E055002038B54FF0F0
S214039A10FF300C46FFF77AF80A4B05461868FFF73F
S214039A2075F8641B241A20B210F1630F06DB10F1DD
S214039A30240F05DA64308000C0B238BD0020FCE78E
S214039A40FF20FAE7E055002008B5134B1B78062BDA
S214039A5004D040F62101114801F025F8104B1B886D
S214039A601B0704D440F622010C4801F01CF80D4BEA
S214039A702A201978FFF7A8FF00210820FFF778FFB0
S214039A800222094B1A70094B1868E8F777FBBDE802
S214039A90084001F084B800BFF2620020C34C040003
S214039AA0C65B0020EF620020806C0020E05500209B
S214039AB010B50E4C236823B940F6A3410C4800F0BA
S214039AC0F2FF2068013001F0CCF800F0070003280D
S214039AD00AD1246809220121204600F0E3FB205C1A
S214039AE0031F5842584110BD0020FCE7D055002004
S214039AF0C34C040038B50C4640B100210420FFF7E0
S214039B0037FF01F04CF8012C1DD038BD244B1B88C1
S214039B109B07F6D50129234A2FD1117869B301395A
S214039B20C9B2117011B92020FFF722FF00210220CD
S214039B30FFF71EFF04221C4B00211C481A7000F07E
S214039B405DFD01F02CF81A4C2068013001F089F80D
S214039B5000F44060B0F5006F1FD124680121042291
S214039B60204600F09FFB204401F07BF80146BDE849
S214039B7038400022202001F03DB800210D4D022080
S214039B801170FFF7F5FE2B78FF2B04D040F2996196
S214039B90094800F088FF2C70B3E74FF6FF71E6E73D
S214039BA0C65B0020F1620020F2620020C869002034
S214039BB0D0550020816C0020C34C040038B5134CEC
S214039BC005462388580709D5FFF7F0FE0146072008
S214039BD0FFF7FAFEFF210120FFF78CFF2388990782
S214039BE00BD50B4B284619788A1F51425141FFF774
S214039BF0EBFE01210020FFF77DFF23881B0703D51B
S214039C00BDE83840FFF720BF38BD00BFC65B002065
S214039C10F2620020F7B5124CD4E9006586EA020C1E
S214039C2085EA03070CEA000C0F405CEA070E15D022
S214039C3086EA0C067D40C4E90065CDE900230B46A1
S214039C40084902460868FCF7A6F838B14FF4FD71D8
S214039C50054803B0BDE8F04000F025BF03B0F0BDF3
S214039C60A8150020E0550020C34C040008B50A4B95
S214039C701B88DB0604D440F64701084800F013FFB0
S214039C8000211020FFF774FE002000F06BFBBDE8F8
S214039C90084000F084BF00BFC65B0020C34C04002E
S214039CA02DE9F04F5706804614461D4691B005D55C
S214039CB0FFF77CFE01460120FFF786FEEE0403D580
S214039CC000212D20FFF780FEA00224D54046FCF796
S214039CD04CFD0146F8B94020FFF74AFE40460AA964
S214039CE0FCF720F9B8B99DF83030022B40F0D98044
S214039CF0BDF8280001F0A3F8FF2808D14046FCF77A
S214039D000FF940B901214020FFF732FE03E001F0CE
S214039D109AF80028F2D1A10305D5FFF747FE0146BE
S214039D200320FFF751FEE20104F0807640F1C08085
S214039D30854B1B889B072DD5844E3068FCF787F828
S214039D4040BB834B834F18703B78FF2B04D040F205
S214039D505761814800F0A7FE4FF00009002102205A
S214039D60FFF706FE87F800907C4F3B78062B07D15B
S214039D7001210820FFF7FCFD49462820FFF724FEB3
S214039D803B78052B06D100212B20FFF71DFE3068FC
S214039D90E8F7F4F900F003FF220717D56B4F03210A
S214039DA0386805AAFCF76DF8064620B940F2C96183
S214039DB0694800F078FE9DF81430072B00F0D08039
S214039DC0FFF7F4FD01460420FFF7FEFDE10505D588
S214039DD0FFF7ECFD01460420FFF7F6FD14F4863F7B
S214039DE005D0FFF7E3FD01460220FFF7EDFDA201D4
S214039DF013D5FFF7DBFD01460820FFF7E5FD00213D
S214039E000420FFF7B5FD554B1B78012B03D14F4BB1
S214039E101868E8F7B3F900F0C2FE14F0084F09D04B
S214039E20FFF7C4FD01460720FFF7CEFDFF21012003
S214039E30FFF760FEA30009D5FFF7B8FD014606202D
S214039E40FFF7C2FDFF210120FFF754FEA70705D544
S214039E503D4B1B881E0701D5FFF7F6FD6C0603D5A1
S214039E6000210A20FFF7B0FD280602D50120FCF7E3
S214039E708DFCE90540F1858140460AAA05A9FCF751
S214039E80C4FB9DF81430222B00F06D8100F2828112
S214039E90152B40F26A8140F60A112F4800F003FEA4
S214039EA06FE1032B7FF437AF0AA800F0C4FF30E757
S214039EB005F0020756EA07030DD0284B262019782B
S214039EC0A1F1060EDEF1000141EB0E01FFF77CFD6A
S214039ED00121304611E004F0805656EA07030FD0FE
S214039EE01E4B26201978A1F1060CDCF1000141EB8C
S214039EF00C01FFF769FD02213846FFF7FBFD4BE730
S214039F0004F0884151EA060309D0144B2720197838
S214039F108F1F79427941FFF757FD0221D9E705F0F4
S214039F2008030B4302D02320FFF74EFD680703D533
S214039F3000212420FFF748FDE9077FF52DAF002118
S214039F402520FFF741FD27E7C65B0020E0550020EC
S214039F50F1620020816C0020C34C0400F2620020F2
S214039F60314638680AAAFBF792FF20B14FF4DA614C
S214039F709E4800F098FDBDF81630386802330AA9EB
S214039F80ADF82C30FBF785FF20B140F2DF61974830
S214039F9000F089FD0023009331460423386804AAA1
S214039FA0FBF779FF042804D040F2E4618F4800F001
S214039FB07AFDDFF8589299F80030C3BB0DF1110013
S214039FC000F04FFE00F00700022830D1FFF7EEFC4A
S214039FD001460920FFF7F8FC854B1B78062B23D197
S214039FE0844B9DF813201B789A421DD19DF835307B
S214039FF023B940F2FA617D4800F055FD0DF11100DA
S21403A00000F02FFEC0F3001631462920FFF7DCFCD4
S21403A01000210820FFF7ACFC774B1E70FFF748FDC6
S21403A02010B93868E8F7AAF800F0B9FDCEE6BDF82F
S21403A03016000121083080B200F068FA039030B9A8
S21403A040FFF7B4FC01460420FFF7BEFCECE700F084
S21403A050E9F905AA014606463868FBF724FF99F88E
S21403A06000A0BAF1000F22D106F1010B584600F00A
S21403A070F8FD83065AD53868FCF777FB0746FFF7E3
S21403A08095FC05370146F8B2FFF79EFC584600F0EC
S21403A090E8FD00F007000328584F2DD001210420C7
S21403A0A0FFF766FC4FF0FF30FBF71CFF386000221B
S21403A0B05349BDF816300978F718F1549DF8363031
S21403A0C0BB709DF83730FB700A9B190E3971190C5B
S21403A0D07971FB71190A99F80030B97123B973784D
S21403A0E092B343F020037370002000F069F9787090
S21403A0F0039800F071FA97E701210922304600F031
S21403A100D1F8305C01210428C9D1FFF731FC4FF0A8
S21403A110FF30FBF7E7FE3B4B38601B885806C6D577
S21403A12051464020FFF724FC0122C1E7FFF73EFC1F
S21403A13001460920FFF748FC2D4B1B78012BB6D1AF
S21403A1403868E8F71BF8B2E723F02003CBE70122D1
S21403A1507E33DBB202FA03F313F00A1F31D113F096
S21403A160011F3FF498AE27202CE0012202FA03F3E6
S21403A170254A1A402ABB13F0041FF4D1DA077FF5E9
S21403A1808AAEAB052FD50121802011B0BDE8F04F74
S21403A190FFF7EEBB652B1AD8622B12D8452B0CD8CB
S21403A1A0422B0ED8352B06D8322B0AD8252B08D9A6
S21403A1B0322BD8D06FE6422BFBE7552B05D8522B14
S21403A1C0F7D92620FFF7FAFCDBE7622BF1E7952B9E
S21403A1D03FF661AE812BBAD8722BC4D0733B022BE9
S21403A1E03FF659AEEDE711B0BDE8F08FC34C04005F
S21403A1F0F2620020EE620020806C0020CC55002026
S21403A200826C0020C65B00203A003800F56200200E
S21403A210024B1878B0FA80F040097047F2620020CB
S21403A22008B5064B4FF0FF311868FCF714FA002800
S21403A230B8BF033040F3870008BD00BFE0550020D9
S21403A24008B5074B1868FBF73BFD30B1054BB3FB6E
S21403A250F0F083B20BB1184608BD0120FCE700BF3F
S21403A260E055002040420F0038B510200C4601216F
S21403A270FFF77EFB064B1D68FFF7E2FF012200FB9C
S21403A28004F1044B2846FCF7CBF9002038BD00BF89
S21403A290E05500206D9C0300014800F004BC00BF9D
S21403A2A0DD4C0400032A70B5144602D82C4B985C88
S21403A2B070BD81F0010519B90D2A07D1FF20F7E714
S21403A2C00D2A03D100780538C0B2F1E7084400F040
S21403A2D0C8FCC5F1040110F440660246C9B209D1B0
S21403A2E0042C0846E4D0052C16D112F0400F18BFF4
S21403A2F00846DDE7C5F10603042CD8B2D8D0B6F578
S21403A300006F03D1C5F10805E8B2ECE7B6F5406F78
S21403A310E9D1C5F10E05F7E712F4404107D1062C43
S21403A320C6D0072CC4D0082C13D10130CCE7550671
S21403A3305CBF831CD8B2062CBAD0B1F5004F02D14D
S21403A340831CD8B2EDE7B1F5404FEAD100F108031C
S21403A350F7E7130744BF0530C0B20C2CA8D9ADE706
S21403A360B0980400AC2370B5094C054603FB0043C4
S21403A3705E6D26B940F2FD31064800F094FBAC232F
S21403A38003FB0544002363653346BDE87040184766
S21403A390E45500201A4D040010B40C461146AC22B6
S21403A3A0064B02FB0033586D20B95C655DF8044B21
S21403A3B0FFF75ABF02205DF8044B7047E4550020B0
S21403A3C0AC22034B02FB003393F8A800704700BF90
S21403A3D0E455002028B1034B1B68C01A4010013017
S21403A3E080B27047A456002030B1044B00F1004001
S21403A3F01B68013803EB4000704700BFA4560020DB
S21403A400064B1B68834206D8054B1B68834294BFE2
S21403A4100020012070470020704700BFA45600208C
S21403A420A056002010B5044608B9002010BD00F061
S21403A43075FC20B940F2CD41074800F034FB2046B6
S21403A440FFF7D2FF0028F0D00388DB0B14BFD0F849
S21403A4500A000830EAE700BFF14C040010B508B95B
S21403A460002010BDFFF7C0FF044600F04EFC20B9E5
S21403A4704FF49D61064800F016FB002CF0D02388AD
S21403A480DB0B0ABF60882089C0F30C00E9E700BF36
S21403A490F14C040038B5FFF7A7FF0D46044650B14C
S21403A4A000F033FC20B940F24151034800F0FBFAB8
S21403A4B0023534F8150038BDF14C040070B5FFF7CB
S21403A4C093FF0C4616460546B0B100F01EFC20B9B5
S21403A4D040F24D510C4800F0E6FA3046FFF784FF91
S21403A4E000F013FC20B940F24E51074800F0DBFAA7
S21403A4F0023425F8146070BD40F25251BDE8704036
S21403A500014800F0D0BA00BFF14C04002DE9F8432F
S21403A5100746884600F069FB20B940F28E512A4868
S21403A52000F0C1FAFC1CA408284B64000434B7F5F9
S21403A530005F1E68A4B204D340F29551224800F08F
S21403A540B2FA00F0BBF9224981460B687BB9214B6E
S21403A5501D68761BC6F34F06B44227D90025484626
S21403A56000F0A7F92846BDE8F843FFF733BFB8F174
S21403A570000F11D0174A15685A1BC2F34F029442B4
S21403A580ECD81448620005EB44040460B8F1000FED
S21403A5900FD113440B600CE0F61AC6F34F0676B9D8
S21403A5A040F2A651084800F07EFAD7E705EB4404CC
S21403A5B01C6000236F80AB80EB802B80CFE7B44218
S21403A5C0CCD8044A1568DCE7F14C0400A8560020F2
S21403A5D090560020A056002038B5054600F06EF9C8
S21403A5E0044629460448002200F0A5FB2046BDE8A1
S21403A5F0384000F05EB900BFCC5B002082684B4B4E
S21403A6002DE9F0419A4204460E46056815D121B15C
S21403A61040F21311464800F046FA00F04FF923695A
S21403A6201BB92B682BB924612C60BDE8F04100F000
S21403A63040B91A6922611C61F6E700F02DFA8046DC
S21403A640FEF76AFA20B14FF49571394800F02BFAF9
S21403A6506FF000439E4221694BD22B7B08EB060228
S21403A660002B4DD0AB6893424AD1531C002949D0E6
S21403A6706169994242D01EB9521AB2F1004F3DD9D0
S21403A680636123696E689C4203D19D21284800F0CC
S21403A6900AFA2F460023B4420BD0002B41D172692D
S21403A6A06169891AB1F1004F32D83269374694424C
S21403A6B02CD12269BD420CBF6A603A617BB9266918
S21403A6C0B44203D1B8211A4800F0EDF93B46012EF7
S21403A6D005D062697169521AB2F1004F23D99D42BF
S21403A6E00BBF6B681A69236122610CBF6C601C6127
S21403A6F004E0434431B162699342C1D1BDE8F081BD
S21403A7001346B3E76A6822616C60B9E71646C6E784
S21403A710A8EB0202B2F1004FC7D93B46374636696B
S21403A720B9E71F46F9E733463669D0E7553C0200DA
S21403A730054D04000823064A12F8011B814205D082
S21403A740013B13F0FF03F7D118467047012070470B
S21403A750619904000823064A12F8011B814205D0BA
S21403A760013B13F0FF03F7D11846704701207047EB
S21403A7705999040010B5082207490446E1F79EFBE1
S21403A780B0FA80F04FF6FF732289400940009A42E0
S21403A79008BF40F0010010BD7299040030B50446AE
S21403A7A00D4685B002B9084A1068516801AB03C369
S21403A7B001AB03CB20602046ADF80C501B886160CC
S21403A7C0238105B030BD00BFC5D50300002270B598
S21403A7D00A4B1C780A4BD5B2AC4202D800200C7048
S21403A7E008E01E880132864205D30D701B881B1AAB
S21403A7F05842584170BD1233EDE700BF6F62002028
S21403A8006C5B002010B5164B187860B1154C2368A6
S21403A810CBB14FF4707200201349FFF7BDFD2368D8
S21403A820013B236010BDFFF7FBFC1049104A91F96A
S21403A8300040136884420B4C03F101031360236842
S21403A840B8BF087053B90B4800F09DFA0028E9D149
S21403A850BDE8104001460748FFF7D0BE0822DAE7F6
S21403A860426300201C57002005A803003D63002018
S21403A87014570020946B0020054B1B682BB9054B1F
S21403A8801868003818BF012070470120704700BFC2
S21403A8900C5700200857002010B962B6BFF36F8F1D
S21403A8A07047EFF3108072B67047302383F3118836
S21403A8B0704780F31188BFF36F8F7047EFF31180F3
S21403A8C0302383F311887047002070474FF400400D
S21403A8D070474FF47A7070470122417803788A40B4
S21403A8E030214B4341F2100103F1A04303F57033CB
S21403A8F05A507047B0F5802F24D010D8B0F5003FDB
S21403A90022D006D828B3B0F5803F14BF01204820D4
S21403A9107047B0F5403F14BF01202C207047B0F5B8
S21403A920302F13D008D8B0F5E02F11D0B0F5202F74
S21403A93014BF012010207047B0F57F0F14BF01200D
S21403A940062070474B2070472A2070471120704717
S21403A9502120704708B570B100F022F84FF09843F5
S21403A9605A6CD202FCD5586D10F4702004D0BDE8A2
S21403A9700840FFF7BFBF212008BD08B528B128222D
S21403A9800021E0F74FFF002008BD2120FCE7036A03
S21403A990042B9FBF00EB83020133D1600362704731
S21403A9A0036A052B14D84FF09842116CC902FCD5E4
S21403A9B004339B0013650168103B11604168116006
S21403A9C050F8081F11604FF098420344984200D194
S21403A9D0704750F8041F1160F8E7836813B9816065
S21403A9E070475B685A68012AFBD15960704709B102
S21403A9F000F008B822207047012100F046B8002175
S21403AA0000F043B870B506460D46FFF757FF0446F9
S21403AA101D2E37D8DFE806F00F18361C1E20362208
S21403AA20243636362628362A2C2E30363636363414
S21403AA30363636363632FEF77FF80026286020464E
S21403AA40FFF737FF304670BD0120CFF7D7FBF4E79B
S21403AA500320FAE70420F8E70C20F6E70220F4E7E1
S21403AA600620F2E70720F0E70820EEE70520ECE7EC
S21403AA700920EAE70A20E8E70D20E6E71020E4E7E6
S21403AA800B20E2E700202126D8E70020704708B510
S21403AA90FEF7D6F880B208BD08B5FEF7D1F808BDB4
S21403AAA0704742DE704738B504460D4600F008F896
S21403AAB0FFF7FBFE29462046BDE83840FFF7F1BF07
S21403AAC0704710B962B6BFF36F8F704701207047A7
S21403AAD02DE9FF410D4616461F460446A8B14FF022
S21403AAE00008C0F81C80FEF7A3FCBDF82C304246D5
S21403AAF002939DF828302946CDE900732046334655
S21403AB00FEF75EFC04B0BDE8F0812220FAE7F0B55C
S21403AB101F46002387B00D46164604468DF81730A9
S21403AB20A8B1C3610DF11701FEF7A4FC9DF8172029
S21403AB307AB9BDF83430294602939DF83030204662
S21403AB40CDE900733346FEF73BFC07B0F0BD222089
S21403AB50FBE70320F9E738B5FFF7B0FE054600F03C
S21403AB6016F804462846FFF7A4FE204638BD4FF0E5
S21403AB70B04301285B6904D0022805D1C3F3C000A3
S21403AB80704703F0010070470020704770474FF08E
S21403AB90B0439A6A1207FCD4186A7047704708B520
S21403ABA0FFF7FCFF00F01DF808BD10B5FFF779FEB0
S21403ABB0012104460846FEF7DFF82046BDE81040AC
S21403ABC0FFF76ABE10B5044600F012F82046FAF7FF
S21403ABD0F7FF2046F8F72CF9BDE81040F9F7EFBC6D
S21403ABE0704708B5FFF7FCFF08BD012070477047A4
S21403ABF00020704730B589B00446ADF806108DF8CE
S21403AC001020FFF797FD05462046FFF7A3FD0346F2
S21403AC109DB1BDF80600ABB900F0BAF8FF2808BF2F
S21403AC2000200DF10F038DF80F001A4620460499F5
S21403AC300593FEF725FE09B030BD0028F5D00DF1CB
S21403AC400603F2E700F0A4F8FF2808BF0020BDF8CB
S21403AC5006308DF80F00ADF81A308DF8180006ABE5
S21403AC60E3E7008870470170090A417070470120C6
S21403AC7070470120704738B5DFF714FD0446D4F754
S21403AC8043FD051E18BF2546D4F710FE041E18BF45
S21403AC902C46FFF7ECFF002818BF204638BD38B512
S21403ACA0FEF7BAF90446F7F7C3FA04281ED00228BB
S21403ACB04FF0000508BF0124F8F762F9042817D0FF
S21403ACC0022808BF0124F7F7F2FE042812D0022850
S21403ACD008BF0124FFF7CDFF04280DD0022808BFC4
S21403ACE00124002D18BF0024204638BD0125E3E7C4
S21403ACF00125E8E70125EDE70024F5E7FF20704787
S21403AD0008B5FFF7FBFF002008BD08B520B1FFF725
S21403AD1077FB00F0010008BD0120FAE708B5FFF74E
S21403AD2063FBBDE80840FFF7F0BF008810B1C9B267
S21403AD30FFF7B0BB70472DE9F041B0F80080064638
S21403AD400C46D5B2B8F1000F11D029464046FFF79E
S21403AD50A1FB2246074629464046FFF7AFFB3A4685
S21403AD6029462046FFF7AAFB3480BDE8F0810F464C
S21403AD70F5E703461B8808468B4202D00021FFF7FF
S21403AD8089BB002070470069003818BF0120704750
S21403AD9000207047F8B506460D46FFF7EBFC032880
S21403ADA0044621D02846FFF7E5FC032807461BD0B8
S21403ADB010F0020318D1A0070DD5F90716D4012306
S21403ADC03C43E20704D431892A89914218BF002301
S21403ADD003F00100F8BD082229463046E1F76EF875
S21403ADE0B0FA80F35B09EBE70020F3E71846F1E7D8
S21403ADF070B50D4600210646FFF797FF044630B1AF
S21403AE00FFF710FB01462846FFF7C4FF08B12046AC
S21403AE1070BD21463046FFF7ACFFEFE707B50DF1EF
S21403AE200701FFF7D3FC20B19DF8070003B05DF8D8
S21403AE3004FBFF20FAE700207047FF207047FF203F
S21403AE407047FF207047002070470020002170479E
S21403AE50002070472DE9F8430746084615468846FE
S21403AE601C469DF82090FFF7DDFA4619A4B19EB163
S21403AE704046FFF7F3FA254485420FDC2246B9F134
S21403AE80000F06D131463846E0F71EFD0020BDE828
S21403AE90F88339463046F7E72120F8E71D20F6E722
S21403AEA0F8B500BFF8BC08BC9E467047F8B500BFAF
S21403AEB0F8BC08BC9E4670475FF800F07564002037
S21403AEC05FF800F0116500204465766963652074B9
S21403AED0797065206368616E676520646574656371
S21403AEE07465643A202564202D3E2025640D0A00EF
S21403AEF050726573732064657465637465640D0AC4
S21403AF00004D756C74692070726573732064657484
S21403AF1065637465643A2025640D0A0052656C65A2
S21403AF206173652064657465637465640D0A004C1B
S21403AF306F6E6720707265737320646574656374DF
S21403AF4065640D0A0072656C61795F73746172746F
S21403AF505F6C61746368696E675F70756C73653A7E
S21403AF6020616E6F746865722070756C73652069F6
S21403AF7073206163746976650D0A0072656C617986
S21403AF805F6F6E0D0A0072656C61795F6F66660DA2
S21403AF900A0072656C61795F746F67676C650D0A8A
S21403AFA00057726974696E6720636F6E66696720FF
S21403AFB0746F206E763A2025730D0A0053697A65FE
S21403AFC03A2025640D0A004661696C656420746F37
S21403AFD0207772697465204445564943455F434F5D
S21403AFE04E4649475F4441544120746F204E562CC9
S21403AFF0207374617475733A2025642E2028627951
S21403B0007465733A202564290D0A007375636365B6
S21403B0107373210D0A004661696C656420746F20A2
S21403B02072656164204E565F4954454D5F444556EC
S21403B0304943455F434F4E4649472C207573696E17
S21403B040672064656661756C7420636F6E666967F6
S21403B05020696E73746561642C20737461747573F0
S21403B0603A2025642E202862797465733A20256475
S21403B070290D0A005573696E6720636F6E666967EC
S21403B0803A2025642063686172732066726F6D0DC3
S21403B0900A25730D0A0072626C38633835773B54A1
S21403B0A053303031322D5A533B534130753B524463
S21403B0B03141343B4943313B534231753B52433074
S21403B0C043323B4941353B4D3B004E6574776F72C7
S21403B0D06B20737461747573206368616E6765644F
S21403B0E020746F2025640D0A004D616E75666163DA
S21403B0F0747572657220746F6F206269670D0A003B
S21403B1004D6F64656C20746F6F206269670D0A006B
S21403B110496E697469616C697A696E67205A6967F2
S21403B120626565207769746820256420737769747F
S21403B130636865732C2025642072656C6179732CB3
S21403B14020256420636F766572207377697463685D
S21403B15065732C20256420636F766572730D0A0071
S21403B160436F6E66696720706172736564207375DA
S21403B170636365737366756C6C790D0A007265613B
S21403B180642076657273696F6E20666F726D206ECB
S21403B1906577206C6F636174696F6E0D0A00466194
S21403B1A0696C656420746F207772697465206C61BE
S21403B1B073745365656E56657273696F6E20746F2C
S21403B1C0204E562C2073743A2025640D0A004F6CCB
S21403B1D0642076657273696F6E3A2025640D0A00E3
S21403B1E043757272656E742076657273696F6E3A14
S21403B1F02025640D0A00524553455420414C4C21EA
S21403B2000D0A0068616C5F6770696F5F63616C6CE1
S21403B2106261636B3A2065787469206C696E652099
S21403B220256C642073746174757320256C750D0A20
S21403B2300068616C5F6770696F5F63616C6C626105
S21403B240636B3A206E6F20667265652045585449D5
S21403B250206C696E65730D0A002F686F6D652F721B
S21403B260756E6E65722F776F726B2F747579612D9D
S21403B2707A69676265652D7377697463682F747579
S21403B28079612D7A69676265652D7377697463687A
S21403B2902F73696C6162735F746F6F6C732F73695E
S21403B2A06D706C69636974795F73646B2F2E2E2FD0
S21403B2B02E2E2F7372632F73696C6162732F68610E
S21403B2C06C2F7A69676265652E630044726F7070CF
S21403B2D0696E67206F6C64204F544120696D616707
S21403B2E0652C2063757272656E74206F666673656F
S21403B2F0743A20256C750A00556E6B6E6F776E2058
S21403B300636F76657220636F6D6D616E643A202598
S21403B310640D0A00556E6B6E6F776E20636D642046
S21403B32025640D0A00427574746F6E20707265731F
S21403B330732064657465637465642C206275742079
S21403B3406E6F20627574746F6E20697320707265F9
S21403B350737365640D0A00427574746F6E206C6FA8
S21403B3606E672070726573732064657465637465B5
S21403B370642C20627574206E6F20627574746F6E11
S21403B380206973206C6F6E672070726573736564D3
S21403B3900D0A004E6F20636F7665722073776974AB
S21403B3A0636820636F6E66696720696E204E562C4D
S21403B3B0207573696E672064656661756C74730DBA
S21403B3C00A00417474726962757465206368616EFD
S21403B3D06765642C2065703A2025642C20636C75A1
S21403B3E0737465723A2025642C20617474723A2053
S21403B3F025640D0A00506F6C6C20636F6E74726F59
S21403B4006C3A2073656E64696E6720636865636B68
S21403B4102D696E0D0A005A434C2061637469766980
S21403B42074792C20656E746572696E672066617325
S21403B4307420706F6C6C0D0A00506F6C6C20636F19
S21403B4406E74726F6C3A20636865636B2D696E2049
S21403B450726573706F6E73652C20666173743D2519
S21403B460642C2074696D656F75743D25640D0A0040
S21403B470506F6C6C20636F6E74726F6C3A206661EB
S21403B480737420706F6C6C2073746F700D0A0050A9
S21403B4906F6C6C20636F6E74726F6C3A2073657496
S21403B4A0206C6F6E6720706F6C6C20696E746572AB
S21403B4B076616C3D256C750D0A00506F6C6C2063CD
S21403B4C06F6E74726F6C3A207365742073686F7254
S21403B4D07420706F6C6C20696E74657276616C3D57
S21403B4E025640D0A00506F6C6C20636F6E74726F68
S21403B4F06C3A20636865636B2D696E20696E7465AC
S21403B5007276616C207772697474656E3D256C750E
S21403B5100D0A00506F6C6C20636F6E74726F6C3A1A
S21403B52020696E76616C696420636865636B2D6958
S21403B5306E20696E74657276616C2C207265766512
S21403B5407274696E670D0A00506F6C6C20636F6EC1
S21403B55074726F6C3A206661737420706F6C6C2023
S21403B56074696D656F7574207772697474656E3D62
S21403B57025640D0A00506F6C6C20636F6E74726FD7
S21403B5806C3A206661737420706F6C6C2074696DFE
S21403B590656F75742C20737769746368696E6720AA
S21403B5A0746F206C6F6E6720706F6C6C0D0A00559D
S21403B5B06E6B6E6F776E204C6576656C4374726C3B
S21403B5C020636F6D6D616E643A2025640D0A005525
S21403B5D06E6B6E6F776E204F6E4F666620636F6D71
S21403B5E06D616E643A2025640D0A00496E646578C1
S21403B5F020617420777269746520617474723A20CE
S21403B60025640D0A004E6F207377697463682063A0
S21403B6106F6E66696720696E204E562C20757369B7
S21403B6206E672064656661756C74730D0A00496EF7
S21403B63076616C69642072656C61795F696E6465B6
S21403B6407820256420696E204E562C20726573651B
S21403B6507474696E6720746F2064656661756C74B4
S21403B6600D0A003E2000556E6B6E6F776E20657276
S21403B670726F7200496E70757420627566666572C5
S21403B6802069732046554C4C004D6178696D756D85
S21403B690206E756D626572206F6620617267756DC8
S21403B6A0656E7473206578636565646564005468C5
S21403B6B06520617267756D656E74206973206E6FA1
S21403B6C07420666F726D617474656420636F727242
S21403B6D06563746C7900496E636F72726563742078
S21403B6E0617267756D656E74207479706500496E56
S21403B6F0636F7272656374206E756D626572206F18
S21403B7006620617267756D656E7473004E6F206395
S21403B7106F6D6D616E6420666F756E640075696E1D
S21403B7207438006164646974696F6E616C002A0022
S21403B730756E6B6E6F776E0077696C6463617264A7
S21403B740006865786F707400737472696E676F70E3
S21403B750740075696E7433326F70740075696E7435
S21403B76031366F70740075696E74386F7074006864
S21403B770657800737472696E670075696E74313626
S21403B7800075696E743332002E2E2E200068656CA9
S21403B79070000A25730A2573257300257320080095
S21403B7A02F686F6D652F72756E6E65722F776F7269
S21403B7B06B2F747579612D7A69676265652D73776A
S21403B7C0697463682F747579612D7A696762656534
S21403B7D02D7377697463682F73696C6162735F7422
S21403B7E06F6F6C732F73696D706C69636974795FBF
S21403B7F073646B2F706C6174666F726D2F736572F2
S21403B800766963652F6C65676163795F68616C2F22
S21403B8107372632F626173652D7265706C61636505
S21403B8206D656E742E63002F686F6D652F72756E6F
S21403B8306E65722F776F726B2F747579612D7A69C7
S21403B840676265652D7377697463682F74757961AC
S21403B8502D7A69676265652D7377697463682F73DC
S21403B860696C6162735F746F6F6C732F73696D704D
S21403B8706C69636974795F73646B2F706C6174664B
S21403B8806F726D2F736572766963652F746F6B6560
S21403B8906E5F6D616E616765722F6C656761637954
S21403B8A02F7372632F736C5F746F6B656E5F6D615E
S21403B8B06E616765722E63002F686F6D652F7275F4
S21403B8C06E6E65722F776F726B2F747579612D7A32
S21403B8D069676265652D7377697463682F74757914
S21403B8E0612D7A69676265652D7377697463682F5E
S21403B8F073696C6162735F746F6F6C732F73696DBA
S21403B900706C69636974795F73646B2F706C6174B0
S21403B910666F726D2F736572766963652F746F6BCE
S21403B920656E5F6D616E616765722F6C65676163D7
S21403B930792F7372632F736C5F746F6B656E5F6DB5
S21403B940616E75666163747572696E672E63004314
S21403B950757272656E7420436F6E6669673A20254A
S21403B96030780053657420434341206D6F6465202F
S21403B970746F2025643A2025307800656E61626C0A
S21403B98065640064697361626C6564006F7574282E
S21403B990636C69656E742900696E20287365727618
S21403B9A0657229004D464720537472696E673A20C4
S21403B9B02573004170704275696C646572204D464C
S21403B9C04720436F64653A20307825303458006E3C
S21403B9D06F6465205B004164646974696F6E616CB3
S21403B9E020696E7465726661636573002020256442
S21403B9F03A200070616765205B25645D206368619B
S21403BA006E205B25645D20707772205B25645D0085
S21403BA106E6F7420616374697665006572726F7207
S21403BA20203078253038580070616E4944205B30EA
S21403BA3078253034585D206E6F64654944205B304A
S21403BA4078253034585D20007870616E205B30783E
S21403BA5000706172656E744944205B30782530341B
S21403BA60585D20706172656E7452737369205B252E
S21403BA70645D006E6F646554797065205B00536582
S21403BA80637572697479206C6576656C205B253006
S21403BA9032585D006E6574776F726B2073746174D1
S21403BAA065205B253032585D2000427566666572F8
S21403BAB02062797465733A202564202F202564005C
S21403BAC0457020636E743A202564006570202564F3
S21403BAD0205B656E64706F696E742025732C20641A
S21403BAE065766963652025735D20006E776B205B42
S21403BAF025645D2070726F66696C65205B307825FF
S21403BB003034585D206465764964205B3078253090
S21403BB1034585D20766572205B3078253032585D68
S21403BB200020202020257320636C75737465723A99
S21403BB302030782530345820004E776B20636E749F
S21403BB403A202564006E776B202564205B25735DA1
S21403BB50005072696D617279202870726F29002017
S21403BB60206E6F646554797065205B3078253032BB
S21403BB70585D002020736563757269747950726F1F
S21403BB8066696C65205B3078253032585D00455019
S21403BB902025643A20257320004572726F723A207E
S21403BBA020556E6B6E6F776E20656E64706F696E70
S21403BBB0742E00456E61626C65206576656E742032
S21403BBC0646562756720696E666F20696E20436FD1
S21403BBD0726520434C4920636F6D706F6E656E749B
S21403BBE0006F6E6C7920636F6F7264696E61746F39
S21403BBF072732063616E20666F726D0A006A6F69E6
S21403BC006E203078253038580A006C6561766500FA
S21403BC102573203078253032580A0072656A6F69BA
S21403BC206E0072656A6F696E446966664465766916
S21403BC30636554797065006578742E2050414E20F4
S21403BC4049443A20004E574B206F70656E3A2025C4
S21403BC507520736563004E574B20636C6F73656482
S21403BC600066696E64206A6F696E61626C653A206D
S21403BC703078253032580066696E6420756E7573A9
S21403BC8065643A20307825303258004368616E6721
S21403BC90696E6720746F206368616E6E656C20251D
S21403BCA0643A2030782530325800696E76616C69C4
S21403BCB064206E6574776F726B20696E64657800B6
S21403BCC053686F72742049443A20307825303458CC
S21403BCD02C2045554936343A20002C2050616E20DE
S21403BCE049443A20307825303458005374617274CE
S21403BCF06564206D756C74692D70687920696E743F
S21403BD00657266616365004661696C656420746F7D
S21403BD10202573202573203078253032580054654B
S21403BD20726D696E617465642025732030782530E2
S21403BD303258004B65657020616C697665207375B3
S21403BD4070706F727420656E61626C65642E006637
S21403BD5061696C656420746F20736574206B656518
S21403BD607020616C697665206D6F64652E0073754F
S21403BD70636365737366756C6C792073657420747E
S21403BD806865206368696C642074696D656F757493
S21403BD90206F7074696F6E206D61736B2E00666121
S21403BDA0696C656420746F207365742074686520FD
S21403BDB06368696C642074696D656F7574206F7051
S21403BDC074696F6E206D61736B2E00646973636FA5
S21403BDD0766572004D6174636820257379206672F8
S21403BDE06F6D203078253034582C206570202564FC
S21403BDF0004E574B204164647265737320726573FB
S21403BE00706F6E73653A2030782530345800494594
S21403BE104545204164647265737320726573706F61
S21403BE206E73653A200053657276696365202573E1
S21403BE307920646F6E652E00232020747970652048
S21403BE4020206E776B20206C6F6320202072656D38
S21403BE50202020636C75732020206E6F646520207D
S21403BE602065756900202025642020202030782551
S21403BE703034582020307825303458202030782528
S21403BE80303458203078253034582000736C5F7A6D
S21403BE9069676265655F6765745F62696E64696E2C
S21403BEA067204572726F723A203078253038580A08
S21403BEB0002564206F662025642062696E64696EBF
S21403BEC06773207573656400656E61626C656420D4
S21403BED07072696E740064697361626C6564207065
S21403BEE072696E7400616464206C696E6B206B65A6
S21403BEF079004552523A2043616C63756C617465F0
S21403BF00642043524320646F6573206E6F74206D04
S21403BF1061746368004552523A20496E7374616CCB
S21403BF206C20436F6465206D7573742062652038DA
S21403BF302C2031302C2031342C206F7220313820C5
S21403BF40627974657320696E206C656E6774680029
S21403BF504552523A204145532D4D4D4F206861734B
S21403BF6068206661696C65643A20307825303258FB
S21403BF7000536574206A6F696E696E67206C696E1C
S21403BF806B206B6579007365742062696E64202587
S21403BF90643A2030782530327800454D50545900A5
S21403BFA0554E494341004D324F4E45004D554C5476
S21403BFB049003F2020202000496E646578204945CB
S21403BFC04545204164647265737320202020202039
S21403BFD02020204E574B496E6465782020496E20FA
S21403BFE04643202020202054544C28732920466C96
S21403BFF06167202020204B657920202020002564BF
S21403C00020202020200020202564202020202020FF
S21403C0102000202025303858202000203078253076
S21403C0203458202000496E646578204945454520EC
S21403C0304164647265737320202020202020202012
S21403C040496E204643202020202054797065202006
S21403C0504175746820204B6579002D202020202010
S21403C0600025632020202020256320202020200078
S21403C070696573005741524E494E473A2020524550
S21403C0804144494E47204F46204B45592056414C84
S21403C0905545532044495341424C45442042592078
S21403C0A04D464720544F4B454E004E574B204B654D
S21403C0B079002573206F75742046433A202530385F
S21403C0C05800257320736571206E756D3A2030789D
S21403C0D025303258002573206F75742046433A2066
S21403C0E025303878005443202573200025732054C8
S21403C0F061626C650025642F256420656E74726921
S21403C100657320757365642E005472616E7369657A
S21403C1106E74204B657900256420656E74722573F2
S21403C12020636F6E73756D696E672025642070617A
S21403C130636B65742062756666657225732E005799
S21403C140494C4C0057494C4C204E4F540054727582
S21403C15073742043656E74657220257320616C6C5E
S21403C1606F772074727573742063656E74657220BE
S21403C17072656A6F696E73207573696E672077657B
S21403C1806C6C2D6B6E6F776E206B65792E00536526
S21403C190742074696D656F757420666F72205472AF
S21403C1A07573742043656E7465722072656A6F6971
S21403C1B06E73207573696E672077656C6C2D6B6E76
S21403C1C06F776E206C696E6B206B657920746F20B9
S21403C1D02564207365636F6E64732E004552524F59
S21403C1E0523A20002573737461636B206D75737404
S21403C1F020626520646F776E2E0052656164696EF7
S21403C2006720416C6C6F7765640048617368696E7C
S21403C21067206F6E6C7900736C5F7A696762656519
S21403C2205F6B65795F73657474696E67735F743A81
S21403C230203078253034580020205065726D69739D
S21403C24073696F6E733A202573004572726F723A84
S21403C250204661696C656420746F2067657420638B
S21403C2606F6E6669672C207374617475733A203039
S21403C2707825303858004661696C65643A20307812
S21403C28025303858004D73673A20636C7573203039
S21403C29078253034582C20636D642030782530326E
S21403C2A0582C206C656E2025640062756666657280
S21403C2B03A2000454D4245525F002573534543558A
S21403C2C0524954595F4C4556454C3A20253032580E
S21403C2D00025736572617365206B65792025643A62
S21403C2E02030782530385800636D64206E6F7420D4
S21403C2F06275696C74007372632065702025303232
S21403C300782C20636C757320253034780073656E43
S21403C31064696E6720746F206D756C7469636173EE
S21403C320742062696E640025733A2065703A20258E
S21403C330642C20636C3A203078253034582C2061E6
S21403C3407474723A20307825303458002C20737673
S21403C350723A2025630025733A20726561643A2099
S21403C360307825303278002C207376723A20256395
S21403C3702C2064747970653A203078253032580062
S21403C380417267756D656E7420617420696E6465AD
S21403C390783A202564206973206F7574206F6620B1
S21403C3A072616E676500436F6D6D616E6420616CCC
S21403C3B07265616479206275696C742E202043610E
S21403C3C06E6E6F7420736574204D464720737065D8
S21403C3D0636966696320636F646520666F722063B2
S21403C3E06F6D6D616E642E004D464720436F646526
S21403C3F02053657420666F72206E65787420636FB1
S21403C4006D6D616E643A203078253034580055736C
S21403C41065204E6578742053657175656E63652077
S21403C42053657420666F72206E65787420636F6D33
S21403C4306D616E643A203078253032580044697353
S21403C44061626C652044656661756C742052657321
S21403C450706F6E73652053657420666F72206E6509
S21403C460787420636F6D6D616E643A203078253082
S21403C4703258004552523A2072656164696E6720ED
S21403C480617474726962757465202530327800456C
S21403C49052523A20617474726962757465207369C6
S21403C4A07A6520256420746F6F206C61726765203F
S21403C4B0666F7220627566666572004572726F7289
S21403C4C03A20617474726962757465204944203039
S21403C4D07825303458207265706F727461626C65AB
S21403C4E0206368616E67652069732073697A6520C7
S21403C4F02564422C206275742025644220656E7480
S21403C500657265640A006E6F20636D64004572721F
S21403C5106F723A20434C492053656E642066616906
S21403C5206C65642C207374617475733A20307825B7
S21403C530303858004572726F723A20204555493696
S21403C5403420617267756D656E7420697320656D3E
S21403C55070747920616E64206C6F6F6B75702062E7
S21403C56079206E6F6465204944206661696C656452
S21403C5702E0047726F757000556E696361737400A1
S21403C580556E62696E6420257320257330782530D6
S21403C590325800526571756573743A20005A444FD9
S21403C5A02073696D706C65206465736320726571B2
S21403C5B02025303278005A444F206E6F646520641D
S21403C5C0657363207265712025303278005A444FB4
S21403C5D0206D6174636820646573632072657120DF
S21403C5E025303258005573696E67206D79206C6F5D
S21403C5F063616C20455549363420666F7220646546
S21403C600737420455549363420696E2062696E641A
S21403C610696E67005A444F2062696E6420726571C2
S21403C620202530327800636C7573746572206C69EC
S21403C6306D6974207265616368656400696E76610E
S21403C6406C696420706167653A202564206F7220E8
S21403C6506368616E6E656C3A202564004368616E9C
S21403C6606765206368616E6E656C207374617475AC
S21403C670733A2030782530327800647572617469B5
S21403C6806F6E206D75737420626520696E2072610B
S21403C6906E67652030202D203500636F756E74201D
S21403C6A06D75737420626520696E2072616E6765AE
S21403C6B02031202D2038007363616E2073746174FB
S21403C6C0757320307825303258006E6574776F7234
S21403C6D06B20757064617465207365742073746170
S21403C6E07475732030782530325800416374697648
S21403C6F06520455020726571756573742073746187
S21403C7007475733A20307825303258004C514920DE
S21403C7105461626C6520726571756573743A203076
S21403C72078253032580042696E64696E672054611A
S21403C730626C6520726571756573743A203078256E
S21403C740303258004C656176652025733078253085
S21403C750325800506F776572204465736372697050
S21403C760746F7220257330782530325800557369FC
S21403C7706E67206D79206C6F63616C204555493672
S21403C7803420666F722064657374204555493634C9
S21403C79020696E20756E62696E64696E6700526FFB
S21403C7A0757465205461626C652025733078253076
S21403C7B03258002F686F6D652F72756E6E65722F17
S21403C7C0776F726B2F747579612D7A696762656509
S21403C7D02D7377697463682F747579612D7A696729
S21403C7E06265652D7377697463682F73696C61621C
S21403C7F0735F746F6F6C732F73696D706C696369A5
S21403C80074795F73646B2F70726F746F636F6C2FC2
S21403C8107A69676265652F6170702F6672616D65F0
S21403C820776F726B2F636F6D6D6F6E2F736C5F7A9E
S21403C83069676265655F73797374656D5F636F6D52
S21403C8406D6F6E2E6300457874656E646564205262
S21403C8506573657420696E666F3A203078253034C8
S21403C860582028257329002F686F6D652F72756E03
S21403C8706E65722F776F726B2F747579612D7A6977
S21403C880676265652D7377697463682F747579615C
S21403C8902D7A69676265652D7377697463682F738C
S21403C8A0696C6162735F746F6F6C732F73696D70FD
S21403C8B06C69636974795F73646B2F70726F746FDE
S21403C8C0636F6C2F7A69676265652F6170702F6678
S21403C8D072616D65776F726B2F636F6D6D6F6E2F01
S21403C8E07A69676265655F6170705F6672616D65C0
S21403C8F0776F726B5F736C6565702E63005374613C
S21403C90079206177616B65207768656E206E6F743A
S21403C910206A6F696E65643A20257300466F7263FA
S21403C92065642073746179206177616B653A2020B2
S21403C9302020202020202020257300466F72636964
S21403C9406E672064657669636520746F207374610F
S21403C95079206177616B6500416C6C6F77696E67F0
S21403C9602064657669636520746F20676F20746F33
S21403C97020736C656570002F686F6D652F72756E1A
S21403C9806E65722F776F726B2F747579612D7A6966
S21403C990676265652D7377697463682F747579614B
S21403C9A02D7A69676265652D7377697463682F737B
S21403C9B0696C6162735F746F6F6C732F73696D70EC
S21403C9C06C69636974795F73646B2F70726F746FCD
S21403C9D0636F6C2F7A69676265652F6170702F6667
S21403C9E072616D65776F726B2F636F6D6D6F6E2FF0
S21403C9F07A69676265655F737461636B5F736C65A1
S21403CA0065702E630052583A205265736574546FEE
S21403CA10466163746F727944656661756C747343BB
S21403CA20616C6C6261636B00657A737020636F750B
S21403CA306E74657273206661696C65642025750083
S21403CA40657A7370205265736574205468726573D3
S21403CA50686F6C64206572726F7220257500657A44
S21403CA60737020536574205468726573686F6C64C2
S21403CA70206572726F72202575002575292025732F
S21403CA803A2025750053657474696E67205468727E
S21403CA906573686F6C6420636F6D6D616E64003FD1
S21403CAA03F3F004D616320527820426361737400F8
S21403CAB04D6163205478204263617374004D616353
S21403CAC0205278205563617374004D616320547857
S21403CAD0205563617374004D616320547820556359
S21403CAE0617374205265747279004D6163205478C3
S21403CAF0205563617374204661696C00415053206E
S21403CB005278204263617374004150532054782056
S21403CB104263617374004150532052782055636119
S21403CB207374004150532054782055636173742006
S21403CB3053756363657373004150532054782055CF
S21403CB4063617374205265747279004150532054A4
S21403CB5078205563617374204661696C00526F7563
S21403CB607465204469736320496E697469617465EA
S21403CB7064004E65696768626F7220416464656429
S21403CB80004E65696768626F722052656D6F7665E1
S21403CB9064004E65696768626F72205374616C65E2
S21403CBA0004A6F696E20496E6469636174696F6ECB
S21403CBB0004368696C64204D6F7665640041534892
S21403CBC0204F766572666C6F770041534820467235
S21403CBD0616D65204572726F7200415348204F762F
S21403CBE0657272756E204572726F72004E574B20D7
S21403CBF04643204661696C75726500415053204672
S21403CC0043204661696C7572650041534820584F4E
S21403CC1066660041505320556E617574686F72697D
S21403CC207A6564204B6579004E574B2044656372E2
S21403CC30797074204661696C757265730041505350
S21403CC402044656372797074204661696C757265F9
S21403CC5073005061636B6574204275666665722067
S21403CC60416C6C6F63617465204661696C757265AF
S21403CC70730052656C617965642055636173740053
S21403CC8050687920746F204D414320717565756532
S21403CC90206C696D69742072656163686564005011
S21403CCA061636B65742056616C69646174652064A6
S21403CCB0726F7020636F756E74004E574B207265EB
S21403CCC0747279206F766572666C6F7700434341A2
S21403CCD0204661696C757265730042726F616463A6
S21403CCE0617374207461626C652066756C6C0050A9
S21403CCF05441204C6F205072692052657100505485
S21403CD004120486920507269205265710050544191
S21403CD10204C6F205072692044656E69656400502C
S21403CD205441204869205072692044656E696564E1
S21403CD3000505441204C6F20507269205478204193
S21403CD40627274005054412048692050726920541E
S21403CD507820416272740041646472657373204381
S21403CD606F6E666C6963742053656E740043534C30
S21403CD70205278207363686564756C652066616904
S21403CD806C6564000D004465627567207072696E99
S21403CD90742067726F75702025730A0057726F6E62
S21403CDA06720706172616D657465720A005363680B
S21403CDB06564756C65206D6F7665206E776B0025F0
S21403CDC0732025643A202564004D6178206D6F76C4
S21403CDD065206C696D69742072656163686564209B
S21403CDE06E776B2025643A20256400456E642044E4
S21403CDF0657669636520506F6C6C20496E666F724A
S21403CE006D6174696F6E00454D4245525F454E44F1
S21403CE105F4445564943455F54494D454F55543A3B
S21403CE2020202020202020256400506F6C6C206377
S21403CE306F6D706C657465642063616C6C626163AE
S21403CE406B3A20257300202043757272656E74203A
S21403CE50506F6C6C20496E74657276616C20287115
S21403CE6073293A202020256C640020204C6F6E67BF
S21403CE7020506F6C6C20496E74657276616C202846
S21403CE807173293A202020202020256C640020205E
S21403CE9053686F727420506F6C6C20496E746572A1
S21403CEA076616C20287173293A2020202020256C77
S21403CEB06400202057616B652054696D656F757437
S21403CEC020287173293A202020202020202020208B
S21403CED02020256C6400202057616B652054696D03
S21403CEE0656F7574204269746D61736B3A202020F8
S21403CEF0202020202020307825303858002020435A
S21403CF00757272656E7420417070205461736B7312
S21403CF103A20202020202020202020202030782582
S21403CF2030385800202043757272656E7420506F37
S21403CF306C6C20436F6E74726F6C20202020202050
S21403CF4020202020257300202044656661756C74BC
S21403CF5020506F6C6C20436F6E74726F6C202020B1
S21403CF6020202020202020257300466F7263696EE0
S21403CF70672064657669636520746F2073686F72D3
S21403CF807420706F6C6C00416C6C6F77696E6720F1
S21403CF9064657669636520746F206C6F6E672070B6
S21403CFA06F6C6C00534C5F5A49474245455F414698
S21403CFB05F4C4F4E475F504F4C4C00534C5F5A49A3
S21403CFC0474245455F41465F53484F52545F504F73
S21403CFD04C4C00706F6C6C206E776B2025643A2087
S21403CFE03078253032580046696E6420616E6420BE
S21403CFF042696E6420496E69746961746F723A207F
S21403D000436F6D706C6574653A20307825303258FE
S21403D01000537461727420746172676574004669A4
S21403D0206E6420616E642042696E64205461726788
S21403D03065740025733A2025733A203078253032FC
S21403D0405800467261676D656E746174696F6E2011
S21403D05052582077696E646F772073697A652073F8
S21403D060657420746F202564002F686F6D652F72BA
S21403D070756E6E65722F776F726B2F747579612D6F
S21403D0807A69676265652D7377697463682F74754B
S21403D09079612D7A69676265652D7377697463684C
S21403D0A02F73696C6162735F746F6F6C732F736930
S21403D0B06D706C69636974795F73646B2F70726FDC
S21403D0C0746F636F6C2F7A69676265652F61707022
S21403D0D02F6672616D65776F726B2F706C756769FB
S21403D0E06E2F667261676D656E746174696F6E2FFD
S21403D0F0667261676D656E746174696F6E2E630028
S21403D10052583A2041646447726F75705265737063
S21403D1106F6E7365203078253032582C2030782592
S21403D1203034580052583A205669657747726F75FF
S21403D13070526573706F6E73652030782530325881
S21403D1402C203078253034582C20220052583A2090
S21403D15047657447726F75704D656D626572736867
S21403D1606970526573706F6E736520307825303240
S21403D170582C203078253032582C00205B30782508
S21403D1803034585D0052583A2052656D6F766547C5
S21403D190726F7570526573706F6E73652030782585
S21403D1A03032582C203078253034580065705B2593
S21403D1B03032585D2069645B253034585D00436C1B
S21403D1C0656172696E6720616C6C2067726F75703B
S21403D1D0732E004552523A204661696C656420748A
S21403D1E06F206372656174652062696E64696E6739
S21403D1F0202830782530325829004552523A2042AA
S21403D200696E64696E67207461626C652069732059
S21403D21066756C6C004552523A2077726974696E73
S21403D22067206E616D6520737570706F727420254C
S21403D2303032580052583A2041646447726F757012
S21403D240203078253034582C20220075760052582A
S21403D2503A205669657747726F75702030782530A7
S21403D26034580075767300766965775F67726F75F5
S21403D270700047726F7570733A206661696C6564F7
S21403D28020746F2073656E64202573207265737037
S21403D2906F6E73653A2030782530325800676574B0
S21403D2A05F67726F75705F6D656D626572736869CF
S21403D2B07020726573706F6E736500646566617562
S21403D2C06C745F726573706F6E73650052583A20A4
S21403D2D047657447726F75704D656D6265727368E6
S21403D2E06970203078253032582C007575620047F7
S21403D2F0726F7570733A206661696C656420746F2B
S21403D3002073656E642025733A20307825303258B2
S21403D3100052583A2052656D6F766547726F757086
S21403D32020307825303458004552523A20466169F9
S21403D3306C656420746F2064656C6574652062692F
S21403D3406E64696E6720283078253032582900725B
S21403D350656D6F76655F67726F75700052583A2019
S21403D36052656D6F7665416C6C47726F75707300AE
S21403D37052583A2041646447726F7570496649642F
S21403D380656E74696679696E67203078253034581F
S21403D3902C202200616464004368616E6E656C2015
S21403D3A06E6F742076616C69643A2025640050724F
S21403D3B0696D617279002573206D61736B206E6FE2
S21403D3C07720307825303858005365636F6E646174
S21403D3D07279004D61736B206E6F742076616C6991
S21403D3E0643A202564007072696D61727900736512
S21403D3F0636F6E646172790025733A2053657420F7
S21403D4002573206D61736B20746F20307825303858
S21403D41058005374617475730025733A2025733A64
S21403D420004368616E6E656C206D61736B3A002015
S21403D43020202028312920307825303858205B00DA
S21403D4402020202028322920307825303858205BA9
S21403D4500053746174653A2030782530325820289A
S21403D4602573290043757272656E74206368616E56
S21403D4706E656C3A20256400546F74616C20626597
S21403D48061636F6E733A202564004A6F696E20618C
S21403D4907474656D7074733A202564004E657477F2
S21403D4A06F726B2073746174653A2030782530325E
S21403D4B0580053746F700025732053746F702E20BA
S21403D4C020436C65616E696E672075702E0042722C
S21403D4D06F616463617374696E67207065726D69EA
S21403D4E074206A6F696E0054727573742063656E78
S21403D4F0746572206C696E6B206B65792075706439
S21403D500617465207374617475730025733A2057CC
S21403D51041524E494E473A20736C5F7A696762659B
S21403D520655F7365745F696E697469616C5F736563
S21403D5306375726974795F73746174652066616973
S21403D5406C65642E20436F6E74696E75696E672012
S21403D550776974686F757420696E7374616C6C2078
S21403D560636F64652E004572726F723A20696E733C
S21403D57074616C6C20636F646520736574757020CA
S21403D5806661696C65642E20497320616E20696E3E
S21403D5907374616C6C20636F646520666C6173687A
S21403D5A06564206F6E746F207468652064657669A1
S21403D5B063653F00D0D1D2D3D4D5D6D7D8D9DADB5A
S21403D5C0DCDDDEDF00FFFFFFFFFFFFFFFF005A6922
S21403D5D067426565416C6C69616E63653039002529
S21403D5E0733A2069737375696E67207363616E207F
S21403D5F06F6E202573206368616E6E656C732028DA
S21403D6006D61736B203078253038582900257320D8
S21403D610697320616C726561647920696E2070722B
S21403D6206F67726573730053746172740045786133
S21403D6306D696E696E6720626561636F6E206F6EDB
S21403D640206368616E6E656C202564207769746854
S21403D6502070616E49642030782530345800546851
S21403D660697320626561636F6E206973206E6F74E1
S21403D6702070617274206F6620746865206375720B
S21403D68072656E74206368616E6E656C206D61737F
S21403D6906B2028307825303858292E204765747437
S21403D6A0696E67206E65787420626561636F6E20AD
S21403D6B077686F7365206368616E6E656C20626958
S21403D6C0746D61736B206973207365742E004572E5
S21403D6D0726F723A20257320636F756C64206E6FC9
S21403D6E07420617474656D7074206A6F696E3A2075
S21403D6F0307825303258004E6F20626561636F6E56
S21403D70073206C656674206F6E2063757272656E27
S21403D71074206D61736B2E204D6F76696E6720746F
S21403D7206F206E65787420737461746500257320AA
S21403D7306A6F696E696E6720307825303458206FBB
S21403D7406E206368616E6E656C2025640025732009
S21403D75053746174653A202573004572726F723A8A
S21403D76020257320636F756C64206E6F7420736559
S21403D7707475702073656375726974793A203078AE
S21403D78025303258004572726F723A205363616EC9
S21403D79020636F6D706C6574652068616E646C657C
S21403D7A0722072657475726E656420307825303227
S21403D7B058002573207363616E20636F6D706C650C
S21403D7C074652E20426561636F6E732068656172AF
S21403D7D0643A20256400257320737461636B207399
S21403D7E074617475732030782530325800257320A1
S21403D7F06E6574776F726B206A6F696E65642E0050
S21403D800257320747279696E67206E657874206E4E
S21403D8106574776F726B2E004E6F6E65005363618F
S21403D8206E205072696D617279204368616E6E6511
S21403D8306C7320616E642075736520436F6E666932
S21403D8406775726564204B6579005363616E20507B
S21403D85072696D617279204368616E6E656C7320C0
S21403D860616E642075736520496E7374616C6C20F9
S21403D870436F6465005363616E205072696D617215
S21403D88079204368616E6E656C7320616E64205503
S21403D89073652043656E7472616C697A6564204BA8
S21403D8A06579005363616E205072696D61727920E9
S21403D8B04368616E6E656C7320616E642055736594
S21403D8C0204469737472696275746564204B657964
S21403D8D0005363616E205365636F6E6461727920D3
S21403D8E04368616E6E656C7320616E642075736544
S21403D8F020436F6E66696775726564204B657900B1
S21403D9005363616E205365636F6E6461727920435F
S21403D91068616E6E656C7320616E64207573652036
S21403D920496E7374616C6C20436F64650053636166
S21403D9306E205365636F6E64617279204368616E0F
S21403D9406E656C7320616E64205573652043656E47
S21403D9507472616C697A6564204B65790053636100
S21403D9606E205365636F6E64617279204368616EDF
S21403D9706E656C7320616E6420557365204469730D
S21403D9807472696275746564204B657900536361CC
S21403D9906E205072696D617279204368616E6E65A0
S21403D9A06C7320616E642055736520416C6C204B4C
S21403D9B06579732028696E7374616C6C20636F6479
S21403D9C0652C2063656E7472616C697A65642C20BD
S21403D9D0646973747269627574656429005363615C
S21403D9E06E205365636F6E64617279204368616E5F
S21403D9F06E656C7320616E642055736520416C6C94
S21403DA00204B6579732028696E7374616C6C206390
S21403DA106F64652C2063656E7472616C697A6564E5
S21403DA202C20646973747269627574656429004F87
S21403DA306E2F4F6666207365742076616C75653A43
S21403DA4020253032582025303258004552523A208D
S21403DA5072656164696E67206F6E2F6F6666202538
S21403DA60303258004F6E2F6F666620616C726561A8
S21403DA7064792073657420746F206E6577207661F1
S21403DA806C756500546F67676C65206F6E2F6F66E5
S21403DA90662066726F6D202530325820746F2025FD
S21403DAA0303258004552523A2077726974696E676D
S21403DAB0206F6E2F6F6666202530325800496E73CE
S21403DAC074616C6C656420547970652028426173B8
S21403DAD065293A202030782530325800436170613A
S21403DAE062696C69746965733A20202020202020BF
S21403DAF02020202030782530345800426F6F746C15
S21403DB006F616465722056657273696F6E3A202082
S21403DB1020202030782530345800536563757265AD
S21403DB2020426F6F746C6F61646572204B65793A3F
S21403DB3020202020202000426F6F746C6F61646980
S21403DB406E67206661696C65642100446F776E6C4E
S21403DB506F6164206661696C65642E0044656C655C
S21403DB6074696E67206661696C656420646F776E9E
S21403DB706C6F61642C207374617475733A2030780B
S21403DB802530325800496D61676520646F657320E0
S21403DB906E6F7420636F6E7461696E20616E2055BC
S21403DBA070677261646520496D61676520546167BB
S21403DBB02028307825303458292E20536B6970700E
S21403DBC0696E6720757067726164652E00457865B7
S21403DBD0637574696E6720626F6F746C6F6164201F
S21403DBE063616C6C6261636B2E005374617274695B
S21403DBF06E672045424C2076657269666963617478
S21403DC00696F6E0045424C206661696C65642076D8
S21403DC106572696669636174696F6E2E0045424C6E
S21403DC2020706173736564207665726966696361E3
S21403DC3074696F6E2E002573696E67204F544120FA
S21403DC40636C69656E74207374617465206D6163BB
S21403DC5068696E650073746F7070004572726F72D8
S21403DC603A204E6F20696D61676520617420696E86
S21403DC70646578202564004E6F7420737570706F2A
S21403DC80727465642E00436C69656E7420696D61F9
S21403DC90676520717565727920696E666F004D61E0
S21403DCA06E75662049443A2020202020202020201C
S21403DCB030782530345800496D6167652054797093
S21403DCC0652049443A2020202030782530345800F7
S21403DCD043757272656E742056657273696F6E3A19
S21403DCE02020307825303858004861726477617296
S21403DCF0652056657273696F6E3A20004E41005177
S21403DD00756572792044656C6179206D733A2020BD
S21403DD1020202020202020202020256C640053650E
S21403DD207276657220446973636F766572792044F0
S21403DD30656C6179206D733A20256C6400446F77B7
S21403DD406E6C6F61642044656C6179206D733A2054
S21403DD502020202020202020256C640052756E2071
S21403DD60557067726164652044656C6179206D73D4
S21403DD703A202020202020256C64005665726966B0
S21403DD80792044656C6179206D733A202020202029
S21403DD90202020202020256C6400446F776E6C6F53
S21403DDA06164204572726F72205468726573686F7F
S21403DDB06C643A20202564005570677261646520A0
S21403DDC057616974205468726573686F6C643A208F
S21403DDD02020202564004F544120446F776E6772DD
S21403DDE0616465733A2044697361626C6564004FCD
S21403DDF0544120446F776E6772616465733A2045B9
S21403DE006E61626C656400426F6F746C6F61642050
S21403DE1073746174653A20257300496E76616C6984
S21403DE2064204550202564207768656E20747279D7
S21403DE30696E6720746F2073656E64204F544120AB
S21403DE406D6573736167652E0053656E64696E67EF
S21403DE50205570677261646520456E642072657133
S21403DE60756573742E0025733A20696E76616C6946
S21403DE706420636D64496420307825303258004549
S21403DE8072726F723A20204661696C656420746F03
S21403DE902073656E64204F544120636F6D6D616E11
S21403DEA064203078253032582C207374617475736F
S21403DEB03A203078253032580053657276657220E2
S21403DEC0756E6B6E6F776E2C2066616C6C696E6711
S21403DED0206261636B20746F20646973636F766579
S21403DEE072792E004D6178696D756D207175657256
S21403DEF079206572726F72732068697420282564AE
S21403DF00292C207374617274696E6720736561725D
S21403DF10636820666F72206E6577204F54412073C6
S21403DF2065727665722E0A004170706C79696E6749
S21403DF3020757067726164650025733A20696E7692
S21403DF40616C6964206F66667365742063757272AC
S21403DF50656E7454696D65283078253038582920E5
S21403DF603E207570677261646554696D6528307804
S21403DF702530385829004F544120436C7573746517
S21403DF80723A207761697420666F72202564207365
S21403DF9000525865642074696D654F757420307837
S21403DFA02530385820732C204D41582074696D65F0
S21403DFB04F7574203078253038582073004D6178BB
S21403DFC0696D756D20757067726164652072657121
S21403DFD07565737473206D61646520282564292034
S21403DFE0776974686F757420726573706F6E736586
S21403DFF02066726F6D207365727665722E0055709B
S21403E00067726164696E6720616E79776179004F24
S21403E0105441205365727669636520646973636F40
S21403E020766572792070726576656E746564202DE8
S21403E03020616E6F7468657220697320616C726507
S21403E04061647920696E2070726F677265737300FE
S21403E0504661696C656420746F20696E69746961D2
S21403E0607465207365727669636520646973636F8C
S21403E070766572792E004F54412053657276696334
S21403E0806520446973636F7665727920696E2070C4
S21403E090726F677265737300436C69656E7420767E
S21403E0A06572696669636174696F6E206661696C1F
S21403E0B065642E005369676E6174757265004375F7
S21403E0C073746F6D00706173736564004641494CE9
S21403E0D04544004E6F207369676E617475726520E0
S21403E0E0766572696669636174696F6E20737570AD
S21403E0F0706F72742C20617373756D696E67206917
S21403E1006D616765206973206F6B61792E002573D7
S21403E11020766572696669636174696F6E2025731C
S21403E1203A20307825303258004D6178696D756D28
S21403E130206E756D626572206F6620646F776E6CF5
S21403E1406F6164206572726F7273207265616368B3
S21403E15020282564292C2061626F7274696E672EED
S21403E160004F544120436C75737465723A2073658F
S21403E1707474696E67204945454520616464726519
S21403E1807373206F66204F544120636C75737465F8
S21403E19072005061727469616C2066696C652064F4
S21403E1A06F776E6C6F616420666F756E642C206388
S21403E1B06F6E74696E75696E672066726F6D206F19
S21403E1C066667365742030782530385800466F7558
S21403E1D06E642066756C6C7920646F776E6C6F6105
S21403E1E06465642066696C6520696E2073746F725B
S21403E1F0616765202876657273696F6E20307825AF
S21403E200303858292E00466F756E642066696C6533
S21403E21020696E2073746F7261676520776974680E
S21403E22020646966666572656E74207665727369C6
S21403E2306F6E202830782530385829207468616E30
S21403E2402063757272656E742076657273696F6E7D
S21403E2502028307825303858290046696C652069AF
S21403E2606E2073746F726167652069732073616DC6
S21403E270652061732063757272656E742072756EA5
S21403E2806E696E672076657273696F6E20283078C4
S21403E2902530385829004E6F20696D616765206602
S21403E2A06F756E6420696E2073746F726167652E76
S21403E2B0004F544120536572766963652044697341
S21403E2C0636F7665727920756E626C6F636B6564D7
S21403E2D00049676E6F72696E672073657276657242
S21403E2E02066726F6D206C6F6F706261636B206166
S21403E2F06464726573730049676E6F72696E672034
S21403E300307825303458204F544120736572766533
S21403E3107220696E20736561726368206F6620548D
S21403E320430053657474696E67204F5441205365E8
S21403E3307276657220746F20307825303458004426
S21403E340656C6179696E67202564207365636F6EFB
S21403E3506473206265666F72652073746172746994
S21403E3606E67204F544120636C69656E7400546970
S21403E3706D656F75742077616974696E6720666F63
S21403E38072206D6573736167652E00426164204F6A
S21403E390544120636F6D6D616E643A20307825308A
S21403E3A03258004F544120636F6D6D616E642030A8
S21403E3B0782530325820746F6F2073686F7274201C
S21403E3C0286C656E202564203C206D696E202564CC
S21403E3D029004F544120636F6D6D616E6420667231
S21403E3E06F6D20756E7265636F676E697A656420FC
S21403E3F0736572766572203078253034582E202067
S21403E4004D79204F5441207365727665723A2030F9
S21403E410782530345800496D616765204E6F7469FE
S21403E420667900476F7420756E65787065637465EA
S21403E430642025732E2020537461727420646973DC
S21403E440636F766572792E0064656661756C740019
S21403E4504F54413A206661696C656420746F20737B
S21403E460656E6420257320726573706F6E73653AEC
S21403E4702030782530325800496D616765206E6F0D
S21403E4807469667900476F7420756E657870656386
S21403E4907465642025732E202049676E6F72656449
S21403E4A02E004F54413A2044656661756C742072A1
S21403E4B06573706F6E736520666F7220496D616752
S21403E4C065206E6F746966792C2073746174757336
S21403E4D02030782530325800496D616765206E6FAD
S21403E4E07469667920636F6D6D616E6400257320B1
S21403E4F0756E69636173742C207175657279696EC4
S21403E5006700496E76616C69640025732025732065
S21403E5107061796C6F61642074797065203078253A
S21403E5203032580025732025733A206F7574206F98
S21403E530662072616E6765206A6974746572202549
S21403E540640025732025733A207061796C6F6164CB
S21403E550206C656E67746820646F65736E2774201D
S21403E5606D61746368207479706520307825303265
S21403E5705820282564203C2025642900257320255F
S21403E580732064756520746F206E6F6E2D6D6174D5
S21403E5906368696E67206D616E7566616374757214
S21403E5A06572204944002573202573206475652011
S21403E5B0746F206E6F6E2D6D61746368696E67206D
S21403E5C0696D616765207479706520494400257319
S21403E5D02025732064756520746F206D61746368ED
S21403E5E0696E67206669726D7761726520766572FB
S21403E5F073696F6E0025732025732C205278276469
S21403E600204A697474657220283078253032582978
S21403E6102C205069636B6564204A697474657220A4
S21403E6202830782530325829005175657279206E66
S21403E63065787420696D61676520726573706F6EA7
S21403E64073650025732072657475726E6564203079
S21403E65078253032582E20204E6F206E657720693D
S21403E6606D61676520746F20646F776E6C6F61648D
S21403E6702E00257320746F6F2073686F72742028C2
S21403E6802564203C202564290025733A204E6577AF
S21403E69020696D61676520697320617661696C61C5
S21403E6A0626C6520666F7220646F776E6C6F616450
S21403E6B02E002573206973206E6F74207573696E40
S21403E6C067206D7920696D61676520696E666F2EB8
S21403E6D0004552524F523A204E65787420496D6178
S21403E6E0676520697320746F6F2062696720746F93
S21403E6F02073746F72652028307825303858203E92
S21403E70020307825303858290025732072657475B3
S21403E710726E65642073616D652046696C65566527
S21403E7207273696F6E2061732063757272656E749F
S21403E7306C7920696E7374616C6C65642E004F543B
S21403E7404120446F776E6772616465732044697312
S21403E75061626C65643A2046696C655665727369D6
S21403E7606F6E20626568696E642063757272656E8B
S21403E7707420696E7374616C6C6174696F6E005398
S21403E78074617274696E6720646F776E6C6F616410
S21403E7902C2056657273696F6E2030782530385892
S21403E7A0004572726F723A204661696C6564207424
S21403E7B06F2064656C65746520696D6167652E00FE
S21403E7C04572726F723A204661696C656420746F95
S21403E7D0206572617365206F6C642074656D7020AC
S21403E7E0646174612E00496D61676520626C6F63B6
S21403E7F06B20726573706F6E7365004F54413A20D9
S21403E800496D616765426C6F636B5265706F6E73BB
S21403E8106520636F6E7461696E7320696E76616CD2
S21403E8206964206F7220696E636F6D706C657465C2
S21403E8302064617461005570646174696E67204D6D
S21403E840696E20426C6F636B2052657175657374D5
S21403E85020506572696F6420746F202564206D7381
S21403E86000446F776E6C6F61642064656C61792019
S21403E870627920736572766572202564206D730055
S21403E880446F776E6C6F61642061626F7274656447
S21403E890206279207365727665722E0053657276F0
S21403E8A0657220646F65736E277420737570706F5E
S21403E8B07274207061676520726571756573742C58
S21403E8C0206F6E6C79207573696E6720626C6F6358
S21403E8D06B20726571756573742E00536572766569
S21403E8E0722072657475726E65642027756E737513
S21403E8F070706F7274656420636C757374657220D0
S21403E900636F6D6D616E64272E00556E6B6E6F7749
S21403E9106E2025732073746174757320636F64654A
S21403E92020307825303258002573206861732064C0
S21403E9306174612073697A65202825642920736DC4
S21403E940616C6C6572207468616E206163747561B6
S21403E9506C207061636B65742073697A6520282563
S21403E96064292E002573206572726F723A204578EB
S21403E970706563746564206F6666736574203078AB
S21403E980253038582C2062757420676F74203078D1
S21403E990253038582E202049676E6F72696E6700DF
S21403E9A0257320696E666F20646964206E6F742019
S21403E9B06D61746368206D7920657870656374652E
S21403E9C06420696E666F2E202044726F7070696EC5
S21403E9D0672E004661696C656420746F20777269E0
S21403E9E0746520746F2073746F7261676520646545
S21403E9F0766963652100446F776E6C6F61640055BA
S21403EA0070677261646520656E6420726573706FEB
S21403EA106E7365005365727665722061626F7274F9
S21403EA20656420757067726164652C207374617405
S21403EA3075733A20307825303258004572726F72FB
S21403EA403A2025732068616420696E76616C696478
S21403EA502025733A200066696C65207665727369B3
S21403EA606F6E00416464696E67202564206D732EA3
S21403EA702064656C617920666F7220696D6D6564CC
S21403EA806961746520757067726164652E00436FF3
S21403EA90756E74646F776E20746F2075706772611D
S21403EAA064653A202564206D730020537461746591
S21403EAB03A2020202573002057616974696E672009
S21403EAC0666F7220726573706F6E73653A20257376
S21403EAD000204E657874204576656E742054696D03
S21403EAE065723A202564206D730020437572726543
S21403EAF06E7420446F776E6C6F6164204F66667326
S21403EB0065743A2030782530385820282564252522
S21403EB10290025733A206661696C6564207061720A
S21403EB2073696E67204F544120636D6420307825E7
S21403EB30303258004F54412044656661756C74202A
S21403EB40726573706F6E736520746F20636F6D6D7F
S21403EB50616E64204944203078253032582C207367
S21403EB6074617475732030782530325800496D61AE
S21403EB70676520626C6F636B20726571756573746D
S21403EB802074657374206F6E6C7920776F726B7365
S21403EB90207768656E2073746174652069732042FC
S21403EBA04F4F544C4F41445F53544154455F4E4F6F
S21403EBB04E450052616E646F6D2044656C6179202A
S21403EBC06265666F7265207374617274004469735C
S21403EBD0636F766572696E67204F54412053657282
S21403EBE076657200476574204F54412053657276EC
S21403EBF0657220455549004F627461696E206C69E1
S21403EC006E6B206B6579005175657279696E672046
S21403EC104E65787420496D61676500446F776E6C46
S21403EC206F6164696E6720496D616765005665723A
S21403EC30696679696E6720496D6167650057616922
S21403EC4074696E6720666F722055706772616465BB
S21403EC50206D65737361676500436F756E74646FCB
S21403EC60776E20746F205570677261646500576114
S21403EC706974696E6720746F207570677261646566
S21403EC8020766961206F75742D6F662D62616E64E0
S21403EC90206D656368616E69736D0025733A202580
S21403ECA064252520636F6D706C65746500496D611E
S21403ECB067652025640020204552524F523A204370
S21403ECC06F756C64206E6F74206765742066756C50
S21403ECD06C20686561646572210020204865616464
S21403ECE065722056657273696F6E3A2030782530E8
S21403ECF03458002020486561646572204C656E6751
S21403ED0074683A2020256420627974657300202095
S21403ED104669656C6420436F6E74726F6C3A20208C
S21403ED203078253034580020204D616E75662049B2
S21403ED30443A2020202020202030782530345800E4
S21403ED402020496D61676520547970653A2020203C
S21403ED502020307825303458002020566572736999
S21403ED606F6E3A202020202020202030782530384F
S21403ED70580020205A696762656520566572736974
S21403ED806F6E3A203078253034580020204865616D
S21403ED9064657220537472696E673A202025730087
S21403EDA02020496D6167652053697A653A202020E3
S21403EDB02020256C642062797465730020205365D7
S21403EDC063757269747920437265643A20203078DB
S21403EDD025303258002020557067726164652044E0
S21403EDE06573743A2020200020204D696E2E20483B
S21403EDF057205665723A2020202030782530345824
S21403EE000020204D61782E204857205665723A2000
S21403EE10202020307825303458002020546F746129
S21403EE206C20546167733A20256400202020205408
S21403EE3061673A203078253034580020202020207F
S21403EE40204C656E6774683A20256C6400457272C0
S21403EE506F723A20436F756C64206E6F74206F6216
S21403EE607461696E2074616720696E666F206672CE
S21403EE706F6D20696D6167652E000A256420696DD4
S21403EE806167657320696E204F54412073746F72F7
S21403EE906167652E00496D6167652064656C6574FE
S21403EEA06525732E004572726F723A2020436F7584
S21403EEB06C64206E6F74207265616420626C6F638D
S21403EEC06B3A203078253032582E0A00537461721C
S21403EED074696E672065726173652066726F6D2054
S21403EEE06F66667365742030782530385820746FE3
S21403EEF02030782530385800436F756C64206E6F69
S21403EF00742073746172742045524153452120283E
S21403EF103078253032582900454550524F4D20450C
S21403EF207261736520636F6D706C657465002F681E
S21403EF306F6D652F72756E6E65722F776F726B2F9E
S21403EF40747579612D7A69676265652D737769745F
S21403EF5063682F747579612D7A69676265652D73A9
S21403EF6077697463682F73696C6162735F746F6F1C
S21403EF706C732F73696D706C69636974795F7364FE
S21403EF806B2F70726F746F636F6C2F7A696762652D
S21403EF90652F6170702F6672616D65776F726B2F68
S21403EFA0706C7567696E2F6F74612D73746F726101
S21403EFB067652D73696D706C652D656570726F6D11
S21403EFC02F6F74612D73746F726167652D6565703D
S21403EFD0726F6D2D706167652D65726173652E6343
S21403EFE0002F686F6D652F72756E6E65722F776F63
S21403EFF0726B2F747579612D7A69676265652D73F7
S21403F00077697463682F747579612D7A69676265A9
S21403F010652D7377697463682F73696C6162735FB8
S21403F020746F6F6C732F73696D706C696369747931
S21403F0305F73646B2F70726F746F636F6C2F7A6974
S21403F040676265652F6170702F6672616D65776F95
S21403F050726B2F706C7567696E2F6F74612D737486
S21403F0606F726167652D73696D706C652D6565706C
S21403F070726F6D2F6F74612D73746F726167652D78
S21403F080656570726F6D2E63004F54412053696D32
S21403F090706C652053746F726167652045455052E6
S21403F0A04F4D207761726E696E673A20636F756C99
S21403F0B064206E6F742067657420736C6F742069A8
S21403F0C06E666F20666F7220736C6F7420256420E3
S21403F0D0286572726F7220307825303258292E20B8
S21403F0E044656661756C74696E6720746F2073700F
S21403F0F06563696669656420616464726573732019
S21403F1006F6666736574730053746F726167652008
S21403F1104472697665723A20202020202020202021
S21403F120202020204F54412053696D706C65205376
S21403F130746F7261676520454550524F4D20506C81
S21403F1407567696E0052656164204D6F6469667900
S21403F15020577269746520537570706F72743A2005
S21403F160206E6F00534F4320426F6F746C6F616461
S21403F170696E6720537570706F72743A2020202072
S21403F18079657300426F6F746C6F616465722053A8
S21403F190746F7261676520537570706F72743A206E
S21403F1A055736520666972737420736C6F740053AD
S21403F1B06C6F7420746F207573653A2020202020AE
S21403F1C02020202020202020202020256400437596
S21403F1D07272656E7420446F776E6C6F6164204F35
S21403F1E066667365743A20202020307825303858B8
S21403F1F00045424C205374617274204F66667365F3
S21403F200743A20202020202020202020203078251B
S21403F21030385800454550524F4D20537461727430
S21403F2203A202020202020202020202020202020BC
S21403F23030782530385800454550524F4D20456E9E
S21403F240643A202020202020202020202020202058
S21403F25020202030782530385800496D61676520B6
S21403F260496E666F2053746172743A202020202002
S21403F270202020202020307825303858005361760F
S21403F280652052617465202862797465732920208D
S21403F29020202020202020202030782530385800B9
S21403F2A04F6666736574206F6620646F776E6C6F47
S21403F2B06164206F6666736574202020307825307D
S21403F2C03858004F6666736574206F662045424C57
S21403F2D0206F66667365743A202020202020203035
S21403F2E07825303858004F6666736574206F66203D
S21403F2F0696D6167652073746172743A20202020FB
S21403F300202030782530385800736C5F7A6967623E
S21403F31065655F61665F6F74615F73746F72616763
S21403F320655F6472697665725F726561645F636266
S21403F3302829206661696C65642100426164206D3A
S21403F34061676963206E756D62657220696E2066FB
S21403F350696C653A2030782530325820307825306D
S21403F36032582030782530325820307825303258BD
S21403F370004261642076657273696F6E20696E2041
S21403F38066696C6520307825303458004572726F94
S21403F390723A2072656164416E6456616C69646199
S21403F3A0746553746F726564496D616765282920B7
S21403F3B0747269656420746F2072656164206D6F72
S21403F3C072652064617461207468616E20697420BC
S21403F3D0636F756C6420686F6C642E00736C5F7A61
S21403F3E069676265655F61665F6F74615F73746F9B
S21403F3F0726167655F6472697665725F7265616480
S21403F4005F63622829204641494C454421004C61EC
S21403F4107374206F666673657420646F776E6C6FA3
S21403F420616465643A203078253038580053746F29
S21403F43072616765204D6F64756C653A204F544161
S21403F4402053696D706C652053746F726167652015
S21403F450506C7567696E00496D61676573205374F8
S21403F4606F7265643A20202564206F6620310A0097
S21403F470253032583A006570202530325820636CA8
S21403F4807573202530345820617474722025303407
S21403F490582073767220256300206D66672025301A
S21403F4A0325800207265706F7274206D696E202565
S21403F4B0303458206D6178202530345820727074AB
S21403F4C02D636867202530385800207265636569A8
S21403F4D076652066726F6D2025303458206570205F
S21403F4E0253032582074696D656F75742025303465
S21403F4F05800636C6561720072656D6F76650063B4
S21403F5006C656172696E67206C61737420726570D6
S21403F5106F72742074696D65206F6620616C6C2051
S21403F5206174747269627574657300746573746963
S21403F5306E672074696D696E67206F6620766172E8
S21403F540696F7573207265706F7274696E67206F6A
S21403F5507065726174696F6E73002D2D2D2D2D2DC0
S21403F5602D2D2D2D2D2D2D2D2D2D2D2D2D2D2D2DC3
S21403F5702D2D2D2D2D2D2D2D2D2D2D2D2D2D2D2DB3
S21403F5802D2D2D2D2D2D2D2D2D002D2D7461626CE1
S21403F59065207265616473202D2066756C6C20741B
S21403F5A061626C652D2D00726573756C74203D2049
S21403F5B02564206D73002D2D696E6974202F2073CA
S21403F5C063686564756C65207469636B2D2D2D0007
S21403F5D02D2D6C6F616420636F6E6669677572614B
S21403F5E074696F6E2064656661756C74732D2D0087
S21403F5F02F686F6D652F72756E6E65722F776F72DB
S21403F6006B2F747579612D7A69676265652D7377DB
S21403F610697463682F747579612D7A6967626565A5
S21403F6202D7377697463682F73696C6162735F7493
S21403F6306F6F6C732F73696D706C69636974795F30
S21403F64073646B2F70726F746F636F6C2F7A696756
S21403F6506265652F6170702F6672616D65776F7274
S21403F6606B2F706C7567696E2F7265706F72746935
S21403F6706E672F7265706F7274696E672E630052C1
S21403F6804541445F5250545F434647007265616488
S21403F6905F7265706F7274696E675F636F6E6669BB
S21403F6A06775726174696F6E005265706F72746904
S21403F6B06E673A206661696C656420746F207365B3
S21403F6C06E6420257320726573706F6E73653A20BF
S21403F6D0307825303258004552523A2072656164BC
S21403F6E0696E6720636C7573746572203078253095
S21403F6F03458206174747269627574652030782595
S21403F7003034583A20307825303258004552523A31
S21403F710207265706F7274696E67206F66204C4F37
S21403F7204E4720737472696E6720617474726962DF
S21403F7307574652074797065206E6F7420737570A8
S21403F740706F727465643A20636C757374657220A7
S21403F7503078253034582061747472696275746524
S21403F76020307825303458005265706F7274696E95
S21403F7706720456E7472792046756C6C202D206365
S21403F78072656174696E67206E6577207265706F47
S21403F7907274004346475F52505400202D2064691C
S21403F7A072656374696F6E3A253032582C20617423
S21403F7B074723A2530345800202020747970653AE4
S21403F7C0253032582C206D696E3A253034582C205B
S21403F7D06D61783A25303458002020206368616EC6
S21403F7E067653A0020202074696D656F75743A2545
S21403F7F030345800636F6E6669677572655F72654D
S21403F800706F7274696E67002054434C4B2075709A
S21403F8106461746520616C726561647920696E2029
S21403F82070726F6772657373004D616E75616C20DD
S21403F83054434C4B20757064617465206661696C33
S21403F84065642E2573005374617274696E67207540
S21403F85070646174652074727573742063656E7466
S21403F8606572206C696E6B206B65792070726F63AE
S21403F87065737300557064617465205443204C6946
S21403F8806E6B204B657900204E6577206B6579207B
S21403F89065737461626C69736865643A00204572C7
S21403F8A0726F723A00506172746E65723A20005A33
S21403F8B0434C20676C6F62616C20636C7573746570
S21403F8C07220636F6D6D616E647300646972656345
S21403F8D074696F6E00646973632D636F6D2D67655E
S21403F8E06E00646973632D636F6D2D7265630065C7
S21403F8F078706563742D7265706F72742D66726F9F
S21403F9006D2D6D6500757772697465006E77726923
S21403F9107465007265706F72742D7265616400732E
S21403F920656E642D6D652D612D7265706F72740042
S21403F93043726561746573206120676C6F62616CE6
S21403F94020646973636F76657220636F6D6D616E95
S21403F9506420666F7220746865206173736F6369D1
S21403F960617465642076616C7565732E00636C75CF
S21403F9707374657249641F61747472696275746521
S21403F98049641F6D61784E756D626572546F52657A
S21403F990706F72741F004372656174657320612013
S21403F9A0676C6F62616C2073656E64206D652061A1
S21403F9B0207265706F727420636F6D6D616E642064
S21403F9C0666F7220746865206173736F6369617410
S21403F9D065642076616C7565732E00636C7573744D
S21403F9E0657249641F6174747269627574654964EB
S21403F9F01F64617461547970651F6D696E5265701A
S21403FA006F727454696D651F6D61785265706F729D
S21403FA107454696D651F7265706F727461626C658C
S21403FA204368616E67651F00437265617465732082
S21403FA306120676C6F62616C207265616420726519
S21403FA40706F7274696E6720636F6D6D616E64208C
S21403FA50666F7220746865206173736F636961747F
S21403FA60656420636C75737465722C20617474729C
S21403FA70696275746520616E64207365727665725B
S21403FA802F636C69656E7420646972656374696F4D
S21403FA906E2E00636C757374657249641F617474AB
S21403FAA072696275746549641F6469726563746913
S21403FAB06F6E1F00476C6F62616C207265706F72A9
S21403FAC074696E6720636F6D6D616E6400656E6446
S21403FAD0706F696E741F636C757374657249641F07
S21403FAE061747472696275746549641F6D61736BC2
S21403FAF01F0043726561746573206120676C6F62D3
S21403FB00616C207265616420636F6D6D616E642045
S21403FB106D65737361676520746F20726561642019
S21403FB2066726F6D2074686520636C757374657296
S21403FB3020616E64206174747269627574652073E3
S21403FB4070656369666965642E00636C75737465B6
S21403FB507249641F61747472696275746549641FBF
S21403FB600043726561746573206120676C6F626120
S21403FB706C20777269746520636F6D6D616E6420A7
S21403FB806D65737361676520746F2077726974653A
S21403FB9020746F2074686520636C757374657220B7
S21403FBA0616E642061747472696275746520737023
S21403FBB06563696669656400636C75737465724929
S21403FBC0641F61747472696275746549641F74791D
S21403FBD070651F646174611F0043726561746520FC
S21403FBE061206578706563742D7265706F72742D0D
S21403FBF066726F6D2D6D65206D6573736167652025
S21403FC0077697468206173736F63696174656420D0
S21403FC1076616C7565732E00636C757374657249D3
S21403FC20641F61747472696275746549641F7469CC
S21403FC306D656F75741F004372656174652061207E
S21403FC40446973636F76657220436F6D6D616E648E
S21403FC50732047656E65726174656420636F6D6DAE
S21403FC60616E642077697468206173736F6369617A
S21403FC707465642076616C7565732E00636C7573AA
S21403FC8074657249641F7374617274436F6D6D613A
S21403FC906E6449641F6D6178436F6D6D616E644970
S21403FCA0641F005365747320746865206469726505
S21403FCB06374696F6E20666F7220676C6F62616C27
S21403FCC020636F6D6D616E64732C2065697468655F
S21403FCD07220636C69656E7420746F207365727628
S21403FCE06572206F722073657276657220746F205A
S21403FCF0636C69656E742E005365747320612066A9
S21403FD006C616720736F2074686174207468652063
S21403FD106170706C69636174696F6E206672616D81
S21403FD2065776F726B2057494C4C204E4F542072A8
S21403FD306573706F6E6420746F20746865206E65DB
S21403FD407874205A434C206D65737361676520741D
S21403FD5068617420636F6D657320696E206F7665C6
S21403FD607220746865206169722E0053657473206F
S21403FD706120666C616720736F20746861742074F9
S21403FD806865206170706C69636174696F6E206664
S21403FD9072616D65776F726B2057494C4C207265A4
S21403FDA073706F6E6420746F20746865206E657858
S21403FDB074205A434C206D657373616765207468BD
S21403FDC0617420636F6D657320696E206F7665724C
S21403FDD020746865206169722E00536574732074FD
S21403FDE068652044697361626C6520446566617565
S21403FDF06C7420526573706F6E7365204672616D06
S21403FE006520436F6E74726F6C2062697420746F22
S21403FE102075736520666F7220746865206E65783A
S21403FE207420636F6D6D616E642069662074686507
S21403FE3020636F6D6D616E64206973206E6F74202E
S21403FE40616C7265616479206275696C742E0064F6
S21403FE50697361626C6544656661756C745265733B
S21403FE60706F6E73651F0053657473207468652026
S21403FE70666C616720746F207573652074686520EF
S21403FE80696E6372656D656E7465642073657175FE
S21403FE90656E6365206E756D6265722066726F6D42
S21403FEA020746865206672616D65776F726B206675
S21403FEB06F7220746865206E65787420726177208F
S21403FEC0636F6D6D616E642E007573654E65787431
S21403FED053657175656E63651F00436C6920636FB8
S21403FEE06D6D616E6420746F2063616C6C20736C3F
S21403FEF05F7A69676265655F61665F7365745F7481
S21403FF00696D652066756E6374696F6E20646F63D2
S21403FF10756D656E74656420696E2061662E680073
S21403FF2075746354696D651F005365747320746834
S21403FF30652074776F2062797465206D616E7566CF
S21403FF40616374757265722073706563696669634D
S21403FF50206964656E74696669657220746F2075BE
S21403FF60736520666F7220746865206E65787420EA
S21403FF70636F6D6D616E64206966207468652063C7
S21403FF806F6D6D616E64206973206E6F7420616C93
S21403FF907265616479206275696C742E006D66679C
S21403FFA0537065636966696349641F006E6F7420E6
S21403FFB000534C5F5354415455535F4E4554574F6B
S21403FFC0524B5F55502030782530345800547275A4
S21403FFD073742043656E74657220455549206861C5
S21403FFE0732025736368616E6765642E00534C5FE8
S21403FFF05354415455535F4E4554574F524B5F44E9
S2140400004F574E00534C5F5354415455535F4E4F15
S214040010545F4A4F494E454400534C5F5354415431
S21404002055535F5A49474245455F4E4554574F52CC
S2140400304B5F4F50454E45443A2025642073656314
S21404004000534C5F5354415455535F5A49474245F5
S214040050455F4E4554574F524B5F434C4F534544B0
S2140400600025733A20257300646973747269627597
S2140400707465640063656E7472616C697A656400A5
S214040080466F726D002573696E67206F6E20636815
S2140400902025642C2070616E496420307825303425
S2140400A058004572726F723A20446576696365201B
S2140400B0646F6573206E6F7420737570706F7274DE
S2140400C0202573206E6574776F726B20666F726D71
S2140400D06174696F6E004A6F696E00496E76616C72
S2140400E069642053656375726974792050726F660B
S2140400F0696C653A2030782530325800704A6F694A
S2140401006E20666F72202564207365633A2030780B
S21404011025303258004C696D6974696E67206475C1
S214040120726174696F6E206F66207065726D697493
S214040130206A6F696E2066726F6D20666F726576D0
S214040140657220283235352920746F203235340004
S21404015052583A205A444F2C20636F6D6D616E647A
S214040160203078253034582C207374617475733AB3
S214040170203078253032580053696D706C65005213
S214040180583A2025732044657363205265737000C3
S2140401904D61746368002C204D6174636865733A1E
S2140401A02025640044657669636520416E6E6F752C
S2140401B06E63653A203078253034580052583A2019
S2140401C049454545204164647265737320526573DE
S2140401D0706F6E73650052583A2041637469766591
S2140401E020455020526573706F6E73652C20436FE4
S2140401F0756E743A202564004E6F6465002C204D9D
S2140402006174636865733A20307825303458007317
S2140402107461636B207665722E205B25642E2564DC
S2140402202E256400202573206275696C642025647D
S2140402305D005A444F00534500484100436C7573B3
S21404024074657200476C6F62616C00257374782065
S2140402503078253038582C200050726F66696C65EB
S2140402603A2025732028307825303458292C20430A
S2140402706C75737465723A203078253034582C20A7
S21404028025642062797465732C00205A434C20251B
S2140402907320436D642049443A20256400507265F7
S2140402A02D52656C6561736500416C706861203120
S2140402B000416C706861203200416C7068612033C4
S2140402C00042657461203100426574612032004248
S2140402D06574612033004741005265736574206974
S2140402E06E666F3A203078253032582028257329D8
S2140402F00064656C6574652062696E64696E673A4D
S21404030020253032582025303258000102030405D7
S214040310060708090A0B0C0001010101010101018D
S21404032001010101005752495445204552523A20D2
S2140403300025736570202530325820636C75732051
S2140403402530345820617474722025303458206E59
S2140403506F7420737570706F7274656400257369AA
S2140403606E76616C6964206461746120747970656A
S21404037000257361747472206E6F742077726974CA
S21404038061626C650057524954453A206E6F207777
S214040390726974652C206A757374206120746573A1
S2140403A07400524541443A206174747269627574EB
S2140403B0652073697A6520746F6F206C6172676557
S2140403C020666F722063616C6C657200636C6E7479
S2140403D0007372767200525700524F00202052412A
S2140403E04D20200020746F6B656E20006578746560
S2140403F0726E2000454E44504F494E5420253032EC
S2140404005800636C7573202F2073696465202F2051
S21404041061747472202F206D666720202F747970A3
S21404042065286C656E292F207277202F2073746FD1
S21404043072616765202F2064617461202872617779
S214040440290025303458202F202573202F202530CE
S2140404503458202F2000202F2025303258202825DD
S21404046030325829202F202573202F202573202F43
S2140404702000556E737570706F72746564004F5407
S2140404804120524541443A2065703A25303258207E
S2140404906369643A253034582061747469643A2573
S2140404A0303458206D736B3A25303258206D6663AD
S2140404B06F64653A2530345800524541443A206307
S2140404C06C757320253034582C2061747472202582
S2140404D0303458206661696C6564202530325800D3
S2140404E0524541443A20636C757320253034582CA9
S2140404F0206174747220253034582C206461746131
S2140405004C656E3A20253032582C204F4B00282557
S2140405106329253032582530325825303258253054
S2140405203258253032582530325825303258253046
S21404053032580064697361626C65002573642C200C
S21404054064726F7070696E6720657020307825302D
S214040550325820636C757320307825303458206305
S2140405606D64203078253032580047656E657261B8
S21404057074656400526563656976656400446973EE
S214040580636F76657220436F6D6D616E647320725F
S2140405906573706F6E73652028636F6D706C657419
S2140405A0653A202563292C202573204944733A2074
S2140405B00030782530325820005F455854005245A4
S2140405C041445F415454520057524954453A2063BB
S2140405D06C7573202530345820617474722025306D
S2140405E0345820004641494C202530325800575292
S2140405F04954453A20746F6F2073686F72740044D0
S2140406004953435F4154545200257325733A20637B
S2140406106C75732025303458005376632044697310
S214040620633A2000257357616974696E67202564F0
S2140406302073656320666F7220646973636F7665E2
S214040640727920746F20636F6D706C6574650053E7
S2140406507461746520636F72726573706F6E64691B
S2140406606E6720746F2074686520746865207265F0
S2140406707175657374206E6F7420666F756E640A88
S214040680002573636F6D706C6574652E0A002573A0
S2140406905365727669636520446973636F76657221
S2140406A079205374617465206C696D697473207263
S2140406B06561636865640A002573496C6C656761E7
S2140406C06C2062726F616463617374206164647227
S2140406D06573732C2072656D617070696E67207423
S2140406E06F2076616C6964206F6E652E00257346F4
S2140406F061696C656420746F2073656E64206D6137
S21404070074636820646973636F766572793A20301F
S21404071078253032580025735374617274696E6795
S21404072020646973636F7665727920666F722063DE
S2140407306C757374657220307825303458002573D0
S2140407404661696C656420746F2073656E642073FB
S214040750696D706C652064657363726970746F721A
S21404076020726571756573743A2030782530325876
S2140407700025734661696C656420746F2073656E2A
S214040780642049454545206164647265737320722C
S2140407906571756573743A203078253032580025B3
S2140407A0734661696C656420746F2073656E64209B
S2140407B04E574B206164647265737320726571755D
S2140407C06573743A20307825303258004572726F5B
S2140407D0723A202573206261642073696D706C65BB
S2140407E02064657363726970746F72206C656E67DB
S2140407F074682E0025734D65737361676520746F86
S2140408006F2073686F72740025734D657373616728
S2140408106520746F6F2073686F727420666F722021
S2140408206E756D2E20656E64706F696E7473002528
S214040830734D61746368257320666F756E642066F5
S214040840726F6D203078253034582E004572726FE2
S214040850723A20257320696E76616C6964206C6533
S2140408606E6774682028256420213D20256429208D
S214040870666F722041637469766520456E64706F96
S214040880696E7420726573706F6E73650025736786
S2140408906F742061637469766520455020726573B1
S2140408A0706F6E7365005554432074696D653A2005
S2140408B025642F25642F25642025643A25643A256B
S2140408C064202825303858290028556E6B6E6F77BB
S2140408D06E20636C75732E205B3078253034585D3B
S2140408E029000D0A54253038583A005258206C65B1
S2140408F06E2025642C20657020253032582C206309
S2140409006C7573203078253034582000206D666767
S2140409104964202530345800204643202530325878
S21404092020736571202530325820636D642025308D
S2140409303258207061796C6F61645B004261736940
S21404094063004F76657220746865204169722042A0
S2140409506F6F746C6F6164696E67002573525820FC
S214040960706B7420746F6F2073686F72743A2025EE
S21404097064203C202564002573525820706B742034
S2140409806D616C666F726D65643A202564203C2048
S21404099025640020204861766520526F7574657260
S2140409A020537570706F7274002020456E64204466
S2140409B06576696365204F6E6C79002020456E610C
S2140409C0626C656400202044697361626C6564002F
S2140409D04572726F722072657472696576696E67A5
S2140409E020696E666F20666F72206C69627261722F
S2140409F079204944202564002573206C696272615D
S214040A00727925732070726573656E74005A69670F
S214040A106265652050726F0042696E64696E670095
S214040A20536563757269747920436F726500536504
S214040A30637572697479204C696E6B204B657973A3
S214040A400043424B45203136334B310043424B453D
S214040A5020445341205369676E0045434300434294
S214040A604B452044534120566572696679005061AF
S214040A70636B65742056616C6964617465005A4CD6
S214040A804C0043424B45203238334B3100454343F8
S214040A90203238334B310043424B4520636F726536
S214040AA0004E4350004D756C7469206E6574776F04
S214040AB0726B00456E68616E6365642042656163AF
S214040AC06F6E205265710043424B45203238334BDB
S214040AD0312044534120566572696679004D756C21
S214040AE074692D50414E002F686F6D652F72756EB8
S214040AF06E65722F776F726B2F747579612D7A69B4
S214040B00676265652D7377697463682F7475796198
S214040B102D7A69676265652D7377697463682F73C8
S214040B20696C6162735F746F6F6C732F73696D7039
S214040B306C69636974795F73646B2F70726F746F1A
S214040B40636F6C2F7A69676265652F737461636B74
S214040B502F636F6E6669672F736C5F7A6967626569
S214040B60655F636F6E66696775726174696F6E2E12
S214040B7063002F686F6D652F72756E6E65722F77C2
S214040B806F726B2F747579612D7A69676265652D4E
S214040B907377697463682F747579612D7A696762EF
S214040BA065652D7377697463682F73696C61627306
S214040BB05F746F6F6C732F73696D706C696369749F
S214040BC0795F73646B2F70726F746F636F6C2F7AB8
S214040BD069676265652F737461636B2F6672616DF6
S214040BE065776F726B2F6165732D6563622E630084
S214040BF02F686F6D652F72756E6E65722F776F72C4
S214040C006B2F747579612D7A69676265652D7377C4
S214040C10697463682F747579612D7A69676265658E
S214040C202D7377697463682F73696C6162735F747C
S214040C306F6F6C732F73696D706C69636974795F19
S214040C4073646B2F70726F746F636F6C2F7A69673F
S214040C506265652F737461636B2F73656375726960
S214040C6074792F7A69676265652D73656375726931
S214040C7074792D6D616E616765722D6E6F2D766168
S214040C80756C742E63004572726F723A202046614A
S214040C90696C656420746F20726561642066726F87
S214040CA06D20454550524F4D2061742030782534D0
S214040CB0582C207374617475733A20256400454576
S214040CC050524F4D20496E697469616C697A656447
S214040CD03A20256300454550524F4D20427573799E
S214040CE03A202563005061727469616C20576F72F4
S214040CF0642053746F7261676520436F756E743A2F
S214040D0020256400416464726573733A2030782544
S214040D1034582C205061727469616C20576F726469
S214040D203A203078255800636F6E6669726D656484
S214040D3000617373756D6564000A454550524F4DE6
S214040D4020496E666F004E6F7420617661696C612F
S214040D50626C6520286F6C64657220626F6F746CB9
S214040D606F61646572290050617274204465736310
S214040D7072697074696F6E3A20202020202020202B
S214040D8020202573004361706162696C697469652B
S214040D90733A2020202020202020202020202020DD
S214040DA03078253258005061676520457261736556
S214040DB02074696D65202873293A2020202020207D
S214040DC025640050617274204572617365207469ED
S214040DD06D65202873293A202020202020256400D1
S214040DE0506172742045726173652074696D652064
S214040DF0286D73293A202020202020256400506185
S214040E0067652073697A6520286279746573293A60
S214040E10202020202020202020256C005061727481
S214040E202073697A6520286279746573293A2020CC
S214040E3020202020202020256C00576F7264207309
S214040E40697A6520286279746573293A20202020FF
S214040E502020202020256420282570290045455080
S214040E60524F4D20696E69743A2030782558002F09
S214040E70686F6D652F72756E6E65722F776F726B05
S214040E802F747579612D7A69676265652D73776944
S214040E907463682F747579612D7A69676265652D48
S214040EA07377697463682F73696C6162735F746FB8
S214040EB06F6C732F73696D706C69636974795F7393
S214040EC0646B2F7574696C2F706C7567696E2F7000
S214040ED06C7567696E2D636F6D6D6F6E2F656570CB
S214040EE0726F6D2F656570726F6D2E6300556E613F
S214040EF0626C6520746F20626F6F7420696D616721
S214040F006520617420736C6F7420256C640A00532A
S214040F106C6F74204D616E61676572206661696CE2
S214040F20656420746F20657261736520736C6F74DA
S214040F300A004D61782072656164206C696D69747D
S214040F402073657420746F20256420627974657339
S214040F500A004164647265737320202020202020D8
S214040F60202020446174610A00307825346C78208F
S214040F70202020202020307825780A004661696CDD
S214040F80656420746F20726561642066726F6D20DC
S214040F90666C6173680A00536C6F7420256C640A6F
S214040FA020204164647265737320202020203A2038
S214040FB0307825346C580A20204C656E6774682097
S214040FC020202020203A20307825346C58202825EC
S214040FD06C64206279746573290A00202054797041
S214040FE06520202020202020203A20004E6F204715
S214040FF0424C2070726573656E740A005A696742C3
S21404100065650A005468726561640A00436F6E6E13
S2140410106563740A00426C7565746F6F74680A00C1
S214041020426C7565746F6F7468206170706C696368
S2140410306174696F6E0A004D43550A004F74686503
S2140410407220283078256C58290A002020566572AC
S21404105073696F6E20202020203A203078256C5843
S2140410600A0020204361706162696C697469657363
S2140410703A20307825346C580A00202050726F6469
S21404108075637420494420203A200030782558207F
S21404109000536C6F74204D616E616765723A20660A
S2140410A061696C656420746F20696E697469616C2B
S2140410B0697A6520626F6F746C6F6164657220284C
S2140410C06572726F72203078253478290A00566566
S2140410D07273696F6E20202020203A2025640A004F
S2140410E05061727420202020202020203A2025736E
S2140410F00A004361706162696C69746965733A20B9
S214041100307825780A00506172742073697A6520F5
S21404111020203A20256420420A0050616765207327
S214041120697A652020203A20256420420A00576FF9
S21404113072642073697A652020203A202564204250
S2140411400A00536C6F7473202020202020203A203D
S21404115025640A004661696C656420746F207265B4
S21404116061642066726F6D2073746F7261676520A8
S214041170666C61736820286572726F722025642914
S2140411800A00496E76616C696420736C6F7420255E
S2140411906420286D617820736C6F74202564290A96
S2140411A0004661696C656420746F20676574206905
S2140411B06E666F20666F7220736C6F742025640AE7
S2140411C000536C6F74204D616E616765723A2073CC
S2140411D06C6F74207772697465206661696C7572C9
S2140411E0652E2041646472657373206F666673654A
S2140411F0742028256429202B207772697465206C56
S214041200656E677468202825642920677265617492
S2140412106572207468616E20746F74616C20736CE0
S2140412206F74206C656E67746820282564290A002C
S214041230536C6F74204D616E6167657220776172BE
S2140412406E696E673A20736C6F74202564206C6533
S2140412506E6774682028256429206E6F7420616C7C
S21404126069676E656420746F2070616765207369B2
S2140412707A6520282564292E2054686520656E74B6
S21404128069726520736C6F742077696C6C206E6F5E
S21404129074206265206572617365642E0A00536C5F
S2140412A06F74204D616E616765723A206661696C81
S2140412B0656420746F2065726173652025642062FE
S2140412C07974657320696E20736C6F7420256420AE
S2140412D06174206164647265737320307825347891
S2140412E020286572726F722030782578290A0045A6
S2140412F0726173656420256420627974657320695D
S2140413006E20736C6F742025640A004661696C65F0
S2140413106420746F2073657420736C6F7420746F0C
S21404132020626F6F7420286572726F722030782581
S2140413303478290A004661696C656420746F2073EA
S2140413406574206C697374206F6620736C6F747395
S21404135020746F20626F6F7420286572726F72201B
S2140413603078253478290A004661696C65642074EF
S2140413706F20676574206E6577206C697374206FC0
S2140413806620736C6F747320746F20626F6F7420A2
S214041390286572726F72203078253478290A0042E4
S2140413A06567696E6E696E6720696D61676520762C
S2140413B06572696669636174696F6E2E2E2E002EDF
S2140413C06661696C65642120284572726F722030EC
S2140413D078253478290A002E706173736564212099
S2140413E0426F6F74696E6720736C6F742025640A8D
S2140413F000666E692B00666E69006E616E00666E2E
S214041400692D006C696273006273656E64007265B0
S214041410736574007261770073656E645F6D756CD6
S2140414207469636173740073656E642D7573696E95
S214041430672D6D756C7469636173742D62696E646F
S214041440696E670074696D6573796E6300676574A9
S2140414502D7074692D726164696F2D636F6E666991
S2140414606700636F6E6669672D6363612D6D6F64D5
S21404147065006576656E747300736563757269746A
S21404148079007A69676265655F7072696E74007068
S2140414906C7567696E006E6574006B657973006FB2
S2140414A07074696F6E00706C7567006368616E6750
S2140414B0656B6579006368616E67656B007A646F57
S2140414C0007072696E742072656C61746564206362
S2140414D06F6D6D616E64732E0061747472005A646D
S2140414E06F2072656C6174656420636F6D6D616EE8
S2140414F064732E00726F75746500706F7765720082
S2140415006D676D742D6C7169006D676D742D6269FD
S2140415106E64006E6F64650073696D706C65006957
S21404152065656500756E62696E64006E776B2D7511
S2140415307064006F75742D636C2D6C697374006928
S2140415406E2D636C2D6C697374005A646F20696E1B
S2140415502D636C2D6C6973742072656C617465649C
S21404156020636F6D6D616E64732E005A646F206F16
S21404157075742D636C2D6C6973742072656C61745C
S214041580656420636F6D6D616E64732E005A646FBC
S214041590206E776B2D7570642072656C617465645B
S2140415A020636F6D6D616E64732E007363616E2DC0
S2140415B06368616E2D6D61736B007363616E0063A7
S2140415C068616E5067006368616E005A646F2075C8
S2140415D06E62696E642072656C6174656420636F04
S2140415E06D6D616E64732E00756E6963617374004D
S2140415F06368616E67656B65792072656C61746596
S2140416006420636F6D6D616E64732E006C696E6B1F
S214041610004F7074696F6E2072656C617465642027
S214041620636F6D6D616E64732E00726567697374A3
S2140416306572006469736300696E7374616C6C2D03
S214041640636F64650062696E64696E672D746162B7
S2140416506C65007072696E742D72782D6D73677385
S214041660006170737265747279004150532072651C
S21404167074727920666C616720666F726365206396
S2140416806F6D6D616E647300456E61626C65732F79
S21404169044697361626C6573207072696E74696EF6
S2140416A067206F66205278206D6573736167657373
S2140416B02E00656E61626C650042696E64696E67D1
S2140416C0207461626C652072656C61746564206365
S2140416D06F6D6D616E64732E005365637572697405
S2140416E079206B6579732072656C61746564206318
S2140416F06F6D6D616E64732E0064656C6574650051
S2140417004E6574776F726B2072656C6174656420C5
S214041710636F6D6D616E64732E00666F726D00721A
S214041720656A6F696E2D646966662D64657669639D
S214041730652D747970650065787470616E696400EF
S21404174069736F70656E0062726F61642D706A6F84
S214041750696E006368616E67652D6368616E6E65A9
S2140417606C00696E6974006368616E67652D6B65ED
S21404177065702D616C6976652D6D6F64650074699E
S2140417806D656F75742D6F7074696F6E2D6D6173F2
S2140417906B006D756C74692D7068792D7374617245
S2140417A074006D756C74692D7068792D73746F7020
S2140417B00066696E64006E6574776F726B20666986
S2140417C06E6420636F6D6D616E64732E006A6F695C
S2140417D06E61626C6500756E7573656400736C6F1C
S2140417E0742D6D616E6167657200636F756E7465E6
S2140417F0727300656E642D6465766963652D737512
S21404180070706F72740066696E642D616E642D620A
S214041810696E6400667261676D656E746174696F83
S2140418206E0067726F7570732D73657276657200DD
S2140418306E6574776F726B2D7374656572696E6707
S214041840006F74612D626F6F746C6F6164006F74E7
S214041850612D636C69656E74006F74612D73746FAB
S214041860726167652D636F6D6D6F6E006F74612DA9
S21404187073746F726167652D656570726F6D00694C
S214041880646C652D736C6565700075706461746551
S2140418902D74632D6C696E6B2D6B657900757064A1
S2140418A06174652D74632D6C696E6B2D6B65792080
S2140418B072656C6174656420636F6D6D616E6473CC
S2140418C00074696D6572006E6F7700436F6D6D61AD
S2140418D06E647320746F20636F6E74726F6C20690D
S2140418E0646C696E672F736C656570696E67206FCC
S2140418F066207468652064657669636500666F7241
S21404190063652D6177616B65006177616B652D7723
S21404191068656E2D6E6F742D6A6F696E65640072ED
S21404192065706F7274696E672072656C6174656445
S21404193020636F6D6D616E64732E00636C656172F7
S2140419402D6C6173742D7265706F72742D74696D6D
S2140419506500746573742D74696D696E67006F74C1
S214041960612D73746F726167652D656570726F6D36
S2140419702072656C6174656420636F6D6D616E645E
S214041980732E0077697065006F74612D73746F72BF
S2140419906167652D636F6D6D6F6E2072656C617423
S2140419A0656420636F6D6D616E6473007072696E3A
S2140419B074496D616765730072656C6F616400736A
S2140419C0746F726167652D696E666F006461746119
S2140419D02D7072696E74006F74612D636C69656E28
S2140419E0742072656C6174656420636F6D6D616EDE
S2140419F064732E0076657269667900626C6F636B39
S214041A002D7465737400706167652D7265717565F4
S214041A10737400757067726164652D72657175659F
S214041A2073740064697361626C652D646F776E67A6
S214041A30726164657300656E61626C652D646F77B0
S214041A406E677261646573006F74612D626F6F7484
S214041A506C6F61642072656C6174656420636F6D7D
S214041A606D616E6473006E6574776F726B2D73743C
S214041A70656572696E672072656C6174656420635F
S214041A806F6D6D616E64732E007072652D636F6E7C
S214041A90666967757265642D6B65792D7365740068
S214041AA06D61736B2072656C6174656420636F6D21
S214041AB06D616E642E007375627472616374006780
S214041AC0726F7570732D7365727665722072656CAD
S214041AD06174656420636F6D6D616E64732E006659
S214041AE07261676D656E746174696F6E2072656C81
S214041AF06174656420636F6D6D616E64732E00732C
S214041B0065742D72782D77696E646F772D73697A94
S214041B1065006172746966696369616C2D626C6FD5
S214041B20636B2D64726F700046696E6420616E6428
S214041B302062696E642072656C6174656420636FEC
S214041B406D6D616E64732E00696E69746961746F7D
S214041B507200656E642D6465766963652D737570B1
S214041B60706F72742072656C6174656420636F6D47
S214041B706D616E64732E00706F6C6C2D636F6D7088
S214041B806C657465642D63616C6C6261636B00667E
S214041B906F7263652D73686F72742D706F6C6C0052
S214041BA0656E61626C655F747970650073746163F9
S214041BB06B00617070007A636C006C6567616379B2
S214041BC05F61665F646562756700636F756E7465F2
S214041BD072732072656C6174656420636F6D6D61E9
S214041BE06E64732E007072696E742D636F756E74F6
S214041BF065722D747970650073696D706C652D70EF
S214041C0072696E74007072696E742D74687265738E
S214041C10686F6C6473007365742D7468726573689A
S214041C206F6C640072657365742D7468726573688E
S214041C306F6C64730073656E642D7265717565737D
S214041C40740073656375726974792072656C617467
S214041C50656420636F6D6D616E6473007365742DC7
S214041C60616C6C6F772D74727573742D63656E7406
S214041C7065722D72656A6F696E2D7573696E672D50
S214041C8077656C6C2D6B6E6F776E2D6B6579007354
S214041C9065742D616C6C6F772D74727573742D6317
S214041CA0656E7465722D72656A6F696E2D757369DB
S214041CB06E672D77656C6C2D6B6E6F776E2D6B650E
S214041CC0792D74696D656F7574007365742D6B6515
S214041CD0792D726571756573742D706F6C6963798F
S214041CE0006D66672D746F6B656E006170730053CC
S214041CF065637572697479206170732072656C61AE
S214041D0074656420636F6D6D616E64732E00476541
S214041D10742F736574204D464720746F6B656E2E62
S214041D2000656E64706F696E742072656C617465AC
S214041D306420636F6D6D616E64732E0065657072EA
S214041D406F6D207574696C6974792072656C617442
S214041D50656420636F6D6D616E647300536C6F749D
S214041D60204D616E616765722072656C617465648E
S214041D7020636F6D6D616E647300626F6F742D7394
S214041D806C6F740065726173652D736C6F74006597
S214041D9078742D666C6173682D696E666F00736C5B
S214041DA06F74732D696E666F005072696E7473205B
S214041DB074696D652E005072696E74732061747454
S214041DC07269627574652E00436C65617273207463
S214041DD06865205A444F206C697374206F662063CC
S214041DE06C69656E742028696E2920636C7573743B
S214041DF06572732E004164647320636C7573746536
S214041E00727320746F20746865206B6E6F776E2013
S214041E10636C69656E742028696E2920636C75731B
S214041E2074657273206F6E207468697320646576B7
S214041E306963652E00436C6561727320746865205F
S214041E405A444F206C697374206F6620636C69650E
S214041E506E7420286F75742920636C7573746572AC
S214041E60732E004164647320636C757374657273B7
S214041E7020746F20746865206B6E6F776E20636CB9
S214041E8069656E7420286F75742920636C75737485
S214041E90657273206F6E2074686973206465766952
S214041EA063652E0053656E647320616E20757064DE
S214041EB0617465206368616E6E656C207265717509
S214041EC06573742E006368616E6E656C1F005365DF
S214041ED06E647320616E2075706461746520636837
S214041EE0616E6E656C2070616765207265712E2068
S214041EF054686520737461636B2073656E64732025
S214041F006E776B20656E68616E63656420757064B9
S214041F106174652072657120666F72206E6F6E2D17
S214041F207A65726F20706167652E006368616E6EF5
S214041F30656C1F706167651F00506572666F726D11
S214041F407320616E20656E65726779207363616EB7
S214041F502E007461726765744E6F646549641F73FE
S214041F6063616E4475726174696F6E1F7363616E2C
S214041F70436F756E741F0042726F6164636173749D
S214041F807320746865204944206F66207468652051
S214041F906E6577206E6574776F726B206D616E6107
S214041FA067657220616E6420616374697665206378
S214041FB068616E6E656C732E006E776B4D6765494F
S214041FC0641F6368616E6E656C4D61736B1F0050B1
S214041FD06572666F726D7320616E20656E657267DA
S214041FE079207363616E206F6E20676976656E2054
S214041FF06368616E6E656C206D61736B2E00746130
S214042000726765744E6F646549641F7363616E44DA
S21404201075726174696F6E1F7363616E436F756E5C
S214042020741F6368616E6E656C4D61736B1F00533D
S214042030656E64732061206E6574776F726B2061C1
S2140420406464726573732072657175657374206653
S2140420506F722074686520676976656E2049454509
S2140420604520616464726573732E00696565651F37
S21404207000526571756573747320616E2049454519
S21404208045206164647265737320626173656420BD
S2140420906F6E206120676976656E206E6F646520BA
S2140420A049442E006E6F646549641F0053656E6470
S2140420B07320612073696D706C6520646573637248
S2140420C06970746F72207265717565737420666FBB
S2140420D072207468652073686F7274206164647219
S2140420E065737320616E6420656E64706F696E74C8
S2140420F0207370656369666965642E00646573742D
S2140421001F746172676574456E64706F696E741FC0
S2140421100053656E64732061206D61746368446562
S2140421207363726970746F727352657175657374D4
S21404213020746F2074686520676976656E20646510
S2140421407374696E6174696F6E207769746820743D
S214042150686520676976656E2070726F66696C655F
S2140421602E006E6F646549641F70726F66696C65D5
S2140421701F0053656E64732061206E6F646520646F
S214042180657363726970746F7220726571756573B6
S2140421907420746F206120676976656E207461729E
S2140421A0676574206465766963652E00746172677A
S2140421B065741F0053656E64732061205A444F2073
S2140421C042696E6420636F6D6D616E6420746F2067
S2140421D06120646576696365207370656369666902
S2140421E0656420696E2074686520636F6D6D616E2A
S2140421F06420617267756D656E74732E0044657332
S21404220074696E6174696F6E1F536F7572636520AF
S214042210656E64706F696E741F44657374696E616D
S21404222074696F6E20656E64706F696E741F636C7C
S214042230757374657249441F72656D6F7465455590
S2140422404936341F6465737445554936341F005344
S214042250656E647320616E206163746976652065BB
S2140422606E64706F696E7420726571756573742020
S214042270746F207468652064657669636520776981
S21404228074682074686520676976656E2073686F65
S21404229072742049442E0053656E647320616E2068
S2140422A0756E62696E6420726571756573742066F6
S2140422B06F72206120756E69636173742062696E43
S2140422C064696E6720746F20746865207461726731
S2140422D06574206465766963652E0074617267654B
S2140422E0741F736F757263652065756936341F7362
S2140422F06F7572636520656E64706F696E741F63B4
S2140423006C757374657249441F64657374696E6191
S21404231074696F6E45554936341F64657374696E07
S2140423206174696F6E20656E64706F696E741F00E9
S21404233053656E647320616E20756E62696E6420E8
S2140423407265717565737420666F722061206D7591
S2140423506C7469636173742062696E64696E672065
S214042360746F207468652074617267657420646590
S214042370766963652E007461726765741F736F7582
S2140423807263652065756936341F736F757263658D
S21404239020656E64706F696E741F636C7573746504
S2140423A07249441F67726F75704164647265737313
S2140423B01F0053656E64732061205A444F204D619C
S2140423C06E6167656D656E74204C65617665206325
S2140423D06F6D6D616E6420746F207468652074611F
S2140423E072676574206465766963652E007461722D
S2140423F06765741F72656D6F76654368696C647291
S214042400656E1F72656A6F696E1F0053656E64732E
S2140424102061205A444F204D474D542D42696E6426
S214042420202842696E64696E67205461626C65296F
S214042430205265717565737420746F207468652006
S214042440746172676574206465766963652E0074CA
S21404245061726765741F7374617274496E6465781B
S2140424601F0053656E64732061205A444F204D4705
S2140424704D542D4C514920284C5149205461626CCE
S2140424806529205265717565737420746F207468AD
S2140424906520746172676574206465766963652E69
S2140424A00053656E64732061205A444F20506F7742
S2140424B065722044657363726970746F7220526526
S2140424C0717565737420746F207468652074617206
S2140424D0676574206465766963652E0053656E646B
S2140424E0732061205A444F20726F7574652072659C
S2140424F0717565737420636F6D6D616E6420746F9F
S21404250020746865207461726765742E0074617245
S2140425106765741F696E6465781F00696E64657804
S2140425201F65756936341F696E7374616C6C436F0E
S21404253064651F00696E6465781F65756936341FA7
S2140425406B65791F005443206C696E6B206B65794C
S214042550207265717565737420706F6C6963791F7A
S214042560417070206C696E6B206B657920726571A2
S2140425707565737420706F6C6963791F00426F6FA2
S2140425806C3A20616C6C6F77207472757374206378
S214042590656E7465722072656A6F696E20757369FC
S2140425A06E672077656C6C2D6B6E6F776E206B652F
S2140425B0791F0070726F66696C6549641F636C7579
S2140425C07374657249641F00746172676574496444
S2140425D01F00456E61626C6573207072696E746963
S2140425E06E67206F66205278206D65737361676529
S2140425F0732E0053657473207468652062696E6474
S214042600696E67207461626C6500696E6465781F24
S214042610636C75737465721F6C6F63616C45701FB1
S21404262072656D6F746545701F65756936341F0075
S214042630436C65617273207468652062696E6469B0
S2140426406E67207461626C652E005072696E7473D6
S214042650207468652062696E64696E6720746162BE
S2140426606C6520746F2074686520636F6D6D616E91
S21404267064206C696E652E00436C6561727320611C
S2140426806C6C207365637572697479206B657973F5
S2140426902E0044656C6574652074686520737065E7
S2140426A0636966696564206C696E6B206B65792066
S2140426B0696E6465782E005072696E747320616C5E
S2140426C06C207365637572697479206B6579732EF3
S2140426D0005465726D696E61746573207468652054
S2140426E06D756C74692D50485920696E74657266F0
S2140426F0616365005573656420746F20737461723A
S21404270074206D756C74692D50485920696E746513
S2140427107266616365206F74686572207468616EA2
S214042720206E617469766520616E6420666F726DD2
S21404273020746865206E6574776F726B2E205468FB
S2140427406520737461636B20757365732073616DA4
S214042750652050616E4964206173206E61746976E9
S2140427606520726164696F206E6574776F726B2E74
S21404277000706167651F6368616E6E656C1F706FBD
S2140427807765721F6F7074696F6E734D61736B201B
S214042790284269742030203D20526F757465727328
S2140427A020616C6C6F7765642C204269742031203C
S2140427B03D2042726F61646361737420616C6C6F58
S2140427C0776564291F00417474656D707473207492
S2140427D06F206368616E6765207468652063686946
S2140427E06C642074696D656F7574206F7074696F9E
S2140427F06E206D61736B20746F2066696C746572ED
S214042800206F757420756E646573697261626C6599
S2140428102076616C7565732028652E672E206E6F92
S214042820206D6F7265207468616E20332064617950
S21404283073292E0074696D656F7574206F707469E2
S2140428406F6E206D61736B1F0053776974636865E0
S21404285073206265747765656E2064696666657262
S214042860656E74206B65657020616C697665206D95
S2140428706F64657320737570706F7274656420621C
S21404288079206120726F757465722E004B656570D1
S21404289020616C697665206D6F64651F00507269EF
S2140428A06E7473207468652063757272656E742026
S2140428B04E6F64652049442C2045554936342C20F7
S2140428C0616E642050616E2049442E00496E69741E
S2140428D069616C697A65732061206E6574776F72BE
S2140428E06B3B207468697320697320612074657378
S2140428F07420636F6D6D616E642075736564206605
S2140429006F722074632D737761702D6F75742074E5
S214042910657374696E672E005365747320746865F6
S214042920206E6574776F726B20696E6465782075A7
S21404293073656420627920616C6C206675747572A8
S2140429406520434C4920636F6D6D616E64732E2061
S214042950204265666F726520657865637574696E76
S21404296067206120434C4920636F6D6D616E642C53
S21404297020746865206672616D65776F726B20736C
S2140429807769746368657320746F2074686973204C
S2140429906E6574776F726B2E2020416674657220A4
S2140429A074686520636F6D6D616E642066696E6918
S2140429B07368657320657865637574696E672C2023
S2140429C0746865206672616D65776F726B207377C5
S2140429D0697463686573206261636B20746F207426
S2140429E068652070726576696F7573206E65747796
S2140429F06F726B2E202054686520434C49207573F3
S214042A006573207468652073616D65206E657477E0
S214042A106F726B20696E64657820756E74696C20BD
S214042A207468652064657669636520726573657489
S214042A3073206F72206974206973206368616E67FF
S214042A406564207468726F7567682074686973209B
S214042A50636F6D6D616E642E00417474656D707481
S214042A607320746F206368616E6765206465766999
S214042A706365206F76657220746F206120646966D2
S214042A80666572656E74206368616E6E656C206739
S214042A906976656E20696E20746865206368616E69
S214042AA06E656C20617267756D656E742E00546871
S214042AB065206368616E6E656C20746F2063686160
S214042AC06E676520746F1F0066696E64556E757355
S214042AD0656450616E49640066696E644A6F696E27
S214042AE061626C654E6574776F726B005065726DCB
S214042AF0697473206A6F696E696E67206F6E2074DE
S214042B006865206E6574776F726B20666F722061DD
S214042B1020676976656E206E756D626572206F66D5
S214042B20207365636F6E647320414E442062726F37
S214042B30616463617374732061205A444F204D6747
S214042B406D74205065726D6974204A6F696E696E83
S214042B5067207265717565737420746F20616C6C80
S214042B6020726F75746572732E00412073696E67E8
S214042B706C65206279746520696E64696361746942
S214042B806E6720686F77206C6F6E672074686520A8
S214042B906465766963652073686F756C6420686124
S214042BA07665207065726D6974206A6F696E696EE9
S214042BB067207475726E6564206F6E20666F722E61
S214042BC020412076616C7565206F662030786666D5
S214042BD0207475726E73206F6E207065726D6974E2
S214042BE0206A6F696E20696E646566696E697465CD
S214042BF06C792E1F00436865636B73206E6574776B
S214042C006F726B20706A6F696E207374617475736B
S214042C102E0057726974657320746865206578742D
S214042C20656E6465642070616E20494420666F7228
S214042C3020746865206465766963652E006578741B
S214042C4070616E69641F0052656A6F696E732061F5
S214042C506E206578697374696E67206E6574776F25
S214042C60726B20696E206120736563757265206FD0
S214042C707220696E736563757265206D616E6E652C
S214042C807220776974682061206469666665726577
S214042C906E742064657669636520747970652E00A9
S214042CA0426F6F6C65616E206E6574776F726B2011
S214042CB06B657920617661696C6162696C697479A7
S214042CC01F4368616E6E656C206D61736B1F416E89
S214042CD020656E756D65726174696F6E20696E64C9
S214042CE069636174696E67207468652064657669D3
S214042CF06365207479706520746F2072656A6F69E5
S214042D006E2061732E54686520737461636B206F44
S214042D106E6C79206163636570747320534C5F5ADC
S214042D2049474245455F454E445F444556494345F9
S214042D3020616E6420534C5F5A49474245455F53B1
S214042D404C454550595F454E445F444556494345B6
S214042D502E1F0052654A6F696E732061206E65747B
S214042D60776F726B2E00426F6F6C65616E206E65B6
S214042D7074776F726B206B657920617661696C611C
S214042D8062696C6974791F4368616E6E656C206D48
S214042D9061736B1F004C65617665732061206E65F8
S214042DA074776F726B2E005475726E732070657232
S214042DB06D6974206A6F696E696E67206F6E20662F
S214042DC06F722074686520616D6F756E74206F660F
S214042DD02074696D6520696E646963617465642E28
S214042DE000412073696E676C65206279746520699A
S214042DF06E6469636174696E6720686F77206C6FB0
S214042E006E672074686520646576696365207368F8
S214042E106F756C642068617665207065726D697480
S214042E20206A6F696E696E67207475726E206F6EA5
S214042E3020666F722E20412076616C7565206F6661
S214042E402030786666207475726E73207065726DB5
S214042E506974206A6F696E20696E646566696E6956
S214042E6074656C792E1F004A6F696E732061206E3C
S214042E706574776F726B206F6E2061206769766564
S214042E806E206368616E6E656C2C207769746820AA
S214042E906120676976656E20545820506F77657296
S214042EA020616E642050414E2049442E00546865CB
S214042EB0206368616E6E656C206F6E207768696348
S214042EC06820746F206A6F696E20746865206E656A
S214042ED074776F726B1F4F6E652D627974652073FD
S214042EE069676E65642076616C756520696E6469D1
S214042EF0636174696E672074686520545820506F47
S214042F0077657220746861742074686520726164E1
S214042F10696F2073686F756C6420626520736574CE
S214042F2020746F1F5468652050414E204944206F1A
S214042F306E20776869636820746F206A6F696E20F4
S214042F40746865206E6574776F726B1F00466F72C7
S214042F506D732061206E6574776F726B206F6E20C0
S214042F606120676976656E206368616E6E656C2C99
S214042F702077697468206120676976656E205458E6
S214042F8020506F77657220616E642050414E204950
S214042F90442E00546865206368616E6E656C206F0D
S214042FA06E20776869636820746F20666F726D2080
S214042FB0746865206E6574776F726B1F4F6E652D2F
S214042FC062797465207369676E65642076616C75D2
S214042FD06520696E6469636174696E6720746865E8
S214042FE020545820506F776572207468617420747A
S214042FF0686520726164696F2073686F756C6420FD
S21404300062652073657420746F1F54686520504190
S2140430104E204944206F6E20776869636820746F79
S21404302020666F726D20746865206E6574776F72A3
S2140430306B1F005468697320696E697469617465EE
S2140430407320612054434C4B207570646174652072
S21404305070726F6365647572652E0053706563697C
S21404306066792074686520616D6F756E74206F666E
S2140430702074696D6520746F2077616974206166B9
S214043080746572206F6E652054434C4B20757064D3
S214043090617465206F7065726174696F6E20636F0A
S2140430A06D706C65746573206265666F7265206208
S2140430B06567696E6E696E672061206E6577205459
S2140430C0434C4B20757064617465206F7065726143
S2140430D074696F6E2E0054686520616D6F756E742A
S2140430E0206F662074696D65206265747765656E09
S2140430F02073756273657175656E7420747275736A
S214043100742063656E746572206C696E6B206B65E3
S21404311079207570646174657320696E206D696CBE
S2140431206C697365636F6E64731F00536574206FF8
S2140431307220636C656172207374617920617761B3
S2140431406B65207768656E206E6F74206A6F696E93
S214043150656400536574206F7220636C6561722029
S214043160666F726365206177616B6500446973708E
S2140431706C61792074686520736C6565702073745F
S2140431806174757300464F522054455354494E4754
S21404319020505552504F534553202D206761746874
S2140431A065722074696D696E67206D6574726963F3
S2140431B07320666F72207265706F7274696E672012
S2140431C07461626C65206F7065726174696F6E738A
S2140431D02E00436C6561727320746865206C61739D
S2140431E074207265706F72742074696D65206F66E2
S2140431F020617474726962757465732E0041646428
S214043200732061206E657720656E74727920746F02
S21404321020746865207265706F7274207461626CC5
S214043220652E00546865206C6F63616C20656E645F
S214043230706F696E742066726F6D20776869636854
S2140432402074686520617474726962757465206997
S21404325073207265706F727465641F5468652063AA
S2140432606C7573746572207768657265207468651A
S21404327020617474726962757465206973206C6F5A
S21404328063617465641F546865204944206F662032
S2140432907468652061747472696275746520626509
S2140432A0696E67207265706F727465641F3020667D
S2140432B06F7220636C69656E742D73696465206132
S2140432C0747472696275746573206F722031206637
S2140432D06F72207365727665722D736964652061FA
S2140432E07474726962757465731F546865206D69B9
S2140432F06E696D756D207265706F7274696E672085
S214043300696E74657276616C2C206D656173757276
S214043310656420696E207365636F6E64732E1F5434
S2140433206865206D6178696D756D207265706F7261
S21404333074696E6720696E74657276616C2C206D94
S2140433406561737572656420696E207365636F6E5C
S21404335064732E1F546865206D696E696D756D20E3
S2140433606368616E676520746F2074686520617495
S2140433707472696275746520746861742077696C08
S2140433806C20726573756C7420696E20612072659A
S214043390706F7274206265696E672073656E742E32
S2140433A01F0052656D6F76657320616E20656E74BE
S2140433B072792066726F6D20746865207265706F0E
S2140433C07274207461626C652E0054686520696EA0
S2140433D0646578206F6620746865207265706F7205
S2140433E07420746F2062652072656D6F7665641F45
S2140433F000436C6561727320616C6C20656E747238
S2140434006965732066726F6D2074686520726570D6
S2140434106F7274207461626C652E005072696E74EB
S2140434207320746865207265706F727420746162AC
S2140434306C652E00576970657320616C6C2064613E
S214043440746120696E207468652073746F72616796
S21404345065206465766963652E005072696E7473C0
S214043460206172626974726172792062797465731C
S214043470206F6620746865204F544120696D61672B
S21404348065206F6E206469736B2E0054686520692E
S2140434906E646578206F662074686520696D616760
S2140434A06520746F207072696E742069747320646A
S2140434B06174611F546865206F666673657420695D
S2140434C06E746F20746865204F544120696D61677F
S2140434D06520746861742077696C6C20626520705E
S2140434E072696E7465641F005072696E7473206925
S2140434F06E666F726D6174696F6E2061626F75744B
S214043500207468652073746F7261676520646576DD
S2140435106963652E0052656C6F616420746865206B
S21404352073746F72616765206465766963652E00DF
S21404353044656C657465732074686520696D61679D
S21404354065206174207468652073706563696669B4
S214043550656420696E6465782E0054686520696E1B
S21404356064657820617420776869636820746F20C6
S214043570626567696E2064656C6574696E6720743D
S214043580686520696D6167651F005072696E7473A3
S2140435902074686520696D616765732E00456E61E9
S2140435A0626C6573204F544120646F776E67726156
S2140435B06465732E0044697361626C6573204F54AE
S2140435C04120646F776E6772616465732E0053657D
S2140435D06E647320616E2055706772616465456E13
S2140435E0645265717565737420746F20616E204F24
S2140435F05441207365727665722E0043616E2062B4
S21404360065207573656420746F2064796E616D69D6
S21404361063616C6C79207475726E206F66662073B5
S214043620656E64696E672070616765207265717582
S21404363065737473206F6E2074686520636C6965A7
S2140436406E7420736964652C20696620746865202E
S21404365073657276657220646F65736E2774207363
S2140436607570706F7274207468697320666561740F
S2140436707572652E00426F6F6C65616E2076616CA4
S2140436807565207475726E696E67206F6E202831BA
S21404369029206F72206F666620283029207468659A
S2140436A02070616765207265717565737420666C39
S2140436B061671F0053656E647320616E20696D61D7
S2140436C0676520626C6F636B2072657175657374D1
S2140436D020666F7220612066696C652074686520B8
S2140436E07365727665722073686F756C64206E6F8E
S2140436F07420686176652E20205465737420686192
S214043700726E657373206F6E6C792028746573749B
S214043710206361736520392E352E36202D204D69A1
S2140437207373696E672046696C6529005072696E0A
S214043730747320696E666F726D6174696F6E206F44
S2140437406E207468652063757272656E7420737477
S214043750617465206F6620746865204F5441206349
S2140437606C69656E7420646F776E6C6F61642E008E
S21404377053746F707320746865204F5441207374BB
S214043780617465206D616368696E652E00537461AB
S21404379072747320746865204F544120636C6965A5
S2140437A06E74207374617465206D616368696E65F8
S2140437B02E20546865207374617465206D61636897
S2140437C0696E6520646973636F76657273207468C6
S2140437D065204F5441207365727665722C2071758E
S2140437E0657269657320666F72206E657720696DF1
S2140437F0616765732C20646F776E6C6F61647320E9
S21404380074686520696D6167657320616E642077EE
S2140438106169747320666F722074686520736572BC
S21404382076657220636F6D6D616E6420746F2075AB
S2140438307067726164652E005072696E74732074CA
S2140438406865206D616E7566616374757265722055
S21404385049442C20496D6167652054797065204978
S214043860442C20616E642056657273696F6E2069FD
S2140438706E666F726D6174696F6E20746861742011
S2140438806172652075736564207768656E206120B3
S2140438907175657279206E65787420696D616765E7
S2140438A02069732073656E7420746F2074686520B5
S2140438B07365727665722062792074686520636C1D
S2140438C069656E742E00506572666F726D73207330
S2140438D069676E6174757265207665726966696378
S2140438E06174696F6E206F6E2074686520696D61FF
S2140438F06765206174207468652073706563696603
S21404390069656420696E6465782E0054686520696C
S2140439106E64657820617420776869636820746FC4
S21404392020626567696E207665726966696361748C
S214043930696F6E206F662074686520696D616765BF
S2140439401F00426F6F746C6F616473207468652027
S214043950696D61676520617420746865207370659D
S21404396063696669656420696E6465782062792097
S21404397063616C6C696E6720746865204F544120DF
S214043980626F6F746C6F61642063616C6C626163F8
S2140439906B2E0054686520696E6465782061742017
S2140439A0776869636820746F20626567696E206251
S2140439B06F6F746C6F6164696E67207468652069E4
S2140439C06D6167651F005072696E747320696E6658
S2140439D06F2061626F75742074686520696E7374F5
S2140439E0616C6C656420626F6F746C6F6164657281
S2140439F02E00537562747261637473206120636869
S214043A00616E6E656C2066726F6D2065697468659C
S214043A107220746865207072696D617279206F72A5
S214043A20207365636F6E64617279206368616E6E7D
S214043A30656C206D61736B206F6620746865206EFC
S214043A406574776F726B2D7374656572696E672023
S214043A50636F6D706F6E656E742E005468652063B8
S214043A6068616E6E656C206D61736B20746F207375
S214043A707562747261637420746865206368616E2D
S214043A806E656C2066726F6D1F546865206368618E
S214043A906E6E656C20746F207375627472616374E5
S214043AA020746865206D61736B2066726F6D1F00ED
S214043AB0416464732061206368616E6E656C207473
S214043AC06F20656974686572207468652070726911
S214043AD06D617279206F72207365636F6E646172B4
S214043AE079206368616E6E656C206D61736B206F00
S214043AF06620746865206E6574776F726B2D7374B8
S214043B00656572696E6720636F6D706F6E656E743F
S214043B102E00546865206368616E6E656C206D6166
S214043B20736B20746F206164642061206368616E27
S214043B306E656C20746F1F546865206368616E6ED2
S214043B40656C20746F2061646420746F20746865EB
S214043B50206D61736B1F0053657473206569746808
S214043B60657220746865207072696D617279206F61
S214043B7072207365636F6E64617279206368616E28
S214043B806E656C206D61736B2E00546865206368E7
S214043B90616E6E656C206D61736B20746F20737537
S214043BA062747261637420746865206368616E6E03
S214043BB0656C2066726F6D1F5468652076616C753F
S214043BC06520746F2073657420746865206368616B
S214043BD06E6E656C206D61736B20746F2E1F0053C0
S214043BE065747320746865207072652D636F6E66E5
S214043BF0696775726564206B657920736F207468D5
S214043C00617420746865206A6F696E696E672064E3
S214043C1065766963652063616E20656E74657220DF
S214043C20746865206E6574776F726B2E00536574C6
S214043C30732074686520707265636F6E6669677555
S214043C40726564206B65791F0053746F70732074FB
S214043C506865206E6574776F726B20737465657221
S214043C60696E672070726F636573732E0053746198
S214043C7072747320746865206E6574776F726B2037
S214043C807374656572696E672070726F63657373AB
S214043C902E0041206D61736B206F66206F7074690F
S214043CA06F6E7320666F7220696E646963617469EF
S214043CB06E67207370656369666963206265686110
S214043CC076696F722077697468696E2074686520F7
S214043CD06E6574776F726B2D7374656572696E6743
S214043CE02070726F636573732E1F00446973706C63
S214043CF0617973207468652063757272656E7420CA
S214043D00737461747573206F6620746865206E65BD
S214043D1074776F726B207374656572696E67207052
S214043D20726F636573732E00436C656172732074DF
S214043D3068652067726F757073207461626C6520A5
S214043D406F6E20657665727920656E64706F696E35
S214043D5074005072696E747320696E666F726D615A
S214043D6074696F6E2061626F757420746865206371
S214043D706F6E74656E7473206F6620746865206752
S214043D80726F757073207461626C652E0041727474
S214043D906966696369616C6C792064726F707320FC
S214043DA074686520626C6F636B206E756D626572F5
S214043DB020646566696E656420627920746865208F
S214043DC070617373656420617267756D656E7420C7
S214043DD06F6E6C79206F6E63652C20616E64207440
S214043DE068656E20616C6C6F7773206974207570DB
S214043DF06F6E20612072657472792E005468652097
S214043E00626C6F636B206E756D62657220746F20D2
S214043E106172746966696369616C6C792064726F37
S214043E207020746F20666F726365206120726574FB
S214043E307279202D2073657420746F20307846467E
S214043E4020746F2064697361626C651F0053657427
S214043E507320746865207265636569766520776982
S214043E606E646F772073697A652E20204279206409
S214043E706566696E6974696F6E20696E207468651C
S214043E8020536D61727420456E6572677920707276
S214043E906F66696C65206974206D7573742062653D
S214043EA02073657420746F203120627574207468E2
S214043EB0697320616C6C6F777320697420746F204B
S214043EC06265206368616E6765642E0054686520C9
S214043ED06D6178206E756D626572206F66207468F9
S214043EE06520626C6F636B732072656365697665C3
S214043EF064206265666F726520616E2041505320AF
S214043F0061636B2069732067656E657261746564AE
S214043F101F004D616B65732074686973206E6F644F
S214043F2065207374617274206964656E7469667959
S214043F30696E6720617320612074617267657420FE
S214043F40666F722062696E64696E6720776974684A
S214043F5020616E20696E69746961746F72206E6F79
S214043F6064652E0054686520656E64706F696E74AF
S214043F70206F6E20776869636820746F20626567B7
S214043F80696E207468652046696E64696E67206190
S214043F906E642042696E64696E6720746172676538
S214043FA0742070726F636573731F004D616B657365
S214043FB02074686973206E6F64652073746172740C
S214043FC02074686520696E69746961746F72207004
S214043FD0617274206F66207468652066696E646911
S214043FE06E6720616E642062696E64696E67207015
S214043FF0726F636573732E0054686520656E647013
S2140440006F696E74206F6E20776869636820746FBA
S21404401020626567696E207468652046696E646907
S2140440206E6720616E642042696E64696E672069FB
S2140440306E69746961746F722070726F63657373EE
S2140440401F005365747320776865746865722074FE
S214044050686520434C4920666F72636573207468F4
S214044060652064657669636520746F2073686F7273
S2140440707420706F6C6C2E005468652076616C75C5
S2140440806520696E6469636174696E672077686524
S2140440907468657220746865206465766963652053
S2140440A073686F756C642073686F727420706F6CBD
S2140440B06C1F005365747320776865746865722096
S2140440C0746865206465766963657320706F6C6CCC
S2140440D020636F6D706C657465642063616C6C62DC
S2140440E061636B2066756E6374696F6E20697320F6
S2140440F0656E61626C65642E005468652076616C3A
S214044100756520696E6469636174696E6720776893
S214044110657468657220746865206465766963658D
S2140441207320706F6C6C20636F6D706C657465645F
S2140441302063616C6C6261636B2066756E63746980
S2140441406F6E20697320656E61626C65641F00443F
S2140441506973706C61797320746865207374617414
S2140441607573206F662074686520456E6420446508
S214044170766963657320706F6C6C696E672E004594
S2140441806E61626C652F64697361626C6520646538
S21404419062756720606C6567616379206170702062
S2140441A06672616D65776F726B20646562756760B1
S2140441B0207072696E7420747970652E00456E6185
S2140441C0626C652F64697361626C651F00456E617D
S2140441D0626C652F64697361626C652064656275E0
S2140441E06720607A636C60207072696E74207479DC
S2140441F070652E00456E61626C652F64697361623A
S2140442006C652064656275672060617070602070FC
S21404421072696E7420747970652E00456E61626CE6
S214044220652F64697361626C6520646562756720D6
S21404423060636F726560207072696E742074797042
S214044240652E00456E61626C652F64697361626CED
S214044250652064656275672060737461636B6020B3
S2140442607072696E7420747970652E0053656E647E
S214044270732061207265717565737420666F722091
S2140442804F544120636F756E746572732E005265C9
S2140442907365747320616C6C207468726573686FE0
S2140442A06C64732076616C75657320746F20307847
S2140442B0464646462E005365747320612074687221
S2140442C06573686F6C642076616C756520666F72C2
S2140442D0206120706172746963756C6172207479F0
S2140442E07065206F6620636F756E7465722E005459
S2140442F0797065206F6620636F756E7465721F54DF
S21404430068726573686F6C642056616C75651F000F
S2140443105072696E7473207468652074687265736D
S214044320686F6C6473206F6620616C6C20746865BB
S21404433020636F756E746572732E00436C656172CC
S2140443407320616C6C20636F756E74657220766181
S2140443506C7565732E005072696E747320616C6C94
S21404436020636F756E7465722076616C7565732E46
S214044370005072696E7473207468652076616C757B
S21404438065206F662074686973207061727469634F
S214044390756C617220636F756E7465722E00546856
S2140443A06520636F756E7465722074797065207409
S2140443B06F207072696E741F005072696E74732079
S2140443C0616C6C20636F756E7465722076616C75B3
S2140443D0657320616E6420636C6561727320746813
S2140443E0656D2E00536574204D464720746F6B65CB
S2140443F06E2C2043414E4E4F5420424520554E537A
S214044400455420425920434C492E005072696E741C
S214044410204D464720746F6B656E2E005072696E91
S2140444207420616374697665206576656E74732E90
S2140444300044697361626C652074686520656E6407
S214044440706F696E7420666F72205A434C206D65D7
S2140444507373616765732E00456E64706F696E745E
S21404446020696E6465781F00456E61626C65732012
S21404447074686520656E64706F696E7420666F720A
S214044480205A434C206D657373616765732E005024
S21404449072696E7420737461747573206F66206518
S2140444A06E64706F696E74732E0053686F77732032
S2140444B07468652076657273696F6E206F66207403
S2140444C0686520736F6674776172652E0053657431
S2140444D02074686520636F6E66696775726564200C
S2140444E03830322E31352E3420434341206D6F64EC
S2140444F06520696E2074686520726164696F2E2079
S21404450053656520646F63756D656E746174696F59
S2140445106E20726567617264696E67205241494C09
S2140445205F494545453830323135345F4363614D24
S2140445306F64655F742E0041205241494C5F4945C3
S21404454045453830323135345F4363614D6F6465B9
S2140445505F742076616C75651F0052657475726EA3
S214044560732050544920726164696F20636F6E66CD
S214044570696720696E666F726D6174696F6E207408
S2140445806F2064657465726D696E65207468652055
S2140445905048592074797065206265696E67207585
S2140445A0736564206279205241494C2E20726574EA
S2140445B075726E2076616C756520697320656E75FC
S2140445C06D205241494C5F494545453830323135B6
S2140445D0345F507469526164696F436F6E666967CD
S2140445E05F7420652E6720205241494C5F4945453B
S2140445F0453830323135345F5054495F524144496E
S2140446004F5F434F4E4649475F32503447485A201F
S2140446103D203078303055205241494C5F4945455D
S214044620453830323135345F5054495F524144493D
S2140446304F5F434F4E4649475F32503447485A5FB0
S214044640414E54444956203D20307830315520524E
S21404465041494C5F494545453830323135345F5021
S21404466054495F524144494F5F434F4E4649475F62
S21404467032503447485A5F434F4558203D203078DF
S214044680303255205241494C5F4945454538303211
S2140446903135345F5054495F524144494F5F434F6C
S2140446A04E4649475F32503447485A5F414E544459
S2140446B049565F434F4558203D20307830335500E7
S2140446C053656E647320612072656164206174743E
S2140446D07220666F72207468652074696D65206F39
S2140446E06620746865206465766963652073706502
S2140446F06369666965642E20497420736574732043
S2140447006120666C616720736F207768656E206928
S2140447107420676574732074686520726573706F9F
S2140447206E73652069742077726974657320746883
S214044730652074696D6520746F20697473206F77C3
S2140447406E2074696D6520617474722E0049641F4E
S214044750737263456E64706F696E741F64657374F8
S214044760456E64706F696E741F005768656E2073BB
S214044770656E64696E67207573696E672061206272
S214044780696E64696E672C20737065636966696513
S2140447907320776865746865722061206D756C7423
S2140447A069636173742062696E64696E67207368F6
S2140447B06F756C6420626520757365642E0075736E
S2140447C0654D756C74696361737442696E64696E71
S2140447D0671F0053656E64732061207072652D62D6
S2140447E075666665726564206D756C74696361735D
S2140447F074206D65737361676520746F206120672C
S2140448006976656E2067726F7570204944206672FB
S2140448106F6D206120676976656E20656E64706FC3
S214044820696E742E0067726F757049641F737263C5
S2140448302D656E64706F696E741F004372656174D3
S21404484065732061206D65737361676520627920E6
S21404485073706563696679696E672074686520722B
S21404486061772062797465732E20557365207468A9
S214044870652073656E6420636F6D6D616E6420746D
S2140448806F2073656E6420746865206D657373614C
S2140448906765206F6E6365206974206861732062A3
S2140448A065656E20637265617465642E2045783A8A
S2140448B02072617720307830303046207B303020CC
S2140448C0304120303020313120323220333320340E
S2140448D0342035357D2073656E64732061206D65E4
S2140448E0737361676520746F20636C757374657287
S2140448F0203135202830783030304629206F662025
S2140449006C656E6774682038207768696368206908
S2140449106E636C7564657320746865205A434C2016
S2140449206865616465722E00436C757374657249BC
S214044930641F446174611F00526573657473207448
S2140449406865206E6F64652E0057726974657320FF
S21404495061206D6573736167652E00456E64706FC4
S214044960696E741F436C75737465722049441F41E5
S21404497074747269627574652049441F4D61736B63
S2140449801F4461746120747970651F4461746120EA
S214044990627974651F0052656164732061206D65D9
S2140449A073736167652E00456E64706F696E741F5D
S2140449B0436C75737465722049441F41747472693C
S2140449C0627574652049441F3120696620736572D8
S2140449D076657220646972656374696F6E2C203024
S2140449E020696620636C69656E7420646972656309
S2140449F074696F6E1F0053656E64732061206D6565
S214044A0073736167652E0044657374696E617469B7
S214044A106F6E1F536F7572636520656E64706F6981
S214044A206E741F44657374696E6174696F6E206575
S214044A306E64706F696E741F00536F7572636520C1
S214044A40656E64706F696E741F004C6973747320AE
S214044A507768696368206F7074696F6E616C206C28
S214044A606962726172696573206F66207468652076
S214044A70737461636B2061726520696D706C656D1B
S214044A80656E746564206F6E20746869732064654F
S214044A90766963652E005072696E747320696E665B
S214044AA06F726D6174696F6E2061626F75742074C5
S214044AB06865206E6574776F726B207374617465B5
S214044AC02C20636C7573746572732C20616E64207D
S214044AD0656E64706F696E74732E006F66667365B8
S214044AE0741F005072696E747320696E666F726DFF
S214044AF06174696F6E20666F7220616C6C206176DB
S214044B0061696C61626C6520736C6F74732E0052FD
S214044B1065616473207261772064617461206672D3
S214044B206F6D20666C6173682073746F726167655D
S214044B302E004164647265737320746F207265611D
S214044B40641F4E756D626572206F662062797465A7
S214044B507320746F20726561641F005072696E74EE
S214044B607320666C6173682073746F726167652066
S214044B70696E666F726D6174696F6E2E0045726140
S214044B807365732074686520737065636966696508
S214044B906420736C6F742049442E0053746F7261E2
S214044BA0676520736C6F74206E756D6265721F0086
S214044BB0426F6F74732074686520696D6167652041
S214044BC0696E2074686520737065636966696564D8
S214044BD020736C6F742049442E00434C4920696E40
S214044BE07374616E6365206578616D706C650064CE
S214044BF0756D6D795F696E7374005A434C20636FEC
S214044C006D6D616E647300626173696300676C6FD7
S214044C1062616C006D66672D636F6465007573650D
S214044C202D6E6578742D73657175656E6365007891
S214044C302D64656661756C742D7265737000746599
S214044C4073742D726573706F6E73652D6F6E00745A
S214044C506573742D726573706F6E73652D6F6666FB
S214044C60005A434C20626173696320636C757374E5
S214044C70657220636F6D6D616E6473007274666432
S214044C8000436F6D6D616E64207468617420726594
S214044C907365747320616C6C2061747472696275D8
S214044CA074652076616C75657320746F2066616325
S214044CB0746F72792064656661756C742E00524157
S214044CC0494C006C6F7765722D6D61632D72616956
S214044CD06C2D3830322E31352E342E63006C6962DA
S214044CE07261696C2E6100756E636C61696D6564D2
S214044CF0006275666665722D6D616E6167656D65C9
S214044D006E742E63006576656E742D7175657565B3
S214044D102E63007A69676265652D75707065722DFD
S214044D206D61632E63006E65696768626F722E63D9
S214044D30006173736F63696174696F6E2E6300310B
S214044D40383231730031343232310031323100328C
S214044D507300313232313132003132323131003285
S214044D6038310038313100313832313100313231A6
S214044D703131323132323231730031323200313233
S214044D803131323231003131313100323238006D56
S214044D9061632D6D756C74692D6E6574776F726BB7
S214044DA02E63006C65676163792D7061636B65744F
S214044DB02D6275666665722E6300000000000200B0
S214044DC00000000000000000BA040000000002001A
S214044DD00000000000000000BA0400000001020306
S214044DE00E312E312E332D65633537663831620029
S214044DF00100000203030100060000000000030097
S214044E000000000013B779FAC925DDB7ADF3CFE08B
S214044E10F1B614B80102000000000000FFFFFFFF17
S214044E200100000001000000000000000000000077
S214044E300000000000000000000000000000000069
S214044E400000000000000000000000000000000059
S214044E5000000000033F1F00FB110300F7110300CE
S214044E60D5110300A3110300331203000512030037
S214044E70A51103002C00000002020203000000003B
S214044E8001020000000801B42C4F04000008015A77
S214044E90E84E040000080040A44E04000000000091
S214044EA0000000000000FCFEFFFF00000000000001
S214044EB0FFFF000000000000FFFF000000000000ED
S214044EC0FFFF00000000000040001806F4D20000B7
S214044ED02C00B0023DBE00001700F2000C7C00005F
S214044EE00C0041009E4200006400FCFEFFFF000030
S214044EF000000000FFFF0000000000005A00F30658
S214044F00A554FEFF2100A301A1FEFFFF1100A60089
S214044F10832700000A006100DC26000006003B0030
S214044F20F820000003001500AD130000C800FCFEC6
S214044F30B4008B087BC0FBFF4D00E402E756FFFF7E
S214044F402C00A20183EBFFFF1A000301B31A000032
S214044F501100A300552900000A005E005A2800002C
S214044F6006003A0021220000040018007316000010
S214044F702403040066B6030066B6030066B60300A0
S214044F8066B6030066B6030066B6030066B603009C
S214044F9066B6030066B6030066B6030066B603008C
S214044FA066B6030066B6030066B6030066B603007C
S214044FB066B6030066B6030066B6030066B603006C
S214044FC066B6030066B6030066B6030066B603005C
S214044FD066B6030066B6030066B6030066B603004C
S214044FE074B6030066B6030089B6030066B603000B
S214044FF066B60300AEB6030066B6030066B60300E4
S21404500066B6030066B60300D6B6030066B60300AB
S21404501066B6030066B6030066B60300EEB6030083
S21404502066B603000CB703000B0000000B0000007C
S2140450300200000000002020000000000300000022
S2140450408C8C3C0000000000000000000000000003
S214045050000000581200000000000000FFFFFFFFE1
S214045060FFFFFFFFFFFFFFFF554E4B00474F20009B
S21404507042544C00474F3200474F3300474F3400EA
S214045080474F3500474F3600474F3700474F3800E5
S214045090474F3900474F4100474F4200474F4300B0
S2140450A0474F4400474F4500474F46004A4D50007F
S2140450B0424452005550520042544D004D534D0048
S2140450C046544C00554E4B00474F200042544C006B
S2140450D04241440046544C00465243004F5441005B
S2140450E044534C004241500055504700544D45002F
S2140450F046415500545A4600554E4B0050494E0002
S214045100454D3400554E4B0048562000554E4B0036
S214045110455850004C574D00554E4B0052425400D3
S21404512044534C00454D3400554E4B0041535400F7
S214045130554E4B0056465900494E4800554E4B00B6
S2140451404C434B0058544C004F424600554E4B00BF
S214045150485244004D454D004255530055534700B0
S21404516044424700444D410056435400554E4B00BC
S214045170555020005250200041503000415031001C
S2140451804150200044502000444543006850040029
S2140451906C500400C4500400F85004000451040089
S2140451A00C51040018510400285104003051040026
S2140451B03C5104004C5104006C510400554E4B0005
S2140451C04649420042544C00455854005057520039
S2140451D05744470020535700435253004653480051
S2140451E042414400464C540042524F00010401031D
S2140451F003060105010501090600060B0000070B5E
S214045200050B000000000000000000000400E40C91
S2140452100A0001041001000000050002000003005B
S214045220A8540400A4540400905404008C540400AD
S2140452308854040084540400725404006254040025
S2140452404854040040540400365404003454040003
S2140452501C5404001954040011540400005404009F
S214045260F0530400DE530400C4530400BC5304008B
S214045270B0530400AC530400A85304009A5304002B
S2140452808F530400765304005D5304000153040056
S21404529000530400F0520400C8520400BD52040037
S2140452A0BC520400A85204000000000000000000E5
S2140452B00000000000000000000000000F000000D6
S2140452C000000000000000000000000000000000D5
S2140452D000000000000000000000000000000000C5
S2140452E000000000000000000000000000000000B5
S2140452F001000000000000000000000000000000A4
S2140453000F00000000000000000000000000000085
S2140453100000000000000000000000000000000084
S2140453200000000000000000000000000000000074
S2140453300000000000000000000000000000000064
S2140453400000000000000000000000000000000054
S2140453500000000000000000000000000000000044
S2140453600000000000000000000000000000000034
S2140453700000000000000000000000000000000024
S2140453800000000000000000000000000000000014
S2140453900000000000000000000000000000000004
S2140453A000000000000000000000000000000000F4
S2140453B0FFFFFFFFFFFFFFFFFFFF000000000000EE
S2140453C000000000000000000000000000000000D4
S2140453D000000000000000000000000000000000C4
S2140453E000000000000000000000000000000000B4
S2140453F000000000000000000000000000000000A4
S2140454000000000000000000000000000000000093
S21404541000FFFFFFFFFFFFFFFF9C0000FF000000F0
S2140454200000000000000000000000000000000073
S214045430800000000000FFFFFFFFFFFFFFFFFFFFED
S21404544000000000FFFF0000000000000000000055
S2140454500000000000000000000000000000000043
S2140454600000FFFFFF000000000000000000000036
S2140454700000000000000000000000000000000023
S2140454800000000000000000000000000000000013
S2140454900000000000000000000000000000000003
S2140454A00000000000000000FC03010101010101EE
S2140454B001010101010101010100000000000001D9
S2140454C00020000000000001010000200204110476
S2140454D0040211101A080A021801081110111A08F9
S2140454E00A04020D0B19195C0110280B01140000A4
S2140454F000000000000000000000000000010101A0
S2140455000101010001010101010101000001010185
S214045510000100010100000000000000000000007F
S2140455200000000000010000000000000000000071
S2140455300000000001FF010023E1010075E4010002
S21404554063E2010063E5010062E1010079EB01001A
S21404555064EE010024E1010025E1010026E10100DA
S21404556027E1010028E1010029E101002AE1010008
S214045570000001008000010000010100800101001C
S214045580000201008002010020E201000003010085
S2140455900005010080050100000601002C890100B9
S2140455A0800601000007010001E5010002E5010094
S2140455B00008010080080100004001008632101037
S2140455C0FFFFFFFFFFFFFFFF9ABF0300A0BF03001C
S2140455D0A6BF0300ACBF0300B2BF030056777777BD
S2140455E07777777777777777777777775A696742B2
S2140455F06565416C6C69616E636530395A696742EA
S2140456006565416C6C69616E636530394E574B2035
S2140456105374656572696E67000095969595950551
S21404562007090D0000000000000102030406000044
S21404563018D80300B3EB0300CDEB0300E4EB030040
S214045640F7EB030007EC03001BEC03002DEC030050
S2140456503DEC030059EC03006EEC03000208010D58
S2140456600D01010112010000FFFFFFFFFFFFFFFF16
S214045670000000000000000001090501000200000F
S214045680000000031EF1EE0B98560400AFF803006A
S21404569024030400FE000000CBF80300F8570400BF
S2140456A000000000D5F80300E857040000000000DE
S2140456B0E2F80300D857040000000000EFF80300E7
S2140456C0C8570400000000000DF90300B457040096
S2140456D00000000005F90300A057040000000000C5
S2140456E00CF903008C570400000000001AF90300AC
S2140456F07C570400000000008CF703006857040081
S2140457000000000013F903005857040000000000CE
S2140457101FF903004457040000000000CBBD03003B
S21404572034570400000000000000000000000000E1
S21404573000000000E929030030F903006DF90300B6
S214045740010100FF69EC000096F90300DBF9030091
S214045750010100010107FF0025EC000028FA030000
S21404576093FA0300010100FF65EB0000B4FA03009E
S214045770CDFA030000010100FF000000FB2903002E
S214045780F2FA03004AFB03000101FF00E3290300C9
S21404579061FB0300B8FB030001010207FF000000E1
S2140457A0DD29030061FB0300B8FB030001010207C7
S2140457B0FF000000D729030061FB0300B8FB0300C9
S2140457C001010207FF00000019EB0000D9FB0300EB
S2140457D018FC0300010101FFB9EA000037FC0300CE
S2140457E07CFC0300010000FF75EA000037FC0300A0
S2140457F07CFC0300010000FFFDEA0000A3FC03009C
S214045800A9FA030000FF0000D1290300F8FC0300F6
S214045810C4270400FF000000CB2903006BFD03002F
S214045820C4270400FF00000055EA0000DAFD030068
S2140458304FFE030000FF00002DEA000067FE030091
S214045840C9FE030000FF0000BD290300DAFE0300C2
S21404585020FF030002FF0000F5E9000029FF030013
S2140458609DFF030001FF0000000000009D020400ED
S21404587011000000A902040012000000B102040096
S21404588013000000B902040021000000C102040055
S21404589022000000C802040023000000CF02040017
S2140458A0AA000000D6020400FF000000000000006A
S2140458B0FFFFFFFFFFFFFFFF0000000000000000E7
S2140458C0000001080109020A030B040C050D060E6C
S2140458D0070F081001180119021A031B041C051DE2
S2140458E0061E071F0820012102220323042405257F
S2140458F00626072708280129022A032B042C052D2F
S214045900062E072F08300131023203380239043AD2
S21404591008E004E104E204E802E902EA04F008F11B
S2140459201000000000000000040500008C5904006C
S21404593002000F00B459040002000F00DC590400F2
S21404594002000F00045A040002000F002C5A040040
S21404595002000F00545A040002000F007C5A040090
S21404596002000F00A45A040002000F00CC5A0400E0
S21404597002000F00F45A040002000F001C5B04002F
S21404598002000F00445B040002000F000000000049
S2140459906C5B0400030000004000000000000000F0
S2140459A019000000905B040004000F008000000053
S2140459B000000000000000006C5B04000300000010
S2140459C0400000000000000019000000905B040086
S2140459D004000F008000000000000000000000002B
S2140459E06C5B0400030000004000000000000000A0
S2140459F019000000905B040004000F008000000003
S214045A0000000000000000006C5B040003000000BF
S214045A10400000000000000019000000905B040035
S214045A2004000F00800000000000000000000000DA
S214045A306C5B04000300000040000000000000004F
S214045A4019000000905B040004000F0080000000B2
S214045A5000000000000000006C5B0400030000006F
S214045A60400000000000000019000000905B0400E5
S214045A7004000F008000000000000000000000008A
S214045A806C5B0400030000004000000000000000FF
S214045A9019000000905B040004000F008000000062
S214045AA000000000000000006C5B0400030000001F
S214045AB0400000000000000019000000905B040095
S214045AC004000F008000000000000000000000003A
S214045AD06C5B0400030000004000000000000000AF
S214045AE019000000905B040004000F008000000012
S214045AF000000000000000006C5B040003000000CF
S214045B00400000000000000019000000905B040044
S214045B1004000F00800000000000000000000000E9
S214045B206C5B04000300000040000000000000005E
S214045B3019000000905B040004000F0080000000C1
S214045B4000000000000000006C5B0400030000007E
S214045B50400000000000000019000000905B0400F4
S214045B6004000F0080000000000000000000200178
S214045B70200000000800000004004221300000005D
S214045B80045C040000FF4200300000000000000037
S214045B900000F00840000000255C04000100230417
S214045BA0400000002D5C04000600300140000000A8
S214045BB000000000FDFF210240000000010000007C
S214045BC01900000419000101190002041900030158
S214045BD01900050419000601190007040400410011
S214045BE0D10C010006004100F131030019008100C8
S214045BF0C1290100190084004D3401000080000012
S214045C000000000006435553544F4D0000000000AA
S214045C10000000000000000000000000000000007B
S214045C200000000000FFFFFFFFFFFFFFFFFFFFFF76
S214045C30FF00040104010401040104010401040139
S214045C4004010401040104010401FFFFFFFFFFFF38
S214045C50FFFFFFFFFFFFFFFFFFFFFFFFFFFFFFFF4B
S214045C60FFFF000102030405060708090A0B1F1CB0
S214045C701F1E1F1E1F1F1E1F1E1F07021F012F0091
S214045C8037013F005701DF02E700FF020000000073
S214045C9000000000000000000000000000000000FB
S214045CA000000000000000000000000000000000EB
S214045CB03C0904001900000042090400FFFF00002C
S214045CC0000000000D0A0400180A0400240304005F
S214045CD0200A04002E0A040024030400410A0400D7
S214045CE04C0A04005A0A04005E0A04006E0A040001
S214045CF020D903007E0A0400820A04008D0A0400E8
S214045D00970A0400A10A0400A50A0400B30A0400C2
S214045D10C70A0400DD0A040000800000000000003A
S214045D200000000000000000FFFFFFFFFF0000006F
S214045D300000000025B80100000000000000F03F4D
S214045D40000000000000244000000000000059404D
S214045D500000000000408F40000000000088C340A0
S214045D6000000000006AF8400000000080842E4115
S214045D7000000000D01263410000000084D7974161
S214045D800000000065CDCD4199DC0300F4730400E7
S214045D900000000003140400E47304000000000084
S214045DA008140400D473040000000000091404005E
S214045DB0C4730400000000001AF90300B073040062
S214045DC0000000000DF903009C73040000000000AE
S214045DD00E1404008C730400000000001414040065
S214045DE07C73040000000000181404006C730400A4
S214045DF000000000271404005C7304000000000088
S214045E00441404004C730400000000004D14040005
S214045E103C73040000000000621404002C730400A9
S214045E20000000005BEA03001C730400000000008E
S214045E3072140400DC7204000000000078180400E9
S214045E40386A04000000000025080400F86904000D
S214045E500000000079140400386904000000000003
S214045E60821404003C680400000000008F14040040
S214045E70E463040000000000AB0A0400BC620400F3
S214045E800000000096140400BC6204000100000038
S214045E909A1404007C620400000000009F140400AE
S214045EA0406104000000000058B70300406104008D
S214045EB0010000008F140400E463040000000000E6
S214045EC0A6140400E463040001000000AB140400FC
S214045ED00C61040000000000B51404000C6104000A
S214045EE001000000BD1404003C5F04000000000034
S214045EF0D0BE0300085F040000000000000000009D
S214045F000000000000000000185F0400C114040034
S214045F1024030400FE000000D9140400E06A040010
S214045F20000000004D190400D06A040000000000C0
S214045F300000000000000000000000004C5F0400A9
S214045F40DE14040024030400FE000000F41404001D
S214045F50606C040000000000FA140400506C040096
S214045F600000000000150400406C0400000000005F
S214045F7009150400306C0400000000000ABC03008D
S214045F80206C04000000000014BA0300E86B040050
S214045F900000000022C30300D46B040000000000CD
S214045FA013150400C46B0400000000000FBF0300B8
S214045FB0B46B04000000000018150400A46B040071
S214045FC0000000001F150400946B0400000000008D
S214045FD0BBCD0300846B04000000000024150400FD
S214045FE0D8600400000000002B1504008060040044
S214045FF000000000331504004C600400000000009C
S2140460003F150400186004000000000000000000B3
S2140460100000000000000000286004004A15040088
S21404602024030400FE00000094D30300006B040065
S21404603000000000F2F40300F06A04000000000010
S2140460400000000000000000000000005C60040087
S2140460506B15040024030400FE00000094D3030020
S214046060206B040000000000F2F40300106B040030
S2140460700000000000000000000000000000000017
S214046080906004008D15040024030400FE00000044
S214046090AB150400706B0400000000009C1A04009A
S2140460A0606B040000000000BA150400506B040086
S2140460B000000000BF150400406B04000000000050
S2140460C0C6150400306B0400000000000000000049
S2140460D00000000000000000E8600400CB15040087
S2140460E024030400FE00000056D303000C6C0400D6
S2140460F000000000E8150400F86B0400000000002F
S2140461000000000000000000000000001C61040005
S214046110F015040024030400FE0000000C1604001E
S214046120A06C040000000000AB0A0400906C04009D
S2140461300000000000000000000000000000000056
S214046140506104001116040024030400FE0000003D
S2140461502A160400506D04000000000017D0030047
S214046160406D04000000000033160400306D040087
S214046170000000000C160400806C04000000000000
S21404618038160400706C0400000000004516040075
S2140461903C62040000000000531604000862040079
S2140461A00000000061160400C8610400000000003E
S2140461B079140400386904000000000000000000A0
S2140461C00000000000000000D86104006A16040005
S2140461D024030400FE0000004C4C0400206D040060
S2140461E0000000005D4C0400106D04000000000078
S2140461F048E40300006D04000000000000000000F6
S2140462000000000000000000186204008816040065
S21404621024030400FE000000B2160400706D04009F
S2140462200000000033050400606D04000000000058
S2140462300000000000000000000000004C620400A3
S214046240B916040024030400FE000000D0BE0300B8
S214046250A46D040000000000F2F40300946D040032
S214046260000000009C1A0400806D0400000000007A
S2140462700000000000000000000000008C62040023
S214046280D916040024030400FE000000D0BE030058
S214046290D46D040000000000F9160400C46D040068
S2140462A000000000F2F40300B46D040000000000D7
S2140462B0000000000000000000000000CC620400A3
S2140462C00017040024030400FE0000001A1704004C
S2140462D0086F040000000000E2D40300F86E040017
S2140462E0000000004D170400E86E040000000000E3
S2140462F00ABC0300D86E0400000000001BBC0300A8
S214046300C86E0400000000001F170400B86E0400E6
S2140463100000000037170400A86E04000000000008
S21404632040170400986E040000000000471704009D
S214046330886E04000000000053170400586E040022
S214046340000000009C1A0400486E040000000000D0
S21404635062170400386E04000000000007E503001E
S214046360286E04000000000067170400186E04007E
S214046370000000007E170400086E04000000000001
S21404638092170400F46D040000000000A217040035
S214046390E46D040000000000B1170400B0630400BC
S2140463A000000000000000000000000000000000E4
S2140463B0C0630400B617040024030400FE000000B3
S2140463C0CD170400786E040000000000D617040001
S2140463D0686E0400000000000000000000000000DA
S2140463E000000000F46304002403040024030400F3
S2140463F0FE000000DD170400786A040000000000B8
S214046400EA170400BC68040000000000F317040048
S214046410FC6704000000000006180400C8670400B7
S2140464200000000014180400946704000000000034
S21404643022180400606704000000000030180400FE
S214046440C86604000000000041180400A0660400AA
S214046450000000004E18040000660400000000005F
S21404646059180400A8650400000000006C18040015
S2140464708065040000000000FEF703001C650400AD
S214046480000000007F180400DC6404000000000024
S2140464908A180400A864040000000000000000003D
S2140464A00000000000000000B86404009D1804000A
S2140464B024030400FE000000C1180400286F040032
S2140464C000000000C7180400186F04000000000055
S2140464D0000000000000000000000000EC6404005F
S2140464E0CB18040024030400FE00000004D50300B7
S2140464F0586F040000000000FD180400486F0400F4
S2140465000000000009190400386F040000000000B1
S2140465100000000000000000000000002C650400DD
S2140465201F19040024030400FE000000D0BE03006C
S214046530BC6F040000000000F2F40300AC6F04001B
S21404654000000000F8F403009C6F04000000000044
S21404655094D30300886F0400000000003B19040075
S214046560786F04000000000052190400686F0400ED
S2140465700000000000000000000000000000000012
S214046580906504005E19040024030400FE00000065
S21404659083190400CC6F0400000000000000000013
S2140465A00000000000000000B8650400881904001C
S2140465B024030400FE000000AC1904001C70040050
S2140465C000000000F91604000C700400000000002F
S2140465D0B8190400FC6F040000000000BF19040092
S2140465E0EC6F040000000000CC190400DC6F04000B
S2140465F00000000000000000000000000000000092
S21404660010660400D719040024030400FE000000EA
S21404661045180400CC70040000000000F4190400BF
S214046620BC7004000000000099DC0300AC70040099
S21404663000000000C7EB03009C700400000000008C
S214046640AC1704008C7004000000000004D503009E
S2140466507C70040000000000FB1904006C70040049
S21404666000000000061A04005C700400000000002D
S214046670131A04004C70040000000000231A0400DF
S2140466803C70040000000000361A04002C7004005D
S21404669000000000000000000000000000000000F1
S2140466A0B0660400481A040024030400FE00000038
S2140466B099DC0300DC700400000000000000000009
S2140466C00000000000000000D8660400661A0400FB
S2140466D024030400FE00000004D503004C710400EB
S2140466E000000000C7EB03003C710400000000003B
S2140466F0AC1704002C71040000000000891A040082
S2140467001C71040000000000B51504002067040096
S2140467100000000000000000000000000000000070
S21404672030670400A01A040024030400FE000000DE
S2140467309C1A04000C7104000000000094D30300AB
S214046740FC70040000000000B61A0400EC7004009C
S2140467500000000000000000000000000000000030
S21404676070670400BF1A040024030400FE0000003F
S214046770D0BE03006C71040000000000F2F40300B5
S2140467805C7104000000000000000000000000002F
S21404679000000000A4670400DF1A040024030400B9
S2140467A0FE000000FF1A04008C71040000000000C4
S2140467B0121B04007C7104000000000000000000AE
S2140467C00000000000000000D8670400281B040036
S2140467D024030400FE000000481B0400AC710400FF
S2140467E00000000017D003009C71040000000000A5
S2140467F00000000000000000000000000C68040018
S214046800521B040024030400FE00000004D5030009
S214046810DC71040000000000771B0400CC71040047
S214046820000000008F1B0400BC7104000000000080
S2140468300000000000000000000000004C68040097
S2140468402403040024030400FE000000A01B04002C
S214046850646804000000000000000000000000005F
S21404686000000000746804002403040024030400E9
S214046870FE000000AC1B04002C72040000000000A4
S2140468809C0A04001C72040000000000B21B0400F2
S2140468900C72040000000000B61B0400FC71040027
S2140468A000000000BA1B0400EC71040000000000A5
S2140468B0000000000000000000000000CC68040097
S2140468C0CA1B040024030400FE000000D0BE03001C
S2140468D0AC72040000000000E51B04009C72040077
S2140468E000000000F81B04008C7204000000000086
S2140468F0F2F403007C72040000000000051C04008F
S2140469006C72040000000000161C04005C72040094
S21404691000000000241C04004C7204000000000068
S214046920351C04003C720400000000000000000057
S214046930000000000000000048690400421C040037
S21404694024030400FE0000005C1C0400D06C040059
S214046950000000008F1C0400C06C0400000000004F
S214046960CA1C0400B06C040000000000E11C040013
S214046970C469040000000000EB1C040090690400D5
S21404698000000000000000000000000000000000FE
S214046990A0690400EF1C040024030400FE000000A9
S2140469A04C4C0400F06C0400000000005D4C040035
S2140469B0E06C04000000000000000000000000007E
S2140469C000000000D46904000E1D04002403040023
S2140469D0FE0000002FD00300CC720400000000006C
S2140469E09C1A0400BC7204000000000000000000B2
S2140469F00000000000000000086A0400211D0400D6
S214046A0024030400FE000000D0BE03000C73040040
S214046A1000000000B2160400FC720400000000002F
S214046A2033050400EC7204000000000000000000BF
S214046A300000000000000000486A04003C1D04003A
S214046A4024030400FE000000CC190400247404008F
S214046A500000000004D503001474040000000000C5
S214046A6099DC030004740400000000000000000029
S214046A700000000000000000886A04005C1D04009A
S214046A8024030400FE0000007A1D0400747404004D
S214046A9000000000841D040064740400000000006C
S214046AA08F1D040054740400000000001AF903004B
S214046AB044740400000000009E1D040034740400A6
S214046AC000000000000000000000000000000000BD
S214046AD0AF290300A91D040024030400FF000000DE
S214046AE0AB290300B61D040024030400FF000000C5
S214046AF069F10000C81D040024030400FF00000020
S214046B0005F10000F51D0400BD25040001FF00008A
S214046B1069F10000351E040024030400FF00000091
S214046B2005F10000631E0400BD25040001FF0000FB
S214046B309DF10000A41E0400C51E040000FF000012
S214046B409DF10000CE1E04002B1F04000000FF0071
S214046B5019F20000391F0400521F0400010001FF4F
S214046B6085F20000771F0400B91F04000102FF002D
S214046B7019F20000CF1F0400FE1F040001000102EA
S214046B80FF00000095EF00002F2004006B20040097
S214046B9007FF0000B5EF000071200400A4200400E5
S214046BA001FF0000C9EF0000AC200400FC20040034
S214046BB00100FF0025F000001121040062210400FA
S214046BC00101FF00F9EF000072210400AC2104006B
S214046BD001FF000079F00000B4210400FD21040048
S214046BE0010000010707FF00B5F200004F22040071
S214046BF0A420040001FF0000B5F30000972204005F
S214046C00DB220400010700010700FF000D2A030031
S214046C1030230400762304000107000101FF00006E
S214046C203DF30000B2230400ED230400010000FF3E
S214046C300DF300000B2404004F2404000100FF00A1
S214046C40DDF20000622404004F2404000100FF006B
S214046C5085F30000A1240400AC21040001FF000019
S214046C60F5F30000DC2404000D2504000100FF00F9
S214046C7025DD0000240304001B250400000707FF8D
S214046C80C9DC00002403040034250400000707FFC1
S214046C90D5E10000240304004025040007FF00009B
S214046CA0D5E10000240304004025040007FF00008B
S214046CB05F29030024030400452504000000FF00A8
S214046CC0B1E10000240304002EFC030001FF0000D1
S214046CD079E10000240304007D25040000FF000081
S214046CE0A9DC00002403040024030400FF000000C1
S214046CF0A9DC00002403040024030400FF000000B1
S214046D00352903002403040024030400FF000000C4
S214046D10352903002403040024030400FF000000B4
S214046D20352903002403040024030400FF000000A4
S214046D3079DC000024030400B32504000101FF00ED
S214046D4065DC000024030400C825040001FF0000DD
S214046D50312903002403040024030400FF00000078
S214046D602DDC00009016040024030400FF0000003D
S214046D702DDC0000D225040024030400FF000000DC
S214046D80ADDD0000F32504000A260400000100001F
S214046D9007FF00002D290300302604002403040006
S214046DA0FF00000029DB00004A2604002403040038
S214046DB0FF000000A729030078260400240304002B
S214046DC0FF000000992903009226040014250400FD
S214046DD000FF0000A9E40000B72604002403040012
S214046DE0FF000000FDD90000D1260400240304009F
S214046DF0FF00000091D90000F42604007127040067
S214046E0000000310FF0000006DDA0000C62704002F
S214046E103428040001FF000041DA00004928040079
S214046E208C28040000FF000055D900009D280400AB
S214046E3024030400FF0000002B290300CC280400D0
S214046E4024030400FF00000031D9000018290400C0
S214046E501425040000FF0000FDD80000592A040091
S214046E60AE2A040000FF0000E1D80000C82A04008F
S214046E7024030400FF000000C5D80000D82A04003C
S214046E8024030400FF0000001B290300EC2A04006E
S214046E906A2B040000FF000095D80000F52B0400C0
S214046EA024030400FF00000051D80000122C040044
S214046EB03D2C040007FF000011D80000472C0400F6
S214046EC0A02C0400000500FFC9D70000532D0400C1
S214046ED0662D04000002FF00A5D70000952D0400CF
S214046EE024030400FF0000001B290300A72D040050
S214046EF0E12D040000FF000039D70000672E0400CF
S214046F00AD2E0400000301FF29D700004D2F040016
S214046F10932F0400000301FFC55201003330040020
S214046F2024030400FF000000B33503005B300400B4
S214046F30D630040002FF0000D5F700002B31040011
S214046F40C427040000FF0000A1F70000533104002A
S214046F50C427040000FF000051F700006C31040051
S214046F6024030400FF000000D1440100853104001E
S214046F7024030400FF000000A9440100D2310400E9
S214046F8024030400FF00000035440100FD31040022
S214046F902332040000010100010102FF0D44010038
S214046FA0A2330400CA33040000FF0000ED430100CE
S214046FB0F133040024030400FF00000035430100FD
S214046FC01B34040024030400FF000000853403007F
S214046FD03434040024030400FF00000005380100D4
S214046FE05A3404008B3404000002FF00E732030026
S214046FF0E834040024030400FF000000E332030026
S2140470001535040024030400FF000000B93701000E
S214047010303504005A35040000FF000079350100BD
S2140470208A35040024030400FF000000F520010054
S2140470309D35040024030400FF000000DD20010049
S214047040B535040024030400FF0000005F3203008B
S214047050CE35040024030400FF0000004B32030076
S214047060FB3504007536040000FF0000853401007B
S214047070B436040024030400FF0000007533010046
S2140470802C37040024030400FF000000991F0100AD
S2140470907037040024030400FF0000007D1F010075
S2140470A08D37040024030400FF000000F51F0100D0
S2140470B03838040024030400FF000000E91F010020
S2140470C0C63804000B39040000FF0000B51F010099
S2140470D0423904009339040000FF0000E11D01005A
S2140470E0C639040024030400FF00000079120100DE
S2140470F0F23904005B3A04000000FF007912010034
S214047100B03A0400123B04000000FF00191301000B
S214047110573B04008A3B04000002FF00B931030019
S214047120DF3B04002D3C040007FF00004D14010063
S214047130493C040024030400FF000000611201001F
S2140471406D3C0400923C040000FF00006D13010037
S214047150EB3C040024030400FF000000310C010093
S214047160283D040024030400FF000000F90B01007E
S214047170523D040024030400FF0000009130030085
S2140471808D3D0400FC3D040000FF00005505010091
S2140471904D3E0400CC3E040000FF00008330030094
S2140471A0123F0400643F040000FF00006330030045
S2140471B0AB3F0400F83F040000FF00001DFE000083
S2140471C0424004007840040003FF000055FE00001F
S2140471D0B3400400F940040003FF000005FD00006E
S2140471E04F41040024030400FF000000EF2F0300B7
S2140471F07F410400BD41040000FF0000E92F0300A6
S214047200CD410400BD41040000FF0000E32F03004D
S214047210F4410400BD41040000FF0000DD2F03001C
S2140472201B420400BD41040000FF0000D72F0300EA
S21404723043420400BD41040000FF0000B32F0300D6
S2140472406C42040024030400FF000000B92F03006E
S2140472508E42040024030400FF00000055FA0000D8
S214047260B6420400EF4204000001FF0081FA000069
S2140472701043040024030400FF000000B52F03009D
S2140472803B43040024030400FF0000003DFA000012
S2140472905643040024030400FF000000F9F900002C
S2140472A0714304009E43040000FF0000E1F900005F
S2140472B0B943040024030400FF00000029E2000090
S2140472C0E443040024030400FF00000029E2000055
S2140472D00B44040024030400FF00000019D7000038
S2140472E01C44040024030400FF000000E5D600004C
S2140472F0314404005844040000FF0000E5D60000B2
S214047300684404005844040000FF00007DD60000D2
S2140473108F44040024030400FF0000001329030024
S214047320AA44040024030400FF000000D9D200008D
S214047330CD4404003745040000FF0000B9D2000025
S2140473405A45040024030400FF000000A1EE0000D8
S214047350C04604004D470400010000FF85ED000010
S2140473606A470400BE47040000FF0000B9ED0000B1
S214047370D3470400254804000100FF0025ED000063
S2140473803B480400284904000107FF0017290300AE
S2140473903849040024030400FF00000085E60000CA
S2140473A0494904005B490400000101000007FF008E
S2140473B07DE5000096490400A74904000001010089
S2140473C0FF000000B9ED0000F6490400074A040077
S2140473D0010000FFF5E40000F6490400394A040001
S2140473E000FF0000658501004A4A040024030400E7
S2140473F0FF0000000DD30000964A04002403040096
S214047400FF0000000F5603002403040024030400B6
S214047410FF0000002D93010024030400240304004D
S214047420FF000000F192010024030400DB4A04007C
S21404743002FF00009D9A0100E34A040024030400AE
S214047440FF000000299A01000F4B0400324B040091
S2140474500200FF00915603005B4B04002403040063
S214047460FF000000059A01007D4B04009B4B0400BE
S21404747002FF0000DD990100B04B04009B4B0400A2
S21404748002FF000001000000CC4D002000000000B8
S21404749000000000FFFF0000932F03000000000020
S2140474A003000000FFFF010071300300000000002D
S2140474B004000000FFFF0100FF300300000000008E
S2140474C004000000FFFF00008331030000000000FA
S2140474D006000000FFFF0000F53103000000000076
S2140474E019000000FFFF01008B320300B61B0400E6
S2140474F0FC680020000000000000000000000000FF
S21404750000000000074C0400707504000000000032
S2140475100D4C04008856040000000000144C0400BF
S21404752058580400000000004D1904004858040090
S214047530000000001D4C0400385804000000000041
S2140475402F4C040028580400000000003E4C0400A1
S21404755018580400000000004F4C040008580400AB
S2140475600000000000000000000000000000000012
S21404757080750400614C040024030400FE0000002F
S2140475807C4C040098750400000000000000000015
S2140475900000000000000000A35A0300814C040011
S2140475A024030400FF03010001013F040201003F1D
S2140475B0040202003D040202003D0401020001022E
S2140475C00003010002023D0402010002020201005F
S2140475D0020200000020202020202020202028282E
S2140475E0282828202020202020202020202020207A
S2140475F020202020208810101010101010101010BA
S21404760010101010100404040404040404040410E9
S2140476101010101010104141414141410101010177
S2140476200101010101010101010101010101010141
S214047630101010101010424242424242020202024D
S2140476400202020202020202020202020202020211
S21404765010101010200000000000000000000000C1
S2140476600000000000000000000000000000000011
S2140476700000000000000000000000000000000001
S21404768000000000000000000000000000000000F1
S21404769000000000000000000000000000000000E1
S2140476A000000000000000000000000000000000D1
S2140476B000000000000000000000000000000000C1
S2140476C000000000000000000000000000000000B1
S2140476D0000000000000000000000000A001000000
S2140476E0801300200002100068520020201500209D
S2140476F00000020800000000FFFFFFFFFFFFFFFF7F
S214047700FFFFFFFF00000000000000000000000074
S2140477100000000000000000000000002000000040
S21404772075C601001000000055C7010000000001E6
S214047730000001010001010120C001B800000000A2
S21404774000000000FFFFFFFFFFFFFFFFFFFFFFFF3C
S214047750FFFFFFFFFFFFFFFFFFFFFFFFFFFFFFFF30
S214047760FFFFFFFF000102020303040506080C0CDA
S2140477700C00010203040707C8C8C8C8C8C8C8C89C
S214047780C8C8C8C8030404080808080800B801B82C
S21404779002B800B07893040060930400030404085D
S2140477A008050000000000000000000000000000C3
S2140477B000000000EA06000048704C0F44700E0EED
S2140477C030707E1302989A173870340F34705A0F3C
S2140477D0307048102C7048102870D0112470E811AE
S2140477E020703E0F1C70901218700C1314703A0F11
S2140477F0B110086001D80A7104B87F78020C7E784C
S214047800641000C6881F00A01DB8707803B0186006
S2140478100F3027B30F330111C04806987C0229B0F5
S214047820086001D8087109DD047109BB11101660DF
S214047830A048086004100112FF3221500860D048A6
S214047840086000880698381400C4441F00A000BAD4
S21404785003DF107109DF0672029836031DB85078EC
S21404786000A04413281441158110086002D814712E
S21404787010880698201900C014C000B80698861B05
S2140478800091069892020160B83020D806711EBC9A
S214047890637C784D5412F03240DE0472404804DBB8
S2140478A008720DDD0C72044BEF3014480698F2048F
S2140478B000C4E04000544412086201322140087CAF
S2140478C0811140D91C72B1123032CF4A013AB1DA72
S2140478D0107208D8067104D80871804C237C567040
S2140478E0684C441200C4A41E00A04414413AF32475
S2140478F00164415C412A047580B800C460400054A9
S21404790081D8367140D90472237C084B0698F20459
S21404791004BA1CB9767900C1204001B835797F21B4
S2140479206121007906B906A901D8067102981002E9
S214047930804C307C0298640208D86A7100C15440B6
S21404794000B8141110D95E71584C441280BDA26D53
S214047950FF25784C4412FC22513A2814104C00C2DD
S2140479600CC101B8241228140862281408622814CA
S21404797008622814304C304C00C11C4000B8141166
S2140479801814086100C5284001B85415FF35047161
S21404799010491814B04C4412086201320671029859
S2140479A00401804C08D80C7107BA24D8047106BAAE
S2140479B0187004D80C7101BA40D80E7102BA0A7055
S2140479C005BA20D8047203BA204C4411C04C1814CB
S2140479D0086118149111383111429111186110D9A7
S2140479E00472EF3200C1084001B8141110311E6150
S2140479F011422814A1110861181406986C1B181457
S214047A0000C1084001B814111861FF31181400C1F0
S214047A10448001B8141118140861181430880248F8
S214047A2006989403009308DB047101F800A027B0BD
S214047A300F3000A01088B111186180D90A7100C1F6
S214047A40884000B80811009100A000C4684000B83F
S214047A50441000A000C08840005004118261041045
S214047A6082601050F07200A05415504512710698AA
S214047A7002050698920407B8707802B841781EBAD0
S214047A805B7A5C7A5D7A00C220C001B8241206983C
S214047A902A1900C5481F00A05415511400C3FF013D
S214047AA00000313D09647F3406989C020158512831
S214047AB00475015841280E758111086102D90472B3
S214047AC0FF0FCC7007B8727800F8EBBD00C0441FF7
S214047AD000A00411113D10D91271FF33186300C1C0
S214047AE0781002B8381107B97479581000A00698AF
S214047AF092020D300472044809DC0472084800C17E
S214047B001CC101B8141100C3D01E00A09115043581
S214047B101A7218131CBB08D804716C7B04D8047141
S214047B206A7B1DBB2F7C5B7B1670044B18131CBB37
S214047B3008D804716F7B04D804716D7B217C0C30EB
S214047B40026006987E040698C40B00B8B11118614A
S214047B5040D906720298580401BC00C2084001B815
S214047B6000DC0A7124150265604A0A702C4A241542
S214047B7008654C4A043508D90471202400C13C1F0A
S214047B8000A0141200DC327120D8067101B80C7003
S214047B90F0DA0C720CDB087102B8069886044824E6
S214047BA000C3384101B834138F7B0E7102B99113A8
S214047BB008DB047203B928707C4914111110FD30D7
S214047BC00DDC1C7200C0A01E00A0041080D810712A
S214047BD000C0448001B80410E5200475804900C341
S214047BE0884000B8FFB801201141087101411813FC
S214047BF00824014200C1284000B8141101411C6544
S214047C005141911520351E65514118132813481308
S214047C1000C3844000B8341003D81671073005DC5E
S214047C201071B1108F780A7200C384C40350217B8C
S214047C301DB8507800B800C13C1F00A014121C6088
S214047C402150F0300152281100A04024076400C0DF
S214047C50FFFF0100013C17B00220015840280675BA
S214047C6018AC01EC00A0208800C020C001B80412A3
S214047C7017B4211304123052F8711964402400C357
S214047C805C1F00A0341014110698F60D19610092BA
S214047C9011592129067600BB11590698D60D87621C
S214047CA0313B0472215A412A00A000C2686000B821
S214047CB0B8B91F610D49181200A0308801B91161C6
S214047CC000C30000C0FF3110312800BC002D0C7525
S214047CD0115418AC01EC312DF4701964511341554C
S214047CE0312C009300A000C3C00FFEFF50B2313AFF
S214047CF0014250AA00A006983E07FFB08678087195
S214047D005CB86B786E7800C2548001B800C0D81F87
S214047D1000A004100812B822217A237A52B84178B7
S214047D2001B80C6021A809B819604CA800C0FFD19E
S214047D30C1FF4FB2013A00C0002E300001424FAAE4
S214047D4024B86E78ACB9FFB004D804714CB923A932
S214047D500698A80500C01390010006982E0500A0FA
S214047D600698020519B81460FFB28C620F32826A54
S214047D70214006982E0549BC21B952B849B207DEFF
S214047D802A7105DE0871627C607C1D0C6179677857
S214047D9064786B786278657863786078617C010CC7
S214047DA0010C6878020C69786C78020C00C22C808E
S214047DB001B8277A287A267A6A78050C41790A0C5B
S214047DC0B11040D806710298BA06784A2B7A327AED
S214047DD0584A247A00C400011100404A00C01084A6
S214047DE000000812508800C584100100FBAD10BDC9
S214047DF001BB8A6B21B9FAA9C44A1812217A227ADD
S214047E0000C0341F00A00410FCA882644110303067
S214047E100129F9A9F8ADFBB08260FBA80330A06580
S214047E202110044820EC237A0410037A184A2411FB
S214047E30DC4A01580029241004753150F8B1115059
S214047E4081632A71514031400812FCB18461FCA957
S214047E500F310E7117B0112817B111591028FA7680
S214047E60C44AF9B11812217A227AA0700095081231
S214047E70F8A800C20C8001B8207A844A00B8081218
S214047E80020CA44A087A020C21B84178784A0B7A84
S214047E90127A00C2C81F00A0FFB008D80472184A9D
S214047EA0241000DC0A7140A80422241041A8069875
S214047EB09C0200C2481F00A02410015100C4FF0108
S214047EC0000041391150081200A006983E0700BC75
S214047ED000C20C8001B8217A52B84978020C48785E
S214047EE0020C49B8417852AC21AC204A087A067A8A
S214047EF0077A49AC00A059B840785AB101D9FC7247
S214047F00427857B8407858B101D9FC72427800A03C
S214047F1000C20C8001B8217A227A21B8547852B86B
S214047F20BC4A24119979127107B915614CA9617874
S214047F3000BB03BC0C64147009B919614CA94178E0
S214047F4001BB126300C4002E300000C0FFD1C1FF85
S214047F504FB1013941414FA9E44AC8B8081224ABCD
S214047F604CB823A80698A80500C004900100FFB1E9
S214047F7086790471084806982E0500C080090040DA
S214047F8040A809B8FFB108D9047103B853A8B110C2
S214047F9004D80C7156BB607B57BA627A607A02D8F2
S214047FA00C7156BB607B59BA627A607A04B86E78F4
S214047FB03DB8607800C05638000000C1B08001B8F3
S214047FC014119979087200C0D604000000C124C0B8
S214047FD000B814119F79047208484CA82EB8FFB153
S214047FE008D906714AA804704BA80FB834A800C074
S214047FF00C5E000046B2014246AA00C12C4001B8FD
S214048000141108610631087100B9069850110698D3
S2140480103E14B11101D90E710698921B02D906724C
S2140480200698A00C069838145114069892040698DC
S2140480302A110698641700A006984E1701D80A71EC
S2140480401CB85B7807B8757800B84CA84AA84BA843
S21404805000C0F321FFFF46B1013946A904B86F7882
S21404806000A0FABC1964415C512C00C0581F00A043
S2140480700410012C0675069892040698780FB11021
S214048080186005D8327140BA06980E1404B865789C
S214048090911004D816711CB86E7800C0684000B8F9
S2140480A021780698781101400A721DB8427806981D
S2140480B04A1402985E0B1DB8717804B86C7841B8FF
S2140480C0427863784478FFB104D906720298CA09E4
S2140480D000C004900100FFB1867904710848069830
S2140480E02E0500C32C1F00A000C274C000B82414C0
S2140480F0481300BC48121C4B1C4A2414481300BCEA
S2140481004812084B584A2414481301BC48124ABA69
S214048110447A427A4BBA447A427AFFB0867804723A
S214048120617A4CBA647A657A3DBA607A4DB942B8D7
S2140481303FBB5B7966796179020C6479050C6379D7
S2140481406079050C627965795A7900C2340102B8FF
S214048150241305B819603140081242B86A78020C34
S2140481604A78020C40BCFFB208DA06714ABA0670B6
S2140481704BBA627A657A677A667A6A79667B029817
S214048180A40A00C32C1F00A000C274C000B82414A4
S21404819048131C4B1C4A241448133FBC48121C4A60
S2140481A000BC4812084B444A2414481301BC481225
S2140481B04ABA647A627A4BBA647A627AFFB3867B86
S2140481C00472617A4CBA647A657A3DBA607A01D9E7
S2140481D04E71647800C1708001B800C08000080049
S2140481E008110698860B42B861784DB97F797E7976
S2140481F06A7868786278020C7B790F0C7A79140CAA
S2140482007479417860787579050CFFB208DA0671DE
S2140482104AB804704BB8657801BC1664407002D93D
S2140482203C710698860B42B84DB968784078417818
S2140482307F797E797B790F0C7A79140CFFB208DA91
S214048240087171794ABA067070794BBA7279657A90
S2140482506A78020C4A78050C01BC1664020C417953
S21404826040790C0C00C04C0102B848100698F20481
S21404827000C4784000B8007C00C0A01E00A0041112
S21404828080D93271911104D92C727F2021200411D7
S214048290FD310DDD207200C0448001B80411E521D3
S2140482A0147600C0244001B804118A790871207C31
S2140482B0104C207C2AB86278511400C0581F00A0C5
S2140482C00410012C17B001118768015841280E7656
S2140482D005218769415C412D112D0670069892048C
S2140482E042B84DBB7C7B6478020C29B8687851147C
S2140482F0404406750698920442B844782AB84278F0
S214048300FFB101D90C7100C1548001B8CBB8081173
S214048310911004D8147100C0A01E00A0041080D8C8
S214048320067107B8537800F807B800C1CC1E00A041
S21404833000C220C001B824122811777800F8B110C2
S2140483409478387106989C02E4B911591128067677
S21404835000B80C70A0B9115901290475A0B8826040
S21404836000C3C01F00A03413012B341000C3FFFF4A
S21404837000FF42B13139114042A800A01DB09178E7
S214048380FA7142B86478020C00BA29AA00C4548070
S21404839001B842B84DB900C3C04001B83413977B46
S2140483A0047240EC020C44785C7953AA0A0C281434
S2140483B042B84DB9FFB301DB2671244C00C3FF0F4E
S2140483C0FF0138145479407841785579020C5B796A
S2140483D05A79140C5F795E794A784278347002DBF5
S2140483E01471527951795079020C5B795A795F7914
S2140483F05E791E7004DB1A7100C4FF07000000C318
S214048400342102B848133FBB467B020C5B795A7989
S2140484103DBB407B4CBB447B457B00C3301F00A068
S2140484203414403C207100C068C000B848102813BB
S2140484301C4B1C48341448102813144B444834145A
S214048440481028134AAA4BAA04B86D781DB8517868
S2140484505CB84B784E7800A000C074C000B8041115
S214048460108800B9181068480411108801B90B6107
S21404847018102C4804111088008800C1231C000022
S21404848018104AB864784BB86478260C28B000C133
S214048490FFFF0FF0113871B90B61114028A828B9F5
S2140484A07379747900C21010303045AA54790E0CD2
S2140484B000C0E84001B8041100C23030101045AACC
S2140484C00E0C0410008810880698620D0091009027
S2140484D020888F618F600698620D0090886A21401C
S2140484E00112906A035800C13F3F00001138FFBCD8
S2140484F0022441281138014245AA28B953794AB8BA
S21404850044784BB8447800900091181000912C4899
S214048510181000916848181000A09168436091698B
S2140485204361115B012B112841603128315B00BA8D
S214048530302806763128204A4163302806763128CA
S214048540104A4163302806763128084A41633028A9
S21404855006763128044A4163302806763128024AD2
S214048560416330280476014A00A0115910D90671D7
S2140485700860086008D90471086004D904710460AE
S21404858002D90471026001D90471016000A000BA26
S21404859001D806710148112A1F61016001D8F672DC
S2140485A00138F67200A000C220C001B82412115986
S2140485B02129127300210E7100C238C001B824129A
S2140485C00121212900A002B020D8147100C0B01ED9
S2140485D000A0041002B9457906987613EA7003B031
S2140485E09F78087200B806A800F806983E0700C5EB
S2140485F0641F00A05088044D1CBC00C0B41E00A01C
S214048600811101D91E71407C009501150C4D5088CE
S214048610044DFFBB1863315B04110698EE0D312937
S214048620F8750698681A54150698921B01D90872AC
S2140486300698580706700698F4071CBB547B0698E1
S2140486404E1701D8067202981A0FFFB90121103886
S214048650F67281129B7AF07100C2448001B8241429
S21404866000C0C01E00A004100113002004104050D7
S2140486700C7200B90698280F18B90A7018B906982B
S214048680280F00B900B806981E0F704A08B8069856
S2140486901E0F00C2284000B814B806981E0F00C269
S2140486A0EC4001B80CB806981E0F202210B80698A5
S2140486B01E0F108830880698580700930091069875
S2140486C0280F00C0C41E00A00412FFB901212141D6
S2140486D01810009500F8312811280410081200A07C
S2140486E004B831281128F8B1181000A0069880089C
S2140486F00E700698C40B06988008069872120698A0
S21404870012079112211900C02C4001B80A78097882
S21404871000F810B901BA0698041406982A110698A7
S214048720641700C5641F00A081109D78FC7200F8D1
S214048730911203321CB900C3A01E00A0341300C457
S214048740B04000541DB84278707903DE0671447850
S2140487503A707179A11020D806710298541080DB03
S2140487601C7102D8187205B80814A11010300248FB
S214048770081400B808149110086008141DB862782C
S214048780A11000DC0676517900BA06984E1701D877
S2140487902272911120311D61911004D80E7200C10D
S2140487A0501F00A0141101D90A7120880698501190
S2140487B0009200C1204000B801DB1871084C03DEAB
S2140487C00471904C441400C3FF1F0000413BFF2378
S2140487D03811944900C3384101B83413086380DB68
S2140487E00C7103BA186206983C1008701862069852
S2140487F03C100C490879097914102140081100A08E
S21404880000BD0698760210B903DC047100B901BAFB
S2140488100698041402D9067100404E7203B118611A
S2140488200F3106987811FFD82872811008D818716D
S21404883006DD0A710698760203DC0C720698BC11F3
S21404884006984A140C7006DD10710698C21148701A
S21404885020B804A806DD1072069880080698120749
S21404886001F840B804A800F800C0A01E00A0041335
S214048870086301DB227191100111186111381DB9CA
S21404888010D8087144790298541002DBFA72A113C6
S21404889028DBF47203BD06981E11069880081DBADC
S2140488A07F7A0698F20400C5681F00A00698760230
S2140488B000BA03DC1672044DA11002D804711C4DD4
S2140488C000C10CC101B80698AE045415212D0698B3
S2140488D03E050298AA089110015503355150011916
S2140488E000A000C14C1F00A0141001D8427101481A
S2140488F00860FE200E75811020D8087100C1501F34
S21404890000A0141101D9287100C02C4001B804122B
S214048910215108610F3118611152281000C0084017
S21404892001B804119112215120311152211900A0CD
S214048930811380DB067201B800A000C314C001B81E
S214048940341006302E726C4B34121C4B34101860E4
S21404895002302072811080D8DE713410014A086219
S2140489600460803021508C480A717F234D233410D4
S214048970013000A000BD06981E111CB84778457843
S214048980437802B8447800A0069880080698BC117C
S21404899000C5741F00A0541506983E050298AA0840
S2140489A0B1138F7B0A7200C384C40350017B0698FC
S2140489B03E1400C1384101B814118F790E7100C1FC
S2140489C0B84000B800BA06983C1050BA06980E1480
S2140489D006987811FFD84A71911004D8487281100D
S2140489E008601CD8407220D938721112FF32215107
S2140489F0347180218021111400C0D81E00A00413F5
S214048A00FFBA3151113A215111531DB938107B79EF
S214048A1040440E7200B900C2AC1E00A018120670C4
S214048A2004B860780698381400F800B900C2A44068
S214048A3000541812644A0AB918121CBA507A517AA9
S214048A401DB942795F7900A00698760207DC107299
S214048A50911000200A75069872120298660F0698FE
S214048A60120701B9911004D8047100B910BA069817
S214048A70041400BA0040347100C0A01E00A0041103
S214048A80086101D9127104D9E2728110086001D814
S214048A90DA711DB8647800C11CC101B80698AE042A
S214048AA001B81160002A047600BA00C5781F00A039
S214048AB05415212D069872120698580700C57C1F77
S214048AC000A000F800BC811108D9167280D9207263
S214048AD001B910BA0698041400400E7101BC107057
S214048AE00698BC1106984A1420B804A800F80698FC
S214048AF0721281110231127100B900C2144000547E
S214048B001812244A02B918120698BC1100C5801F10
S214048B1000A054150698F01A0298AA080411012118
S214048B2014711CBA737A0420041228110420041148
S214048B300121F47200A00698F20401F806984E1774
S214048B4001D81671FFB9012110380E7281109B7876
S214048B50087104B9677900F8911010D8287100C517
S214048B601CC101B854110698EE0D00C5C81E00A01D
S214048B7054155129EA7507B876781DB8447801B8B3
S214048B8004A800F8B110186010D82E7100C0504028
S214048B90005400C3084000B83114984C44113411F2
S214048BA0086101D9FA714412281008622810086274
S214048BB0281008622810E8700298B00206989202FC
S214048BC0113804721E6202BB00C1D81E00A0141124
S214048BD020390C72911210DA0672417B00A00698B6
S214048BE03E1400C2A01E00A0241220DA0472617B88
S214048BF01CBA527A00A01CBA727A811204DAFC7289
S214048C0000A01CB86B7800C0684000B82F7800A09D
S214048C1006984E1701D83A7100C22C4001B82410A9
S214048C200360911120310151383111501D60081232
S214048C301DB9457900C2448001B8241200C0C01E84
S214048C4000A0041018200020041020500471657938
S214048C5010631EB9637900B902EC00CD114502EC2D
S214048C6000CC01DB087100BB0298D61803B841118A
S214048C700731FA211C760621911210DA087102DDFA
S214048C8010721E7020B80698B20D3038147208B8E8
S214048C9006987E0400C02C4000B82978207800F896
S214048CA0056020D8067102980C1602EC00CA05B8B6
S214048CB023DA187104DBDA7120DAD67110DAD2728C
S214048CC01EB8617800B801DA067202EC00C8911189
S214048CD010D9267100C1B81E00A014111150FF301F
S214048CE00C720761A110115002300A7180DB0A72FF
S214048CF00AB89E701DB97C79186091111140211133
S214048D00C031114001191EB8411108D904716678A2
S214048D1020D904726578A11002D80672C0DA1E71D2
S214048D201EB8273123DD087210DB1072607825DD4B
S214048D300A7121DD087208DB0471627803B84111F8
S214048D4007310872A1152035AA7102DD2072A1111F
S214048D5020D9A07102D91672CCDA9872411140D982
S214048D60927206B8054D5A720298AE142111404903
S214048D70C0D94C71A031411540350265514104619A
S214048D80086308DA1E7204DA36721049A115023531
S214048D90067110DB0E7201340A7108DB22711EB8EC
S214048DA06778CC3211101A300ADC0872CCDE0471F3
S214048DB0FD3100C00D0F0C0D216001D85C7207B8A0
S214048DC00298D81400BA411108D90C7102EC00CAF2
S214048DD005B830DAEC720734F031036101DA047155
S214048DE0014900C0F300A3E3216001D8D27100C09A
S214048DF09814406821604030014440DA0471204CE5
S214048E0004320262204A111006301F6001421831F3
S214048E101D6111420298F614204A00C00517085036
S214048E202160113001422088FFBB0DDA507100C169
S214048E30DE1B250180BC04DA107208DA0A7200C14F
S214048E4020841000E024A02408634143026401DA6D
S214048E5006711E49024B00C0201F00A0086338108C
S214048E60BC2002DA127101B91159A11380DB087112
S214048E7000C100FCFF0118100298621800C4A01E6E
S214048E8000A0441080D87C710092D0DA06710DDA06
S214048E900C711EBD437DEFBD0698140304620DDA03
S214048EA08672A11105D95C7100C240400054241298
S214048EB01424281401D9067202D9327140D91E71BD
S214048EC002EC00CA211018320471FA2220D8047267
S214048ED00822FE22087502EC00C8F87001D90E714B
S214048EE002EC00C802D9067204DC187200C0A01E88
S214048EF000A004101D6001D806711EB8647807B877
S214048F0073780298D61800C0A01E00A00410803003
S214048F100A7100C0C41E00A0041000A006984E17D4
S214048F2001D82E71911010D828728110A0D8227200
S214048F3003B084781C7200C12C4001B814100DBA1A
S214048F40487A697A6B7A08111CB87B7807B8757802
S214048F5000A0641000C6881F00A0C3B806987C0250
S214048F6000C4441F00A014BA281400B8011AB11093
S214048F708F780A7200C084C40350017891101030B0
S214048F80011905BA06980E1402D9067101B804A888
S214048F9000C0A01E00A004130698641180DB0671AE
S214048FA0029858141DBA7C7A01DB6A7100C2241F29
S214048FB000A024111114FF3402EC00C8FF24FA7632
S214048FC008610698C20D046111380F30046111144B
S214048FD0011141100698C20D01D8087203B8029810
S214048FE0D8140C4A01DB227124101128112804120B
S214048FF002300471106200C0FFFF0000213800C276
S214049000204000B8FF200812411008600698C20DE0
S21404901001D87C7120BC1033767100BB00C1201FC0
S21404902000A01415C021112C511218620F320E71B3
S214049030408851140698FA18414300945112086562
S2140490401C620F320E71411151140698FA181C64F2
S21404905041430865513B00C1DC1E00A014111112E7
S21404906031100F30127100BA056101D80471114233
S21404907001600FD8F472311003601E30047201B818
S214049080003A087204B80298D8140298C41600C0AD
S214049090384101B804118F7914717F2069200411B6
S2140490A00861303110DD06711DBA637A0698120322
S2140490B000F830885088FF34087102ECFF24F870FA
S2140490C002EC00CD1410595001440421FF22F27220
S2140490D00F4C0095009300A000C1A81E00A0141118
S2140490E000A030880698421B8111086102D90672D6
S2140490F00298061A1CBB557B086120D90671029893
S214049100F6190088A110186006982019082114156D
S214049110FC251EBB5C7B5D7B00C1084001B81411B6
S2140491200731FE21307608D82A725113FC233413F3
S21404913004DB20711863FF33315B00C110C000B834
S2140491401411086180490C71FF31302954751EBB17
S2140491507B7B10707B7B7C7B00DD04717D7B01BB9D
S2140491603815EC25541300DF5471042505DF5471BB
S2140491705415211120880698EE0D009251293E754B
S21404918000C1084001B8141102DB0C710731315BD1
S21404919031292A760C7004DF0872016180D91E72A8
S2140491A00698201900C010C000B80698861B0698BA
S2140491B020191411FFD9607202984C1A009000937B
S2140491C000A05415A111186110D9A672082508D854
S2140491D0A071082510D89A71208821110698EE0DE2
S2140491E0FC255412112AF82554110C2520D8087190
S2140491F0F0255411102520290476215918150092BB
S2140492000298B81907B97179811010D80A711CB878
S214049210447802B841781CB9747904B9677900F8BF
S2140492208110A0D808711CB9497900A0086002D83A
S214049230FA7106982019108806983E14106210DAFF
S214049240087108211415F025541100C20020FEFFF1
S214049250202912750698921B01D90A72069880086E
S2140492600698120700941CBB41100C200698641341
S2140492704111082114100698641331284411111260
S2140492800861FF31FF32012210521072186118145F
S21404929004244413042438140C701861214118144F
S2140492A008240814029838144044147100C1AC1EF3
S2140492B000A0141551131C630FDB0C721965069875
S2140492C00205411500A000C3784000B83413807B23
S2140492D006720698120706983E1408BB51140698A0
S2140492E0B01A4415FC25541500C3784000B834134E
S2140492F0807B047100A002983E051CB900C3A01E22
S21404930000A03413086308DB1A718113A0DB06710E
S214049310497910706979086302DB087204B96779C1
S21404932000F800A08111086102D910711CB9757982
S214049330069820191411FF3100A0FFB900A00410EC
S21404934008211411F421081100A0811110611031B4
S2140493500E710698201908211411F821141100A082
S214049360B89504000000000090930400010000007B
S2140493700000000000F04902B89504000000000058
S214049380B4930400010000000000000000F049024D
S214049390D89304004063598F404B4C000B000B00DD
S2140493A01A00FF7F90690020000000005A9804000D
S2140493B000000000C89404004063598F404B4C00E2
S2140493C00B000B001A00FF7F9069002000000000CD
S2140493D05898040000000000FC1F0103B89704001E
S2140493E01CC0011000F807001CC00130140208005D
S2140493F050C0010087413004244006010700620083
S2140494003870000000000000000000030068010F30
S21404941040B8244058400101FC0069008040050122
S2140494202363E0119BC34A74F0030000038000002A
S214049430BE0A0000E040010133000000F0400401D1
S214049440590B0000640483078813C83A90200A0066
S21404945028410101001E00003C410B0100148C0051
S214049460141A21282E343B42495043557698BA0C98
S21404947028690000010000000721286414171A0058
S2140494802004C869A1203A093C42010129000000D1
S214049490A080020170780300D5C00000A8800111E6
S2140494A0F0010000A88001310542CB01AC80011117
S2140494B0F0010000AC80013105228D00B08001016E
S2140494C000030002FFFFFFFFFC1F010308980400CF
S2140494D01CC0011000F807001CC00130F50208008B
S2140494E050C001008741300C2440060107C05200DA
S2140494F00000000000000000000000030000000060
S21404950000000000584001016402FF00804005018D
S2140495104B01A0089BC34A74F0030000000000003F
S21404952000000000E040010133000000F0400401A8
S21404953000000000640483078813C83A9C200A00CD
S21404954028410101031000003C410B01000000000B
S2140495500000000000000000000000000000000002
S21404956000000000010000000000000000000000F1
S21404957000000000000000003C4201010000000062
S214049580A080020170780300D5C00000A8800111F5
S214049590F0010000A88001310542CB01AC80011126
S2140495A0F0010000AC80013105228D00B08001017D
S2140495B000030002FFFFFFFF0C40020001801400BE
S2140495C07F40000020400200000000000000000071
S2140495D0304007000000000000000000000000000B
S2140495E0000000000000000000000000A0070000CB
S2140495F050400100000000005C4002000000000033
S21404960000000000A840010007000000B440040069
S21404961000400000FF4C000000410000FF4D000029
S21404962008C001000000000020C00110FF00000078
S21404963020C001300043000024C00400EC80B303C3
S2140496404375A802000000002E02000054C0030068
S2140496500E2D09E654060708D1B6020064C00800B9
S2140496600430000040201006C8F248181FE8F60030
S214049670BD4B721511A3180510325476980A0000D3
S21404968088C0010000000000080001010407000073
S21404969018000101000000002000010108840000F9
S2140496A01C4002011000000020F913045C40050170
S2140496B04108000001000000B0070800A7000000F1
S2140496C000000000944007010101103050707F7FB5
S2140496D00000000000000000000000000000000081
S2140496E000000000E440010100000000EC4001011D
S2140496F07DA8D98B0041020100612000B7563512BF
S2140497000C410301F95412002030042988BB4000A0
S2140497102441010100000000304103016406660C88
S2140497200C010000E853FA0068410301640483074F
S214049730881382000000000030420301000000008D
S2140497400000000E0000000044420101000000007A
S2140497501080010103000000388002011149100046
S2140497600100000088800101000000009C800101C7
S214049770EB400200B48001013700000188000202B9
S214049780000C00044C0000009400010200040000D9
S214049790D00002020E00000090029608E4000102C7
S2140497A03D094204F4000102000000001801010211
S2140497B060005102FFFFFFFF1200000066666600AD
S2140497C0000000006C9804005C9804000000000090
S2140497D0001A9A00005A620280841E000420FE00CA
S2140497E011495002000000000000000000000000C4
S2140497F00000000000000000B1841E00000000000D
S214049800000000000000000012000000666666000B
S214049810000000006C9804005C980400000C000033
S214049820001A9A00005A620280841E000420000077
S2140498301149500200000000000000000000000073
S2140498400000000000000000B1841E0000000000BC
S214049850000000000000000005040000E1190000FC
S214049860E11900000000000000000000193F010696
S2140498700410010000010106001027000009000082
S2140498800000000000000000B9CF010069CF01000D
S21404989075CF010065D001005D600300F765030025
S2140498A0FB650300FF650300036603000766030009
S2140498B00001030464EE01001000000024E101002E
S2140498C01A00000079EB01001100000075E40100A5
S2140498D01100000063E511000400000023E11100FC
S2140498E00400000025E101000800000026E1010054
S2140498F00A00000027E1010002000000000000004A
S21404990000000000659A04005F9A0400000000004E
S214049910669A0400235D0400000000001D5D040038
S2140499201F5D040000000000215D04003D9A040051
S2140499306B9A0400245D04001E5D04000000000011
S214049940225D0400589904001B5D04001C5D04009D
S214049950205D04001A5D0400000203040508090AD9
S2140499600B0001020304051D2000B40108020200D6
S214049970AA00FFFFFFFFFFFFFFFFFFFF6583030053
S214049980D12C02004D5802009DF502005D5B0200DA
S214049990CB6C0300CD6C0300CF6C0300D16C0300CA
S2140499A05DBC0200F99402003DD6020049EF0200B5
S2140499B06D490200C56C030099970200C76C03004A
S2140499C0713D0200C96C0300C555030065420200E0
S2140499D03B2B030000000000001300000000000002
S2140499E00000000001000000259B020002000000A9
S2140499F0C37D0300030000007D9A020004000000FB
S214049A003D7D0300050000001D9A020000000000D2
S214049A10000000000023001B2200FF0000000000DE
S214049A200C090202000000001C1A0B0303FF0608C0
S214049A300402020204020A0B030302030480FF0268
S214049A4004FF010101010800000000000000005AA4
S214049A506967426565416C6C69616E63653039801F
S210049A60008F8E8C80808006080C10801E
S20C049A6C70B2FB7F010000004C
S210049A74809A040080650020CA010000EF
S214049A800000000000000000FFFF000001000000CE
S214049A9000000000000000000000000000000000BD
S214049AA000000000000000000000000000000000AD
S214049AB0000000000000000000000000000000009D
S214049AC0000000000000000000000000000000008D
S214049AD0000000000000000000000000000000007D
S214049AE0000000000000000000000000000000006D
S214049AF0000000000000000000000000000000005D
S214049B00000000000000000000000000000000004C
S214049B10000000000000000000000000000000003C
S214049B20000000000000000000000000000000002C
S214049B30000000000000000000000000000000001C
S214049B40000000000000000000000000000000000C
S214049B5000000000000000000000000000000000FC
S214049B6000000000000000000000000000000000EC
S214049B7000000000000000000000000000000000DC
S214049B800000000000000000000100000000F001DA
S214049B900800000008100020010023010400000053
S214049BA010100020060030010100000014100020F0
S214049BB0FFFFFFFFC0EA2101C0EA21010080000088
S214049BC000F04902C866002000600B000080000018
S214049BD0BC360020C8000000FE00000000000000A4
S214049BE0584E040018100020FFFFFFFF0C5204001C
S214049BF03300000021F60000330000007D2F030030
S214049C009FCA0300A3CA0300B0CA0300BDCA030068
S214049C10CACA0300D7CA0300EACA0300FCCA030080
S214049C2009CB030016CB030023CB030038CB030079
S214049C304BCB03005DCB030072CB030081CB030048
S214049C4092CB0300A1CB0300B1CB0300BDCB030032
S214049C50CACB0300DACB0300ECCB0300FBCB030038
S214049C600ACC030013CC030028CC03003DCC03002D
S214049C7052CC030072CC030080CC03009FCC0300BC
S214049C80BACC0300CDCC0300DACC0300EFCC03003F
S214049C90FECC03000DCD03001FCD030031CD030021
S214049CA044CD030057CD03006DCD03000000000033
S214049CB00F000000A4CF0300BBCF0300FF0000008A
S214049CC0000000000000000000000000000000008B
S214049CD00000000000000000000000000030E70460
S214049CE000C8180318D803001DD803004AD8030078
S214049CF075D80300A3D80300D1D8030000D9030005
S214049D002DD903005DD903008DD90300DDD90300E6
S214049D10FFFFFFFF00F80300FFFFFFFF0000040043
S214049D2000000400005C26052C68002006000000E5
S214049D308C740400000000000100190001000000FB
S214049D40A44200200100190001000000A4420020E3
S214049D500100190001000000A442002001001900BF
S214049D6001000000A44200200100190001000000C8
S214049D70A44200200100190001000000A4420020B3
S214049D800100190001000000A4420020010019008F
S214049D9001000000A4420020010019000100000098
S214049DA0A44200200100190001000000A442002083
S214049DB00100190001000000A4420020010019005F
S214049DC001000000A4420020B0460020000000006D
S214049DD000000000885D0400CC4D0020E0680020F0
S214049DE08C500020EF4B040006000000000000002A
S214049DF00000000000000000EC7404000475040079
S214049E00FA4B040024030400FE000000106900203E
S214049E10000000009C500020045100206C510020DB
S214049E200000000000000000000000000000000029
S214049E300000000000000000000000000000000019
S214049E400000000000000000000000000000000009
S214049E50000000000000000000000000EF5B0300AC
S214049E60D8760400FFFFFFFF335F03002F5F030075
S214049E70FFFFFFFF375F0300FFFFFFFFE5FA010068
S214049E80FFFFFFFFFFFFFFFFFFFFFFFFFFFFFFFFD9
S214049E90FFFFFFFFFFFFFFFF0000000020A10700F9
S214049EA000000000A19C0300000000000000000069
S214049EB00000000000000000000000000000000099
S214049EC00000000000000000AC560020E122020062
S214049ED0553C0200240304000000000000000000BB
S214049EE00000000000000000AC56002079290200A3
S214049EF0000000002403040000000000000000002E
S214049F000000000000000000AC560020A133020050
S214049F10553C02002403040000000000000000007A
S214049F200000000000000000E74C0400AC560020CF
S214049F30F94D0200000000002403040000000000A5
S214049F40000000000000000000000000AC560020E6
S214049F50FD56020000000000240304000000000078
S214049F60000000000000000000000000AC560020C6
S214049F7059670200000000002403040000000000EB
S214049F80000000000000000000000000B80B000005
S214049F90AC560020396B02000000000024030400C5
S214049FA000000000000000000000000000000000A8
S214049FB0AC560020197402000000000024030400BC
S214049FC00000000000000000000000000000000088
S214049FD0AC5600208975020000000000240304002B
S214049FE00000000000000000000000000000000068
S214049FF0AC560020FF720300000000002403040097
S21404A0000000000000000000000000000000000047
S21404A010AC560020D178020000000000240304009F
S21404A0200000000000000000000000000000000027
S21404A030AC560020757D02000000000024030400D6
S21404A0400000000000000000000000000000000007
S21404A050AC560020C77F0300000000002403040061
S21404A06000000000000000000000000000000000E7
S21404A070AC560020EDD502000000000024030400C6
S21404A08000000000000000000000000000000000C7
S21404A0900F850300AC560020B9EF0200553C0200C1
S21404A0A0240304000000000000000000000000007C
S21404A0B000000000AC56002029F602000000000054
S21404A0C0240304000000000000000000000000005C
S21404A0D000000000FFFFD007B80B0000FFFFFFFFE3
S21404A0E0CEFAEFBEFFFFFDFFFDFF0C002C01001EA5
S21404A0F02C0140068000FFFF04F8FFFF0C00000060
S21404A100000000004000FDFF2C019C000000FFFF43
S21404A110FDFFFFFFFFFF60EA8000800010C1CDABAB
S21404A120640A0101FFFFFFFFFFFFFFFFFFFFFFFFC2
S21404A130FFFFFFFFFFFFFFFFFFFFFFFFFFFFFFFF26
S21404A140FFFFFFFF01FF05FFFFFF0101FFFF020105
S21404A150FFFF640250FF0F0208031E050216010AE1
S21404A1600C052007051001010F080101010104FF79
S21404A170030101FF0C01FF405AB47F015040300038
S21404A180FFFFFF0B03FF050B01030105020201FF9E
S21404A190FFFFFFFFFFFFFF010102FFFFFF010000BB
S20C04A1A0BD4C0000954C0000C4
S804007F4537
