S01B00006275696C642F72656C656173652F7A69676265652E73333714
S21400400008100020497F0000DDC60000CF0A03002C
S214004010CF0A0300E5C60000EDC60000CF0A030085
S214004020CF0A0300CF0A0300CF0A0300CF0A03001B
S214004030F1C60000144E0400CF0A0300CF0A0300A6
S214004040CF0A0300CF0A0300CF0A0300617A0000FC
S214004050CF0A0300CF0A0300CF0A0300CF0A0300EB
S214004060CF0A0300CF0A0300F1CB0000CF0A0300FB
S214004070CF0A0300CF0A0300CF0A0300CF0A0300CB
S214004080CF0A0300CF0A0300CF0A0300CF0A0300BB
S214004090CF0A0300CF0A0300CF0A0300CF0A0300AB
S2140040A0CF0A030011830000F5820000CF0A030048
S2140040B0CF0A0300CF0A0300CF0A0300D91F02006D
S2140040C0E1650300DD6503003D170200F7650300A8
S2140040D0E5650300991F0200E9650300CD030200B1
S2140040E019200200CF0A0300CF0A0300CF0A0300FC
S2140040F0CF0A0300CF0A0300CF0A0300CF0A03004B
S214004100CF0A0300CF0A0300CF0A0300CF0A03003A
S214004110CF0A0300CF0A0300CF0A0300CF0A03002A
S214004120CF0A0300CF0A0300CF0A0300CF0A03001A
S208004130CF0A0300AA
S214004134F0B5114A114C124E00F00105E3695F0711
S21400414413D40DB9334213D103EA00078F4207D1C3
S2140041540B4A1A40002A14BF6FF001000020F0BD7D
S214004164013AEBD16FF00200F9E74FF0FF30F6E7C3
S2140041746FF00100F3E700BF80969800000003503C
S214004184020001000B4B70B5D96911F480310DD1D2
S21400419401244FF48072084E084DF46020462C64C7
S2140041A41A61FFF7C5FF3464EC6070BD6FF0010060
S2140041B4FBE700BF0000035000100350002003502C
S2140041C438B541F6713301220C4C0021E569E363EE
S2140041D40B4B05F48035DA600223606121202361ED
S2140041E4FFF7A6FF10B92120FFF7A2FF0122054B17
S2140041F4DA600DB10023E36338BD00BF000003504E
S214004204001003500020035070B5134C6061E3693E
S2140042145B071ED40E4656F8043B8D18A361AE42C7
S2140042240BD10423002121202361FFF781FF58B915
S214004234BDE870402120FFF77BBF08210846FFF742
S21400424477FF10B10423236170BD56F8043BA361C5
S214004254E5E74FF0FF30F7E7000003502DE9F84399
S214004264154641F67132164B8946DF69DA63012238
S214004274064603F58053DFF8508007F48037DA608B
S21400428455B9284601220F4BDA601FB10022A3F568
S2140042940053DA63BDE8F88306F5005404EA08041C
S2140042A4A41BAC4228BF2C46494622463046FFF79C
S2140042B4ABFF0028E6D12644A1442D1BE0E700BF4F
S2100042C4000003500020035000E0FFFF45
S2140042D02DE9F04F4FF0FD0BC9B09A460DF11B09C2
S2140042E09DF8503108AFCDF80C90CDF808B0019786
S2140042F0059303890446009383790E4690464188C9
S2140043008288407812F0B4FB054650B10090A3882E
S214004310002062883A4912F0EFFE284649B0BDE810
S214004320F08F99F800002FF0ADFC38B12846A3882E
S2140043306288344912F0E0FE8D25EEE75A4639468B
S21400434099F800002FF046FC8346002851D0529B77
S2140043501BB1BDF84C3198424BD8002399F8009019
S2140043600793A9F14102012A5FFA8BF123D8384658
S2140043700139254ADFF898C05FFA81FE734513DBE2
S214004380059B04210792C3B907AF18221F489FED6B
S2140043901A7B02FB060420460A460830394684ED9E
S2140043A0027B17F0D1FB11E010F8011F01335140DA
S2140043B00CFB01F2E2E7059B33B123464A4638463A
S2140043C0009610F0D7FAA8E70829DED9B8F1000F52
S2140043D001D088F80090BAF1000F01D0AAF800B01A
S2140043E0529B002B99D05A46184608A917F0ACFBEA
S2140043F093E7012591E700BF0000000000000000E1
S214004400E8F603001DF70300C59D1C818010002000
S21400441093010001000000002DE9F04F93B0CDE9B4
S2140044200A32DDE91C530E9353EC102BCDE908013C
S214004430104619468DED060B1E9E16F00FFE80B137
S214004440DDE906014FF0FF32C54B16F02FFE40B9EE
S214004450DDE906014FF0FF326FF4801316F008FE18
S21400446070B1DDE908019DED060B0E9B1E96CDE9A9
S2140044701C53DDE90A3213B0BDE8F04F00F088B9EE
S2140044800022DDE90601002316F0F2FD002800F008
S2140044903381DDE906A303F1004BCBF30A5016F493
S2140044A08063A0F2FF3008BF06250F9316F004FBCA
S2140044B09BA3D3E9002316F069FB9BA3D3E9002353
S2140044C016F0AEF9CBF31304894644F07F518046CC
S2140044D00022A44B504641F4401116F09FF994A3D5
S2140044E0D3E9002316F052FB02460B4640464946E7
S2140044F016F096F916F0E4FD044616F0DDFA8EA3E3
S214004500D3E900238046894616F040FB0022964BEE
S21400451016F086F916F0D4FD89A3D3E900230746E2
S2140045204946404616F032FB80463846894616F025
S214004530C3FA85A3D3E9002316F028FB02460B46F0
S2140045404046494616F06AF902460B46CDE90C236A
S21400455016F01CFBDDE90C238046894610461946FA
S21400456016F05EF90022CDE91001804B4046494620
S21400457016F036FC00227E4B16F052F902460B4629
S2140045804046494616F02CFC00227A4B16F048F9B5
S21400459002460B464046494616F022FCDDE90C234F
S2140045A08046894600204FF0804116F037F90246D3
S2140045B00B464046494616F033F902460B46DDE9FF
S2140045C0100116F00DFC07F2FF3700226A4B16F0BA
S2140045D027F900223B0516F0D9FA52465B4680467C
S2140045E0894616F063FD002840F08980CDE90C89E5
S2140045F004F16303C62B8CBF0527042731051BD5A2
S21400460053A3D3E900235046594616F045FD00282B
S2140046107FD051A3D3E900235046594616F028FD13
S214004620002876D00027A542C6BF2C1B04F1FF3514
S21400463000253C4646F480660E9B9F422CBF4FF0FA
S2140046400008A3EB070816F0020903D0002F18BFD6
S2140046504FF000083CB1DDE90C235046594616F0F1
S214004660BFFB82468B46DDE906010022002316F0DA
S214004670FFFC10B10BF100439B46DDE9080126F470
S2140046800063CDE90183DDE90A324BEC10AB0095FF
S21400469000F07EF802465FB3DDE9091316F0200F3E
S2140046A000F10105089E0CBF65204520B047DDE9F6
S2140046B008010523002205930A23002CCDE90232C7
S2140046C007F1FF374FEAD473B8BF64422A46019316
S2140046D004970A9B009431F0F1F80246B9F1000FF6
S2140046E006D00B9BC41A0B9B1A190E9BA34245D8E7
S2140046F0104613B0BDE8F08FDDE906ABCDE600222C
S214004700404649461A4B16F06BFB013CCDE90C01BE
S2140047106EE7002D90D00F9B002B8DD0013D8BE7D0
S214004720FB799F501344D33FB3C8608B288AC63F9B
S21400473061436F63A787D23F71A379094F930A40FD
S2140047401655B5BBB16B0240EF39FAFE422EE63F76
S2140047502D431CEBE2361A3F0000000080842E41F9
S214004760FFFFEF7F0000F83F0000E03F00002C4016
S21400477000002440000018400000F03F2020DDE943
S2140047800913089DA8470134ADE700BF00000000EC
S2140047902DE9F04F5BEC10AB97B0CDE90501DDE9F4
S2140047A02058CDE90723504652465B465946229F7D
S2140047B016F054FC70B90323CDE902870193AA4B87
S2140047C00093DDE90501DDE9072330F0A9FF17B006
S2140047D0BDE8F08F4FF0FF326FF480135046594615
S2140047E016F046FC28B10423CDE9028701939F4BBF
S2140047F0E6E74FF0FF32504659469D4B16F056FC02
S21400480068B19C4A07F00403002B08BF03229A4BAA
S2140048101CBF13460422CDE902870192D0E750461A
S2140048208DA3D3E90023594616F040FC38B98CA373
S214004830D3E900235046594616F01AFC68B1DDE964
S2140048400723DDE905014BEC10ABCDE92187209568
S21400485017B0BDE8F04FFFF7DFBD0022002350463B
S214004860594616F005FC002800F091805B4652463B
S2140048700020002115F0D2FF012382468B460993C3
S21400488017F4806400F08580092D40F285800024AE
S21400489030210EABA5F109020134202C03F8011BD0
S2140048A0A5EB040901D09442F6D15946504616F0BD
S2140048B007FC724B054603EBC90393ED007B8DEDB9
S2140048C00A7B16F0F9F802460B465046594615F094
S2140048D0A5FFDDE90A2316F059F902460B46CDE995
S2140048E00C2316F015FC064616F0D6F802460B46C4
S2140048F0DDE90C0115F092FF02460B46CDE90C23CC
S21400490000225F4B16F0D2FB002848D00136304616
S21400491016F0C2F802460B46DDE90A0116F0B2FBB5
S21400492008B100260135B9F1000F45D1284616F02A
S214004930C3F802460B465046594615F06FFF002254
S2140049404F4B16F095FB10B9E90700D501350A2143
S2140049500EAB1A19202C0AD095FBF1F001FB10556E
S214004960303502F8015B013405460028F2D107F025
S2140049700302012A55D1B8F1000F52D0099A12B994
S21400498017F00C0F01D008F1FF38302240E00990F4
S21400499076E74FF0060988E7A946002485E7002257
S2140049A0DDE90C01364B16F063FB0028BBD10EB1D7
S2140049B0F007B8D50136B6E70A210EAB1A19202C37
S2140049C00DD0B6FBF1F001FB1063092E03F13003A6
S2140049D009F1FF3904F1010402F8013B11D8302136
S2140049E0A1440EAA202CB2D04C4504F101030AD1F2
S2140049F004F158020DEB02042E2204F8202C1C466B
S214004A00A5E70646DBE7A1541C46EBE71A5501343A
S214004A10444506D2202CF9D1CDE9028701940EAB8D
S214004A20CEE6202CF8D0099B3BB12D2204F158038A
S214004A306B4403F8202C0134EEE77A0704D504F122
S214004A4058032B226B44F4E73B07E5D504F15803E3
S214004A5020226B44EDE700BF0000000065CDCD418D
S214004A600000000065CDCDC10B1404000F14040037
S214004A70FFFFEF7F0214040007140400485D0400E3
S214004A800000E03F0000000070B58EB02C22002130
S214004A9003A816F0C9FE64234FF002320893CDE94E
S214004AA005230B2301218DF834305B4B8DF8101055
S214004AB01D880D4040F0A980084634F05BFF0A22AE
S214004AC0564B574C1A704FF42873ADF812304FF00F
S214004AD0FF332360534B54491B8820460B82534BAD
S214004AE0534A1B68CD828B61524B0D621B884B82EA
S214004AF0514B1B68CB611DF005FB20B14FF41B71B9
S214004B004E4835F0D2FF0521206831F0CAF820B1B2
S214004B1040F27D21494835F0C8FF206815F03AFE7E
S214004B20474B2068196831F07FF90C2535F08AFB71
S214004B306843099035F086FB68430DEB0501079046
S214004B40206817F033FD20B140F295213B4835F040
S214004B50ACFF25681FF00EFD00220146284631F006
S214004B60DBF920B140F29721344835F09EFF40F241
S214004B700353344D344E2B80052396F90000AB705A
S214004B807F2801D11DF0B4FB3378EB7035F05AFB6B
S214004B9000EB80008000A88035F054FB0023C000A6
S214004BA04FF0FF31E880AB604FF0FF3018A3D3E939
S214004BB0002335F031F82549206831F066F9206881
S214004BC002A931F082FD20B14FF434711B4835F054
S214004BD06CFF042220680DEB020131F0FAF804287D
S214004BE004D040F2D721154835F05FFF01A9012017
S214004BF030F0FBFC07F0B6FD01201DF0FDFF2CF0A9
S214004C005EFD1EF023F81DF00BFB0EB070BD00BF5E
S214004C100A0020FF42030000C65B0020F26200206C
S214004C20E0550020F6760400A4690020FC76040017
S214004C309D990300F4760400F8760400D44C040032
S214004C40EC660020D45500207A6C0020119A0300F0
S214004C500348044B834202D0034B03B11847704706
S214004C60A86C0020A86C002000000000064B074936
S214004C70C91A891048BF0131491003D0044B0BB143
S214004C8001481847704700BFA86C0020A86C002099
S214004C900000000010B5064C237843B9FFF7D8FF94
S214004CA0044B13B10448AFF300800123237010BDFA
S214004CB0B0150020000000007C9A040008B5044BE4
S214004CC01BB104490448AFF30080BDE80840CDE7B7
S214004CD000000000B41500207C9A0400A3F5803A7A
S214004CE0704700BF154B002B08BF114B9D46FFF7C2
S214004CF0F5FF00218B460F461148124A121A16F08D
S214004D0093FD0C4B002B00D098470B4B002B00D08C
S214004D1098470020002104000D000B4817F0CAF841
S214004D2016F05AFD200029002BF02AFB17F0B0F8E9
S214004D30000008000000000000000000081000202E
S214004D4008100020486300201DBF010007B50121A0
S214004D5020200DF1070201F053F858B1022301217B
S214004D6020200DF107028DF8073001F059F803B046
S214004D705DF804FB9DF807100229F8D002220948C6
S214004D8015F040FC022301210DF1070220208DF8CA
S214004D90073001F045F82BF04DFA4FF4FA6000F0BA
S214004DA079FEE4E7E8AE030038B502F025F901F035
S214004DB0C5F9012805D001F0C1F9022801D001F09B
S214004DC0E3F9064D2B783BB901F0B8F90128044603
S214004DD002D12BF0B8FA2C7038BD00BFA45C0020BE
S214004DE010B5044600882BF0F9F9A37884F844003F
S214004DF0834202BF0123E3702371074B04F11C00BA
S214004E00C4E9073401F052F8224620880349BDE879
S214004E10104000F08FBF00BF73FF02003DFF02008E
S214004E2070B5C37804460D461646002B34D1D1B172
S214004E30214815F0E7FB0123E370E36CA6600BB195
S214004E40E06D9847E368F61A63699E4221D2217E98
S214004E501A480131C9B2217615F0D4FBA36D13B1FF
S214004E60217EE06D9847E5702BF0F7F915B32379AE
S214004E7003BBA268238A801A83421BD801231048EA
S214004E80237115F0BFFB236DA3B1E06DBDE8704044
S214004E90184701232376E6E70029E4D1094815F0F0
S214004EA0B1FB636DE660E5702571002BDBD0E06D2D
S214004EB09847D8E770BD00BF10AF030021AF0300CE
S214004EC04FAF03003CAF030070B51E468388044610
S214004ED00D46C18002810BB1868070BD8178008846
S214004EE02BF068F80123E370064BA680C4E9033470
S214004EF00C34204600F0DAFF29462046BDE8704014
S214004F002BF0A2B9BFFF020010B501790446B1FA32
S214004F1081F1008849092BF0C4F821796088B1FA3C
S214004F2081F149092BF0BDF8034B1A68A24204BF71
S214004F3000221A6010BD00BFCC150020F8B54379DA
S214004F400446ABB100880E4F0E4E3B6804F10805D0
S214004F5013B10D4B1B786BB121792BF0A2F80B4BDC
S214004F603C6028463178A360BDE8F8402BF06CB969
S214004F704088E8E7064815F045FB064BF1E700BF1A
S214004F80CC150020206C0020A55C0020094F0000F6
S214004F9065AF03003D4F000010B50446E0B10F4872
S214004FA015F030FB01236371A37953B9217920886A
S214004FB02BF077F8236B7BB1606B0121BDE81040C6
S214004FC018472046FFF7A0FF04F108002BF041F930
S214004FD02046FFF7B3FFEDE710BD00BF9BAF030011
S214004FE010B50446F8B1104815F00CFB00236371A9
S214004FF0A3796BB921792088B1FA81F149092BF0A0
S21400500050F8236B7BB1606B0021BDE81040184759
S2140050102046FFF779FF04F108002BF01AF9204626
S214005020FFF78CFFEDE710BDA6AF030010B50446F2
S21400503068B1074815F0E6FA637920461BB1BDE86B
S2140050401040FFF7CDBFBDE81040FFF7A5BF10BD6D
S214005050B2AF030010B50E4C0E48214615F0D2FA3A
S21400506082210D4815F0CEFA82210220A21E00F001
S214005070D7FE014630B134F8022C0848BDE810408F
S21400508015F0C0BA0648BDE8104015F0BBBA00BF20
S21400509026570020C1AF0300DCAF0300E7AF0300D4
S2140050A02BB0030038B5114C82212246022000F0B6
S2140050B0A7FEA51C014688B122880D4815F0A2FA65
S2140050C02A460C4B03F1240153F8040B8B4242F89A
S2140050D0040BF9D11B7813702423238035F8021CA7
S2140050E0054A0648BDE8384015F08CBA245700201B
S2140050F036B00300B6B003002657002094B0030075
S214005100034B1B781BB18B4201D82BF093B870472A
S214005110216C002010B5044601460E4815F072FAC0
S214005120012C11D10C4B0D481A884FF6FF739A428A
S2140051301EBF0022094B5A742AF099FF02F0B2F8FB
S214005140BDE8104001F084BF0448BDE810402AF0D6
S21400515090BF00BFDBB00300D46B00207866002051
S21400516070B500241A4D1B4E3378A3421BDC002476
S214005170194D1A4E3378A3421BDC0024184D194EE5
S2140051803378A3421BDC00F0D9FF012816481CD157
S2140051902AF06DFF02F086F801F05AFFBDE8704075
S2140051A0124800F0EBBF2846FFF71AFE01346035C0
S2140051B0DAE728462AF041FF01343435DAE7284694
S2140051C02AF074FF01343835DAE72AF052FFE5E7B3
S2140051D034230020AB5C002054270020AC5C002069
S2140051E004210020AA5C00207866002015510000EB
S2140051F02DE9F04F87B0FFF755FFB34B05A8059391
S2140052002AF078FF054616F00BFAB04CC2B21F2AF9
S214005210627004D9AE4815F0F5F900F02FFC294667
S214005220A01C16F091FC05A82AF064FF054616F0AF
S214005230F7F9C2B21F2A84F8212001D9A548EAE767
S214005240294604F1220016F07FFC05A82AF052FF3A
S2140052503226044600272578002D40F09F809E4C7D
S214005260FFF77EFF2378DFF8B0A2DFF8B0829B4F0F
S21400527000939AF8003098F800203978984815F08E
S214005280C1F93A7898F800109AF8000053180344C9
S214005290DFF880B220782C4603445846DBB2AA4298
S2140052A000F31683012B38BF01238E4E029332463D
S2140052B0002335464FF482714FF6FF74029801338F
S2140052C0984213705180948002F10C02F6DC864BF3
S2140052D084497E48AB6001F00DF8E879AB68DFF8EA
S2140052E0309200EB400003EB800000F0D3FDEB793A
S2140052F0B9F800200133A242EB7103D079497B480C
S21400530001F0FCF84FF6FF73B9F800207549D21A81
S21400531018BF0122764801F0DBFD4FF00009724C01
S2140053203A784A4500F3DC8200264FF00C09714AB1
S214005330DFF8B0B198F800003978B04200F3E482A4
S21400534046180C21002501FB06B19AF800009423AC
S214005350A842694A00F3F6820C253E7898F8003099
S21400536000274FF482781E44064405FB06B5DFF896
S214005370B0A1594B1B78BB4200F3F78202995948FB
S21400538000F016FE059B50491A468B4240F00083FB
S2140053905A4807B0BDE8F04F15F034B9532D0FD179
S2140053A063784C2B40F05B81A378502B40F05781FC
S2140053B00122534B1A7005A82AF09CFE04464AE7C1
S2140053C04C2D0ED16378502B40F0CB80A378303B29
S2140053D0092B00F2C680A01C2AF099FE494B1870D3
S2140053E0E9E7442D13D16378303B092BE3D8601CE2
S2140053F02AF08DFE444B454A1978002386B299421E
S21400540002F16002D7DD22F8466C0133F7E7422D41
S2140054100CD16378542B40F08580A01C00F0D8FC9B
S2140054203B4B188018462AF066FDC4E7582D33D843
S214005430412DC0D9433D152DBDD801A353F825F005
S2140054403D580000B7530000B7530000B7530000A4
S214005450B7530000B7530000B1550000B753000023
S214005460B753000063550000AB540000B75300006C
S214005470B7530000B7530000B7530000E3560000D0
S2140054805F560000B7530000B7530000B753000044
S214005490B753000059570000692D8CD1601C2AF0C4
S2140054A036FE80B22AF0C2FE85E70C4B0120197842
S2140054B00023184A994202F1A8027FF77CAF02F84F
S2140054C0A60C0133F6E700BF265700208C650020A7
S2140054D0FAB0030011B10300A65C0020A95C00200E
S2140054E021B103009816002010170020481600204F
S2140054F0D0150020581D00209C1B002071B1030011
S214005500A55C0020206C0020AB5C0020342300202B
S214005510D46B0020581E0020A75C0020A85C00204A
S21400552090180020601C00F053FC0546E01C2AF092
S21400553066FE0121024628462AF01DFE6021B0487C
S214005540B04C03785943621865524FF4FA611182E1
S2140055504FF448715161AC495683116501330370AD
S21400556029E7601C00F034FC00224FF03408814626
S214005570A64F11462AF0FFFD3878A54D08FB00F32C
S21400558025F80390EA18E3781046693B18BF012314
S21400559093702AF052FD00219E4A3B78516001210B
S2140055A003FB08550B443B7015600F46117402E769
S2140055B0601C00F00DFC0022114681462AF0DBFD3F
S2140055C03422924DDFF84882287802FB00F328F850
S2140055D0039008EB0301E3780846693B18BF0123F4
S2140055E08B702AF02AFD8C4A00231046916B31BB43
S2140055F000EB831034232A7802FB03838363874AF5
S21400560000231046D2F8A410F9B9A82202FB030022
S21400561034232A7802FB0383C0F8A4305FB97D4A9E
S2140056203B46114652F8040BA8B93422287800FBF2
S214005630028241F823202B7801332B70BBE601331E
S214005640042B02F14002D1D1D9E70133042B02F139
S214005650A802D7D1E2E70133042BE3D1EBE7601CC5
S21400566000F0B6FB8046E01C2AF0C9FD0121024688
S21400567040462AF080FD60216148624D0278DFF8DE
S214005680B4C151436B1825F801804FF44871198254
S214005690596163495E839965E178A824642904BF4B
S2140056A0012199709CF80030DFF870E15C430EEB46
S2140056B004010EF804304FF400744C8003240C717F
S2140056C08C7102EB420405EB441532240133DBB245
S2140056D001324B718D6081F8A04002708CF800306A
S2140056E069E6601C00F074FB00224FF0380A814621
S2140056F0DFF83C8111462AF03EFD98F80030494D0F
S2140057000AFB03F325F803904FF00109EA1882F824
S2140057100490E37873B1E01C00F05AFB00220446C4
S21400572011462AF028FD98F800300AFB03535C80E7
S21400573083F806903C48384A03789901535498F801
S214005740001002EB8314C1EBC10205EBC2054A1C34
S214005750656388F8002001E7601C00F039FB80468E
S214005760E01C00F035FB0546601D2AF048FD0446A7
S2140057700246012140462AF0FEFC22462846012128
S2140057802AF0F9FC60204FF4487CDFF874E01D4AEC
S2140057909EF8003000FB03F422F80480DFF88080D7
S2140057A01119A1F810C0C1F814C04E83C1F8588072
S2140057B0591CC9B248431418A4F810C0C4F814C041
S2140057C06683C4F8588094241552184D981C8EF899
S2140057D000002878DFF860C0444303EB430301EB86
S2140057E041010CEB040E02EB431302EB41120CF8E2
S2140057F00400CEF80430CEF8082001302870DAE530
S214005800AB5C002034230020DF000300AC5C0020EB
S2140058105427002078660020581D0020581E0020BF
S2140058200151000004210020A85C0020A75C002095
S214005830AA5C0020A95C00209C1B0020601C00F0D5
S214005840C7FA8046E01C00F0C3FA0022054611465F
S21400585040462AF090FC00223824114628462AF0BA
S2140058608AFC5048504A03784FF0000E04FB03FCB5
S21400587022F80C804FF0010802EB0C0181F806E0DC
S21400588081F8048003EB0801C9B24C4302EB040C18
S21400589015539C1C04704FF48274444D8CF806E03B
S2140058A028788CF804804443DFF808C1C3EBC303B0
S2140058B0C1EBC1010CEB040E02EBC30302EBC10209
S2140058C00CF80400CEF80430CEF80820404495E7E3
S2140058D0467901358E4284BF04714471A830DEE4F7
S2140058E0B9F1000F06D016F8052C02EB420204EBC5
S2140058F08204B4603146584601F0A8FE09F1010959
S2140059000BF1A80B0C360BE571180AD0481E09FBE4
S21400591000B0C07900EB400004EB800409FB01B046
S2140059208460104609FB0151039201F04DFC397862
S2140059301F48314409FB015101F0B4F9039A0136BE
S2140059404032F7E4F54218BF11F8050C03911EBF6C
S21400595000EB400004EB80048C6003FB052001F0A4
S214005960B1F8039901350C31EFE4F74218BF15F88A
S214005970053C29461CBF03EB430304EB830408FBEA
S21400598007A018BFAC6000F04FFF01370C35F0E4FD
S21400599013F8011D00297FF4F6AC3B2102F8011C28
S2140059A0F1E400BFAA5C002004210020A65C0020D1
S2140059B0F82000209018002007B5012121200DF1C5
S2140059C0070200F01DFA18B99DF80720024B1A705E
S2140059D003B05DF804FB00BF216C002007B5064B42
S2140059E08DF80700187001210DF10702212000F044
S2140059F017FA03B05DF804FB216C002007B50221FE
S214005A0001200DF1060200F0FBF938B9044814F045
S214005A10F9FDBDF8060003B05DF804FB0020FAE7C8
S214005A208EB1030007B50221ADF806000DF106029F
S214005A30012000F0F5F9014610B1034814F0E2FD2C
S214005A4003B05DF804FB00BFAFB1030010B5FFF76D
S214005A50D5FF04460146074814F0D4FD0121064848
S214005A6014F0D0FD24B9BDE810400120FFF7DABFDE
S214005A7010BD00BFDFB10300F1B1030008B5044854
S214005A8014F0C0FD00F0DCF92AF0D4FB2AF0CFFBBE
S214005A9007B2030038B50446084D094B28462B606C
S214005AA000F004FA002C18BF21462846BDE838400E
S214005AB008BF4FF496712AF0C7BB00BF58280020D5
S214005AC02D0103002DE9F043384D91B008AC074690
S214005AD0894690460FCD0FC495E80F00002684E84F
S214005AE00F0001250323324C3248CDE90366CDE989
S214005AF005668DF80E300796029534F07FFF2E4827
S214005B0034F07CFF32462D4920468DF8176004F0AD
S214005B10C5FE334632462A498DF8190000902046C5
S214005B208DF82390CDF82C808DF8216004F0D0FEFF
S214005B300A9020468DF8097004F032FE204608AA26
S214005B4005A904F0EBFE02AA204603A92BF013FDDC
S214005B504FF400721B4B5A62194BE560626A92055D
S214005B6010D46BB94FF40072164B11485A6204F009
S214005B7017FE114834F045FF002011B0BDE8F08351
S214005B80013BEBE7002BEDD0094908A82BF026FDDA
S214005B904FF400720B4B06485A6204F001FE0648AA
S214005BA034F02FFFBDF82000E7E700BFCC4D04001F
S214005BB00040005A745004007050040080841E0098
S214005BC040420F000060005A0122034B1870034B3E
S214005BD01980034B1A707047AE5C0020DC6B002007
S214005BE0AD5C0020F8B5454B1B780BB90020F8BD1E
S214005BF0434B1B78012B03D1BDE8F8402AF099BA35
S214005C00404B1C884FF6FF739C42EFD03E4834F062
S214005C10F5FE0023260AE4B21A462146304604F072
S214005C207FFD012E354604F0010335D015D9B51E8B
S214005C30012DDBD8002B0BBF4FF480754FF080751D
S214005C404FF470614FF070610BBF01274FF480373F
S214005C500F204FF470202D4B11E0002B0BBF4FF49C
S214005C6080754FF080754FF470614FF070610BBF18
S214005C7001274FF480370F204FF47020244B1A680A
S214005C8002401CD0BA421AD01A680A4032D11A68AA
S214005C9022EA01022A4316E0002B0BBF4FF4807560
S214005CA04FF080754FF470614FF070610BBF0127A5
S214005CB04FF480370F204FF47020164BDFE71A683A
S214005CC022EA00023A431A602AF033FA0546002810
S214005CD08CD0083644EA06102A460321C0B2FFF7E5
S214005CE0F1FE40F6FF73684300F2FF70B0FBF3F07E
S214005CF080B27CE795427FF479AFC8E7AD5C0020C0
S214005D00AE5C0020DC6B00207450040028C30350F7
S214005D1020C3035024C3035010B5044C237823B982
S214005D20034834F06BFE0123237010BDB05C0020E6
S214005D30745004002DE9F0431F4C85B00746884692
S214005D409146FFF7E9FF23781BB902F099F9012382
S214005D5023707BBAADF80C3030220023174E02FBBE
S214005D6003F4315DA51901BB012333554FF0FF3312
S214005D7004F1100012493044AB606F80C5F804800F
S214005D80C5F80C9009F00EFC04F108010422314419
S214005D900C4B009503A802F049FAA96802460A4887
S214005DA014F030FC05B0BDE8F0830133102BD6D1DB
S214005DB0064814F027FCF5E7AF5C0020802800209A
S214005DC0570103006901030014B2030042B2030046
S214005DD080B10278A2F14103032B0BD8407830380B
S214005DE0C0B2082806D8054B134413F8413C40EAD5
S214005DF0032070474FF6FF70704700BFEC4D04005D
S214005E0008B50B4642B101460448006803F052FB51
S214005E10BDE808402AF004BA022008BDE466002067
S214005E2008B50B4642B101460448006803F0CAFCB8
S214005E30BDE808402AF0F4B9022008BDE466002058
S214005E40F0B50026124F8DB0FF2300930A2233468A
S214005E50386802A92BF04CF9C0B102AB1D4603EB23
S214005E60800404E055F8043BB34228BF5E1CAC42F5
S214005E703868E9D9296803F02BFE0028F2D02D28CF
S214005E80F0D00DB0BDE8F0402AF0CAB90DB0F0BDB4
S214005E90E466002028B1034B0360034B43600023F5
S214005EA083607047190000038C660020FF2307B547
S214005EB00021044A0093083009F0F8FA03B05DF8B0
S214005EC004FB00BF430203000B4604490246086871
S214005ED00349097808B12AF0DBB970478C2B0020FB
S214005EE0B25C0020F7B50C4618B12921194834F0E9
S214005EF0DCFD246823685E795F8830463946FFF704
S214005F00E3FFF0B18568E5B1A089227D394690426D
S214005F1091BF0020801AA36880B294BF03469B18E6
S214005F20E27C00903046A8470138032803D8DFE813
S214005F3000F0080F0B0D002420462EF00BFC204628
S214005F4000E0812003B0F0BD8024F5E79324F3E75A
S214005F508724F1E76AB20300F8B515460D4A0446F1
S214005F6010680D4A0B46117850B122462AF090F977
S214005F70034628B100210C27C678B14201DB002079
S214005F80F8BD07FB01F45A681019125BAA42F7D055
S214005F900131F2E78C2B0020B25C002008B5034BE1
S214005FA01B6803B19847002008BD00BF882B00205F
S214005FB02DE9F74F04460D460026454B454F186021
S214005FC0454B197033010021F85C013610F03EFB9A
S214005FD00C2EF7D10C2D28BF0C254FF0000901958B
S214005FE03C4EDFF800A13D4DDFF8FC80019B4B45A1
S214005FF002DC03B0BDE8F08F23784FF0000B33705F
S21400600063887380A388B380A379C6F80880B371C9
S214006010E379C8F8005088F804304FF00003A7680A
S214006020A8F80630E3795B450ADC012116F8100B68
S21400603010F00CFB08F1080809F101090C34D5E74B
S2140060404FF0000338886B812880FB784FF0000CF7
S2140060502B81BA78C5F804A0002A00920CBF8022D3
S21400606040222A7379680AF10C02634513DC03EBBD
S21400607043030AEB830ABB6843B1009A4FF6FF71ED
S214006080B2FA82F2164B52092EF0F4FA14350BF1DE
S214006090010B0C37C6E7B1F800E00CF1010C22F852
S2140060A00CEC91F802E00C3202F816EC91F804E0E1
S2140060B00C3102F815EC11F809ECBEF1010F14BF13
S2140060C04FF0100E4FF0110E02F814ECCDE700BFA3
S2140060D08C2B0020C4420020B25C002090310020AF
S2140060E0E55E0000902B002010340020014B186065
S2140060F0704700BF842B0020014B1860704700BF1C
S214006100882B002070B5128805460E46FFF724FF40
S214006110044670B102790499806815F0D7FB064BE7
S2140061201B680BB9002070BD314628462288984768
S214006130F8E78620F7E700BF842B002008B50FF0AD
S21400614021FB022806D0012806D0044B1878400010
S214006150C0B208BD0120FCE70220FAE7B15C0020CF
S214006160054B10B51C682CB1FFF7E8FF2346BDE8C9
S2140061701040184710BD00BF802B0020014B186050
S214006180704700BF802B0020034B1A781AB90122F3
S2140061901A700BF057BB7047B15C00200022024B10
S2140061A01A70FFF7DDBF00BFB15C002037B50446AC
S2140061B0002836D00FF0E6FA022834D160892EF097
S2140061C02BFEE079237A003818BF0120012B637A72
S2140061D008BF40F008000BB140F0100063890BB117
S2140061E040F00400257CA188A2790DB1E36893B93C
S2140061F00F4B10F007FE2178084610F07FFE2EF0B9
S21400620034F9044610F038FE7CB100280CBF00209C
S214006210032003B030BDCDE90035064B10F0F2FD8B
S214006220E9E70220F5E70120F3E72046F1E700BFA3
S21400623035030400FED2030008B50DF061FC0146EC
S21400624030B1044814F0DEF9BDE808400DF0FCBF9C
S21400625008BD00BFDCB20300034B044A5B7C01218F
S21400626003201370FFF7DCBD78660020B35C0020C7
S21400627010B50446FFF7F0FFB4F57F4F0BD10024AE
S2140062800F4B1A8813449C70FEF7E4FE2046BDE8C8
S2140062901040FFF7FFBB4FF601739C4204D1BDE8E8
S2140062A01040084829F0CBBE4FF602739C4205D139
S2140062B0BDE81040044B1878FFF790BB10BD00BF38
S2140062C02457002078660020216C002010B5074C6B
S2140062D0012122460320FFF793FD28B92378044ABC
S2140062E0003B18BF0123537410BD00BFB35C0020F1
S2140062F078660020F8B5574B574C1A884FF6FF7350
S2140063009A4218BF03234FF0080218BF2370534B5E
S21400631032251A7030229A705A7139229A713122B7
S214006320DA7135225D70DD7036251A724FF4001270
S2140063301D714B4D4264C5644A4D012205654A4DA8
S21400634086188565494DC667C565494D494E4566FB
S214006350494D80F848208566484D80F854200567EA
S214006360474D80F860204567202580F8785080F8F3
S214006370845000F12105C0F88850424D80F86C200A
S214006380C0F88C50C0F8806080F89020C0F8944028
S214006390C0F8B8303C4B3D4CC0F8BC300223C0F8C7
S2140063A098403B4C80F8C030C0F8A4400F24394BCE
S2140063B080F8A840C0F8C430374B384CC0F8C83016
S2140063C08223C0F8AC40364C80F8CC30C0F8B040E1
S2140063D00924344B344DC0F8D030344B80F8B440E8
S2140063E0C0F8D4302C7C324B80F89C20C0F8A0003B
S2140063F080F8D820C0F8DC3044B12E4B80F8E4207A
S214006400C0F8E03005F11103C0F8E8304FF0000C9A
S214006410CA798E6802EB42039F00443006EB830382
S21400642026F807C0586001200D349870DC701318E9
S214006430CB71FFF7C1FAFFF749FFFFF77FFE012890
S21400644006D12B7C23B1BDE8F840174829F0F7BDEC
S214006450F8BD00BFD46B0020226C0020B45C002086
S214006460054E040001002000044E04000200200037
S214006470034E04000500420003002000024E040004
S2140064800400420007003000FDFF2100120010014A
S21400649000404200004E040000FF4401F04D04009E
S2140064A006004200245700207866002002FF2001E4
S2140064B0216C002001FF100113B504460D4829F099
S2140064C025FD6422C0F30F43637083B2B3FBF2F37F
S2140064D0A07823702022012129F0FCFEA07821223A
S2140064E0012129F0F7FE0449201D02B0BDE8104046
S2140064F029F0AABED46B0020E09304000B7870B598
S21400650083704CF61E0303804FF02013C3620123F2
S21400651080F8303080F83C30C3180364124B0446D1
S21400652043640223114A80F84830114B8263C364E7
S2140065304063CA798D6802EB420305EB830004F1E1
S2140065402C0646600B4E45F8236000238360531CE0
S214006550CB71094B201DC4E90134FFF7A7FC204688
S214006560BDE87040FFF7A8BFFDFF21002100200016
S214006570064E040001000103B9640000F8B54FF6AA
S214006580FF73994204460E4609D0B0F87E308B421F
S21400659005D04FF6FE729142037B01D10BB9F8BDD0
S2140065A0EBB1204629F073FF204629F033FF4FF663
S2140065B0FE739E4213D1A068FEF712FD6068FEF7D8
S2140065C00FFD29F04AFE00232373A0674FF47F4295
S2140065D060784FF48171BDE8F84029F07BBEB4F8CE
S2140065E07E50237BB5422CBF02250125AB4218D036
S2140065F0D4E90107637B13B13B4607461846012DD5
S21400660041D1FEF7C9FC3846FEF7EAFC29F025FE24
S2140066104FF47F42A0674FF481716078257329F0AC
S21400662059FEE389A4F8806004F1B4060BB9238A06
S2140066307BB3B4F87E30A4F8883029F00EFE012D26
S214006640B4F87E30B4F88020C4F8840038D1D31A69
S214006650022DE18903D1208A002818BF014659433C
S2140066606423594342F21073B1FBF3F10AB19A4224
S21400667001D101F6B831304629F0E6FD2046BDE8E6
S214006680F84029F00FBFFEF7ABFC3846FEF784FC57
S214006690BCE742F21072012D08BF1346A4F87E3004
S2140066A014BF0023642360784FF48171A375082219
S2140066B029F010FE3046BDE8F840024929F0C4BD76
S2140066C09B1AC5E7E0930400094A437B0C2113702C
S2140066D0C3895380038A9380438AD380838A138135
S2140066E0B0F87E30538100781130C0B2FFF798BB07
S2140066F0A657002038B5044600780D4D11302A46BE
S2140067000C21C0B2FFF77CFB80B92B782046637360
S2140067106B88E381AB882382EB8863822B89A38214
S2140067206B89A4F87E3029F03FFEA07538BD00BF07
S214006730A6570020024B53F8200029F05EBF00BF8A
S2140067407034002010B50446052923D8DFE801F090
S21400675003080C222210204629F044FF002010BD1A
S214006760204629F043FFF9E7204629F042FFF5E7E7
S214006770E18911B9218A0029F0D082B17BB1117864
S21400678064290ED8204629F02CFE0146204629F022
S2140067901AFFE3E7044813F035FF0120DFE7032084
S2140067A0DDE70220DBE700BF09B3030010B4054CA9
S2140067B0114654F820001A46BDF804305DF8044B24
S2140067C0FFF7C0BF7034002000234FF0967210B55C
S2140067D0C0E903233222044682750F4A8382C267C9
S2140067E0C0F88430A0F888308367A0F880308C30FA
S2140067F0FFF75CFB094B04F1B400C4E92334FFF750
S21400680055FB074B04F1DC00C4E92D34FFF74EFBC3
S214006810044BC4E9373410BDFFFF8813D5050300C9
S214006820E1040300C904030038B504460B78294A7E
S21400683043700D4642F82300FFF7C6FF2046FFF7D9
S21400684059FF4FF44013A3610123237784F82830BF
S21400685084F8343084F8403004F10D0363641E4B32
S2140068601E4AA364022322621D4A84F84C306262E8
S21400687004F11602E2621B4A84F85830226304F1DF
S2140068800C02A263184A84F86430E26304F10E0234
S2140068902265164A84F87030626504F11002E265DB
S2140068A0134A04F11403226604F11202A266114A86
S2140068B06367E266EA79A86802EB420300EB8301AD
S2140068C018344C600C4C40F823400C4B8B60531C27
S2140068D0EB7138BD7034002002FF2101BD5C002042
S2140068E00800200000FF300001FF100103FF210117
S2140068F004FF210105FF210102010108AD67000028
S21400690010B44FF48274427B0C48013A012904FB10
S214006910020006D0022908D059B95DF8044B29F0C8
S21400692061BE5DF8044B29F061BE5DF8044B29F0AA
S21400693060BE03485DF8044B13F064BE9018002058
S21400694025B30300B0F85C302DE9F0418B420446D5
S2140069500E4639D0437B077C93B31C4A12789A4282
S2140069602ED34FF482751A4A013B05FB032390F899
S2140069700F801B7B424629F059FEB845054601D1DB
S214006980FF281FD13A463146204694F8903029F029
S2140069904DFE2F460546552212216078A4F85C600D
S2140069A029F098FCFF2F03D039462046FFF7A8FFB2
S2140069B0FF2D09D029462046BDE8F04129F076BED5
S2140069C0FF25DFE70746E6E7BDE8F081A65C002086
S2140069D09018002041688268C978D27849B112B10F
S2140069E00321FFF7AFBF837B002B0CBF01210221E1
S2140069F0F7E72AB1837B002B0CBF02210121F0E7C9
S214006A00014813F0FFBD00BF36B30300037BD3B1CC
S214006A104368DA7812B18268D278A2B91B7933B1AA
S214006A20837B002B0CBF04210521FFF78BBF8368F7
S214006A301B792BB1837B002B0CBF05210421F4E7C7
S214006A40014813F0DFBD704768B30300084A437B74
S214006A5005211370837B5370C37B9370037CD370C4
S214006A60037B137100780E30C0B2FFF7D9B900BFB0
S214006A70BE5C002038B5044600780C4D0E302A4621
S214006A800521C0B2FFF7BCF920B1BDE83840084880
S214006A9013F0B8BD2B7863736B78A373AB78E3738E
S214006AA0EB7823742B79237338BD00BFBE5C0020BF
S214006AB0A4B30300024B53F8200029F041BE00BFE8
S214006AC098340020F8B504460B78424A43700D46C9
S214006AD042F82300404E29F051FEFFF7CBFF6268D4
S214006AE0A3683E483E49D6641165D4655065C3E93F
S214006AF01410DE64DC654FF0987302266361012390
S214006B0004F10C01E16137491032216204F10D01F4
S214006B10A16235492376E16204F10E0161633349CF
S214006B2084F82430A16304F10F012164304984F80D
S214006B303030616404F11001E1642E4984F83C3081
S214006B4084F84830216584F85460A265E879A9681D
S214006B5000EB400201EB820704F1140CC7F804C0F6
S214006B604FF4817C244F41F82270C218D2B202EB57
S214006B70420241F822C001EB820700227A601F4AD7
S214006B8084F8703022661E4A84F88830A2661D4A51
S214006B901D4BE2661D4AC4F88C3062671C4A831996
S214006BA0A26704F15C02C4F88020DBB2194A03EB4A
S214006BB04303C4F8842084F8646084F87C6001EBA6
S214006BC0830260345460144A033041F82320E8718D
S214006BD0F8BD00BF98340020D56900000307030005
S214006BE00D6A0000010020010200100103003001C0
S214006BF0040030010500210101FC01064A002100C5
S214006C00084E0400510010000A4E04000B4E04000B
S214006C10550021006F0018001200010470B50D46E3
S214006C200646144613460A4601461A4813F0EAFC7E
S214006C3025B92046BDE87040FFF71ABB072D05D1E1
S214006C4021463046BDE8704000F0C4BC4FF6014314
S214006C509D4205D121463046BDE87040FFF72ABF69
S214006C60062D05D121463046BDE8704000F066BAD4
S214006C70B5F5817F05D121463046BDE87040FFF767
S214006C8059BD202D04D12046BDE8704000F0ECB878
S214006C9070BD00BFD3B303000148FFF727BA00BF9B
S214006CA01D6C00004FF4C01330B503600123037160
S214006CB0074B8C688360CA7902EB420304EB8305BA
S214006CC06860044844F82300531CCB7130BD00BFF5
S214006CD00C4E0400040001010368064A0C211360F0
S214006CE04368536003891381438922205381FFF749
S214006CF097B800BFC034002010B50368044686B0BD
S214006D00FBB1114813F07EFCA37B104A8DF80430CB
S214006D104FF48273ADF806300123CDE90223002339
S214006D2001A804938DF81430FFF740FA20466189D5
S214006D3029F034FD2046FA2150F8143B594329F037
S214006D4083FA06B010BD00BF06B4030020000001A1
S214006D5010B5064C236843B1054813F053FC206871
S214006D60BDE81040418929F019BD10BDCC34002083
S214006D7027B4030070B5364910460C68BDF81020DD
S214006D80002C5ED003285CD8DFE800F0021E274502
S214006D90002B5AD0022A58D91D78B3F80160291E54
S214006DA018BF012132462B4813F02CFC2DB131467A
S214006DB0204629F0F3FC002070BDE573FA206368D6
S214006DC0584329F0C8FAF6E7234813F01BFCE37B88
S214006DD0002B38D00023E373F0E7002B35D0032ACE
S214006DE033D91D681D48294613F00CFC1C4B2A1F7E
S214006DF09A4201D90220DFE723680BB19D42F9D8F9
S214006E0023899D42F6D3E37B6560B3B9FA206843D5
S214006E1029F0A1FA11E0002BCED0012ACCD91D888A
S214006E201048294613F0EEFB002DE3D063689D4220
S214006E30E0D8E37B2581002BE8D12046FFF74CFF06
S214006E40B9E70120B8E70420B6E70320B4E700BF9F
S214006E50CC3400204AB4030081B40300A0B403007D
S214006E60FCFF6D00CBB4030038B5154B1C6834B37B
S214006E70F0B92168134813F0C5FB23683BB162687C
S214006E80934204D2104813F0BDFB6368236004F1FC
S214006E901405284629F0DDF9236823B1FA2128468F
S214006EA0594329F0D1F92046BDE83840FFF714BF12
S214006EB0032804D16189054813F0A4FBF3E738BD25
S214006EC0CC340020F6B4030024B5030059B5030003
S214006ED070B53E4B0D46044609781860002A6FD1FF
S214006EE001231A46A1730021E1730121A1814FF409
S214006EF06151C4E900132823354E22810C21324605
S214006F0022206381FEF77CFF60B9D6E900230AB130
S214006F109A4207D3318999429FBFC4E900237389F7
S214006F20218163812B4B2C4AE363042384F8403091
S214006F3084F84C30E3182365284BA264636502236B
S214006F4004F10802E265264A84F85830226604F105
S214006F500A02A266234A84F8643084F8703004F18A
S214006F600C03E26663676464EA79A86802EB42038E
S214006F7000EB830104F13C064E601B4E40F8236094
S214006F80FA261A4B1A488B60531CEB71FFF7B4F8BD
S214006F90208904F11405704329F0DDF96189204643
S214006FA029F0FCFB134B2846C4E90534FEF77EFFA8
S214006FB0216849B128467143BDE8704029F044B9BC
S214006FC04FF4F07302228DE770BD00BFCC34002072
S214006FD0C03400200000230101002300020021002D
S214006FE003002101FDFF210020000105756D000052
S214006FF0516D0000F96C0000134B10B51C680CB303
S214007000E37BEBB129F029F92369C01A002809DBD4
S2140070100E4813F0F7FA0023FA20E3736368584328
S21400702029F099F9E37B5BB12489FA235C4329F0C4
S2140070309DF9A04206D02046BDE8104029F08BB945
S2140070406468F2E710BD00BFCC34002086B50300AC
S21400705038B50024044D55F8040B08B129F0B1FBEF
S21400706001340A2CF7D138BDD0340020042908B5E5
S2140070700AD172B16BB113781BB929F0CDFB002091
S21400708008BD29F0BFFBFAE7034813F0BBFA01205E
S214007090F6E70320F4E700BFC0B5030010B4054CC4
S2140070A0114654F820001A46BDF804305DF8044B2B
S2140070B0FFF7DCBFD03400200229024608B50ED008
S2140070C004D839B9104629F0A7FB06E04029F9D0C4
S2140070D0412907D1104629F095FB002008BD29F06C
S2140070E0A5FBFAE7024813F08DFA0120F6E700BF89
S2140070F0E0B5030010B4054C114654F820001A46BB
S214007100BDF804305DF8044BFFF7D6BFD03400203E
S214007110426B094B52791A7082785A70C2789A700C
S214007120826B12B190F83C20DA70007804210930A6
S214007130014AC0B2FEF774BEC35C0020024B53F88F
S214007140200029F08FBB00BFD034002038B504469D
S2140071500078084D09302A460421C0B2FEF750FEDA
S21400716030B96B78A370AB78E370EB7884F83C307A
S21400717038BD00BFC35C002038B504460078114D0A
S21400718009302A460421C0B2FEF73AFEC8B9A378F1
S2140071902A78022B0CD004D863B9204629F03CFB91
S2140071A001E0FF2B0AD02046BDE8384029F009BB95
S2140071B0002AF2D1204629F025FBF4E7002AF9D16F
S2140071C0EBE738BDC35C0020F8B504460B78284AC8
S2140071D00D4642F823004370FFF7B8FF636B254A5D
S2140071E05C631A632046FFF7C7FF204629F0E9FADA
S2140071F04FF4801363600123626BA66B0532E26076
S2140072001D4A23722261A21C2375A26166B11B4A25
S21400721084F82030E261E21C6262194A84F82C305D
S21400722004F13C03A26223630627EA79A96802EB0D
S2140072304203002E21F8237001EB83000CBF0223CB
S2140072400423C370012383700E4B04348360531CE5
S2140072504460DBB20C4C03EB430341F8234001EBE4
S214007260830000234360094B02328360EA71F8BD55
S214007270D0340020410803000340300101FF3001F4
S21400728002FF1001F5700000080001009D7000006C
S21400729028B1034B1B78834234BF0020012070477F
S2140072A0A85C002070B500250A4C0B4E3378AB4224
S2140072B000DC70BDD4F8A42042B123791BB16079FC
S2140072C0FFF7E6FF10B9104628F0AAFE0135A834ED
S2140072D0ECE700BF581E0020A95C002008B54279E4
S2140072E001461046FFF7D4FFA8B1CB780A48013A0A
S2140072F0042B00EB82100ED8012B08D81BB9BDE872
S214007300084029F07FBABDE8084029F085BABDE8F4
S214007310084029F08BBA08BD581D002008B54279F0
S21400732001461046FFF7B4FFA8B1CB780A48013AE9
S214007330042B00EB82100ED8012B08D81BB9BDE831
S214007340084029F069BABDE8084029F05BBABDE8F4
S214007350084029F06BBA08BD581D002010B586B04D
S2140073600446FEF7EBFE012830D1E278042A2DD839
S214007370DFE802F013323403030061790846FFF7B2
S21400738087FF58B31648032A00EB811050F80C3CD0
S21400739058791DD1003818BF012063784FF48072E9
S2140073A08DF804304FF48273ADF806300623ADF83E
S2140073B0083001238DF80B3000238DF80A0001A851
S2140073C0CDE903238DF81430FEF7F0FE06B010BDAD
S2140073D0B0FA80F04009E0E70020DEE70220DCE7B4
S2140073E0581D002010B586B00446FEF7A7FE0128FB
S2140073F030D1E278042A2DD8DFE802F013133203E6
S214007400030061790846FFF743FF48B31548032A8F
S21400741000EB811050F80C3C5B791DD11A1E18BF8A
S214007420012263788DF80A208DF804304FF48273B9
S214007430ADF806300623ADF8083001234FF480720D
S2140074408DF80B30002301A8CDE903238DF8143006
S214007450FEF7ACFE06B010BDB3FA83F25209E0E7C1
S2140074600222DEE7581D002010B586B00446FEF75F
S21400747065FE012812D16378094A8DF804304FF46E
S2140074808273ADF806304FF48073CDE902230023F3
S21400749001A804938DF81430FEF788FE06B010BDE0
S2140074A00800070110B586B00446FEF747FE01281F
S2140074B020D16278104B8DF804204FF4827294F835
S2140074C0A01094F8A10059701870ADF80620049327
S2140074D04FF480720223094901A88DF81430CDE9D3
S2140074E00212FEF763FE94F8A130013B18BF012399
S2140074F084F8A13006B010BDC75C00200800050166
S21400750010B58378044603B30379022B0AD1427977
S2140075101046FFF7BDFE28B10C48013A00EB82107A
S21400752029F084F9A379022B02D12046FFF716FF33
S2140075302046FFF7B7FF02236078A4F86C30552288
S214007540BDE81040122128F0C5BE10BD581D002011
S2140075504388094A082113808388538083681B8ADE
S214007560938090F8A03093718379D37100780430BB
S214007570C0B2FEF755BC00BFB257002038B50D4666
S21400758004460178114813F03DF84FF602739D4209
S2140075900ED10F4B1B782BB963712046BDE83840DF
S2140075A0FFF7D6BF62790AB19342F6D20123F3E71A
S2140075B0B5F57F4FF1D1204629F0D1F9A378022BFB
S2140075C00CBF01220022A3689A70E6E7FCB5030010
S2140075D0A85C0020024B53F82000FFF7CFBF00BF87
S2140075E0F834002038B504460078144D04302A4696
S2140075F00821C0B2FEF704FC20B1BDE838401048B0
S21400760013F000B82B8863806B88E978A380AA887B
S214007610A3681A82AB7984F8A030EB79A371094B82
S2140076201B780BB9637138BD09B19942FBD906487E
S21400763012F0E8FF23780133F4E700BFB2570020CA
S21400764016B60300A85C00203FB60300F8B5044653
S2140076500B78474A0D4642F823004370FFF7C2FFF7
S214007660A268444BD465D364434B02265365434B10
S214007670A11C13654FF44013E36001236161E162CE
S2140076803F49103221632265211D3E4AA1633E48D0
S2140076903E49626504F1A002A061E163E265E01C78
S2140076A0611D3B4A206261643A483B492266A21D3E
S2140076B02374237784F8283084F8343084F84030F4
S2140076C0A16484F84C6084F8583084F864306062B2
S2140076D0A266E879AA6800EB400102EB810704F194
S2140076E00C0CC7F804C04FF0060C2C4F42F8217063
S2140076F0C118C9B201EB410142F821C002EB810773
S21400770000217960264F84F880302767254F84F85B
S2140077109830A767244F254BE767254F84F8746099
S21400772084F88C60C4F89C3004F16C06831CC4F8A2
S2140077308470C4F890601F4F1F4EDBB203EB430308
S214007740C4F89460C4F8887002EB830670347460E2
S21400775008261A4C42F82340C31CDBB203EB430353
S21400776002EB8304043042F823606160E871F8BDE0
S214007770F8340020B5080300FF0803000175000078
S21400778001FF300104FF20011000300102FF20013C
S21400779005FF300100FF300103FF2101070001084B
S2140077A04A0021000E4E040051001000104E040046
S2140077B0114E0400550021006F001800120001044D
S2140077C000239B6AB3F5804F03D21968064A91429C
S2140077D003D00023037083607047012202709A680A
S2140077E09B694260F7E700BF07B0CD5E024B034AD5
S2140077F01A602AF0D8BC00BF0000002002020FF07A
S21400780073B53F4B04461A781AB102221A7002B0BA
S21400781070BDCDE900220028F9D001261E7033F095
S2140078204FF8384D384B186017F0CEFC2B785BB904
S21400783002F0F2F940B935480823354A3549006860
S21400784001F038FE00B92E70334B5A68E260334AB6
S2140078509A601A6E22605A6E6260D3F87021A26037
S2140078601B6E5C042CD52E4AD368D807FCD42D4B4F
S2140078701A68531C29D04FF4801393402A4A136683
S2140078800423294C4FF0804223664FF4806323661E
S214007890102323664FF400536846236601A9226628
S2140078A0636629F074F8009B2366019B63662B7859
S2140078B0002BACD0164B1A6822665B686366A6E798
S2140078C01A4AD368D907FCD4D1E7194B1B78002B8A
S2140078D0D6D1184B5A68144B12B94FF480121A6658
S2140078E0154A526812B94FF400121A66134B5B68B9
S2140078F0002BC5D14FF480020B4B1A66C0E700BFC1
S214007900CA5C0020CB5C002030350020E4660020F6
S21400791034350020007108000080004455CEAC00CD
S21400792000000440B06600200090004400000450B0
S214007930C95C00200080055000C0055000000650BD
S21400794038B5224D04462B78012B02D001232B702C
S21400795038BD0028FCD029F03FF8013009D029F0C6
S2140079603BF840F20113984203D0194AD368DB076C
S214007970FCD42268174B1A6662685A66A268C3F877
S2140079807021E268D40744BF00229A60124B1A683E
S214007990013213D1114A127882B911494968C807D1
S2140079A048BF1A600F4A5268D10744BF01221A60C6
S2140079B00D4A5268D20744BF02221A6017F00CFC28
S2140079C00A4B186832F077FF0023C0E7CA5C002035
S2140079D00000044000800044B0660020C95C00201F
S2140079E00080055000C005500000065030350020CD
S2140079F070B50024A36AB3F5804F23D21A68134BE0
S214007A009A421FD1124E337813F0FD0518D14FF469
S214007A1080341048FFF7F4FE032004F04FFC0E4BB2
S214007A200320DC6004F02EFC0C4B1C61AB6ADB69A7
S214007A30984704460748FFF783FF0CB901233370C5
S214007A40204670BD4FF48174FAE700BF07B0CD5EE4
S214007A50C95C00202035002000A0004400900044AF
S214007A6013B5204B1B7803B9FEE700231E4CCDE967
S214007A7000336A4608231D49206801F01BFDF8B94B
S214007A801B4AD2F84031D2F840211F2B4FF0010399
S214007A9011D9203A9340019A1A43019208236A4664
S214007AA01249206801F08EFE124B134A1A602AF023
S214007AB07AFB02B010BD9340009A1A430092EDE79D
S214007AC02D28F1D10A4AD2F84031D2F840211F2B96
S214007AD04FF0010385BF203A93409340019398BF2F
S214007AE00093DBE7CA5C0020E46600200071080013
S214007AF000800044000000200B020FF038B500257F
S214007B00AB6A0446B3F5804F10D21B6BB3F5804FBB
S214007B100CD20748FFF774FEAB6A20461B6B5B6807
S214007B209847BDE838400248FFF70ABF38BD00BF97
S214007B303C35002013B50024A36A0190B3F5804FAE
S214007B4013D21B6BB3F5804F0FD20948FFF758FED0
S214007B50A36A01211B6B01A89B6998470446044849
S214007B60FFF7EEFE204602B010BD4FF48174F9E731
S214007B703C35002070B50026B36A0446B3F5804F46
S214007B800D4612D21B6BB3F5804F0ED20848FFF796
S214007B9037FEB36A20461B6B29469B699847044606
S214007BA00348FFF7CDFE204670BD4FF48174FAE718
S214007BB03C35002070B50026B36A0446B3F5804F06
S214007BC00D4612D21B6BB3F5804F0ED20848FFF756
S214007BD017FEB36A20461B6B2946DB6998470446A6
S214007BE00348FFF7ADFE204670BD4FF48174FAE7F8
S214007BF03C350020F8B50027BB6A0446B3F5804F35
S214007C000D46164611D21B6B7BB10948FFF7F8FDEF
S214007C10BB6A20461B6B324629465B6A9847044679
S214007C200348FFF78DFE2046F8BD4FF40174FAE7CF
S214007C303C35002070B50026B36A0446B3F5804F85
S214007C400D4612D21B6BB3F5804F0ED20848FFF7D5
S214007C50D7FDB36A20461B6B29469B6A98470446A5
S214007C600348FFF76DFE204670BD4FF40174FAE737
S214007C703C350020F0B50027BB6A0446B3F5804FBC
S214007C800D461646ADF5337D20D21B6BB3F5804FFF
S214007C901CD21048FFF7B4FDBB6A20461B6B40F2AF
S214007CA0C1225B6A01A99847044630B10948FFF72C
S214007CB047FE20460DF5337DF0BD836A32461B6BCA
S214007CC02946DB6A01A898470446EFE74FF401749B
S214007CD0EFE700BF3C35002010B50024A36AB3F5DB
S214007CE0804F10D21B6BB3F5804F0CD20748FFF7BE
S214007CF087FDA36A1B6B1B6B984704460348FFF778
S214007D001FFE204610BD0124FBE700BF3C350020C7
S214007D10F0B58FB0044601A80E461546FFF7EEFEF6
S214007D209DF80C30012B12D1B5F5402F27D8B4F5AD
S214007D30402F24D86319B3F5402F20D821462A4671
S214007D40304613F001FF002420460FB0F0BD002798
S214007D50BB6AB3F5804F15D21B6BB3F5804F11D2BB
S214007D600A48FFF74DFDBB6A2A461B6B3146204684
S214007D705B6B984704460548FFF7E2FDE4E740F2F0
S214007D800244E1E740F20114DEE700BF3C35002084
S214007D90F0B58FB0044601A80E461546FFF7AEFEB6
S214007DA09DF80C30012B1FD1B5F5402F06D8B4F541
S214007DB0402F03D86319B3F5402F13D940F202447D
S214007DC020460FB0F0BDE258013225D104339D4263
S214007DD0F9D82A463146204628F02EFE0028EDD057
S214007DE00024EDE70023F2E70027BB6AB3F5804FD7
S214007DF015D21B6BB3F5804F11D20A48FFF700FD72
S214007E00BB6A2A461B6B314620469B6B9847044646
S214007E100448FFF795FDD3E740F20344D0E740F26D
S214007E200114CDE73C35002070B58EB0044601A89D
S214007E300D46FFF763FE9DF80C30012B22D144EA75
S214007E400503C3F30C03002B33D1B5F5402F04D93B
S214007E5040F2024420460EB070BDB4F5402FF7D86D
S214007E602544B5F5402FF3D8204604F5005428F0F5
S214007E70DCFDAC4202D00028F6D1E9E70028E7D0C6
S214007E800024E7E70026B36AB3F5804F14D21B6BD5
S214007E90B3F5804F10D20A48FFF7B2FCB36A294602
S214007EA01B6B2046DB6B984704460548FFF748FDEA
S214007EB0D0E740F20444CDE740F20114CAE700BF21
S214007EC03C350020BFF34F8F0549064BCA6802F4C5
S214007ED0E0621343CB60BFF34F8F00BFFDE700BFE8
S214007EE000ED00E00400FA0570B5D0B1C9B10E4E41
S214007EF0431E013913F8014F2046325D02F003029B
S214007F00012A11F8012F08BF04F12000B55C05F026
S214007F100305012D08BF2032801A01D1002CE9D1BB
S214007F2070BD0120FCE700BFE57504000348044A65
S214007F300449121A921028F0CBBD00BF344100004D
S214007F40D0420000E463002008B5154B83F30A888E
S214007F5000F030F8FFF7EAFF124B13498B4212D3BA
S214007F600020124B12498B4218D3FCF7BBFE186850
S214007F7050F82240586840F8224001329868824201
S214007F80F5D30C33EAE70022F8E71C6844F8220031
S214007F9001325C68A242F8D30833E4E70022F8E72F
S214007FA008000020849A0400909A0400909A040026
S214007FB0909A0400124B134A70B59A60D3F8882042
S214007FC0114D42F47002C3F888206FF0010205F5E7
S214007FD00054226641F2FF7262660222C3F8D02085
S214007FE0BFF34F8FBFF36F8F4FF44036032004F07C
S214007FF065F90320E66004F045F92E6170BD00BF08
S21400800000ED00E00040000000800044014B1860D6
S214008010704700BFB8660020054B1860054B1B6F05
S21400802003F00703032B01D130F0A2BD704700BF59
S214008030C0660020008000502DE9F04104464FF055
S21400804001080C250D4E0CB9BDE8F08194FAA4F099
S214008050B0FA80F00F2808FA00F2C8BF103824EAF9
S2140080600204CABF05FB006205FB0062B432576813
S214008070002FE8D09168C0B2B847E4E74C3500203E
S21400808008B50C4832F0BAFC192004F009F928B1FA
S214008090192004F013F9192004F0F4F81A2004F05B
S2140080A0FFF828B11A2004F009F91A2004F0EAF8BB
S2140080B0002008BD745004002DE9F0410E46174616
S2140080C0054618B30F2923D80378DBB1013BDBB292
S2140080D0022B19D8104AD35C6A78D340DB0717D531
S2140080E00E4BD3F81043ACB932F0EAFB80463A4662
S2140080F02846314602F042FE404632F0DCFB20467F
S214008100BDE8F0817F23E7E70023E5E72224F6E7D2
S2140081102124F4E70224F2E7644E040000C0035072
S21400812010B5044610B30378E3B1013BDBB2022B73
S2140081301AD8104AD35C6278D340DB0718D532F0E1
S214008140BFFB0122617823788A4030214B4341F2FD
S214008150100103F1A04303F570335A5032F0ABFB25
S214008160002010BD7F23E6E70023E4E72220F8E79F
S2140081702120F6E7644E040010B5044610B30378D9
S214008180E3B1013BDBB2022B1AD8104AD35C62780B
S214008190D340DB0718D532F093FB012261782378B1
S2140081A08A4030214B4342F2100103F1A04303F50D
S2140081B070335A5032F07FFB002010BD7F23E6E775
S2140081C00023E4E72220F8E72120F6E7644E0400C7
S2140081D038B50D46044618B311B30378E3B1013B36
S2140081E0DBB2022B1AD8104AD35C6278D340DB0786
S2140081F018D532F065FB30222378534303F1A043B1
S21400820003F570335B696278D34003F001032B708B
S21400821032F051FB002038BD7F23E6E70023E4E779
S2140082202220F8E72120F6E7644E04002DE9F0410D
S2140082300D4616469846044600284FD000294DD0D5
S2140082400178002940D04B1EDBB2022B3ED8254ACF
S214008250D25C6378DA40D20701D4FF2940D1022EDF
S21400826001D9042E3CD132F02BFB23780746FF2B96
S21400827005D032462046296802F0C6FD28602B68E5
S214008280013309D12378FF2B06D1174B6078D3F83A
S214008290241429F0F8F9286029684B1C18D00C2300
S2140082A0124A03FB0122069BC2F8048093602378DF
S2140082B0FF2B04D001230E4A8B40C2F824343846E4
S2140082C032F0F9FA002007E07F22C2E70022C0E77A
S2140082D0384632F0F0FA2D20BDE8F0812220FBE788
S2140082E02120F9E7644E040000C003504C350020FE
S2140082F000D0035008B502F037FD044B00F05530AF
S214008300C3F82004BDE80840FFF796BE00E003501F
S21400831008B502F029FD044B00F0AA30C3F820048B
S214008320BDE80840FFF788BE00E003502DE9F04F97
S214008330144605460E469B46C36B87B001225B6912
S21400834002A960689847EB6B01225B6903A9304677
S214008350984702A828F0BBFF074648B10023A3753C
S21400836063754FF0FF33A360002007B0BDE8F08FC1
S21400837003A828F0B9FF0123A375237E04EBC303EB
S214008380DE611F846368B3420ED1206003A828F024
S214008390CDFF4FF0FF332075A360237D043B022BF7
S2140083A026D80023A375DFE723681A1A53425341E1
S2140083B0A37503A828F0BAFF237D834218BFA775CC
S2140083C003A828F095FF074602A828F091FF8742E9
S2140083D018BF002303A818BFA37528F091FF07460F
S2140083E002A828F08DFF87421CBF0023A375D4E7A0
S2140083F003A828F07DFF80B1EB6B022230465B6954
S21400840004A9984704A828F082FF0346207D032885
S21400841039D8DFE800F03838040903A8F3E7CC229F
S214008420237E04EBC3031A8401F06EFC109B1870C5
S21400843003A8277E28F050FF04EBC70787F8220022
S214008440237E03A804EBC303B3F8209093F82270AE
S21400845028F04EFF804603A828F052FF8246B8F167
S214008460000F15D0EB6B022230465B6904A99847D3
S21400847004A828F011FF6075637D6BB90023A3750F
S2140084804FF0000838E0227E04EBC2021384CBE7EC
S21400849003A828F0ECFEEEE794F81680B8F1000F7B
S2140084A0EED0B9F1000F09D1DFB10123E375637E89
S2140084B0002B4FD1012F42D1677614E06B6C06EB90
S2140084C00A015A4286EA010010421CBF0022A27529
S2140084D05A1E0A409B1A9945D0D8A37D002BE3D19B
S2140084E0CEE7E37D43B94FF000084B46524631468F
S2140084F0284628F037FCA060A27D12B123694B44C1
S21400850023611A49237E097899422AD901332376B2
S214008510BBF1000F27D032B3E37D23B3B8F1000FD1
S21400852021D1032F1FD0A1684B1C1CD0109B2246C4
S214008530009328460123FFF7F9FEA07513E095F88F
S214008540343063B9EB6A0133CFD1032FCDD1012389
S214008550A376C8E7012FCFD0032FC4D1F7E79846FC
S214008560C3E70023A375A07DFFE600BF884E040086
S2140085702DE9F04F0E46984600238BB004464FF088
S214008580FF31104617468DF8133001F0A7FBB6F5FD
S214008590801F20D2314605AA04F1080028F0E9FD24
S2140085A0451C014603D1237CBBB92D2010E038467C
S2140085B001F094FB0122394620460DF1130328F002
S2140085C023FC0028EFD09DF8133088F800300020F8
S2140085D00BB0BDE8F08FB01CE5D1E56A691C36D15A
S2140085E02046616A28F004FB0546B31C18BF012329
S2140085F0DFF8CC900193636A626C0293236805A946
S21400860002FB053AE36B05225B695046984705A8CE
S21400861028F0F8FE28F01BFF504628F023FF4FF006
S214008620000B824601464B1C05D0636C81EA0A02A9
S2140086305B42134211D02946204628F0D9FA029B05
S214008640AB422CD0BBF1000F2CD10546D3E72368F4
S214008650ED1A636CB5FBF3F5C7E7484601F03EFB41
S2140086600DF1130349462046019A28F0CDFB034638
S21400867090B1B21C03D0D9F80020B2420CD19DF8BC
S214008680132003930D4B88F8002049461A68384695
S21400869013F05AFA039B9B46D9F80810C3E7BBF1C0
S2140086A0000F82D0B6F5801F91D2314698F8003080
S2140086B07A6804F1080001F03FFA88E7844E040067
S2140086C0283D00202DE9F3410446174698460E46FD
S2140086D0184D816AE36A8B4201D04B1C02D102B06E
S2140086E0BDE8F081284601F0F9FA01222946204625
S2140086F00DF1070328F088FB38B14346294620468B
S2140087009DF80720B8470028E9D0A9684A1C04D17C
S2140087106968204628F0F9FA0146012EDAD16B681E
S21400872081EA0302636C5B421A4218BF4FF0FF31C6
S214008730D0E700BFFC3C00202DE9F04F4FF0FF33A0
S2140087404FF6FF720025044600F10806C0E909232B
S2140087508BB0C362056205633046884628F0DAFCB3
S214008760204628F015FA60BB2046414628F090FACD
S214008770204628F00DFA60BB5E200BB0BDE8F08FF7
S2140087802368E26B606C576900FB0530052205A97B
S214008790B84705A828F036FE012807460CD129461A
S2140087A0204628F046FA012F024600D1013229461B
S2140087B0204628F00CFA03E028F04EFE0028EED102
S2140087C00135E3699D42DBD3204628F0E1F9002815
S2140087D0CAD000254FF0FF394FF6FF73CA46A846A9
S2140087E0C4E90853E36998450AD3A5EB0905012DAA
S2140087F02CD84FF6FF72636A93423CD16720BCE7E1
S2140088002368E26B606C576900FB0830052205A9F7
S214008810B84705A828F0F6FD834605A828F0C9FD48
S2140088200746584628F013FE68B1574538BFC4F8C7
S2140088302480B94528BFB946BD4238BF3D46BA4632
S214008840236A0133236208F10108CBE74FF6FF7372
S21400885000256362E3699D42CBD2676C2068E36BB8
S214008860052207FB05005B6905A9984705A828F0BF
S214008870A0FD0135EEE7E26B676C2068694607FBF2
S214008880030055690522A847684628F092FD626AEB
S2140088902368606C4B4D00FB023028F0E3FD4FF080
S2140088A0FF33A062E3622A466FF00101204605AB63
S2140088B0FFF75EFE002846D1AD6829462046E562F1
S2140088C028F042F9206320B92046E16A28F01DFA14
S2140088D0E0622946204628F018FA0546A36A9D421B
S2140088E033D1204628F003F900278046B946E369CD
S2140088F099453CD3B84559D92046616A28F078F99D
S2140089000026054604F1400AB74212D8626C236876
S214008910694602FB0539E36B05225B6948469847C2
S214008920684628F046FD534602464946E06B28F066
S2140089309BFD2946204628F05BF90136B0450546E2
S214008940E2D1642019E7A56AB7E72946204628F051
S214008950FBF8236B2946034407462363204628F08A
S214008960D4F90546002FB9D1C4E90B07B6E7636C06
S2140089702568052203FB0955E36B05A95B692846B4
S214008980984705A828F03EFD28F061FD58B1284616
S21400899028F068FD0146204628F0D6F8636C143BA4
S2140089A0984208BF013709F10109A0E7304628F0D0
S2140089B0B1FB002320461946034AFFF783FE00203A
S2140089C0DBE600BF543D0020F70D03002DE9F04123
S2140089D0036B9046826B07689A4288BF8363426C3B
S2140089E0436A90B002FB0377C36B0E46052201A9CB
S2140089F05B6904463846984701A828F003FD01281D
S214008A000146307057D0656CE26B2368606AD2F816
S214008A1014C005FB0030052206A9E04706A828F08A
S214008A20F1FC01284FF0000523D0D4E90A320121D9
S214008A309342CDE90B458DF834800E958DF83C10A9
S214008A402AD11946204628F060F9236B626C14334D
S214008A509B1AE06223630C9B53B99DF83C303BB1F4
S214008A60626A616C2368E06B01FB023128F082FCCD
S214008A700C9DE36B05225B6901A93846984701A85F
S214008A8028F0C0FC30702846236BA26B9A4288BF41
S214008A90A36310B0BDE8F081237C33B91C490BAA50
S214008AA004F1080001F096F8D5E72046194A0BAB0A
S214008AB0FFF708FECFE7237C23BB2246164904F1C6
S214008AC0080001F087F8616A204628F0B2F8616A6B
S214008AD0421C204628F07BF8054620B9236B626CC2
S214008AE01344143B23632046A16A28F00EF923683A
S214008AF0A062C01A636CB0FBF3F06062204628F0F8
S214008B0047F9B6E700232046044AFFF7DBFDDAE71D
S214008B1071920000ED910000910E03002D0E0300EF
S214008B2073B50D46D11E4A421C461B7E4A419A42E8
S214008B3026D129682368994222D3636899421FD8B0
S214008B40114E0DF107033246FFF712FDC0B97268E9
S214008B506B689A4214D19DF80730DA1E534253418F
S214008B60227E93420CD1636901336361D4E9032307
S214008B70934205D22968A26842F823100133236184
S214008B80012002B070BD00BF543D00202DE9F04F1B
S214008B909B4689B09DF848309046514A0193136928
S214008BA007465B450D46C0F09580D946536800934E
S214008BB0B9F1000F7BD0FB6B01225B6905A9009819
S214008BC0984705A828F090FB454B1B68984240F054
S214008BD0848005A828F094FB0428064615D105A82D
S214008BE028F095FB009B04461E44019B002B3ED1BB
S214008BF0804512D91C46A8EB00083846009928F094
S214008C0084F8A9EB04090090D2E7FB6B02225B69AB
S214008C10009806A9984706A8E2E7A0EB08045C457A
S214008C2028BF5C46032C4644ABEB040B1DD9FB6BFC
S214008C30294630465B69A208984724F0030304F0EF
S214008C40030A1E441D44DDF80480BAF1000FD4D098
S214008C50FB6B012206A930465B69984752462846B8
S214008C6006A912F071FF5544C7E7A246EBE7824615
S214008C7000F0030302932B1803930644039BA6EB12
S214008C800A00A3EB0A05029B9A4514D1BAF1000F1D
S214008C90B3D0FB6B012206A95B699847524628466B
S214008CA006A913F00DF90028DDD04FF03609484626
S214008CB009B0BDE8F08FFB6B012206A95B699847F7
S214008CC00422284606A913F0FBF80028EDD1AAF1E5
S214008CD0040AD3E74FF06309E9E74FF06F09E6E7C8
S214008CE0803D00202DE9F0410F4616469846044682
S214008CF088B060B390F83450FDB1012127F03DFFF5
S214008D0000210E9BCDE90511CDE902379DF83C30D8
S214008D10CDF804808DF81C30237C04968BB90D4961
S214008D2001AA04F1080000F055FFDDE90553E06BE9
S214008D30002E08BF1D4628F0B9F8284608B0BDE842
S214008D40F0812046044A01ABFFF7BCFCEDE7054680
S214008D50F3E700BF5B0E0300218B00007FB590F8A1
S214008D604260044601920DF10B030A463046114953
S214008D7028F0A4F8012E0546E36B17D132465B694E
S214008D8003A998479DF80B10039B019A59B19BB213
S214008D9043EA0243012228460393E36B03A99B6937
S214008DA0984704B070BD62F30F03F3E701229B6996
S214008DB001A9F5E7803D00202DE9F04F99B00E4659
S214008DC00D920A69416C0B931439D31DB3FBF1F372
S214008DD0013302EBC302036B04469342C0F00182E8
S214008DE00023DFF804940893E36A4846194605937F
S214008DF000F074FFD6E9033707930B9B022B4DD187
S214008E00CC2F40F0D7810D9B3BB13146204628F051
S214008E10ABF8656C1490012044E00120079B656C5C
S214008E201B68149300F0010000280CBF04230823DD
S214008E30782F0E9349D8059A6B1E1340ED1A3B1DEA
S214008E409D423CD2002F3DD0082D3ED8002304255D
S214008E5006934FF0040A336806990B98C9F8003059
S214008E60C9F8107028F066FA4FEA9A030F93059B2C
S214008E7089F814000393002309930C9304930A9330
S214008E80616C039B4A1E1A408B1A27B35544AB42AB
S214008E9023D8236B5B1A134423632FE1782F656C6A
S214008EA0B9D8F07D0D9B002BBCD0E36B01225B692B
S214008EB0706816A9984716A828F01AFAB4E700258D
S214008EC00695C6E704250697C3E7012300254FF05D
S214008ED0080A0693BFE75345DBD3A3EB0A02974283
S214008EE0039BB84628BF90469742534428D9012290
S214008EF0D9F8101089F817208F4226D10399C9F89F
S214008F000410049299F817200AB399F818100398D9
S214008F10CA1C09EBC202506004980131A2F808800E
S214008F20907289F81810B8F1000F07D00B9A022A31
S214008F3040F08180099A72B1012209929B46ABE00B
S214008F40049A002A18BF0322DBE70222D9E7039A15
S214008F50C9F80420E7E70C9A4244032AEED9E26BEC
S214008F601846956914A901220993A847099B054646
S214008F700028E1D03D2D40F01E8104F10803039344
S214008F802368059A606CA2EB030ABAFBF0FA00FBB2
S214008F900A3028F067FAE16A8046204627F0B5FED8
S214008FA0A26A824200F00F81626CD9F80830511E26
S214008FB00B40216B2768891A0B442363089BE062E9
S214008FC0DF1BB7FBF2F7BA4540F0FA80059BB3EB20
S214008FD0080A12D0E36B4FEA9A0241469B6998470B
S214008FE08346E36A059A5344E362236B03989B1A0D
S214008FF04344236328F08EF8DA462368616CE06BFE
S21400900001FB073128F0A3F9204627F0C1FD2046D2
S21400901027F0BEFE2063BAF1000F00F0D48032695C
S214009020616CD31D1439B3FBF1F3013302EBC302B9
S2140090309042A5D2BFE00D9A002A77D1B8F1030F6F
S2140090404FEA98026ED9E16B18468D69079910931E
S214009050A847109B0546C0B918F0030515D0079A17
S21400906028F0030B02EB0B019B444FF0FF3215A8D0
S21400907015922A46109312F067FDE26B58469569E2
S21400908015A90122A8470546109B9B46079A42440D
S2140090900792002D40F08B80049B16A80193069B38
S2140090A0009399F814204346316800F0CDFDE36B39
S2140090B00F9A9B69039816A99847039A051E089B62
S2140090C018BF13460893434652462046039927F096
S2140090D049FE236B08F10302A3EB0A0322F0030206
S2140090E09B1AC9F808002363002D7FF443AF0C9B3E
S2140090F0A7EB080743440C93CDF80CB02046039921
S21400910027F003FE00250390002F7FF4B9AE364A01
S2140091103168936804F10800E36252680B9B00F024
S2140091200BFD49E09B46454607999EE79B4606F1A0
S21400913020021092F27D7068A2B1002296F818C044
S2140091400A99D5B2AC4511D9109D02F1010E35F839
S21400915032508D4228D90E9806EBC2020144D069DF
S214009160084403E00E9A0A990A441044E26B15A9D3
S214009170556901221193A847159A0A9B1392E26B30
S214009180043395695846012213A90A93A847119BF0
S214009190054603EB0802A2EB0B02042A7FF679AF22
S2140091A028B90BF1040BC5E77246491BC9E7CDF891
S2140091B020B088E770252F46384619B0BDE8F08FF6
S2140091C04FF0000A19E73269616CD31D1439B3FBFE
S2140091D0F1F3013302EBC302236B9342BFF404AEF8
S2140091E0E9E71C27E8E700BF283D0020032A2DE911
S2140091F0F34106460D4617461C4606D1237A012B38
S21400920023D0012002B0BDE8F081DFF86080096855
S21400921042460DF10703FFF7ABF960600028EDD179
S2140092209DF80720237A032AE8D0D8F804106A6845
S2140092309142E3D1012B2969D4F80CC007D1726999
S2140092400CEB0103934202D92074207CDAE7083144
S2140092506144E1603B46012229463046FFF7ACFDFB
S21400926060600028CAD00020CCE700BF543D002034
S2140092702DE9F341089C032A1746266806D1237A6F
S214009280012B24D0012002B0BDE8F081DFF89080E9
S214009290304642460DF10703FFF76AF96060002882
S2140092A0EDD12568D8F80400A96AD5F844C048402E
S2140092B0CCF100031840227AE1D1012A09D1E268F4
S2140092C0D8F8103013447269934202D92074207C77
S2140092D0D9E72868EB6A1B1A081AB3FBFCF3B0FB45
S2140092E0FCF083420BD1706CF36A421E1340326B63
S2140092F0121A13442846336327F007FDE862D8F8AD
S2140093001020E36808321344E36001223B46044918
S2140093102068FFF751FD60600028B0D00020B2E75B
S214009320543D00202DE9F0410025604B0E46D3F851
S214009330008004461D6018B921252846BDE8F08146
S21400934090F8347007B30A6803689A4240F0A38026
S2140093504A6843689A4240F09E808A6883689A42C8
S21400936040F09980CA68C3689A4240F094800A69BF
S21400937043699A4240F08F808A69C36B9A4240F0F4
S2140093808A804B698361D8E768223946856B12F07C
S2140093904BFAD6E90212336804F1080023607368BA
S2140093A0A5636360336963617369A36127F0C4FED4
S2140093B0B36904F14000E3639B68984720B9676C83
S2140093C017B16368B3FBF7F794F84330E761002BF7
S2140093D0B2D00023656C2366002D64D0002F62D0C7
S2140093E02368B3FBF5F205FB1233002B55D16668F4
S2140093F0B6FBF5F305FB1363002B4ED1204627F092
S21400940093FBA369043303449E4248D340F6347268
S2140094106369CC3B934244D8B5F5805F43D30321C0
S214009420204627F0AAFBD4E90001E36B1B689847A7
S2140094300546E36B0220DB689847CDB941462046D7
S214009440FFF77AF96428054604D141462046FFF71F
S21400945073F90546666C5DB9236A2046143E5E4382
S21400946027F062FBA369043303449E4238BF5A25A3
S214009470002D0CBF0123002384F8343007D1D4E933
S21400948000010B4A13680133136027F0EFFEE06B10
S21400949027F00CFD51E75D254FE759254DE75A2586
S2140094A04BE75F2549E75B2547E700BFB836002056
S2140094B0B43600202DE9FF410C4616461F460546E9
S2140094C080B390F834307BB3B1F5801F2ED2DFF82E
S2140094D06080012127F051FB2146424628460DF1C7
S2140094E00F03FFF745F8044670B99DF80F30012BBF
S2140094F011D1D8F81030BB4212D102460090314646
S2140095002846FFF743FB0446E86B27F0CFFC2046CF
S21400951004B0BDE8F081022B14BF2D246024F3E7CD
S2140095206324F1E72124F2E71124F0E72924EEE78B
S214009530803D00202DE9F04385B00C4617461E46B8
S2140095400546DDF8308098B390F8343093B3B1F523
S214009550801F31D2DFF86490012127F00EFB2146F0
S2140095604A4628460DF10F03FFF702F8044688B96D
S2140095709DF80F30012B14D1D9F8102006EB080304
S2140095809A4213D300904346324639462846FFF7A0
S214009590FDFA0446E86B27F089FC204605B0BDE8D6
S2140095A0F083022B14BF2D246024F3E76324F1E735
S2140095B02124F2E71124F0E72924EEE7803D00207D
S2140095C073B50C461646054630B390F834302BB3C8
S2140095D0B1F5801F24D2012127F0CFFA2146284674
S2140095E0104A0DF10703FEF7C3FF044680B99DF845
S2140095F00730032B0CD0022B0CD12846094927F044
S214009600B3FC3060E86B27F051FC204602B070BD1A
S2140096102D24F7E76124F5E72124F6E71124F4E783
S2140096202924F2E7803D00202DE9F3411E46002361
S2140096300C4617460546336050B390F834304BB3AB
S214009640B1F5801F28D2DFF85480012127F095FA63
S2140096502146424628460DF10703FEF789FF0446D9
S214009660A0B99DF80730032B10D0022B03BF0123AF
S2140096703B600423D8F8103018BF38603360E86BBE
S21400968027F014FC204602B0BDE8F0812D24F6E752
S2140096902124F7E71124F5E72924F3E7803D00208D
S2140096A073B50446056B27F03FFA636E03449D428C
S2140096B02CBF00230123854294BF00252D1A207C51
S2140096C084F85030656584F85800A8B100230C4E25
S2140096D01A4619462046009627F00AFD002305463E
S2140096E01A4619462046009627F00BFDE3682844E4
S2140096F0984294BF0020C01AE06502B070BD00BF5B
S214009700FFFF0F002DE9F3471E4643690446B342A8
S214009710884617469DF828904ED300258DF80750AA
S214009720204627F001FAD4F830A082450AD2236AF0
S214009730B5EB430F06D2002220460DF10701FFF7D6
S21400974045F9B8B39DF80730012B05D10022204615
S2140097500DF10701FFF73AF9B9F1030F06D03146CC
S214009760204627F0D1F9256B854227D3144D4FF0BC
S214009770FF31284600F0B2FA4B4629460022204622
S214009780C5E90376C5F80080FFF716FB236E05468D
S21400979063B12046FFF784FF94F8503013B994F86D
S2140097A058301BB1236E04F150009847284602B08B
S2140097B0BDE8F0870135B3E76225F7E71C25F5E736
S2140097C0543D00202DE9FF410F4690461E460546B3
S2140097D098B390F8343093B3B1F5801F31D21A4C59
S2140097E0022127F0CAF92246394628460DF10F0312
S2140097F0FEF7BEFE024678B1012342460093394684
S21400980033462846FFF77EFF0446E86B27F04EFBFC
S214009810204604B0BDE8F0819DF80F30012BEBD157
S2140098202169B142E8D10093414633462846FFF706
S214009830ADF904460028DFD1E7E72124E8E7112444
S214009840E6E72924E4E700BF803D00202DE9F04745
S21400985090F8423086B0012B05460391A1EB020733
S21400986040F0AA80FF2F03D81E464FF0640807E09A
S2140098700226012B14BF4FF032084FF06408013661
S21400988000244FF6FF79DFF844A195F84230012B0B
S21400989014BF322364239C4202D35FFA88F40DE09F
S2140098A005AB22465146284627F03CFB95F8423049
S2140098B0012B059B34D14B452DD1E4B295F84230AF
S2140098C0012B14BF32226422121BB24217D3012E80
S2140098D039D10022012B05978DF8132027D10822B5
S2140098E005A90DF1130027F0D9FD9DF81330059A50
S2140098F042EA032221462846FFF730FA40B1022307
S214009900324900932846CC23096803AAFFF7FAFEDB
S21400991006B0BDE8F087DBB203B902340134B4E721
S214009920591CCAD09BB2002BF8D10134F6E710229E
S21400993005A90DF1130027F0B1FD9DF81330059A27
S21400994042EA0342D6E7039A012B059223D1082365
S214009950202205A90DF113008DF8133027F09EFD87
S2140099609DF81320120221462846FFF7F7F995F8CE
S2140099704230611C012BC9B21AD10028BFD128463B
S214009980BDF81420FFF7EAF90028B8D10234BDF874
S2140099901620E1B2AFE71023202205A90DF113002F
S2140099A08DF8133027F07AFD9DF813201204DAE7BD
S2140099B00028A4D1059A9EE7B7F5803F4FF0010630
S2140099C0BFF457AF4FF032085AE700BF803D002083
S2140099D070B586B00E4605460392A0B390F83430B4
S2140099E09BB3B1F5801F32D2022127F0C6F831466C
S2140099F02846184A0DF11703FEF7BAFD044618B9B3
S214009A009DF81730032B0ED10223314600932846CB
S214009A10CC2303AAFFF776FE0446E86B27F046FA47
S214009A20204606B070BD022B0BD10A49284627F007
S214009A309BFA039902468142EFD02846FFF706FFBD
S214009A40EAE76124E9E72124EAE71124E8E7292484
S214009A50E6E700BF803D0020F7B50C4616460546F3
S214009A6068B390F8343063B3B1F5801F2BD202216F
S214009A7027F083F821462846144A0DF10703FEF71F
S214009A8077FDC0B99DF80730032B14D0022B14D1F4
S214009A900E49284627F068FA471C024639462846EB
S214009AA0FFF7D4FE044606B13760E86B27F0FEF9F0
S214009AB0204603B0F0BD2D24F7E76124F5E7212406
S214009AC0F6E71124F4E72924F2E700BF803D0020E2
S214009AD030B50C46054685B028B390F8343023B32D
S214009AE0B1F5801F23D2022127F047F80DF10F03AE
S214009AF0214628460F4AFEF73BFD034688B99DF8E7
S214009B000F20032A0DD00322214600920246284643
S214009B10FFF7F8FD0446E86B27F0C8F9204605B0C5
S214009B2030BD2D24F7E72124F8E71124F6E7292491
S214009B30F4E700BF803D00202DE9F043466886B379
S214009B40056898464FF0000CA946AE4655F83C40CE
S214009B500CF1010CC4F31307013401D0B94217D03D
S214009B60B4450EF1080EF1D12F46002403E0B442AE
S214009B7007F1080712D055F8343001340133F6D116
S214009B80C1F3130141EA0851C7E90012BDE8F083AA
S214009B9041EA0851CEE90012BDE8F083B8F1030FA0
S214009BA003D101230372BDE8F083002303E0B34230
S214009BB009F10809F5D055F833400133C4F30754CA
S214009BC0032CF4D1C1F3130343EA0853C9E9003266
S214009BD0BDE8F0832DE9F0410646406882B0B8B192
S214009BE00F4690460024336853F8345003EBC40302
S214009BF0C5F30752C5F31301013506D05B6830463E
S214009C00CDF80080B84718B1706801348442EAD3B2
S214009C1002B0BDE8F08100BF024B1968024B18681D
S214009C20FFF780BBC4660020E466002008B530F06D
S214009C303AFE014B186008BDAC3D0020014B186889
S214009C4030F02CBEAC3D002073B504462248012AF5
S214009C5000EAC1119DF8185023F07C4007D9961EE3
S214009C60012E28D9073303F07F03194308E09DF837
S214009C701C300A43DB0603F0C053134343F0604135
S214009C800023C4E900108DF80730B5B12022214624
S214009C900DF1070027F002FC1A220DF10700211D26
S214009CA027F0FCFB082063689DF8072043EA8263E0
S214009CB0636002B070BD1143E2E71B220DF107009E
S214009CC0214627F0EBFB23689DF80720042043EA93
S214009CD0C2632360EDE700BF80FFFF0738B5094B7E
S214009CE00D461A680021044611F09EFD00234FF031
S214009CF0FF322383C4E900252361A260E382A376B2
S214009D0038BD00BF844E04000138C0B205289ABF93
S214009D10014B185C01207047894E04002DE9F04184
S214009D200746154600240E46596888B0490A012998
S214009D3022464FEA510104F10104F8D8DC789978FC
S214009D4024031B88C90201F4006104F480540C4308
S214009D50C3F30A035203234492B24FF000089C1840
S214009D60274B6FEA0444039325F07843ED4302A99A
S214009D700DF107001B2202938DF8078027F08EFB5B
S214009D809DF80720029B02A943EAC2630DF1070073
S214009D901B2225F07845049302958DF8078027F05E
S214009DA07DFB9DF80720029B6FEA144443EAC263DA
S214009DB005934FF0FF330794069307A9BB6901226A
S214009DC006F110009847BB6905A90446012206F172
S214009DD008009847BB69404518BF044604A90122FD
S214009DE0301D98470122404518BF0446BB693046DF
S214009DF003A99847404508BF204608B0BDE8F08153
S214009E0001009AB238B5104B0546D3F800310C461F
S214009E1003F00303022B0BD0032B0DD0012B0FD125
S214009E202EF0C0FE032305B1286004B1236038BDC0
S214009E302EF002FF0723F6E730F048FD0623F2E790
S214009E4001230020EFE700BF0080005038B5134B19
S214009E500546D3F820010C4600F0070004281AD85F
S214009E60DFE800F003090D111500012305B1286095
S214009E7004B1236038BD2EF05BFE0423F6E72EF017
S214009E8091FE0323F2E72EF093FE0523EEE72EF075
S214009E9085FE0223EAE700231846E7E70080005025
S214009EA038B5104B0546D3F840310C4603F0030393
S214009EB0022B0BD0032B0DD0012B0FD130F008FD59
S214009EC0082305B1286004B1236038BD2EF0B4FE27
S214009ED00723F6E730F0FFFC0923F2E70123002012
S214009EE0EFE700BF0080005038B5104B0546D3F8AA
S214009EF060310C4603F00303022B0BD0032B0DD06E
S214009F00012B0FD130F0E4FC082305B1286004B122
S214009F10236038BD2EF090FE0723F6E730F0DBFC1A
S214009F200923F2E701230020EFE700BF008000507E
S214009F3041F6713210B5104C104BA04294BF00246D
S214009F400124D969DA639A6801F4803122F4401258
S214009F5042EA04529A600A4A90420A4AD2F8180222
S214009F608CBF40F0020020F00200C2F8180209B1CF
S214009F700022DA6310BD00BF005A620200000350E0
S214009F8080F0FA0200C007502E4B98424AD022D8E2
S214009F902D4B984240D014D82C4B984239D00AD832
S214009FA02B4B984232D02B4B98422FD02A4B9842BC
S214009FB02CD000207047294B9842FAD1284B186FB6
S214009FC07047284B98422AD0274B9842F1D1244B11
S214009FD0D3F880007047254B98422BD009D8244BE5
S214009FE0984223D0234B9842E3D11D4BD3F88C00E4
S214009FF07047214B984221D003F5740303F51053A4
S21400A0009842D6D1164BD3F898007047144B986DEB
S21400A0107047134B586E7047114B586F7047104B74
S21400A020986F70470E4BD3F8840070470C4BD3F8EC
S21400A030880070470A4BD3F890007047084BD3F857
S21400A040940070470048E8010024F400C0CF6A007E
S21400A05080841E0000093D0040420F00405DC6009F
S21400A0600080E00FC0EA210180BA8C01007E560312
S21400A07080D54302006CDC020090D00337B50C4656
S21400A0800021114B0191D3F88031054603F00303FC
S21400A090022B0ED0032B11D0012B03D101A8FFF702
S21400A0A0D5FE0D210DB1019B2B6004B1216003B0DC
S21400A0B030BD2EF07DFD05210190F3E72EF06EFDFC
S21400A0C002210190EEE700BF0080005038B5104B2B
S21400A0D00546D3F840320C4603F00303022B0BD0A0
S21400A0E0032B0DD0012B0FD130F0F2FB082305B166
S21400A0F0286004B1236038BD2EF09EFD0723F6E7E6
S21400A10030F0E9FB0923F2E700231846EFE700BF2B
S21400A1100080005038B5144B0546D3F800020C46B4
S21400A12000F0070004281BD8DFE800F003090D1133
S21400A1301500012305B1286004B1236038BD30F056
S21400A140C7FB0823F6E72EF077FD0723F2E730F08B
S21400A150C2FB0923EEE72EF00BFD0C23800AE9E78D
S21400A16000231846E6E700BF0080005038B5144BC1
S21400A1700546D3F808020C4600F0070004281BD852
S21400A180DFE800F003090D111500012305B1286072
S21400A19004B1236038BD30F09BFB0823F6E72EF0B1
S21400A1A04BFD0723F2E730F096FB0923EEE72EF08F
S21400A1B0DFFC0C23800AE9E700231846E6E700BF29
S21400A1C000800050032814D005D8012805D00228A6
S21400A1D009D0002005E00F28FBD1084B186FC0F30C
S21400A1E0013001307047054BD3F89000C0F304608F
S21400A1F0F7E7024B186FC0F38020F2E700800050AC
S21400A2001FB500230193252817D8DFE800F0131A9E
S21400A2101D272C363B51565B60656A78161A401629
S21400A22016561A272C27361A5127783B3B3B3B27D6
S21400A23027275B602EF082FC0190019805B05DF840
S21400A24004FB2EF095FCF7E72EF078FC0246022081
S21400A250FFF7B8FFB2FBF0F20192EEE72EF088FCB3
S21400A26002460320F4E72EF083FC02460320FFF7A5
S21400A270A9FFB2FBF0F25208EEE7002101A8FFF7B3
S21400A280FDFEDAE7002101A8FFF7E0FDD5E702931F
S21400A2904FF0E0231B695B0705D52EF069FC0290A2
S21400A2A0029B0193C9E703A902A8FFF7F9FDF7E7A8
S21400A2B0002101A8FFF7F4FDBFE7002101A8FFF782
S21400A2C013FEBAE7002101A8FFF724FFB5E7002137
S21400A2D001A8FFF74BFFB0E7002101A8FFF792FDAA
S21400A2E0ABE7094BD3F8803003F00303022BA8D06A
S21400A2F0032B01D000209FE72EF05AFC9CE700219C
S21400A30001A8FFF7E3FE98E70080005008B501209B
S21400A310FFF776FFBDE808400349884294BF012155
S21400A3200221032000F002B880F0FA02032810B5DC
S21400A3300C4627D004D8012804D0022817D010BD18
S21400A3400F28FCD127F0C8F827F0CEF8124A013CB7
S21400A350136F23F4405343EA043313672EF008FCCC
S21400A3600021FFF7E5FDBDE81040FFF7CFBF0A4A22
S21400A3704C1ED2F8903023F0F85343EA0463C2F838
S21400A3809030DCE7044A4C1E136F23F4806343EAE4
S21400A39084231367D3E700BF008000501FB5002357
S21400A3A00193252821D8DFE800F013202020202A5A
S21400A3B02F454A4F54595E7120203420204A2020D1
S21400A3C020202A204520712F2F2F2F2020204F5469
S21400A3D0314B1B6F03F00703013B032B05D8DFE867
S21400A3E003F00C02080A04230193019805B05DF8F7
S21400A3F004FB0323F8E70623F6E70223F4E700202E
S21400A40001A9FFF73BFEF0E7002001A9FFF71EFDBC
S21400A410EBE702934FF0E0231B695B0705D52EF0B0
S21400A420A7FB0B230393039BDEE703A902A8FFF712
S21400A43037FDF8E7002001A9FFF732FDD5E7002039
S21400A44001A9FFF751FDD0E7002001A9FFF762FE42
S21400A450CBE7002001A9FFF789FEC6E7002001A987
S21400A460FFF7D0FCC1E70C4BD3F8803003F00303B2
S21400A470022B03D0032B05D00023B5E72EF078FB84
S21400A4800B23B1E72EF094FB0523ADE7002001A9CE
S21400A490FFF71CFEA9E700BF0080005008B50320A8
S21400A4A0FFF790FE034B187027F016F8BDE808403B
S21400A4B027F01AB8CC5C002010B504462EF058FBE6
S21400A4C00021FFF735FD1CB1BDE81040FFF71EBFA9
S21400A4D0034B0320BDE810401978FFF727BF00BFE5
S21400A4E0CC5C002038B50546FFF74EFD204B0446F1
S21400A4F05A68012A04D11F494A609A699207FCD11A
S21400A5000020FFF74BFF042803D126F0E5FF26F0D6
S21400A510EBFF194A24F0407395421FD0174A954224
S21400A5201FD0174AD16811F0060FFBD190689360D0
S21400A53091684B4013F4F81F16D12846FDF766FDC8
S21400A5400020FFF72BFF042810D12EF011FB00216E
S21400A550FFF7EEFCBDE83840FFF7D8BE43F00073C7
S21400A560DFE743F08073DCE79060E9E738BD00BFC3
S21400A57000C0015000E0015040420F0080841E00E1
S21400A5800000015070B504460020FFF707FF0328BF
S21400A5907CD045F60E030221414AC2F88030414B7A
S21400A5A09962012103F580539962936DD903FCD417
S21400A5B0D4E900131B0543EA0163E17B94F82350BA
S21400A5C00B43217B43EA0143617B43EA0133A17BD2
S21400A5D043EA811313619169D4E904031B0643EA35
S21400A5E0806301F000410B43A17EE07E0B43217E99
S21400A5F043EA0143617E43EA01239361E169136AFA
S21400A600002923F00D0343EA010314BF01210021B2
S21400A61043EA800343EAC103136294F8203094F8B7
S21400A6202200916A4FEA431331D194F8216021F059
S21400A630330143EA06130B4343F0010393621A49BE
S21400A640174A936D31EA0303FBD10221154B996239
S21400A650936D5B00FCD41369A16823F4700343EA8E
S21400A660015313614FF000420E4B9A6118B9022253
S21400A67003F580539A6215B901220C4B9A6294F83E
S21400A68024301BB1064B0A4AC3F8802070BD21F067
S21400A690330129430B4343EA40039362EFE700BFCD
S21400A6A000C0005000D000500300014000E0005001
S21400A6B0F1A7FFFF014B93F900007047CD5C002027
S21400A6C0014B1880704700BFDE6B00200C4A10B5A7
S21400A6D01369044643F0040313612EF0B9FD26F017
S21400A6E007FF084B084AC3F8202430BF26F001FFB6
S21400A6F002F066F91CB9BDE810402EF039BA10BD5C
S21400A70000ED00E000E003500000FFFF034A01797F
S21400A710D36E23F030030B43D366704700400050DF
S21400A720F8B504460D461F4616464AB101238B402F
S21400A7303021184A01FB0022F7B141F210015350B4
S21400A74004EB4403072D4FF00F014FEA031316D80E
S21400A750A80006FA00F281400F48184426F0CCFE06
S21400A7604EB9012330210B4AAB4001FB042277B1DE
S21400A77041F210015350F8BD42F21001DFE7A5F197
S21400A7800800800006FA00F281400448E5E742F23D
S21400A7901001EFE700C0035004C003500CC0035084
S21400A7A0012200F5805310B55A60244B244AC3603A
S21400A7B043691340FCD18361C0F89830436913F4B1
S21400A7C0401FFBD14369DA052CD4836F53BB436922
S21400A7D09B0529D4D0F8883033BB0121C26FD0F84E
S21400A7E08C2000F500525160302183600361C36203
S21400A7F003620167C0F880101249884208D142F20D
S21400A8006004114984640165436584650166436696
S21400A8100C49884202D10020102B08D10B4B536202
S21400A820936210BD436FCDE7D0F88430CFE703F1D5
S21400A830280441F824000133EEE700BF12000200AE
S21400A840520001000040005A00C002808F330F8083
S21400A850084608B569B91820FFF7D2FCB0B10C4B12
S21400A860984206D90B4B9B68C3F302730133B0FBC7
S21400A870F3F0094B00F5742000F23F20B0FBF3F034
S21400A88001387F2828BF7F20C0B208BD0120F0E72E
S21400A890005A62020040005A40420F000B4B10B5AF
S21400A8A0994228BF19460C461AB91820FFF7A8FC8B
S21400A8B00246631E1344B3FBF4F0A34228BF00F124
S21400A8C0FF30032828BF0320C0B210BD005A620222
S21400A8D010B51048104C002B08BF04468C4228BF09
S21400A8E00C461AB91820FFF78BFC02469DF8083074
S21400A8F040F2FF300133B2FBF3F2631E1A44B2FBA0
S21400A900F4F3A24228BF03F1FF33984228BF18464B
S21400A91010BD00BF80969800404B4C002DE9F04FCC
S21400A9202DED068BB64D0C4616462946002285B000
S21400A9300746FFF7B3FF94F805800122804538BF2D
S21400A940804607F500535A6020795FFA88F850B9B8
S21400A9501820FFF755FCA842014628BFB0FBF8F1C7
S21400A9603846FFF775FF4FF00009E37822781B01A1
S21400A970524202F0020203F03003134362780004EE
S21400A980524202F004021343A27800F4FE00524240
S21400A99002F0080213434FEA087202F0E042134343
S21400A9A01843E3882289B8603B616389DFF85CA2BC
S21400A9B043EA02433B62574502D1B9F1020F08D180
S21400A9C0012307F580577B6005B0BDEC068BBDE81C
S21400A9D0F08F002235788B488B49B468954218BFB3
S21400A9E001462B468948CDF80080FFF771FF07EB3C
S21400A9F009118B6CA2B223F0405323F4EE2323F00C
S21400AA001F0305F003041C43737882424FEA830356
S21400AA1003F01C0344EA0304B37838BF02461B0362
S21400AA20F07803F4E0432343040404F4E0242343CF
S21400AA3034794FEA091C240704F0405423438B64FE
S21400AA408C6C09F1050BC4F30234013C7049042CEC
S21400AA5026D8DFE804F0252503101A00D1F8804137
S21400AA60240C2DB3C2F309020AEB0B135A6009F14A
S21400AA70010910369FE7D1F88441002DF2D1D1F8B4
S21400AA808C11A4B20914490015E0D1F88441002DB8
S21400AA90E8D1D1F88C11240C091401EB41010AE02D
S21400AAA0D1F88041A4B2002DDCD1DFED5A7A06E061
S21400AAB0D1F88C11091407EE901AF8EEE77A012106
S21400AAC00CF1B44C0CF5804C2304DCF8483024F42C
S21400AAD0C045C3F3820C0CF1010C01FA0CF107EE31
S21400AAE0101A4FEA854548BF45F0004513F01C0F85
S21400AAF0B8EEC79AF6EE008A454B55D1D3F88C11BE
S21400AB000BB208EE103AB8EEC88A38EE278A9FEDE8
S21400AB1042AAF7EE049A00285DD1039226F066FD5D
S21400AB2007EE900AF8EE677A87EE8A7AC9EE877A99
S21400AB3027EE888A039A9FED397AC7EE097A9FED49
S21400AB40387A67EE877AB1EE007AB5F1004F48EEB4
S21400AB50077A0BD09FED337A06EE104A77EE876AB7
S21400AB60BAEEE86AF0EE477A56EE267AF5EEC07A46
S21400AB70F1EE10FACBBFF1EE677A78EEE78A77EE61
S21400AB80E87AFDEEE87AC8BFFDEEE77A17EE901A8F
S21400AB90B1F5003F2ADB6FEA55456FEA45451B488D
S21400ABA04FEA0B1145505DE7D3F8901169EE286A1D
S21400ABB009B207EE101AB8EEC77AD3F8881177EE06
S21400ABC0677A0BB208EE103A87EEA67AB8EEC88A15
S21400ABD038EE078A9BE7D6ED037AF8EE677A87EEBB
S21400ABE08A7AC9EE877A27EE888AA4E711F5003FAD
S21400ABF0AABFC1F3110145F400350D43CFE700BFEE
S21400AC00005A6202404B4C00809698000040005A62
S21400AC100080E00F0000000000007A44000080433F
S21400AC20000020440000004941F67132034BDA630D
S21400AC30012203F50053DA60704700BF000003509E
S21400AC4041F671320121044BDA6303F50052D160FC
S21400AC500022DA63704700BF00000350044B1868F8
S21400AC60421C02BF034AD2F894001860704700BF27
S21400AC70E866002000400050CB784A7810B55B01AB
S21400AC800C7843EA82030A79234343EA02130C2230
S21400AC90424302F1B0421363012C02BF8A78024B92
S21400ACA043F8202010BD00BFD080035008B54FF0F9
S21400ACB0B0435A6802B960B15B680BB126F0BEFCBF
S21400ACC04FF0B04130B10120074B586026F0B6FC7B
S21400ACD0C86008BD26F0B2FC0223CB6026F0AEFCAE
S21400ACE00122024B5A60F4E700100058002000587A
S21400ACF04FF0B0414B6810B50BB126F09FFC012217
S21400AD000B4BC4785A608378934043EA84034478B4
S21400AD102343047943EA0413447943EAC4038B606B
S21400AD20044B5A600378C3F10203CB6010BD00BF2A
S21400AD300020005800100058054B5B69C3F38512CD
S21400AD40827003F03F021B0B42700370704700BF17
S21400AD5000C007500120034B9B680A3303F01F0313
S21400AD60984070470080E00F034BD3F82424D3F8B4
S21400AD7020041040704700BF00C003502DE9F84380
S21400AD801E4B0546D3F810334B1E0E2B0E461746A9
S21400AD9090F8009044781DD909B34FF00008284673
S21400ADA0D7B12FF09BFD09EB4903072C4FF00F019D
S21400ADB04FEA031315D8A400114808FA04F2A1407C
S21400ADC0184426F043FCBEB928468FB1BDE8F843C8
S21400ADD02FF084BD8846E2E726F047FCE3E7884686
S21400ADE0E1E7083CA400074808FA04F2A140E7E7B8
S21400ADF0BDE8F84326F039BCBDE8F88300C0035030
S21400AE0004C003500CC003502DE9F041204B1646F9
S21400AE10D3F810234A1C05460C46407804D1D3F8D4
S21400AE20241426F030FC0446002C2EDB072C14DC01
S21400AE3003274FEA84082A7807FA08F739461548A0
S21400AE4002FA08F226F002FC6A78394602F003029B
S21400AE50114802FA08F226F0F9FB012316F0050F56
S21400AE600E4A18BF0E4903FA04F30CBFC2F810349A
S21400AE70C1F8103416F0060F18BF094AC2F8143489
S21400AE800123064AA340C2F820342046BDE8F081DC
S21400AE9000C0035000C4035008C4035000E0035031
S21400AEA000D0035070B504462AF0CFFF064630B9EE
S21400AEB00FCC044D0FC594E80F0085E80F00304610
S21400AEC070BD00BFB03D002047F6FF739A42F0B554
S21400AED070D0022970D8394B5B5C022B6CD8384D89
S21400AEE0DE0005EBC304A77815F83330012F39468A
S21400AEF038BF0121012B16D1E078401A0021884284
S21400AF0005D8012F2CBFC0190130C0B2F0BD431ABE
S21400AF106568A0EB530335F913509542D4BF194624
S21400AF2003F1FF30EBE760680028EFD0B0F900408F
S21400AF30944204DBB0F902409442B8BF14468388BA
S21400AF403544FF2B19BFC8232827B0F90630B0F9BF
S21400AF500870A3EB04030CBF0122002293FBF7F357
S21400AF606E7813441BB29E4201DD002B01DA731E7D
S21400AF701BB24FF47A7C00EBC305EA88AD685F1C11
S21400AF8014FB02521D4622EAE2723BB25C329E423B
S21400AF90B2FBFCF204DD00EBC307BF889742EAD29F
S21400AFA000EBC5039888904228BF1046884238BFF9
S21400AFB00846AAE7FF20A9E70020A7E78F4E04006F
S21400AFC0B03D00200229F0B560D8314B595C02290B
S21400AFD05CD8304B13F83100012816D103EBC103BF
S21400AFE09C78D878012C214638BF0121904294BF26
S21400AFF0C1EB0001C1EB0201001BCAB28242C8BF0E
S21400B00000225B6833F91200F0BD002A3CD003EB47
S21400B010C1035968002939D09878904202D3B1F913
S21400B0200200F1E7DC78B1F900009442ECD95C78D4
S21400B0308B88013CA3F1FF06734201F10405E4B2DC
S21400B040734101F10C07DEB2B44216D805EBC30318
S21400B0504FF47A756A43B3F902405B68D21A04EB80
S21400B060D47302EB630292FBF4F29042CCDBB1F9AC
S21400B07002009042C8DC10B2C6E737F833C05E1C48
S21400B0809445E3D33346DEE70348BDE70348BBE712
S21400B0908F4E0400B03D00200CFEFFFF0080FFFF37
S21400B0A008B50448FFF7FEFEBDE8084001202AF078
S21400B0B0D2BE00BF944E04007FB51422002101A822
S21400B0C010F0B2FB044B01A94FF0FF3002932AF0B8
S21400B0D008FF07B05DF804FB006A18002DE9F04190
S21400B0E08CB08846DDE912761D460446002847D017
S21400B0F0002945D0002F43D0002E41D013F00F0377
S21400B1003ED120482049A360002A08BF014623629A
S21400B110C4E90013404609A926F047FB68BB204651
S21400B12009992FF036FC294620462FF032FC694656
S21400B130404626F0C9FB00BB6946204626F0F4FBD5
S21400B140404603A926F0CBFBB8B9204603A926F053
S21400B150EBFB06970127204645F0005506A9079702
S21400B160089526F0E1FB204609A909960A970B9553
S21400B1702FF035FC20462FF0EFFB0CB0BDE8F08139
S21400B1802120FAE700010004000101042DE9F04F38
S21400B19097B0894690461F460546DDF880A00028F1
S21400B1A000F0BB80002900F0B8803AB1229B002B4B
S21400B1B000F0B380239B002B00F0AF80BAF1000FA5
S21400B1C000F0AB80219B002B00F0A78067B13C68A5
S21400B1D00026229B43440293464507D307B13C60B2
S21400B1E0002017B0BDE8F08F3C46F1E75CB1229B2B
S21400B1F0219A9B5D125D01345340239A04F00F049C
S21400B20093550136E8E7A8EB060BBBF10F0F58D9AC
S21400B210434B4846C5E90034AC602C6213A926F0BF
S21400B220C4FA0028DDD1284613992BF00F0B2FF017
S21400B230B0FB594628462FF0ACFB484604A926F03A
S21400B24043FB0028CDD1284604A926F06DFB4846CE
S21400B25007A926F044FB0028C3D1284607A926F0F4
S21400B26063FB012322992F4ACDF828A00B930C925A
S21400B2708A190D9228464BF000520AA90E930392A3
S21400B2800F9226F051FB28460DA926F04DFB239B76
S21400B290039A99190123109111931292214A284674
S21400B2A010A9CDF84CA0149315922FF098FB2846C1
S21400B2B013A92FF094FB28462FF04EFB5E4400287F
S21400B2C08FD1229B03EB060B239B1E44029B9B45C0
S21400B2D001D1464680E7ACB9219B2246CDE900A3C2
S21400B2E0494610232846FFF7F9FE00287FF479AF79
S21400B2F00AF1100212F8013D0133DBB213700BB9EC
S21400B3005245F7D1219A1BF8013B125D0134534098
S21400B31006F8013B04F00F04D8E7212061E700BFE0
S21400B32003030004100000207FB50E461D460446A9
S21400B330F0B102B9E3B901230192029345F000533C
S21400B340039300230B4AA360C4E90023236220462C
S21400B35001A926F0E9FA314620462FF01AFB2046CE
S21400B36029462FF016FB20462FF0F6FA04B070BDE3
S21400B3702120FBE700000943084B984202D0084B07
S21400B380984207D10B88B3F5105F14BF6FF08500A5
S21400B390002070476FF08500704700BF00444004EF
S21400B3A00013C0041038102808D8064BC34013F00A
S21400B3B0010F0CBF6FF08600002070476FF086000C
S21400B3C0704700BF010101002DE9F04FA7B008AF9C
S21400B3D0CDE90501DDE93295DDE9346A0021079201
S21400B3E0384610229846DDF8D8B010F01DFA102224
S21400B3F000210CA810F018FA069B2BB96FF08604F3
S21400B400204627B0BDE8F08F079B002BF6D0B9F199
S21400B410000F01D1002DF1D1309B13B9319B002BC9
S21400B420ECD116B9BAF1000FE8D1BBF1000FE5D0A8
S21400B43040460599FFF7A0FF04460028E0D10146E4
S21400B44028221CA810F0F0F92022214614A810F09B
S21400B450EBF91CA82FF093FA002840F0AF80DDE946
S21400B4600612059814AB26F0ABFA04460028C7D19E
S21400B4701498FFF797FF04460028C1D115B9CBF8FA
S21400B4800000BDE7B14518D209EB05039E4214D271
S21400B4905545B3D82A464946304610F017FA554B5C
S21400B4A0984526D006D3544B984524D003F54073D0
S21400B4B0984520D06FF08504A2E74F4B98451BD0E7
S21400B4C003F54073984517D04A4B9845F2D1554539
S21400B4D094D815F00F0291D12B46CDE9009614A909
S21400B4E01CA8FFF7FBFD814600285CD1CBF8005076
S21400B4F086E7B146EDE7B1461022002110A810F00D
S21400B50093F955453FF67AAF3C4B9845319B39D178
S21400B5100D2B7FF473AF01238DF84030309B0DF177
S21400B520410203F10C0153F8040B8B4242F8040B62
S21400B530F9D11B78137001238DF84F3015F00F08E2
S21400B54042D025F00F034B440DF1300C03F1100EE2
S21400B550624618685968083303C273459446F7D1A3
S21400B5600F2D33D825F00F03334403930CABCDE9EE
S21400B570017310AB00934246002314A91CA8FFF7E2
S21400B58005FEB0E7102B7FF439AF309B10AA03F10D
S21400B590100E9446186859680833ACE803007345E3
S21400B5A06246F6D1CAE752460021304610F03CF912
S21400B5B00023B9F1010FCBF8003002D06FF09204EF
S21400B5C01EE76FF08B041BE70F2D8FD910ABCDE96C
S21400B5D0029600930197002325F00F0214A91CA8D9
S21400B5E0FFF7D4FD81460028DDD1B8F1000F3FF407
S21400B5F07DAFB7E7004440040010C0040013C00449
S21400B6002DE9F04F8A46A1B00021DDE92A56DDE992
S21400B6102C790590934606A81022984610F004F957
S21400B620102200210AA810F0FFF8BAF1000F05D189
S21400B6306FF08604204621B0BDE8F08FBBF1000F06
S21400B640F6D00DB9002EF3D117B9B9F1000FEFD12E
S21400B6502E9B002BECD040460599FFF78DFE044646
S21400B6600028E7D10146282216A810F0DDF820228F
S21400B67021460EA810F0D8F816A82FF080F900285A
S21400B68054D15A46514605980EAB26F099F9044611
S21400B6900028CFD10E98FFF785FE04460028C9D1B2
S21400B6A016B92E9B1860C5E7BD4216D2AB199F424D
S21400B6B013D24E45BCD832462946384610F006F915
S21400B6C03A4B98455BD003F54073984531D0384BDC
S21400B6D0984511D06FF08504ACE7344B98454FD0B1
S21400B6E003F54073984525D0314B9845F2D14E4529
S21400B6F003D96FF089049DE73D46330798D133465A
S21400B7000122CDE900570EA916A8FFF7E7FC2E9BED
S21400B71005461E6000288DD04A460021384610F0A7
S21400B72083F800232E9A012D13603BD06FF092040D
S21400B73080E73D460D3E4E45DBD801238DF8283088
S21400B7402B460DF1290205F10C0153F8040B8B4230
S21400B75042F8040BF9D11B780D3513704FF4807343
S21400B760ADF8363006AB01930AAB009332460023A1
S21400B770CDE902570EA916A8FFF708FDC7E73D4614
S21400B780103E4E45B5D82B460DF1280C05F1100E8F
S21400B790624618685968083303C273459446F7D161
S21400B7A01035DFE76FF08B0444E700BF0010C004DD
S21400B7B00044400410B54FF42F720021044610F0E8
S21400B7C033F88023C4F88C30054B04F19C00C4F891
S21400B7D08430012384F88830BDE8104025F03CB959
S21400B7E074B6030010B5D0F8A0400A468CB926F00F
S21400B7F0FDFA044610B90024204610BD2D2896BF39
S21400B800064B074953F82010064A074826F034FC32
S21400B810F2E7D0F8A4101046A047ECE7804F0400EB
S21400B82077B6030012B20300A7B70300F8B590F886
S21400B8308060044616B100263046F8BD26F009F9A9
S21400B8400028F8D1012384F8803094F8883033B18A
S21400B850D4F884101F4884F8886026F00DFC4FF05A
S21400B860FF37D4F8B402421C1FD0C4F8B47210F0EC
S21400B870FF052CD0204626F0E9F82946204600F0A1
S21400B880A7FB0028EDD0204626F0EEF894F8883086
S21400B8903BB1D4F884100F4826F0EEFB002384F862
S21400B8A08830002384F88030C6E726F0CAFB431CA5
S21400B8B0DDD1D4F88C30D4F89420013B9A4204DBD6
S21400B8C0054A0649064826F0D7FB0126E9E7012681
S21400B8D0C7E700BF49C9030012B2030085B60300DC
S21400B8E0A7B70300F8B50B780446302B0D4616466E
S21400B8F004D14B7803F0DF03582B11D0284F6A1E73
S21400B90012F8011F002934D128460A220FF07CFEC7
S21400B910202C03460D4631D1B1FA81F040091AE0D9
S21400B9204A1C1F4912F8013F8BB928460FF078FED3
S21400B9301C4B02382340032B12D10134A41084423E
S21400B9400AD1A87837288CBF0020012003E0CB5C02
S21400B95013F04400E6D1F8BDCCBF01200020FAE782
S21400B960002CB8BF0334B0EBA40FD4BF01200020D6
S21400B970F1E77B5C13F00400C2D1ECE726B1084384
S21400B98002D0013B61F100050122A240013A1A40B3
S21400B990002D08BF9A420CBF01200020DBE700BF45
S21400B9A0E575040003000080F0B5037801467B2BA4
S21400B9B017D10646022400220B4F16F8015F7D2D94
S21400B9C005D10B5D6BB9D24302F0010008E07B5D48
S21400B9D013F0440002D001320134EEE7202DFBD0F4
S21400B9E0F0BD0020FCE700BFE575040070B5064614
S21400B9F00D460FF015FE0446304626F03DFB044E7D
S21400BA00AC4200D370BD304626F036FB0134F7E773
S21400BA1021C003002DE9F84F044602215148FFF7E4
S21400BA20E5FF1E212068FFF7E1FF6368586826F0EF
S21400BA3023FB4D4826F020FB67683B7BFD2B12D886
S21400BA40D7F808804FF0FF3640460FF0E9FD054670
S21400BA50DFF81091DFF870A1DFF84CB10C3717F85B
S21400BA60013BFF2B01D1BDE8F88F212B18D8212BE5
S21400BA7036D8DFE803F0377274111B1D1F213535E9
S21400BA80353535353535232527292B2D2F313535B9
S21400BA903535353535353D33344C002D2BD12EE03C
S21400BAA0334C344AFE2B08BF1446F6E7324CF4E714
S21400BAB0324CF2E7324CF0E7324CEEE7324CECE731
S21400BAC0324CEAE7324CE8E7324CE6E7324CE4E741
S21400BAD0324CE2E7324CE0E7324CDEE7324CDCE751
S21400BAE0234CDAE7314CD8E726F0BAFA01362AE0DA
S21400BAF0002DB4D02E4C202B06F10106AFD002212B
S21400BB004846FFF773FF1E214846FFF76FFF504673
S21400BB1026F0B2FA5946204610F0DCF825490028EF
S21400BB2018BF2146244826F0A7FA3B78202B02D1DE
S21400BB302B2026F095FA214826F09EFA4DB118F8EB
S21400BB4006301F2B05D018F806001F2801D0AE427D
S21400BB50CADB054826F090FA81E7194C9DE7194C98
S21400BB609BE700BF3503040012B203002FB70300A3
S21400BB7041B7030067D303008CB7030093B70300F5
S21400BB8084B7030080B7030077B703006DB70300E0
S21400BB9063B7030078B703006EB7030064B703000B
S21400BBA059B7030052B7030049B703002EB7030086
S21400BBB034B703003FB7030049C90300B8BA03000F
S21400BBC08BB7030092B703004FD403002DE9F04F64
S21400BBD09BB005468B460024009203930FF020FD91
S21400BBE0249F039B04901C6028463C600AAA09A96F
S21400BBF026F064FA064658B90A980FF011FD344646
S21400BC00B046039B1860D5F89C300293029B1BB984
S21400BC1020461BB0BDE8F08F029BD3F80890B9F120
S21400BC20000F6CD02E4416F8013B202B11D00026B6
S21400BC300C23734309EB030A59F803300193002BD6
S21400BC4058D0099B434555DB9AF808202AB1721C48
S21400BC5039E03B6801333B60E5E73968D5F8942066
S21400BC600793039B521A1A601AAB03EB880151F82C
S21400BC70403C0199184605930FF0ECFF069000280B
S21400BC80E5D101980FF0CCFCDDE906230146DAF891
S21400BC900400D7F800A090F80CC0BCF1FE0F16D137
S21400BCA003F1FF3EC64512D0D0F8009005980192E9
S21400BCB00FF0B6FC0AF1010A019A50442B5C23B13E
S21400BCC0386008F101081646B2E70130F6E7D5F805
S21400BCD094200591A2EB0A028A4220DC58460FF017
S21400BCE09FFC059901447B290DD958461F4A0099A7
S21400BCF024F0D9FE2B46049A2A4493422CD1029B68
S21400BD001B68029382E7DDE90012584624F0CBFE5A
S21400BD105846174A0099013424F0C5FE97E7BCF14F
S21400BD20FE0F94D1013B434591D1D0F800A0DFF837
S21400BD3040905AF80C2B22B9049B3B60039B1A6078
S21400BD40D8E75846009924F0AEFE4A465846009971
S21400BD5024F0A9FE0134ECE713F8011B0029CCD12E
S21400BD604FF0200103F8011CC7E700BF99B7030096
S21400BD7021C003002DE9F047002486B01C60DDE9F1
S21400BD800EA8064689468AF800401168154888F8C5
S21400BD90004017461D468DF81740FCF7A5F818B961
S21400BDA001242B6801332B600020D6F89C6036B93E
S21400BDB014B1012388F8003006B0BDE8F087B068FB
S21400BDC068B14B460021CDE902A8CDE900750DF11A
S21400BDD0170225F0AAFF9DF81730002BE8D1366829
S21400BDE0E5E700BF9EB703002DE9F0470446ADF532
S21400BDF0447D8022002104A802AF0FF015FD8022AA
S21400BE002046009703AB04A9FFF7E0FE01283DD1CA
S21400BE1004A80FF005FC03993B68461A0B4426EA73
S21400BE20E6762344054604A83246014418460FF039
S21400BE308BFE00228255D4F89060039B3968D4F8B4
S21400BE4090201944B14212DCD4F89410E81A024447
S21400BE50C4F89020014404AAC4F89410D4182518F5
S21400BE602B1B002B0DDC0DF5447DBDE8F087A05C98
S21400BE7026F0F6F8D4F8903001360133C4F8903046
S21400BE80DBE714F8010B26F0EBF8E9E7EBDD24AD71
S21400BE908022002128460DF5887A0FF0C5FC0DF1AA
S21400BEA010094FF40072002150460FF0BDFC4FF011
S21400BEB001084A46002312F8016BA6B904A84AF8FE
S21400BEC028300FF0ADFB2946334698451CDB19F8A1
S21400BED0016B0DF5887C5CF8042B82420CD101F8CE
S21400BEE0016B0133F1E7202E03F1010304BF4AF88A
S21400BEF0283008F10108DEE70DF1100E7244D25C1E
S21400BF00B242E8D00022EA54D4F89060039BB342D1
S21400BF102FDC23462C4A04A92C4826F0ADF82846E8
S21400BF200FF07EFB0646039B3F68F61A1F4426EA80
S21400BF30E672E01917441D44E11904F19003994292
S21400BF403CD904F19803984238D26A1E81190B1A1C
S21400BF50002B27DD12F8013F00F8013BD4F89030A3
S21400BF600133C4F89030D4F894300133C4F89430D8
S21400BF70EDE7D4F890300136E05C26F071F8D4F89E
S21400BF8090300133C4F89030C0E7D4F89020013BDD
S21400BF900132C4F89020D4F894200132C4F89420DA
S21400BFA0002BF2DC00232E44E355731B002B7FF797
S21400BFB05AAF15F8010B26F053F8F6E729460FF0AE
S21400BFC0C3FD3346ECE700BF74B60300A3B7030017
S21400BFD02DE9F843D0E9245604460F46002294F88B
S21400BFE09830012B07D10A2F07D1002384F8983008
S21400BFF00020BDE8F88300F29F801B2F01D10223AA
S21400C000F4E70D2F0DD1012384F898300D2026F08B
S21400C01027F80A2026F024F800230120C4E9243358
S21400C020E7E74FF00008082F84F8988034D145459C
S21400C03030DDB5420FD1384626F012F8202026F023
S21400C0400FF8013D384626F00BF8013E04F805804F
S21400C050C4E92456CCE7FBDA05F1FF39384625F06B
S21400C060FFFF04EB0903A6EB0902611918460FF05F
S21400C0702DFC04F806800146013E484825F0FCFFEA
S21400C08035464D4501DC4D46E2E7082025F0E8FF41
S21400C090013DF6E7ACD0DBE77F2F1CD1002EA7DDF5
S21400C0A0B542A5DA6319691C21441846721B0FF0C5
S21400C0B00DFC04F806800146394825F0DDFF08200F
S21400C0C0013E25F0CDFFB542F9D1D4F89430013BBE
S21400C0D0C4F894308CE70A2F98D0092F03D1204655
S21400C0E0FFF782FE84E7D4F88C30013BB3427FF73B
S21400C0F07FAFB54204EB050805F101090CDB3846B5
S21400C10088F80070D4F89430C4F890900133C4F8DE
S21400C110943025F0A5FF6BE74146721B04EB09003F
S21400C1200FF0D4FB404625F0A7FF0820013E25F07F
S21400C13097FFB542F9DDE2E7022B06D15B2F01D16E
S21400C140032353E784F8982049E7032B7FF450AF86
S21400C150413F84F89820032F3FF64AAFDFE807F008
S21400C16002070A160121204625F02BFF40E74FF074
S21400C170FF31F8E7B542BFF63BAF605D25F070FFD4
S21400C180D4F890300133C4F8903031E7002D7FF7B3
S21400C1902FAF013D0820C4F89050BAE7ACB70300B3
S21400C1A0A6BB030008B50248FEF79CF9002008BDB0
S21400C1B000B4C40430B58BB06C46174D0FCD0FC419
S21400C1C00FCD0FC495E8030084E80300134BD3F8A3
S21400C1D04C2112031CD5A3F5FE431C884FF6FF73B3
S21400C1E09C4208BF8C248DF81940FEF763FA204461
S21400C1F080F308008DF818000948FBF70DFF684625
S21400C200FEF7C0F93220FEF75BFA00200BB030BD17
S21400C210D3F85041E4B2E6E7385004000080E00F5F
S21400C22000F049020028ACBF00F16040064B4FEA20
S21400C2300111C9B2ABBF00F5614000F00F0080F8F5
S21400C24000131954704700BF14ED00E008B52EF037
S21400C25037FB0B4B1A7872B901221A702EF02BFBA3
S21400C2606FF0040210460132052152B2FFF7DAFFE2
S21400C2703D2AF7D108BDBDE808402EF01CBB00BF24
S21400C280CE5C0020002807DB01234109034A00F0AA
S21400C2901F00834042F82130704700BF00E100E0F5
S21400C2A0054B421153F8223000F01F0023FA00F02D
S21400C2B0C04300F00100704700E100E0002808DB02
S21400C2C001224309034900F01F008240603341F811
S21400C2D02320704700E100E010B504462EF0E3FA94
S21400C2E0024B1C602EF0DAFA002010BDD83D00206C
S21400C2F010B52EF0D8FA034B1C682EF0CFFA204665
S21400C30010BD00BFD83D002038B50C461546014686
S21400C31010B9FFF7EDFF01462B46224603480EF004
S21400C32093F90028D4BF3720002038BD132203001D
S21400C33008B500F0E3FB18B16A2102482EF0B5FB01
S21400C340002008BDB1B7030008B500F049F80C4A54
S21400C350536A43F470235362EFF308834FF0CD31F2
S21400C360084A043B934208D200F070FAFFF7E0FF59
S21400C370BDE808400448FEF795BD43F80419F1E708
S21400C38000ED00E008000020944E040007B50422EB
S21400C39000200DEB020129F01CFD042803D0D72154
S21400C3A004482EF082FB019800F0DCF903B05DF83B
S21400C3B004FB00BFB1B70300082310B50C0A4140C8
S21400C3C00648C9B241F30002013B024013F0FF03E6
S21400C3D082EA5101F6D184EA010010BD2083B8ED4F
S21400C3E038B5FEF73BFC044625F022F9E3072AD4CD
S21400C3F001221046114600FA01F3234002F1010221
S21400C40023D01D4B33F811301C48062B0288448875
S21400C4101B4920D14FF20F039C4219D1B2F5406F51
S21400C42028BF4FF4C0624CF23C330A80438040F28F
S21400C43001730A889A4201BF124B134AD2E90001DF
S21400C440C3E9000115E00021DBE7102AD2D1DBE7C3
S21400C4504FF4C062E7E740F20725AB420AD14FF23D
S21400C4600F05AC4206D19A4204D14CF23C320B8006
S21400C470428038BD0B80DAE7FC510400E063002000
S21400C480BA570020DC3D0020D8630020014B1888F6
S21400C490704700BFBA570020014B1888000A704743
S21400C4A0BA570020044B05481B881A0AB3F5406F9C
S21400C4B038BF00EB82007047BA570020CC5104000A
S21400C4C0044B1888044B020A53F82230C0B203EB20
S21400C4D080007047BA5700209C51040010B50446EF
S21400C4E02EF0E5F94FF20F02044B1C805A80BFF382
S21400C4F05F8FBDE8104025F056BE00BFE063002009
S21400C5006D4A2DE9F0416D4B55686D4C5D65516A7D
S21400C51099656C49D1F80002D865D1F80412586BB9
S21400C5201966916A10F0040F5966D16A4FF0000040
S21400C5309966116BD966516B1967D26BD8645A67C6
S21400C540D3E90E1218BF11465F4A91421A655DD3B1
S21400C55001F12000A04259D88869C5F3080518647F
S21400C560CE69062D5E6455D1584DA84252D3584D1B
S21400C570A8424FD205884DF6426085424AD11868D7
S21400C580C3F890005868C3F8940040F20170A242C5
S21400C590154604D22E680432B6F1CD3FF7D00022FD
S21400C5A0C3E91E22C3E92022C3E92222641BDFF866
S21400C5B01CC1434DDFF818E19C648D422DD8D3E9A9
S21400C5C01EC7D3E92065D3E922414FF0000E013A99
S21400C5D0D2B2FF2A3CD1BEF1000F05D0C3E91EC778
S21400C5E0C3E92065C3E92241B3F85430C3F3080316
S21400C5F00C2B3BD8022B54D9DA1E092A51D8DFE877
S21400C60002F03157404350505050504D0021C3E97E
S21400C61010112D494FF42060B9E755F8044D6445D4
S21400C620CBD37445C9D2E607C7D50026294F57F89D
S21400C630048FA045C1D00136062EF8D132B1013A9A
S21400C640D2B202F11E0643F82640B6E70522F8E706
S21400C650E0464FF0010EBC4637462E4625460C46B1
S21400C6604146B4E740F60120BDE8F0813B2B18D1E7
S21400C670194B9B6913F0020F40F2025318BF18467D
S21400C680F2E740F60320EFE740F6042240F201739B
S21400C690B0F5206F0CBF10461846E5E740F60520BB
S21400C6A0E2E740F60722013B4B2B98BF1046DBE73C
S21400C6B040F60220D8E700BF00ED00E04863002007
S21400C6C00810002000E100E008000020D042000032
S21400C6D0C0AE0300BC6300200080015A00F00CB816
S21400C6E000F00AB800F008B800F006B800F004B889
S21400C6F000F002B800F000B872B61EF0080F09D0BD
S21400C7001EF0040F0DD0DFF850E0AEE8FF1F6FF00C
S21400C71002000CE0DFF840E0AEE8FF1F6FF00E000E
S21400C72005E0DFF834E0AEE8FF1F6FF0060069466C
S21400C730EFF309828EE8070086460848084C8545D0
S21400C74001D3A54501D384F30888FFF7D9FE84F307
S21400C7500888FFF7C3FE000048630020480000205A
S21400C760081000204BF6EF6283B2002B08BF13467A
S21400C770044A000C13804FF6CE2308BF1846024B1F
S21400C78018807047E26B0020E06B00200B4BB3F97B
S21400C79000201888002AB8BF80F0620042001A8085
S21400C7A0074AB2F9001013880029BCBF83F48053EF
S21400C7B083F00B035900118058407047E26B00204D
S21400C7C0E06B002007B5684600F01AF8DDE90001C6
S21400C7D00022034B03B05DF804EB25F0E0BF00BF7A
S21400C7E0E43D002007B5009313460A460146034879
S21400C7F025F089FD03B05DF804FB00BFE43D002092
S21400C8000249034A0160521A42607047A86C002031
S21400C8100000012000487047E43D002038B5416024
S21400C82004462EF040F805462146044824F017F941
S21400C8302846BDE838402EF031B800BF0C3E002038
S21400C840014824F009B900BF0C3E00200222014B2B
S21400C8501A6770470040005070B52EF024F8174E47
S21400C860054617482EF0CAF83378CBB900F046F9DB
S21400C870044620B128462EF011F8204670BDFFF77A
S21400C880DFFF2EF085F90F4B1C602CF05DFE0E4B83
S21400C8900E4A1860536F43F00103536725F09BFF61
S21400C8A000F028F825F0AEFF094B0024186001239D
S21400C8B0284633702DF0F2FFDFE700BFDA5C002079
S21400C8C074500400103E0020383E00200040005007
S21400C8D0143E0020054B1B685843054B00F574209A
S21400C8E000F23F20B0FBF3F0704700BF383E002058
S21400C8F040420F00294B2A4AD3F8003170B503F0A6
S21400C900030313602CF0B6FB4FF4C870FFF7E2FF8A
S21400C9100022244B24491860244C0B680132D2B202
S21400C9200A2A44F8040BF9D1034400EBC000034480
S21400C9300B601F4B1F4D1B7813B3184BD3F80031F9
S21400C94003F00303022B22D0032B23D0012B17D195
S21400C9502CF028F9024698B1174B184EDC680023D5
S21400C9601946C4F30B04013404EB84040138E4FBD9
S21400C97006010EF0EDFBFFF7ADFF2B6803442B60BE
S21400C9801F20FFF7A7FF2B6803442B6070BD2CF019
S21400C99053F9DFE72DF09AFFDCE700BF0080005078
S21400C9A0783E00203C3E0020403E0020443E0020D2
S21400C9B0DE5C0020703E002000C0015040420F00A8
S21400C9C00122154B10B55A67144B154C1B7813B340
S21400C9D002202EF0CEF8F0B12CF03CFED8B1A36DBC
S21400C9E0D90302D5E36D9A0715D40D4B9B6DDB0773
S21400C9F011D401220B4B1A702EF0AFF8BDE8104090
S21400CA00094B0A4A1860136F23F0070343F0030329
S21400CA1013672CF0ADB810BD00D00050DF5C0020CE
S21400CA2000C00050DC5C00206C3E002000800050FF
S21400CA300122014B1A707047DF5C002007B5FFF734
S21400CA40C1FE01A8FEF778F99DF80530012B25D127
S21400CA50234B9A6DD20311D45A6B6FF3162242F40D
S21400CA60BC1242F4A0625A631A6B22F4704242F47B
S21400CA7040421A631A6B42F4E0621A639DF804306F
S21400CA8063B94FF000531B68164B1B68164B1B68A8
S21400CA90164B1B68164B1B68164B1B68164AD2F8BB
S21400CAA0803043F00303C2F8803025F0B3FEFFF772
S21400CAB0CDFBFFF777FBFFF77DFB0DF00FFEFFF7D3
S21400CAC0CBFE00F01BF825F0A6FEFFF73DFC25F098
S21400CAD0B1FE28F0AEFF03B05DF804EB25F09CBE77
S21400CAE000C00050004000200080002000C0002051
S21400CAF000000120004001200080005070B52DF09D
S21400CB00DFFE144E05463478FCB9134B1C60134BFD
S21400CB101C60134B1C6000F031F801202CF088FEDE
S21400CB202CF07AFE0F4B0246186020B928462DF0EE
S21400CB30C2FE232070BD234640F2E7310A480EF0BD
S21400CB4007FB0A4B18600123337028462DF0B3FE0E
S21400CB500020EFE7E25C0020883E0020843E0020B4
S21400CB60903E00208C3E002018FCFFFF803E0020F8
S21400CB70014B1868704700BF803E00201FB5002498
S21400CB80184B18689A880290D3F806009B7A009093
S21400CB901548ADF80C208DF804302DF02FFF02A8B4
S21400CBA08DF808408DF80C40FEF7A2F86946012083
S21400CBB08DF80040FEF760F81F220C4B9A615A6110
S21400CBC04FF0B042936A13F00803FBD113620120C2
S21400CBD0FEF76CF80A20FFF771FB0A20FFF752FBFE
S21400CBE004B010BD255204006C500400002000580C
S21400CBF010B52DF065FE4FF0B04304465B691A078A
S21400CC00074A03F0010003F00D0348BF40F002009E
S21400CC1053612CF035FD2046BDE810402DF04BBE8C
S21400CC200020005821282DE9F341054604D82C465B
S21400CC30204602B0BDE8F08100240B4E0B4FDFF813
S21400CC4030800023CDF800801A461946386824F054
S21400CC504FFA8442EBD2222CE9D056F8043BAB4282
S21400CC60E6D00134EDE700BF44550400E46600203A
S21400CC70FFFF0F002DE9F04F644E654D89B025F09B
S21400CC8025FE31682868FCF74DFB0446002827D0AF
S21400CC9033680024D3E900019A6912689047336824
S21400CCA004A89B699B689847336802209B69DB68E9
S21400CCB09847326805985368E7B2B3FBF0F3BB4277
S21400CCC0916904F101044ED8CB6800209847336878
S21400CCD09B695B68984731682868FCF723FB044625
S21400CCE00027DFF844A1DFF84481DFF84491F4B967
S21400CCF0484B2868DB5D002B00F08380D8F8006086
S21400CD0002AB314603AAFCF78FFC2D2807D070B97A
S21400CD10039B012B0BD031462868FCF7D9FEDAF8C6
S21400CD20003031461A682868FCF752FE0446013780
S21400CD30222F0AF1040A08F1040809F10109D6D1E4
S21400CD40B4FA84F3344A5B0913702B681B7C33B146
S21400CD5025F088FD18B1DB2130482DF0A6FE2046D0
S21400CD6009B0BDE8F08F12680B6907FB00209847F2
S21400CD709FE7D8F8003003AA194402AB0191FCF7EC
S21400CD8053FC2D28034601992BD0286813B30BF1CA
S21400CD90010B5FFA8BF18E422868EAD8204BDB5DE8
S21400CDA0002BC4D0F3B27E2B2868C0D8D8F8003049
S21400CDB003AA06EB030B594602ABFCF735FC2D28FD
S21400CDC0B5D059462868FCF783FE0136044600288D
S21400CDD0E8D0ACE7039B7BB999F80020029B9A4207
S21400CDE0D5D099F80030DAF800202868FCF7EAFC7D
S21400CDF00028CCD00446D1E70191FCF769FE0199E2
S21400CE00EFE7084BA346DE5DC3E700BFC46600201D
S21400CE10E466002020550400E45C002038B80300D7
S21400CE20FE540400BA540400305204004455040072
S21400CE30DC540400F8B51F46214B04461B780D460B
S21400CE40164623B100F47E23B3F50E2F2BD02046D2
S21400CE50FFF7E8FE2128044614D81A4B53F8201092
S21400CE60194B1B78ABB1194B212C18681DD8184BE1
S21400CE701B5DD3B13268FCF7ABFD044650B125F01C
S21400CE80F0FC07E0FF2807D93A46314680B225F085
S21400CE90FCF900242046F8BD4FF4A9710D482DF08A
S21400CEA004FE0021DCE70146DAE77F2D08BF0025F7
S21400CEB03B46324651FA85F1FCF784FCDDE700BFBD
S21400CEC0E35C002044550400E45C0020E466002097
S21400CED02055040038B8030030B5134600F07E62D3
S21400CEE0B2F17E6F8BB00DD10A46C0F30B016846D7
S21400CEF0FEF71AFA20B140F2931109482DF0D5FD3D
S21400CF000BB030BD5A0825F0AFFC0028F8D04FF41F
S21400CF109C7103480BB0BDE830402DF0C6BD00BF85
S21400CF20C9B803002DE9F743C70705460E46144661
S21400CF3004D540F2E31149482DF0B7FDE10704D5CA
S21400CF404FF4F27145482DF0B0FD454B93F8008044
S21400CF50B8F1000F20D043F260239D4208D122464C
S21400CF60314640480EF0F0FD002003B0BDE8F083E7
S21400CF70C5F30B0705F44055B5F5805F14BF4FF4B5
S21400CF800F204FF40E20234632467F21384303B04D
S21400CF90BDE8F043FFF74EBF05F47043B3F5805F7E
S21400CFA03FD1C5F30B05304A05F17E65631E2B4461
S21400CFB0934230D82F46DFF8A49007EB0408474585
S21400CFC042D1AA070ED04FF6FF7336F8022BA81EE2
S21400CFD043EA024304220DEB02010193FFF77CFFB4
S21400CFE00235023CA3070ED0023C24F00103F35A9C
S21400CFF004226FEA03436FEA13430DEB020128197C
S21400D0000193FFF769FF002CAED022463146284632
S21400D010FFF762FFA8E740F2FD1110482DF045FD2E
S21400D020C8E705F46043B3F5005F04D1C5F30B050C
S21400D03005F53E25BEE740F2052108482DF035FDF2
S21400D0406FF00F074546B6E717F8013BFF2BB6D043
S21400D0504FF4047148462DF028FDB0E7C9B8030028
S21400D060E35C0020E46B0020FF03E00F10B500F047
S21400D07077F825F045FC044618B100F079F820460C
S21400D08010BD00F07BF804460028F6D10122014BC3
S21400D0901A70F2E7E55C0020054B1B7833B1054BB0
S21400D0A0C0F3130100221868FCF7D6BC11207047A5
S21400D0B0E55C0020E4660020144B2DE9F0411B7867
S21400D0C005460E461746FBB125F001FC012805D99A
S21400D0D0841EE4B2012C09D9212412E03B463146D5
S21400D0E02846BDE8F041002200F052B800F038F8BB
S21400D0F03B4600223146284600F076F8044600F00B
S21400D10037F82046BDE8F0811124FAE7E55C0020F8
S21400D110124B70B51B7804460D461646E3B125F053
S21400D120D6FB012805D9831EDBB2012B08D92124A2
S21400D13010E0324629462046BDE8704000F040B870
S21400D14000F00EF820463246294625F0DBFB044662
S21400D15000F00EF8204670BD1124FBE7E55C0020C9
S21400D16008B52DF0A0FB014B186008BD943E0020CA
S21400D170014B18682DF092BB943E0020024B1968B4
S21400D180024B1868FCF7CEB8C4660020E4660020A0
S21400D19037B505460C46C0F313010848ED02006893
S21400D1A005D5224603B0BDE83040FCF709BA009327
S21400D1B013462246FCF7BEF903B030BDE4660020F5
S21400D1C030B405461346074A0C46C0F313011068F0
S21400D1D0EA0203D5226830BCFCF7FABB224630BC14
S21400D1E0FCF7F0BAE4660020F7B505460F4614468D
S21400D1F01E461BB92125284603B0F0BD0029F9D0EC
S21400D20025F065FB4BF23462ABB2934220D14FF06F
S21400D210FF3322466946CDE9003325483346FFF7FB
S21400D220E3FF08220546234968460EF049FE38B952
S21400D23033462246694641F2F010FFF7D5FF054611
S21400D240002DD8D13246694638460EF07DFCD2E72E
S21400D25041F2F01293420FD1174B311908299A6CFC
S21400D260DB6CC7D8CDE9002332460DEB0401384607
S21400D2700EF06AFC0025BEE702280BD1C5F30C436E
S21400D28032199342B6D3C5F30B0104F17E643246DD
S21400D2902144ECE7032809D1C5F30C433219934225
S21400D2A0A8D3C5F30B0104F53E24F0E70125A2E759
S21400D2B0021008C0D05504000080E00F10B527F01B
S21400D2C081FD28F018FEBDE810400346012102202B
S21400D2D0014A02F00BBC00BF60B9030013B5D0E9E9
S21400D2E0023253F822301C78204627F07DFD234674
S21400D2F0009001210220024A02F0F8FB02B010BDA5
S21400D30074B90300014B187827F056B9E65C002084
S21400D310FF232DE9F04F8FB01122002108A88DF8C9
S21400D32013300EF081FA08A826F006FB0121022031
S21400D330B04A08AB02F0DAFB41F24903AE4A0121DB
S21400D340022002F0D3FB06A826F025FC08A90DF162
S21400D350130026F02BFC02200021A84A02F0C6FB90
S21400D360002027F05AF910B106A809F047FE9DF9EB
S21400D3702A3001210220A24A00939DF82B3002F0A9
S21400D380B5FB27F01BFD831EDBB2FC2B054631D810
S21400D390012102209B4A02F0A9FB01249A4E9B4FD2
S21400D3A0DFF8D082234632460021022002F09EFBA0
S21400D3B005A9E0B227F004FD034650B1A0F116021D
S21400D3C0012A40F2AA8042460121022002F08EFB8A
S21400D3D00CE09DF914303A4601939DF81630012171
S21400D3E0009302209DF8153002F080FB0134E3B272
S21400D3F09D42D7D8BDF8284008F0ECF92346002116
S21400D400834A0090022002F071FB02200021814A2C
S21400D41002F06CFB002027F000F910B108A809F014
S21400D420EDFD01217C4A022002F060FB27F022FC81
S21400D430044627F01DFC23460121784A009002206E
S21400D44002F054FB08F09EFE00210220744A02F00F
S21400D4504DFB9DF81330FF2B65D000210220714A4A
S21400D46002F044FB01216C4A022002F03FFB26F04A
S21400D470A2FB012103466C4A022002F037FB08F0AB
S21400D48081F900210346694A022002F02FFB26F0AC
S21400D49098FB044626F097FB23460121644A009039
S21400D4A0022002F023FB2DF00DFB08F013FF0121F4
S21400D4B00346604A022002F019FB0025DFF8B88117
S21400D4C008F008FFECB2A04233D82DF0FBFA012397
S21400D4D0594A1946022002F009FB002027F06CF892
S21400D4E0564B574C0093012100230220554A02F068
S21400D4F0FDFA236863B1012102201B78524A02F02C
S21400D500F5FA2368012102205B78504A02F0EEFA11
S21400D51027F057F80FB0BDE8F08F012102204C4AE3
S21400D52002F0E4FA62E7002102204A4A02F0DEFA3C
S21400D53098E7494B204603EB0416D6F8089008F007
S21400D54083FF8246204608F0CBFE444F00280CBFDF
S21400D550C346BB46204608F077FF0AF031FD002898
S21400D56008BF4746534600210220CDE900B73C4A93
S21400D57002F0BCFAB37901210293B388022001932A
S21400D5807388384A0093337B02F0B0FA0026DFF83F
S21400D590ECB099F80430F4B2A34203D82DF092FA16
S21400D5A001358DE714235C43D9F8007002203A5BFE
S21400D5B007EB040A9AF90C3000922B4A002132EA53
S21400D5C0230228BF5A461346284A02F08FFA002044
S21400D5D027F023F838B150463C5B26F05BFB01464B
S21400D5E020460AF03BFD01210220214A02F07EFA85
S21400D5F00136CEE7B5B90300C4B90300E0B90300AD
S21400D6000CBA0300E7B90300FDB9030004BA03002F
S21400D61039BA030059BA0300A3BA030062BA03007A
S21400D62084BA0300E6DA03008FBA0300A5BA030043
S21400D630BBBA0300D1BA03004ABB030062BB0300B7
S21400D6409043002056BB030070BB030084BB03005E
S21400D65021BA030041B70300C44200208CB903007E
S21400D660DCBA0300FCBA0300A9B9030032BB03000E
S21400D670350304002CBA030094B903009DB90300D7
S21400D6802DE9F7430025134EDFF8588008F022FEF8
S21400D690ECB2A04202D803B0BDE8F08327012046D2
S21400D6A016F8079008F01CFE0B4A4B46002808BFE9
S21400D6B04246002102200092084A02F017FAF05D66
S21400D6C026F085FA01210220054A02F00FFA0135FC
S21400D6D0DCE700BFC4420020CE0904009FBB030065
S21400D6E035030400D809040008B583685A68117821
S21400D6F0C26853F82230A1F16502514251411878B0
S21400D70008F0A4FF30B9BDE8084001210220024A13
S21400D71002F0ECB908BD00BFAABB0300002102203E
S21400D720014A02F0E3B900BFC4BB03000021022097
S21400D730014A02F0DBB900BFF2BB030010B5044695
S21400D74086B01822002168460EF06EF8684626F06D
S21400D750B3FED4E9022052F8203002EB80021B7898
S21400D7608DF80B30516891F900108DF80A10916809
S21400D7700988ADF808106168091A032907DDD26820
S21400D78003F01F03127843EA42138DF80B30684605
S21400D79008F0CEF800210346024A022002F0A6F95D
S21400D7A006B010BD0EBC030007B5002027F0CAFA6D
S21400D7B000210090034B0220034A02F097F903B0C1
S21400D7C05DF804FB1BBC030021BC030013B5D0E9C5
S21400D7D0023253F8221003EB82035B68087819685C
S21400D7E00023094CA222994208BF2146C01A18BF3E
S21400D7F0012027F09BFA01210090044B0420044AE4
S21400D80002F074F902B010BD00F8FF072CBC03004C
S21400D8103ABD030013B5D0E9023203EB820153F898
S21400D8202230D1E901141878FF22003818BF0120F1
S21400D8302378096827F07AFA01210090034B042028
S21400D840034A02F053F902B010BD00BF33BC030018
S21400D8503ABD030008B5002101230C4A27F0EBF877
S21400D8600A4826F04BFE0020094909F05FFC00201C
S21400D87026F0D3FE10B1054809F0C0FBBDE808400D
S21400D88001210420034A02F031B900BF18620020CB
S21400D89048BC03003503040010B526F096F903468D
S21400D8A030B1BDE8104001210420054A02F01EB93F
S21400D8B00121BDE810400420024A02F017B900BF5B
S21400D8C056BC030067BC030010B526F019FEBDE881
S21400D8D01040034601210220014A02F007B900BFAA
S21400D8E072BC030010B526F0DDFDBDE8104003460F
S21400D8F001210220014A02F0F9B800BF88BC0300EB
S21400D90037B5D0E90232012453F822304FF6FF70C3
S21400D9101D78FE2204FA05F1002327F073FA2B4641
S21400D920009021460420024A02F0E0F803B030BD21
S21400D9309CBC0300D0E9023253F822301B7823B196
S21400D94001210220024A02F0D1B8024A1370704741
S21400D950BBBC0300E65C002007B5684626F01BF952
S21400D96007F038FF01210346084A022002F0BEF8FD
S21400D970684609F043FB08F0A1F901210346044A72
S21400D980022002F0B3F803B05DF804FBD1BC03003C
S21400D990EBBC030037B5D0E90245406854F82530A3
S21400D9A0401B0328D8BF002004EB8504C8BFE068EE
S21400D9B019786368C8BF00781A78A36893F90030AE
S21400D9C00090012027F0A2F938B901210220084A68
S21400D9D003B0BDE8304002F089B8064B01900093D2
S21400D9E001210220044B054A02F080F803B030BD46
S21400D9F0FCBC030004BD0300D8EB030018BD030005
S21400DA0007B5012027F08AF948B9009001210220C5
S21400DA10084B094A02F06AF803B05DF804FB054BB0
S21400DA200190009301210220044B054A02F05EF8A3
S21400DA30F2E700BF04BD03002FBD0300BD170400BE
S21400DA4018BD030008B5D0E9023253F82230187822
S21400DA5027F016F930B9044A0121BDE80840042031
S21400DA6002F044B8014AF7E744BD030060BD030076
S21400DA7008B5D0E9023253F82230188827F0FEF8AD
S21400DA8030B9044A0121BDE80840042002F02EB84F
S21400DA90014AF7E77FBD0300AFBD030073B5037807
S21400DAA0044613F0050F0ED04588062D17D183685F
S21400DAB001215B68174A1B78019383880420009332
S21400DAC0154B02F013F82378012B20D001210420F7
S21400DAD0114B124A02B0BDE8704002F007B835B9E3
S21400DAE08388012104200E4A02F000F8EBE7012D9E
S21400DAF0E9D186680B49002009F018FB304609F08A
S21400DB007DFA29460420084A01F0F0FFDBE702B060
S21400DB1070BD00BFE5BD0300DCBD030037BE0300DB
S21400DB2002BE03001FBE0300350304002DE9F04FBC
S21400DB3000268FB0364D09AC0FCD0FC42B680121DF
S21400DB400220344A236001F0D1FF3446DFF8DC902F
S21400DB5026F035F8F5B2A8420BD826F030F8234662
S21400DB600090012102202C4A01F0C0FF0FB0BDE852
S21400DB70F08F284605A927F06DF80346002841D106
S21400DB809DF81430032B39D904238DF814302B4616
S21400DB9000210220214A01F0A9FF9DF814300EAAA8
S21400DBA002EB830300214A4653F8143C022001F09E
S21400DBB09DFF28469DF821A09DF815B09DF8187089
S21400DBC0BDF8168027F048F85346CDE902800021BC
S21400DBD00220CDE900B7124A01F088FF0134002088
S21400DBE0E4B226F01AFD18B10DF1190009F006FA94
S21400DBF0002102200B4A01F079FF01E0002BC6D17C
S21400DC000136A5E700210220074A01F06FFFF7E77B
S21400DC10D855040049BE0300C2BE0300FFB9030086
S21400DC2076BE030012B203009DBE030049C903007E
S21400DC30C3688268013BDBB252F8233002201B78AF
S21400DC40652B14BF00220121044B1BBF01211A7053
S21400DC50034A044A08BF197001F048BF4B6C002005
S21400DC60D9BE0300E7BE0300D0E9023253F82230E3
S21400DC701A88014B1A807047E66B002007B5D0E97A
S21400DC80023103EB810253F8213052681988054BA4
S21400DC900548128800930088012309F0A3FE03B00C
S21400DCA05DF804FB9DDA0000E66B0020C36882681E
S21400DCB0013BDBB252F823305B78A3F16602534295
S21400DCC05341014A137070474E6C002030B5D0E9BE
S21400DCD0023253F8223089B01D78012302AA194671
S21400DCE0044626F0A8FE01230093102302210DEB24
S21400DCF00302204626F080FE284604AA02A927F042
S21400DD009BF80446002026F088FC18B121460448FB
S21400DD1007F0F0FD0020034909F0EEF909B030BD28
S21400DD20F6BE030035030400002330B58FB0022191
S21400DD30009309AA1223054626F05EFE05AA0146B0
S21400DD4009A807F0B5FB044698B1232805D1134A65
S21400DD500121042001F0CAFE09E0212801D1104A61
S21400DD60F6E70346012104200E4A01F0BFFE0FB07D
S21400DD7030BD01232846194603AA26F05CFE05A9F5
S21400DD8003A827F05BF80546204626F046FC18B1A7
S21400DD902946054807F0AEFD044AD9E703BF03004D
S21400DDA026BF030061BF030082BF030035030400E3
S21400DDB0F0B5D0E9023253F8221003EB82039B68D9
S21400DDC005461F7887B038460E7826F006FC0446CF
S21400DDD008BBD5E9022101238DF80830194452F812
S21400DDE0210002EB810200888DF809709268ADF878
S21400DDF00A00127804218DF80C2028460DF10D0239
S21400DE0026F019FE304602A98DF8154026F026FFAA
S21400DE10044626F0D6FB334601210420024A00942D
S21400DE2001F064FE07B0F0BD97BF03002DE9F04196
S21400DE3001218EB00220274A01F058FE002005ABD3
S21400DE4001AA09A926F0F2FF00250446224E234F18
S21400DE50DFF898801CB128460EB0BDE8F08102209D
S21400DE602B463246214601F041FE204626F0D5FBE1
S21400DE7010B10AA809F0C2F83A46002102209DF81F
S21400DE80303001F033FE424600210220079B01F0AD
S21400DE902DFE00210220BDF82030114A01F026FE9A
S21400DEA0BDF8143000210F4A022001F01FFE013594
S21400DEB001A826F0ADFBEDB2012102200A4A01F0CE
S21400DEC015FE284605AB01AA09A926F0AFFF0446B1
S21400DED0C0E700BFC9BF03000FC0030017C00300A0
S21400DEE005DB03002CC003003503040023C0030039
S21400DEF02DE9F047064698B0C0B925F05EFE074605
S21400DF0000250EA826F09CFF01210220384A01F0C9
S21400DF10EDFD2C46DFF8E080DFF8E090DFF8E0A0CB
S21400DF20BC4205D3284618B0BDE8F0870127E7E7CE
S21400DF3013A826F085FF002E4CD0022306A913A8AE
S21400DF408DF84C30FE2426F06DFF00283FD102A944
S21400DF5013A826F06DFF9DF8593043F001038DF8A5
S21400DF605930002E3DD1234631460220214A01F089
S21400DF70BDFD9DF859300AA943F0010313A88DF89A
S21400DF80593026F055FF002026F047FB10B114A8A4
S21400DF9009F034F80C9B42460021022001F0A6FD51
S21400DFA0BDF82820002112F4007F0CBF4C2341232B
S21400DFB012F0100F0CBF6E227922022000924A4601
S21400DFC001F094FD06A826F023FB0135EDB20134DE
S21400DFD0E4B2A5E720460AAB06AA13A926F024FF5A
S21400DFE0B3E752460021022001F080FDC1E700BFE2
S21400DFF036C003000FC0030023C0030072C0030036
S21400E0006BC0030030B5012499B00EA826F018FFA7
S21400E01013A88DF8384026F0B1FEC0B9BDF84C10F4
S21400E02011EA040513D121460220444A01F05EFDA0
S21400E03029460220424A01F059FD214602203F4A65
S21400E04001F054FD214602203C4A01F04FFD06A98E
S21400E0500EA826F0E7FE20B11022FF2106A80DF03C
S21400E060E3FB04A826F0E6FE059B01210220354AC4
S21400E0700093354B01F03AFD9DF812300121022045
S21400E080324A0093304B01F031FD00212E4B304ACE
S21400E090022001F02BFD06A826F0BAFA13A826F0F7
S21400E0A0CFFE02230AA913A88DF84C3026F0C0FE36
S21400E0B000283FD10B9B009301210220254B264AC6
S21400E0C001F014FD0121234B244A022001F00EFD2D
S21400E0D00120FFF70DFF01211E4B214A022001F00F
S21400E0E005FD0020FFF704FF044625F066FD2346E5
S21400E0F00090012102201B4A01F0F8FC01211A4B76
S21400E100174A022001F0F2FCFFF790FE174902289A
S21400E11003461748174A28BF0A46084928BF01463B
S21400E1200092CDE9013102200121134A01F0DEFC04
S21400E13019B030BD4FF0FF33BDE700BF3503040014
S21400E14085C00300C3C00300BBC00300D3C00300E8
S21400E15062EA03008FF80300E6C00300F6C003007F
S21400E160FDC0030006C103001AC1030081C00300FE
S21400E170CCDF03001EE0030028C1030010B5D0E981
S21400E180023253F822301C78201E18BF012026F0D9
S21400E190E1FD054A054B0020002C18BF1A46BDE8D5
S21400E1A01040034908F0A8BF55C1030050C1030042
S21400E1B05EC10300D0E9023210B553F822301C8845
S21400E1C0204626F0C9FD2246BDE810400020014941
S21400E1D008F092BF9FC1030037B5044607F0D2FA95
S21400E1E0014638B100200D4A0D4903B0BDE8304065
S21400E1F008F082BFE368A268013BDBB252F8233026
S21400E20008481D780123084A00936C2D08BF024673
S21400E2101023204626F0F0FB03B030BDEDC103000E
S21400E220F5C10300346C0020246C002013B583680D
S21400E2309A681278672A22D101A826F09FFD044624
S21400E240A8B9BDF80420174908F056FFBDF80430F9
S21400E250DA070AD413F0020F134B144A18BF1A46F3
S21400E2601349002008F048FF19E0124AF8E7024672
S21400E2701149002008F040FF22461049F1E7C26825
S21400E28001A953F8220003EB82035B6800681B6851
S21400E290ADF8043026F078FD04460028ECD102B034
S21400E2A010BD00BF28C203001BC20300BFEB030063
S21400E2B049C203000BC203005BC2030087C203000F
S21400E2C0034A04491388C85401331380704700BFBB
S21400E2D0CA570020EC5C002073B5154D01242B783E
S21400E2E0144E13F0040F0CBF02230423124A2146D7
S21400E2F01470328802200192EB5C104A0093104B97
S21400E3005B8801F0F3FB002102200E4A01F0EEFBD1
S21400E3100D4B2946009332882346022001F02CFC40
S21400E32021460220094A02B0BDE8704001F0DEBB7B
S21400E330EC5C0020CA570020EB5C002096C203006D
S21400E340BC570020BBC20300DDC203003503040037
S21400E35070B516464FF48A52114B124DDA8059802A
S21400E360114B1B881A1E18BF012240EA82000F4A72
S21400E3701278003A18BF012240EA0210287063B1F2
S21400E38003246B701B0AAB7009F088FE631C2855CB
S21400E390EE54074B02341C8070BD0124F4E700BF26
S21400E3A0BC570020EC5C0020C8570020EA5C002028
S21400E3B0CA57002038B5D1E902320C46054653F854
S21400E3C02230024619880C4B1878FFF7C1FFE36825
S21400E3D0A268013352F82330188824F0D5FA4DB1DC
S21400E3E0E368A268023352F823301878BDE8384054
S21400E3F0FFF766BF38BD00BFE75C0020F0B50546F6
S21400E400EB68AA68023352F8233008461C7829467F
S21400E41085B0FFF7CFFF204625F028FC204E214F81
S21400E42078B3204625F02EFC0321441C03AA284678
S21400E43023F011FB3288E4B2C2F1FF0303991B1BE1
S21400E4409BB28B4222443CBFC2F1FF0303930123DD
S21400E450032100933A449DF80C30284626F0CCFA67
S21400E460039A022C338804BF0F48110AFA5408BFD7
S21400E470C15413441C44348005B0BDE8F040FFF797
S21400E4802BBF204607F086FE012332880446009301
S21400E490032103463A44284626F0AEFA3388E9E7D5
S21400E4A0CA570020EC5C0020ED5C0020052307B571
S21400E4B0012100930220044B044A01F017FB03B02D
S21400E4C05DF804EBFFF79EBDC4C20300CBC2030099
S21400E4D013B5044626F04EFC38B1CDE900400121C4
S21400E4E00220034B034A01F001FB02B010BD00BF3F
S21400E4F0EDC10300E2C20300194B37B51B783BB9E8
S21400E50001210220174A03B0BDE8304001F0EEBA00
S21400E510D0E90232144C53F8223001211D7863886A
S21400E52002200093114A2B4601F0E0FA104B2571A9
S21400E5301B78104D63B1012102200F4A01F0D6FA74
S21400E54020460E4A298803B0BDE8304025F02FB992
S21400E55020460A4A298803B0BDE8304025F0E9B9CC
S21400E560EB5C0020F9C20300BC57002007C3030081
S21400E570E85C0020CA5700201EC30300EC5C0020A5
S21400E5802DE9F041D0E9023253F8221003EB820362
S21400E5905A680C7817889A68DB68B2F80080C6B0AC
S21400E5A01D780021304B0220304A0094CDE90178D6
S21400E5B001F09CFA002D0CBF6E2379230121022066
S21400E5C02B4A01F093FAFF23002D0DF1170606AD36
S21400E5D0019320460CBF80234023424639460296CC
S21400E5E0009525F089FE0446002835D1307825F0C0
S21400E5F043FB0746B0B1284625F0CEFF1D4BFD284D
S21400E600A8BFFD200093234682B20DF11901022017
S21400E61001F0B2FA01210220174A01F067FA46B06B
S21400E620BDE8F081307825F02DFB60B1284625F056
S21400E630B8FFFD28A8BFFD200E4B82B200930DF157
S21400E6401A013B46E3E7307807F0A4FD0B4B024681
S21400E650009329460123DAE7009001210220084BA7
S21400E660084A01F043FADAE72BF9030038C303003F
S21400E6705DC30300E30C040035030400DDC20300A1
S21400E680E5CB030067C30300D0E9023253F822103B
S21400E69003EB82032DE9F04F5A680F78B2F800803A
S21400E6A09A68C7B0B2F80090DA681B6992F800A0C2
S21400E6B01E7800212F4B304A0446CDE901890220FE
S21400E6C0009701F013FABAF1000F0CBF6E237923FE
S21400E6D001210220294A009606AD01F007FAFF2222
S21400E6E0002128460DF0A0F8304625F0C5FA8346EE
S21400E6F008B30023052100932046FD230DF11902DF
S21400E70026F07AF92870BAF1000F0CBF8023402358
S21400E7104A4641463846CDE9005625F0B8FD014642
S21400E720144807F0E7F801210220154A01F0DEF947
S21400E73047B0BDE8F08F304625F0A4FA60B1FD235F
S21400E74005212046CDF800B00DF11A0226F054F946
S21400E75085F801B02870D6E70590304607F01AFD18
S21400E760059A0346009205212A46204626F044F9DB
S21400E770C9E700BF1EF9030038C3030078C30300CF
S21400E780350304002DE9FF471C465B68E5685B1B04
S21400E79000255FFA83F803952E46FFF7D9FDEBB206
S21400E7A098450BD90C9B9B5D282B39D8202B00F263
S21400E7B0CB800136F6B2002B40F0C980FFF78CFD07
S21400E7C004B0BDE8F087132A2FD801A151F822F033
S21400E7D097E80000A9E80000BBE80000EFE80000AA
S21400E7E0BDE70000BDE70000BDE70000BDE7000094
S21400E7F02BE800002BE800002BE800002BE80000C8
S21400E8002BE800002BE800002BE800002BE80000B7
S21400E8102BE800002BE800003BE8000015E90000AC
S21400E820A3F13102D1B21329CDD90136F6B2A3F144
S21400E8304102032AC2D8422B6CD06C4F00213A8882
S21400E840DFF8B0A1C2F1FE039BB2FF2B28BFFF2367
S21400E85001320091DBB22046524469B226F0A8F895
S21400E8603B880AF8030001331844388011E04FF063
S21400E8700409E368A2682B4452F823301F68F8B2F4
S21400E88009F1FF39FFF71CFD19F0FF094FEA1727BA
S21400E890F5D1013583E7E368A2682B4452F82330AC
S21400E8A01878FFF70DFDF4E7E368A2682B4452F8EA
S21400E8B02330188824F068F8EBE7E368A2682B4456
S21400E8C052F823301F68B7F1807F09D2F8B2FFF7FD
S21400E8D0F7FCC7F30720FFF7F3FCC7F30740E0E7B2
S21400E8E02B4601210820424A01F000F966E74FF066
S21400E8F00409E368A2682B4452F823301F68F8B274
S21400E90009F1FF39FFF7DCFC19F0FF094FEA17277A
S21400E910F5D1BEE7294603AA204623F09CF800213D
S21400E920324F344A3B88DDF80C9002EB030CCAB237
S21400E930914501F1010102D84B443B80A9E710F84C
S21400E94002A00CF802A0F2E7242B3FF670AF013BC2
S21400E950232B3FF633AF01A252F823F097E80000CE
S21400E960A9E80000BBE800006FE80000BDE7000073
S21400E970BDE70000BDE70000BDE70000BDE7000002
S21400E980BDE70000BDE70000BDE70000BDE70000F2
S21400E990BDE70000BDE70000BDE7000097E8000007
S21400E9A0A9E80000BBE80000EFE80000BDE70000B3
S21400E9B0BDE70000BDE70000BDE70000BDE70000C2
S21400E9C0BDE70000BDE70000BDE70000BDE70000B2
S21400E9D0BDE70000BDE70000BDE7000097E80000C7
S21400E9E0A9E80000BBE800006FE80000CA57002056
S21400E9F091C30300EC5C0020094B1B7823B1012176
S21400EA000820084A01F072B8D0E9023253F82230E2
S21400EA10054A1B88012113800820044A01F066B8C5
S21400EA20EB5C0020B7C30300C8570020F9C30300FF
S21400EA30D0E9023253F82230054A1B780121003B08
S21400EA4018BF012308201370024A01F04FB800BF18
S21400EA50E95C00201FC40300D0E9023253F82230DC
S21400EA60034A1B78012113700820024A01F03EB8C1
S21400EA70EA5C00204EC4030010B5D0E9023204461A
S21400EA8053F82230132219880B4B1878FFF760FCD6
S21400EA90E368A268013352F823301878FFF710FCB9
S21400EAA0E368A268023352F823301878FFF708FCB0
S21400EAB0BDE81040FFF710BCE75C002010B5D0E9B9
S21400EAC00232044653F82230112219880B4B18786C
S21400EAD0FFF73EFCE368A268013352F8233018784B
S21400EAE0FFF7EEFBE368A268023352F8233018788B
S21400EAF0FFF7E6FBBDE81040FFF7EEBBE75C002043
S21400EB00D0E9023253F82230034A1B78003B18BF84
S21400EB100123DB0013707047E75C002010B5D0E9D6
S21400EB20023253F82230044619880E4B0622187813
S21400EB30FFF70EFC0120FFF7C3FBE368A26803445F
S21400EB4052F82330188823F01FFFE368A2680233C8
S21400EB5052F82330188823F017FFBDE81040FFF75F
S21400EB60BBBB00BFE75C00202DE9F043D0E90232D2
S21400EB704FF0FD09013253F8221003EB82035A6866
S21400EB80C7B017889A68B1F80080147853F8043C28
S21400EB90002C0DF1170506AE18783A4614BF402330
S21400EBA0802341460295CDF80490009625F0A4FBFC
S21400EBB0034638B1184A0121082000F097FF47B0F5
S21400EBC0BDE8F083201E18BF01200A224146C0007F
S21400EBD0FFF7BEFB384623F0D7FE2878FFF770FB1A
S21400EBE04A463146287824F0F5FF044628B10B4FF4
S21400EBF03D88C5F1FF03984202DD2346084ADAE75E
S21400EC00024608483146284425440CF09DFF3D80C6
S21400EC10FFF762FBD3E700BF84C40300CA57002097
S21400EC20A0C40300EC5C002010B5D0E90232044614
S21400EC3053F82230082219880B4B1878FFF788FB08
S21400EC40E368A268023352F823301878FFF738FBDF
S21400EC50E368A268013352F82330188823F094FE44
S21400EC60BDE81040FFF738BBE75C002073B5D0E97D
S21400EC7002320546023253F8221003EB820353F8A1
S21400EC80042C53F8083C0C781988234B16881878FF
S21400EC900622FFF75DFB0020FFF712FB304623F04D
S21400ECA073FE2046FFF70CFBEB68AA68033352F8A6
S21400ECB02330188823F068FEEB68AA68043352F8FD
S21400ECC02330188823F060FE204609F0E7FBE8B9F9
S21400ECD0204607F05FFA05210446019001AA28465F
S21400ECE022F0B9FE019B01469C4206D022463146E0
S21400ECF00A480BF087FC02B070BD094D09482E8803
S21400ED002246304434440CF0E1FD2C8002B0BDE8CD
S21400ED107040FFF7E1BA00BFE75C0020CCC40300F8
S21400ED20CA570020EC5C002073B5D0E902324FF4DD
S21400ED308A5153F82230104D1A88104BD9805A80C9
S21400ED4000232A4600930121FF2325F055FE2B7849
S21400ED50044613F0040F0A4B08BF01261B7818BFA1
S21400ED60032613B109F09AF9A855064B1C8002B089
S21400ED70BDE87040FFF7B0BAEC5C0020BC5700203E
S21400ED80E95C0020CA570020D0E9023253F822304E
S21400ED90034A1B78003B18BF01231370704700BF5F
S21400EDA0E85C002010B50C4608B908F003F9024BE1
S21400EDB018715C7110BD00BFBC57002002462DE9DB
S21400EDC0F341D0E90253526855F82310D21A0C8842
S21400EDD005EB8301013BDBB255F82380294D022A5F
S21400EDE04868C8BF8A682B78D8BFFF210078C8BF9C
S21400EDF011783BB901210220234A02B0BDE8F04158
S21400EE0000F074BEFFF7CEFF06F0E4FC1F4F204E66
S21400EE103B880146224600931E48334625F059FBA0
S21400EE200246C8B998F804103B885F2917D1CDE987
S21400EE3000364FF6FF712046164B24F0ACFC28B186
S21400EE40034601210220144A00F050FE0023134A14
S21400EE502B701380124A137002B0BDE8F0814FF693
S21400EE60FB718C4208D9CDE900362146094B4FF696
S21400EE70FF7024F0EEFCE2E72146064A009624F0F6
S21400EE801AFDDCE7EB5C002017C50300CA5700201C
S21400EE90EC5C0020BC5700201EC50300C8570020AD
S21400EEA0EA5C0020002210B50A2104461046FFF74F
S21400EEB04FFA002023F068FD0122044B1A70FFF77A
S21400EEC00BFA2046BDE81040FFF778BF1562002019
S21400EED038B51C4615460123224625F0ACFD60B920
S21400EEE02146284625F070FF044620B10121042063
S21400EEF0034A00F0FBFD204638BD0024FBE700BFB8
S21400EF0045C503002DE9F0430C4615461F46D0E9DB
S21400EF10022352F8231002EB830293680E8893F8BC
S21400EF200080D3688BB0B3F800903246012106AB60
S21400EF30FFF7CEFFF0B90DF1200CF4B101232A88BB
S21400EF404021CDE902C2CDE90471CDE9009322212A
S21400EF50434606AA304625F0A5FD0B4B0B4A009308
S21400EF600B4B0190002C08BF134601210420094AD0
S21400EF7000F0BCFD0BB0BDE8F08362462868696807
S21400EF80032303C22246DBE7A4C5030089C50300AA
S21400EF9083C5030091C5030007B501236A46002117
S21400EFA025F049FD6846034908F0C8FD03B05DF842
S21400EFB004FB00BF9DDA0000D0E9023253F822308D
S21400EFC00149188808F08CBD9DDA000010B5D0E91C
S21400EFD0023203EB8201496853F8223009784FF475
S21400EFE08A52188825F04EFDBDE8104003460121E0
S21400EFF00420014A00F07ABDAEC50300D0E9023213
S21400F00053F8223002214FF48A5210B5188825F0A2
S21400F0102BFDBDE81040034601210420014A00F004
S21400F02065BD00BFC7C503001FB5D0E9023203EBBC
S21400F030820153F82230496818884FF48A530988A9
S21400F0400293094B094A0193094B1B7800931278E7
S21400F050084B25F07FFD012103460420064A05B033
S21400F0605DF804EB00F042BDCC570020EC5D0020BC
S21400F070EB5D0020D6570020DEC503002DE9F043E7
S21400F080D0E9023253F8221003EB82035A680E8846
S21400F09017789A68DB688BB092F80090B3F8008017
S21400F0A03246042106AB0446FFF712FF28BB08AD24
S21400F0B001232A460521204625F0BDFC38B9042048
S21400F0C001210F4A00F012FD284624F064FD4FF49B
S21400F0D08A53CDE904930023CDE90253032321216B
S21400F0E0CDE9008306AA3B46304625F0DBFC01212D
S21400F0F00346044A042000F0F9FC0BB0BDE8F08398
S21400F100F6C5030025C6030038B5D0E9024303F16F
S21400F1108043023B02220F4954F823009D000CF066
S21400F120CFFE60B90C4B0D491A78042A0BD82C4434
S21400F130A068008821F8120001321A7038BD084B0A
S21400F14008491A78F1E70121BDE838400420064A4C
S21400F15000F0CCBC53F10300EC5D0020D657002035
S21400F160EB5D0020CC57002037C6030008B5C36807
S21400F170806803F18043023B0222064950F82300D0
S21400F1800CF09EFE10B9044B187008BD0022034B0D
S21400F1901A70FAE753F10300EC5D0020EB5D0020E7
S21400F1A037B5D0E9023153F821208C001578426833
S21400F1B0521A012AC5BF1B195B686C091C78DCBF94
S21400F1C044F0180405F01F052946204625F086FB66
S21400F1D0034640B12346012104200E4A009500F064
S21400F1E085FC03B030BD0121A94074B92346FE2238
S21400F1F04FF6FF7025F006FE012103460420064A5E
S21400F20003B0BDE8304000F071BCFE2241EAC461A4
S21400F210EEE700BF4DC603006DC6030070B5D0E92B
S21400F220021551F8253001EB8501044618884B6815
S21400F2301A788B68052A1B8802D85E1E072E0BD903
S21400F240012104200C4A00F051FCBDE87040012169
S21400F25004200A4A00F04ABC6468641B032CCABF38
S21400F260C9680749096825F0CDFDBDE8704002462B
S21400F2700449002007F05ABF8BC60300ABC6030044
S21400F28000F8FF07C8C6030008B5D0E9023253F8F5
S21400F290220003EB82035968FF22038809684FF6B1
S21400F2A0FF7025F0AFFDBDE808400246014900208A
S21400F2B007F03CBFDBC6030008B5D0E9023253F8BE
S21400F2C0223005214022188825F0CEFBBDE80840F4
S21400F2D002460249002007F029BF00BFFCC6030013
S21400F2E008B5D0E9023203EB8201486853F82210D1
S21400F2F0027840230988312025F009FCBDE8084043
S21400F30002460249002007F011BF00BF1DC70300D8
S21400F31008B5D0E9023203EB8201486853F82210A0
S21400F320027840230988332025F0F1FBBDE8084029
S21400F33002460249002007F0F9BE00BF37C70300A7
S21400F3401FB5D0E9023253F8221003EB82039B6804
S21400F35008881A780023D21A18BF0122CDE9023392
S21400F36002A94023D20125F0E1FB01210090044BC5
S21400F3700420044A00F0BAFB05B05DF804FB00BFA9
S21400F380A4C5030055C7030007B5D0E9023253F8F9
S21400F390223003214022188825F066FB01210090C8
S21400F3A0034B0420034A00F0A1FB03B05DF804FB06
S21400F3B0A4C5030064C7030037B5C3688268053375
S21400F3C052F8233004211D786A460123044625F0AE
S21400F3D032FB38B904200121064A00F087FB684654
S21400F3E024F0D9FB2B466A4600212046FFF78AFD0B
S21400F3F003B030BD7EC7030007B5D0E9023203EB89
S21400F4008201486853F82210027840230988322087
S21400F41025F07DFB01210090034B0420034A00F0F9
S21400F42065FB03B05DF804FBA4C50300AFC703008B
S21400F43070B585690446EA0705F0020605D476B17C
S21400F440C5F3072025F0C9F809E01EB1B2210F4820
S21400F4502BF02BFBA069C0F3810025F0ADF8E36923
S21400F4601BB9BA2109482BF020FB204614F00EFCED
S21400F470E3693EB1607E9847AB0706D0BDE87040B2
S21400F48025F09FB820469847F6E770BDC4C703002E
S21400F49008B514F0EFFE28B1BDE808404721024841
S21400F4A02BF003BB08BD00BFC4C703002DE9F04125
S21400F4B0FF2B04460F4690461D469DF8186005D063
S21400F4C0FF2E03D0D52111482BF0EFFA0023FF2D95
S21400F4D018BFAD000E4A1CBF45F00105EDB2226014
S21400F4E00C4AC4E9063818BFA561FF2EC4E90123FB
S21400F4F02361E76007D0A36943F0020323F47F4348
S21400F50043EA0623A361BDE8F08100BFC4C7030039
S21400F510983E002031F40000002310B5054C03612E
S21400F5200460054CC261C0E901430123C1608361E8
S21400F53010BD00BF983E002031F4000070B586690B
S21400F540044606F00303032B0D4603D1FC211448A2
S21400F5502BF0ABFAFF2D16D0B20704D440F20111FF
S21400F5600F482BF0A2FA284624F0D5FCFF280546C3
S21400F57004D14FF482710A482BF097FA2DB204EBAF
S21400F5804514204670BDF307FBD5A36913F00C0F96
S21400F590F7D040F20B1102482BF087FAF1E700BFD4
S21400F5A0C4C703000023054AC0E9063103610260B0
S21400F5B0C360034A034B426083607047983E002056
S21400F5C031F40000593C0200014827F0DFBA00BFC2
S21400F5D0983E0020014827F0E5BA00BF983E00207C
S21400F5E013B50E4827F0ACFA23F051FA26F075FA58
S21400F5F026F097FA26F0A1FAFCF748FF0446FCF737
S21400F6005FFF2346009001210420054A00F06EFAB1
S21400F61002B0BDE81040FCF73FBF00BF983E002098
S21400F62057C80300022808B503D12BF037FA014B60
S21400F630186008BDC83E002008B50DF05BF9012231
S21400F640044B1A702BF0B3FABDE808400249034891
S21400F650FDF7E4B8EE5D0020F0660020CC3E00200A
S21400F660014B1870704700BFED5D0020024B187804
S21400F67008B106F093B87047446C002008B5074BF5
S21400F6801B780BB1002008BDFFF7F0FF0028F9D16A
S21400F69006F05EFC023818BF0120F4E7ED5D00209E
S21400F6A070B5FFF7EBFF174D20B1FFF78DFF04286D
S21400F6B0044613D82B781BB92BF079FA01232B704C
S21400F6C023F0F3F90446D8B12B781BB9F7210E487E
S21400F6D02BF0EBF9BDE87040FFF776BF23F0E7F9B3
S21400F6E00028E7D02B785BB12BF0DDF8064600212A
S21400F6F0012029F043FB30462BF0D0F800232B7076
S21400F700204670BDEE5D002078C803001FB5FFF7E9
S21400F710C7FF0446FDF72CFAA04228BF204688B152
S21400F72003A929F017FF034638B9CDE90000064AB9
S21400F730039906482BF0CEF918B18E2104482BF019
S21400F740B4F9012004B010BDA92A0300A83E002089
S21400F75078C803000D4B70B51B780D4D0D4C01217C
S21400F760002B0CBF2B46234602200B4A00F0BEF9A6
S21400F7700A4B01211B780220002B0CBF2B46234688
S21400F780BDE87040064A00F0B1B900BF446C0020E6
S21400F79072F1030091F103000EC90300ED5D002035
S21400F7A02DC9030010B5D0E9023253F822300220EA
S21400F7B01B780121002B15BF01240024044A054AAA
S21400F7C000F094F92046BDE81040FFF749BF00BF9F
S21400F7D04CC9030069C90300D0E9023253F822304D
S21400F7E0034A1B78003B18BF01231370704700BF05
S21400F7F0446C002038B50125084B1D702BF053F8DB
S21400F80004462946284629F0B9FA20462BF046F841
S21400F810BDE8384002490348FDF700B8EF5D002018
S21400F820F8660020F43E002070B514F0A9FD10F034
S21400F830070F1D4D11D02B785BB901262E702BF0CB
S21400F84032F804463146304629F098FA20462BF026
S21400F85025F8BDE8704014F063BB25F0B7FA02281F
S21400F86003D1124B1B78032BE5D914F089FD18B988
S21400F8700E4B1B78032B14D814F052FB04460028BA
S21400F880D9D02B785BB100262E702BF00CF80546ED
S21400F8903146012029F072FA28462AF0FFFF20465A
S21400F8A070BD4FF0FF34ECE7EF5D0020766200207D
S21400F8B01FB5FFF7B9FF0446FDF75AF9A04228BF67
S21400F8C0204688B103A929F045FE034638B9CDE99C
S21400F8D00000064A039906482BF0FCF818B18C2164
S21400F8E004482BF0E2F8012004B010BD832F03007B
S21400F8F0D43E002088C9030010B5094C09490020F1
S21400F90007F0FAFB23681B68587924F03AFB236853
S21400F9101B68587923F03EFB05F066F9002010BD01
S21400F9205444002016CA030008B525F03FFA0246E4
S21400F93028B1BDE808400020014907F0DDBB08BD3E
S21400F94039CA030008B525F047FA024628B1BDE8D3
S21400F95008400020044907F0CFBB5422BDE8084009
S21400F960FF2102480BF060BF51CA0300E057002099
S21400F97038B504460D4625F033FA024628B1BDE8F0
S21400F98038400020034907F0B7BB034B23F8145058
S21400F99038BD00BF6FCA0300E05700202DE9F341D1
S21400F9A000240C4E0C4DDFF838800C4F56F8043B04
S21400F9B00BB9D8F8003035F8022B394600920020F3
S21400F9C02246013407F098FB2A2CEFD102B0BDE89E
S21400F9D0F08100BF04670020345800208BCA030063
S21400F9E00067002008B52A21034825F0F1F9BDE894
S21400F9F00840FFF7D3BF00BF3458002007B5D0E952
S21400FA00023253F822301A78292A0DD8084B53F8B8
S21400FA1022300BB9074B1B680749002031F812103B
S21400FA200091064907F068FB03B05DF804FB00BFD1
S21400FA300467002000670020345800208BCA0300AB
S21400FA4008B52A21034825F0C5F9BDE80840FFF7A8
S21400FA50A5BF00BF3458002038B5D0E9023253F8AD
S21400FA60221003EB82035B680C781D880020044993
S21400FA7007F042FB29462046BDE83840FFF778BF2E
S21400FA8096CA03002DE9F34100240C4E0C4DDFF816
S21400FA9038800C4F56F8043B0BB9D8F8003035F8D0
S21400FAA0022B3946009200202246013407F024FB40
S21400FAB02A2CEFD102B0BDE8F08100BF0467002019
S21400FAC0E05700208BCA03000067002010B50246EE
S21400FAD023F076FA20B9044C236811B1134323604F
S21400FAE010BD23EA0203FAE7B06700200CB413B592
S21400FAF002460C4623F064FA60B9094B1B681A42AA
S21400FB0008D005A9049801910AF090FD14B10548A3
S21400FB1025F06FFF02B0BDE8104002B0704700BF8E
S21400FB20B067002095CD0300034610B5D3E9023236
S21400FB3053F8223008461C78211E18BF0121FFF713
S21400FB40C5FF014648B9084A084B0220002C08BFEA
S21400FB501346074AFFF7CAFF10BD00210220054AD8
S21400FB60FFF7C4FFF8E700BF94B903008CB90300A1
S21400FB7097CD0300ADCD03002DE9F04105461F46A5
S21400FB800C46DFF82C808E18B44201D1BDE8F08117
S21400FB900021284614F8013B069AFFF7A7FF002F1E
S21400FBA0F2D0424600212846FFF7A0FFECE700BF50
S21400FBB021C003000021024A0248FFF7ADBC00BF87
S21400FBC049FC0000FC3E0020FF21014822F051BF06
S21400FBD0FC3E00200022034BFF2103481A7022F04F
S21400FBE041BF00BFF05D0020FC3E002013B5114C65
S21400FBF02378032B13D8009300230F4A18460F4987
S21400FC0007F07AFA237842F21072002B08BF00221F
S21400FC10FF210B4802B0BDE8104022F012BF0022C0
S21400FC200849104607F068FA02B0BDE81040FFF732
S21400FC30D1BF00BFF05D0020BECD0300D0CD0300D5
S21400FC40FC3E0020DACD0300F0B52B4D8FB02B78AC
S21400FC5023B309A825F0F4F8022309A88DF8243068
S21400FC6025F0DCF801AA06469446244B03F110075B
S21400FC70144618685968083303C4BB422246F7D1B5
S21400FC8005AA17461E4B03F1100E1446186859684D
S21400FC90083303C473452246F7D1E6B1012409A808
S21400FCA025F06AF828B9BDF8243013F0020F18BF03
S21400FCB001242B781349002B4FF000034FF0A002CD
S21400FCC008BF1946204625F031F890B92B78013345
S21400FCD02B700FB0F0BD614609A825F0A1F80028EA
S21400FCE0DCD1394609A825F09BF804460028D6D072
S21400FCF0D4E7FFF77BFFECE7F05D0020EC5504004F
S21400FD00FC55040000F8FF0710B50020324907F044
S21400FD10F3F908220020314907F0EEF9304B314A5A
S21400FD201978314B0020002918BF1A462F4C30494D
S21400FD3007F0E2F9002024F03FFC2368002B47D0B0
S21400FD401B78022B44D900222A4B10462A4907F07A
S21400FD50D3F923F07CF929490246002007F0CCF9B4
S21400FD6000F0D0F826490246002007F0C5F92368BF
S21400FD701B78032B2CD900F0D5F822490246002028
S21400FD8007F0BAF900F0DEF81F490246002007F037
S21400FD90B3F900F0DFF81D490246002007F0ACF981
S21400FDA000F0A4F81A490246002007F0A5F900F072
S21400FDB0D7F8184C184954F82020002007F09CF972
S21400FDC000F024F9154954F82020002007F094F993
S21400FDD0BDE8104024F0F5BBFCCD030018CE0300B0
S21400FDE0F15D002072F1030091F1030090430020C2
S21400FDF03BCE030062BB030056BB030057CE030096
S21400FE007BCE03009FCE0300C3CE0300E7CE0300E5
S21400FE100ECF0300B467002035CF030058CF030091
S21400FE2008B5D0E9023253F82230187840B10020E5
S21400FE30074907F061F9BDE80840802000F034B8B3
S21400FE40044907F059F9BDE80840802000F046B89C
S21400FE507BCF030098CF0300D0E9023253F822305C
S21400FE60034A1B78003B18BF01231370704700BF7E
S21400FE70F15D002018220021094BC3E900121A7B0D
S21400FE800AB9084A9A601A7C12B94FF47A72DA8173
S21400FE9040F6B8325A8200229A829A75704700BF9E
S21400FEA01C3F0020E09304000A4B10B51B687BB192
S21400FEB01B78032B02D8B0F5007F09D1064C2368C7
S21400FEC0034323606368184202D02AF0E2FDA08252
S21400FED010BD00BF904300201C3F0020024A13685C
S21400FEE023EA0003136070471C3F0020014B18688C
S21400FEF0704700BF1C3F0020014B9868704700BF4A
S21400FF001C3F0020024B9868FA23B0FBF3F07047C2
S21400FF101C3F00200122024B98601A73704700BFF6
S21400FF201C3F0020024BD889FA23B0FBF3F0704741
S21400FF301C3F00200122024BD8811A74704700BF74
S21400FF401C3F0020024B588AFA23B0FBF3F07047A0
S21400FF501C3F0020014B5868704700BF1C3F002024
S21400FF602DE9F84300244FF00C08104B104F9D7DF0
S21400FF70104E3988E3B28B4202D32846BDE8F88398
S21400FF8008FB03F3F05C06EB030924F01CFB50B9F6
S21400FF90FF21D9F8080022F06CFD20B199F8053051
S21400FFA09D4238BF1D460134E3E700BF1C3F0020DA
S21400FFB0EA6B002038680020124B10B51B68124C04
S21400FFC0EBB11B78032B02D823689B0517D52AF0C4
S21400FFD060FDA38AC01A638A80B283423EBFD4E91A
S21400FFE000329343236024F06BFE08B1E08910BD15
S21400FFF02368002BFAD1FFF7B3FF0128F6D0A068DC
S214010000F5E700BF904300201C3F0020014B987D80
S214010010704700BF1C3F002038B504460D462AF045
S214010020E9FD244B1B7813B1204623F00BF8402C36
S21401003027D006D884B13F2C18D0BDE8384024F02C
S214010040C0BA4C3C0C2CF8D81B4B2341DB07F4D42C
S2140100500220FFF743FFF0E74FF40070FFF73EFF83
S2140100600220FFF721FF154B1C71E6E74FF40070E5
S214010070FFF734FF0220FFF731FF00220F4B1A7102
S214010080DBE724F021FA0028D7D10C4C0220237993
S21401009001332371FFF722FF4FF40070FFF704FFCF
S2140100A02379AB42C9D322F0CEFF0028C5D122F076
S2140100B0A3FFC2E7F15D0020FEEEFFFF343F002004
S2140100C010B505F05FFB02280AD124F0D5FD0346E2
S2140100D030B1BDE8104000220249104607F00CB8C6
S2140100E010BD00BFE4CF03000021024A0248FFF71B
S2140100F013BA00BFC10001003C3F002038B5002004
S21401010024F05AFA124B1B6893B11B78022B0FD9B5
S21401011005F038FB022816D10E4C2568FFF74CFF78
S214010120A842206008D0FF2122680B4822F089FCF3
S214010130BDE8384024F045BAFF21074822F099FC73
S2140101400028F5D1EFE7FF21034822F08BFCEFE70B
S21401015090430020343F00203C3F002002460249E5
S214010160002006F0C9BF00BFF8CF030010B5234C2E
S2140101702348FF2122F076FC207802281ED003288F
S2140101802ED0012804D02120BDE81040FFF7E6BF9D
S2140101901C4B19780029F7D002231B4A23701378C9
S2140101A0052B0EBF00230133DBB29942137003D136
S2140101B0052313700020E7E7052BFBD0124B1B78B5
S2140101C0052B02D103232370DDE7104A104932F8CC
S2140101D0230007F085FC032323700028D4D110BD2B
S2140101E0094B0C4A1878094B03EB8001897833F8E0
S2140101F0200007F045FC0123EEE700BFF25D00207A
S2140102005C3F0020FB5D0020466C002088580020E3
S214010210F5030100A10301002DE9F04F0D46144638
S21401022095B00490112200210FA89946DFF86C8141
S2140102300BF0FAFA04EB45030393D9F800301C2BB4
S21401024002D0039B9C4202D115B0BDE8F08F01237A
S214010250DFF844A18DF81C3023884C4AADF81E30D7
S2140102609AF800304A4D08EB83039B7828788DF87E
S214010270203013688DF81D00CDF821305368CDF875
S214010280253024F0A0F9049B8DF8290021882878D0
S214010290002B4AD123F066FE002844D09AF800309D
S2140102A00FAA38F8230007A922F0DBFE00283AD06F
S2140102B023F085FC4FF0000B074606461C255FFA27
S2140102C08BF2974234D8B7422BD99DF81C30032BBA
S2140102D01AD10FAB0193BDF82130002204210093FF
S2140102E001202C4B06F08EFD9AF8003008EB8303B4
S2140102F09978274B187806F001FE9AF8003000200E
S21401030038F8231024F0B4F85DB107A9304624F07C
S214010310A5FC214B05461B78304638F8231024F0FF
S2140103209FFCC9F80050023487E723F012FEB3E7BA
S21401033010460BA9059224F08DFC30B99DF82C10BF
S21401034031B9059AB74208BF16460BF1010BB6E75D
S214010350BDF82E00BDF81E209042F6D19DF8300063
S2140103609DF820209042F0D19DF81C208A42ECD1C5
S214010370032A14BF082202220DF121010DF13100DA
S2140103800BF09EFD002808BF0025DEE7F35D002088
S214010390456C002075D20300466C0020885800206A
S2140103A013B503460020114A9C6812780190052A6D
S2140103B003D01B78032B00D12CB9012002B0BDE875
S2140103C01040FFF7CBBE6268217801ABFFF724FF30
S2140103D0217A0120E26801ABFFF71EFFFF210448E6
S2140103E002B0BDE8104022F035BB00BF466C0020CD
S2140103F05C3F0020094B1B78052B02D00378032BAA
S21401040002D00120FFF7AABE8168054A0B6805489D
S21401041013604B68FF21536022F01CBB466C002022
S214010420F35D00205C3F002038B50024114B124DCF
S2140104301870124BFF211C702C7006F05FFD012214
S214010440032110460E4B06F0DDFC4FF6FF712246E7
S214010450084624F010F8044648B940F6B832FF21A1
S214010460084822F0EEFA01232B70204638BDFFF72C
S21401047075FEFAE7456C0020F25D0020FB5D00206A
S214010480350304005C3F0020144BF0B51A6814498C
S21401049013680978587988420BD11249D7880846DB
S2140104A00022114D1E792B78D4B2A34203D8052C15
S2140104B00AD10020F0BD0C88BC4202D18C78B4422F
S2140104C0F7D001320431EFE7A342F2D120F82270CF
S2140104D0013300EB820086702B70EAE7544400205B
S2140104E0456C002088580020FB5D0020FF2307B5DF
S2140104F00021044A04480093FEF7D8FF03B05DF8D4
S21401050004FB00BF6D0101005C3F00201FB5B42352
S21401051003210446ADF80E3023F01BFD98B12123CC
S21401052020460093002203210DF10E0323F0C0FEA6
S21401053004460020054B064A0649009406F0DCFDF9
S214010540204604B010BD8624F3E700BF22D0030086
S2140105502FD0030044D00300D0E9023253F82230F2
S214010560034A1B78012113700220024AFFF7BEBA24
S2140105705E6C002053D003000122014B1A707047B5
S2140105805E6C00200A4B90F805111B7890F8082144
S21401059019448A42BCBFB2FBF3F103FB11234FF0AF
S2140105A0FF32B8BFDBB202FA03F380F80A317047B4
S2140105B05E6C00202DE9FF410446057F867EDFF84C
S2140105C070806E43237F98F8002013449D4212DB0F
S2140105D0607F60B9238B029363690193237C009348
S2140105E06288A31D217805F095FDFF232370002066
S2140105F004B0BDE8F081E37EAB42E9D9A77E228B49
S214010600F1199142A4BF921BD7B205EB0323E381F4
S2140106103A4633462946204622F03DFD0028E7D1DA
S214010620637F3744013301356377BEB2EDB2C9E764
S2140106305E6C002037B5054624F03EFB0D4B0446A4
S2140106401B6869461B78032B82BF0B4B1B881B1844
S214010650284688BF9CB224F0B7FB38B9684624F018
S2140106602DFB18B9044B1B8823449CB2204603B0CB
S21401067030BD00BF90430020EE6B0020084B1B7876
S214010680FF2B0BD1074B1B78FF2B07D1064B1B7893
S214010690022B03D04FF48070FFF720BC704700BFD9
S2140106A0BC670020AC4000207C3F002010B504460B
S2140106B0FF2122F0D7F9054B9C4202BF0023A4F587
S2140106C088742370BDE81040FFF7D8BF8C40002027
S2140106D02DE9F0479A462A4B81461B7888461646EE
S2140106E0BDF82050002B49D0FF2D3ED9382528468D
S2140106F0BDE8F087234B0C223146A01D636184F8C8
S2140107000090A4F802800BF0E1F8A289414642F479
S214010710004242F040022046A28122F0CEFC2A4648
S214010720514660690BF0D2F841464846A21D258322
S21401073024F016F8A0760028D8D00544013DB5FB74
S214010740F0F0FF28D2DC0023E0762046A383FFF7F3
S21401075031FF054680B923794FF48070B372FFF7F5
S214010760A3FB227C099B1A80C1E7074C2778FF2F41
S214010770C0D040F60345BAE72770F2E70225B6E790
S2140107805E6C0020FD5D0020AC400020B0F9063014
S21401079010B5002B25DA144C2278237CFF2A02D0D0
S2140107A0827A9A4207D0114C2378FF2B17D0827A8F
S2140107B0237C9A4213D169B9637F013BDBB263772D
S2140107C05BB90B4A237F1278204613442377FFF741
S2140107D0F1FE0146204622F07FFCFFF74FFF012085
S2140107E010BD0020FCE700BFAC400020BC67002025
S2140107F05E6C00202DE9F04F9A46B1F9063091B0B3
S214010800002B0D461746DDF86880049080F229819A
S214010810B8F80030FF2B04D94FF4B871A6482AF077
S21401082044F9A64B00241A7893F80401B3F8021190
S214010830002A40F0A5802E7AA14A1278B24240F2F0
S214010840AF800222A3F802711A70AA7AFF2483F8F5
S21401085004210022A3F8084183F80521A3F8062104
S214010860B8F80020954883F80C21FFF78BFE384630
S214010870FFF7E0FE214600EB4002924822F0E1F845
S2140108804FF48070FFF710FB8C4C94F80A91B9F185
S214010890FF0F20D18A4A94F8053112781344B342E7
S2140108A019DC94F80C1184F80531B4F806312046A9
S2140108B001FB0233A4F80631FFF764FE0122824BE6
S2140108C038461A70FFF7B6FE494600EB400204F5BB
S2140108D0887022F0B6F894F80531B34260D8DFF894
S2140108E0E0B19BF800C00CEB0302964258DA764959
S2140108F094F808210878013A002853D0964205DA80
S214010900B8F8002084F80C2100220A70B6FBFCF926
S21401091001220CFB196994F80A015FFA89F902FAB7
S21401092009F2D1B2024076B92889000A844584F8D2
S214010930080108D92046CDE906210593FFF722FED6
S214010940DDE90621059B94F80A01014384F80A11A2
S21401095082B994F80921B4F806C1013284F8092154
S214010960B8F80020DAF800100CEB0200FF2826DDAC
S2140109700323237094F80831013B9E4230D138E0BE
S214010980AE7A864202D18F4200D11C462E7A002CC6
S2140109907FF47BAF002A3FF44FAF012A3FF44CAF00
S2140109A001205FE09642B1DA94F80C1198F8002025
S2140109B09142ABD004F58870FFF778FEF0E794F823
S2140109C00CE1F31A0EFB03C3A01C10FA83F0059288
S2140109D00AF07CFF94F80831059A013B9E4244D008
S2140109E0012394F80A2103FA09F3013B1343FF2B71
S2140109F004D122462946384622F060FB94F8083195
S214010A0094F809219A42CBD19BF80030B2FBF3F15E
S214010A1003FB112212F0FF0218BF13462278022AA6
S214010A2026D1264A023410785178012804BF0131B4
S214010A305170012224F8022CEA88B4F8041122F03D
S214010A404002EA8094F809210A44591E94F80A31B2
S214010A5013FB01F31344A8F80030CAF80040FFF76F
S214010A600DFE002011B0BDE8F08F84F80B21C0E721
S214010A706979002994D0032A92D1B4F8062194F812
S214010A800B1108AE11445A1E94F80C31284613FB7C
S214010A9002F30B4400219BB2A21CA8F80030CAF84E
S214010AA00020CDE900710296049907F005FD892121
S214010AB0304623F052FE7DE77AD003007C3F0020CB
S214010AC05E6C00208C400020FC5D002013B50446BF
S214010AD018B101280BD002B010BDFF2301460093C8
S214010AE0064A0748FEF7E2FC064B1C70F3E7FFF7E1
S214010AF043FDFF22044B1A70EDE700BFAD0601006F
S214010B008C4000207C3F0020AC40002013B501A99A
S214010B1009F04AFE044648B9BDF806309DF804209F
S214010B20034906F0E9FA204602B010BD8120FBE732
S214010B3011D1030013B5694609F042FE044688B98F
S214010B40BDF802309DF80020074906F0EFFA20466E
S214010B50019906F043FA2046044906F0CDFA2046EC
S214010B6002B010BD8120FBE735D103005BD1030045
S214010B7037B5694609F048FE044618BB9DF80130B2
S214010B809DF80020104906F0D1FA104D9DF801207D
S214010B90E3B29A4206D800200D4906F0ADFA0020CD
S214010BA003B030BD0198630003F4FF7302220021F5
S214010BB0184423F0EBFC29460246002006F0B6FA5C
S214010BC00134E3E78120EBE75DD103008CD103001C
S214010BD03503040013B501A909F0ECFD044648B934
S214010BE0BDF806309DF80420034906F085FA204634
S214010BF002B010BD8120FBE796D1030030B500247A
S214010C000B4D85B06946E0B224F024F850B99DF842
S214010C100030032B06D12946BDF805309DF801208A
S214010C2006F06AFA0134202CECD105B030BD00BFC5
S214010C30BDD1030008B50020034906F05DFABDE802
S214010C400840FF2000F0DEBACFD103002DE9F04FB7
S214010C5085B006460D46174622F07EFA044640B198
S214010C6030463A46294622F061FA002005B0BDE832
S214010C70F08F4FF003094FEA15285FFA84FA6946A8
S214010C80504623F0E7FFB8B99DF800B0BBF1000F5E
S214010C9012D1694650468DF800908DF805508DF8B2
S214010CA006808DF8016023F0D9FF02460028D7D0D0
S214010CB05846064906F020FA0134202CDDD10020E2
S214010CC0034906F019FA8920D0E700BFE4D10300F2
S214010CD00BD203001FB5002304468DF80F3022F017
S214010CE026FA28B19DF80F3063F07F038DF80F3098
S214010CF0182301930DF10F030022009304214023D2
S214010D00204623F0C4FA024618B10020024906F034
S214010D10F3F904B010BD00BF26D203001FB502A927
S214010D2009F060FD044688BBBDF80820184906F0A6
S214010D30FDF92046039906F051F92046154906F0BB
S214010D40DBF94FF6F672BDF80810134C4B1E9BB23A
S214010D50934219D82368039A1B685879FFF776FFE0
S214010D6023681B79012B0BD8BDF808300022CDE98A
S214010D7000030421094B092006F044F823F0E7FCA0
S214010D806FF0FF0004B010BD8720E9E78120F9E786
S214010D9045D203005BD10300544400205CD203001B
S214010DA070B504468AB005AD1122002128460AF026
S214010DB03BFD204604A909F009FD044600283AD166
S214010DC01E4EBDF810201E4906F096F932681379BA
S214010DD0012B28D84FF6F670BDF810104B1E9BB2AB
S214010DE0834224D81368587922F0B6F908B33368D9
S214010DF02A461B68BDF81010587922F096F9BDF8FE
S214010E00103001220421CDE9004309200D4B029543
S214010E1005F0F8FF23F09BFC034620B100200A4AA8
S214010E200A4906F069F96FF0FF000AB070BD872421
S214010E30E5E78B24E3E78120F7E700BF5444002071
S214010E405FD2030074D2030078D2030083D203007A
S214010E502DE9F0479AB004A909F0D0FC0446002811
S214010E6040F0B5809DF810205B4906F05FF92546F5
S214010E705A4E9DF81020EBB29A4254D80020584999
S214010E8006F03AF99DF81050002D40F099802C4656
S214010E902E46544F06A9F0B223F0DCFEC8B99DF8E1
S214010EA01830032B15D13B689DF819201B685B7918
S214010EB09A420ED19DF81D2005F168036B4403F894
S214010EC0402C9DF81E200235013403F83F2CEDB26C
S214010ED0E4B20136202EDDD19DF810300BB1002C86
S214010EE077D00AABCDE90143FF2302220421009308
S214010EF009203D4B039505F085FF23F028FC0346AA
S214010F0060B19DF81020002A5FD0384A3849002C7D
S214010F1008BF0A460020374906F0EEF86FF0FF00DA
S214010F201AB0BDE8F08705986B0003F4FF73022240
S214010F300021184423F02AFB31460246002006F021
S214010F40F5F8013595E70598730003F4FF7302225F
S214010F500021184423F01AFB002780465FFA80FA26
S214010F6006A9F8B223F076FE00BB9DF81830032BD5
S214010F701CD1D9F800309DF819201B685B799A427C
S214010F8014D19DF81D30534510D19DF81E30C8F37D
S214010F9007229A420AD105F168036B4402350134EF
S214010FA003F840AC03F83F2CEDB2E4B20137202F32
S214010FB0D6D101369DF81020F3B29A42C3D88BE7FA
S214010FC00025DFF820902E46F4E7084AA2E78120A4
S214010FD0A6E78B20A4E700BFDDD203008CD1030077
S214010FE03503040054440020FCD20300AED20300B3
S214010FF0CCD2030000D303002DE9F04389B002A947
S21401100009F0EAFB0446002867D1BDF808203449F8
S21401101006F072F84FF6F672BDF80850DFF8D49075
S2140110206B1E9BB2934254D8D9F8003029461B68F0
S2140110305F79384622F090F800284CD026465FFAB1
S21401104086F8404603A923F005FE28B92946384606
S21401105003AA22F06EF820B90136202EEFD14FF008
S214011060FF08404623F0F4FD014658BB112203A8B1
S2140110700AF0DAFB2946384603AA22F057F8D9F8CF
S21401108000301A79012A18D81B68BDF8081058795B
S21401109023F03DFABDF8083003220421CDE90043D0
S2140110A00920104B05F0AEFE23F051FB034620B19C
S2140110B000200D4A0D4906F01FF86FF0FF0009B039
S2140110C0BDE8F08302460A49002006F015F801241F
S2140110D0D5E78724D3E78B24D1E78120EFE700BF4C
S2140110E022D303005CD2030060D3030083D2030043
S2140110F039D30300544400202DE9F043DFF89480EF
S2140111000020D8F8003021491B688BB05E79002595
S21401111005F0F2FF01275FFA85F9484601A923F099
S21401112099FD044690B99DF80430032B0ED19DF825
S2140111300530B3420AD1484623F08AFD0146A0B1E4
S21401114002461349204605F0D7FF27460135202DD4
S214011150E1D1D8F8003000211B68587923F0D7F97F
S21401116087F001000BB0BDE8F083112205A80AF054
S2140111705BFBBDF809403046214605AA21F0D6FFA3
S2140111802146304623F0C3F9E0E700BF6DD30300E4
S21401119039D303005444002037B5694609F028FBCB
S2140111A0044638BBBDF80020134905F0BFFF134DB8
S2140111B02046019905F012FF2046114905F09CFFD3
S2140111C02B681B68587923F0B1FA70B14FF6F672A6
S2140111D0BDF800104B1E9BB2934209D82B68019AAA
S2140111E01B685879FFF732FD0446204603B030BD30
S2140111F08724FAE78120F9E781D3030054440020CD
S2140112005BD103007FB505460024E6B26946304649
S21401121023F020FDA8B99DF80030032B11D19DF8CD
S2140112200130AB4204D0FF2D0BD19DF80D3043B9F0
S214011230304623F00DFD024618B10020034905F0A3
S2140112405BFF0134202CE0D104B070BD39D303001C
S214011250034B1B681878012808BF0220704700BF9F
S21401126090430020D0E9023253F822301A78024B1C
S2140112701A7000F0E7BA00BFFC5E002070B5D0E936
S21401128002456B1EDBB254F8230003221B490AF009
S21401129017FE54F8253004EB8504197863681A782C
S2140112A0A2F10B030F2B05D915490020BDE87040AC
S2140112B005F022BF01290FD1124C9140236840B995
S2140112C00B43114A23600020BDE870400F4905F02A
S2140112D013BF23EA0103F4E702290CD101230C49C9
S2140112E003FA02F20B6818B913430A4A0B60EAE7DD
S2140112F023EA0203F9E70A460749D6E7A5D303001E
S214011300A9D30300E0670020BFD30300C7D30300BF
S214011310DC670020DAD30300E4D3030007B5D0E985
S214011320023103EB810253F821300B491B785268D6
S214011330012B0A4B08BF0B4612684FF000001A60DB
S2140113400092074A074B084918BF1346074A05F09B
S214011350D3FE03B05DF804FBE0670020DC670020E5
S214011360FFD30300F7D3030009D403001C5604007F
S21401137038B5254A254B264C0020264905F0BCFEEB
S2140113800020254905F0B8FE22682449002005F012
S214011390CDFE2068224C234D05F088FE2146002014
S2140113A005F0AAFE2A682049002005F0BFFE28683D
S2140113B005F07CFE2146002005F09EFE1B4B1C49D5
S2140113C01A781C4B002053F8223005F095FE00F0E9
S2140113D00DF919490246002005F08EFE174B002034
S2140113E01A78174905F088FE164B17491A78002017
S2140113F005F082FE04F0C6F9BDE8384002461349FE
S214011400002005F079BE00BF1C56040023D403005B
S214011410E06700202AD4030032D4030040D403003E
S214011420A3BA0300DC67002051D403002A5F002022
S21401143062D40300E467002075D403000F5F002028
S21401144089D403000E5F00209BD40300ADD40300B3
S21401145007B500F071F8054B0090054A00200549D4
S21401146005F04AFE03B05DF804FB00BFC3D40300D9
S2140114701C56040044D00300F8B504460B4F0C4E2E
S2140114800C4D00200C4A0D4905F036FE20463B78EF
S21401149029783278F4F782FE00233B7033702B7084
S2140114A0FF21BDE8F840064821F0DCBA2A5F00209B
S2140114B00E5F00200F5F00201C560400C8D40300F6
S2140114C0CC40002037B51248FF2121F0CBFA114B52
S2140114D0187810F0100505D0002003B0BDE83040A4
S2140114E003F01CBF0121B42004F0C6FA04460A4BDF
S2140114F00A4A0B490090284605F0FEFD2046FFF7F4
S214011500BBFF4FF4806003B0BDE83040FEF7E6BC99
S214011510CC4000202A5F0020DFD403001C560400C4
S21401152044D003000021024A0248FDF7F5BF00BF80
S214011530C5140100CC40002008B5054B1B7823B12B
S2140115401720FFF799FF002008BD0220FCE700BF27
S2140115502A5F002010B550B1054B00F1100250F87B
S214011560044B904243F8044BF9D1024B197010BD5D
S214011570105F0020205F002037B5174D04462B78FA
S214011580DB0626D50090154B0020154A154905F0B7
S214011590B3FD1E2C0BD0652C09D0032C19D00020CE
S2140115A023F0D0FB40F61C40FFF766FF0DE023F06A
S2140115B0F1FB4FF4FA63B0FBF3F202FB1300C2181F
S2140115C0FF21094892B221F03CFA2B7823F0100350
S2140115D02B7003B030BD00BF2A5F0020F8D4030093
S2140115E01C56040044D00300CC400020014B18795F
S2140115F0704700BF9C58002070B54C4E8EB03378B3
S21401160003F0FB02A3F10905022AEDB258D0042B20
S21401161041F6041257D0A3F108014B424B415B003F
S21401162013434348ADF80C3021F0C6FD48B9414B91
S2140116303F4A03F1100153F8040B8B4242F8040BA6
S214011640F9D13D4B1B78002B3FD03C4B0DF10E02E0
S21401165003F1100153F8040B8B4242F8040BF9D145
S21401166003A823F08FFB2328044610D1012D49D867
S2140116700020334A334905F03FFDBDF80C3003A87E
S21401168023F40053ADF80C3023F07CFB0446002C09
S21401169041D14FF40C7023F073FB044600283AD175
S2140116A003F0FAFE012D36D8274A01AB10685168BF
S2140116B003C3264901A823F0C1FB78B319242AE005
S2140116C043F60412A7E70223AAE73378042B0DD0CA
S2140116D0082B0BD01E4B0DF10E0203F1100153F82F
S2140116E0040B8B4242F8040BF9D1B9E7104A0DF10D
S2140116F00E0302F1100152F8040B8A4243F8040B60
S214011700F9D1ADE7337803F0FB03022B03D10020B8
S214011710104905F0F1FC20460EB070BD044901A841
S21401172023F08CFB04460028C8D1F4E72A5F00208A
S214011730FE5E0020C5D50300205F0020105F00205C
S2140117401C5604001CD50300D6D503000C56040015
S214011750DFD5030077D5030070B5002686B00446B2
S214011760252023F0F5FA1622002116480AF05CF827
S214011770154B1E60154B1878FFF76AFD022814BF3B
S2140117800123042303208DF8083023F02FFB0423C4
S2140117908DF810300E4B02A80593039403F030FD2C
S2140117A005460C4B0C4A19680C4B3046A14208BF43
S2140117B0134600940A4A0B4905F09EFC284606B0DB
S2140117C070BD00BF9C580020EC4000202A5F00201E
S2140117D0B91A0100E0670020F7D30300FFD3030026
S2140117E01C560400F0D5030008B5134A1378042BE1
S2140117F009BF124B01331B78C3F10603DBB213702A
S21401180003F0FD02092A04D11720FFF735FE172041
S21401181008BD0A4A1278002A14BF052206229A42F7
S21401182007D1074B18680028EED0FFF795FF4D202B
S214011830EEE70020ECE700BF2A5F0020205F0020D3
S214011840DC67002073B51E4C1E4E236832681343B6
S21401185034D01D4B1B6853B31C4D2B783BBB03F098
S21401186091FFF8B94FF48060FEF71EFB184B246811
S2140118701B7894B1C3F102032B7003F047FD204699
S214011880FFF76AFF04460020124B134A13490094DF
S21401189005F032FC204602B070BDC3F10603346881
S2140118A02B70EAE70121B42004F0E6F8EAE700200D
S2140118B0094A0B4905F020FC0224E4E70224E9E783
S2140118C0E0670020DC670020904300202A5F0020AC
S2140118D0205F002038D603001C56040044D00300C5
S2140118E01ED603002DE9F347384D394E00202A79DC
S2140118F02B88384905F000FC3268287922FA00F076
S21401190010F0010002D1344905F0F6FB334F3C7864
S2140119103CB10822324933480AF0D2FA041E18BFF5
S2140119200124DFF8DC80DFF8A490DFF8B4A014E02F
S21401193098F8000049460130C0B288F8000023F04C
S214011940F9F9002835D13C783CB1082251462548A2
S2140119500AF0B6FA041E18BF01242A793368D34068
S214011960DB07E5D5002CE3D100922B881E4A1F49E0
S214011970204605F0C1FB1E4B1878FFF769FC0123D2
S2140119800322124923F0DCF91A4A0546137801337B
S214011990137010B902B0BDE8F08720462B46124AF4
S2140119A0154905F0A9FB284602B0BDE8F047FFF748
S2140119B063BD0020114905F09FFBFFF715FF0028C6
S2140119C0E8D102B0BDE8F04700F01CB89C580020F2
S2140119D0EC4000203ED603006FD60300295F0020AE
S2140119E0215F0020AA5800201C5604003ED70300A1
S2140119F02A5F00200E5F0020DFD6030008D7030011
S214011A00FD5E00202DE9F041214C224D2378002077
S214011A1055F82330204A214905F06EFBFFF7ECFD0F
S214011A2003461D4E1E4FDFF874802BB92378042B16
S214011A3015D8B3B91B4B15E032463946002005F0E0
S214011A405BFBFFF7D1FE00BB2378324655F8233007
S214011A50414605F051FBFFF7CFFD0346E5E7092BAD
S214011A60E8D1114B00201B68104A11491360114B35
S214011A70187023F05FF920B1BDE8F0410120FFF7AF
S214011A80FBBCBDE8F041FFF72DBFBDE8F08100BF0C
S214011A902A5F0020E46700201C5604005ED703007E
S214011AA06BD70300DC670020E0670020EC400020D5
S214011AB09C580020FD5E002070B51C4C23789BB31B
S214011AC0838913F4407F2FD0056835B12A46BDE8D7
S214011AD070400020164905F00FBB23F029F9154E7A
S214011AE003463070144A2846144905F005FB33783E
S214011AF01BB1BDE87040FFF785BF2378082B0CD8D3
S214011B00042B0CD80E4B1B78C3F1060323700D4B28
S214011B10BDE870401868FFF71FBE0A2BF2D1BDE87A
S214011B2070401820FFF7A8BC70BD00BF2A5F0020D8
S214011B3096D703000F5F00201C560400C3D703008E
S214011B40205F0020DC67002030B5464D0346044682
S214011B50454A0020454987B005F0CEFA2B782BBBC5
S214011B6001A823F06DF9022301A88DF8043023F0B3
S214011B7055F9B0B93E4901A823F052F988B1152CA0
S214011B800FD123F007F947F23153B0FBF3F202FB12
S214011B90130000F51C50103080B203F0BFFB07B0F5
S214011BA030BD162CFBD103F0F3FBF8E7152C2AD138
S214011BB000202D4A2F4905F09FFA2B78042B11D0CF
S214011BC0082B0FD02C4B1B78DA070BD401A823F077
S214011BD0D3F818B9BDF804309B0703D42B7843F02B
S214011BE010032B7023F0D6F84FF4FA63B0FBF3F230
S214011BF0FF2102FB1300C218204892B207B0BDE8CD
S214011C00304020F01EBF23F0F7F804460028C6D166
S214011C102B78013B092B1ED8134A194905F06CFA9B
S214011C20184A194913780133D8B2107023F082F894
S214011C3060B12046154905F05FFAFFF7D5FD00288B
S214011C40ADD107B0BDE83040FFF7DCBE07B0BDE858
S214011C503040FFF747BE40F61C4007B0BDE83040B5
S214011C60FFF70ABC2A5F00201C560400E7D70300D2
S214011C700C560400FED70300FC5E0020CC4000207A
S214011C8011D80300FD5E00209C58002008D70300F1
S214011C902DE9F0410B4686B004460E4617463A49F2
S214011CA00246002005F028FA4FF000080123CDE98E
S214011CB001380DF1160300934246402306212046C3
S214011CC022F01AFB054640B102463049404605F06F
S214011CD013FA284606B0BDE8F0819DF816202AB909
S214011CE036B900202A4905F007FAF2E7012EF8D0A6
S214011CF082F00103002027498DF8173005F0FCF922
S214011D009DF817300DF1170633B310230022CDE9E5
S214011D10006306214023204622F0B9FA064630B178
S214011D20324600201C4905F0E7F93546D1E74FB9A0
S214011D300821204622F00DF920B120469DF8171003
S214011D4022F0E6FB0521204622F003F90028C0D048
S214011D50204622F0DAFBBCE74FB90821204622F0E4
S214011D60F8F820B120469DF8171022F0D1FB102379
S214011D700022CDE9006306214023204622F087FA9F
S214011D8006460028DED0CBE740DA03005CDA030023
S214011D9075DA030095DA0300B5DA0300002208B508
S214011DA0034B11461B681B685879FFF771FF08BD86
S214011DB05444002008B5044B00221B6801211B680F
S214011DC05879FFF765FF08BD5444002008B5044B59
S214011DD000221B6802211B685879FFF759FF08BDCE
S214011DE05444002010B50123002488B001A88DF8C2
S214011DF00430CDE90244F5F7E3FC20469DF80420C3
S214011E00124905F079F92046039A114905F074F94B
S214011E102046029A0F4905F06FF910220E4B0DEB82
S214011E200201188840F0604040F48010FBF744F946
S214011E3020460A4905F07AF904A822F0E9FB204673
S214011E40074905F059F908B010BD00BFCEDA030006
S214011E50EDDA03000CDB0300CC5504002BDB03009A
S214011E603503040008B521F0D8F90020024905F031
S214011E7043F9012008BD00BF48DB03000023054AE3
S214011E808360C360044BC0E9002311B14FF6FF73B2
S214011E900B807047491015B20030031110B5044687
S214011EA060B10020064905F027F9052C06D002F09E
S214011EB0CBF904490246002005F01EF9012010BDA9
S214011EC05CDB03006DDB030037B500216A4601AB1E
S214011ED0054621F063FA044668B100220F49104610
S214011EE005F00AF902F0B0F90D490246002005F0A6
S214011EF003F903B030BD0B4905F0FEF8012020F0D0
S214011F00A2F901F099FF431C02D007F09DFFF0E70C
S214011F1021462846FFF7A6FFEBE700BF96DB030046
S214011F206DDB0300DEDB030038B5054601F084FFF8
S214011F30044622F0B6FA4DB100200E4905F0DCF851
S214011F40631C14BF2046002007F040FF21F073F900
S214011F500228044605D0012805D10020064905F0CF
S214011F60CBF8204638BD0020044905F0C5F800240A
S214011F70F7E700BFFBDB030015DC03002EDC0300E4
S214011F8008B50020034A044905F0B6F8BDE8084044
S214011F9000F050BDD8EB030047DC030008B5002075
S214011FA0034A044905F0A8F8BDE8084001F0CAB99B
S214011FB066DC030047DC03001FB5D0E9023253F8A4
S214011FC0223068461C78214601F0D0FB684601F0B5
S214011FD073FC28B92246044905F08EF804B010BDFA
S214011FE06846FFF771FFF9E76CDC03000020014942
S214011FF005F082B888DC03007FB50DF1060102A862
S214012000FFF73CFF0020264905F076F80020BDF8D2
S2140120100820244905F070F80020BDF80A2022495E
S21401202005F06AF8039A0020204905F065F80020BB
S2140120301F4905F07BF84FF6FF73BDF806209A425C
S21401204029D000201B4905F057F800201A4A1B49E1
S21401205005F052F800201A4A1A4905F04DF80022F8
S2140120601949104605F048F80020154A174905F0A9
S21401207043F80A220020164905F03EF80A220020FD
S214012080144905F039F80A220020134905F034F8FE
S21401209007B05DF804FB0020104905F02DF8D4E7E1
S2140120A097DC0300AFDC0300C8DC0300E1DC0300BF
S2140120B0FADC030005DB0300E093040010DD0300F7
S2140120C0C02709002FDD03004EDD03006DDD030090
S2140120D08CDD0300ABDD0300C9DD03000DDD03006D
S2140120E008B50020034905F007F8BDE808400120BF
S2140120F001F0FAB9E7DD030008B50020034904F052
S214012100FBFFBDE80840002001F0EEB900DE030049
S21401211030B5104B104D1B5C85B08DF80F302B7809
S2140121200446834206D00D4B0D4953F8202000206B
S21401213004F0E2FF30232C700A4801930DF10F03DF
S2140121400093062280231921007822F0A0F805B01A
S21401215030BD00BF33560400325F002040560400F5
S21401216018DE0300486C00201FB52323039001935B
S214012170064803AB0093012280231921007822F040
S21401218086F8039805B05DF804FB00BF486C002094
S21401219073B5164D04462B78154ECBB121F06CF86D
S2140121A0012815D0346040F6B244124B1B78072B39
S2140121B017D02D78C5B921F05FF8031E18BF01238B
S2140121C00D48009522461921007821F0E4FB03E032
S2140121D000233360002CE8D1201E18BF012002B076
S2140121E070BD02250123EBE70025FBE72F5F0020EA
S2140121F0F0400020325F0020486C002008B50448FB
S214012200FFF7C6FFBDE808400220FFF781BF00BF09
S214012210C027090010B5064C208822F07AF960889C
S21401222022F077F96068BDE8104022F081B900BF5E
S214012230F44000207FB523238DF813300DF11303EE
S214012240029304230648019305AB009301228023E1
S2140122501921007822F050F8059807B05DF804FBC4
S214012260486C00202DE9F047DFF84C91044699F8B8
S214012270000090460F4621F04EFE0B2899F80020EC
S21401228005D9BDE8F04700203F4904F035BF0026D8
S2140122903E4B3F4D1E803F4BDFF820A103EB001362
S2140122A05B8801202B802A7104F04EFE05F0F6FEB5
S2140122B004F04AFE204604F047FE0123042C8AF867
S2140122C000300BD8022C45D89C4216D02346BDE8D8
S2140122D0F0470020304A314904F00EBF062CF5D1F4
S2140122E030462F4904F008FF384604F02DFEFFF76C
S2140122F091FF97B18AF800600FE04FF6FF76294FFD
S2140123003888801B18BF012004F01EFEFFF782FFED
S2140123103888B04201D022F0FCF819236B8099F876
S214012320003000202B71204B1B786B71EB8843F03B
S2140123304003EB801D4B198822F09AF8034620B122
S214012340224600201A4904F0D7FE4046BDE8F04771
S214012350FFF71EBF304604F0F7FDFFF75BFFFFF700
S21401236069FF22F0E5F8134B1B78002B0CBF3F20CA
S214012370202004F0E9FD042CCFD14FF4806022F038
S214012380C8F83220C7E700BF2BDE0300C058002084
S214012390C4580020C4420020E5CB030077DE0300CA
S2140123A05ADE0300B4580020476C0020E86B00207A
S2140123B090DE03002E5F0020486C00202F5F002077
S2140123C038B5044605200D46FFF7A2FE184B1A88BD
S2140123D04FF6FD739A4207D10020164904F08CFE91
S2140123E0BDE83840FFF70ABF65B1134A13780133D9
S2140123F0DBB2092B137014D90A2200200F4904F00E
S2140124007BFEEDE7012C0ED10B4B1D700C490D48E0
S214012410FFF734FDBDE83840002101200A4AFFF7E6
S21401242021BF012CF2D0BDE838400748FFF7B0BE07
S214012430E86B0020CADE0300315F0020F5DE0300F2
S214012440B4580020F4400020E093040008B5064983
S214012450002004F051FE0548FFF736FDBDE80840B0
S21401246000210846FFF7ACBF39DF0300F440002027
S214012470814237B50346154608D2002000910F4A1F
S2140124800F4904F039FE002003B030BD0C1A224675
S21401249000200C4904F030FE40F6BB5322460020D3
S2140124A0094904F029FE4FF47A735C43074B012077
S2140124B09C4294BF2C602B60E6E700BFE5CB03008F
S2140124C04ADF030087DF0300A2DF030080EE360049
S2140124D010B504460820FFF71BFE0D4B3CB91C70D7
S2140124E00021BDE8104006200A4AFFF7BBBE1B7854
S2140124F0092BF5D90A220020074904F0FDFD00202A
S214012500064904F0F9FDBDE81040FFF79FBF00BF84
S214012510315F0020C0270900CEDF03000FE0030073
S21401252073B51F4D2C7834B100201E4902B0BDE8AA
S214012530704004F0E1BD0220FFF7EAFDFF221A4ECB
S2140125401A4B30781A7021F0E6FC0B2807D9204682
S2140125503278174902B0BDE8704004F0CDBD154B86
S2140125601549009301EB0011012319224FF6FD7066
S214012570498805F037FA70B12046104904F0BCFDD1
S21401258000220F4B0F481C700F4B1A7002B0BDE8AB
S2140125907040FFF7FDBD01240C492C70EEE700BF2B
S2140125A0305F002020E00300486C0020476C0020CC
S2140125B02BDE0300B1280100C442002061E00300C5
S2140125C02F5F0020C0270900315F002087E003004D
S2140125D038B5144D04462B78052B21D91249FFF73F
S2140125E05DFC24B918B9114904F086FD0424104B8A
S2140125F0195D21B9BDE838400846FFF769BF032CCD
S21401260006D02B78052B03D006200A4AFFF72AFEB0
S2140126100021094B08461970BDE83840FFF7D0BEC7
S21401262038BD00BF325F0020F4400020A9E003005F
S21401263029560400C02709002F5F002030B5044644
S21401264089B00720FFF764FD052C0AD100222A4B2A
S21401265003A91A7002A804AA01F0FEFD30B10220F7
S21401266045E09CB90122244B1A700224224D287899
S21401267078B1421E504221495041FFF755FC0223D2
S21401268004462B70022C0ED10A200FE0022CE6D154
S214012690EBE7631F5A424FF0050018495A4120F0F4
S2140126A0F2FD0446EEE7032C04D10020FFF770FD8F
S2140126B009B030BD062C06D10020114904F01CFDDE
S2140126C001232B70E0E70F4A0F4B2878002C18BF28
S2140126D013460E490E4A0094002808BF0A460020F9
S2140126E00C4904F009FD201E18BF0120400009B066
S2140126F0BDE83040FFF76CBF2D5F0020F44000209E
S214012700E4E00300DDE00300D6E00300C5E00300DB
S214012710CFE003001FE1030013B51F4C0620FFF7AF
S214012720F7FC2278092A09D900201C4904F0E4FCA8
S214012730042002B0BDE81040FFF74ABF184B1B78D3
S2140127402BB300201FF0A3FD20F096FD68B9FFF71C
S21401275071FD144B196820F086FD02460420002105
S21401276002B0BDE81040FFF77DBD01A820F082FD54
S214012770FF2809D14FF4FA6023780133237002B0A1
S214012780BDE81040FFF704BD0198FFF7EDFC4FF4DC
S214012790FA620320E3E700BF315F00203AE103005D
S2140127A02E5F002004410020F023F0B589B0CDE96A
S2140127B0000334488023002219210078324E334F1B
S2140127C021F065FD0020324904F096FC3246394678
S2140127D003A801F041FD032804462E4D1CD1062610
S2140127E0039A2D49002004F087FC0398FFF7BCFCF0
S2140127F00020396800F0ACFE2E7001F09FF900222F
S2140128000446264B30461A70FFF782FC84BB09B09B
S214012810BDE8F040FFF780BF28BB7268204904F08E
S2140128206BFC214604A8FFF729FB059B72689342BF
S2140128300BD020461B4904F05FFC072305202B70B4
S21401284009B0BDE8F040FFF7F9BE1A462046164922
S21401285004F052FC0523002101202B7009B0BDE8CD
S214012860F040FFF7ADBD0020104904F045FCF1E74C
S214012870042C05D0042009B0BDE8F040FFF7A8BE3F
S21401288009B0F0BD486C0020F4400020044100204F
S21401289072E10300325F0020A3E10300315F0020F4
S2140128A0DEE1030017E203006BE20300A7E2030088
S2140128B0F7B50446876800202378364D012B28702B
S2140128C004D0354B3549187004F016FC26785EBBEB
S2140128D0334B1B78FF2B04D103B0BDE8F040FFF764
S2140128E08DBC304B1B78032B11D82F4C0320FFF7E0
S2140128F00FFC6946208822F067FA002843D02B494E
S214012900208805F0EDF820B12E70FFF777FC03B0B4
S214012910F0BD0124204B26491C7004F0EDFB03207A
S214012920FFF7F6FB2C70F2E7012E25D13B78002B42
S214012930EDD01B4D2B78FF2BE9D1A68802F04AFF7C
S214012940864206D100201B4903B0BDE8F04004F0E2
S214012950D3BB194BA2881B783BB132B11749002073
S21401296003B0BDE8F04004F0C7BB7B6814491B7890
S2140129702B700D4B1A80F2E7032E08D10822684609
S214012980A16808F0A3FF6846FFF70EFFBFE7002324
S2140129902B70A1E72F5F0020305F0020C2E203000A
S2140129A0476C0020325F0020E86B0020B128010050
S2140129B087E00300E2E203002C5F002008E3030047
S2140129C033E303007FB5094B1A78FF2A0AD1187042
S2140129D001F088FB0022064B0DF1060102A81A80C1
S2140129E0FFF74CFA07B05DF804FB00BF486C002007
S2140129F0B2580020152838B517D10C4B1D78A5B94B
S214012A0022F0C8F9C4B2012C38BF01240120FFF717
S214012A107FFB28462246064904F06EFB4FF47A7087
S214012A206043BDE83840FFF7B3BB38BD325F0020D6
S214012A3050E30300034B1B78022B01D8FFF770BD50
S214012A40704700BF325F002070B5284C20F00FFCA5
S214012A502578274EBDB10020264904F04DFB264AB5
S214012A60137801331370002323703378062B0AD1B1
S214012A70BDE87040214B1868B0F5FA6F38BF4FF4C7
S214012A80FA60FFF785BB3378013B082B2CD8DFE8CB
S214012A9003F005090D2B13191D222700BDE8704010
S214012AA0FFF7C8BFBDE87040FFF73ABD00232370AB
S214012AB0BDE87040FFF7A2BB2946BDE87040012083
S214012AC0FFF77EBCBDE87040FFF726BE0220BDE8DA
S214012AD07040FFF7B3BD0120BDE87040FFF7F8BCBA
S214012AE0BDE87040FFF7B2BC70BD00BF2F5F00208D
S214012AF0325F00207FE30300315F0020F0400020BA
S214012B0010B90520FFF764BD034B1B78062B01D1D6
S214012B10FFF79ABF704700BF325F00202DE9F047EC
S214012B208E68054633189A780C46092A8EB008D95D
S214012B300020A34904F0E0FA852420460EB0BDE843
S214012B40F08750B98B899F49895C8B4205D20091E9
S214012B509D4904F0D1FA8024EFE79C4BE7881B8857
S214012B609F4236D09A490978012932D932B13A467C
S214012B700020984904F0C0FA7E24DEE7964B1A70CE
S214012B80934B26791B78052B03D0012B3AD8FFF7F8
S214012B9051FF5EB93146204621F0DFFD034600288D
S214012BA051D030468D4A8E4904F0A6FAD4F80880F2
S214012BB0A48998F8037098F80450002E4CD130463A
S214012BC0884A894904F098FA00210120FFF7F8FBAA
S214012BD04FE00021804B1970072A00F28A8301A377
S214012BE053F822F0812B01002F2D01002F2D01001B
S214012BF0412F0100412F0100412F0100D731010073
S214012C00D7310100022B17D102F0E4FD8742B3D081
S214012C100020764A764904F06FFAFFF781FC46BB3E
S214012C203146204621F099FD034610B36B4A6C49A4
S214012C30002004F061FA1CE06E4A00206E4904F0A0
S214012C405BFA012479E7A3681B78DA06AED432462C
S214012C506A4904F051FAA9E700210AA8FFF70EF91C
S214012C60032F08D95F4B664A66490097002004F097
S214012C7043FA002461E76B1E632B04D9594B604A63
S214012C8061490095F2E7614BE4B2DB5D9C4209D0F5
S214012C90CDE901430020534B594A5D49009704F0A2
S214012CA02BFAE6E757B3A4B222460521404621F0A7
S214012CB06DFCBDF82830834203D04A4B554A56492D
S214012CC0B6E7012F1AD022460721404621F05EFCC6
S214012CD0BDF82A30834203D0424B4E4A4F49A7E7FC
S214012CE0032F0BD122460921404621F04CFC0B9BB9
S214012CF0984203D13B4B474A494999E7642D3FF433
S214012D0063AF22F047F86423C0B2B0FBF3F203FBD3
S214012D1012030133DBB29D42BFF456AFCDE9005337
S214012D200020304B3B4A3F4904F0E6F9A1E7284B27
S214012D301B78052B01D03C4A7FE7EB1CDBB2277BD7
S214012D40F45C44B123460020374A384904F0D4F9EC
S214012D5000210C460BE00F2F0DD8102320463449D6
S214012D600093314A3B4604F0C7F980240121002034
S214012D70FFF726FBE1E60435EDB220462A4A2D4947
S214012D8004F0BAF97A1B7119D2B206A820F082FAB9
S214012D9005443A46E9B2304621F0F5FB264D069A3F
S214012DA02B68264F9A42386001D100284AD124491F
S214012DB000201D4A04F0A0F985240121D7E700BFB1
S214012DC09CE303006C560400B4E30300E86B0020A8
S214012DD0325F0020E3E303002F5F002059E4030085
S214012DE061E40300E9E40300FEE4030027E40300D2
S214012DF034E4030089E4030096E40300B3E403002B
S214012E0013E503001BE5030035E503002F56040018
S214012E1053E50300A8E903008DE50300B7E50300C9
S214012E20DFE5030006E603003AE6030054E6030086
S214012E3083E603009AE60300F440002004410020E4
S214012E40C3E6030000F08EFF3E68B0420AD200F0EF
S214012E5089FF9D4903463246204604F04DF98924F0
S214012E60012184E7079A6B689A4205D12046974A62
S214012E70974904F041F96BE79649097859B19A42A6
S214012E8009D22046944904F037F996210620934A40
S214012E90FFF7E8F95CE7924A924905A801F0DCF9E8
S214012EA0079E48B96A68964206D88F4904F024F905
S214012EB00520FFF7C3FB40E6324600208B4904F0AD
S214012EC01BF939680027002000F042FB00206E60E5
S214012ED0FFF74AF9864B06201F80FFF719F9854B45
S214012EE01F7001F0B1F90646F8B94FF6FF73824A32
S214012EF00AA81188994214BF13463B466A88298856
S214012F0001F012F90AA800F0D7FC58B10AA801F09E
S214012F10DDF938B13046794904F0EEF80420FFF7C0
S214012F2057FB0AE6FFF7F8FB07E6042805D1744BC2
S214012F301921187820F046FDFFE538467149EBE780
S214012F40714B1B78062B01D0704A76E6DFF8A0A1FC
S214012F50EB1C94F80C90BAF80080DBB22EB9304620
S214012F606B4904F0C9F88724E7E5F75C2C1D972F19
S214012F70E4B22FD025D8812F71D0952F67D017BBFB
S214012F80B9F1100F7FF6E7AD31194A460AA820F0CD
S214012F9081F90444E4B221464A46304621F0F3FA68
S214012FA0231DDBB2053416F803A0E4B2A9EB040333
S214012FB05345054666DA009338465346534A554903
S214012FC0C7E5982F43D03B460020504A524904F0AB
S214012FD093F8C8E7B9F10A0F7FF6BDAD1FFA89F776
S214012FE021463A46304621F0CEFA05F1080104465C
S214012FF03A46C9B2304621F0C6FA0AAA0146204628
S214013000FFF736FA08B9454B0A93B9F10C0F12D9F6
S21401301005F10C013A46C9B23046DDF8288021F0A8
S214013020B5FA044602463E49002004F065F8AAF8BF
S214013030004044440A940A9C3A492246002004F07F
S2140130405BF82046FFF7A4F820F01CF911E6364994
S214013050002004F051F80320FFF7BAFA09E6334CD2
S21401306023786BB120F001F950B10020304904F00B
S21401307043F80023237020F005F9FFF74DFBF8E530
S2140130802C49E5E7DFF8A49099F8003043B9FFF73B
S214013090D1F88542034607D01C4A27490095E5E545
S2140130A020F0EAF80128F2D110220D480AA908F00A
S2140130B007FF10B9BAF13F0F42D9144A1F49002041
S2140130C004F01AF84FE700BFE2E603003AE6030011
S2140130D01AE703002B5F00204FE70300C027090013
S2140130E0F440002004410020DEE1030090E70300E5
S2140130F0B2580020315F0020B4580020B2E7030028
S214013100486C0020D1E70300325F0020F7E7030098
S2140131100CE8030039E903001BE90300E09304000F
S21401312047E8030072E8030091E803002E5F0020E1
S214013130ADE80300ECE8030075E90300B1E903001C
S2140131406D4B187099F800304BB120F08EF830B105
S214013150284620F08DF8042807463FF48AAD5146EC
S2140131602846321920F0C7F928B10020634903F038
S214013170C3FF042070E799F80030554463B120F08E
S21401318074F848B1FF2FF4D0012F3FF472AD032F2E
S21401319016D120F075F805462846FEF7E5FF0446E9
S2140131A002460521564820F09CF8564B1B689C4267
S2140131B00AD3204620F09AF90520FFF73FFA58E592
S2140131C020F05CF88046E7E74046FEF7E1FF00287E
S2140131D07FF44FAD51E74C4B1B7803F0FD03082BF2
S2140131E001D04A4A29E5A48935B1F27822B10020F6
S2140131F0474903F081FF2EE7E4B22246F11C0AA8F4
S21401320020F048F8434BBDF828201988054691421E
S2140132100DD04FF6FF718A4209D03C4A00203E4B42
S2140132203E4903F083FFBDF828203D4947E7BDF836
S2140132302A20598891420CD04FF6FF718A4208D055
S214013240324A0020374B354903F070FFBDF82A207B
S214013250EBE70B9A5B689A420AD0013208D02B4AF8
S2140132602E490020304B03F061FF0B9A2F4926E7C9
S214013270A4B2E91C2246C9B2304621F084F9E91D00
S214013280C9B207462246304621F07DF9431C014665
S21401329006D10820FEF73CFF2548FEF779FFE8E453
S2140132A0384606AAFFF7E4F8A8B9214B0693214B46
S2140132B000221978204B18781FF0C8FF069C20467C
S2140132C0FEF766FF224600201C4903F015FF092081
S2140132D0FEF71EFFCDE440F6B733069A9A42E6D8CB
S2140132E040F6B8320020164903F006FF40F6B83320
S2140132F0DCE7812421E400BF315F0020E4E903001C
S21401330007EA030004410020325F002010EA0300B0
S21401331025EA0300F4400020A7E503004CEA030079
S21401332005DB0300D1E5030067EA030064F203004E
S21401333080EE3600476C0020486C00209FEA0300B0
S21401334074EA030008B50420FFF742F90020FEF7EF
S214013350DFFE0023054A19211370054A1370054B39
S2140133601878BDE8084020F02DBB00BF2F5F002075
S214013370305F0020486C002010B5164B164C1A78AA
S214013380164B002053F82220154903F0B5FE21788C
S214013390144B154A0020002918BF1A46134903F09A
S2140133A0ABFE23782BB1124B00201A68114903F0AB
S2140133B0A3FEFEF73FFF0446FEF73CFF0E4B1968DF
S2140133C01FF082FF2246BDE8104003460B4900204D
S2140133D003F092BE325F00202F5F002040560400AB
S2140133E0BBEA030091F1030072F10300C8EA03008F
S2140133F0F0400020E2EA030004410020FBEA03005B
S21401340038B5014604460020FFF788FB054698B10B
S214013410E37C00200A4A0B4903F06EFE2379042B55
S2140134200AD02946204621F098F9034620B100200B
S214013430054A064903F060FE6FF0FF0038BD00BF85
S214013440E5CB030023EB030059E4030061E403002A
S21401345010B51346094A127882420DD163B1084A63
S214013460002014680A46074903F046FE2146BDE8D7
S21401347010400120FFF752BB10BD00BF486C002072
S2140134805444002045EB030010B50D4B1C782CB1BD
S214013490BDE8104000200B4903F02EBE6420FEF765
S2140134A063FE4FF6F0716FF00F02074B0320C3E97E
S2140134B0001222462146BDE81040FEF7D3BE00BFEB
S2140134C0325F00207EEB0300F4400020014B1870B1
S2140134D0704700BF2E5F002000210620014AFEF73C
S2140134E0C1BE00BFC0270900014B1870704700BF5E
S2140134F02B5F0020114B2DE9F04107460D46186859
S2140135000F49101A09681FF0DFFEDFF840800D4EE4
S21401351098F800400346FF2C307004D0A8420AD326
S2140135202C44A04207DB3A460020074903F0E4FD9D
S214013530337888F800303078BDE8F0810C410020FF
S21401354008410020335F0020ACEC0300496C0020EA
S21401355050EA010208D0FF22054B091A1A70054BE2
S2140135601860054B1960704711461046FFF7C2BF39
S214013570496C00200C410020084100202DE9F04F45
S214013580AFB006AD284600F0FDFD0026624FDFF81D
S214013590D091284600F090F9044648B900F0BEFDE7
S2140135A05E490246204603F0A7FD2FB0BDE8F08F26
S2140135B039460020F2B203F09FFD284616A900F016
S2140135C0FFFD044620B15649002003F095FD8FE02B
S2140135D0BDF85820534903F08FFD49462046BDF8F3
S2140135E05A2003F089FD2046BDF85C204E4903F0C1
S2140135F083FD2046BDF85E204C4903F07DFD204644
S214013600BDF860204A4903F077FD2046199A4949DA
S21401361003F072FD2046BDF86820474903F06CFDB3
S214013620204646490DF16A0203F066FD44492046EC
S214013630239A03F061FDBDF85C30D90705D5204615
S2140136409DF890203F4903F057FDBDF85C309A077E
S21401365014D500203C4903F069FDBDF85830B3F598
S214013660807F4FD1002020F0D8FF18B10DF19100D6
S21401367003F0C4FC0020354903F03EFDBDF85C3084
S2140136805B070BD50020BDF8B220314903F034FDAD
S2140136900020BDF8B4202F4903F02EFD062228464F
S2140136A00DF116030AA91FF03EFE044690BBBDF8B5
S2140136B01620294903F020FDDFF8A8A0DFF8A8B0FE
S2140136C00DF12808BDF81610A2B2914210D9B8F82B
S2140136D000205146002003F00FFD0134D8F80420E5
S2140136E05946002003F008FD062C08F10808E9D128
S2140136F06C46204600F05AFD94E80F00013685E836
S2140137000F0046E70123202200200DF1910103F06E
S21401371057FCAFE7114957E7BEEC03008BEE0300F9
S214013720C7EC0300EBEC03001FED030038ED0300CC
S21401373051ED03006AED030083ED03009CED0300E9
S214013740B1ED0300CDED0300E6ED03003503040003
S214013750F9ED030012EE03002BEE03005EEE03000C
S21401376004ED03003CEE03004CEE03002DE9F041AE
S21401377088B004AD044628468846002700F002FDBE
S2140137806E46474507D195E80F0084E80F002046AE
S21401379008B0BDE8F081304600F008FD96E80F005D
S2140137A085E80F00284600F087F801370028E8D1A1
S2140137B0014B0FCBE9E700BFC05804001FB5D0E9A5
S2140137C0023253F8223068461978FFF7CFFF684671
S2140137D000F07CFD48B1042809D1074A00200749BA
S2140137E003F08AFC05B05DF804FB054AF6E7002005
S2140137F0044903F081FCF5E72DF80300A6EE03006B
S214013800DDF10300B2E7030010B5D0E9023203EBA5
S2140138108201496853F8223098B00C6804A81978D8
S214013820FFF7A4FF03AB40220093214608AB04A890
S21401383000F0E2FC024628B100200E4903F05CFCD1
S21401384018B010BD039808A900F007040122C0F3C0
S214013850C70003F0FBFB039908A8091B01440648AF
S21401386001232246008803F0ABFB044803F0E4FB87
S214013870E6E700BFB6EE0300D0580020350304008B
S214013880F0B504460D460B4BEF880FCB84E80F00CE
S214013890AB882E899B0741BFD5F83900D5F83D1076
S2140138A004F1080303C3EA68204627806680626045
S2140138B0F0BD00BF78560400102208B5034908F091
S2140138C0FFFA003818BF012008BD00BFC058040029
S2140138D008B521F0BDFEC288FF219208012A38BF33
S2140138E0012202481FF0ADF8012008BD1C4100204E
S2140138F038B5134690B10120274A1070274A002098
S2140139001160274A13600A46264903F0F5FB02F0C8
S21401391043FB254B1870022002F044FB21F0B3FE56
S214013920E8B91D4D1D4C2B782BB921F091FE22686C
S214013930C368134423601A4B24681B689C4229D22F
S21401394021F086FEC168204606F022F800240246D1
S2140139502C7050B921F097FEFFF7BAFF03E0FFF78E
S214013960B7FF0028DDD0012038BD20460F4903F0FF
S214013970C3FB0D4B187802F015FB00200C4903F031
S214013980BBFB00F091F908B900F0AEF92046FFF74D
S214013990B7F8E8E70124ECE7355F00201441002082
S2140139A010410020DDEE0300345F002009EF030024
S2140139B029EF030038B500F04BFA044600F042FA4E
S2140139C0241A21F045FE054618B9B1211B4827F0F7
S2140139D06CF8AB8803F00303032B03D0B22117481E
S2140139E027F063F800F02EFA05461FF00FFD0123BD
S2140139F08340013B2B4203D0B421104827F055F8F1
S214013A001FF004FD01238340013B234203D0B5216F
S214013A100A4827F04AF805F091FD05461FF0F6FC26
S214013A204FF48063B3FBF5F3C440A34205D2BDE86F
S214013A303840BA21014827F038B838BD3FEF0300B7
S214013A40FF2108B504481FF00DF8BDE80840002224
S214013A5011461046FFF74CBF1C410020F7B504463F
S214013A600E4600F089F8054621F0F2FDC3682B44A6
S214013A709C4220D31FF0CAFC2C44C440013C114F89
S214013A803B68DEB1A34219D101340023ADF80430FE
S214013A9000F0E4F9054605F051FD103504FB00542D
S214013AA005F04CFD01A90246204605F099FD1FF0E0
S214013AB0BDFC386004E04FF0FF34E0E7A342E4DBEE
S214013AC003B0F0BD106800204FF0FF320A4B10B56E
S214013AD01A600022094B1A7000F0B4F9044600F08F
S214013AE0B7F9214602460120FFF702FF00280CBF66
S214013AF00120042010BD00BF10680020365F0020A2
S214013B0038B500F0D1F808B9002038BD094D0A4C87
S214013B102B7823B91FF08AFC012320602B702468C0
S214013B201FF074FC01348440EED000F025F82044E8
S214013B30EBE700BF365F00201068002070B50D4C23
S214013B402368002B01DA012070BD00F07BF90546E1
S214013B5021F07EFD2468C6681FF058FC013404FA83
S214013B6000F1294401208A19FFF7C2FE0028EAD095
S214013B700420E9E710680020024B18680C301FF09B
S214013B8085BC00BF14680020FF2307B50021044A46
S214013B9004480093FBF78AFC03B05DF804FB00BF02
S214013BA0413A01001C4100200E4B70B51C680546C9
S214013BB0036804F582641C440E46FFF7DDFF2B689C
S214013BC0834208D232681A44824208D9C31A0120B5
S214013BD033602C6070BD044A126813441C1A00201E
S214013BE0F7E700BF14680020184100202DE9F04FC8
S214013BF0B3F5803F87B00F469846019003D3002067
S214013C0007B0BDE8F08F03A904A8CDE90332FFF79A
S214013C10CBFF0024824600F10109DFF888B05FFA85
S214013C2089F9019BDDE90356AAB27BB130461099AA
S214013C3021F015FD0028E2D1B9F1020F2BD1DBF8F6
S214013C4000300493019B03BB2F4421E039463046E4
S214013C5005F0C6FC0028D2D1BAF1000FECD0002C3A
S214013C60EDD105F06BFC2E44B6FBF0F303FB1060C0
S214013C700028E4D005F062FC05A90246304605940A
S214013C8005F0AEFC0028DAD0B9E7109B2B44109360
S214013C90A8EB05050395631C4B454FF00104C0D303
S214013CA02046ADE7184100207FB56B460C4A1068E8
S214013CB0516803C390680C2218600A4B0DEB020191
S214013CC0186821F0CCFC0C2268460DEB020108F0C6
S214013CD0F7F8B0FA80F0400907B05DF804FB00BFC2
S214013CE088560400146800201FB5084A01AB106806
S214013CF0516803C3906801A91860054B0C22186827
S214013D0005F06EFC05B05DF804FB00BF88560400A4
S214013D1014680020F7B5044615460E4681B9072AF1
S214013D2003D80024204603B0F0BD0D4B80791968F6
S214013D30E379063000EB03200C3180B21FF0B0FBB4
S214013D40002721462B46324638460097FFF74EFF9E
S214013D5004460028E5D039467019FFF77FFEE1E7F3
S214013D6014680020024B1868A0F50060704700BF79
S214013D702068002010B58AB0684606F015F810F0E5
S214013D80FF0027D1009BFBB1174C01A9206005F06D
S214013D9083FF10F0FF001DD12268009B9A4204D3D6
S214013DA04FF4DD71114826F080FE019B104A11493F
S214013DB01360029A13440B600F49A3F500630A606F
S214013DC00E4A1360009B63B940F2CF11074826F0F4
S214013DD06CFE06E0044A034612680020084903F018
S214013DE08BF90AB010BD00BF18680020F2EF03007F
S214013DF0184100201C68002020680020146800205C
S214013E009AF0030008B5FFF7B5FF21F021FC50B189
S214013E1021F01EFC064B02691B689A4203D2B321AD
S214013E20044826F042FEFFF7C5FD012008BD00BF8D
S214013E3020680020F2EF0300014B1868704700BFAE
S214013E4018680020014B1868704700BF1841002011
S214013E50014B1868704700BF1C680020014B1868AA
S214013E60704700BF1468002010B5FFF749FE0446EE
S214013E702849002003F040F90020274903F03CF9C7
S214013E800020264903F038F90020254903F034F9CB
S214013E90244B00201A68244903F02EF922462349B0
S214013EA0002003F029F9FFF767FE214902460020AA
S214013EB003F022F91F4B00201A681F4903F01CF972
S214013EC01E4B1F4C1A6800201E4903F015F9226884
S214013ED000201D4903F010F94FF4806200201B49B1
S214013EE003F00AF9226800201949103203F004F998
S214013EF02268002017490C3203F0FEF822680020E1
S214013F00154902F5826203F0F7F8BDE8104005F0A6
S214013F1049BA00BF19F1030056F1030075F1030019
S214013F2095F1030018680020C0F10300DFF10300DB
S214013F3002F203001841002025F203001C6800204D
S214013F401468002048F203006BF203008EF20300AF
S214013F50B1F20300D4F20300F7F203002DE9F041B9
S214013F6094B004460D460020482102AA1FF0A9FA83
S214013F7018B9534903F0C0F819E060220021204621
S214013F8007F052FC04224F4902A807F099FF90B1AE
S214013F906DB19DF80B30002001939DF80A309DF815
S214013FA00820009348499DF8093003F0A5F8012040
S214013FB014B0BDE8F081BDF80C20B2F5807F2280F8
S214013FC003D0424903F098F8F1E7BDF81420BDF894
S214013FD00E102281DDF816206180E2600499BDF89A
S214013FE01A206160228284F8320007AD04F11202C1
S214013FF00FAE2B4603CBB342106051601D4602F153
S2140140000802F6D10F9B324A63631360314B1022CC
S2140140101846002107F008FCE288A388028022895E
S2140140204280E26842600BB90020C1E700263546AF
S214014030A388D90709D536B105F150026A4412F8AA
S214014040482C84F838200135EDB29A0714D520881B
S2140140501FF04DF907466EB102AB03EB05080246A9
S214014060414604F1390007F06FFD3A4641461A48C9
S21401407007F06AFD2F44FDB2A3885B070DD556B144
S21401408005F150036B4433F8482C33F8463CA4F84A
S2140140905A20A4F85C300435EDB2002EC4D1482D68
S2140140A002D930460D4965E72946382002AA1FF095
S2140140B008FA08B90A495DE738250126B8E700BFBE
S2140140C01AF30300945604004CF3030082F3030032
S2140140D03C41002040410020484100209DF3030060
S2140140E0EDF3030030B50B4C99B025786DB9FFF7A9
S2140140F089FE68B129466846FFF730FFB0FA80F0BE
S214014100054B4009187001232370002019B030BDFB
S2140141100120FBE7375F0020385F0020014B18784D
S214014120704700BF385F002070B51E46134B04462B
S21401413018881D46884298B002D15B88934206D003
S2140141400F4B0FCB84E80F00204618B070BD96B118
S21401415000216846FFF702FF0028F1D1BDF80430C0
S2140141605B0708D53388BDF85A209A42E8D8BDF8CF
S2140141705C209A42E4D395E80F00E3E74041002033
S214014180C0580400064B10B51B7804462BB9054BE6
S2140141900FCB84E80F00204610BD034BF8E700BFA5
S2140141A0385F0020C05804004041002010B5044686
S2140141B0024B0FCB84E80F00204610BDC058040008
S2140141C00B4B10B51B78044608467BB10021FFF760
S2140141D0C5FE48B910222146064807F071FE003890
S2140141E018BF0120C0B210BD0120FBE70120FAE78D
S2140141F0385F0020404100202DE9F0410E469046F0
S2140142000E4910221F4607F05BFE044670B90C4BA0
S2140142103A461D683046AD1B454528BF45462946EA
S2140142201FF04FF928B9074902F066FF0120BDE8E3
S214014230F081069B20461D60F9E700BF4041002043
S2140142403C410020EDF303000022024B1A70FFF7F9
S2140142503BBC00BF385F00202DE9F0419CB00F4603
S21401426016468046FFF74CFC0546024615490020D7
S21401427002F042FF382D20D9012104A8FFF76EFE77
S2140142800446D0B9119B04A93B606F463846FFF738
S214014290F7FA97E80F0086E80F00119BAB4297BF2D
S2140142A001210324084AC8F8003094BF1170C8F8E9
S2140142B0005020461CB0BDE8F0810022024B0124CC
S2140142C01A70F6E71FF40300385F002070B5084D3A
S2140142D000262B7853B1FFF7F7FB04461022002186
S2140142E004482E7007F0A0FA204670BD3446F5E764
S2140142F0385F00204041002008B50020064902F042
S214014300FBFE064B00201A78054902F0F5FEBDE8D3
S2140143100840FFF7A9BD00BF3EF40300385F002048
S21401432068F4030003460120024AC3E90320002281
S2140143301A7070470100FEFF2DE9F0410024264E59
S214014340264FDFF8A88088B000F0D4F9A5B28542E0
S21401435002D308B0BDE8F081284603A91FF0E7F8AC
S214014360A2B23146002002F0E1FE9DF80D2012B304
S2140143709DF81210BDF81030402914BF6E21792126
S2140143800020CDE900313946BDF80E3002F0CEFEF0
S214014390BDF814201AB10020114902F0C7FE9DF89D
S2140143A00C00BDF8182070B9079B0E490093BDF8A4
S2140143B01A3002F0BBFE00200B4902F09DFE0134CC
S2140143C026F080FBC0E7BDF81C3041460093002074
S2140143D09DF81A30EDE700BF81F4030087F403006F
S2140143E0AAF40300B4F4030035030400DBF403006D
S2140143F010B500F0ABFABDE810400346024A0020B3
S214014400024902F079BE00BF03F503003ABD03007E
S214014410D0E9023253F8223010B5188800F086FA37
S214014420BDE810400346024A0020024902F064BE7D
S21401443009F503003ABD030010B5D0E902320024A5
S21401444086B08DF8044053F8221003EB82030978F6
S21401445001A88DF805105A681288ADF806209A68EA
S2140144601288ADF80820DA681278ADF80C40A2423E
S21401447014BF402280228DF80A201A691288ADF8EE
S21401448010205A699B691288ADF812201B680593A3
S21401449000F0D0FB034A03460349204602F02CFEF7
S2140144A006B010BDA5D303003ABD030038B50024FD
S2140144B0064D26F0F3FA45F824000634C02CF8D150
S2140144C00020BDE83840024902F016BE80100020E8
S2140144D010F5030030B5002087B0204902F00CFE2D
S2140144E000201F4902F008FE00201E4902F004FECB
S2140144F026F0D4FA00240546A0B201A901341FF023
S21401450016F8202CF8D126F0C9FA1749421B0020CC
S21401451002F0F2FD1549002002F0EEFD26F0BEFA8B
S2140145200446012000F09EF826F0B8FA0E49021B58
S214014530002002F0E1FD0E49002002F0DDFD26F02C
S214014540ADFA04461EF0E4FF26F0A8FA021B00208E
S214014550054907B0BDE8304002F0CEBD3CF503008A
S2140145606BF503009BF50300B8F50300C7F50300E0
S214014570E1F5030010B50C4603F022FD08B9032C43
S21401458012D101F0FFF804280ED001F0FBF805283F
S2140145900AD0064802F060FC1C2801D11FF065FF16
S2140145A0BDE8104002F068BC10BD00BF1B3503001B
S2140145B02DE9F04F00274FF0FF36DFF8A4B0264C68
S2140145C087B0BBF80030B8B2834209D8731C3BD021
S2140145D03246FF21214807B0BDE8F04F1EF031BA40
S2140145E001A91EF0A4FF9DF8050001F001FFF8B136
S2140145F09DF80480B8F1000F1AD1BDF810A0BDF8DF
S214014600129026F04BFA18210246BBB24B43E01833
S214014610E158007C4FF47A73A2EB010C50B103FB16
S2140146200AF363450ED30B44981A864228BF064602
S2140146300137C6E74D466B43FAD06345F5D31944B7
S214014640881AF2E74046F0E7FF21044807B0BDE8C4
S214014650F04F1EF007BA00BF801000205041002026
S214014660B65800202DE9F041014688B058B102281D
S21401467010D01EF076FF78B3D221194808B0BDE8F5
S214014680F04126F012BAFF23164A17480093FAF7AC
S2140146900DFFEEE700244FF001082746134EA5B2A2
S2140146A0284603A98DF80D701EF041FF9DF80D00F8
S2140146B068B101F09DFE20B19DF80C300BB986F86B
S2140146C010800134202C06F11806E8D12546084B47
S2140146D01D80FFF76DFFCCE708B0BDE8F08100BF95
S2140146E001F60300194A0100504100208010002005
S2140146F0B6580020014B1888704700BFB6580020F6
S2140147002DE9F04F634A077D89B0044662490020CF
S21401471002F00CFD00201FF080FF20B12368218AE3
S214014720588803F09BFC00205C4902F0E5FC637DA1
S214014730DFF87491002B236808BF08205988574B6F
S21401474018BF00200093228A4FF0090314BF4FF0D0
S21401475080084FF0400802F02FFBA289BB1C934251
S2140147600CDB1FF0F4FF034620B100204C4A4D49F4
S21401477002F0C2FC012009B0BDE8F08FA068791CE8
S21401478089B2C55D1FF002FF0337012D0646BFB291
S21401479013D82368324659885879238A00934346AA
S2140147A01FF03EFB824600283ED1862002F0CCFB5D
S2140147B0284602F0C9FB304668E08520F6E703A9E3
S2140147C01EF0B5FE9DF80C30AB4223D123689DF850
S2140147D00D105A7991421DD1BDF80E105A8891429A
S2140147E018D1BDF81020B24214D19DF812204245CE
S2140147F010D1BDF81410228A91420BD1002D38D069
S214014800BDF81810E288914204D19DF81A201B7950
S2140148109A422ED00BF1010BB9F800305FFA8BF0FB
S2140148208342CCD88B20C1E74FF0000BF4E79AF80F
S214014830020002F089FBBDF818001FF06AFEBDF801
S2140148401A001FF066FE9AF8020003F027FE002801
S21401485083D19AF8020001F09DFC0546079E002DC3
S2140148603FF47BAFF0B2013D02F06EFB360AEDB2CB
S214014870F5E7002002F068FB284602F065FB3046AB
S2140148801FF047FE012DD2D1BDF81C001FF041FEDE
S21401489063E700BF90F6030062EA030035030400F5
S2140148A09DF60300BAF60300B65800202DE9F04342
S2140148B091B0694680461EF03AFE0023194F8DF8E6
S2140148C001303888431E98B28045388009D1694640
S2140148D040461EF034FE68461EF018FE11B0BDE8D4
S2140148E0F0834FF0180905A91EF021FE0E4C3E88F4
S2140148F00AAD09FB06460FCE0FC596E8030009FB75
S214014900084485E803000AAE404605A91EF017FED6
S2140149100FCE0FC495E8030084E803006946388883
S214014920D7E700BFB65800208010002008B5064B18
S2140149301B88834205D9FFF7B9FFFFF739FE002030
S21401494008BD2720FCE700BFB658002038B5074D44
S2140149502C882CB9FF2106481EF084F8204638BD65
S214014960601E80B2FFF7A2FFF2E700BFB658002034
S214014970504100202DE9F3479A4618239DF82890C8
S214014980244FCDE9001203FB09731446D3E9022331
S2140149901FF0BCFF064620460D4603F07FFD04F0DF
S2140149A0FD03382B80460FD1009432462B4600215A
S2140149B0DAF810001EF0E6FDB8F1010F1BD1354301
S2140149C01ED102B0BDE8F087392CDAF810300BD1D1
S2140149D007EE906A07EE103AF4EEC77AF1EE10FA97
S2140149E0ACBF01200020E7E79E4275F100032CBF13
S2140149F001200020E0E7B8F1000FE2D10028E0D066
S214014A00182303FB097701233B7402B0BDE8F04786
S214014A10FFF7CEBD801000202DE9F04F00252E4671
S214014A20A846AA462C46DFF8BC91D1B0694BA8B27D
S214014A301B88834209D81CB161882079FFF79AFD4B
S214014A40FFF7B6FD51B0BDE8F08F0BA91EF06FFD64
S214014A5026F024F81823AFB27B4309EB030B59F871
S214014A60033005909DF82D00049301F0C1FC002849
S214014A7000F0AE809DF82C10002940F0A980DDE9F9
S214014A800432D01A4FF47A72BDF838305343834259
S214014A9000F29E809BF8103043B9BDF83A30002BE7
S214014AA000F096805343834200F29280FD23002259
S214014AB0CDE9013210AB00930DF119020DF11A0385
S214014AC0E9B20BA8EFF704FC002877D1BDF81A303D
S214014AD0DA1C0493D2B214B33F4B9DF82D101B88F9
S214014AE013442279914214D1BDF82E106288914266
S214014AF00FD19DF83220B8EBD21F0AD1BDF8342071
S214014B00524506D1B3424DDD0020344902F0F4FA95
S214014B1001E0B342F8DC61882079FFF72BFD02F053
S214014B20E7F904469DF932002D4BC043C00F0093B0
S214014B30BDF834200A23BDF82E10C0009DF832803F
S214014B4002F03AF99DF82D304FF0000B23714FF427
S214014B508A53FF26BDF834A04FEAD818E38007A988
S214014B605FFA8BF020F076F8C0B2B0B99DF81D1050
S214014B709DF82D20914210D1BDF81E10BDF82E20B3
S214014B8091420AD122469DF829109DF81C001FF07B
S214014B90E7FDB04228BF3046C6B20BF1010BBBF1B0
S214014BA0200FDCD1BDF830001FF0B3FC9DF81900D2
S214014BB002F0CAF9049910A802F0DAF918230022C3
S214014BC05F4309EB07031A7425F068FF49F80700ED
S214014BD001352BE7B6580020C058002079F70300AE
S214014BE0350304008010002070B500240126104D06
S214014BF08AB02B88A0B2834204D80AB0BDE87040C0
S214014C00FFF7D6BC05A91EF092FC9DF8150001F031
S214014C10EFFB50B19DF814303BB91A46CDE9013689
S214014C200093E1B205A8EFF753FB0134E1E700BFBB
S214014C30B65800202DE9F0430389DFF858818BB080
S214014C40B8F80090009304468379828841884078BA
S214014C501FF0E6F8002800F09580E78927B1A389C0
S214014C60BB4200F291800027B8F80030BDB2AB42DB
S214014C7014D84D4601264FF6FF73E2899A4226D193
S214014C8046B9B8F80030AB4202D92846FFF70EFE07
S214014C90FFF78EFC00200BB0BDE8F083284605A97F
S214014CA01EF045FC9DF814307BB92268059B5340E5
S214014CB0FF2B0AD86368069E5E4036F07F4604D115
S214014CC0BDF81C2023899A42D5D00137CCE7E2688B
S214014CD09A422BD0002E53D1D4E90323CDE90823E1
S214014CE005A81EF013FC0028D5D1B8F80030AB4259
S214014CF004BF6B1CA8F8003025F0D0FE18236B43C8
S214014D00234AE9B2D050D418002305A81A46CDE9A3
S214014D1001330093EFF7DCFA18B100220023C4E94F
S214014D200223284605A91EF00AFCB1E7234605AA78
S214014D3004F1100C174618685968083303C7634511
S214014D403A46F7D11868386005A81EF0E2FB00283D
S214014D50C0D01F2D1AD800238DF8143063788DF833
S214014D6015306388ADF81630A388ADF81830A379EE
S214014D708DF81A302389ADF81C300028B0D1ABE786
S214014D800020E6E7862086E7872084E7892082E7F9
S214014D9080100020B65800202DE9F04FB04A90F858
S214014DA014908DB00446AF49002002F0BFF90020F0
S214014DB01FF033FC20B12368218A588803F04EF98E
S214014DC00020A94902F098F9637DDFF8B8A2002B0C
S214014DD014BF802340230293236808BF0820598804
S214014DE0A14B18BF00200093228A072301F0E4FF9D
S214014DF000230393A28909F10305954211DB039B66
S214014E0013B9184602F0A0F81FF0A1FC034620B122
S214014E100020964A964902F06FF901200DB0BDE8D0
S214014E20F08FA06809F1010189B210F809601FF03E
S214014E30ADFB3246804603468E490020ADB202F0F5
S214014E405BF98EB1012E00F08A808527384602F084
S214014E507BF8304602F078F840461FF05AFB852F63
S214014E60D2D00123039376E0A06809F10401A28958
S214014E7089B2475D1FF08AFB09F10601A2890490F9
S214014E8089B2A0681FF082FB3A4605900090049B09
S214014E903046794902F030F909F1080938461FFA17
S214014EA089F503F0FBFA002857D1384601F072F96C
S214014EB0294603468146A289A0681FF058FB6F4920
S214014EC08346304602F032F9A1684A462944334601
S214014ED0304602F075F83046634902F00DF9A944F0
S214014EE01FFA89F52368424659885879238A009320
S214014EF0029B1EF095FF18B18378BB4240F0AC8050
S214014F00483FFFB2092F05D840F21133FB40DB07BB
S214014F1000F1A48000238DF81C30236807A85A7975
S214014F208DF81D205B88ADF82080ADF81E30029B01
S214014F30CDF82CB08DF82230238AADF82430049BAE
S214014F40ADF82830059BADF82A30FFF773FE07460B
S214014F5000287FF47BAFA9464CE7B346C2E7294653
S214014F60A289A0681FF012FB4FF0000B024607460D
S214014F704349002002F0C0F809F10509BAF80030EB
S214014F801FFA89F5BAF800201FFA8BF94A4503D8AB
S214014F901F2B31D9892759E7484607A904931EF0E4
S214014FA0C6FA9DF81C20049B012A22D122689DF88E
S214014FB01D00517988421CD1BDF81E0051888842D7
S214014FC017D1BDF82010414513D19DF82210029843
S214014FD081420ED1BDF82400218A884209D1BDF84C
S214014FE02800E188884204D19DF82A10127991425E
S214014FF01BD00BF1010BC5E7012299468DF81C2049
S214015000226851798DF81D105188ADF82080ADF8D1
S2140150101E1002998DF82210218AADF82410E1881D
S214015020ADF8281012798DF82A2007A8ADF82C7053
S2140150301EF06CFA074600287FF408AFBAF8003075
S2140150404846994508BF09F1010307A908BFAAF810
S21401505000301EF074FA7EE78D27F7E68C27F5E61A
S214015060A4F7030062EA03003503040005F8030011
S214015070BAF60300ACF70300C9F70300EAF703002A
S214015080F5F70300B65800202DE9F04F074688468D
S2140150909146002589B09A46BDF848B09DF84C6007
S2140150A0149C224B1A88A8B2824235D903A91EF055
S2140150B03EFA9DF80C201D4BB2BB9DF80D10B9426F
S2140150C032D1BDF80E1041452ED1BDF8101049451C
S2140150D02AD19DF81210514526D1BDF81410594514
S2140150E022D13046029201F055F8A6F14103012B78
S2140150F001460AD820461FF04FFA0D4B0D4A2044B0
S21401510084420CD10421029302ACEDB23246204611
S214015110009503ABFFF72EFC09B0BDE8F08F14F83D
S214015120011F4B405343EBE70135BBE7B658002060
S214015130C59D1C81930100011FB50F4C2478C4B195
S21401514042EA03229DF818308DF8051042EA432200
S2140151500A4BADF80C201A78094B8DF80610079902
S21401516003EB021300908DF80400DB686846029199
S214015170984704B010BD00BF395F00203B5F002098
S2140151807041002073B51A4DFF211A481DF06AFCC4
S2140151902B7853B3184C194E2378180106EB0313DA
S2140151A01A7A5968305C1FF0D9FD4D281DD0E0B140
S2140151B0012300212278CDE900311201B25CC0B290
S2140151C0FFF7BAFF0A2223780A480133DBB2B3FBA2
S2140151D0F2F102FB1133FF2123702B78013B2B7078
S2140151E002B0BDE870401DF035BC02B070BD00BF16
S2140151F0395F0020104200203B5F002070410020F4
S214015200F8B5104F3E780A2E1AD00FC8DFF840C006
S2140152100D4D9CF80040013605EB041585E80F009E
S2140152200A230134E4B2B4FBF3F203FB1244074849
S214015230FF218CF800403E701DF00CFC0020F8BDEC
S2140152400120FCE7395F0020704100201042002059
S2140152503A5F00200021024A0248FAF75DB900BF12
S2140152608551010010420020002337B50C46124D2F
S21401527012492A78CDE9003312018A5C01230146DE
S214015280E0B2FFF759FFA4B90D490A788AB10A209E
S2140152902B78013A0133DBB2B3FBF0F40A70FF213D
S2140152A000FB143307482B7003B0BDE830401DF0F7
S2140152B0D1BB03B030BD00BF3B5F00207041002072
S2140152C0395F00201042002008B500F0BDF850B14B
S2140152D0054B064A0649052808BF1A46BDE8084098
S2140152E0002001F009BF08BD19F8030035030400CA
S2140152F03AF8030008B503201FF04AFD10B9012251
S214015300014B1A7008BD00BF3C5F00200022024B13
S21401531018781A70704700BF3C5F00200246FF21D4
S21401532001481DF08EBB00BF30420020114B37B53F
S2140153301D78C5B9FF2110481DF094FBFFF7DAFF71
S214015340044600900D4B28460D4A0E4901F0D4FE46
S2140153504CB10D4B1B78DB0605D528461FF0F2FC39
S21401536020461DF044FF094B186803B0BDE83040E5
S214015370FFF7D4BF3C5F00203042002057F80300FF
S21401538085F8030044D003002A5F0020246800202B
S214015390FF2101481DF066BB3042002070B51A4E51
S2140153A0054633780C466BB30020184A184901F0BD
S2140153B0BDFE032C01D0652C20D11649002001F03A
S2140153C0B5FE22460020144901F096FE002013493E
S2140153D001F0ACFE012329460822002001F0F0FD71
S2140153E000200F4901F088FE032C88BF00232046C9
S2140153F088BF3370BDE87040FCF7BEB8012CE0D022
S2140154000849DBE770BD00BF3C5F002085F803005C
S2140154102ED4030098F80300E5DA0300B6F803007B
S21401542035030400AEF80300014B1860704700BF57
S214015430246800200021024A0248FAF76DB800BF2E
S2140154402D53010030420020054B10B51C782CB9B5
S2140154500448FF211DF0FEFA204610BD0520FCE79A
S2140154603C5F002030420020F8B50024074B084E70
S2140154701D68084FE3B29D4204F1010400D8F8BD4F
S214015480394656F823001CF0A4FCF3E79474040094
S21401549098740400F068002010B5044C23780BB112
S2140154A01FF066FC0123237010BD00BF4A6C00206C
S2140154B02DE9F743254B0D4616460446019350B198
S2140154C04AB1042301AA12F8011BA94235D0013BB7
S2140154D013F0FF03F7D1212003B0BDE8F08317F8DE
S2140154E0010F90FAA0F0000E1CF0AFFE014608EB8B
S2140154F007039945F3DCCAB2C1F30F2392FAA2F26D
S21401550093FAA3F3120E1B0E03EB0223DB4362197D
S21401551012F8020C99B2DBB298420CD112F8013C97
S214015520B3EB112F07D132462146284603B0BDE81A
S214015530F0431FF085BB2320CEE74FF6FF71671EB1
S214015540A5F10209C4F10108D1E700BF080A0E124D
S214015550014B1870704700BF3D5F0020024B1A6870
S21401556018608260704700BF28680020024B1868E8
S21401557000B14068704700BF2868002070B5044637
S21401558000250A4B1B687BB100211E8807E05A687C
S21401559002EB0110013145B9021B554255418AB251
S2140155A09642F4D89B68EEE7184670BD286800203E
S2140155B02DE9F04F1E46002393B0022E074688467B
S2140155C01446DDF870909DF874A0ADF81A3040F2DC
S2140155D0C08099F800305A0729D5042E40F2B980C8
S2140155E099F804B000255F4B33F83520002A00F007
S2140155F0B68001350A2DF7D1209B002B40F0AD80F7
S214015600FF250023207908AA0DF119018DF819301C
S2140156101EF050FF70B1BDF82C309DF819002380A4
S2140156201EF0CAFF0790C0B113B0BDE8F08F99F81D
S21401563002B0D7E720791EF06EFC0B28059000F229
S2140156408A8020791EF0C9FF07900028ECD1464ACF
S214015650059B02EB03135B8823804FF6FF73002F35
S21401566008BF434662880021CDE9002358465246CA
S214015670238802F0FDFD18B1E38843F02003E380A0
S214015680209B07A90DA8CDE90D34CDF83C90ADF8C7
S2140156904080ADF842608DF844708DF845A01EF04C
S2140156A01CFF08B10798BFE7484602F025FDA01D7C
S2140156B002F010FD2246414638461FF051F8B0422E
S2140156C027D3E3882246C3F30E03E3809DF87C309C
S2140156D041460393BDF87830384602930DF11A031C
S2140156E0CDE90093F3B21EF089F9209B079003B32E
S2140156F0F8B9BDF81A2042B1092D06D81B4B03EBA9
S214015700C5018A80209A43F835201120FAF7CCFB90
S2140157101CE0BAF1000F0AD10DF11A03CDE90063BE
S21401572022464B4641463846FAF7D2FFDDE7382097
S214015730DBE7052807D1E388DB0607D50023012030
S2140157400793FFF705FF079B002BDED01EF039FFFE
S214015750A8E7012068E7212066E71C2064E7EDB290
S2140157604FE700BF58420020C442002054420020A8
S2140157704FF6FF72024B1A805A809A80704700BF1C
S214015780B858002010B5044C2379FF2B02D11FF026
S2140157901DFB2071207910BDB858002010B50C4CA7
S2140157A02379FF2B08D100201EF006FF20B91FF039
S2140157B00DFB20711EF005FF2079022805D0043864
S2140157C0012894BF0020012010BD0020FCE700BF87
S2140157D0B85800204FF6FF7310B5044C22889A4241
S2140157E002D11FF0E9FA2080208810BDB8580020A9
S2140157F010B5FFF7BDFF40F61D439842044607D893
S214015800B0F5416F05D2182826D8152848D829D0D2
S21401581010BDA0F541630D2BFAD801A252F823F072
S2140158206558010065580100115801001158010022
S21401583011580100115801001158010011580100BA
S214015840B5580100C75801006158010061580100B0
S214015850615801006158010040F606439842D7D1CD
S2140158601C4920E0FFF7B6FF1B490246002001F065
S21401587043FC152C05D11FF089FABDE810401EF037
S21401588035BE164B164A1749B4F5416F08BF1A467E
S214015890002001F031FC1EF028FE1EF027FEECE78A
S2140158A01628DDD11049002001F026FCBDE8104085
S2140158B01EF03EBF1EF089F9BDE8104002460B49B6
S2140158C0002001F019BC0020BDE81040084901F095
S2140158D013BC00BF15000400C2FF0300350304001B
S2140158E0BDFF0300DEFF0300FEFF03002A000400E5
S2140158F05200040007B5094A0346108831B9084A20
S214015900084903B05DF804EB01F010BC0091064AAB
S214015910064901F00BFC03B05DF804FBD0580020EB
S21401592041CB030072000400E5CB030044D0030022
S2140159300D4B37B51B68044693B11D780389012DBD
S21401594008BF02250093C37A084A0020084901F0DF
S214015950D3FB2146284603B0BDE830401FF0EEB920
S214015960022003B030BD00BF90430020E7000400D2
S21401597096000400002010B51EF01EFE0D4B1B689D
S21401598063B15A78052A03D862B1052402220AE0D7
S214015990FF2AFAD00020084901F0AEFBBDE810400E
S2140159A01EF00FBE144610461FF024FA20461FF0C4
S2140159B01FFAF3E790430020EC00040013B5134CE4
S2140159C000201EF0F9FDFFF7D3FE23689BB101A866
S2140159D01EF0EEF878B923681A789DF804309A42DA
S2140159E009D0D91E032906D9D11E012903D9012AB6
S2140159F007D1022B05D1032301A8ADF804301FF00F
S214015A00A3F902B0BDE810401EF0DBBD90430020B4
S214015A1000231946034A01330A2B918042F8081BDA
S214015A20F9D17047544200207FB50E4605461FF057
S214015A308DF92A46044603460D49002001F05CFB19
S214015A4096B10C4B36211A889B78ADF80C208DF850
S214015A500E300323002200934FF6FC7003AB8DF843
S214015A600D501FF0C7F80446204604B070BD00BFB5
S214015A700D010400D0580400FF2810B50C4604D1CF
S214015A800020044901F038FBFE202146BDE8104005
S214015A90FFF7CABF26010400F8B51E460B88074665
S214015AA00C461546002B64D14A88B1F90210002035
S214015AB00029B8BF6B78304901F01EFB6288132AB3
S214015AC01DD002F5FF437F339BB2052B23D8A2F5E9
S214015AD00042013A052A1ED8DFE802F0193F1D03ED
S214015AE03C09264A2649002001F006FB13E0254A18
S214015AF02349002001F01AFB2A792349F3E7022EF5
S214015B0094BF4FF6FF72B5F801202049EBE700205D
S214015B101F4901F0F1FA33462A462146384620F05D
S214015B205FF870B933462A462146384620F05AF8BF
S214015B3048F2210362889A4203D1384669781EF0FA
S214015B40C2FC6388B3F5004F02D90820FAF7C6F9FC
S214015B500120F8BD2A790F49C5E70F4A08490020F8
S214015B6001F0E4FA032E94BF4FF6FF726A880B49E0
S214015B70B9E70020EDE700BF6101040089010400D8
S214015B8090010400A1010400A7010400B50104006E
S214015B90CD010400E7010400090204000E0204001E
S214015BA02DE9F04116888AB0DFF88C80ADF80E300A
S214015BB00DF10E03C8F8002015460093324610ABCF
S214015BC007460C46FAF716FE90BB109B8DF824008C
S214015BD00693BDF80E3004A8ADF81C30AB898DF8DD
S214015BE01070ADF820306B890594ADF81E60ADF8E5
S214015BF022301EF070FCD8B921463046BDF80E3072
S214015C00109A01F0C9FF98B921463046BDF80E300A
S214015C10109AFFF741FF58B9CDE900603946204692
S214015C20BDF80E30109A02F049FB08B9C8F800001A
S214015C300AB0BDE8F08100BF50420020F0B585B043
S214015C4004AB03E9030000231C469DF80D609DF894
S214015C500E70154AD9B202EBC1004568EDB99DF840
S214015C600C30284600939DF80A209DF80B300F490A
S214015C7001F05CFA26B1324628460D4901F056FA83
S214015C800C4A0020002C18BF2246BDF808300A49ED
S214015C9005B0BDE8F04001F02FBA12F8311001331B
S214015CA0B94208BF2C46D5E7785804002002040004
S214015CB031020400B0CA0300350204004FF6FF7338
S214015CC010B5084C88B062889A4207D102A90DF136
S214015CD007001DF06BFFBDF810306380608808B0C8
S214015CE010BD00BFB85800202DE9F04F85B0894699
S214015CF092461C460746BDF83850BDF83C80109EBB
S214015D00002833D00346464A0020464901F00EFAE1
S214015D102388002B76D040F20912934274D0424A6F
S214015D204249B3F5827F08BF0A46CDF804806188F0
S214015D30002000913E4901F0F9F9238893B1B8F1AA
S214015D40020F0FD933783B4913F0010F3A4A18BFB7
S214015D500A4659074FF000004CBF3379B3783749EC
S214015D6001F0E4F90020364901F0C6F9002335496F
S214015D7031F83320AA4249D1334A52F833B00023CE
S214015D8031F83300DA00A84246D100202E490A44F1
S214015D90908041F8330047B9238833B9B4F902300B
S214015DA0002B02DB0820FAF77FF80120FAF796F8B5
S214015DB09EB13578EB0710D515F0040004D04246A5
S214015DC0012130461EF0E2FBCDE901704346224632
S214015DD05146484600961EF0FBF8BBF1000F06D070
S214015DE04346224651464846CDE90067D8474346D2
S214015DF0224651464846CDE900671DF0AFFD05B085
S214015E00BDE8F08F114A90E7114A8EE701330A2B5D
S214015E10AED14FF0000BB2E701330A2BB0D1BAE78F
S214015E20EDC103005C020400B1CA03004A0204008B
S214015E306A0204004D020400550204009B0204009D
S214015E403503040058420020544200204302040057
S214015E50470204000D4BF0B54FF00C0C1F880546A9
S214015E6000230B4EDCB2BC4201D30020F0BD0CFB7C
S214015E7004F43019345DAC4205D144888C4202D119
S214015E8004799442F2D00133ECE700BFEA6B0020BC
S214015E903868002073B501262B4D2C4C2A46204627
S214015EA0FF2300210096F9F701FB2A462046FF232F
S214015EB000210096F9F7FAFA2A462046FF23002128
S214015EC00096F9F7F3FA2A462046FF2300210096AA
S214015ED0F9F7ECFA2A462046FF2300210096F9F747
S214015EE0E5FA2A462046FF2300210096F9F7DEFA56
S214015EF02A462046FF2300210096F9F7D7FA2A46BC
S214015F002046FF2300210096F9F7D0FA2A462046BC
S214015F10FF2300210096F9F7C9FA2A462046FF23F7
S214015F2000210096F9F7C2FA2A462046FF230021EF
S214015F300096F9F7BBFAFF232A4600212046009671
S214015F40F9F7B4FA02B070BD8B320300A442002008
S214015F502DE9F84300244FF00C090C4B0C4F1E782A
S214015F60DFF830803A88E5B2954202D33046BDE884
S214015F70F88309FB0585FF21A8681CF081FD18B987
S214015F80AB799E4238BF1E460134EBE73E5F0020E8
S214015F90EA6B002038680020014B1878704700BF74
S214015FA03E5F0020014B1870704700BF3E5F002027
S214015FB0F8B506460C461EF07BFA0546C8B93046CB
S214015FC01DF0A9FF0B2815D80B4B03EB00131F7B05
S214015FD087B95A88012122809A88304662809B7947
S214015FE0237100F037FA39466071304600F032FA14
S214015FF0A07101252846F8BDC442002070B50446AC
S2140160000E4615461DF087FF0B2802D94FF6FF7086
S21401601070BD094B03EB00131A7B002AF6D146B973
S21401602001222946204600F03DFA0028EED00088DD
S214016030EEE7012EEAD1F4E7C4420020FF2313B5B0
S2140160400DF1070104468DF807301EF02FFA18B13E
S2140160509DF8070002B010BD074B03EB04131B7B32
S2140160600BB1FF20F6E7204600F03AF90028F8D0F9
S214016070204600F0E9F9EDE7C442002013B5F6F733
S2140160800BFA0446F6F70EFA22460346124900209A
S21401609001F032F800F084FFFFF7BAFC00F0A6F832
S2140160A00221084602F046FDFFF764FC41F2490072
S2140160B01EF0B2FE4FF0FF130093FF2368468DF8E3
S2140160C004301EF08FFE4FF400401EF06DFE0020DF
S2140160D01EF08AFE02B010BDEA02040038B505467D
S2140160E01EF006FA90B928461EF0B2FD044628B105
S2140160F040F60443984214BF88248D2423462A463A
S2140161000020034900F0F8FF204638BD8D24FBE748
S214016110020304002DE9FF4705460E46174698463A
S214016120BDF83090DDF834A0BDF83840CDF80090C9
S214016130CDE9014AE4B2FFF7D7FD43463A46314678
S2140161402846CDE90094CDF808A01FF012FDFF21E6
S214016150034B044A044804B0BDE8F04700F01ABEF9
S214016160C4580020C058002016610020044B014688
S2140161701888102240F0404040F48010F6F79CBF8B
S214016180CE550400024B18685968FFF757BD00BF8B
S2140161907A9904000123064AD15C814202D1054A5C
S2140161A0D05C704702335F2BF6D10020704700BFEA
S2140161B0D2580400D358040070B500220446094B97
S2140161C01D78094BD0B2854201D8FF2070BD1E78DC
S2140161D0A64204D10029F9D05E7BF607F6D4013237
S2140161E01033EFE73F5F0020C44200202DE9F04165
S2140161F098B06B46304A1068516803C390680CAA81
S21401620018602E4B14469C4603F11806154618686E
S2140162105968083303C5B3422A46F7D112AA17466E
S214016220274B03F11806154618685968083303C545
S214016230B3422A46F7D1234A03AB106851684FF0A0
S214016240010E03C3906871681860DCF83000002204
S21401625006AB03C30C21EC46B068CDE909221860F1
S214016260194BDFF86C801970184B0DEB01060B9279
S21401627006AD09A91CF8010B0132187034F8020B9F
S2140162800C2A588037F8020B83F80DE0988016F830
S214016290010B03F1100303F80A0C15F8010B08EBC8
S2140162A0C00043F8080C11F8010B03F8040CE1D107
S2140162B018B0BDE8F08100BF1C030400425C040076
S2140162C05A5C0400290304003F5F0020C4420020FA
S2140162D03C590400014B1878704700BF3F5F00200F
S2140162E0034B03EB0013587B00F00100704700BF1F
S2140162F0C4420020F0B504460846D9B100220E4B30
S21401630011461F780D4B1D46D6B2B74201D8002064
S21401631010E01E78A64206D09E68F688314489B2FF
S21401632001321033F0E75E7BF607F9D505EB02156F
S2140163300180A868F0BD00BF3F5F0020C442002076
S2140163402DE9F347894690461D46074618B90020B1
S21401635002B0BDE8F0870029F9D0002AF7D0002B5B
S214016360F5D0002400780DF10601ADF80640FFF7E0
S214016370C1FF0028EBD039460DF10602BDF80660D4
S2140163801DF0BEFC07460028E1D00DF10602BDF85F
S21401639006A01DF0DCFC0028D9D0C9F80070C8F8AA
S2140163A00000037913F0200219D1DB0614D4BDF8DE
S2140163B006300C4A564413FA86F612FA86F20BE0B9
S2140163C01A790C33920642BF13F8092C891889B240
S2140163D09842F5D8044A0A4401202A60B8E72146C3
S2140163E0024BF5E762600020405F00207C5B040002
S2140163F008B50021FFF7E0FEFF2817BF044B08464B
S21401640003EB0013587B18BF00F0010008BD00BF66
S214016410C44200202DE9F0410D4616461F461DF0E8
S2140164207AFD0B280AD8074C3B4604EB001032468F
S2140164302946BDE8F04180681DF03ABD0020BDE860
S214016440F08100BFC4420020014B0001185C704778
S214016450C442002070B50C461DF05DFD0B281BD80C
S2140164600F4B03EB00139A68C2B10023142618469B
S2140164701579D9B28D4200D870BD116806FB03119B
S214016480097B34B911F0800F1CBF0130C0B2013353
S214016490EFE711F0400FF7E70020EDE71046EBE7D6
S2140164A0C4420020F8B50D4616461DF034FD0B28F3
S2140164B00BD80F4B4FF0140C03EB00139A68002314
S2140164C01C461779D9B28F4201D80020F8BD106852
S2140164D00CFB0300017B46B911F0800F03D0AC42E0
S2140164E0F4D00134E4B20133ECE711F0400FF5E7E4
S2140164F0C44200202DE9F04F064600243A4B87B0EF
S2140165001B783A4F0093009B9C4207D2FF2E08D07F
S21401651030461DF000FD0B28044606D907B0BDE83D
S214016520F08F07EB04131B7B2BBB23014FF00008F6
S214016530019307EB041A14E014221B6802FB0535CD
S2140165402B89B3F5967F01D924F0BCFA4FF00009E8
S2140165504FF00C0B29891FFA89F291420ED808F1E7
S2140165600108019B5FFA88F5FB189B681A79AA4215
S214016570E2D8FF2ED2D10134E4B2C4E71FFA89F083
S2140165800BFB00F06B6819180A7912F0100F23D173
S2140165909AF800E012F0400F8DF80CE0B5F800E034
S2140165A0185AADF80EE00CBF4FF0400E4FF0800EBB
S2140165B0ADF8120028468DF810E01DF06DFB53076C
S2140165C0ADF81400C8780AD50228896800D9096888
S2140165D0002203A81DF03CFC09F10109BAE70228D4
S2140165E08CBF89680831F3E73F5F0020C442002072
S2140165F0052370B5094A06881488B44208D19578EF
S214016600047B2C403F2C03D90D4201D0506870BD4D
S214016610013B02F10802EFD11846F8E7EC5B0400F3
S21401662070B50024074D084E2B78E0B2834200D89F
S21401663070BD06EB0010437BDB0701D51DF04AFD5C
S2140166400134F1E73F5F0020C4420020F8B50C4654
S21401665000210546FFF7B0FDFF2829D0154A06019F
S21401666002EB00135B7B03F001016CB143F0010305
S2140166701644A142737305D0C4B100B202EB0010F8
S2140166801DF028FD0120F8BD2346F1E77B43116884
S2140166902846CA18127BC95AD2091DF087F9013457
S2140166A0B268E3B211799942F0D8EBE71427F7E71D
S2140166B00846E8E7C4420020F0B59446497D20B379
S2140166C039B3012918BF042100254FF6FF702F4664
S2140166D02A46144E3488644511D196F803E01EEA22
S2140166E0010F0CD0B4789C4209D30AB1BC4206D83B
S2140166F01EF0100F03D08AB1BC420CD370B901351D
S214016700072D06F10406E5D1F0BD002908BF0821D2
S214016710D8E70221D8E727460020F0E727460122DE
S214016720FAE700BFD05B04002DE9F04F0A9FBDF8E1
S21401673024E09DF82C809DF830904C7D78B394B37E
S214016740012C18BF04240025194800F11C0C0688EA
S21401675096421ED190F803B01BEA040F19D0867832
S214016760464516D31BF0100F91F80FA004D0BAF1CE
S214016770000F0ED0B1F810A0BAF1000F09D1A9454B
S21401678013D0AE4511D95E553E88013501363E809F
S214016790ADB204306045DAD10120BDE8F08F002C9F
S2140167A008BF0824CDE70224CDE70020F5E700BFA7
S2140167B0D05B04002DE9F04F0024B1F57C4F0E4666
S2140167C038BF4FF0010BA246A1464FF6FF781F4691
S2140167D028BF274B85B028BFB3F800B000900192C0
S2140167E05C4503D3404605B0BDE8F08FB6F57C4F57
S2140167F00CD3204B3A4603EB840331465B88009862
S214016800FFF708FE054680B300232AE03A463146E4
S21401681000981DF0B0FBF5E70C229CB254436A6861
S2140168200199105B02EB040C884219D3B9F1000FF1
S21401683001D0504514D861462846CDE902321DF0F4
S2140168402BFA029B60B1039A125BB9F1000F03D0D9
S214016850524501D3804503D9924680464FF001093F
S21401686001332A899CB2A242D6D80134A4B2B7E732
S21401687032590400345904002DE9F04F91461A4666
S21401688000238BB08DF82020BDF850208DF81C0019
S214016890ADF81E10ADF8242005460F461A4604A989
S2140168A007A8159C9DF858609DF85CA09DF860B0FF
S2140168B09DF864800493ADF822901DF075FA049853
S2140168C050B92B46CDE90079644A654900F014FCBD
S2140168D086200BB0BDE8F08FBAF1000F14D1837893
S2140168E0B34206D050465D4A5E4900F005FC8D2055
S2140168F0EFE7037913F0010306D11846574A5A49C0
S21401690000F0FAFB8820E4E703795B072CD583685F
S2140169105A689B680592069380781DF0D9FF049B00
S2140169200546DF782146022F03463A4610D805A8C9
S2140169301DF08AFF81462B463A46214606A81DF0E1
S21401694083FFB9F1010F01D001300DD18720C0E7D7
S21401695005981DF079FF0128F8D02B463A462146C6
S21401696006981DF071FFEFE7BBF1000F6FD1049F92
S2140169704FF6FF722146B8781DF02CF900286BD02F
S214016980BDF82430C5B20093CDE902549DF82030FD
S214016990BDF82220BDF81E109DF81C0001961DF0C2
S2140169A096FD002895D1BDF82430CDE90254009318
S2140169B0BDF822209DF82030BDF81E109DF81C0061
S2140169C001961DF061FB002883D121469DF86820C1
S2140169D007A81DF03DFA00287FF47BAFB8F1000F41
S2140169E007D03B462046BDF81E209DF81C101DF022
S2140169F0D2FABDF82430BDF82220BDF81E109DF84D
S214016A001C000093CDE901649DF82030FEF73CFBA5
S214016A10BDF82430BDF82220BDF81E109DF81C00DC
S214016A200093CDE902549DF8203001961DF04EFDED
S214016A30BDF82430BDF822200093BDF81E109DF845
S214016A4020309DF81C001DF0F7FA002041E70020D9
S214016A50064900F051FBF8E701203AE73603040047
S214016A60420304006E03040082030400960304003C
S214016A707FB500258DF80830BDF820308DF804006C
S214016A80ADF80610ADF80A20ADF80C306946BDF831
S214016A902830099A01A80B9E00951DF085F9044639
S214016AA030B916B1009B9B783370204604B070BD98
S214016AB08928FAD12846024900F01EFBF5E700BFF7
S214016AC0B30304002DE9F04F4FF0000AC7B0FFF7FB
S214016AD001FC5FFA8AF6B04202D847B0BDE8F08FF3
S214016AE05B4B36019A5D00205A4900F005FB0020F9
S214016AF0594900F001FB00230593554B9DF81440BE
S214016B0033449B681A79A24202D80AF1010ADEE7E9
S214016B1014224FF000091B6802FB043422891FFA75
S214016B2089F39A4202D8059B0133E5E70C231FFA45
S214016B3089F803FB08F8D4F804B023F0C3FF0BEB85
S214016B4008052B79454913F0400F3BF80830228899
S214016B504FF000000093424B18BF0B46414900F02E
S214016B60E5FA294620461DF097F8074600283CD14D
S214016B703D4900F0DBFA2979DFF814C111F0010F65
S214016B803A4818BF604611F0020FAA78EB7832D166
S214016B90DFF800C111F0100F354918BF6146CDE985
S214016BA000010020334900F0C1FA2B793BF8082098
S214016BB013F0400F4FF0000B4FF0FD030DF11808D6
S214016BC02188CDE9023BCDE9007821480CBF40235E
S214016BD08023805DFFF74CFF86280ED126490020D2
S214016BE000F08AFA09F1010998E7024623490020D4
S214016BF000F09CFABFE72249D1E7A8781DF03CF8DF
S214016C00D8B140461DF0C8FC421C92B20123414651
S214016C10002000F0D5F93946208801F001FA4FF638
S214016C20FF73984207D0174B174903EBC0035A6806
S214016C30002000F061FA1549D1E7A8781DF022F886
S214016C4020B140461DF0ADFC821CDEE7EA78DDE7A8
S214016C50C44200200504040013040400DD030400FC
S214016C60E20304005304040096F50300EA0304005B
S214016C70ED030400670404008304040024090400EF
S214016C80F5030400BC5C040070D403003503040063
S214016C90E7030400FD0304002DE9F04FC7B0BDF87B
S214016CA044A10646BAF1040F0D4614461F46BDF828
S214016CB040B163D9CDE9013B00920B46024630490B
S214016CC0002000F019FAFD230DF117090DF118083F
S214016CD03046029322463B462946CDE900B8CDF818
S214016CE00C90FFF7C5FE0646B8B9FD22414699F855
S214016CF000001CF06FFF0746C0B1AAF104038342EF
S214016D0038BF892620461DF004FC8EB1304600F0BF
S214016D101BF9304647B0BDE8F08F009023462A465F
S214016D200020184900F0E8F90027EBE78926E9E793
S214016D30DFF85CA0BA1CBAF80030C3F1FF039A4230
S214016D4019DA304600F000F999F8000000F0FCF876
S214016D50BAF800900C483A4641464844B94404F013
S214016D60F3FEAAF8009023462A46304607490097C4
S214016D7000F0C2F9CDE7892000F0E6F88926C8E7D9
S214016D808F040400CA04040016610020F104040004
S214016D90C058002010B5044C206004480180044906
S214016DA00A60044A136010BD8C430020BE580020C0
S214016DB0884300208443002030B587B00AAC0D46D6
S214016DC054F8041B0093CDE9011413460949024601
S214016DD009480988006805941DF09DFA4FF48A5207
S214016DE0064B1B681880064B1B685D80DA8007B06F
S214016DF030BD00BFBE5800208C43002088430020D1
S214016E008443002008B410B587B009AB0C4653F88C
S214016E10041B0092CDE9011302460B490B4805936A
S214016E200988002300681DF076FA4FF48A52084B51
S214016E301B681880074B1B685C80DA8007B0BDE8CA
S214016E40104001B0704700BFBE5800208C430020A0
S214016E508843002084430020044A034611680448FE
S214016E60044A0988126800681CF02EBD8843002079
S214016E70844300208C430020044B054A1B6812689B
S214016E801988044B18681CF092BC00BF8843002088
S214016E908C4300208443002007B5074B1B681B88E2
S214016EA00192064A12680092054A12681CF0E0FC3C
S214016EB003B05DF804FB00BF884300208C4300202C
S214016EC0844300201FB51446064A12681288CDE98D
S214016ED001430091044B05491B6809681CF0A4FC9A
S214016EE004B010BD884300208C430020844300205A
S214016EF0014B1868704700BF84430020024B1B6893
S214016F0018715971704700BF8443002010B50024E2
S214016F10084B1C70FEF75EFC074BFF2218802146CB
S214016F20064804F081FC064B1C80064B1C605C6026
S214016F309C6010BD20620020C2580020166100200F
S214016F40C0580020C458002007490B88FE2B9FBF5D
S214016F50064AD054581C80B29DBF088000F1FF300D
S214016F6080180020704700BFC0580020166100201E
S214016F70F8B5094F0D463B885C18FE2C0ADC074E17
S214016F800A46A4B20146F01804F0A0FC3C80641B3B
S214016F90A019F8BD0020FCE7C058002016610020AB
S214016FA0024B034A00201A60704700BF904300203E
S214016FB038590400014B1878704700BFC4420020BE
S214016FC030B4044D044C002B0CBF2B46234630BC7A
S214016FD01DF00BBBDDC20300C405040070B50546F9
S214016FE008460C461DF0D8FA611C0246024B28469C
S214016FF0BDE870401DF0F9BAE30C040000B5037853
S21401700089B0069343783E22059383780849049312
S214017010C3780393037902934379019383790093A9
S214017020C3790448008800F081F809B05DF804FBD4
S2140170301F050400D0580020024B0246024918885A
S21401704000F05AB8D058002049C903002DE9F0478E
S21401705005460E4617460024DFF84480DFF844A0B4
S214017060DFF84490AC4201D1BDE8F087B8F80000E3
S21401707006EBC401534608221DF0B7FA0134B8F8EE
S21401708000003FB9044AA54208BF4A46034900F03A
S2140170904DF8E7E74A46F9E73503040048C9030017
S2140170A0D0580020C405040011B203002DE9F041B8
S2140170B00E4E044630881DF0B0FAA8B100250C4FDC
S2140170C0DFF83080E3070AD518B94146308800F06A
S2140170D02DF830882A46394600F028F80020013578
S2140170E01B2D4FEA5404EDD1BDE8F081D0580020A5
S2140170F0DCF10300670204000EB417B505A90446C7
S21401710051F8040B019103F091FA01210220054A7E
S214017110F8F7ECFC044B1C8003B0BDE8104003B04C
S214017120704700BF35030400D05800200EB417B5D1
S21401713005A9044651F8040B019103F077FA034BB5
S2140171401C8003B0BDE8104003B07047D058002043
S21401715013B503680446587900F032FF90B92368E6
S2140171605A88032A0ED0E17C5B79CDE900211649C5
S214017170164AFFF7C1FF012120461DF0EEFA012055
S21401718002B010BD637D012B0AD0637D33B923683D
S214017190228A598858791CF0CAFE48B9C3200AE0E9
S2140171A02368228A598858791CF0CAFE0028ECD038
S2140171B020461DF034FA064B1B78002BDFD110F564
S2140171C0807FDCD0C1B2D7E74C050400440504003B
S2140171D017620020002970B50F491D460F4B144653
S2140171E00CBF6E227922002808BF0B4600200C49EE
S2140171F0FFF79CFF0B4E2544AC4205D1BDE870401D
S21401720000200949FFF778BF3146002014F8012B0A
S214017210FFF78CFFF0E700BF850504007B0504003F
S2140172208E050400C205040019E903002DE9F04F9C
S214017230C27C8BB00592427D0368002A14BF80226F
S2140172404022077D0446856886895879B846B3F892
S2140172500290069200F0B4FEA0B9059B052B05D856
S2140172606FF02D03059A1341DB070BD5B9F1030F18
S21401727008D0AB490020FFF73FFF012120461DF053
S2140172806CFA76E0E37B1BB1228A002A00F0B78114
S214017290607D0022B0FA80F05B4203F00403DFF861
S2140172A08CB2400943EAC000ABF80020FFF74CFE61
S2140172B0E37B1BB3208A1DF02CF98246A07CFFF7E6
S2140172C043FE059A162A00F29A81DFE812F01900A9
S2140172D09E016C005600D2016C009201D9019A0100
S2140172E0E001E701EE0139010202980198019801D7
S2140172F01402580214027002390102029A46DDE7AE
S21401730000204B46874A8849FFF7F6FE0120FFF723
S2140173101BFE08F10207B74229D8414632462846E5
S2140173201DF034F98046236842465879BBF8003090
S2140173304946C3F1FF039BB20193238A0093069B40
S2140173401EF051FC10B11FFA87F8E2E723684246A7
S2140173505879BBF800304946C3F1FF039BB201934D
S214017360238A0093069BFFF797FC8928EBD11DF033
S214017370EEF901200BB0BDE8F08F4FF0000B0420B2
S214017380FFF7E2FDF31E0893089B984552D3BBF125
S214017390000FECD1E37B94F81480002B0CBF022283
S2140173A00422624B1A804FF0000B0420FFF7CCFD3D
S2140173B05F4608F1030A564540F29D803246414633
S2140173C028461DF0E3F805EB08039B78F21EAA4455
S2140173D0A2EB080207905146184692B209931CF098
S2140173E0F9FB0890002879D02268099B5079CDE9ED
S2140173F001A3238A49460093DDE906321CF019FFF2
S21401740082464A460020079B4949FFF78FFEBAF19C
S214017410000F55D10BF10103504646495FFA83FB35
S214017420FFF76AFE089B08F1030813FA88F81FFAAB
S21401743088F8BEE73246414628461DF0A7F805EB18
S21401744008039F78089B08F10301A3EB080229446F
S214017450824692B2384609911CF0BCFB079068B38D
S21401746023680999587902970191238A5246009315
S2140174704946069B1CF02DFF0746B8B10BF10103E8
S21401748038465FFA83FBFFF75FFD50461DF041F873
S21401749053464A4600202649FFF72EFE3A4600206C
S2140174A02549FFF729FE802F3FF471AF079B08F1AE
S2140174B0030813FA88F81FFA88F865E78027DDE7DE
S2140174C05046FFF741FD07981DF023F80137524655
S2140174D000201949FFB2FFF70FFEA3E78720FFF749
S2140174E033FD07981DF015F80137872212490898D1
S2140174F0FFB2FFF701FE059B052B3FF43AAF002FC5
S2140175007FF435AFBBF1000F05D10C495846FFF7A4
S214017510F3FD8021B2E63846FFF716FD27E700BFE8
S21401752094B90300CF0504001C060400C0580020CF
S214017530D90504001C050400F5050400FF05040038
S2140175400599A84AA84B0020152918BF1346CDF85F
S2140175500090A64AA649FFF7CFFD059B0C2B14BF4A
S21401756016200D20FFF7F0FC3246284639461DF05E
S2140175700DF8059B3D440C2B0646AD7835D1192DEB
S21401758028BF1925E37BB3B14FF6FF73278A9F42C5
S21401759011D1206832464946069B4079FFF70AF921
S2140175A0B84208D0BAF1000F05D020828AF8000050
S2140175B0000A8AF801000020BBF80070FFF7C4FC3F
S2140175C0236832465879059B4946A3F1150CDCF130
S2140175D0000343EB0C03CDE90153238A0093069B7A
S2140175E01CF09BFD834BD855C1E6132D28BF1325F0
S2140175F0C8E72046FDF7D0FB00287FF4BAAE81210C
S2140176003CE62046FDF77CF8F6E7B9F10A0F05EBF4
S2140176100708A6EB070A21D1DFF8DCB19BF800309A
S214017620E3B1E37BD3B9BAF1080F17D13246394635
S21401763028461CF0ABFF88B998F8023073B998F861
S2140176400320E22A0AD13246391D284605931CF04A
S2140176509AFF1DF067F8059B8BF8003041464846B7
S2140176601FFA8AF21EF0C1FA00287FF482AE0021CA
S21401767004E6F21B484692B2E9191CF044FFF3E710
S214017680F21B484692B2E9191CF001FFECE7F21B27
S214017690484692B2E9191CF026FFE5E7F21B484678
S2140176A092B2E9191EF0A3FADEE72368EE5D587977
S2140176B0238A0137ED5D0193069B324649460093C6
S2140176C02B461CF069FC2A46314648461CF0E1FE72
S2140176D04FE605987A1CE95DB31AA0F116067042CA
S2140176E070410039009018BF012148469BB22A44D8
S2140176F01CF0D1FEB8E7059BEE5D112B3D446F787B
S21401770038D11220FFF720FC0025E37BB3B14FF6FA
S214017710FF73B4F81080984510D133464A46214687
S2140177202846FEF7C9FF404508D0BAF1000F05D03C
S21401773020828AF80000000A8AF80100BBF800805F
S214017740DFF8B0A0C8F1FE0292B208F10103009280
S21401775053444A4621462846CDE90267CDF804B08F
S214017760FEF7E2FFBBF800300AF808000133ABF879
S2140177700030FCE51420FFF7E7FB0125C5E77B1C7D
S2140177809E422CD3EF5D1D44003F18BF0127F31A1C
S2140177909EB233462A4639460020FFF71BFD009667
S2140177A02B463A464846218A1CF079FE5CE77B1C4C
S2140177B09E4214D3EF5DF61A003F18BF01271D4401
S2140177C0B6B233462A4639460120FFF703FD009636
S2140177D02B463A464846218A1CF05FFE44E70020C5
S2140177E0C8E500BF35030400CA05040010060400FE
S2140177F01A060400166100201562002038B54FF6FF
S214017800FB750446A9424FF001019DF8100098BF90
S21401781043F40043217023816260A072022300209A
S214017820084A0949FFF768FCE07A084B40F6CA02A5
S21401783003EB4010FF211BF004F9BDE8384004209B
S214017840F8F732BB2A06040035060400D4430020AC
S21401785030B5054685B028B91D4905B0BDE83040AC
S214017860FFF74ABC0024007B1CF0A6FE2046194AFE
S21401787019492C70FFF740FC184BE87AFF2103EBFF
S21401788040101BF0EFF82046154B02019A5C22B916
S21401789001300428F9D1F8F721FB696899B1B5F9E7
S2140178A008302A899B1303F002038DF80430C2F3D3
S2140178B00E03ADF806304FF6FF73ADF8083000231F
S2140178C001A80393884705B0BDE830401CF079BE97
S2140178D0600604002A06040092060400D443002031
S2140178E0944300200948037873B91946084AD372AD
S2140178F00133042B1173117051601181917202F1E1
S2140179001002F4D101230370704700BF16620020F5
S2140179109443002008B5FFF7E5FF002305491A0147
S2140179208A5C01EB03101AB10133042BF7D1002056
S21401793008BD00BF9443002070B50D460646FFF70C
S214017940D1FF0023094800EB0514A17AB14205D105
S214017950217819B12B4400EB031070BD0133042BC1
S21401796004F11004F1D10020F7E700BF9443002092
S21401797010B50446FFF7B6FF0E4B9C4212D003F13A
S2140179802002944210D003F1400294420ED060339C
S2140179909C420DD10323084800EB0310BDE81040BC
S2140179A0FFF756BF0023F6E70123F4E70223F2E7C9
S2140179B00020F3E7D44300209443002070B5002450
S2140179C0064D074E2846324600210134F7F7A4FD3E
S2140179D0042C05F12005F5D170BD00BFD44300206D
S2140179E0717901002DE9F34105460C461746984684
S2140179F0FFF790FF064640B91C4A1D49FFF77CFB7E
S214017A000224204602B0BDE8F0814FF6FB739D428A
S214017A100AD94FF6FD739D4204D00020134A15493A
S214017A20FFF76AFB4FF6FD75434621463A46284660
S214017A301CF060FE044600F02FFE804634B123465B
S214017A4000200A4A0C49FFF757FBDAE73B46204677
S214017A50064A0A49FFF750FB062329463046089A8C
S214017A60CDF80080FFF7CAFECBE700BF2A06040068
S214017A709F060400C9060400FE060400270704004A
S214017A80F7B506460C461746FFF744FF054638B9D4
S214017A90104A1149FFF730FB0224204603B0F0BD1F
S214017AA021464FF48A5230461CF0ECFF044600F0A3
S214017AB0F3FD34B123460020064A0849FFF71CFBB4
S214017AC0EBE7009004233A4631462846FFF796FE38
S214017AD0E3E700BF2A0604009F0604004F070400E0
S214017AE0F7B506460F46FFF715FF054638B9104AA3
S214017AF01049FFF701FB0224204603B0F0BD002227
S214017B004023114630461DF081F904461DF07CF9EC
S214017B1034B123460020064A0749FFF7EDFAEBE7A2
S214017B20009001233A4631462846FFF767FEE3E711
S214017B302A0604009F0604008207040073B5044663
S214017B400E46FFF7E7FE054638B9104A1049FFF71B
S214017B50D3FA0224204602B070BD00222046114608
S214017B601DF056F904461DF04FF934B123460020A6
S214017B70064A0849FFF7C0FAECE70090234632466A
S214017B804FF6FC712846FFF739FEE3E72A060400A4
S214017B909F060400B00704002DE9F04188461078DE
S214017BA000219EB014461D46FFF7C6FE0646002875
S214017BB000F0FD800778002F7BD0B8F80010002970
S214017BC040F0F5800389B8F8022043F40040824271
S214017BD040F0ED80617800296BD1A2F50042062ABB
S214017BE000F2E580DFE812F0A100A100E300E30067
S214017BF00700B8006900E3880D3DADF824302389FD
S214017C0015F00105ADF8263063798DF82830E37A52
S214017C1003F1060214F812208DF814308DF81C209A
S214017C2042D10BA98E46069104F10C005FFA85FC41
S214017C309C4500F1020009D210F8018C10F802CC24
S214017C4001350CEB082C2EF802CBEFE701EB4301D4
S214017C501A440891D2B2590001F10D009A42C0B2FD
S214017C600BD025186D78205C7831694400EB05202F
S214017C70013321F84C0CDBB2EDE7B6F90820338965
S214017C80002AACBF01220322C3F30E038DF808209D
S214017C906288ADF80A3005ABADF80C20049302A952
S214017CA030461CF012FD04E0424A43490020FFF72B
S214017CB023FA38461EB0BDE8F081042D02D83D4AAD
S214017CC03E49F3E72379053DADB29D42B4F8028003
S214017CD002D0384A3A49E9E73A4A3B4B0020002DA0
S214017CE008BF13463949334ACDF80080FFF704FA36
S214017CF005348DF81450B6F90830069485B1002B7A
S214017D00ACBF012303238DF82C303389ADF83080C6
S214017D10C3F30E03ADF82E3005AB0D930BA9BFE7E9
S214017D20002BACBF06230523EDE70B2DC7D9D4F8EE
S214017D300200D4F8061013F4004F05AA03C20CBFC4
S214017D40042203228DF82C206289C3F30E03ADF8BA
S214017D503020ADF82E30DFE7042DB0D96388ADF8BA
S214017D60303023790533DBB29D4206D00020114A1C
S214017D7017490095FFF7C0F99BE70E4A0020154901
S214017D80FFF7BAF9B6F908203389002AACBF0122F9
S214017D900322C3F30E03ADF82E3005AB0D93631D1E
S214017DA0069323798DF82C208DF81430B6E700273A
S214017DB07FE700BF2A060400DD070400050804006B
S214017DC01908040059C103003503040040080400E3
S214017DD05D0804009E080400304BF0B5B0FBF3F2DA
S214017DE04FF4616503FB1200B0FBF5F3DCB205FB53
S214017DF013033C25B3FBF5F3DBB2A0EB04104B7188
S214017E00C3EB0313A0EB83004FF4FA630B8040F23D
S214017E1001134B8001230C711F4600246425204E5C
S214017E208871944200D1F0BD91F802C013B1BCF143
S214017E30020F2BD006EB0C0010F801ECC878704549
S214017E400BBF012001300CF1010CC0B208BF81F854
S214017E5002C0C87088780D2816D10B888F70013340
S214017E609BB298070B8014D1B3FBF5F005FB1030DD
S214017E7080B280B94FF4C870B3FBF0FC00FB1C3332
S214017E809BB2B3FA83F35B090134CAE74FF01D0EC8
S214017E90D4E70023F8E70123F6E700BF805101008D
S214017EA07E5C040010B5044688B006A9FFF794FF6F
S214017EB09DF81E300A4803939DF81D3004940293E2
S214017EC09DF81C309DF81A200193BDF8183005491D
S214017ED0009300889DF81B30FFF70EF908B010BD1F
S214017EE0D0580020B7080400026808B51188154B61
S214017EF019805188598051791971117959714FF446
S214017F008A51D980D28812F0200F0CBF0A464FF44E
S214017F108B528169DA800C4A137831B9C0880B49D3
S214017F2023F002030880137008BD43F002031370A8
S214017F30074B15221846013103F0C8FC002200F851
S214017F40012CF1E7C458002020620020C25800200E
S214017F50D358002010B5184C236858791BF0DBFF66
S214017F600B2822D8154B03EB0010027B237F9A4285
S214017F701BD12368428819888A4205D04FF6FF70C4
S214017F80814212D1120410D42279023A012A06D96A
S214017F90A37B63B9BDE810400748FFF747B91989C5
S214017FA058791BF0EEF80028F2D1002010BD0248E7
S214017FB0BDE81040FFF7CCB858440020C44200206A
S214017FC008B51BF0A8FF0B2896BF024B0020185CD3
S214017FD008BD00BF2562002008B500201CF0ECFAA1
S214017FE0FF201BF0CBFF1CF0ECFA1CF093F9FEF718
S214017FF071F901210246064803F016FC054BFF21E4
S214018000054A0648FEF7C6FEBDE80840FEF708BB6F
S21401801025620020C4580020C058002016610020A8
S214018020F0B5002204464FF6FF750B4F90B237F8B5
S21401803030600346AE4201D12846F0BDA64209D1C2
S214018040B4F57C4FF9D307EBC3035B888B42F4D0BE
S2140180500029F2D00132E9E7BC5C040010B5044601
S214018060FFF7DEFF094A034610884FF6FF72934278
S21401807014BF074A2246BDE8104017BF02EBC303F0
S21401808004495A680449FFF751B800BFD058002088
S214018090BC5C0400DA08040070D40300034B1878B3
S2140180A00130C0B2187000F07F0070474C6C0020A1
S2140180B0044A137818B143F001031370704703F0B4
S2140180C0FE03FAE720620020014B1870704700BFDC
S2140180D02362002038B1074B1B78012B04D103889B
S2140180E043F0400303807047022BFCD1038823F042
S2140180F04003F7E72362002068B1074A1378012B93
S21401810007D1064B1B781370037843F010030370F6
S21401811001E0022BF8D07047226200202162002085
S2140181207FB50121264B274E197033780246D907B1
S21401813044D42549096881B10868C1888D0641BFC4
S214018140224CE18841F02001E180C1884C0641BF04
S2140181501E48C18841F04001C1801D4D1D49287847
S214018160097840074CBFE97069701B4913F0020497
S214018170098809D0164A19481CF0A1F9337823F06A
S2140181800203337004B070BD154B18884FF6FB73AD
S214018190984208D80B46CDE9005201460B4A2046C4
S2140181A01BF066FBEEE74FF6FF73CDE90142009345
S2140181B00A46074B05491BF037FBE3E70020E1E7DA
S2140181C0176200202062002054440020C45800207A
S2140181D0166100204D6C0020C0580020D2580020A7
S2140181E0C258002070B503790446012B0D46164689
S2140181F031D883681B78DB0600D561B3A37B13B93E
S214018200E37C0B2B27D00022144B1A80637DB3FA34
S21401821083F35B09D800E37BABB9FEF795FEA07C40
S214018220FEF792FE0B20FEF78FFEE07CFEF78CFE3B
S2140182302846FEF789FE2046FFF756FE3046BDE883
S2140182407040FFF76DBF40F00400FEF77DFE208A08
S2140182501CF05FF9E3E7002070BD00BFC0580020A6
S214018260024B0A4601461868FFF7BCBF544400207B
S214018270F0B4054618460F4B0C461B78BDF8101097
S214018280012B0D4E01D0377827B100233370002023
S214018290F0BC70470CB9002AF9D143B14FF65743E9
S2140182A0994204D02B462246F0BC1CF0EEB80120C1
S2140182B0EEE700BF4E6C0020246200202DE9F04F4F
S2140182C0684C4FF0000A25468446964698460F4667
S2140182D0654B664E83F800A00FCE0FC596E80F00DB
S2140182E085B085E80F00DDF83C90BDF83830724661
S2140182F00093394643466046CDE9019400F0DCF828
S214018300DFF89081064670B90025FEF7FFFD1622BC
S2140183100021574803F088FA00232846C8F80030A1
S21401832005B0BDE8F08F534BA27CC8F800401A7028
S214018330514B1B78002B36D01CF0F6F94F490246FC
S2140183405046FEF7F3FE22685046537952884C4950
S2140183500092A289FEF7EAFE50461CF05EF920B1B3
S2140183602368218A5888FFF779FEE37B23B1002032
S214018370228A4449FEF7DAFEA36800201A78E37CD5
S21401838041490093A37CFEF7D1FE207DA289A16816
S214018390121A01440123002092B2FEF711FE0020BA
S2140183A03A49FEF7A9FE2F48FFF79EFD2D481DF01E
S2140183B015FC054630BBB9F1000F25D12168E088D0
S2140183C00B8801904988BA1E032A00918CBF0022AF
S2140183D001220121E07CFFF74BFF38B923685B7966
S2140183E0FF2B3AD0FFF7B6FD05468EE72368DB88FC
S2140183F09A06F3D40121264C1A4821701CF0ADF9D7
S21401840084F80090354680E7B9F814309B07E5D428
S2140184107AE75846FEF718F882465846FDF760FF99
S21401842088B123685046228A59881BF077FD50B1DF
S2140184303846FFF759FD236889F804A083F805A09C
S214018440FFF788FD00B9284605460136FDF742FFCD
S2140184505FFA86FB5845DCD857E70026014FDFF860
S2140184603890F3E758440020176200209C5C040013
S214018470D25800204D6C00204B6C0020F3080400FD
S214018480FC0804001D09040029090400A3BA03001E
S2140184902462002054440020C45800200023054ACA
S2140184A0D15C814202D31A44507870470233DBB262
S2140184B0F6E700BF8A5C040073B515462E781A46A7
S2140184C016F0040F0CBF032605269E42089C08D909
S2140184D0224A234900960020FEF70EFE002002B035
S2140184E070BDBDF8183021712060E380A560A281BF
S2140184F02B7803F00103A3732B7803F00403002BFE
S21401850014BF01210021E1732978C1F3C00161750F
S2140185104FF00101217518D028461CF037F8237D4D
S214018520208202332375227D531CDBB22375A95C9E
S2140185300232D2B2A1742275EB5CE374A3899A422B
S21401854005D900920749054AC5E72382EBE7079B51
S2140185500120A36100232377C1E700BFEDC103001B
S2140185606C090400880904002DE9F7430024204F14
S214018570DFF89C80DFF89C90E0B21CF083FBFF28BC
S21401858005460FD12346012102201A4AF7F7AEFA13
S214018590194B0134187819F056FE152CECD103B09E
S2140185A0BDE8F08346B238EA260328BF4B460121D0
S2140185B00093022057F82430104AF7F797FA002E56
S2140185C0E6DA0923E340DB070AD50D4A0D4B15F021
S2140185D0010F18BF1A4601210220F7F787FAD7E7DD
S2140185E00A2CD5D1084A094B15F0010FF1E700BF57
S2140185F0D45C0400E10904004F6C0020090A040061
S214018600BA090400A4090400D6090400CC09040030
S21401861059C103003503040008B55422002102485D
S21401862003F002F9002008BDC059002008B5542205
S214018630FF21024803F0F8F8002008BD6C5900201D
S214018640024B23F810100020704700BF6C59002021
S214018650002310B4074ADCB2A14203D85DF8044BEC
S214018660FFF7DABF2A2BF9D032F8024B20F8134075
S2140186700133F0E7C0590020002310B5054A99429E
S21401868001DD2A2B00D110BD32F8024B20F8134031
S2140186900133F4E7C0590020024B187800F07F0040
S2140186A0704700BF31620020034B18780130C0B21A
S2140186B0187000F07F0070473162002030B51C460C
S2140186C000238BB0ADF82220021D92B2012A0E9D26
S2140186D0ADF82030ADF81E10ADF81C3003D94FF6BA
S2140186E0FF7290420FD10022CDE90352CDE9012459
S2140186F0094B01461B784FF6FF70009307AB1CF041
S214018700E1FA0BB030BD0146CDE90153184600949D
S21401871007AA1CF0F3FAF4E7506C002038B50546BA
S2140187204FF480500C4603F085FA4FF480532860CE
S214018730236030B940F2A511BDE83840014822F067
S214018740B4B938BDF80A0400004870477E5B0020C3
S214018750014B1878704700BF696C0020014B1888E0
S214018760704700BFF26B0020014B1878704700BFBE
S214018770626C0020014B1878704700BF35620020FC
S214018780014B1878704700BF5D6C0020014B1870D4
S214018790704700BF38620020014B1870704700BF59
S2140187A037620020014B1888704700BFF06B00202D
S2140187B02DE9F74F4FF00008394B3A4F93F80090E8
S2140187C0394B3A4E3A4D3B4C3B483C49DFF8F4C0F6
S2140187D0DFF8FCE0DFF810A1DFF810B10193019B90
S2140187E02037203301935FFA88F3994506F1200676
S2140187F005F1200504F1200400F1200001F120011B
S2140188000FD8002211462E4B2E4D1C782E4E2F4B84
S2140188102F4FD0B2844203F1200338D803B0BDE80D
S214018820F08F2C4B2C4A47F81C3C002346E90723C3
S2140188302A4A47E9063E45E90723294A46E905E368
S21401884044E90723274A45E905E340E90723019A56
S21401885044E905E340E905E341E908CA41E9063E82
S21401886047F820CC47F8103C46F820CC45F820CCF9
S21401887044F820CC40F820CC41F8103C08F101081F
S21401888042E908CB42E9063E42F8103CA7E743E935
S214018890085643E9061743F8101C0132B9E700BF32
S2140188A06D6C002030480020304700201048002022
S2140188B0F0470020904700207047002050470020D6
S2140188C0676C0020AC560020C5B30200B0470020FC
S2140188D035030400FF720300D7710300017C020018
S2140188E0A19502003F4C030075F90200056B0200DA
S2140188F0002208B5074B1A605A601CF092F9064B25
S21401890018701CF08EF9054B1870054B1A78054B3C
S2140189101A7008BD4E560020736200207262002055
S2140189205B6C002071620020002100B593B0084600
S2140189306A460AF0E7F90146C8B90E4B0E4A099392
S2140189400E4B0D920A930E4A0E4B0E920B930E4A45
S2140189500E4BCDE90F230C930D4B6A4611930AF08B
S21401896087FC003818BF012013B05DF804FB012016
S214018970FAE700BF696D03009D7702006D6F030083
S2140189805D4C02006D4C0300C9860200CD6F0300EA
S214018990CD730200084B1878112806D8012809D98A
S2140189A0064BC34003F001007047A0F14303584251
S2140189B0584170470020704775620020340002005D
S2140189C008B5064B1B78013B022B05D80020FFF7A4
S2140189D0E1FF0138C0B208BDFF20FCE77662002047
S2140189E0044B00F1100250F8041B904243F8041B9C
S2140189F0F9D1704777620020044B03F1100253F857
S214018A00041B934240F8041BF9D17047776200209B
S214018A1030B5002491B0114B0546214614220BA80F
S214018A20CDE9094302F000FF102209ABCDE900446D
S214018A300693CDE90452CDE90252094B09490AA829
S214018A4019F000F804460AA81CF065FE1CB1A02126
S214018A50054822F02AF811B030BD00BF002480007E
S214018A600044400477620020830B040070B50024A4
S214018A7090B0154B05460E46142221460BA8CDE9AB
S214018A80094302F0D1FE102209ABCDE9004406935A
S214018A903146CDE90452CDE902520C4B0AA818F032
S214018AA0D1FF04460AA81CF036FE1CB1BA210848BC
S214018AB021F0FBFF099B102B03D0BB21044821F0BA
S214018AC0F4FF10B070BD00BF0024800000444004D5
S214018AD0830B040030B50D4600218FB0124B0446BF
S214018AE0142209A8CDE9071302F09EFE102207AB57
S214018AF0CDE90242CDE90042049329460B4B08A872
S214018B0018F0A2FF044608A81CF005FE1CB1D121EE
S214018B10074821F0CAFF079B102B03D0D221044837
S214018B2021F0C3FF0FB030BD002480000044400494
S214018B30830B04000022034B1870034B1970034B80
S214018B401A707047886200208962002087620020C0
S214018B502DE9F04FDFF89080064698F800300D4674
S214018B6085B0002B3AD04FF6FB73984236D84FF0BB
S214018B70000B1C4FDFF874A03C7898F800305FFAC1
S214018B808BF94B459AF8000011D9484402AA0DF119
S214018B900601C0B214F00CFB082229460DEB0200B8
S214018BA003F08EF90BF1010B0028E6D14C463B7819
S214018BB0A34208D198F80020631CDBB29A423B70AE
S214018BC004BF00233B70324629469AF800301C4405
S214018BD0E0B205B0BDE8F04F14F0D8BB05B0BDE873
S214018BE0F08F00BF87620020896200208862002023
S214018BF02DE9F74F06460D4614461F464FF0010B6A
S214018C00DFF8789003F10C0A15B903B0BDE8F08FD0
S214018C10102DA84628BF4FF010083A46164B5FFAAB
S214018C2088F152F8040B524543F8040BF9D101912F
S214018C309AF8002011481A70002389F80F4089F825
S214018C4000B089F80E30FFF7E3FE324601340B48D8
S214018C500199E4B212F801CB10F8013B83EA0C0348
S214018C6002F8013C931BDBB28B42F3D3A5EB080859
S214018C7016461FFA88F5C7E78B6200208A62002035
S214018C802DE9F04F9046914685B00090981A0293D0
S214018C9083B20193009B0F46354903F10C0453F848
S214018CA0045BA34241F8045BF9D11B78314E0B708B
S214018CB049233370019BF0731B0A3046B373FFF7E9
S214018CC0A7FE0221BB460D46737888EA030373703C
S214018CD04FF0000A1DE0C5F11004A9EB0A039BB290
S214018CE0A4B29C4228BF1C4600231FFA83FCE81846
S214018CF06445C0B21FD82544EDB2A344102D544498
S214018D001FFA84FA05D1002530460391FFF780FE4D
S214018D100399D145DFD807EB080B25B11548039118
S214018D20FFF776FE039901294FF000050DD00121CA
S214018D30DDF80490CCE71BF803C016F800E0013319
S214018D408CEA0E0C06F800C0CFE7029B09491F44C7
S214018D50094B38461C78224602F0F6FE2A46214682
S214018D603846009B05B0BDE8F04FFFF741BF00BF96
S214018D708B6200208A6200206E6C002030B540783D
S214018D800C4601284FF0110387B001F1100516D1EA
S214018D90144A01A90AF0F4FF234601AC22461868DA
S214018DA05968083303C2AB421446F7D111230D4A62
S214018DB0002001A90AF0E4FF002007B030BD012021
S214018DC0094A01A90AF0DCFF234601AC22461868CD
S214018DD05968083303C2AB421446F7D11123024A3D
S214018DE0E6E700BF75E4010079EB010030B50C46FB
S214018DF0407887B001284FF011030DBF0B4A0C4A8B
S214018E00012001A918BF01A90AF0BAFF234601AA49
S214018E1005AD144603CCAC4218605960224603F1F6
S214018E200803F6D1002007B030BD00BF75E401008D
S214018E3079EB010010B50C4688B01A230C4A01A93B
S214018E4001200AF09DFF21460DF10E0304F11002E8
S214018E5051F8040B914243F8040BF9D11A23002070
S214018E60034A01A90AF08CFF002008B010BD00BF1C
S214018E7024E10100F0B58BB004460D461DF039FF24
S214018E80A8B101A812F044F988B1667B271D16F037
S214018E90020F05D00822384601A903F011F8D0B90F
S214018EA001AB46F0020603CB6060796066731A2355
S214018EB00A4A03A901200AF063FF29460DF11603A9
S214018EC00DF1260253F8040B934241F8040BF9D135
S214018ED000200BB0F0BD2D20FBE700BF24E1010010
S214018EE0F0B50546071D00220C463846082193B00A
S214018EF01DF08DFE6A7B0646D0070BD5687808A95B
S214018F001CF03AFBDDF83D306B60DDF841307B60EC
S214018F1080B10BE0910709D5D2000121384602F055
S214018F2080021CF034FBFF28687002D12D2013B09C
S214018F30F0BDD6B1687801A91CF0BBFA9DF81C30CB
S214018F405B0604D54FF4C6710A4821F0AEFD2346F0
S214018F5003AD07AC2A4603CAA242186059601546FB
S214018F6003F10803F6D10020E1E708A91CF004FB91
S214018F70CEE700BF010C04002DE9F04106468AB099
S214018F801F480F4615460024FFF736FD002C01A9A1
S214018F9014BF4FF05C0C4FF0360C10238846184A6D
S214018FA012F8010B013B8CEA000013F0FF0301F8F5
S214018FB0010BF5D105A81EF065FC4246102105A857
S214018FC01EF064FCC4B93946324605A81EF0C6FC3C
S214018FD02A460DF1140C0DF1240E634603CB73459E
S214018FE0106051609C4602F10802F6D114B10AB035
S214018FF0BDE8F0810124C9E72A461021E5E700BF54
S214019000BA6200202DE9F04791460D46C0B09DF8A2
S2140190102041DDF828811E46DFF87CA09DF824312A
S21401902007462246494640468AF8003002F08CFD43
S2140190309DB12346324641463846FFF721FEB442EB
S21401904007D9A11B3B46012289B208EB0600FFF7B0
S214019050CFFD002040B0BDE8F087A11B3B460122B2
S21401906089B208EB0600FFF7C3FD22464146684673
S21401907002F06AFD3246694638462346FFF700FE8F
S2140190809AF800200DEB040109EB040002F018FF2A
S2140190900028DED02C20DDE76E6C002038B50346B4
S2140190A0104601F1100451F8045BA14242F8045B3A
S2140190B0F9D104491BB1FFF7D9FC002038BDFFF7F1
S2140190C009FDFAE7BA62002030B5054689B069465F
S2140190D01CF073F86B8804ACABB12246294668468F
S2140190E01CF00BF80E4A08AD234603CBAB421060CA
S2140190F051601C4602F10802F6D10948FFF770FCE0
S214019100002009B030BD6B46054D1A4603CAA2427F
S21401911028606960134605F10805F6D1EDE700BF42
S214019120BA62002050B10B4B0B4A03F1100153F801
S214019130040B8B4242F8040BF9D17047064B054AE3
S21401914003F1100153F8040B8B4242F8040BF9D1DA
S214019150704700BFBA6200209A62002008B510224C
S214019160024802F0B3FB002008BD00BFAA6200203F
S21401917008B508461022024902F0A8FB002008BDE7
S214019180AA62002010B5044686B001A9114A11232F
S21401919001200AF0F5FD9DF8143001A8E3701EF0D9
S2140191A038FF80F001000C4A01A9607011230120EC
S2140191B00AF0E6FD9DF8143001A8A3701EF029FF01
S2140191C080F00100207010F03DFB6060002006B0CA
S2140191D010BD00BF75E4010079EB010010B504462F
S2140191E086B01123134A012001A90AF0C9FDA3780C
S2140191F09DF814209A4207D08DF8143000201123D0
S2140192000C4A01A90AF0BCFD11230B4A012001A951
S2140192100AF0B6FDE3789DF814209A4207D08DF83F
S214019220143000201123044A01A90AF0A9FD06B052
S21401923010BD00BF79EB010075E401002DE9F04196
S21401924086B0064603A80C4612F000FF0546002825
S2140192504AD1BDF80C30980646D51022294620463C
S21401926002F0E2FA01A811F053FFC0B1777B06F1D4
S214019270040817F0020F06D00822404601A902F0A2
S2140192801FFE00282ED101AB47F0020703CB70600A
S214019290C8F804107773238843F0080323802388D3
S2140192A043F00203238011F00DFB60601DF021FDE9
S2140192B030B10E4B1B68A360238843F00403238060
S2140192C00B4B1A68D1035EBF238843F0100323803B
S2140192D0130203D5238843F400632380284606B08F
S2140192E0BDE8F0812D25F9E72425F7E76048002041
S2140192F06448002010B5D0E9023253F8223090B00D
S2140193001C684022694620461CF0A9F9034630B184
S214019310224600200549FDF7EFFE10B010BD0122E0
S21401932069460820FDF792FEF7E700BF970C040098
S21401933070B500F0B1F800280CBF6E22792200202B
S2140193401349FDF7D9FE00F0A7F8F0B11CF09BF920
S21401935000280CBF6E22792200200E49FDF7CCFEB4
S214019360082200200C49FDF7C7FE00250B4C0C4EC9
S214019370234654F8042C314600200335FDF7BCFE85
S214019380182D04F10C04F3D170BD3F22E4E700BFB1
S214019390CF0C0400E60C0400F60C040088490020FB
S2140193A0150D040070B51CF053F904462149002040
S2140193B0FDF7A2FE2CB92046BDE870401E49FDF718
S2140193C09BBE00F0BBF805461C4B62690020002AD4
S2140193D008BF1A461A492668FDF78EFEA2880020A5
S2140193E01849FDF789FE1849E2880020FDF784FE3A
S2140193F0A388228913F010001ABF002013491449CC
S214019400FDF77AFEE26800201249FDF775FE226933
S21401941000201149FDF770FE104A114B0020B6F5E9
S214019420817F38BF13460F492A46BDE87040FDF7D5
S21401943063BE00BF4A0D0400570D04000DDD030096
S214019440780D0400960D0400B70D0400D40D040039
S214019450F10D04000F0E04002D0E0400420D040051
S214019460380D04004B0E040038B5014600230C25C8
S214019470084A05FB03F4A0181459013404D10C2240
S21401948002F024FA002038BD0133082BF1D1012067
S214019490F9E700BF84490020034B1878012894BFE0
S2140194A000200120704700BFCC62002038B504467A
S2140194B0044D2878A04203D021461CF0A9F82C7050
S2140194C038BD00BFCC62002000B58FB03422002129
S2140194D001A802F0A9F901A8EEF710FB0598D0B192
S2140194E082680E4BB2F5803F34BF92B2C2F38F2230
S2140194F041881A81028828BF41F010011A6042682B
S2140195009980DA80C268DA6002691A6142695A6132
S214019510027E18461A760FB05DF804FB0849002053
S214019520054B1B7820B1012B04D80220FFF7BEBFE4
S214019530012BFBD8704700BFCC62002010B5084C49
S214019540237853B91CF084F80123237028B10368EB
S214019550B3F5817F24BF037E2370207810BD00BF42
S214019560CB62002070B5184B1B78012B2BD81CF052
S21401957052F8164D024616490020FDF7BDFD0120A2
S214019580FFF7CEFF2E78FF2E1DD1FFF79DFFC8B146
S214019590848860223146C4F340040E482C7002F0E1
S2140195A043F9602231460C4802F03EF95CB1FFF700
S2140195B0C5FF042807D9BDE8704040F22B110748C3
S2140195C021F073BA287070BDCC6200206F6C002049
S2140195D06E0E04008449002024490020800E0400F9
S2140195E02DE9F04FDFF884928DB003AB074688462D
S2140195F0144699E8070083E80700FFF7B3FFFFF773
S2140196009DFF944B06461D784B46012D40F0708118
S214019610012840F27281B7FBF0F200FB1272002AB9
S21401962000F06B818C4900228B46D1F800C0BCF15A
S214019630FF3F04D0087A6044874200F01981013266
S214019640082A01F10C01F0D193E8070006AE0DF1EE
S214019650240A86E807008AE80700FFF76FFFB7FBD2
S214019660F0FB00FB1B7BA0EB0B094A464146064676
S2140196700AA809978DF82C9002F066FA00224FF09E
S2140196800C0E764902E00132082A0ED00EFB02F0DB
S21401969000EB010C08580130F5D19AE807008CE878
S2140196A007006F490A7801320A70A14504DD4FF4BC
S2140196B0E2716C4821F0F9F9A41B5C444F44A1B255
S2140196C017FA84F4B4FBF6F206FB1242C8448E1A6B
S2140196D091B1A41A08EB060107A88DF8202006947C
S2140196E002F032FA06A8FFF7BFFEFF2804D140F2C7
S2140196F0D9115C4821F0D9F9B6B2B6B10320FFF70B
S214019700D5FE802E0AD832464146574802F01CFA4A
S2140197103246384654491BF086FF05460220FFF7BD
S214019720C5FE28460DB0BDE8F08F0025F9E74FF4D9
S2140197300E714C4821F0B9F9464B1B78012B00F00D
S214019740E380002C36D00320FFF7B0FE802C2FD804
S21401975022464146444802F0F7F922463846424935
S2140197601BF061FF05460220FFF7A0FEDFF8F09030
S21401977099F8003093B1039CFFF7E0FE374B0027C2
S21401978098461A68511C04D0197A411A521A944202
S21401979024D00137082F03F10C03F2D1002DC0D1DC
S2140197A0039B0133C1D003A8FFF75EFE0546B8E769
S2140197B00125D8E72546D9E740F26D21294821F051
S2140197C074F9012524E0012D30D0802E2FD83246A1
S2140197D0254903981BF027FF054628E0002DA0D158
S2140197E00C247C4308EB04039DF814A093F808B0FE
S2140197F00AEB0B03802BDFDC1B4B524604A91846F1
S21401980002F0A2F9211D5A464144504402F09CF947
S2140198100C2303FB07839DF814201B7A13449E42F6
S214019820D1D040F273210F4821F03FF901250220E3
S214019830FFF73CFE99F8003013B1013B89F8003080
S2140198404FF0FF3308EB040248F80430C2E9013355
S21401985067E700BF6F6C0020844900202449002080
S214019860CA620020800E040088480020385D04008B
S2140198704FF00C0A0AFB02B3187AA6EB00095FFA4E
S21401988089F9A14501D35FFA84F90AFB02FA0AF1C4
S214019890040528444A464146584402F055F90BEB64
S2140198A00A031A7AA4EB09044A44D2B2B242A4B219
S2140198B01A7219D103200193FFF7F8FD32460BEB1C
S2140198C005015BF80A001BF0AEFE05460220FFF715
S2140198D0EDFD4FF0FF32019B4BF80A20C3E9012250
S2140198E0002D7FF41EAFC844002C3FF41EAF4F443A
S2140198F0104B1B78012B7FF424AFB7FBF6F306FB66
S2140199001373002B7FF413AFE319B3FBF6F506FBD5
S2140199101535002D3FF415AF641B5B1B08EB0401E6
S2140199202A4604A80393A4B202F00EF98DF8145047
S21401993007E700BF6F6C002070B5134B1B78012B37
S2140199400CD1FFF70FFE0026104D55F8043C0133ED
S21401995006D10336182E05F10C05F6D1002411E0C8
S2140199600320FFF7A3FD55F8044CFFF7E7FD294652
S214019970024620461BF057FE04460220FFF796FDDE
S214019980002CE6D0204670BD6F6C00208849002070
S21401999070B505460C46FFF7E5FD0520FFF786FD89
S2140199A0214628461BF04DFE06460220FFF77EFDA7
S2140199B000220A4B2C441968481C08D0A94206D339
S2140199C0A1423EBF4FF0FF31C3E900119960033257
S2140199D0182A03F10C03EED1304670BD84490020ED
S2140199E0D0E9023253F8223010B51C68204600F048
S2140199F095FA28B12146BDE81040024800F002BEA3
S214019A0010BD00BFFE0E040008B5D0E9023253F8BF
S214019A102230186800F06CF920B1BDE80840024811
S214019A2000F0F0BD08BD00BF200F04002DE9F04195
S214019A30D0E9023253F8221003EB82035B680F6809
S214019A401D789AB0642D04D96421114800F0DAFD1E
S214019A5064252A46384601A900F002F9044698B959
S214019A600C4800F0CFFDDFF8348001AE013DA54281
S214019A7002DC1AB0BDE8F0813919404616F8012B10
S214019A8000F0C0FD0134F2E7034800F0BBFDF0E74B
S214019A90430F0400630F04008D0F04007A0F0400C7
S214019AA02DE9F04700252D4FDFF8E080DFF8E09044
S214019AB08CB0284603A900F0EFF810B10CB0BDE851
S214019AC0F087049B2946039A0093384600F09AFDD6
S214019AD0404600F097FD059910290CD810290CD89E
S214019AE0DFE801F00F14320B340B0B0B360B0B0BAC
S214019AF00B0B0B0B3A0020292CD0194800F082FDE5
S214019B0007E0184800F07EFD0135D2E7164800F060
S214019B1079FD0699484600F075FD0799134800F04F
S214019B2071FD134800F06EFD1024DFF868A00DF1FA
S214019B301F06504616F8011F013C00F063FD14F0A5
S214019B40FF04F6D10B48DDE70B48E0E70B48DEE7FC
S214019B500B48DCE70B48DAE70B48D8E7A80F040008
S214019B604D100400FD0F04000D10040073100400D6
S214019B708B10040012B20300151004001D1004001F
S214019B80261004003110040048100400EC0F0400F5
S214019B905C1004009C10040010B50B4C8EB02378AA
S214019BA05BB9EDF725FF014650B9012301A82370E3
S214019BB0EDF7A4FF054B049A1A6020780EB010BD8D
S214019BC0034800F01FFDF8E7CD620020C84C0020D6
S214019BD0A210040000B58FB0FFF7DEFF002829D0E1
S214019BE001A8EDF78BFF059B1448198800F00AFDC4
S214019BF0059B13485969134B002908BF194600F005
S214019C0001FD059B1048598800F0FCFC059B0F4898
S214019C10196900F0F7FC059B0D48D96800F0F2FCC5
S214019C20059B0C48197E00F0EDFC0B4B0B481968A0
S214019C3000F0E8FC0FB05DF804FB00BFDF10040085
S214019C40F11004000DDD03000311040017110400D8
S214019C502B1104003F110400C84C002053110400CE
S214019C6070B5064615460C4679B172B1FFF794FFFA
S214019C7068B121462A463046EEF74AF8014618B141
S214019C80044800F0BFFC012070BD2120FCE7112034
S214019C90FAE700BF6511040037B505460C46FFF725
S214019CA07BFFE0B1114B1B68AB421AD9CCB1002146
S214019CB02422204601F0B8FD2146284616F07EFEF5
S214019CC088B9284601AA04F10801EDF7D3FF20B1AF
S214019CD040F20643C01A18BF012003B030BD112060
S214019CE0FBE72120F9E70120F7E700BFC84C002079
S214019CF0F0B593B00546FFF74FFF002845D0254B3A
S214019D001A68AA4207D829462348013A00F07AFC85
S214019D10212013B0F0BD05A8EDF7F0FE284603A9F3
S214019D2016F04CFE98BB049A22F4FF57C2F30C03BC
S214019D3027F01F072BB14FF400532946174800F0B0
S214019D4061FC039E7FB120F0BDFE30464FF400510A
S214019D50EEF76AF83346044606F5005650B9039BFB
S214019D60F31ABB42EFD32A4639460D4800F04AFCA7
S214019D70002406E000902A464FF40051094800F0FE
S214019D8041FC201E18BF0120C3E71120C1E70120B6
S214019D90BFE700BFC84C0020931104004112040025
S214019DA000130400AF12040010B5044638B1FFF7E3
S214019DB0F3FE30B10020044B1B68236010BD212048
S214019DC0FCE71120FAE700BFC84C002010B5044696
S214019DD0FFF7E2FEB0B10C4B1A68A24206D8214644
S214019DE00A48013A00F00EFC212010BD20F06AFE60
S214019DF040F2C12220460649EDF7FCFE003818BFA6
S214019E000120F2E71120F0E7C84C0020931104006E
S214019E10044A002010B50446FFF7BEFE70B1214685
S214019E200848EDF707FF40F20323984208D040F2B6
S214019E30012398420CBF0520012010BD1120FCE72C
S214019E400020FAE7044A00202DE9F0412D4D044692
S214019E502F68FFF7A1FE002851D02968A14207D834
S214019E604A1E2948214600F0CDFB2120BDE8F0819D
S214019E702648EDF79FFEDFF894800246B0B94346C8
S214019E802E68964222D1BE4214BF3A4606F1FF32F0
S214019E9012BB31461D48C8F80040EDF76BFE01467F
S214019EA000B31B4800F0AEFB0120DFE72046EDF7CC
S214019EB041FE044638B10146164800F0A3FB201EB9
S214019EC018BF0120D2E7EDF791FCF8E753F8041B21
S214019ED08C42DDD00132D4E70C499200081D01F016
S214019EE0F5FCD6E729680948EDF764FE044610B18B
S214019EF001460948D6E7EDF779FC2046B6E711207A
S214019F00B4E700BFC84C002093110400E4490020C8
S214019F10461304001C13040079130400F8B5044624
S214019F20FFF73AFE002845D0234B1A68A24207D80D
S214019F3021462248013A00F065FB21242046F8BD5F
S214019F401F4800F05FFB20F0BDFD40F2C1221D4915
S214019F502046EDF74FFE40F20327054620F0B2FDFE
S214019F60184E65B140F203239D421AD02946164881
S214019F7000F048FB0124154800F044FBDEE720F022
S214019F80A1FD29463046EDF755FEB84209D040F20C
S214019F900123984203D10E4800F034FBE1E7054661
S214019FA0DFE721460B4800F02DFB2046FFF74CFF6C
S214019FB00446E0E71124C1E7C84C002093110400D1
S214019FC0B0130400044A0020D013040012B20300A8
S214019FD019E90300E813040010B50A46044619B14E
S214019FE0024B00211B68984710BD00BF445D04006A
S214019FF010B5114C2378580744BF23F0040323708F
S21401A0002378990705D500F05DF8237823F002033D
S21401A010237063781BB10023084A636053600023F2
S21401A020082106486370FFF7D7FF2378DA0744BF95
S21401A03023F00103237010BDCC4C0020D04C00202F
S21401A04038B51A4C62782378022A01D1072B11D031
S21401A050DD0712D52378980707D400F02BF823786C
S21401A060054643F00203237080B96278237882B1F3
S21401A0705A0716D50025284638BD17F061FC237807
S21401A080054643F0010323700028E3D0FFF7B0FF35
S21401A090F1E7D907ECD5064962604A600222627090
S21401A0A0E6E743F004032370E4E700BFCC4C00204E
S21401A0B0D04C00200122024B002083F8F02070478C
S21401A0C0D84C00202DE9F0410A4C002526464FF0D9
S21401A0D0010803272046C4F81C80277601351BF0AB
S21401A0E0FDFA062D04F12804F4D1002386F8F03099
S21401A0F0BDE8F081D84C00202DE9F04F984691B08C
S21401A1000B1E0A93B44B914614BF83469B4600250B
S21401A1101A9E98F8000070B94D4538BF2A464B463E
S21401A1204FF000000A9928BF09F1FF32D8472846A8
S21401A13011B0BDE8F08F252808F1010806D02A469F
S21401A1404B460A996C1CD8472546E2E70023414650
S21401A15011F8012B2B2A16D00AD8202A16D0232A2A
S21401A16017D0A2F13000092834D800270A2418E0B5
S21401A1702D2A05D0302AF4D143F001038846E6E7BC
S21401A18043F00203FAE743F00403F7E743F008035A
S21401A190F4E743F01003F1E7884604FB0722A2F137
S21401A1A03007414611F8012BA2F130000928F3D9F6
S21401A1B098F800202E2A52D198F8011008F10102D1
S21401A1C0A1F13000092843F480633ED800244FF003
S21401A1D00A0E11E02A2A08D156F8047B8846002F79
S21401A1E0BCBF43F002037F42E2E70027E0E70246F6
S21401A1F00EFB0411A1F13004104610F8011BA1F169
S21401A200300CBCF1090FF2D99046424612F8011BF8
S21401A2106C292DD025D8682933D06A293BD04246EF
S21401A220904618F8010B672860D8572836D8452875
S21401A23008D084D9462800F0188147287FF47FAFDC
S21401A24043F4006343F0200327E12A2906D156F898
S21401A250044B08F1020824EAE474D6E79046002489
S21401A260D3E7742901D07A29D9D143F48073D7E78B
S21401A27098F801106C29F8D143F4407308F10202F2
S21401A280CEE798F80110682902D043F08003C7E7AB
S21401A29043F0C003F2E743F40073C1E7A0F15802AC
S21401A2A00F2A3FF64CAF01A151F822F04DA3010051
S21401A2B03FA101003FA101003FA101003FA1010014
S21401A2C03FA101003FA101003FA101003FA1010004
S21401A2D03FA101004DA30100B9A401004DA3010057
S21401A2E08FA401006FA401008FA40100A0F16901F1
S21401A2F0C9B20F293FF623AF012249F2410C8A4029
S21401A30012EA0C0218D10A2900F0158107297FF4F8
S21401A31016AF43F0210305930823CDE90343102329
S21401A320CDE9012356F8043B2A46009358464B468E
S21401A3300A991BF0C3FAA8E06F2800F05E8110D9D5
S21401A340782808D1102223F00C0310E0582839D0C1
S21401A350622800F054810A2223F01003642806D0F4
S21401A360F1E769284FF00A0223F01003F6D15905E8
S21401A37048BF23F00103692803F4007101D0642863
S21401A38040D111B3073626F00706B24670685AF870
S21401A390081BCDE9077300230593C30F002802931A
S21401A3A006940B46049202DA4B4260EB4000CDE97C
S21401A3B000304B462A4658460A991BF0C1FA054614
S21401A3C05646A6E643F02003BCE7D90506F1040A83
S21401A3D004D5316805E000BF1F57030058060CD5A9
S21401A3E03178CDE90224CDE9047300294FEAD1730F
S21401A3F00193B8BF4942009120E01906E9D5B6F9A4
S21401A4000010EEE779B1CDE907730023CDE9042307
S21401A41006F1070A2AF0070A06940293FAE80223CD
S21401A420CDE90023C5E7D80506F1040A0DD5CDE927
S21401A4300473CDE902240191336800934B462A4602
S21401A44058460A991BF03AFAB9E7590607D5317802
S21401A450CDE904730023CDE902240193CBE73168EB
S21401A46013F0800F18BF89B2F2E743F02003CDE95D
S21401A4700173073626F007060094B6EC020B4B462E
S21401A4802A4658460A99EAF783F9054641E600F056
S21401A490DF00472801D143F40063CDE90173073695
S21401A4A026F007060094B6EC020B4B462A465846A1
S21401A4B00A99E9F7B1FFE8E713F0020426D04FF056
S21401A4C0010A6B1C0B932A464B460A9916F8040B95
S21401A4D0D84774B354460B9A21E04B4620200A997C
S21401A4E0D8470AEB05020AF1010A5745F5D83A1E84
S21401A4F018BF0122002A07F1FF3308BF002307F126
S21401A500010A1D4408BF4FF0020ADAE7A246E8E74F
S21401A510551C4B4620200A99D8472A460134BC428E
S21401A520F6D3A7EB0A03574538BF00230B9A1A4404
S21401A5300B920B9DEDE53246002C52F8046B14BFCE
S21401A54021464FF0FF310B9232463144107808B164
S21401A550914211D1A2EB060A13F480620C9202D04A
S21401A560A24528BFA24613F002030D931BD1AAEB06
S21401A57005032A460F9308E00132E7E7531C0E93C2
S21401A58020204B460A99D8470E9A0F9BD318BB42F8
S21401A590F4D3A7EB0A03574538BF00230AF101029B
S21401A5A01D4403EB020AAB1B0E9304E01C464B460C
S21401A5B02A460A99D8470E9BF51816F8010B28B1BA
S21401A5C00C9B002BF3D0631E002CEFD10D9B93B197
S21401A5D02A46AAEB050405E0561C4B4620200A999C
S21401A5E0D84732461319BB42F6D3A7EB0A035745A1
S21401A5F038BF00231D440B9E8BE50822A3E60222EA
S21401A600A1E600BF0FB41FB506AA52F8043B02A983
S21401A6100392009204484FF0FF32FFF76DFD05B03C
S21401A6205DF804EB04B07047E15903001FB503461B
S21401A63000914FF0FF3203A90248FFF75DFD05B018
S21401A6405DF804FBE15903001FB5CDE90201009353
S21401A65002A9134603484FF0FF32FFF74DFD05B040
S21401A6605DF804FBE95903001FB5094B094A186850
S21401A670094B01A91860094B1360094A0192094A5E
S21401A6801268CDE9022317F002FA05B05DF804FB63
S21401A690D8680020D03D0020D43D0020CC680020A2
S21401A6A0EB4B040088500020014B186817F003BAE2
S21401A6B0D868002038B5F1F71BFE0446064D2B6816
S21401A6C0D3F8B002F1F708FE286817F007FA20461B
S21401A6D0BDE83840F1F700BED868002010B51F4C21
S21401A6E0EFF7DCFE236F012023F0070343F002039C
S21401A6F02367EFF7E1FED4F82031002023F00703AB
S21401A70043F00103C4F82031D4F8403123F00303A9
S21401A71043F00103C4F84031D4F8603123F0030359
S21401A72043F00103C4F86031D4F8403223F0030348
S21401A73043F00103C4F84032D4F8003223F0070393
S21401A74043F00103C4F80032D4F8083223F00703BB
S21401A75043F00103C4F8083210BD00BF008000506A
S21401A760064B1B681A7A022A01D81AB97047032ABF
S21401A77000D070471B68024A13607047DC680020EF
S21401A780885000200022024B5A60DA601A60704737
S21401A7908C50002008B501F037FF0022014B1A70DB
S21401A7A008BD00BFCE6200200A4601491BF086B9EB
S21401A7B0DD7504000A4601491BF080B9D87504000E
S21401A7C00A4601491BF07AB9D17504000A460149C7
S21401A7D01BF074B9CE7504000A4601491BF06EB928
S21401A7E0CB7504000A4601491BF068B9C67504001A
S21401A7F00A4601491BF062B9C17504000A460149BF
S21401A8001BF05CB9BC7504000A4601491BF056B939
S21401A810B575040081F0004102E000BF83F00043FB
S21401A82030B54FEA41044FEA430594EA050F08BFE5
S21401A83090EA020F1FBF54EA000C55EA020C7FEAA9
S21401A840645C7FEA655C00F0E2804FEA5454D4EB26
S21401A8505555B8BF6D420CDD2C4480EA020281EAF0
S21401A860030382EA000083EA010180EA020281EA28
S21401A8700303362D88BF30BD11F0004F4FEA01317A
S21401A8804FF4801C4CEA113102D0404261EB410189
S21401A89013F0004F4FEA03334CEA133302D052420F
S21401A8A063EB430394EA050F00F0A780A4F10104CB
S21401A8B0D5F1200E0DDB02FA0EFC22FA05F2801805
S21401A8C041F1000103FA0EF2801843FA05F35941EB
S21401A8D00EE0A5F120050EF1200E012A03FA0EFC6A
S21401A8E028BF4CF0020C43FA05F3C01851EBE37194
S21401A8F001F0004507D54FF0000EDCF1000C7EEBB1
S21401A90000006EEB0101B1F5801F1BD3B1F5001FEE
S21401A9100CD349085FEA30004FEA3C0C04F101040D
S21401A9204FEA445212F5800F80F09A80BCF1004F36
S21401A93008BF5FEA500C50F1000041EB045141EAB8
S21401A940050130BD5FEA4C0C404141EB0101013C81
S21401A95028BFB1F5801FE9D291F0000F04BF014670
S21401A9600020B1FA81F308BF2033A3F10B03B3F142
S21401A97020020CDA0C3208DD02F1140CC2F10C02D2
S21401A98001FA0CF021FA02F10CE002F11402D8BF30
S21401A990C2F1200C01FA02F120FA0CFCDCBF41EAFC
S21401A9A00C019040E41AA2BF01EB0451294330BDCB
S21401A9B06FEA04041F3C1CDA0C340EDC04F11404A8
S21401A9C0C4F1200220FA04F001FA02F340EA03007F
S21401A9D021FA04F345EA030130BDC4F10C04C4F1C5
S21401A9E0200220FA02F001FA04F340EA03002946A5
S21401A9F030BD21FA04F0294630BD94F0000F83F4EF
S21401AA00801306BF81F480110134013D4EE77FEAD1
S21401AA10645C18BF7FEA655C29D094EA050F08BF1D
S21401AA2090EA020F05D054EA000C04BF19461046FE
S21401AA3030BD91EA030F1EBF0021002030BD5FEA42
S21401AA40545C05D14000494128BF41F0004130BD6A
S21401AA5014F580043CBF01F5801130BD01F00045BE
S21401AA6045F0FE4141F470014FF0000030BD7FEA31
S21401AA70645C1ABF194610467FEA655C1CBF0B462C
S21401AA80024650EA013406BF52EA033591EA030F43
S21401AA9041F4002130BD00BF90F0000F04BF00213B
S21401AAA0704730B54FF4806404F132044FF000056E
S21401AAB04FF0000150E700BF90F0000F04BF0021E7
S21401AAC0704730B54FF4806404F1320410F000454D
S21401AAD048BF40424FF000013EE700BF42004FEA48
S21401AAE0E2014FEA31014FEA02701FBF12F07F43C5
S21401AAF093F07F4F81F06051704732F07F4208BF7C
S21401AB00704793F07F4F04BF41F40021704730B582
S21401AB104FF4607401F0004521F000411CE700BFCE
S21401AB2050EA010208BF704730B54FF000050AE051
S21401AB3050EA010208BF704730B511F0004502D552
S21401AB40404261EB41014FF4806404F132045FEA54
S21401AB50915C3FF4D8AE4FF003025FEADC0C18BFFD
S21401AB6003325FEADC0C18BF033202EBDC02C2F1EF
S21401AB70200300FA03FC20FA02F001FA03FE40EA81
S21401AB800E0021FA02F11444BDE600BF70B54FF085
S21401AB90FF0C4CF4E06C1CEA11541DBF1CEA135563
S21401ABA094EA0C0F95EA0C0F00F0DEF82C4481EACB
S21401ABB0030621EA4C5123EA4C5350EA013518BFEB
S21401ABC052EA033541F4801143F4801338D0A0FBD8
S21401ABD002CE4FF00005E1FB02E506F00042E0FB85
S21401ABE003E54FF00006E1FB03569CF0000F18BF8B
S21401ABF04EF0010EA4F1FF04B6F5007F64F5407433
S21401AC0004D25FEA4E0E6D4146EB060642EAC621C5
S21401AC1041EA55514FEAC52040EA5E504FEACE2E32
S21401AC20B4F1FD0C88BFBCF5E06F1ED8BEF1004F35
S21401AC3008BF5FEA500E50F1000041EB045170BDB1
S21401AC4006F0004646EA010140EA020081EA0301F5
S21401AC50B4EB5C04C2BFD4EB0C0541EA045170BDF1
S21401AC6041F480114FF0000E013C00F3AB8014F16B
S21401AC70360FDEBF002001F0004170BDC4F10004B4
S21401AC80203C35DA0C341BDC04F11404C4F1200535
S21401AC9000FA05F320FA04F001FA05F240EA020090
S21401ACA001F0004221F0004110EBD37021FA04F6C6
S21401ACB042EB06015EEA430E08BF20EAD37070BD80
S21401ACC0C4F10C04C4F1200500FA04F320FA05F0DF
S21401ACD001FA04F240EA020001F0004110EBD370E1
S21401ACE041F100015EEA430E08BF20EAD37070BD51
S21401ACF0C4F1200500FA05F24EEA020E20FA04F32A
S21401AD0001FA05F243EA020321FA04F001F00041D8
S21401AD1021FA04F220EA020000EBD3705EEA430E49
S21401AD2008BF20EAD37070BD94F0000F0FD101F078
S21401AD300046400041EB010111F4801F08BF013CB1
S21401AD40F7D041EA060195F0000F18BF704703F0EF
S21401AD500046520043EB030313F4801F08BF013D76
S21401AD60F7D043EA0603704794EA0C0F0CEA135532
S21401AD7018BF95EA0C0F0CD050EA410618BF52EAEC
S21401AD804306D1D181EA030101F000414FF00000F2
S21401AD9070BD50EA410606BF1046194652EA430600
S21401ADA019D094EA0C0F02D150EA013613D195EA74
S21401ADB00C0F05D152EA03361CBF104619460AD1BC
S21401ADC081EA030101F0004141F0FE4141F47001C6
S21401ADD04FF0000070BD41F0FE4141F4780170BDB6
S21401ADE070B54FF0FF0C4CF4E06C1CEA11541DBF1B
S21401ADF01CEA135594EA0C0F95EA0C0F00F0A7F81D
S21401AE00A4EB050481EA030E52EA03354FEA013149
S21401AE1000F088804FEA03334FF0805545EA13135C
S21401AE2043EA12634FEA022245EA111545EA106524
S21401AE304FEA00260EF000419D4208BF964244F1BB
S21401AE40FD0404F5407402D25B084FEA3202B61ADA
S21401AE5065EB03055B084FEA32024FF480104FF4AE
S21401AE60002CB6EB020E75EB030E22BFB61A754622
S21401AE7040EA0C005B084FEA3202B6EB020E75EBB5
S21401AE80030E22BFB61A754640EA5C005B084FEA1D
S21401AE903202B6EB020E75EB030E22BFB61A7546EA
S21401AEA040EA9C005B084FEA3202B6EB020E75EBF5
S21401AEB0030E22BFB61A754640EADC0055EA060EB6
S21401AEC018D04FEA051545EA16754FEA06164FEAF9
S21401AED0C30343EA52734FEAC2025FEA1C1CC0D1A5
S21401AEE011F4801F0BD141EA00014FF000004FF032
S21401AEF0004CB6E711F4801F04BF01430020B4F1F3
S21401AF00FD0C88BFBCF5E06F3FF6AFAEB5EB030CAA
S21401AF1004BFB6EB020C5FEA500C50F1000041EBA7
S21401AF20045170BD0EF0004E4EEA113114EB5C0474
S21401AF30C2BFD4EB0C0541EA045170BD41F4801147
S21401AF404FF0000E013C90E645EA060E8DE60CEA4F
S21401AF50135594EA0C0F08BF95EA0C0F3FF43BAF6C
S21401AF6094EA0C0F0AD150EA01347FF434AF95EA23
S21401AF700C0F7FF425AF104619462CE795EA0C0F07
S21401AF8006D152EA03353FF4FDAE1046194622E7D4
S21401AF9050EA410618BF52EA43067FF4C5AE50EAAE
S21401AFA041047FF40DAF52EA43057FF4EBAE12E79E
S21401AFB04FF0FF3C06E000BF4FF0010C02E000BF7F
S21401AFC04FF0010C4DF804CD4FEA410C7FEA6C5C62
S21401AFD04FEA430C18BF7FEA6C5C1BD001B050EA05
S21401AFE0410C0CBF52EA430C91EA030F02BF90EAF0
S21401AFF0020F0020704710F1000F91EA030F58BFAF
S21401B000994208BF90422CBFD8176FEAE37040F010
S21401B010010070474FEA410C7FEA6C5C02D150EAAE
S21401B020013C07D14FEA430C7FEA6C5CD6D152EA69
S21401B030033CD3D05DF8040B704700BF844610462E
S21401B04062468C461946634600E000BF01B5FFF72D
S21401B050B7FF002848BF10F1000F01BD4DF808EDFD
S21401B060FFF7F4FF0CBF012000205DF808FB00BFCE
S21401B0704DF808EDFFF7EAFF34BF012000205DF828
S21401B08008FB00BF4DF808EDFFF7E0FF94BF012075
S21401B09000205DF808FB00BF4DF808EDFFF7CEFF76
S21401B0A094BF012000205DF808FB00BF4DF808EDB5
S21401B0B0FFF7C4FF34BF012000205DF808FB00BF86
S21401B0C04FEA410212F5001215D211D56FF47873CA
S21401B0D0B3EB625212D94FEAC12343F0004343EA6D
S21401B0E0505311F0004F23FA02F018BF4042704748
S21401B0F04FF00000704750EA013005D111F00040D2
S21401B10008BF6FF0004070474FF00000704700BF67
S21401B1104A0011D212F5001211D20DD56FF47873D0
S21401B120B3EB62520ED44FEAC12343F0004343EA25
S21401B130505323FA02F070474FF00000704750EA70
S21401B140013002D14FF0FF3070474FF000007047DA
S21401B15053B94AB9002908BF00281CBF4FF0FF3178
S21401B1604FF0FF3000F08CB9ADF1080C6DE904CE5C
S21401B17000F006F8DDF804E0DDE9022304B07047CC
S21401B1802DE9F04F099D0E4604460F46002B47D188
S21401B1908A429446B2FA82F35AD943B102FA03FCC0
S21401B1A0C3F120029F409C4020FA02F217434FEA67
S21401B1B01C461FFA8CFE220CB7FBF6F106FB117734
S21401B1C001FB0EF042EA0742904208D91CEB02024C
S21401B1D001F1FF3702D2904200F23C813946121A41
S21401B1E0A4B2B2FBF6F006FB102200FB0EFE44EA08
S21401B1F00244A64508D91CEB040400F1FF3202D232
S21401B200A64500F22A81104640EA0140A4EB0E044E
S21401B21000211DB1DC400023C5E90043BDE8F08FE5
S21401B2208B4205D90DB1C5E9000100210846F5E7B5
S21401B230B3FA83F100294FD1B342C0F002818242B2
S21401B24040F2FF800846002DE8D0C5E90047E5E753
S21401B250002B40F0AF808A1A4FEA1C4E1FFA8CF77B
S21401B2600121B2FBFEF60EFB1620220C42EA00423A
S21401B27007FB06F090420FD91CEB020206F1FF38DD
S21401B2802CBF4FF001094FF00009904203D9B9F1E4
S21401B290000F00F0DC804646121AA4B2B2FBFEF0A4
S21401B2A00EFB102200FB07F744EA0244A7420FD91F
S21401B2B01CEB040400F1FF322CBF4FF0010E4FF0DF
S21401B2C0000EA74203D9BEF1000F00F0C980104658
S21401B2D0E41B40EA06409CE7C1F120048B4006FAD5
S21401B2E001FC00FA01FE22FA04F7E6408A401F43F9
S21401B2F020FA04F34FEA174843EA0C031FFA87FCC7
S21401B3004FEA1349B6FBF8F008FB106649EA064611
S21401B31000FB0CF9B1450ED9BE1900F1FF3A2CBF5E
S21401B3204FF0010B4FF0000BB14503D9BBF1000FF5
S21401B33000F0A2805046A6EB09061FFA83F9B6FB79
S21401B340F8F308FB136603FB0CFC49EA0646B44512
S21401B3500ED9BE1903F1FF382CBF4FF001094FF08B
S21401B3600009B44503D9B9F1000F00F082804346C5
S21401B37043EA0040A6EB0C06A0FB028C664543465A
S21401B380E14602D307D1C64505D2B8EB02036CEB02
S21401B390070C0138E1465DB1BEEB030266EB090618
S21401B3A006FA04F422FA01F3CE401C43C5E900462E
S21401B3B0002133E702FA03FCC3F1200299409C40C6
S21401B3C0D6404FEA1C4E20FA02F21FFA8CF7B6FB63
S21401B3D0FEF00A430EFB1066110C41EA064100FB23
S21401B3E007F68E420ED91CEB010100F1FF382CBF87
S21401B3F04FF001094FF000098E4202D9B9F1000F52
S21401B40034D04046891B92B2B1FBFEF60EFB1611F4
S21401B41042EA014206FB07F191420ED91CEB0202F9
S21401B42006F1FF382CBF4FF001094FF00009914299
S21401B43002D9B9F1000F16D04646521A46EA004123
S21401B4400FE7841A66EB030201201746FBE6023E6D
S21401B450624421E702396244C1E664440238D3E615
S21401B4606444023834E7023E6244E6E70238614447
S21401B470C8E7023B3E447BE702383E445BE700BF39
S21401B480704700BF2DE9F04F924685B089461E46AB
S21401B4900D46554A0390294615F8014B135D13F0E6
S21401B4A00803F8D12D2C7CD02B2C4ED04FF0FF3139
S21401B4B002936FF00043CDE9001336F0100851D027
S21401B4C037464FEAE6783A464346DDE90001FFF79C
S21401B4D03FFE002383468E4618461946A44613E0CF
S21401B4E0ACF13704A6421FDD002B09DB83457EEB5A
S21401B4F0010305D38E4508BF83453BD1A24239DA05
S21401B5004FF0FF3315F801CBACF13004092CE9D923
S21401B510ACF14104192CE3D9ACF16104192C03D820
S21401B520ACF15704A642DFDC5A1C2FD0029A12B1A6
S21401B530404261EB4101BAF1000F03D0002B48D124
S21401B540CAF8009005B0BDE8F08F4FF0FF300293C7
S21401B55036F010086FF000432C7801F10205CDE9B2
S21401B5600003ADD1302C25D0002E3AD10A27B046A3
S21401B5703E46A8E700FB08F307FB0133A0FB0701E3
S21401B5800B44201843EBE4710123BBE72223039A03
S21401B5901360BAF1000F17D005F1FF39DDE900019C
S21401B5A0CEE74FF00047009301232C788D1CCDE9A0
S21401B5B0017382E72B7803F0DF03582B0CD086B992
S21401B5C00827B0463E467EE7DDE9000105B0BDE846
S21401B5D0F08FCDE90001DFE710276C7802353E4693
S21401B5E071E710273E466EE7E57504004AE700BF9F
S21401B5F010B4044C13460A46014620685DF8044B15
S21401B60040E700BF0C69002010B4044C13460A46FC
S21401B610014620685DF8044B34E700BF0C69002042
S21401B62020F0030110F00300C0F1000051F8043BC4
S21401B63000F1040C4FEACC0C6FF000021CBF22FA9A
S21401B6400CF213434FF0010C4CEA0C2C4CEA0C4C58
S21401B650A3EB0C0222EA030212EACC1204BF51F851
S21401B660043B0430F4D0C2F1000102EA0102B2FA4E
S21401B67082F2C2F11F0200EBD20070472DE9F047BB
S21401B68080460C464548264614F801EB10F80EC0D5
S21401B6901CF0080CF7D1BEF12D0F5BD0BEF12B0FBD
S21401B6A03AD0654633F010003ED04FF0FF379A4649
S21401B6B0B7FBF3F703FB07F96FEA090900263046E3
S21401B6C00EE0AEF1370C63451DDD002E04DBB842FB
S21401B6D002D833D1CC4531DD4FF0FF3614F801EBFB
S21401B6E0AEF1300CBCF1090FEDD9AEF1410CBCF155
S21401B6F0190FE6D9AEF1610CBCF1190F03D8AEF102
S21401B700570C6345E1DC731C1CD005B140420AB1FD
S21401B710F6B91160BDE8F08733F0100094F800E048
S21401B720654606F10204C0D1BEF1300F17D06BBBDF
S21401B7300A234FF005091A4F9A46BFE700FB0AC0D5
S21401B7400126CBE722233046C8F80030002AE1D094
S21401B750611EDEE794F800E00125B41CA2E720781C
S21401B76000F0DF00582807D083B908234FF00709F7
S21401B7706FF060479A46A1E7102394F801E04FF076
S21401B7800F0902346FF070479A4697E710234FF07F
S21401B7900F096FF070479A4690E700BFE575040001
S21401B7A0999999196AE700BF10B4044C13460A46E2
S21401B7B0014620685DF8044B60E700BF0C69002075
S21401B7C010B4044C13460A46014620685DF8044B43
S21401B7D054E700BF0C6900200F4B70B50F4DAB420C
S21401B7E0A3EB050607D0B6100024013455F8043B38
S21401B7F09847A642F9D80A4D1FF062FB094B5E1B1B
S21401B800AB424FEAA60606D00024013455F8043BA5
S21401B8109847A642F9D870BDA06C0020A06C002005
S21401B820A06C0020A46C002070B5860747D0541E7B
S21401B830002A3ED0CAB2034601E0013C39D303F8E0
S21401B840012B9D07F9D1032C2CD9CDB20F2C05EB7A
S21401B850052505EB054535D9A4F1100C03F1100EAD
S21401B8601A462CF00F064FEA1C1CB644C2E90055D6
S21401B870C2E9025510327245F8D10CF1010214F0FA
S21401B8800C0F04F00F0C03EB021213D0ACF10403FF
S21401B89023F003030433134442F8045B9342FBD1C1
S21401B8A00CF003042CB1C9B21C4403F8011BA342DB
S21401B8B0FBD170BD64461346002CF4D1F9E703466C
S21401B8C01446C0E71A46A446E0E700BF88420ED9F0
S21401B8D08B1883420BD900EB020C002A6ED062460D
S21401B8E013F801CD994202F801CDF9D170470F2A1C
S21401B8F00FD8034602F1FF3C002A5FD00CF1010C81
S21401B900013B8C4411F8012B614503F8012FF9D155
S21401B910704740EA01039B0751D1A2F1100301F1E0
S21401B920200C70B523F00F0501F1100E00F1100484
S21401B9301B09AC445EF8105C0EF1100E103444F88E
S21401B940205C5EF81C5C44F81C5C5EF8185C44F8ED
S21401B950185C5EF8145CE64544F8145CEAD10133E1
S21401B96012F00C0F02F00F0C01EB031100EB0313A6
S21401B97029D0ACF1040C1C1F8E462CF003064FEAAE
S21401B9809C0C1E445EF8045B44F8045FB442F9D193
S21401B9900CF1010402F0030203EB840301EB8401C2
S21401B9A002F1FF3C4AB10CF1010C013B8C4411F849
S21401B9B0012B614503F8012FF9D170BD704702F1E3
S21401B9C0FF3C03469AE76246EAE700BF2DE9F04FDF
S21401B9D082468E463F4875461EF801BB10F80B405E
S21401B9E014F00804F7D1BBF12D0F5BD0BBF12B0F80
S21401B9F06FF0004904BF9EF800B005F1020E33F067
S21401BA00100010D1BBF1300F04D0002B5ED10A23F9
S21401BA101F4609E09EF8000000F0DF0058284ED0CF
S21401BA20002B53D108231F460025B9FBF7F62846FD
S21401BA3007FB16980EE0ABF1370C63451DDD002DB4
S21401BA4004DB864202D321D1E0451FDA4FF0FF35F1
S21401BA501EF801BBABF1300CBCF1090FEDD9ABF10F
S21401BA60410CBCF1190FE6D9ABF1610CBCF1190F11
S21401BA7003D8ABF1570C6345E1DC6B1C0AD004B16B
S21401BA8040420AB1CDB91160BDE8F08F07FB00C096
S21401BA900125DDE72223CAF800305AB10EF1FF3145
S21401BAA04846F0E79EF800B04FF0004905F1020E57
S21401BAB00124A4E74846BDE8F08F8146EEE710234F
S21401BAC09EF801B00EF1020E1F46ADE710231F4689
S21401BAD0AAE700BFE5750400242B02D8012B00D08D
S21401BAE074E710B500F02EFA16230360002010BD8F
S21401BAF010B5242A084C1346246807D8012A05D015
S21401BB000A4601462046BDE810405FE700F01AFAF3
S21401BB1016230360002010BD0C69002010B5242AEE
S21401BB20084C1346246807D8012A05D00A46014660
S21401BB302046BDE8104049E700F004FA16230360EA
S21401BB40002010BD0C690020844641EA000313F072
S21401BB50030349D1403A23D30B6803604B68436023
S21401BB608B688360CB68C3600B6903614B69436173
S21401BB708B698361CB69C3610B6A03624B6A43625B
S21401BB808B6A8362CB6AC3620B6B03634B6B436343
S21401BB908B6B8363CB6BC36340304031403ADBD25F
S21401BBA030320BD30B6803604B6843608B6883604D
S21401BBB0CB68C36010301031103AF3D20C3205D383
S21401BBC051F8043B40F8043B043AF9D2043208D059
S21401BBD0D2071CBF11F8013B00F8013B01D30B88CB
S21401BBE003806046704700BF082A13D38B07B1D085
S21401BBF010F00303AED0C3F10403D21ADB071CBF57
S21401BC0011F8013B00F8013BA4D331F8023B20F8C0
S21401BC10023B9FE7043AD9D3013A11F8013B00F8F9
S21401BC20013BF9D20B7803704B7843708B788370A5
S21401BC3060467047024B0146186816F00EBD00BFFD
S21401BC400C690020024B0146186816F009BD00BFBA
S21401BC500C690020CAB384460B4630B50446084337
S21401BC60800719D09CF800000C78A04212D150B37E
S21401BC70012A28D0E64603E01CEB030F23D010B3BD
S21401BC801EF8010F11F8014FA2EB0E03A04203F1BB
S21401BC90FF33F1D0001B30BD032A07D8E2E7043A90
S21401BCA011D01EF0803F0ED1032A10D92068194604
S21401BCB053F8045BA446A0F1013E0434A8422EEAE0
S21401BCC0000EECD0CEE7002030BD10467047A446EB
S21401BCD01946C7E780EA010C1CF0030F37D110F0B4
S21401BCE0030C20F0030021F0030150F8042B08BFD9
S21401BCF051F8043B0ED08CF0030C6FF07F434FEAF3
S21401BD00CC0C23FA0CFC51F8043B42EA0C0243EA41
S21401BD100C0300BFA2F1013C9A4201BF2CEA020CBF
S21401BD201CF0803F50F8042B51F8043BF2D04FEA48
S21401BD3002604FEA1222012828BFB0EB036F08BF4A
S21401BD401B0AF4D003F0FF03000EC01A704710F070
S21401BD50030F0AD010F8012B11F8013B012A28BF66
S21401BD609A42F4D0A2EB030070474DF8045D50F8F8
S21401BD70042B01F0030521F0030151F8043B022DC9
S21401BD8026D04DD822F07F45B5EB132FA2F1013C0A
S21401BD902CEA020C0DD11CF0803C08BF51F8043B84
S21401BDA00AD185EA0205B5EB036F0CD150F8042BD6
S21401BDB0E8E74FEA13235BE03CF07F4C54D10B7865
S21401BDC04FEA126554E04FEA126503F0FF034FE0B5
S21401BDD04FEA0245A2F1013C4FEA15452CEA020C56
S21401BDE0B5EB134F18D11CF0803C08BF51F8043B4B
S21401BDF007D185EA0205B5EB034F09D150F8042BAC
S21401BE00E6E75FEA0C4C2FD10B884FEA12452FE08C
S21401BE104FEA03434FEA12454FEA134328E000BFB7
S21401BE2002F0FF05B5EB136FA2F1013C2CEA020C00
S21401BE300DD11CF0803C08BF51F8043B0AD185EABD
S21401BE400205B5EB032F0AD150F8042BE8E74FEAB9
S21401BE5013630DE012F0FF0F06D051F8043B4FEAD2
S21401BE60122523F07F4303E04FF0000020BC70470B
S21401BE7005F0FF0203F0FF00012828BF904204BF2F
S21401BE802D0A1B0AF4D0A2EB000020BC704700BFAD
S21401BE9008B5064B044613B1002100F0AFF8044B79
S21401BEA01B6803B19847204614F010FEFDBF010041
S21401BEB0D4510020002301461A46184600F048B81F
S21401BEC0032A30B415D941EA000484460B46A40778
S21401BED004D0541E0FE0043A032A08D919466046D6
S21401BEE053F8044B5CF8045BA542F4D0F1E76046D6
S21401BEF01946541E7AB1431E0139021901E09A42CD
S21401BF0009D013F8010F11F801CF6045F7D0A0EB67
S21401BF100C0030BC7047002030BC704738B5074D68
S21401BF20074C2C1BA41005D0013C55F8043D98473E
S21401BF30002CF9D1BDE838401EF0C8BFA86C00201F
S21401BF40A46C0020014B1868704700BF0C690020E4
S21401BF50F0B5264C83B006460F46256805B36C68D7
S21401BF601F2C3FDCA6B1D5F8880048B3D0F80011E5
S21401BF704FF0010C40F82420022E00EB84020CFA4C
S21401BF8004FC4CEA0101C0F80011C2F8803010D060
S21401BF90631C002002346B6045F8247003B0F0BDCA
S21401BFA013491448216010B10068C1F88800104D8B
S21401BFB0D5E7D0F8043143EA0C03C0F80431E7E7CB
S21401BFC00D49CDE9002369B14FF48470FFF732FEC5
S21401BFD040B100216C68C0E94011DDE90023C5F8D5
S21401BFE08800C5E74FF0FF30D8E700BF6452002055
S21401BFF0D85100200000000035BC01002DE9F04FAB
S21401C000DFF8B49083B0D9F8006096B38846019003
S21401C0107568D6F888706C1E2BD4013507F1800B35
S21401C02006EB8505B8F1000F26D173682A68013B37
S21401C030A3423BD000232B60BAB1D6F804A05FB36D
S21401C0400123D7F80011A3400B4225D0D7F80401ED
S21401C05057F8241003422BD1019890477368D9F8FA
S21401C060002053451ED1B2421CD1013C043D631C45
S21401C070D8D103B0BDE8F08F4FB15BF8243043450B
S21401C080D3D0013C043D621CF3D0002FF5D1013C16
S21401C090EFD3013CFBD2ECE790477368D9F8002058
S21401C0A05345E0D0002AE4D01646B1E77460C3E7F2
S21401C0B008469047D2E700BF64520020431E033370
S21401C0C006D8044B984228BF1846642838BF642017
S21401C0D0704700BF40420F0038B5194B05461B6834
S21401C0E00C4603B1984744B1236833B11B6801334A
S21401C0F003D0E3680BB1A3684BB91AF0A5F9002089
S21401C1004FF4C172412100F0FFF9212038BD2046CD
S21401C11002F04AFC00230B4A85F83C31C5E9374357
S21401C120C2E9003363694BB1074A422110684FF4F4
S21401C130D272C31A5842584100F0E6F90020E5E7EA
S21401C140D45400208065002038550020F8B50446F8
S21401C1501EF0A9FB002607460E4B1B6893B19E688E
S21401C160AEB196F82420D20711D435460FCC0FC5B0
S21401C1700FCC0FC523682B6096F8243043F00103DB
S21401C18086F8243038461EF089FB3046F8BD1B6819
S21401C190E4E700BF6069002010B5044618B9054BF6
S21401C1A0054A136010BD00F0D9FCD4F8E830002B26
S21401C1B0F6D1F4E7F35B03005C690020014B1868D5
S21401C1C0704700BF8065002008B502460868FFF783
S21401C1D075FF08604868FFF771FF48608868FFF7D9
S21401C1E06DFF8860C868FFF769FF0B69C860581C57
S21401C1F003D00B48834228BF03460B614B69581C8A
S21401C20003D00748834228BF034688694B61FFF77E
S21401C21055FFBDE808408861104601F07BBC00BFB1
S21401C22040420F00D0F8E0302DE9F04105460C46BB
S21401C23013B1C38D8B424CD0D5F8DC30002B4BD0DC
S21401C2409E68002E48D0D868002845D0013800B234
S21401C25000281ADB002106E0128A591CA24217D2D6
S21401C26009B2884211DB0B1803EBD3735B1003EBA7
S21401C270C30206EB8202B2F80EC003F1FF3EA445EC
S21401C280EAD90FFA8EF08842EDDA2120BDE8F08176
S21401C2904FF6FF7299B29142F7D09BB203EBC303FC
S21401C2A006EB83062846B6F9122095F83011D5F824
S21401C2B0F080EEF709FE0746B8F1000F04D0002320
S21401C2C0324628461946C047EC85C5F8E06085F831
S21401C2D039710020BDE8F0810E20BDE8F08100BF75
S21401C2E02DE9F04782B004460F46164601F086FE59
S21401C2F0002863D14F4D2B68D4F8DCA0D4F8E08039
S21401C3000BB1534576D04FF00009AF6001F09EFEA9
S21401C3100128074665D1204619F0D5FF002851D1DE
S21401C3202B68DAF80010D8F8002013B11868884294
S21401C3306BD0204619F079FFC5E900A8D4F8F05073
S21401C3408DF80760002D67D00022204611460DF1BA
S21401C3500703A847204600F0EDFF0546B9F1000F98
S21401C3600FD076B9D4F88C300BBB012F05D025B190
S21401C370314B002103205B689847284602B0BDE890
S21401C380F087B5FA85F040F207523321400900F0F4
S21401C390BBF83146204601F00BFA284B05461B68D0
S21401C3A0414620469847D4F88C30002BDDD0002239
S21401C3B04FF40073204600F0E1FBD6E700231D4D45
S21401C3C06B6098E794F82530DA07A9D5D4F894304D
S21401C3D05B05A5D51A4B0122002120461B6898470C
S21401C3E09EE70021012000F001FC01F02FFE01284C
S21401C3F0FBD190E76B68002B85D0434583D1AB68B2
S21401C4009F4215D04FF001097FE7696811B10968AD
S21401C410914291D059688CE794F82A1094F83931F2
S21401C4203246994228BF1946204600F0D1FE91E7D0
S21401C4300025A2E780650020686900205C6900206D
S21401C440D8540020F8B50F4605461EF02CFA39469A
S21401C45006462846FFF7E6FE044620B130461EF0A3
S21401C4601DFA2046F8BD01F0A7FD224639462846AA
S21401C470FFF736FF04460028F0D1284619F023FFBF
S21401C4800028EBD095F8253013F001030DD0D5F830
S21401C490942052050DD5B5F82A21BA4205D0B5F833
S21401C4A02C31DB1BB3FA83F35B09034A82F8C430F1
S21401C4B0D4E72346F9E700BF001E00B013B50446D3
S21401C4C0694619F0C4FC204619F008FEFF2802460A
S21401C4D006D020469DF80010EEF774FD02B010BDA0
S21401C4E00048FBE70080FFFF38B5044D044C054BC0
S21401C4F0286021601A601DF0D1FE38BD6854002006
S21401C500646900206C54002010B550B90548064BEC
S21401C5100160064802601868054B18601868FFF746
S21401C520E3FF10BD64690020C45500206C54002050
S21401C530685400202DE9F0418AB001AC05460B464F
S21401C5402746194A02F1200C26461068516808321F
S21401C55003C662453446F7D1002B08BF3B46002789
S21401C56010681C463060384603F10C0690B95FFA35
S21401C57087F842462846218819F0A8FE50B9424657
S21401C5802846E18819F0B3FE20B9424631462846CE
S21401C59019F0BFFE0137032F06F1080604F1020465
S21401C5A0E4D10AB0BDE8F08108770400F0B589B09F
S21401C5B005460E4619F0BCFE044600BB01AC06F16A
S21401C5C00C070FCF0FC497E8070084E8070001A9FE
S21401C5D02846FFF7F9FD2846311D1AF083F8044670
S21401C5E048B92846074901F057FA044618B92846BB
S21401C5F001F0C6FD044628463168FFF79BFF20463A
S21401C60009B0F0BD00770400014919F073BC00BF02
S21401C61051E1010070B5164E032804460D463378E5
S21401C6201ED023FA04F202F00102AA421DD053B131
S21401C6300122A240A54023EA02032B43DBB233705A
S21401C6404BB1012070BD2DB10A4B01201B689847E4
S21401C6503378EDE73570074B00201B689847F0E705
S21401C6609A07DED003F0FC03E9E7002070BD00BFA7
S21401C670CF620020AC54002038B504460D4605F0C4
S21401C68077FD60B101F0C6FC48B9012D07D801203D
S21401C69019F0F9FD0D4B1B6823B15B6898470C4BED
S21401C6A01C7038BD1EF059FA0A4B1A68801A1860B9
S21401C6B01CF06EFF4FF47A72074B1B6802FB0030CA
S21401C6C019F016FC012001F0ADFCE8E7D05400207B
S21401C6D0716C0020A4540020A8540020F8B505462B
S21401C6E00C461EF0E0F8104F06463B7833B1012D9C
S21401C6F004D01CB90D481CF09DFE3C70214628460E
S21401C700FFF788FF0A4B04461B783BB93B782BB9E9
S21401C71019F0ADFD10B1074B1B68984730461EF067
S21401C720BDF82046F8BD00BFD0620020805400202E
S21401C730CF62002068690020054A0B46117831B1A6
S21401C74000211170034A012152681878104770477A
S21401C750D062002068690020124B0239012910B509
S21401C76018701ED805F004FDD8B101F053FCC0B115
S21401C77001F034FAA8B90C4B1C6834B12368984709
S21401C780BDE81040002019F07EBD19F0AFFB074B45
S21401C79018601EF0E2F9064B1860204601F042FCD4
S21401C7A0EEE710BD716C0020D0540020A854002084
S21401C7B0A454002038B5044680B11EF074F8012157
S21401C7C0044608461CF0DAFA01210B4A084616F020
S21401C7D018F82046BDE838401EF060B81EF063F831
S21401C7E00546214601201CF0C9FA01202146024ACD
S21401C7F016F007F82846EDE7CF4C0400F0B585B0F3
S21401C8001EF051F8344D04462B7823B133481CF002
S21401C81011FE002852D11CF097FE02AA03A919F0B6
S21401C82010FD0346002838D019F01FFD029B9842E0
S21401C8301CD100202A4B03991B682A4E994230705E
S21401C84020D90027C91A012324482B70264A3346CB
S21401C850CDE900771EF05DF9002837D1234A137819
S21401C860D90701D53178F9B1204611E019F0FBFC62
S21401C870029B984228D0002318461949194A09688C
S21401C880137003910121FFF7C5FE002320462B708C
S21401C8901EF004F8002005B0F0BD20462B701DF0F8
S21401C8A0FDFF212005B0F0BD03F0FE031370002B41
S21401C8B0DAD10F4B1B6898472046E9E720461DF062
S21401C8C0EDFF0E2005B0F0BD0220B3E7032320469E
S21401C8D02F703370F3E700BFD06200208054002031
S21401C8E0A0540020706C002039C70100CF620020E0
S21401C8F0AC54002038B51DF0D6FF0F4D04462B78FA
S21401C9009BB90E4A0E4913700E4B0F4A0F481A6018
S21401C9100F4A5A60EFF782FF0E490F48EFF77EFF86
S21401C9200E4B0F4A1A6001232B70F0F781F8204650
S21401C9301DF0B4FF002038BDD1620020D062002077
S21401C9402C77040068690020FDC7010070540020A0
S21401C950DDC601003477040078540020AC54002072
S21401C960B5C701002DE9F0438F7880460F2F0C469E
S21401C97085B003D9212005B0BDE8F08327B901238E
S21401C980374A00201370F6E70D784E78EDB9002E81
S21401C990F0D194F90310E08803F00AF82128E9D0D1
S21401C9A055EA0603A088DFF8C89013D003F064F8B0
S21401C9B04FF60403B9F8002001469A424BD1AE4225
S21401C9C0334638BF2B4600262DE0082DD2D8082E38
S21401C9D0D0D8DEE703F050F84FF6040501464FF6CF
S21401C9E00500204A136E9BB2AB4208BF0346B1F561
S21401C9F0803FA9F800300FD902230825136680234B
S21401CA000126C2F880302B4649084FF6FF720139DD
S21401CA10914228BF114608E08023012608251666A4
S21401CA20C2F880302B460029EFD100220292012263
S21401CA30013FFFB2009201972A4608F1F80002F082
S21401CA40B7FE1EB14FF48012074B5A65074BA2681A
S21401CA501A60022394E703480266A9F80030AEE79D
S21401CA60D262002000C001B800D001B8B85400203E
S21401CA70F86B002010B50446D0F818210B4B4FF484
S21401CA800061C3F8A82090F82420D20102F40062C5
S21401CA9005F0D2FA94F8243013F0100F4FF4007317
S21401CAA014BF034A034A136710BD00BF001E00B03F
S21401CAB0001002B8002002B8431C07D06FF0FF0236
S21401CAC0034B10401A62A3F580531862704700BFEB
S21401CAD000E000B8F8B504460F4616461DF0E3FE22
S21401CAE00546A047044620B128461DF0D7FE20463D
S21401CAF0F8BD04F07FFC04220549D1F8D83E23EAAC
S21401CB0007033343C1F8D83E024B1A67ECE700BF70
S21401CB10001000B0002002B800F01803182B0AD04D
S21401CB2003070AD440F2011310F0100018BF18468C
S21401CB30034B186570470020FAE70120F8E700BFAD
S21401CB40001F00B0044B1868830654BFC0F30F20C3
S21401CB504FF6FF70704700BFA055002038B103683C
S21401CB60044A002B08BF1346034A13607047014B63
S21401CB70FAE700BF3B5F03007469002010B4D0E9F8
S21401CB80544122400B4052EA030104D003495DF8A8
S21401CB90044B096808475DF8044B70477469002028
S21401CBA00F2938B505460C460ED801F04FFA012874
S21401CBB00CD1074A2846D36B23F00F032343D363D4
S21401CBC019F0C5FB002038BD2120FCE70220FAE75A
S21401CBD0001F00B0014B186C704700BF001F00B06B
S21401CBE0014B002019647047001F00B003282DE98F
S21401CBF0F347884655D82C4B13F800902B4B1E5CF8
S21401CC002B4B13F800A01DF04EFE074604F03EFB2A
S21401CC10054640B100230022CDE900330120002360
S21401CC20002104F079F904F039FB48B10023002211
S21401CC30CDE90033002000234FF4004104F06CF9E5
S21401CC406EB31C4BDC6C04F008041B4B3146DC64F1
S21401CC50484604F02DFC52463146484604F092FC04
S21401CC60164BDC646DB1164B1868D0F89410F8308A
S21401CC7003F06EFA13490868FFF71EFF4FF0FF3303
S21401CC800B60B8F1000F04D00F4B002103205B6846
S21401CC909847384602B0BDE8F0471DF0FFBD344660
S21401CCA0D3E702B0BDE8F08744770400407704007C
S21401CCB03C770400004000B8006000B8005000B89F
S21401CCC0C455002070690020686900200F4A136F60
S21401CCD013F0A00F15D1506F10F0040013D10C4BB8
S21401CCE0D3F8D83E23F07F4323F0FF035BB1D3682C
S21401CCF0C3F30362092A07D0B2F10C0018BF012062
S21401CD007047002070470120704700BF000002B83E
S21401CD10001000B070B50D46064620B91A4B1B68C8
S21401CD20A3B10E2011E001F091F9012829D1174B8A
S21401CD3093F90040C4F11C04641BC4F11C03002BCE
S21401CD40B8BF5B42232B0CDD212070BD81EAE17365
S21401CD50A3EBE173DBB2232BF6D80C4B1970002042
S21401CD60F3E786F828501DF09EFD094AE402D369D0
S21401CD7004F4FF2423F4FF231C43D4611DF08EFD2D
S21401CD80EDE70220E1E700BFC4550020D362002092
S21401CD9000C000B818B9034B93F90000704790F92A
S21401CDA028007047D362002010B5044619F08BFAAC
S21401CDB010B1012001F0D4F92046FFF75BFE1DF00B
S21401CDC072FD0A4A0121D2F8A030044623F020035E
S21401CDD0C2F8A0300222064B08469A60054B5B68F3
S21401CDE0984720461DF05AFD002010BD001E00B0D9
S21401CDF0001002B868690020064B5A6A920207D4EE
S21401CE00D3F8803013F4706F14BF012000207047F0
S21401CE1001207047004001B8F8B50E46D0F89430AE
S21401CE2002EA010423EA01032343C0F89430464A88
S21401CE3001F00B0323EA0401D1642340A2F58052DA
S21401CE40D3647207054610D50121FFF7D5FF60B1FF
S21401CE5004F0D0FA4FF4007314F0040F14BF3B4AE9
S21401CE603B4A536204223B4B1A67F30606D514F07D
S21401CE70100F14BF00221B22374B5A6537061DD5EB
S21401CE80200616D54FF40012304B1A62012203F524
S21401CE908053C3F800211DF006FD0E21074603202E
S21401CEA003F09EF840F201222B4B3846DA621DF061
S21401CEB0F5FC214605F1F80003F04AF9F10503D522
S21401CEC0E2052AD503F05CF8B30503D5A70527D5F7
S21401CED003F062F816F48C6F1DD014F4806224D02F
S21401CEE095F82530DC070CD5EA8DB5F82A31934242
S21401CEF019D0B5F82C31981A43424341174A82F8A3
S21401CF00C430D5F8E410284619F018F88022144BDE
S21401CF10D864144B1A610020F8BD03F02BF8D3E750
S21401CF2003F034F8D6E70123E8E77105E9D595F86B
S21401CF302530DB07E5D5094B114683F8C4200A4B9B
S21401CF4028461B689847DCE7006000B8005001B827
S21401CF50006001B8002002B8004000B8001E00B012
S21401CF60001F00B0000002B8D8540020014B18681A
S21401CF70704700BFC454002037B51DF094FC002450
S21401CF8001230022CDE90034002305461946104648
S21401CF9003F0C2FF022002F0E7FA064B21461C60AE
S21401CFA0054B02205B68984728461DF077FC204613
S21401CFB003B030BDCC540020686900202DE9FF4144
S21401CFC002290D4616469846039004D1FFF7D4FF72
S21401CFD004B0BDE8F0811DF066FC1E4F04463B68B8
S21401CFE03BB1B34205D01DF059FC002321203B6024
S21401CFF0EEE7194B0022C3F800803E6000230126AD
S21401D0004FF0000810461946CDE9006603F084FF8C
S21401D010124B022083F8008002F0A6FA43462A4605
S21401D020022003A902F0BEFA0D4B039A1A6008B952
S21401D0302046D8E70B4D2B689847212804D0204678
S21401D0401DF02CFC0020C3E731466B680220984790
S21401D050F5E700BFCC540020C8540020D56200205C
S21401D060C454002068690020044B5B6E5B054EBF0C
S21401D0700120034B187800F00100704700C001B88A
S21401D080D56200200A78022A11D0101F424242417E
S21401D09052004B781201022B0BD0191F4B424B4109
S21401D0A05B000549054842EA8312FFF713BD0122DA
S21401D0B0EFE70123F5E700BFF0FFFF0095E0010071
S21401D0C00B78022B10D0181F434243415B004A786D
S21401D0D0022A0BD0111F4A424A4152000F2104482E
S21401D0E043EA8202FFF7F6BC0123F0E70122F5E7E7
S21401D0F0C1E001002DE9F8430E780446042E0D46E2
S21401D10090F830810BD100275FFA87F9484601F085
S21401D1107DFD08B14E4602E00137042FF4D13046BA
S21401D12001F074FD002849D094F83031B34209D19A
S21401D130AA88D4F8A8309A4204D16A88B4F8323161
S21401D1409A4238D084F83061AB883046A4F834313E
S21401D1506B88A4F83231AB8804F59875C4F8A8300A
S21401D160FF2384F82B3019F0A3F984F82A00284607
S21401D17001F078FC18BB284601F03EFDF8B9D4F85A
S21401D180E03053B194F83011414506D02046B3F94A
S21401D1901220EDF799FE84F83901204601F09AFE37
S21401D1A00949A4F834010123084AD1F8FC1004F116
S21401D1B0F80003F0AFFC0020BDE8F88321200C2323
S21401D1C084F83031F8E700BF001F00B0581F00B0E8
S21401D1D0F8B5054690F830010C460C28164623D0C3
S21401D1E0FF2923D01AB14FF0FF32114B1A6019F004
S21401D1F05FF9074695F8300101F068FD844228BFC3
S21401D2000446E4B2BC4238BF3C46E0B285F82B0087
S21401D21001F002FEFF280CBF2124002416B928467F
S21401D22001F068FD2046F8BD0224FBE72124F9E75A
S21401D2307869002010B590F8303104460C2B43D0A5
S21401D240D0F8E03080F82A10D3B3D0F8F020CAB96D
S21401D25090F839318B421BD300222046FFF7B8FFE6
S21401D26040BB1A4B1B78022B23D8204601F032FE16
S21401D27017490123174AD1F8FC1004F1F80003F00E
S21401D28049FC16E0B0F94220B3F912309A42E3DDC8
S21401D2900022204694F83911FFF79AFF50B9C4F8D6
S21401D2A0E000204618F04DFD4FF6FF739842014608
S21401D2B001D1002010BD2046BDE81040FFF7C2B8DE
S21401D2C0FF2380F82B30F4E70220F3E7FC6B002005
S21401D2D0001F00B0581F00B0F0B51D46144B0446A1
S21401D2E01B780F46164685B05BB1D0F8E030E3B147
S21401D2F002AAB3F912300092002214F0E4F905B044
S21401D300F0BD02A918F0A3FD9DF808103A46204684
S21401D310EDF7DAFD014626B92A462046FFF758FF03
S21401D320EDE72046FFF786FFE9E71846E7E700BF87
S21401D330924E0400D0F89C30012B01D1002070479A
S21401D34070B5044665498CB019F0E7F8D4F8E0608A
S21401D3500146E58DC4F8E40026B1336813B15B6875
S21401D360002B71D11DF09FFA1DF098FA0123D4F815
S21401D370E4108DF80630B389D6E90120EB1A9BB28A
S21401D38000FB03225648ADF80430036800928B4236
S21401D39007D0204618F0D2FD80225249524BC8646D
S21401D3A01A61514D00F052FE0128FBD1AB689E0672
S21401D3B0F8D420469DF80620009906AB03F0E6F85F
S21401D3C000283ED100F042FE0128FBD1464A136FE9
S21401D3D0D801FCD493689906F9D4684606A903F0E7
S21401D3E08DFA054668BBE28D404B5A6494F82430AA
S21401D3F060F3410384F8243000F0EEFFD4F8E03007
S21401D4005969431E0E68DBB2FD2B029622D9F31C26
S21401D41034D84B68FF2803935ED10126DA1C25D841
S21401D420024602A9204618F0A1FFE6B9D4F8543105
S21401D43099053FD494F8243043F0020384F824304D
S21401D44011E002200CB070BD1A68032A8AD99B6AC3
S21401D4505B0E8EE74B6801280393DED0024620461A
S21401D46002A918F083FF00200CB070BD0133204BD9
S21401D4705B6816D0DA1C23D80393D1E71C4B013620
S21401D4801B6818BF0126DD1C06D802934B68FF28CF
S21401D4900393C3D00020C3E7FF284B6819D003933A
S21401D4A0C3E7DD1C0FD80246204602A9039318F0F5
S21401D4B05DFFBBE720464FF4803119F0DFF8D2E775
S21401D4C0FF28B2D1E6E7FF28B0D10022204602A904
S21401D4D0EDE701200393A1E72A46C0E7FC1F00B051
S21401D4E0B4540020001F00B0000002B8008001B84C
S21401D4F08069002010B50C4619B118F0E4FE00B1A1
S21401D5000434204602F0B8FA024B4042C3F8C80E73
S21401D510002010BD001000B0838E70B593420C46FB
S21401D52015461CD3836C8B4208BF00241DF0BBF943
S21401D5304FF49C530B490646CA68C2F30362D340B4
S21401D540DA0702D50B6F9B0304D401222946204635
S21401D55001F016F830461DF0A1F9002070BD21201B
S21401D560FCE700BF000002B82DE9F84F0646154655
S21401D5700B4611B92120BDE8F88F002AFAD00329FD
S21401D58005D8002201F05EF903460028F2D01C8877
S21401D5909978B4F5804F01F0070080F0C580A0F1BE
S21401D5A0070C1A7993F805A0DF88DCF1000343EB3A
S21401D5B00C0305282B7394BF0023C1F30013C1F39A
S21401D5C0801C6B738B0985F810C003F00203C1F34E
S21401D5D0C00C43EA0C03C1F340116B74A974AF820B
S21401D5E0002A40F0828096F81E31013BDBB2EB74D4
S21401D5F0D6F89430DF0600F18380063801287FD8FC
S21401D600B6F81280F76908F1FF38484B083C04EA7F
S21401D61008045B6D3B5D0134802B0EBF6FF07F030A
S21401D620323B5BB2AB730023AB6096F8279004EAFB
S21401D6300804B9F1000F61D1631D03EA08035A1CFF
S21401D64002EA0802BA5CFB5C43EA0223D9040FFA39
S21401D65083FB4CD5D6F8E43013B11B68022B05D8F2
S21401D66041F24D724C210020FEF74EFFD6F8E42021
S21401D670CBF30B0392F82420DB000AB1B3FBF2F3E1
S21401D6809A4508D83BB1CAEB0A2ABAFBF3FA6FEA05
S21401D6900A0A5FFA8AF9D6F8EC3023B1484695F9BA
S21401D6A00E1098478146631C85F80F9003EA08031D
S21401D6B0F95C013303EA0803FA5C013303EA080361
S21401D6C041EA0221FA5C013303EA0803F85C41EA05
S21401D6D00241002341EA00616A7C304603F0D8FA31
S21401D6E006232860AB71002045E7531E7EE717F836
S21401D6F004904FEA49095FFA89F9CCE79946D2E7DF
S21401D70000230020EB730A4B5A69C2F30723120465
S21401D71048BF63F0FF035AB212F1800F1CBF323BC1
S21401D7205AB2AA730346DCE7022024E7004000B899
S21401D73000C000B838B5148811F003054FEAC404D8
S21401D74022D13F2C20D9B4FA84F4C4F11903DBB2F8
S21401D750052B01D8192C15D0052B28BF052301242C
S21401D7600633DBB29C40C4F3CF031380038281618E
S21401D770448700F02DFF054A631E2343C2F8A430F8
S21401D780284638BD2B46EAE72125F9E7001E00B0FA
S21401D79011F5004F1FBF01F30E01044BC1F30E013B
S21401D7A0002014BF99642120704700BF008001B893
S21401D7B0F8B504460E4619B990F824305A063FD4F7
S21401D7C04FF6FF73618ED4F8E470994204D0314B62
S21401D7D01B680BB1204698472F4D2B68BB424DD096
S21401D7E02E4B1B683BB11FB13A68002A48D0BF6870
S21401D7F03946204698470727204601F06BFB002E46
S21401D80032D006270126264B94F9282093F90030BA
S21401D8102449C3F11C039B1ACA69DB0222F4FF22C6
S21401D82003F4FF231343CB61D4F8E4301E4A2B6084
S21401D8301E4B976720461E7018F089FD0020F8BD24
S21401D8404FF6FF71144DD0F8E4702A6866F386131C
S21401D8509742418680F8243017D0104B1B68002B66
S21401D860C1D101F037FB072711493B46114AD1F8D0
S21401D870FC1004F1F80003F04DF9C2E70127BBE7FD
S21401D8801746204639469847B5E701F023FB01279E
S21401D890EAE700BFC0540020B4540020BC54002066
S21401D8A0D362002000C000B8006000B8D462002037
S21401D8B0001F00B0581F00B0054A12681AB190F850
S21401D8C01E1119B91047084602F0AABB0148704755
S21401D8D0B054002000FEFFFF344B2DE9F7431C68CF
S21401D8E001F4007900F00103174653EA09020646DF
S21401D8F00D4635D04FF000083BB30023002200212F
S21401D9000120CDE9008803F007FB042001F02CFE7E
S21401D91041462046FFF7D0FF0122414620861046A9
S21401D92018F0C1F9D4F8941004F1F80002F010FCD4
S21401D9301F490868FFF7C0F84FF0FF330B6094F8F3
S21401D940243043F0040384F82430B9F1000F07D0E3
S21401D9500121204618F092FE25F4007506430D437A
S21401D9602B4632462046FFF709F9FB070FD511492A
S21401D970114A086800211368116001210F4A1170CD
S21401D98003B198470E4B002102205B68984717F0B9
S21401D9900E0F08D04FF409723B21002003B0BDE8FA
S21401D9A0F043FEF7B1BD03B0BDE8F083C4550020D7
S21401D9B070690020C8540020CC540020D562002095
S21401D9C06869002008B5482200210248FDF72CFFAF
S21401D9D0002008BDDC1E00B073B578216422A0F8D3
S21401D9E0141182210C23C0E94112C0E94322C0F878
S21401D9F0002107224FF0FF35002680F830314FF620
S21401DA00FF730446C28700F14C0282641E4AC38536
S21401DA10A0F8403080F82C3043864263038780F8B4
S21401DA202860C0F8A850458580F8265003F03EFCD3
S21401DA302046FFF7C7FF94F928102046FFF76AF93A
S21401DA40602340F6FF71114A2046D36402F11C425E
S21401DA50D162D1650E4A2946D36440220D4B1A671E
S21401DA60D4F89420FFF7D8F90E230022CDE900332D
S21401DA7040F202231046194603F04EFA01F0E2F88E
S21401DA80304602B070BD00BF4000FFFF004000B846
S21401DA90005000B8002002B810B50C46FFF792FF00
S21401DAA0BCB1A378082B16D8E278082A13D843EA23
S21401DAB0021313F0FF030CBF19466168074AC2F848
S21401DAC0DC10217882F82011617882F8233182F8FF
S21401DAD02111002010BD2120FCE700BF001E00B070
S21401DAE0012A10B512D8032B10D803EB82020123AA
S21401DAF0074C934094F82201DBB221B10343002086
S21401DB0084F8223110BD20EA0303F8E72120F9E763
S21401DB10001E00B0034670B50C68B0F8342101341D
S21401DB2008BFD3F800418D6808BF0C604C68F83018
S21401DB30013404BFD3F80C414C606E1C3CD1D3F8C1
S21401DB400841CE688C60751C3CD1D3F804510E692F
S21401DB50CD60013604BFD3F8F8600E614E69013618
S21401DB6004BFD3F8FC604E618E69013604BFD3F85A
S21401DB7010618E618E695EB35A32B24238BF324648
S21401DB800E688A6116B15A2E38BF5A26C3F8084164
S21401DB904C68C3E94065C3E943420A69C3F8F82003
S21401DBA04A690C49C3F8FC20D1F8FC1007230A4A3D
S21401DBB002F0B0FF002070BD02F15A04AC4238BF3B
S21401DBC02C46BEE702F17805B54238BF3546BEE7BA
S21401DBD06422D5E7001F00B0581F00B070B51CF0D6
S21401DBE062FE04460B4E00F031FA012805D02046AD
S21401DBF01CF054FE0225284670BDF36813F0706FC2
S21401DC00C3F30365EFD1B36ADB06ECD520461CF0FF
S21401DC1045FEF0E7000002B838B51CF044FE4FF6AA
S21401DC20FF710A4A13888B4203D11CF037FE0E207F
S21401DC3038BD074C074D1B046566A4F58054636622
S21401DC4011801CF02BFE0020F2E700BFFA6B0020CB
S21401DC50006001B80000FFFF2DE9F74304460F46B8
S21401DC6015461E46FFF732F830B3A38A23B3204683
S21401DC7018F02FF978B9002E40F0F280794BD3F8DE
S21401DC80D83E03F03002102A00F0EA8003F0C00309
S21401DC90402B00F0E580DFF80082D8F81430D90771
S21401DCA040F1DE801CF0FFFD0646032001F058FD22
S21401DCB030B130461CF0F2FD022003B0BDE8F0831F
S21401DCC0D8F8142012F00608F3D130461CF0E6FD11
S21401DCD0644B4FF400612046D3F8D89ED3F8AC6E5F
S21401DCE004F0BEF940B14FF4007201215E4B0846C4
S21401DCF01A67424617F0D7FF94F82530DA0707D59A
S21401DD00D4F894305B0542BF4FF40022574B1A6794
S21401DD1039462046FEF796FB524BC3F8D89EC3F809
S21401DD20AC6E0028C9D194F82430980601D4002D91
S21401DD3057D0C5F3400003F023FB022315F4807F80
S21401DD401BBF0021494A484A136717BF484A136751
S21401DD505161136303F04EFB4FF4806315F0040F1B
S21401DD6014BF444A444A15F0400F53624FF0040270
S21401DD703D4B28461A674FF0400314BF3F4A404ABE
S21401DD80C2F88830FEF7C8FE204618F0CCF938B144
S21401DD904FF4807315F0010F14BF344A324A1367EB
S21401DDA0A90647D54FF6FF72B4F8403093420FD01C
S21401DDB0344A3549526E100CC2F301120132B3FBDC
S21401DDC0F2F308802B4A2C4930481B0448665366F8
S21401DDD0003D18BF012594F8243065F3451384F8F7
S21401DDE02430204618F06FFAF0B1204618F09BF95F
S21401DDF0D0B14FF40031204604F032F9431C03221F
S21401DE009BB2234801A918F016FB9DF8042002F0E6
S21401DE100703052B9DF8053015D112070DD443F4E1
S21401DE2080731C4AC2F8B830002003B0BDE8F04346
S21401DE3018F00EBBFFF7F0FECAE713F0040F09D186
S21401DE409DF80630EBE703F03002202A05D113F0E7
S21401DE50010FF4E74FF48073E3E79DF80630E0E73F
S21401DE600E202AE7001000B0002002B8001002B809
S21401DE7000400054005001B8006001B800D000B85E
S21401DE8000E000B8004001B8FA6B00200000FFFF78
S21401DE9008400054001E00B000C001B82DE9F3414F
S21401DEA00646884615461F461CF0FDFC0446032020
S21401DEB001F056FC38B120461CF0F0FC0E2420463A
S21401DEC002B0BDE8F081042001F04AFC0028F2D13E
S21401DED020461CF0E3FC01232A4641463046FFF764
S21401DEE0BBFE04460028EAD1DFF8C8805FB388F895
S21401DEF0000039463046FEF735FD00284CD198F82B
S21401DF000030012B1CD02022244B1A67244BDB6CDB
S21401DF10B3F5817F1FD2012018F0DBFA1CF0C3FC99
S21401DF20204B06461B680193CBB901F093FC15F014
S21401DF30800526D101F0E0FC284603F0F5F925E03E
S21401DF4003F008FABBE798F80030012BF8D0002B55
S21401DF50D9D12124B3E78022134B1A61DBE70420D1
S21401DF6001F002FB00230122042001A901F01AFBA3
S21401DF700028DAD103F056FA212430461CF08EFC34
S21401DF809DE70022094B9A6701F0B6FC084B012178
S21401DF905B6800209847F0E7044690E7001002B857
S21401DFA0001F00B0B8540020000002B800C001B83D
S21401DFB068690020D262002008B50C4BD3F84C11DA
S21401DFC04B1C12D011F080410FD1094B1B6813B1C5
S21401DFD00320FEF70BFE4FF080624FF40071054BF5
S21401DFE0DA67054AD16201225A6108BD0080E00F56
S21401DFF0C4550020001002B8004000B84FF40022BB
S21401E000034B186F03F500531A67C0F3C0407047FF
S21401E010000002B8024B586900F00100704700BFCB
S21401E02000C001B8084B5A69D10707D508B901F0F5
S21401E03077BA5B69DA0706D401F064BA5B69DB0775
S21401E04001D40028F8D1704700C001B80F4BDB6837
S21401E050C3F30363013B0B2B0FD8DFE803F006067F
S21401E0600C06060606080A0808080220704704205F
S21401E07070470520704703207047054B5B6913F016
S21401E080060F0CBF01200420704700BF000002B835
S21401E09000C001B8094AD368C3F303630B2B08D049
S21401E0A06FF49050184100F0010080F0010040002C
S21401E0B07047106F10F48030EDD17047000002B841
S21401E0C00C4AD368C3F30363062B07D8042BD8B2D4
S21401E0D00BD8C31E5842584140007047072B06D143
S21401E0E0D2F830010028ECD170470220704700209A
S21401E0F0704700BF000002B8094BDB68C3F3036337
S21401E1009A1E012A8CBF00220122012B02701EBF1B
S21401E1104FF4026222FA03F303F001030B70704717
S21401E120000002B8094AD368C3F30363032B01D086
S21401E130072B08D1536FDB0605D4906F80F00800DB
S21401E140C0F3C00070470020704700BF000002B84F
S21401E150024B0022196818F097B800BFA877040090
S21401E160024B1B6803B11847704700BFE4540020F8
S21401E170024B1B6803B11847704700BFE0540020EC
S21401E18010B5FF224FF6FF71044618F09FF868B9E4
S21401E190FF224FF6FF71204618F0A9F830B9204645
S21401E1A0BDE81040FF22024918F0B3B810BD00BF09
S21401E1B04C7704002DE9F0411C46184B05461E68B5
S21401E1C00F46904646B1306801F01CFEF3681BB15D
S21401E1D0B368186801F016FE114B1B682BB1DA689C
S21401E1E01AB19B68186801F00DFE9DF81830640797
S21401E1F044EA08425B0503F0BC6342EAC7621A437D
S21401E2002846084942F4C87203F016FF0022284641
S21401E2101146FFF781F90020BDE8F081A4770400DC
S21401E220A87704009007E12D08B5FFF77BFF88B1BA
S21401E230094BDA6912030DD5186F10F4003009D1B5
S21401E2409B6F13F0100F4FF010030CBF034A044AE4
S21401E250936708BD0220FCE7000002B8001002B870
S21401E260002002B838B50446F8B1124AD3691B0338
S21401E2701DD5556F104BC5F38115032DB3F8B4307A
S21401E2800DD10822083B9BB221460C4818F0D3F862
S21401E2900020084B25729B6F1B0A637238BD022D46
S21401E2A005D1023B2A469BB2EEE72120F6E7022083
S21401E2B0F4E700BF000002B8001E00B0384000546A
S21401E2C0431EDBB2FD2B14D9FF280B6801D14A6827
S21401E2D0134313F0802F1EBF42F20102074BC3F80F
S21401E2E0282251F82020054BC3F85022C3F85422A7
S21401E2F070470128F5D10023E9E700BF004001B8C7
S21401E300F0B585B06D460E460F4B074614460FCB4B
S21401E31085E80F000D4BD3F848020090D3F84C2245
S21401E32001923EB1631EDBB2FD2B0AD93060FF2C91
S21401E33000D1726022462946384618F017F805B013
S21401E340F0BD012CF4E700BF547704000080E00F15
S21401E350F0B585B06E460D4B07460D460FCB86E8E9
S21401E3600F0000F039F8314604460246384618F0E8
S21401E37076F94DB140B9FF2C1BBF04AB03EB840407
S21401E380009B54F8103C2B6005B0F0BD5477040098
S21401E39030B50C4B0546187085B0082380B90A4A7B
S21401E3A0C2F8FC3351B96C46084B0FCB84E80F001A
S21401E3B0074B2A4621461868FFF7A2FF05B030BD75
S21401E3C0044AEDE7726C0020001002B8647704007E
S21401E3D0C4550020002002B8014B1878704700BFD2
S21401E3E0726C0020124BD3F8E020D2031ED54FF4F6
S21401E3F080321049C1F8E020A1F58051C1F8EC2027
S21401E4001A6CD1B2C2F30722C3F88010C3F8802079
S21401E4100422C3F880200022C3F88020C3F880209D
S21401E420C3F88020C3F88020C3F88020704700BF5F
S21401E4300040005400600054F0220A4B01219A6407
S21401E440A022A3F580539A64074B826CC3F8C010D0
S21401E450FC21C3F89810C3F89C204FF40052C3F86F
S21401E460BC207047006000B800400054F8B50D4667
S21401E470174606461CF017FA01230421084C094AE0
S21401E4802363A760E6602561C2F8E010064AC2F879
S21401E49084311CF003FA0DB102232363F8BD00BFDB
S21401E4A0004000540060005400E100E00222024BEC
S21401E4B058611A63704700BF004000540122044BA4
S21401E4C01A6640F6FF729963D863DA65704700BF33
S21401E4D0004000542DE9F04F042A05460B4683B050
S21401E4E039D901260978141F81615A7803F1040984
S21401E4F082619A788261DB7883610368D0F808B01C
S21401E50003F0070306339E4006F1FF3A0AEA0B08BA
S21401E5104768A6EB0802944247F000570ED84946D2
S21401E520224607EB0800FDF70FFB46EA0A0604EB56
S21401E5300B023240AA6003B0BDE8F08F494607EBF4
S21401E54008000192FDF700FB019A384609EB02012B
S21401E550A21B4244E7E7013A032AECD8DFE802F0BF
S21401E5600B08050213F8012B826113F8012BAA612F
S21401E57013F8012BAA611B78AB6103B0BDE8F08FDD
S21401E58038B50C46154601460F4B60B101220F48BF
S21401E590C3F8C0202246FFF79DFF1DB104220A4B97
S21401E5A0C3F8C02038BD64B1D3F8A420A24284BF0A
S21401E5B00122C3F8C0200222C3F8A040C3F8C0203D
S21401E5C0EBE70122FAE700BF0040005498400054F0
S21401E5D038B504461CF067F901211A4A638F0546CF
S21401E5E011663BB3B3FA83F3C3F11903DBB2A06937
S21401E5F0C2F8901093660723D066C2F88C304FF4A9
S21401E600A02302F50052C2F8E030A2F58052C2F80B
S21401E610EC3000220C4B1A600C4B1B6F5B0209D5C9
S21401E6204FF480020A4B04F1F8001A67D4F89410EC
S21401E63001F08EFD4FF4E0232846E363BDE8384041
S21401E6401CF02CB900400054E8540020000002B829
S21401E650002002B82DE9F84305460C46B1B1D0F8C2
S21401E6601880478F1CF01FF9B5F83CC0791E01EAE7
S21401E6700C0323F00702032C0646DFF8F8E04244B9
S21401E6805CD1DEF8004024B91CF008F90E20BDE884
S21401E690F88324F00104DEF8000020F00100A04217
S21401E6A051D10023CEF80030238894426FEA4343C9
S21401E6B06FEA534323803CD1EB8F08EB07091846DA
S21401E6C0083880B202F108044C4528BF44460828A1
S21401E6D004D9B4F800E0BEF5804F3ED263440F4340
S21401E6E01B1A3B409BB2AB87E887118894781C4A7B
S21401E6F0C1F30C0151645367C2F88C004FF48022B9
S21401E700184B04F00704C3F8E0200122164BC3F8A7
S21401E7108421FFF767FE042C0BD14FF48002134BC4
S21401E72005F1F8001B6F124B1A67D5F8941001F02B
S21401E7300FFD30461CF0B2F80020A8E7601E012845
S21401E74098BF1446A7E7E88F4344E31A48BFDB198E
S21401E75008389842A8DC304696E72246B0E700BF64
S21401E760004000540060005400E100E0000002B8E0
S21401E770002002B8E8540020144B10B51968CA8F5F
S21401E7808B8F488F13440138073B8C69034023F075
S21401E79007031C4402F108030D4A9BB2CB87C2F85B
S21401E7A08C304FF480220B4BC3F8E02001220A4B39
S21401E7B0C3F88421A07800F00700042803D1074A93
S21401E7C0D3681B03FCD4064B1C6010BDC455002047
S21401E7D0004000540060005400E100E0000002B870
S21401E7E0E854002010B5064C216839B1CB0703D494
S21401E7F0044B1868FFF72EFF0023236010BD00BFEF
S21401E800E8540020C45500204FF480320B4B0C49CD
S21401E810C3F8EC20A3F50053C1F8E020D3F8881024
S21401E8209A6E012302F0070206329340C1F30C01EF
S21401E830083B994201D8FFF7D5BD704700600054E8
S21401E840005000542DE9F04780460C46164687696D
S21401E850458F1CF028F8B8F83C2005F1FF3C02EA89
S21401E8600C0323F00701032C82463944B8F83E0016
S21401E87019D1494C24689CB90244073A02EA0C02B1
S21401E88022F00702BC183B44E31A48BF5B198342D7
S21401E89010DB50461CF002F800242046BDE8F08745
S21401E8A024F00104EFE7012C02D0022CEBD108384A
S21401E8B00C46E8E7002E3DD08C423FD1374AD2F8CD
S21401E8C044903649B8F81270D1F88820C2F30C0289
S21401E8D0934247DA2588B5F5804FDAD2A378C5F397
S21401E8E00C0503F007037A1EA5EB09053A43052B31
S21401E8F0337005EA02052DD82DB2E84340F24142B5
S21401E9000421C00FFDF700FE7580E3783374D8F854
S21401E9101C207B1E03EA0903D118B160A9B213FAC1
S21401E92085F5AF422FBF0023FF1AB780F26024BFE0
S21401E930B180F36050461BF0B1FFAEE7A4F10802C8
S21401E940974284BFED0802EBC502B2F80090C9F306
S21401E9500C09B6E7124B5B6D003B18BF0123A5EB14
S21401E960C305C9E70B6C7A1EA3EB09033A431A40A9
S21401E9700C4915B2002DCB680BDCC3F30363D81E1C
S21401E98043424341DB0033708B6F72801B0A337442
S21401E990BDE70823F7E700BFE85400200040005415
S21401E9A0004000B8000002B8054BA822D3F84C017D
S21401E9B03121431C0CBF0120C0F38070FDF7A4BDBC
S21401E9C00080E00F38B5094D0446286840F69702E6
S21401E9D0003818BF01202B21FDF796FDFA235C4372
S21401E9E02B680A20B4FBF3F4604338BD1C550020A5
S21401E9F0174B30B51A68431C164B22D0B2F1407F34
S21401EA001FD3154D00F03F04D5F8002122F03F0238
S21401EA101443C3F8C84001F03F042243C3F8D02092
S21401EA20D5F804310D4A1A400D4B03EA500003EAAB
S21401EA30510110431143074BC3F8CC00C3F8D4105F
S21401EA4030BD00200146C3F8C800C3F8D000F2E785
S21401EA500080E00F001F00B0000002B81FF087E141
S21401EA60E0FFFF7F73B5574E0446317819B91C2273
S21401EA705548FCF7D9FE2378544A618813705180B3
S21401EA804FF0FC62524CFF21C4F8FC204FF47F0289
S21401EA90C4F808214F4A022B4F4D117033D104237D
S21401EAA007224E49C4F8FC23C5F8FC33C4F800110C
S21401EAB04FF4C071C5F80011C4F8FC234FF480521E
S21401EAC0C5F8FC33C5F870214FF40052C4F8702124
S21401EAD0C4F808314FF4FF13C4F8FC304FF4BB13ED
S21401EAE0C5F8FC308023C4F8703148F2C8023C4BAC
S21401EAF0C3F8D8203B4B3C4A0020C3F8C02F012363
S21401EB00337002B070BD394A012BC4F80021384B6E
S21401EB1027D14FF4C072C5F80021D3F83802D3F8D4
S21401EB203C12FFF765FF0723C4F8FC330223C5F840
S21401EB30FC334FF48053C5F870314FF40053C4F8DA
S21401EB4070310423C4F808310DEB0300ECF7F4F838
S21401EB509DF80530023B012B9CBF8023C5F8703120
S21401EB60C3E7244AC5F80021D3F83002D3F834129B
S21401EB70FFF73EFF0723C4F8FC330123C5F8FC3337
S21401EB808023C4F870314FF4805301A8C4F8703163
S21401EB90ECF7D2F89DF80530012B05D19DF804302D
S21401EBA053B948F25D1309E0FBD9023B012B9CBF28
S21401EBB04FF40053C5F8703148F25813084AC2F8AA
S21401EBC0D83097E7D6620020C41F00B0FC6B002047
S21401EBD0002002B8766C0020001002B8C0F10F00C9
S21401EBE0001F00B0001000B0F0540020C0F70F0066
S21401EBF00080E00FC0F60F00034B1A6802609B8886
S21401EC0083800020704700BFFC6B002010B50446CF
S21401EC1001F026F80A4BD3F8F83724B983F4002319
S21401EC20C3F3C04010BD012C05D113F4C02F0CBF97
S21401EC3001200020F6E7A31E58425841F2E700BF24
S21401EC40000002B86FF07F42154BD3F8FC379342B1
S21401EC5008D0144A03F03F031370F123124A1370CD
S21401EC60124A13701249134B09781A68A9B1B2F106
S21401EC70A06F12D3D3F850120F4A104BB1F1FF3FD9
S21401EC8018BF13460E4A136041F66A020D4B1B6805
S21401EC90B3FBF2F30C4A13607047084BF2E700BF70
S21401ECA0000002B8776C0020786C0020796C002098
S21401ECB0756C00200080E00F5082E00F887704001A
S21401ECC0EC540020385500201C550020012807D0A0
S21401ECD0022802D030B100207047034B18787047E5
S21401ECE0024BFBE7024BF9E7776C0020786C0020BB
S21401ECF0796C00200023F0B590F8304185B00246CB
S21401ED002046CDE90133CDF80B30FFF7DFFF92F84F
S21401ED102B30411EC9B28B4228BF0B46002C3CD07B
S21401ED20012C38D1042418464FF00F0C384E0DEB49
S21401ED300405B0FBFCF7F75D013CC01BC0B2814285
S21401ED4038BF00206055002CF3D105240F278DF81D
S21401ED500830B3FBF7F0305C0344DBB28B4228BFCC
S21401ED600B462B5501340B2CF3D10F2602F1A800CC
S21401ED70D43215F8013BB3FBF6F14C1CC1EB011183
S21401ED805B1A0133DBB2E4B21B0443EA045340F8D6
S21401ED90043F8242EDD105B0F0BD042418464FF081
S21401EDA00F0C1C4F0DEB0406B0FBFCF5EDB27D5DC0
S21401EDB0013C401BC0B2814238BF0020A055002C48
S21401EDC0F2D105240F258DF80830B3FBF5F0385C39
S21401EDD00344DBB28B4228BF0B46335501340B2C60
S21401EDE0F3D10F2502F1A804D43216F8013BB3FB88
S21401EDF0F5F1481CC1EB01115B1A0133DBB2C0B25D
S21401EE001B0443EA005344F8043FA242EDD1C2E793
S21401EE10817704007477040038B5284B05461A78C4
S21401EE2027490C2A02D1FF20087038BD104617F07A
S21401EE303FFB04461046FFF749FFA84228BF284675
S21401EE40C0B2A04238BF20460B78C0B28342ECD095
S21401EE50087088B1431EDBB2022A1A490ED14FF060
S21401EE60FC62C1F8FC20A1F50051D1F8FC2042EA71
S21401EE704353C1F8FC30D8E70346EDE7124A134C7A
S21401EE801268AC32C4F8C02F4FF47F02C1F80821D3
S21401EE900F49CA6FD202C8D40F22B3FBF2F2551C37
S21401EEA0C2EB02129B1A0133D1F808411B0443EA54
S21401EEB005532343C1F80831B7E700BFFC6B0020B8
S21401EEC0766C0020002002B8C4550020001000B067
S21401EED0000002B82DE9F04F90F830510646D0F800
S21401EEE0A82087B035BB1F2A38BF1F22093A4C24F9
S21401EEF0844B85481B6A96F82B10C3F38213DC40BB
S21401EF000368DFF82CA29342DFF828827F4B04F0D7
S21401EF10010414D11F78A74211D19AF80070AF42AC
S21401EF200DD17B4F3F788F4209D1B8F8040007B066
S21401EF30BDE8F08F032A38BF0322023AD7E7026002
S21401EF4098F800001C70FFF7C1FEFF2924D128465F
S21401EF5017F0AEFA07466F493CB3D6F8E4702FB106
S21401EF603B68082B40F2CB8097F838701DBB0B68C6
S21401EF7040F27121B3FBF1F353431922B3FBF2F3D1
S21401EF8039462A4605A8059317F068FA02023C049A
S21401EF90059842F0110988E0471E8F4228BF0F46A8
S21401EFA0012F38BF0127FFB2D5E7012D29D0022D49
S21401EFB001D0B5B327460B6840F27121B3FBF1F3DC
S21401EFC053431922B3FBF2F33946012207EB072418
S21401EFD005A8059307EB042417F040FA7F00032FDA
S21401EFE038BF0327020242EA001242EA0009033F41
S21401EFF000F01F0007FA00F0FFF7E4FC00F5FA67DF
S21401F00058E00F23B7FBF3F3581CC3EB0313FB1AAB
S21401F0100133DBB2C0B21B0443EA0053C3F3074714
S21401F020C9E70C6840F27121B4FBF1F40F23544395
S21401F0301922B7FBF3F3B4FBF2F43748374A0068FA
S21401F040A2FB0412013350FA83F313F8013C039236
S21401F050A3F140012A4603A8019317F0FFF9039F85
S21401F0602F4AE41BA2FB041200903021049204A84C
S21401F0702A4617F0F3F9DDF810B08146A4EB0B042D
S21401F08001220594102144F2100405A817F0E6F9B0
S21401F090009B1A02019B42EA091244EA0344059BBB
S21401F0A042EA000907EB0B001844FFF78BFC00F55A
S21401F0B00C57283740F6FF711A4B3846C3F8C01074
S21401F0C0A3F58053C3F8C090A3F58053C3F8C4409A
S21401F0D0154C276001F0B0FC4FF47A72134B404296
S21401F0E0986523680A49B3FBF2F3A8F8043096F84A
S21401F0F02B30B7FBF2F08AF800500B7017E70027A9
S21401F10034E700BF004001B878690020D7620020CC
S21401F110736C002038550020EC54002069C2F56855
S21401F120911E856B006001B820550020001F00B0BD
S21401F130746C0020FC6B0020014B1870704700BFF8
S21401F140756C002010B5044603F012F878B1174B21
S21401F1501B786BB964B1164B1B784BB1154B1B78FA
S21401F160013B012B04D84FF40042134BDA6710BD64
S21401F170124BDB6F1B04FAD41BF095FB4FF40042D5
S21401F1800F4B0446DA67A3F5A0435B682BB1FEF785
S21401F19041FF10B1022017F09CF90222094B2046CC
S21401F1A0BDE81040C3F884241BF078BBD862002069
S21401F1B0D962002024550020002002B8000002B8C1
S21401F1C0001002B800D003500122024B00201A7032
S21401F1D0FFF7B8BFD86200200022024B01201A7048
S21401F1E0FFF7B0BFD8620020F7B50646504C00F0D6
S21401F1F037FD504B2578504F1E7085BB2846FFF7CC
S21401F200A1FF2378013B012B19D8E37B01A88DF8D8
S21401F2100430237C8DF80530E8F7AEFFC7F8845438
S21401F2204FF6FF72454BC3F88420F822A3F58053AE
S21401F230C3F884200022404BC3F884240DE04FF627
S21401F240FF723E4BC7F88454C3F88420F822A3F516
S21401F2508053C3F88420C7F88454394B5BE0002000
S21401F260FFF770FF2378013B012B08D8E37B01A849
S21401F2708DF80430237C8DF80530E8F77DFF0023F8
S21401F280C7F88434002ECBD062685AB32D4B1B6866
S21401F29003EB5203B3FBF2F3013B1B0243F0F8030B
S21401F2A026782649022E284A1ED0032E4FF6FF75D1
S21401F2B0214826D0012E34D143F00203C1F88450F0
S21401F2C0C2F884300723C0F88434E37B01A88DF8A4
S21401F2D00430237C8DF80530E8F722FF0120FFF784
S21401F2E031FF17E0F823DBE74FF6FF7043F0010329
S21401F2F0C1F88400C2F8843006220F4BC3F8842478
S21401F300E3E743F00503C1F88450C2F884300423D0
S21401F310C0F884340D4B4FF080420020DA6703B00A
S21401F320F0BDC1F88450C2F884300023F0E700BF76
S21401F33024550020D962002000C00350006000B8A8
S21401F340002002B838550020005000B8001002B85E
S21401F350F0B5294F06463D4604460FCE0FC5336825
S21401F36085B02B6000F07CFC0022244BC3F884247B
S21401F370A17A627A42EA0142C3F89024217CE27BB8
S21401F38042EA0142C3F88C24217B627B41EA0240B7
S21401F390C3F888043B78032B2AD8DFE803F022025F
S21401F3A00C178DF8041004218DF805200DEB0100D3
S21401F3B00022E8F781FEE37B00228DF80830237CEB
S21401F3C0042102A88DF80930E8F776FE637A012257
S21401F3D08DF80C30A37A042103A88DF80D30E8F7D8
S21401F3E06BFE074B187805B0BDE8F040FFF7FCBE92
S21401F3F0212005B0F0BD00BF2455002000C00350F9
S21401F400D9620020034BDB6F002BBCBF024BC3F855
S21401F41088007047000002B8004000B82DE9F047A8
S21401F42017F0BBF84FF47A762D4BB0FBF6F6186062
S21401F4304FF4FA73734307462A48190E1B0218182D
S21401F440294A4FF0000341F10001FBF781FE274BEB
S21401F450A0F5807205461A6320B948222B21FDF7D4
S21401F46053F801254FF47A724FF0000A6A43534667
S21401F47050083102FBF76CFE1C4B1D4AB7F57A7F2C
S21401F4809A601C4B4FEA056819601B4B8946044677
S21401F49018604FEA152505D29B222B215046FDF711
S21401F4A033F801264FF47A73A8FB030103FB051119
S21401F4B07308C01841F1000100233246FBF748FEED
S21401F4C00E4B023419600E4B49F10009A40818606E
S21401F4D044EA8974054B013C9C63BDE8F08700BF94
S21401F4E03855002020A1070040420F0000C001B897
S21401F4F002110100485500204455002040550020C7
S21401F5003C5500201022044BC3F884215A60012286
S21401F510024BDA60704700BF00E100E000C001B8AE
S21401F5201022064BC3F88421C3F88420BFF34F8F03
S21401F530BFF36F8F0422024BDA60704700E100E0F0
S21401F54000C001B810B50446A242A2EB0000A3EB2E
S21401F550010104D2034B01399B6B0133184401F0BE
S21401F560030110BD00C001B838B501250A4B0201E0
S21401F5709D504FF480730446084A834053661BF03F
S21401F58092F9074AA540137823EA05031370BDE8EC
S21401F59038401BF083B900BF00E101B800E001B8B4
S21401F5A0E26200202DE9F84F164605468A461F46B8
S21401F5B01BF079F9022E00F0908080461BF080F94E
S21401F5C0594B5A4AD3F82090147D5A6EE4B252072A
S21401F5D044BFD3F82090013404F003041BF06BF908
S21401F5E04846214600F036FA8446DAF80000012E35
S21401F5F004BF01306044ACEB000C08BFCAF8000041
S21401F600BCF1804F7DD300F037FA8145A1EB0401B0
S21401F61088BF454BDFF834C188BF01F1FF3101F0E7
S21401F620030188BF9B6BA0EB090E0CF80510A1B176
S21401F630F90742BF41F61F723D4B5A67BA0742BFF0
S21401F6403B4B3C4A5A677B0742BF0022364B9A67C0
S21401F6503C0742BF0022344B9A6511244FF0010A41
S21401F660314B05F11002120103EB051BCBF80C011F
S21401F67031499C501A6A0AFA05F4586E0B78A2EBC7
S21401F6800902E4B2234372450B7025D34FF480730D
S21401F690AB40034220D11CF80520002A40D10EB30E
S21401F6A0264AF807536607D541F61F7140F2011046
S21401F6B01F4B596750675967B90706D51C4B1D4A3A
S21401F6C01E491F485A6748675A677A0742BF012290
S21401F6D01C4B1A613B071AD440461BF0DFF8012089
S21401F6E0BDE8F88F184A2D0142F805A042F89C3C67
S21401F6F01BF0D9F810490B7823EA04030B701BF0B2
S21401F700CDF840461BF0CAF80020BDE8F88F21204E
S21401F710FFF778FE4FF48032034B4046DA60DCE7B1
S21401F720064A40465366D8E700C001B8A8550020EF
S21401F73000E001B800001F1FE262002000D001B8FF
S21401F74000000101000002B800E101B8DA62002001
S21401F750024B1878003818BF01207047E26200207B
S21401F760034B10300001185800F00100704700BF2D
S21401F77000C001B870B50646FEF74CFC044608B159
S21401F780FFF7CEFE0023084D3046AB61EB612B62DE
S21401F79000F072F9054BC9B2197528620CB1FFF772
S21401F7A0B1FE002070BD00BF00C001B8A855002002
S21401F7B02DE9F0419DF818800D46B8F1000F08BFFD
S21401F7C00022214EB5F5803FB168074621F470014D
S21401F7D041F4A001B1609DF820409DF81C104FEA4D
S21401F7E0042444EA016444EA031444EA084444EA6B
S21401F7F002044FF0180140F2E9222CBF002001203C
S21401F8007465FCF781FE3564B8F1000F1AD00F4B12
S21401F810BC68D3F888305A2C38BF5A245B0606D504
S21401F82000F0F0FB18B10A4BB3FBF0F31C44204682
S21401F83000F022F90130854238BF0022024B34BF66
S21401F8405A645864BDE8F08100C001B800C000B831
S21401F85000093D00214B10B51A6E1A66596C59B154
S21401F8601F49C96800292EDB596D4FF0FF3301F09F
S21401F8700F018B409A4326D110242020FFF7C2FDAA
S21401F880184B9C6002F088FB2022174BC3F884219A
S21401F89001F0F4FC48B1002200200821FEF71CF814
S21401F8A0124B5C66A3F580531C670D4AD36803F0C0
S21401F8B07063B3F1807FF9D9084B0D4A5A6741F25C
S21401F8C001429A6710BD01F0D9FC0028F4D0094B1B
S21401F8D0064A5366A2F580521367EDE700C001B8E9
S21401F8E0000002B8001002B800E100E000E001B834
S21401F8F0011B01181000002008B52120FFF782FD2A
S21401F9004FF48032014BDA6008BD00BF00C001B879
S21401F910F8B5184D04462B6A1B0426D500F0E6FB05
S21401F9202B6AA0FB044613F0787F4FEA9367C3F374
S21401F9304450C3F3044505D140F25A422B21FCF74B
S21401F940E3FD0120AD01B5FBF0F010EB871005D10A
S21401F95040F25F422B21FCF7D7FD0120024600232F
S21401F96020463146FBF7F4FBF8BD00F04BFBA0FB4D
S21401F9700401F9E700C000B80246012030B50B4C7F
S21401F980A0F12003C0F1200524FA05F504FA03F3DB
S21401F9902B4304FA00F595428B4100D330BD0F2866
S21401F9A001D00130ECE7FF20F8E700BF40420F002E
S21401F9B010B50C46FFF7ACFFC30943EA4163C01A12
S21401F9C061EBD111FFF7D8FFFF2814D00F220C4BA3
S21401F9D040F01000C3F88820A3F58053C3F88800D0
S21401F9E0A3F580531B6ADBB2802B06D02046BDE808
S21401F9F0104000F067BB212010BD0220FCE700BFCD
S21401FA0000E000B838B51AF05BFF084B084A1D6ADB
S21401FA10147D5A6EE4B2520744BF1D6A01341AF0CF
S21401FA204AFF284604F0030138BD00BF00C001B8F4
S21401FA30A85500200346064A103302EB00111B01AD
S21401FA40D1F80C01D158C1F3400116F04DBD00BFED
S21401FA5000C001B8064B1B68434303EB8171054B9D
S21401FA601B68A3FB003013F1004341EB0000704715
S21401FA70405500203C5500200C4A20F040430146EA
S21401FA8010B5002014684FF00042E4FB0320084A3A
S21401FA90890F126802FB0300064B9B6B984204D940
S21401FAA001330131C01A01F0030110BD4455002095
S21401FAB04855002000C001B8044B01F0F071103029
S21401FAC041F0030100011950704700BF00C001B8A2
S21401FAD008B52220FFF796FC4FF48022014BDA602E
S21401FAE008BD00BF00C001B808B5064B4FF0304056
S21401FAF01A6805499200FCF727F8BDE8084001F0AE
S21401FB00E3B800BFC4770400C877040070B50C687A
S21401FB10651C15D0C4F302669E42C4F3074530D176
S21401FB20A4B294422DD804EB8506B24229D2141B06
S21401FB30A50824F003040E59340F04D0012C08D074
S21401FB400022212402E06B1C51F82320C0E9002486
S21401FB5070BD0E4C34F8133042EA03431A686B1C2E
S21401FB6051F8234001EB83014B6822405E4036F09A
S21401FB70704404D11B0F032B04BF8B681A43002467
S21401FB80E4E7013501EB8501C1E700BF9C7704007E
S21401FB9007B501A8EBF7D0F84822164B5A65164A66
S21401FBA0D2F8D43023F4FC33C2F8D430134B1B689C
S21401FBB09DF80530023B012B19D84022104BC3F8A3
S21401FBC0FC23104BD3F85C32DBB2FF2B00D10623AB
S21401FBD0094A1B03D2F8FC139BB20B43C2F8FC3351
S21401FBE0D2F83021084B1A6003B05DF804FB00F030
S21401FBF0E7FEECE7008001B8000002B8002000B084
S21401FC00001002B80080E00FDC54002000224FF400
S21401FC1000710F4B10B51A675A679A670D4AD16281
S21401FC20012102F5E8325161DA6812F0706FFBD1FA
S21401FC304FF0304201245A6602F5FC5208329C66A7
S21401FC40DA64054B1B689847044B5C6110BD00BF26
S21401FC50000002B8004000B87C690020002002B80D
S21401FC6001230F4A0F49C2F880328A6A22F0020243
S21401FC708A620D4A53600D4A53600D4A5360A2F5DD
S21401FC8080425360A2F54042536002F5C032536091
S21401FC9002F580425360A2F500425360704700BFF0
S21401FCA00080005000C0005000D000B80050005442
S21401FCB0005001B808B5FFF7D3FF0E4B0E4ADA67BE
S21401FCC000F076FEFFF764FF03220C4BC3F8E0203A
S21401FCD0012203F54043DA674FF460725A614FF42C
S21401FCE00072DA67FEF778FBBDE808400021FEF7F0
S21401FCF04FBB00BF000002B80048F000005001B83A
S21401FD002DE9F04F054687B002900F4657F8044B91
S21401FD10631C06D1029B2C60E81A801007B0BDE870
S21401FD20F08F5FEA147B18BF0123344AC4F30161E4
S21401FD3008BFC4F3074332F81120A4B24FEAC30A3E
S21401FD402F4844EA02440AF104022A4482421BD2A2
S21401FD500722CA4002F0010201929A0004EB8303D3
S21401FD6003930123B94603FA0BF808F0940305F14F
S21401FD70080604920593039B09F10409A34208D1DE
S21401FD80049955443944C0E71D4A9542E0D80020FD
S21401FD90C4E7059B53B918F0420F19D118F0280F84
S21401FDA00BD146F8084C59F8042C21E04FF4206298
S21401FDB032210020FCF7A8FBF3E740F604223221AB
S21401FDC00198FCF7A1FB04F5805246F8082CEAE7F7
S21401FDD040F60D2232210198FCF796FB04F50052FD
S21401FDE0BBF1010F46F8082CDDD159F8042CD2439B
S21401FDF046F8042C04340836BDE700BF9C7704009F
S21401FE00003000B0F8B50546F0B10026154B344673
S21401FE101F46154953F8042BBAB9A00000F130402B
S21401FE20294600F50150FFF76BFF30B940F6AE32B8
S21401FE303621BDE8F840FCF767BB0C4B013404449F
S21401FE4047F8265023F81640F8BDAA42FCD00136E2
S21401FE500C2E02D031F81640DCE740F6C8323621C7
S21401FE600020E6E74C550020AA5B0020AC5B002092
S21401FE7070B50446A8B1C1B1384A52F8043B98425D
S21401FE8015D1002336498A689206FCD49B00354A70
S21401FE9003F1304303F50153C2F8B0302022324B50
S21401FEA09A6070BD01330C2B02D1304D12E0012354
S21401FEB052F8041BA142F5D12D4A32F81330E1E77E
S21401FEC004D16268C3E90012083403E0012A01D1B3
S21401FED0043419602268531CE3D0C2F3016335F879
S21401FEE01300110C93B211F0FE0F43EA0043606851
S21401FEF00DD00434CAB2022A2168E1D9D4E90160DE
S21401FF00033AC3E9001698600C340C33F3E7120F7A
S21401FF10072AD9D8DFE802F00704090D1013181DC7
S21401FF20C04303F500531860CEE71A6842401A60D2
S21401FF30CAE703F58053F6E716F0CBFAC4E70122C9
S21401FF4003F580538240F2E7012203F50053824015
S21401FF50EDE71A6830EA0202FBD1B5E74C550020FE
S21401FF60000002B8001E00B0001002B89C77040022
S21401FF70AA5B00200122014BDA677047001002B825
S21401FF800122014BDA677047002002B84022014B7C
S21401FF90DA677047002002B84022014BDA677047E3
S21401FFA0001002B80B4B1B68D3F8E43023B11A6873
S21401FFB0022A01D9186A7047074B9A6D90B238B178
S21401FFC0064BC2F307421B68DB085343B3FBF0F052
S21401FFD0704700BFC4550020004001B838550020C6
S21401FFE0064BDB68C3F30363984206D1044AD36B1E
S21401FFF023F0F00343EA0111D1637047000002B811
S214020000001F00B0054B1B68D3F8E43013B11A6822
S2140200100A2A01D8FFF7C6BF186C7047C4550020DD
S2140200202DE9F743064616F04DFA00248046DFF81F
S21402003090901AF038FC0DF1070105460DF1060006
S214020040FEF75AF89DF806308BB9721C29D016F0C6
S21402005039FAA0EB080428461AF020FC9DF8063070
S21402006013B99DF807303BB3A642E2D824E0D9F88C
S2140200700C3013F4603FE8D0D9F8100016F08FFA6F
S214020080731C074603D016F01DFAA0EB0804284698
S2140200901AF004FC17F5007FE0D0384603B0BDE83E
S2140200A0F08328461AF0FAFB9DF80630002BC0D1E2
S2140200B09DF80730002BBCD1004FEEE700FEFFFF95
S2140200C000C000B810F1800F04D04D28CEBF7F20AC
S2140200D0323040B2FF22044BC0B21A62A3F58053FC
S2140200E018620020704700BF00E000B80B4A10B547
S2140200F0136E0B4C116E03F00703E35CC1F3CD01E4
S21402010001FB0333126E0748C2F3454202FB033378
S21402011000688001B0FBF3F010BD00BF004001B8DC
S2140201209477040038550020084910B5D1F89C3061
S21402013040B11C46CA68D1F89C309C42F9D1C2F341
S2140201400362027003F00F0010BD00BF000002B889
S214020150094B01F080011B6F03F480030B4309D1A6
S2140201604FF40012054B1A62837F1BB10122044B27
S214020170C3F80021704700BF000002B8006001B853
S214020180005001B82DE9F04F404F804685B03868E0
S2140201900C4615F09EFE20B90024204605B0BDE8A8
S2140201A0F08F224600214046FBF73EFB384B5D6946
S2140201B015F00105F0D1FCF701F806460028EBD051
S2140201C03F68384615F0BDFD4FF6FF73984234D0AF
S2140201D04FF060512F4E304B304AD3F82090D6F86D
S2140201E08C3011624FF00061A2F580521162242217
S2140201F00421C6F88C202A4A4FF4804B91604FF4B3
S21402020080520027DFF8A4A0CAF868B0F262A742BC
S2140202101ED30421234A9160A2F5F032C2F88C3034
S2140202204FF060521D4B1A6209EA02031E4A13621D
S2140202304FF480421D4B9A66AFE73146384615F0BA
S21402024024FD01463846FCF7FDF80028C0D0A3E797
S214020250B26E5104FCD5B268D205F9D5CAF868B0B8
S214020260D6F890200135012D0392D0D9E21B042A3C
S214020270A8BF042208EB070003A901930092FBF72C
S21402028063FC009A019B3A4497B2C0E7C45500202B
S214020290000002B8004000B8004001B8006001B893
S2140202A0001002B8002002B8005001B8006000B882
S2140202B04FF604014FF60502044B01201B6C9BB25D
S2140202C08B4208BF1346024A136670470080E00F4F
S2140202D000C001B82DE9F74F81460F464FF0FF35B3
S2140202E0FFF790FB002601908A462C463046DFF840
S2140202F0D8B006F110031B015BF8033003F00308C5
S214020300B8F1010F15D13046FFF794FB02460B46B3
S21402031001985146FFF716F9DBF8643006F1080239
S214020320D340DB0739D5002F40D000252C463E604F
S21402033040460136082EDCD160B3234A0027D2F8A5
S21402034008C0916B0CF440330131A4FB01416419DF
S21402035041F10001B3F5003F30D1536B0CF4405C21
S214020360013347F10006BCF5805F22D1156B15F507
S214020370807505FB06F647F1000203FB0266A5FB45
S21402038003323244594304FB0212A3FB04341444DE
S214020390C9E9003403B0BDE8F08FA84271EB04034C
S2140203A0C6D207B13E6005460C46C1E73D463C460E
S2140203B0BEE7320242EA13621B02E3E7136B13F54F
S2140203C0807347F10002DDE700C001B808B516F0F9
S2140203D0FAF8044B5A7C012302329340024A5361D4
S2140203E008BD00BFA8550020002000582DE9F341A3
S2140203F005460F4668461146FFF76CFF0646B0B143
S214020400AFB1DDE900321B0A43EA0263A5FB0384AF
S214020410094B120A05FB02441A6812B916F0BDF817
S2140204200246002340462146FAF792FE38603046DE
S21402043002B0BDE8F08100BF3855002037B504464B
S214020440FFF70EFCE17822791B4841EA0243C0F826
S214020450CC34E579A37943EA0543C0F8D03423784F
S2140204604BB18DF8041004218DF805200DEB010028
S2140204700022E7F721FE63785BB10421A37900220C
S2140204808DF80430E3790DEB01008DF80530E7F7BF
S21402049013FE227801235AB1084AC2F8C834627899
S2140204A002233AB1054A0020C2F8C83403B030BD70
S2140204B0034AF2E7024AF6E700C0035000D00350B0
S2140204C000E0035070B52C4B0C461A7812B92B4A32
S2140204D0926D1A702A4AD26F52054AD51D78294B58
S2140204E005F00F06B0FBF3F040434FEA151505D1B1
S2140204F040F27C622B21FCF707F80120224A0A21EF
S2140205007243B2FBF0F34843B3FBF1F602EB500240
S214020510B2FBF0F201FB1633042BD2B207D8C3EBC0
S2140205208310C3EB80035BB283B96DB217E0C3F1ED
S2140205300B0303EB8303DBB2B3FBF1F32B44DDB215
S2140205400F2DF2D9013AD2B2053DEEE7053B5BB27A
S21402055093FBF1F31D44EBB26DB2002D04DB0020D9
S21402056042EA0512226070BD01320533D2B25DB294
S214020570F5E70220F7E700BFE3620020008001B83B
S214020580000002B8403B2500809698004FF0000C11
S2140205902DE9F84FA2FB017BC84EDFF85CE3BE19DB
S2140205A099466BF10003B6457CEB030308D240F292
S2140205B03E220E216046FBF7A7FF0220BDE8F88F19
S2140205C0D0F8E4A00C461546BAF1000F04D0DAF8CB
S2140205D00030032B00F21B81B94BBA4A9B6BD2F850
S2140205E0FCA0C3F31408B84BD3F8EC305E00B64B4D
S2140205F048BF48F400181B6E48EA456858074EBFC5
S2140206004FF440039B0503F0E07348EA030818F032
S214020610C9FA012D0646D0D10028CED0AB4B98425F
S21402062000F0048103F5122303F5F863984200F004
S2140206300381A74B984200F02F81002502462B46E5
S21402064000204FF00071FAF783FD2B46013007FBBE
S21402065003F3C8F3130100FB0B33A1FB0662A7FBEF
S214020660007001FB0522034420339B09C9F80030C1
S214020670F60C984B46EA423618F4801F1C6008BFF8
S2140206807642954B954DC9F8144034441E602C6052
S214020690BAF1000F00F0B98000239149C8F38152E5
S2140206A08A5C194618F0807F18BF6408002EB8BF0F
S2140206B0764292066008C2FB06012246FAF748FD19
S2140206C0DAF800300E2B08D97F4B7D4A926BD96937
S2140206D0D3F80C31C90600F1D68018F4001814BFFE
S2140206E0C42240F207127F49C0F31300A1FB046143
S2140206F04FEA511102FB01F1C9F80400DAF81800BA
S2140207004FF4FA73B1FBF0F118BF4FF0000801FB8B
S21402071003F3A4FB0262FA33A3FB003004FB0822B5
S214020720B342904138BF0131C9B241F4006CC9F8F6
S21402073008C000297ED0DAF81C00A1FB003624B1DE
S214020740B4FA84F20E2A40F38880E203002E77D1B0
S214020750B2FBF3F2530003FB0113A3FB00764FEA4E
S214020760044EBE454FEA144474EB060609D34E0007
S2140207703344A0FB0371BE4574EB010102F1010292
S214020780F6D2C2F30E024CEA023C4CF00063C9F801
S214020790083018F007FA2B68002B00F08880B3FAAE
S2140207A083F4D4F102044CBF1C4623FA04F44E4BE5
S2140207B09C4288BF6408002846D0B4FBF0F364214C
S2140207C000FB134201FB02F2904244D85A1E520822
S2140207D05B08013B120242EA0313C9F80C3018F018
S2140207E0ADF900285CD0B4FBF0F2642100FB1244A1
S2140207F001FB04F4A0425ED8531E5B085208013A7D
S2140208001B0243EA0213C9F810300020D6E6042B76
S214020810DAF828807FF4FBAE18F0807F0CBF08F071
S214020820E0734FF4400328F0E078EEE600232F480A
S2140208301D460CE72120C1E600232D481D4606E78B
S2140208400B46002289E7044640F2C2422B210020D2
S214020850FBF75AFE2346013BB8E7C2F10F0702F147
S214020860110E06FA0EFEFB4043EA0E03A7F1200E17
S21402087026FA0EFE43EA0E03FE40013304FA02F2A3
S21402088046F1000662E702F4801203F400131A43EC
S21402089008BFC0F5801020E7002316481D46D6E69E
S2140208A040F2E5422B21FBF72FFE621EA4E700284A
S2140208B0C9D01C46CFE71446F7E700BF006CCA88CB
S2140208C0008001B8001F00B0004001B800F04902E5
S2140208D0005A620284550020805500207C55002074
S2140208E0AC770400D34D62103FBE40250A3BB2DF10
S2140208F0313641DCD694BFD6807C814A10B50B4691
S214020900044686B039B98279016821486B46006888
S214020910FFF73CFE6B461F4A196851631E4AD2F81F
S214020920FC2062B35A6842B11C4A1D49C2F80C1137
S2140209305968A2F58052C2F80C119A6842B1174A59
S2140209401849C2F8EC109968A2F58052C2F8EC1069
S2140209501549D868D1F8642122F4EE620243C1F840
S2140209606421D1F85C21186922F4EE620243C1F8D0
S2140209705C21A1F5FF4158692839FFF7A3FD002045
S214020980A2880A4B9A6203F5A033186406B010BD1B
S214020990C4550020008001B8001F00B0006001B8F6
S2140209A0FFFF0F00FFF8FF0F000002B8004000B87C
S2140209B04FF48062014BDA67704700BF001002B83E
S2140209C04FF48062034BDA67034B1B780BB1034A82
S2140209D093657047002002B8E3620020008001B8E9
S2140209E040B10368012B05D90069034B002808BFF4
S2140209F01846704700487047B477040010B590B1A7
S214020A000468012C0FD902696AB11168094B102CCF
S214020A10196051685960916888BFD268996094BF1E
S214020A20D960DA6010BD102200210248FAF7FCFEF7
S214020A30F8E700BF8C550020084BC1171A68A2FBC6
S214020A40000302FB013310F1807043F10003400EF5
S214020A5040EAC310803820EAE07070479C550020B8
S214020A600722164B70B5DA66154B164A1D68164BEA
S214020A70EC08E005C0184FEA153141F100010023E9
S214020A80FAF766FB114B124E18604EF66020FFF71F
S214020A90D3FF4042C6F884000E48FEF7EDFF02463A
S214020AA058B1E301500818184FEA15714FF00003C9
S214020AB041F10001FAF74CFBF06570BD000002B888
S214020AC03855002065CD1D00B2E60E009C5500206C
S214020AD0001F00B040420F0010B5044698B10B4B01
S214020AE0D3F8FC00FFF78AFF4FF47A7303FB04F097
S214020AF0074BA0F6AC50DA689B681044C01ABDE8F3
S214020B001040FFF799BF4EF66020F8E7001F00B0CE
S214020B108C5500202DE9F8430546084614461E4625
S214020B20FFF76CFF0DB306F0020716F004061ED19F
S214020B30DFB14FF47A706B685843002B40F08C801C
S214020B40FFF77AFF60626B69002B00F08C804B4ADD
S214020B50D0684FF47A7202FB0300A0F503501038F7
S214020B60FFF76AFF2062002E57D1BDE8F883286996
S214020B70002868D04FF47A735843404BA0F6AC5026
S214020B809B68C01AFFF758FFE061A88B00285DD06B
S214020B904FF47A735843394BA0F6AC509B68C01A90
S214020BA0FFF74AFF2061364BE968D3F80080002938
S214020BB04FD04FF47A735943304BA1F6AC519A6832
S214020BC05B68891AC91A2F4BC8171A68DFF8BC90D7
S214020BD0A2FB011302FB003311F1807143F1000303
S214020BE0490E41EAC3118039274B6161DB6EA3616E
S214020BF0D9F8003053B1404615F065FB30B12246B5
S214020C00D9F800301D49D8F8D80098470021A869BD
S214020C10FFF762FFA062002F8BD1A86830BB47F2B5
S214020C203050FFF709FFA0604FF47A702B685843E4
S214020C302BB1124B1B6803F51C5310331844FFF7F5
S214020C40FBFEE06091E74EF660209BE74EF66020E2
S214020C50A6E74EF66021B6E7084B1B6803F51C5361
S214020C60103318446CE747F2305079E74FF47A7342
S214020C705843A0F503501038D3E700BF8C55002028
S214020C80C45500209C550020001F00B08855002047
S214020C9038B5054608461C4615F037FC0246D5F818
S214020CA0E400FFF79DFE4368A018002B044AA8BF85
S214020CB04FF4FA721A44034B92FBF3F2104438BD17
S214020CC00CFEFFFF18FCFFFF70B5124C88B001AD9A
S214020CD00FCC0FC594E8070085E807008C22002198
S214020CE00D48FAF7A1FDD42200210C48FAF79CFD24
S214020CF00B4B0C4A5A6301F04DFA0B4B1B783BB177
S214020D00044E01AD0FCD0FC695E8070084E8070034
S214020D1008B070BDC41F00B0A01E00B02C1F00B0EB
S214020D20001F00B010111111D662002008B519F08C
S214020D30BAFD0E4B1A78A2B90D4A126812F4843F15
S214020D400FD10C4A1021D1671B7863B9084B1B6878
S214020D50DB0508D4074B2022DA67BDE8084019F005
S214020D609DBD054AEEE7044BF5E700BFE9620020A9
S214020D70A0150020002002B8001002B80A4B19780D
S214020D8001F0FF0229B10021197008499202C1F848
S214020D90B420597801F0FF0229B10021597093025C
S214020DA0024AC2F8B8307047E4620020005000B829
S214020DB0064BD3F8D80E064B5B6F1A0103D4054BCD
S214020DC09B6E1B0401D500F580707047001000B0C2
S214020DD0000002B8004000B810B519F064FD0E21FC
S214020DE004460320FFF7FCF840F20122034B20469C
S214020DF0BDE81040DA6219F051BD00BF004000B8ED
S214020E0008B519F050FD4FF00042224BC3F880207F
S214020E10BFF34F8FBFF36F8F0122C3F88420BFF357
S214020E204F8FBFF36F8F0222C3F88420BFF34F8F1A
S214020E30BFF36F8F0422C3F88420BFF34F8FBFF334
S214020E406F8F0822C3F88420BFF34F8FBFF36F8FD4
S214020E501022C3F88420BFF34F8FBFF36F8F202278
S214020E60C3F88420BFF34F8FBFF36F8F4022C3F8BF
S214020E708420BFF34F8FBFF36F8F4FF48072C3F897
S214020E808420BFF34F8FBFF36F8FBDE8084019F081
S214020E9005BD00BF00E100E008B519F004FD4FF003
S214020EA00042094B1A6001225A6004225A60082244
S214020EB05A6010225A6020225A6040225A60BDE8C8
S214020EC0084019F0EBBC00BF00E100E0012370B55A
S214020ED0074C2370074B1E68074B3240D3E900537A
S214020EE019402840FCF7F8FC0023237070BD00BFB1
S214020EF0E7620020A4550020A01500200022044B23
S214020F001A70044B197811B11A70FFF70FBF7047A9
S214020F10E8620020E96200202DE9F047DDF820A013
S214020F2003EA0108099B06460C4602EA000703EAA2
S214020F300A09BAF1000F40F04E81031F0B4300F07E
S214020F400E81052871F1000380F0E48050EA010367
S214020F5000F06081431E0B4300F02481FFF750FF30
S214020F60AD4AD2E9005323EA040325EA06053D43C7
S214020F7043EA0807A94BC2E900571E68DFF8F48265
S214020F8026EA0A0646EA09061E60FFF7CFFE15F0B5
S214020F902A4F14BF48F202034FF40043A04AB00798
S214020FA0D26EA04848BF43F4005383EA020122EA05
S214020FB00302C2669C4A0B408166D366C5F3804232
S214020FC01203290348BF42F48072EB0648BF42F47C
S214020FD00052964BAC0648BF42F400726806D3F83D
S214020FE00C3248BF42F48062290648BF42F40062CF
S214020FF08F4882EA030123EA0203C0F80C328D4BC3
S2140210000A40C7F34024A404C0F80812C3F80C220E
S214021010EA0448BF44F48034AB0348BF44F4801467
S214021020A80748BF44F4800415F4001F06D0D8F879
S214021030000015F09EFB08B944F40024E90248BFFC
S21402104044F40034FA0648BF44F4000473077A4BAB
S21402105048BF44F004041A6A44F4001484EA020303
S21402106023F0010375491A400A621C40CB61744B97
S21402107016F0010F1C62734B734A18BF1A46734B65
S2140210807C071B6F48BF42F00062714882EA030188
S21402109023EA020303676F4B0A4041661A676E4AE9
S2140210A005F00103516CA0F5803081EA030221EAC3
S2140210B00301416482631A40684B28025A64D8F8D6
S2140210C0002048BF664B92F8F62058BF654B69076A
S2140210D048BF43F4806322B115F4C06F18BF43F4CF
S2140210E080733207604A48BF43F00043D2F8EC10E0
S2140210F05E4883EA010222F4A0221140C0F8EC10F6
S2140211001340C0F8E0205A4ABDE8F047C2F8EC3077
S214021110FFF7C2BEA0F580630B4306D020F48063BF
S214021120A3F500730B437FF419AF19F0BCFB3A49E1
S214021130D1E9003223EA060322EA040242EA08025E
S2140211403B43C1E900324B4A126892F8F610474A0E
S21402115009B313F4C06F1ED04FF4807311E019F078
S214021160A2FB2D4AD2E9003123F004033B4341EAB5
S214021170080157EA0807C2E900314FF480633B4A88
S2140211800BD0C2F8E030A2F58052C2F8EC30BDE8CF
S214021190F04719F083BB4FF48073C2F8EC30C2F804
S2140211A0E030F4E719F07FFB1B4AD2E9003123F066
S2140211B001033B4341EA0801C2E9003101232E4AFA
S2140211C057EA08071BBF9363A2F580525364536421
S2140211D008BF9363DBE750EA01037FF4BFAEBAF1C0
S2140211E0010F7FF4BBAE19F05EFB0C4A136823F0C6
S2140211F0010343EA090313604FF48063144AB9F10A
S214021200000F04D05366A2F580521367BFE7136738
S2140212105366BCE7BDE8F087A0150020A455002061
S214021220004000B8006000B8005000B8004001B8A6
S214021230006001B8005001B8000002B8002002B8F1
S214021240001002B8041C00030418000300C001B812
S21402125000E001B800D001B800C000B800D000B865
S2140212600D0A0A09090A0A090040005400600054DF
S21402127000500054C455002000E000B8024B5868E5
S214021280C0F3C000704700BFA0150020024B1868CC
S21402129000F00100704700BFA0150020024B5868FE
S2140212A0C0F3C030704700BFA015002010B504463A
S2140212B0FEF700FDFFF7A4FD2046FDF7BDF8FEF79A
S2140212C0A5FCFEF7ABF8FEF71DF9FFF7C9FB1349BD
S2140212D00723134AD1F8FC1004F1F800FFF71AFCB2
S2140212E04FF080710020FEF7E7FB4FF000720D4BC7
S2140212F04FF400110120C3F80021FEF7DDFBFEF7D4
S214021300D7FF20B940F292321421FBF7FDF815F010
S21402131063F9BDE810400120FDF766BF001F00B06C
S214021320581F00B000D001B88023074A136708236D
S21402133040B11367054AD2F8A03023F02003C2F862
S214021340A0307047024AF4E7001002B8001E00B050
S214021350002002B810B519F0A6FA012104460020B2
S214021360FFF7E2FF044B1961044B5B68984720467F
S214021370BDE8104019F092BA000002B86869002071
S214021380F8B5194C0546207840F2E442B0FA80F0EF
S2140213903E214009FBF7B8F855B9607840F2E442BE
S2140213A0BDE8F840B0FA80F03E214009FBF7ACB841
S2140213B04FF440660D4F0E4DD7F8B43040F2E4427B
S2140213C0C3F381232370C5F8B46060783E21B0FA77
S2140213D080F04009FBF798F8D7F8B830C3F38123BA
S2140213E06370C5F8B860F8BDE4620020004000B83B
S2140213F0006000B8F8B5084C084D236F0423084F68
S2140214002B67236F5B0300D4F8BD042602203E67D9
S21402141015F05FF82E67F4E7000002B8001002B875
S214021420002002B8A82238B51A4B1D6F03F50053E8
S2140214301A6710229A60A3F5804302F100521A67D7
S2140214405A66FFF79BFC144B1B7813B90320FEF772
S2140214508BF80024114B9C67FFF7CCFF104A114B08
S214021460D2F8D81E0B40C2F8D83E04220E4B1A679A
S2140214700E4BAA06C3F8AC4008D503F58073DB6CA6
S214021480B3F5817F22BF8022024B1A61BDE8384045
S214021490FCF7C2BB000002B8E662002000C001B83A
S2140214A0001000B0DF0000FF002002B8001E00B0EF
S2140214B010B549B930B3164AD3681B0E13F00E0F97
S2140214C020D193689A061DD4FFF786FC104C0020A4
S2140214D0FEF72AFE032801D0092805D1636FDB0335
S2140214E0F5D4E36D0C2BF2D9FFF784FF4FF40072AC
S2140214F0084BDA62012203F5E8335A61042203F547
S21402150080531A674FF4C062034BDA6210BD00BF05
S214021510000002B8004000B8006001B808B5032118
S2140215200920FEF75DFD2022014B1A6108BD00BFAF
S214021530000002B838B5054619F0B5F90E4B044658
S2140215401868FDF745F835B1FFF7D8FC2046BDE828
S214021550384019F0A3B9094B1B78002BF6D0084B7C
S2140215601D78002DF2D1FFF7C9FC2A464FF48040C1
S2140215700021FFF7ABFCE9E7C4550020E862002033
S214021580E76200202DE9F84F5C4B06460D461446EE
S2140215901B6F002A40F0AE8013F0A00F14BF4FF06E
S2140215A001094FF00009FCF737FBA0234FF0000AB1
S2140215B0DFF868810320C8F87030FDF7D5FF0420F5
S2140215C0FDF7D2FF4E4FFFF799FC4E4B4FF0040B40
S2140215D07B67C7F878A0FFF70DFF4B4B4FF480717F
S2140215E0D3F8A020494842F02002C3F8A020FF22E8
S2140215F0C8F80820414A1161D0F8D82E4449114053
S214021600C0F8D81EC8F870B0C3F8ACA07B6913F057
S214021610060F04D0FEF75CFA5846FDF7A5FFB9F1AF
S214021620000F08D04FF400623A4B1A674FF400429C
S214021630A3F5E0339A6666B1374BDB6C180701D424
S214021640FFF7CAFBFFF76AFF0420FDF78DFFFFF7DF
S21402165095FB2A4B5A69D10747D5DA6812F0706FA4
S214021660FBD12E4B2E4A1A672E4AD36B23F0F00379
S214021670D36315B12046FFF75DFF2B4BD3F84C31F1
S2140216805A1C01D05B0002D50122244B5A6164B376
S214021690214BDA6E03F500539A6603F5D0331B6AC4
S2140216A01E4A23F00103D361204BD3F80C1203F534
S2140216B00053C3F8081203F50053D3F8841003F559
S2140216C0005399671A4BD3F8EC1003F50053C3F88E
S2140216D0E010184B596C03F500539963164903F54D
S2140216E0803359664FF6084313670020BDE8F84F6B
S2140216F0FCF736BD4FF0000955E700BF000002B800
S21402170000C001B800000101001E00B0001000B0C9
S214021710DF0000FF001002B8004000B8002002B848
S21402172010003000001F00B00080E00F004001B83B
S2140217300040005400C000B85000002F9B4B2DE91B
S214021740F04F9F6EDB6E85B01F40994B9F66994B9C
S214021750D3F8E050D3F8EC301D40974BC3F8E05076
S214021760964BD3F80822D3F80C3202EA0309944BBC
S214021770C3F8089203F52043DA691B6A02EA0308F3
S214021780904B08F47702DA618F4BD3F80422D20624
S21402179005D4D3F80431C3F30016DB0651D519F08D
S2140217A082F88A4B5A695E6E1B6F12F0060F06EAC3
S2140217B00306874A26F0007314BF4FF0010A4FF063
S2140217C0000A23F400637407536604D5814A137D26
S2140217D00133DBB2137519F061F8002F00F0E280D6
S2140217E017F4004300F0D38019F05DF80146FFF7C6
S2140217F0DFFA0446784BD3F800B0DBF80020DBF8BB
S21402180000309A42FBD0DBF800209A42FBD0FFF76A
S214021810CFFAA04217D1084619F040F86F4B1C6069
S2140218206F4BD3F870B01BF4E0520ED124F07F4415
S21402183024F0DF040CB9FFF7F5FD4FF0807B00249F
S21402184014E0B246C9E70446D7E70192FFF7EAFD7D
S2140218505C4B019A1BF480541A6740F09A801BF482
S214021860806F0CBF4FF0805B4FF0806BB80715D5CA
S2140218705B4A5448126F02F460410167002900F087
S2140218808B80110400F18B8012F4005F0CBF4FF0C6
S21402189000524FF0006200244BEA020BC7F34037B7
S2140218A07F00504A2A40002A4AD015F4206F0AD0F8
S2140218B040F6A31206210020FAF726FE0020FFF7C4
S2140218C039FE25F48025EB0506D5FF213D4A4BF46B
S2140218D0C06B9160FFF780FA15F0090F0AD040F648
S2140218E0B81208210020FAF70FFEFFF717FE0121B3
S2140218F0304A116315F0106F0CD040F6C112092160
S2140219000020FAF701FEFFF709FE002211461046F4
S214021910FCF736FE15F4202F0AD040F6C91207212E
S2140219200020FAF7F1FD0020FFF704FE25F48025DB
S214021930E80301D5FCF768FF002DB8BF47F008079B
S21402194069070DD51B4AD26A12F4005F4FF40052A3
S21402195017BF19492449CA624BF4000B08BFCA6272
S2140219606A0548BF4BF0040B15F48023019300F080
S214021970A480FCF701FF0138062837D8DFE810F00C
S21402198028012B0128012E013101340134019B4626
S21402199055E74FF0804B52E74FF000727BE74FF06F
S2140219A0004278E7BB463C467BE700BF004000B8F3
S2140219B0006000B80040005400600054004001B8C7
S2140219C0006001B8002002B800E100E000C001B8E3
S2140219D000E001B8A855002048770400A055002072
S2140219E0000002B8090B0B890050005440F6FA12A8
S2140219F003210020FAF788FD01218548826ED0F87F
S214021A00883002F00702063201FA02F2C3F30C0C27
S214021A10A2EB0C0292B2072A12D97E4A126F530226
S214021A200ED47D4B826B806D5B6D5BB102F007025C
S214021A3006329140C0F30C00091A89B2072901D870
S214021A404BF4007B754A1278002A36D0704AD2F8D8
S214021A50E02012F4A02F30D1714A724912789AB956
S214021A60F20411D40A787AB14FEADB026E4842EAEF
S214021A70447282F00102D0F8D80E02F0010252003F
S214021A8020FA02F2930718D10420FDF76DFD674A8B
S214021A9067485067FFF732FA62490A784AB9654AD8
S214021AA0127832B1644A654912680BEA02020A42A7
S214021AB001D14BF4804B26F48056B9F1000F1DD0AD
S214021AC019F4805F18BF4BF4802B19F4807F18BF7F
S214021AD04BF4002B19F4005F18BF4BF0100B19F4EF
S214021AE0007F18BF4BF0200B19F4806F18BF4BF025
S214021AF0400B19F4006F18BF4BF0800BB8F1000FC3
S214021B0048D018F4001F0AD04D4A13683BB1414A28
S214021B104C48116F00680022C1F3C061984718F460
S214021B20802F18BF44F4007418F4803F18BF4BF49B
S214021B30805B18F4801F18BF4BF4003B18F4800F2C
S214021B4018BF4BF0020B18F4003F18BF4BF4801B73
S214021B5018F4000F18BF44F0100418F4002F19D020
S214021B60394AD2F8A02012F0C00F13D02949CA6809
S214021B70C2F30362032A01D0072A05D14A6FD006B0
S214021B8002D48A6F120732D54FF400212F4A28F466
S214021B900028D161002E00F01B81330540F18F80B2
S214021BA02B48DFF88890C2782A49002A58D04FF48A
S214021BB00063013AD2B24B66C27032B9264A127834
S214021BC0C2B140F60141254A51670022002173E066
S214021BD04BF4803B10E74BF4006B0DE74BF4806B45
S214021BE00AE74BF4807B07E74BF0080B04E74BF45D
S214021BF0001BCFE7D9F8782012F4A05F15BF4FF488
S214021C00807240F60142C9F85820C9F87820DCE70D
S214021C1000400054000002B8004000B8E96200200C
S214021C20E8620020EB620020001000B000C001B89D
S214021C3000000101EA620020A0150020088D0100C4
S214021C40D8540020C4550020001E00B0002002B860
S214021C50DA62002000E001B8E662002000D001B897
S214021C600320FDF781FCD9F81420A84B12F0060FCA
S214021C7004BF41F61F72A649A64808BF4A674FF43A
S214021C800061A34A5166D9F8142012F0060208BF72
S214021C90C9F878205A8A12F4006162D022F40062EF
S214021CA05A82027802F0FF09002A5ED1FDF710FF81
S214021CB0FFF7B8FB4A4620214BEA020B0C43B00062
S214021CC009D52E20FDF79EFB4FF00051904A44F0B6
S214021CD0080411675166F10606D52B20FDF792FB24
S214021CE010218B4A1167516616F0306F05D1F20447
S214021CF063D5BAF1000F00F0C080330117D5292052
S214021D00FDF780FB844A526C12B11021834A91601F
S214021D10FFF7B4FA48B1824A82487D494A660267AA
S214021D2000F54050C068400422D444F0040416F083
S214021D30007A28D00420FDF717FC2720FDF762FB67
S214021D40FFF770FB4FF00071714A5166764AD2F87F
S214021D50D82E520679D40221704A916044F00204C9
S214021D6028E002784FF40052A6E74FF400422DE72F
S214021D700A6720204A66FDF745FB2D2044F00C0436
S214021D80FDF740FBD3E716F0807FDFF88C9147D053
S214021D900420FDF7E9FB2820FDF734FBD9F878206C
S214021DA0002A3AD1FFF73EFB594A5D4944F0010446
S214021DB0116751660021584A9165720508D55B493C
S214021DC08A78002A00F0D880013A8A7000221743E7
S214021DD0574AD2F8A020130603D558462146FCF7E8
S214021DE0C7F93A4658462146FFF770F8019B0BB1F1
S214021DF0FCF7F8FC01224F4B05F00435C3F8E0501F
S214021E004D4B18F4002FC3F884211EBF4FF4002256
S214021E10424BDA6105B0BDE8F08FC9F878A0C3E797
S214021E20F104C7D50420FDF79FFB444AC9F8742085
S214021E30FDF74EFED9F8642012F0407FBAD12A2070
S214021E40FDF7E0FAFFF7EEFA80E7394AD2F8A0107B
S214021E508B0683D402203A4988603A49096891F889
S214021E602510C8077FF57AAF92F8C420002A3FF4FF
S214021E7075AF8021344A116170E7344A1268013224
S214021E8002D04BF0010B98E728490A7952B1013A81
S214021E90D2B20A7112B9234A2D49516700224BEA7F
S214021EA0020B8AE70420FDF75FFB0320FDF75CFBCD
S214021EB0194A2249516718F0F6FC81460DF10F00C7
S214021EC0FEF732F9234A824612780AB1FEF784FFF9
S214021ED0BAF1030F0ED1DFF870A00020FEF724F946
S214021EE0032807D1DAF87420D103F6D4DAF85C2096
S214021EF00C2AF2D99DF80F20032A2FD10121164A67
S214021F004846117018F0CAFCC8E700BFA855002062
S214021F1000E001B8E662002000C001B8002002B866
S214021F201000002000D001B8001000B0DA620020D5
S214021F30001E00B00060005400E100E00000010155
S214021F40001002B8C4550020000002B870690020D4
S214021F500000010DEC620020E8620020094AD2F877
S214021F60E02012F4A02FC9D1FEF7C8FF484618F0A9
S214021F7095FC4FF4804292E70220FDF7F5FA012223
S214021F8025E700BF004000540122024B1A62DA61C4
S214021F90704700BF002002B80D4B10B5DC691A6A04
S214021FA014400C4A24F47F01D161E20706D5D968B1
S214021FB04FF0FF30C1F3036114F018FB630706D538
S214021FC0BDE81040042200200021FEF77FBF10BDAE
S214021FD0000002B8002002B80C4A08B5936B526C97
S214021FE013400B4A9363DB070FD50A4B40F6634256
S214021FF01878122100F00100FAF786FABDE80840C8
S214022000002201200021FEF761BF08BD00C000B813
S21402201000E000B8A0150020054AD2F88430DB079D
S214022020FBD4936FD2F884201340024A936770471A
S214022030008001B800A001B870B514460D4618F02D
S21402204032FC064BD3F8A06074402C407440C3F8B0
S214022050A04018F023FC06EA050070BD001E00B082
S214022060034BD3F8A03099430CBF012000207047E1
S214022070001E00B02DE9F04117460A43012A1D460C
S2140220809DF818409DF81C60DDF8208029D8B442DF
S21402209027D2082E25D8032B23D8B8F1000F20D03C
S2140220A00A460021FBF71CFDFF21EB009940C943BD
S2140220B0DFF834C008F1FF38FF00E2B2964202D8D9
S2140220C00020BDE8F0813D190CEB8505D5F8E0202F
S2140220D018F8010F0A4098401043C5F8E000013492
S2140220E0EBE72120EDE700BF001E00B0034B1868A7
S2140220F0034B002808BF1846704700BFC055002093
S214022100989804002DE9F843DFF860900646D9F85F
S214022110008008461746B8F1000F03D00E2420466A
S214022120BDE8F88306B3336801331DD1E1B1FAF78F
S2140221300DF805460028F1D0C9F80000FAF72CF889
S214022140284613F067FD044640B14046C9F80080B1
S214022150FAF722F8284613F058FDE0E73560002F1C
S214022160DDD02846B847DAE72124D8E7C455002050
S214022170024B1868003818BF01207047C45500206B
S214022180002108B5024B08465B689847002008BD48
S214022190686900200523064AA2F84A3092F84930B8
S2140221A003F0010363F0730382F84930704700BFFF
S2140221B0001F00B00023F0B585B0CDE901330393CC
S2140221C0124B134D1B78134E8DF8043018F078FB23
S2140221D02A78337804469A420F4F0CD03178386802
S2140221E001AA297014F037FA50B140F608210B48BC
S2140221F018F05BFC04E0386814F00DFA0128EDD004
S214022200204618F058FB05B0F0BD00BF516C002008
S214022210826C0020836C0020E0550020D44C040021
S214022220F8B52B4B1B7823B140F6FC31294818F041
S2140222303CFC18F045FB284B07461C8814F00604A5
S21402224009D001214FF4807017F094FB3846BDE8A0
S214022250F84018F030BB21464FF4807017F08AFB26
S214022260204600F09DFF022808D180221B4B8021C9
S214022270186813F099FDFFF79DFFE7E7204600F088
S2140222808FFF054638B1012807D040F63141114884
S21402229018F00BFCDAE70246E8E7FF220F4E104B77
S2140222A030681A70FFF76CFF306814F0B4F9012832
S2140222B0CCD02A462946306814F0AFF921462C20A5
S2140222C017F084FB21460A2017F080FBBEE700BF0A
S2140222D0F2620020D44C0400C65B0020E0550020C9
S2140222E0826C00200021014818F08AB9E8690020B3
S2140222F07F2837B5044610D14FF6FF7302221748DF
S2140223000DF10601ADF80630EAF7D6FEBDF8064036
S214022310E2054CBF6FF04A0464B218F0D1FA104BD3
S21402232005461C700F4B1B88DB0710D50E4B1B781F
S214022330002B0E4B0CBF21466FF07F01186813F07E
S21402234058FD20B140F67861094818F0AEFB2846E1
S21402235003B0BDE8304018F0AEBA00BF641002C049
S2140223607A6C0020C65B0020F3620020E055002055
S214022370D44C040010B50FF0A2F960B10FF0A1F929
S2140223800B4A80B141F20D03BDE8104041F20D0147
S214022390074817F041BC074B1A781B799A4204D1BA
S2140223A000220023F0E70D23EEE7034AF9E700BF19
S2140223B0400D0300516C0020488D0100F8B5164E02
S2140223C00D46337802F0010423B140F2C5311348BA
S2140223D018F06BFB124B134F1D60134DA4B1134B39
S2140223E0997801B10121202017F0C4FA2B783B70AE
S2140223F00F4B1C780F4B00211C70042333700E48C1
S214022400BDE8F84018F0FCB82146202017F0B2FAD2
S2140224102B783B70EEE700BFF2620020D44C04003B
S214022420D0550020EF620020846C0020D455002096
S214022430F0620020F1620020E86900202DE9F843EE
S21402244018F03EFADFF8A0810546B8F80030614C75
S21402245013F4807F03D0237873BBFFF7E1FE0021DD
S214022460084617F0B3FA5C4B1A78FF2A13D01A788C
S21402247002F0FF0632BBFF221A702378052B0AD120
S21402248000232846237018F016FA304614F073F923
S21402249018F016FA05462378504E062B09D13378E3
S2140224A0FF2B06D03378022B15D100214C4818F0AA
S2140224B0A7F8FF2333702BE000214FF4807017F04B
S2140224C059FACCE71A78012A4FF0FF0214BF3326D6
S2140224D04C261A70D4E7337813B13378012B22D105
S2140224E017F0E8FA07463E4896F8009001F0CEFB51
S2140224F0FF235FFA89F9337077B1B9F1010F44D13E
S2140225006421374884F8009018F07AF8FFF752FEF4
S214022510284618F0D0F906E02846277018F0CBF9BE
S214022520384614F028F9B8F800301B0605D5002105
S214022530802017F01FFA12F031FC01F0E3FA294E60
S214022540308000B32778012F42D117F06DFF054681
S21402255010B3013018F087FB00F44060B0F5006F4E
S2140225601AD104223946284617F09EFE284418F04F
S2140225707AFB4FF6FF7398420ED10020318800F0A6
S214022580F1FC00233380BDE8F8830023284623703D
S21402259018F091F93F20C4E7114801F077FB0021BB
S2140225A008462170012500F08FFC23780BB9FFF74F
S2140225B037FE0020318800F0D5FC00233380002D42
S2140225C0E1D020780028DED1BDE8F84314F00BBA3B
S2140225D00025EAE7F2620020816C0020806C002071
S2140225E0E8690020C45B0020C65B002008B51346DD
S2140225F00A461946064B186813F088FC30B1BDE847
S214022600084040F2F441034818F04FBA08BD00BF34
S214022610E0550020D44C040008B513460A46194675
S214022620064B186813F06CFC30B1BDE8084040F267
S214022630FB41034818F039BA08BD00BFE055002038
S214022640D44C0400024B1878431E58425841704737
S214022650F262002008B5064B1B7823B140F22551E2
S214022660044818F022FAFFF7DBFD002008BD00BF81
S214022670F2620020D44C040008B5054B01EB810140
S2140226801868490013F0B7FB002818BF212008BDC0
S214022690E055002008B5044B1868F9F70FFF0A2327
S2140226A090FBF3F040B208BDE0550020014B1878CD
S2140226B0704700BF836C002008B5044B186813F0FF
S2140226C005FBB0FA80F0400908BD00BFE0550020C7
S2140226D038B5124D0C462B78012B04D940F24651E0
S2140226E00F4818F0E2F921460020FFF7E5FF90B107
S2140226F00C4B1C702B785BB9FFF792FD0A4B93F9D3
S21402270000100A4BC901186813F049FB002038BDB7
S214022710FFF750FDF2E72120F9E700BFF262002042
S214022720D44C0400836C0020F4620020E0550020A4
S21402273008B5074B186813F0C7FA30B1054BB3FB60
S214022740F0F083B20BB1184608BD0120FCE700BFCB
S214022750E055002040420F002DE9F3475C4E012071
S21402276018F0A0F93388990704D440F63F41594837
S21402277018F09BF9DFF8808198F80030053B012BB2
S21402278004D940F64141534818F08FF9524F3B683E
S21402279023B940F644414F4818F087F9348814F0BC
S2140227A0200478D00121222017F010F94FF47A7411
S2140227B0FFF7BEFF3B681B780933434304EBC304B1
S2140227C098F80030A5B2062B0BD117F03BFD044655
S2140227D0FFF7AEFF602358430C2303FB0400284494
S2140227E085B2D7F800903D4B99F800801C7808F126
S2140227F0FF381FFA88F8002C52D133885A0505D4C0
S21402280009F1010018F02FFAC0F340143449354A92
S214022810887812784B7812FB00F2334F93423B7063
S214022820A4BF9B1A3B703B78CA78BD60934238BF00
S21402283013463B700EF04BFF002833D00EF045FFD8
S214022840012814BF1025082525430023DFF8ACA075
S2140228500093802243464946DAF8000013F0FDFA58
S21402286020B14FF43B611B4818F01FF91F4BDAF8F2
S214022870000019781E4B197033889B0614D52A4619
S2140228801C4B009713F0E5FEC0B9002002B0BDE86D
S214022890F04718F007B92146222017F097F887E785
S2140228A00024B3E72546D0E72A460F4B13F0CFFEA7
S2140228B0014618B9252017F089F8E6E721462620B2
S2140228C017F084F840F6F431024818F0EEF8DCE728
S2140228D0C65B0020D44C0400D0550020F5620020D0
S2140228E0516C0020EF62002098690020836C002063
S2140228F0826C0020D4550020F2620020E0550020B1
S214022900184B10B51B889B0704D440F6A6611648E0
S21402291018F0CBF8154B1B78053B012B04D940F673
S214022920A761114818F0C1F8114B1B6823B940F68D
S214022930A9610D4818F0B9F800240E4B0E49212063
S2140229401C7017F043F8014618B9BDE81040FFF7AF
S21402295003BF022804D12046BDE8104017F0CCB8C9
S21402296010BD00BFC65B0020D44C0400F2620020FB
S214022970D0550020ED620020192B0200F8B55A4C03
S21402298023889A0704D54FF43E71584818F08DF8FC
S214022990574801F07BF917F093FF238805465B073B
S2140229A00DD54FF0FF3013F09FFA524B1B68C01A3A
S2140229B0B0F5717F03D90021042016F0DBFF28460C
S2140229C04D4D17F078FF2B78042B32D117F078FF95
S2140229D0238806465F0708D54548002117F010FEF3
S2140229E03046BDE8F84017F066BF17F064FF17F0F0
S2140229F067FF424B06461B78414F13B92388590599
S214022A000FD50523012102202B7016F0B3FFFFF726
S214022A1077FF304617F04FFF3B68DA78394B1A706B
S214022A20F8BD3868013018F01EF98206E9D506238B
S214022A30E8E7062B4DD1344B1B78FF2BF0D1334EF3
S214022A400EF047FE3378002B3DD017F039FF23886F
S214022A5005465B0705D52648002117F0D1FD284616
S214022A60BFE717F028FF3378013B337017F028FFD3
S214022A7004460121022016F07DFFFFF741FF2046A3
S214022A801F4C17F018FF2068013018F0ECF800F41D
S214022A904060B0F5006F13D124680121042220465D
S214022AA017F002FC204418F0DEF80146184B04200A
S214022AB01A783378D21AD2B2BDE8F84018F09CB829
S214022AC04FF6FF71F2E740202B70BDE8F84013F096
S214022AD052BE012BA4D100232B700E4B1868FFF7B1
S214022AE04FFB3F20F1E700BFC65B0020D44C04003A
S214022AF0E8690020CC550020F2620020F562002032
S214022B00D0550020EE620020806C0020EF6200208C
S214022B10846C0020E055002008B50A4B1A7882B96A
S214022B20012210281A7004D040F69D61064817F05C
S214022B30BCFF0021202016F01DFFBDE80840FFF76D
S214022B400BBE08BDED620020D44C040008B5094B4C
S214022B501B88DB0604D440F2C351074817F0A5FFD2
S214022B601020002116F006FF044B1868BDE8084046
S214022B7013F066BDC65B0020D44C0400E05500206E
S214022B80012208B5074B1146186813F046FD0021CE
S214022B902C2016F01BFFBDE8084000210A2016F084
S214022BA015BF00BFE0550020014B4008185C704777
S214022BB07C6C002008B513460A461946064B186870
S214022BC013F0AAF930B1BDE8084040F6E9410348DF
S214022BD017F06BBF08BD00BFE0550020D44C0400C0
S214022BE008B5044B186813F016FD013818BF01200B
S214022BF008BD00BFE055002070B5054617F060FE20
S214022C000E4B0F4E1B880446DA07357008D50D4B5F
S214022C100D4D1B78012B08D90121286813F0A5FD5C
S214022C202046BDE8704017F046BE1BB10EF045FDCB
S214022C30C305F1D4317881F00101EEE7C65B0020CE
S214022C407B6C0020F3620020E05500200C4B10B590
S214022C501B880446DB0711D5FFF78CFB094B84F073
S214022C60010208211868D20013F09EF830B1BDE8C0
S214022C70104040F63671044817F017BF10BD00BF6B
S214022C80C65B0020E0550020D44C040008B5044B77
S214022C900146186813F04BF9003818BF012008BD2A
S214022CA0E055002010B50A4C23787BB1FFF768FF89
S214022CB00021042016F05EFE0021022016F05AFEC5
S214022CC000232370BDE81040FFF7AABA10BD00BF6C
S214022CD0F262002038B5094800F0E8FC0024084DEE
S214022CE095F84430E0B2834200D838BD05EBC00008
S214022CF0043000F0DBFC0134F2E700BF845600200B
S214022D00E455002008B5104602494822F8F71CFF91
S214022D10002008BD3C56002008B5054818F035F8D6
S214022D20014620B9BDE80840014817F069BC08BD55
S214022D30086A0020002238B51C4B15461C461A703D
S214022D400132082A5D609D8043F8085FF8D1482268
S214022D5000211748F8F768FD4FF6FE73A4F86830AE
S214022D606FF48033E365134B00211A88124B186800
S214022D70F8F75AFD114BC4E91255C4E9283584F810
S214022D80445084F85050656584F8A850E9F7FEFC74
S214022D90FF220B4B012118700A4B00201A70E1F734
S214022DA073FE0020FFF7B8FF002038BDE455002070
S214022DB03C560020F46B0020C86800200000FFFF8D
S214022DC0F66200203C63002010B5AC24084B04FBDE
S214022DD00030836C53B990F850403CB931B1C0E929
S214022DE012122046FFF798FF204610BD2120FCE76E
S214022DF0E4550020AC2370B503FB00F5094E7319A9
S214022E0093F850405CB920460BF022FF735D2046D3
S214022E1043F002037355FFF77FFF204670BD012083
S214022E20FCE700BFE4550020AC235843024A135C7B
S214022E3023F0030313547047E455002070B516467A
S214022E401F4A04461278C2BBAC211E4D01FB00513C
S214022E508A6C92BB91F850203AB1022B2DD191F890
S214022E604410072907D91C2026E091F844100729A8
S214022E70F9D8012B08D0AC2000FB0450CA00011D73
S214022E800C30F8F723FD0021AC2303FB04F00024EA
S214022E909DF8143000EBC1012944CB71049B8E804F
S214022EA08B602B1893F84420204601328C7183F8ED
S214022EB04420FFF731FF204670BD0120FCE700BF2B
S214022EC0F5620020E4550020F8B5234B04461B7833
S214022ED00F46002B3ED1AC23204D03FB0053B3F824
S214022EE0A03023B940F245311D4817F0DEFDAC2272
S214022EF002FB0452D2F8A46036B192F8A3303946E7
S214022F000020B2F8A020B047AC2300216343EA18A1
S214022F10A2F8A010C2F8A410482192F8A82001FB3B
S214022F2002322A44D2F89820964213D0EB5C9B07D2
S214022F300CD5AC226243AB5C204623F0020343F07E
S214022F400103AB54BDE8F840FFF7E6BE0BF0A2FE65
S214022F500028EED1F8BD00BFF5620020E45500203F
S214022F602B4D04002DE9F04F89B0059008460D461A
S214022F7017F05AFA044618B9212009B0BDE8F08FB6
S214022F80284617F06DFAC0B20838215C221892F86B
S214022F9002A00491D1785268277803920022B4F8EE
S214022FA00130ADF81E20434A029192F800B0BBF100
S214022FB0000F08D0404B1B681BB120464FFA8AF21E
S214022FC098470020D9E703F00703022B70D001349C
S214022FD009225946204617F067F9023F3F1A3B0678
S214022FE006465FFA87F8C7D4344FD7F89090B9F1FF
S214022FF0000F27D100210DF11E0B4346224608463C
S214023000CDF800B00BF05CFDC3B20546002B4BD1E9
S214023010BDF81E0013F0F3FBE0B9BDF81E0013F076
S214023020D7FC8146BDF81E0013F0E9FBF0B906EBAB
S214023030080201232146584692B200F07BFDD0B129
S21402304019209AE75B465A4601212846C8470028B7
S214023050D0D191E7D7F89430BDF81E00002BDCD013
S214023060A11998470028D8D1022086E7424648464A
S214023070A119F8F769FDBDF81E0017F0D5F9029BF5
S214023080059A0372049B80F809A08372039B1BBAFD
S214023090C360AC2303FB027393F85020BDF81E00F6
S2140230A022B1DB6C03B19847E8B266E7BB6FF9E77B
S2140230B0012062E7F5620020C8550020E455002092
S2140230C02DE9F84308460F46164602F1010913F0A9
S2140230D084FC8046384613F08BFB042856D13846CB
S2140230E013F0AAFB48F661054FF6FF7248F6410355
S2140230F0294C904208BF1D46B4F85C10301D17F0EC
S214023100B4FD384613F098FB0146B01D17F0ADFD2E
S214023110B4F85E1006F1080017F0A7FD06F10A04DF
S214023120384615F01DF910B145F01005ADB2294626
S214023130484617F09AFD384613F04AFC42460146C6
S2140231402046F8F701FD3846012117F0A5F9444458
S214023150074660B117F084F90546384617F064F959
S214023160EDB201462A462046F8F7EEFC2C440B4AFE
S214023170A41B13780134591C1170F3703470304656
S214023180BDE8F8430922012117F08EB8484617F029
S2140231906AFD4C460546C3E7E4550020F662002069
S2140231A0AC2210B548245043094B1A1892F8A810BE
S2140231B004FB0100034493F87700022806D092F835
S2140231C050301BB9032818BF012010BD0020FCE7B1
S2140231D0E455002070B508B1012070BD234C94F868
S2140231E0A850002DF8D12946B4F85C20FFF714FA4F
S2140231F029462846B4F85E20FFF7F8F929462846FD
S21402320004F16002FFF7D6FC94F87730002BE3D087
S214023210284694F85860FFF749FA864215D10020EE
S21402322094F95A50FFF736FA854216D10020FFF776
S214023230B7FF0446002016F0EDFF0028CDD0214649
S214023240BDE870400020FFF705BA284694F85810EB
S214023250FFF73EFA0028E2D0BFE7002094F95A10A2
S214023260FFF70AFA0028E1D0B7E700BFE4550020CE
S2140232700346AC2010B51446164A00FB032292F809
S214023280770002280CD1E07F022809D141B1124909
S2140232900978012913D992F85810227891420ED152
S2140232A018462178FFF708FA90B1482221460B48C3
S2140232B0F8F74AFC002016F0ADFF08B9002010BD52
S2140232C0044B93F8A8000028F8D1FFF783FFF5E730
S2140232D02120F4E7E4550020336200203C5600200B
S2140232E038B5AC230D4C054603FB004300205A6D4F
S2140232F0D86483F8500012B15865FFF727FCF5F73B
S2140233005FFBFF281EBFAC2303FB054484F8A8001E
S2140233100020FFF75FFF002038BD00BFE455002005
S2140233207FB51D4C94F8A83023B1002084F8A8007D
S214023330FFF750FF94F85A30B4F8A0608DF80F30BB
S21402334026B940F2FD21154817F0AFFB144B314663
S2140233501D6800202A46FFF7B3FEE46F02469CB1C2
S2140233600DF10F0301930023294630460093A04730
S21402337002462C7854B920462146FFF7A5FD204682
S214023380FFF7CAFC04B070BD0122F2E7294600200E
S214023390FFF714F8F6E700BFE45500202B4D0400B3
S2140233A0C868002038B5494B1C78002C58D14848CC
S2140233B000F06CFC204616F02DFF002850D0454C3D
S2140233C02378D90733D594F850201AB123F0030393
S2140233D0237045E023F0010323700BF043FC2378AF
S2140233E005469A0701D50BF033FC294600200BF060
S2140233F049FA40B92378284643F001032370BDE812
S21402340038400BF025BC0023482284F8A33094F8F9
S214023410A83084F8A25002FB0343D3F89830A4F8ED
S214023420A000C4F8A430BDE83840FFF779BF94F88E
S2140234304400B0B104F1A003251D95E8030083E81B
S2140234400300FFF76DFF94F844202846D20004F1EB
S2140234500C01F8F73BFA94F84430013B84F8443008
S21402346038BDA26C62B99B0711D52378002023F0E1
S214023470020343F001032370BDE83840FFF74CBC5B
S2140234800123A06484F85030904723789EE70BF01F
S21402349001FC0028E9D194F8A83073B1F5F790FA48
S2140234A094F85030002BDBD1FF2818BF84F8A80010
S2140234B0BDE838400020FFF78DBED4F88C30002BD4
S2140234C0ECD098470028CBD1E8E700BFF562002091
S2140234D0086A0020E455002070B50446002016F065
S2140234E099FEAC235C430B4E351995F850300BB160
S2140234F0002070BD0028FBD0074817F046FC0028C5
S214023500F6D1335D002BF3D195F84400B0FA80F083
S2140235104009EEE7E4550020086A002010B5084A84
S214023520034613F068FA14684FF6FF7203EB400383
S2140235309C42184603D9018802339142F8D010BD46
S214023540A05600202DE9F047204F05463B88A3B33E
S214023550B0F90230002B30DBDFF87C801C49D8F84B
S2140235600000F8F7B7FB20B94FF4EA71194817F0D4
S2140235709CFA0026DFF85CA0DFF860903A88B3B2C7
S2140235809A4204D84FF4EB71504617F08EFAD9F8E7
S2140235900030B2B253F83200D8F8001003EBC2047F
S2140235A068B943F83210A38828460133A38013F083
S2140235B022FAE38803EB4003E380BDE8F087F8F7DE
S2140235C089FB01360028D9D1EDE700BFC85B002091
S2140235D0F84C0400024D0400286A0020945600208D
S2140235E038B5094C094D22682B689A4204D94FF423
S2140235F08771074817F059FA28682368C01A20F01E
S214023600010080B238BD00BFA0560020A856002098
S214023610024D040038B5124C124D21462846F5F7E5
S2140236207DF823680BB12B681BB9DE210E4817F014
S2140236303CFA2A680D4B0E491A60236823F00103F0
S21402364013440B600B4B1A602AB9BDE83840F821C8
S214023650054817F02ABAFFF7C3FF6428F5D938BD24
S214023660985600209C560020024D0400A4560020C6
S214023670A8560020A056002038B5094C094D2268ED
S2140236802B689A4204D34FF48A71074817F00DFA52
S21402369028682368C01A20F0010080B238BD00BF37
S2140236A0A4560020A8560020024D04002DE9F04141
S2140236B01D4B04461B78012B24D1008816F096FE7B
S2140236C00546D8B10426DFF864802C4617F0F8F8D1
S2140236D007462046FFF736FF638843EA08036380FF
S2140236E0A05B16F083FE0446384617F0E4F81CB1D9
S2140236F0B4F90230002BE9DA062E01D1BDE8F081DA
S2140237000626E2E7022BF9D117F0DAF802462088FD
S21402371016F06CFE18B10388C3F30E03238010461E
S214023720BDE8F04117F0C7B8F76200200080FFFF3F
S2140237302DE9F04F0024BA4B97B006461C8017F0CE
S214023740BFF80123DFF8EC82B64F3B70B8F80030C2
S214023750A8F80040ADF81630B34B1B68019317F07B
S214023760AAF8B24B21461A88B14BD2001868F8F76D
S2140237705BF80DF11600FFF799FF002E3CD1DFF83B
S214023780B8924FF0000B0125D9F80040019B9C42ED
S21402379039D3BBF1000F39D1002DF2D0D9F8004051
S2140237A0DFF898A225462246019B9A4273D302234B
S2140237B00DF116003B70FFF779FF002E40F08F8068
S2140237C0D9F800603246AA4280F0A280908816F0AD
S2140237D00DFE18B10388C3F30E039380D08816F04B
S2140237E005FE18B10388C3F30E03D3801046FFF715
S2140237F095FE0246E7E79847E3B256F823300134CF
S214023800002BF8D1BBE7BBF1000F3ED00BF1FF3324
S2140238105FFA83FB16AB03EB8B0252F8402CB2F92D
S214023820020051880028B1DA4B04AFD4924641F424
S2140238308040931D2AF8020F02933AF8020F16F000
S214023840D5FDF0B1B0F902E0B0F802C0BEF1000F4B
S21402385017DB6FEA4C4C6FEA5C4CA0F802C0039090
S214023860FFF770FEBBF10F0F8FBF002516AB039A52
S21402387003EB8B009EBF0BF1010340F8402C5FFA6E
S21402388083FB029B9A45D8D180E72046FFF746FE87
S21402389022460446C3E7104613F0ADF88346B2F953
S2140238A00200118800280AEA010108DA204616F00A
S2140238B093FD084381B204EB4B0402EB4B05104622
S2140238C01180FFF72BFE02466EE798475FFA8AF3EF
S2140238D056F823300AF1010A002BF6D170E74FF0B2
S2140238E0000AF3E73046FFF719FE82467EB1B6F9C4
S2140238F002307188002B0ADA3088C0F30E0016F008
S21402390075FD864203462DD1C1F30D0171805646E0
S214023910AE42E7D3DFF81CA116F0D2FF002106461E
S214023920504613F0B9F816F061FD0546002800F07F
S2140239308780304616F0BFFF284613F05CF806462E
S214023940204616F049FD8146760032462946204634
S214023950F7F7BCFF002249460DF1160017F0EDF905
S2140239603444D9E71BD9304613F045F8C1F30D01AC
S214023970420071801846314692B2F7F7A7FFC6E7B3
S2140239805046FFF7CBFDD146854203D9B0F9023047
S214023990002B01DA824603E0FFF7C0FDF4E7B146EA
S2140239A0554507D9BAF80000C0F30E0016F01EFD02
S2140239B08245E5D3B9F1000F30D0B9F80000C0F364
S2140239C00E0016F013FD034638B93346CB4699452A
S2140239D013D8B1459BD0D946ECE7484613F00BF80E
S2140239E0B9F802204946C2F30D02A9F802204200A5
S2140239F092B21846F7F76AFFE7E718460193FFF711
S214023A008DFD019B9B46854203D9B0F90230002BFF
S214023A1001DA0346DBE7FFF781FDF4E7CB46DAE798
S214023A20CA5B0020F7620020A0560020C85B002078
S214023A3094560020CC5B0020A45600200080FFFF96
S214023A40BDF816303870A8F80030044B30461C60BB
S214023A5016F031FF17B0BDE8F08F00BFA056002069
S214023A602DE9F041054616F0C1FC0F460446D8B1D2
S214023A7017F04DF920B940F2FB41204817F015F82F
S214023A80284616F0EDFC05462046FFF747FDBD42E8
S214023A90064609D004D840F20351184817F005F834
S214023AA02588ED0B02D02781BDE8F081678020468D
S214023AB012F0A1FF074604EB400816F001FF104B78
S214023AC01A68B2420AD1C3F8008016F0F4FE2A46FB
S214023AD04046BDE8F041FF21F7F7A6BEA6EB080672
S214023AE0B5B216F0E8FE072DF1D90023083D44F8DA
S214023AF01730C8F80430A8F80250D5E7024D040083
S214023B00A056002038B516F0DBFE00210546044814
S214023B1012F0C2FF0446284616F0CDFE204638BDF7
S214023B20CC5B0020024B1888B0FA80F04009704740
S214023B30CC5B00202DE9F74F044600881F4616F09E
S214023B4055FC88461546064617F0E1F820B940F2BD
S214023B50FE613F4816F0A9FF3388DB0B009306D0C0
S214023B6033892B443381002003B0BDE8F08F2088D0
S214023B7016F076FC82463046FFF7D0FC019016F02F
S214023B809FFEDFF8D0B0019BDBF8002081469A4208
S214023B901DD1FFF725FDA84204D2484616F08BFE3B
S214023BA01A20E1E70AEB050373803FB1208816F07E
S214023BB03BFC2A4641465044F7F7C6FF3046FFF71D
S214023BC0ADFCCBF80000484616F075FECBE716F0C3
S214023BD072FE208816F044FC2844009980B216F043
S214023BE097FC06460028DBD016F01EFC814620888D
S214023BF016F01AFC8246208816F032FC514602461F
S214023C004846F7F7A1FF3046AFB116F00DFC07465F
S214023C10208816F025FC2A4641463844F7F794FFDA
S214023C200121208816F038FC01210246304616F0A3
S214023C3047FC268097E716F0F7FB8046208816F0AA
S214023C400FFC2A4639464044F7F7EEFDE8E700BF88
S214023C50024D0400A05600203421014816F025BF6C
S214023C60164D0400036910B55BB18268064B9A4292
S214023C7001D1002010BD446916F010FF201AF9D5B4
S214023C80F7E74FF0FF30F5E7593C020082681C4B1D
S214023C9070B59A420446056819D116F011FE2369DA
S214023CA023B1A34206D100222A601A61BDE8704001
S214023CB016F001BE1A4611461269A242FBD12A68C4
S214023CC0A24208BF29600B6100232361EEE7036965
S214023CD093B198426E6803D19D210A4816F0E5FE1C
S214023CE02B46B44209D122699D4218BF1A614FF091
S214023CF0000308BF6A60236170BD33463669F0E789
S214023D00593C0200164D04002DE9F04707460025EF
S214023D104FF0010A154EDFF858808AB0347914B98C
S214023D200AB0BDE8F087D6F8009087B900972A4611
S214023D30B8F80010234603A817F08EF82246484625
S214023D4003A9E9F7E5F92544EDB20836E6E7224687
S214023D5003A94846E9F7B0F9CDF800A023462A465B
S214023D60B8F8001003A817F077F8ECE7C498040038
S214023D70CE5B00200148FFF799BC00BFCE5B002057
S214023D809C46174BF7B5054608461988164611B1E4
S214023D90144B1C78CCB1014662463046BDB103B026
S214023DA0BDE8F040E9F788B91C44E4B208373B792D
S214023DB0002BF0D03A689642F6D185F001052246ED
S214023DC0009517F049F803B0F0BD074FEFE7E9F7A3
S214023DD09FF9B0B203B0BDE8F04010F0E3BF00BFF9
S214023DE0CE5B0020856C0020C498040010B5074CFA
S214023DF0238843B10020FFF787FF0020FF22044BF1
S214023E0020801A7010BD0220FCE700BFCE5B0020A7
S214023E10856C0020142810B518D8082805D111F092
S214023E202AF8C401E4B2204610BD0E2802D111F0D1
S214023E3025F8F6E7064B53F82040002CF3D00A2864
S214023E402478F0D105F0A0FE0443EBE7FF24EAE76E
S214023E5014990400014BB3F868007047E45500203B
S214023E60004870474E560020014B1878704700BF36
S214023E7071620020014B1870704700BF716200200B
S214023E80194B022810B5187002D0043801281BD826
S214023E90164B1B78042B03D00021154816F0B0FBF6
S214023EA0144B1B689A001BD513F0805F40F6114432
S214023EB018BF4FF44164204611F077FB90B92046B4
S214023EC0BDE8104010F06CBF0948FFF7DFFE0A4855
S214023ED0FFF7DCFE162413F00BF811F060FBEAE79E
S214023EE01524E8E710BD00BF756200207662002048
S214023EF02C6A002064480020D0470020024B187825
S214023F0000F00F00704700BF75620020034B187860
S214023F1000F00F00831E5842584170477562002019
S214023F2008B512F0D0FFC0B112F0E6FFA8B10AF051
S214023F30A7FF90B90A4812F078FD70B1094812F04E
S214023F4074FD50B110F09FFF38B111F030FB20B96C
S214023F50BDE80840044812F019BE002008BD00BFA4
S214023F60D05B0020025C0020AC56002030B505462F
S214023F700C4693B081B910B9002013B030BD10239F
S214023F80214A69460120FFF7FBFE9DF805305A1EBE
S214023F90052A28D91720F0E7182200212046F7F72D
S214023FA043FC002DEBD1FFF7B1FF30B310F036FE25
S214023FB06A4601460020FEF7A5FEBDF804302046FC
S214023FC023819DF80230A3729DF80030E37213F04D
S214023FD019F9002304F11401237304F1100003F00D
S214023FE0CBFDE081C8E7094A9DF804101278914299
S214023FF0D0D12B70002CD6D1BEE7054B1B78033BE5
S214024000022BD3D9C6E700BF64EE01005C6C002029
S2140240107562002030B593B005460C46FFF776FF72
S21402402020B90C4B1B78033B022B10D810F0F6FD80
S2140240306A4601462846FEF765FE00209DF80230D5
S214024040607023709DF80030A37013B030BD172047
S214024050FBE700BF75620020054B1878012805D0E3
S21402406000F0FD00A0F1310358425841704700BFEE
S214024070756200201FB50146002201A816F090FBCB
S214024080064801A916F0B6FE20B116F0CDF9408911
S214024090C0F3400005B05DF804FB00BF026C0020D0
S2140240A030B585B00D460022014601A816F078FB11
S2140240B0084801A916F09EFE50B116F0B5F904465E
S2140240C0014608222846F7F701FC6089C0F3400043
S2140240D005B030BD026C0020F8B50546F8B10021E7
S2140240E00F4816F024FE0446A8B10D4F204616F0DF
S2140240F09BF9064616F040FB830705D4082229469C
S2140241003046F7F7DDFE38B12146384616F033FE64
S21402411004460028EAD10024201E18BF0120F8BD5C
S214024120026C002010B50C460146064816F062FEE8
S21402413030B116F079F943891C4214BF01200020E1
S21402414010BD00BF026C00201FB51446024601A82F
S21402415016F026FB074801A916F04CFE40B134B112
S21402416016F062F9142201462046F7F7AFFB01204B
S21402417004B010BD026C00201FB50146002201A843
S21402418016F00EFB094801A916F034FE58B116F0D7
S2140241904BF94389024613F0020004D0507B80F0AC
S2140241A00800C0F3C00005B05DF804FB026C0020F6
S2140241B0F7B59DF824400D4601949DF8204006462A
S2140241C000941F4614F0BBF84FF6FF71884204466F
S2140241D010D0BB0711D4284600F056FF204616F032
S2140241E030FEFF281FBF084A32F8103023F48043FF
S2140241F022F81030204603B0F0BD0246294630466B
S21402420012F05AFDEAE700BFA05B002073B50E4627
S2140242100146144816F0EEFD0546D8B116F004F92C
S21402422043890446334012D09B0736B20BD5002E84
S21402423009DAA17B437B0289007B0191012100916F
S2140242402146FFF7B5FF638923EA06036381628985
S21402425012B1012002B070BD2946024812F03BFCA2
S214024260F7E700BF026C00200148FFF71FBA00BF45
S214024270026C002013B53E4C0DF0E3FFD4F8FC317F
S2140242801020C3F307430193FFF7C4FD000650D581
S2140242900020FFF7BFFD01064BD5019B802B3ED1C8
S2140242A0236A9A0704D440F61544204602B010BD8D
S2140242B0E3699B07F7D52F4811F0A5FC012012F001
S2140242C075FA0DF0D1FF04460028EED100F042F94F
S2140242D0294812F035FC00F099F9E8F757F80DF086
S2140242E0AFFF08F003FF08F055FFF4F761FAF4F7A2
S2140242F0FFFAF4F719FB03F0DBFD10F0BEFD10F039
S214024300BFFD11F057F91D4814F022F806F08CFA9A
S21402431011F013F90028C8D011F011F9C5E7019B76
S214024320812BC0D1D4F80C315B00BCD5D4F80C314B
S214024330BFE71020FFF76EFD0006BCD40020FFF793
S21402434069FD0106B7D5019B802B05D1084B1A6A79
S214024350D207A8D5DB69ACE7019B812BA3D1044B1E
S214024360D3F80C21002A9EDAD3F80C31A1E700BF5D
S2140243700080E00F690345ECAC5600207540020051
S21402438010B512F0B2FD70B301F0E0FA80F001044D
S214024390E4B20020FEF724FC44EA800424B212F0C1
S2140243A092FD10BB02200443164816F0EEFC44EAC7
S2140243B04014154816F0E9FC24B244EA00141348E7
S2140243C016F0E3FC24B244EA8014114816F0DDFC31
S2140243D024B244EA40240F4816F0D7FC24B244EA3A
S2140243E0C02080B210BD0124D3E70B4812F01DFB9B
S2140243F00028D7D0094812F018FB80F00100C0B29E
S2140244004000D0E76C6A0020506B0020684800200D
S214024410D06A0020306B0020D05B0020025C0020B7
S21402442008B501F07FF8FEF709F8144812F0FDFA15
S21402443008B904F025FF124812F0F7FA08B906F098
S214024440DDF902F095FF0F4812F0ACFB0E4B1B781D
S214024450043B022B09D80D4816F097FC28B1FFF74B
S2140244608FFF102801D107F0E1FC10F00EFD12F0CC
S21402447032FCBDE808400648FFF75AB9D05B002078
S214024480025C0020AC56002076620020506B0020B2
S2140244908C990400014B1868704700BFE055002055
S2140244A04FF6F77370B5984204460D4686B043D869
S2140244B012F01FFCA04207D1082220492846F7F72F
S2140244C005FA002006B070BD1D4EB6F86830A3424D
S2140244D00AD10022082106F16A0012F098FB18B9E8
S2140244E0082206F16A01E9E784B10023012219468F
S2140244F02046009308F05CFDFF2811D1294620468D
S21402450008F000FF80F00100C0B2DBE70D4B1B682D
S2140245109B07EAD4284606F0FBFD0028E5D0D0E744
S21402452002A913F0B7FD0028E8D1DDF80D302B60A4
S214024530DDF811306B60C4E70120C3E7F8620020A3
S214024540E455002064480020014B1870704700BFF5
S2140245505C6C002010B5054C082221460448E8F79A
S214024560ABFD204612F0FFFB10BD00BFF862002034
S21402457034B608C000487047F8620020082208B522
S2140245800349F7F79DFCB0FA80F0400908BD00BF6A
S214024590F8620020014B1870704700BF6962002065
S2140245A0F7B50D46044616461F460021284601F07A
S2140245B061FD0B4B002183F859402A4633462046BC
S2140245C000970AF03FF9014630B10222204603B0B6
S2140245D0BDE8F04000F006B8012003B0F0BD00BF11
S2140245E0E455002013B513460C461AB1022A0CBF36
S2140245F0134601230021044A019100922246FEF747
S2140246001DFC02B010BD00BFCD6F030000B5002038
S21402461093B0FEF78FFB1E4B188813F09AFE1D4BC5
S2140246201D491A7800200AF091F9342200216846C2
S214024630F7F7FAF80B238DF800306FF48033019306
S2140246404FF6FE73ADF8103003238DF81D30134B72
S214024650134A0893134B10680993134B51680D9332
S214024660124B6A460E93124B0F93124B1093124B39
S214024670119302AB03C300210846FEF7F9FD6A4612
S21402468001210020FEF7F4FD13B05DF804FB00BF25
S214024690EE6B00206B6C0020285D0400B54A020019
S2140246A0F8620020696D03009D7702005D4C0200EF
S2140246B0C9860200CD6F0300CD730200014B187845
S2140246C0704700BF00630020014B1888704700BF88
S2140246D0066C00202DE9F74F814610460E4690469E
S2140246E016F0C1FADFF840B105469BF8003033B940
S2140246F04A4B1B681BB94A4B1B68002B7FD015F42C
S214024700406A05F040071BD19FBBB5F5804F61D2CA
S2140247104FF48074B9F1400F73D0B9F1800F63D0B3
S214024720B9F1100F6BD100239BF800003D4AD9B2B5
S214024730884264D932F8021B0133A142F7D166E0FF
S21402474008F1030016F08FFA4FF6FF73984214BF73
S2140247500124022487B1052705F44043B3F5004F30
S21402476044F0080425D0B5F5804F24D244F4807472
S21402477021E054460327EFE7B5F5804F4FF00507D3
S214024780F4D3BAF5406F14BF0220082038444044E0
S21402479016F069FA019012F0C9FA019B05F4404539
S2140247A098420CBF44F0080444F00404B5F5004FE8
S2140247B001D144F08004BAF5006F0FD108EB070070
S2140247C016F051FA054612F094FAA842A2D144F025
S2140247D010049FE7544603270220D7E7BAF5406F36
S2140247E008BF44F0200495E70C4B1B683BB100223F
S2140247F0D1B233F8110033F91110002903DA002080
S21402480008E0074BF1E7A04202F10102F0D106B13F
S2140248103480012003B0BDE8F08F00BFBC560020F4
S214024820C0560020205C002039630020034B1A7813
S214024830022A04BF09221A70704700BF01630020D3
S2140248400C22034B1A211A700320002201F090BD9D
S214024850016300200C2208B5054B1A211A700022AB
S214024860104601F085FD0022024B1A6008BD00BF0B
S21402487001630020C85600200C2270B50D4B054679
S2140248801E781A7030B93046BDE8704000221A21F0
S21402489001F06EBD084B1C78E1B21A29F3D825FA4E
S2140248A004F3DB0703D54422304601F061FD0134F0
S2140248B0F2E700BF01630020876C00200C22024B47
S2140248C01A7010F06DBE00BF01630020F0B50C88B0
S2140248D005460E468BB0E4B94FF6FF77ADF8247066
S2140248E010F073FE10B902200BB0F0BDCDE9034004
S2140248F0CDE90544134A0294B2F85C306032019363
S21402490000923B464CF60101FF2009AA13F03CFD3B
S2140249103080284612F033FB0B4C70B1237863B11B
S214024920013BDBB22846237012F029FB38B120780F
S214024930B0FA80F04009C0B2D6E70523F2E70120BC
S214024940F9E700BFE4550020866C0020034B1146B1
S2140249501B6803B1184710F0E3B900BFC856002021
S2140249600C22024B1A7008F039BF00BF0163002008
S2140249700148FEF79BBE00BFD25B00207FB505460E
S2140249800C46164615F07AFF00286BD1062D03D882
S2140249905223EB40DB071AD4B4F1006F05D3E30EC3
S2140249A01C3B032B18D94F202EE000222F4B1A60F7
S2140249B02F4B1D7012F051F903460A2D54D8DFE82A
S2140249C005F02D183E49182518535341360002F0BB
S2140249D0A3F8B4F1006FE2D20022244B042D1A6031
S2140249E0234B1D70E6D1022001F0B6F912F035F91C
S2140249F00346012202921F4A01921F4A00921F4A50
S214024A00314620460AF078FA04B070BD3146204698
S214024A101B4A04B0BDE870400AF056BA314620463A
S214024A20184B194A04B0BDE870400AF031BA0022A9
S214024A300292164A0192104A0092154AE0E70222B2
S214024A400B4B1A7000221046124904B0BDE87040A3
S214024A50FEF7BAB9002202920F4A0192064A009263
S214024A600E4ACDE74D20CFE70120CDE7C8560020FD
S214024A700163002079480200B54A0200B96F0300BC
S214024A8061490200554802004D490200BD48020035
S214024A90CD4802002D480200414802007B6F030009
S214024AA008B50AF059FA0C22014B00201A7008BD0C
S214024AB001630020F0B585B0ADF8060018B976217E
S214024AC0644815F0F2FFBDF8060011F091FE0446A8
S214024AD0BDF8060011F08CFE082846D00C2CBDF856
S214024AE0060042D111F074FF074616F0BCF80DF12D
S214024AF00F010646BDF8060010F0B0F9002879D07E
S214024B0009220021384615F0CFFB9DF80F301033EE
S214024B10C518BDF8060015F0A3FCEDB2854269D2B1
S214024B202946BDF806000AF025FB06F44C4416F4A6
S214024B304066054614D0F81C16F095F84FF6FF733B
S214024B40984208BF44F04004B6F5006F08D1781DBD
S214024B5016F089F84FF6FF73984208BF44F0100427
S214024B609DF80F305BB3072D44D1BDF8060011F057
S214024B7035FE0446BDF8060011F03AFE082817D0A6
S214024B80A30615D524F0200189B2BDF8060011F05F
S214024B9010FEBDF8060011F01BFF0021092215F0D9
S214024BA083FB00F1100189B20DF1060013F015FD2A
S214024BB00022BDF80610284816F0BFF81AE0082DA5
S214024BC016D8BDB1013D072D14D801A353F825F020
S214024BD02D4C0200394C0200F54B0200F94B020044
S214024BE0F54B0200454C02006B4B02004B4C020098
S214024BF07C2D24D005B0F0BD24F48844A4B2B4F5CC
S214024C00084FF7D1BDF8060011F0EDFDBDF806100D
S214024C1013F0A4FB0028A8D0BDF8060011F03BFE56
S214024C2000220146022015F0E7FFE3E724F4806441
S214024C30A4B2B4F5484F97E7B4F54C4F94E7B4F5F1
S214024C404C4F92D04CF6500301E04CF640439C4247
S214024C508AE700BF244D0400D05B00202DE9F7430D
S214024C600F4690469946064615F0DEFB0446304649
S214024C7015F0F6FBC5B2083D2C44E178094BA27844
S214024C801970094B31461A70002043463A46CDF851
S214024C9000900DF061FF003818BF012003B0BDE898
S214024CA0F08300BF1B6300201A6300202DE9F04F3B
S214024CB0DFF84081DFF8409198F8002099F800303C
S214024CC006469A4285B004D340F21911424815F0BE
S214024CD0ECFE30460DF10F0115F07AFD20B14FF4CF
S214024CE08E713D4815F0E1FE98F800709DF80F4071
S214024CF03D1B15F0FF0530D04FF0FF3C374B01212E
S214024D001B78A140184699F800304FF6FF790CFA46
S214024D1003FC0023324A01F1FF3E0193C1F1000A6F
S214024D209DF80430984243D8122004FB00002D4B15
S214024D30A0F1120105EBC5025200194404F1010963
S214024D401844F6F7C3FD4FEA89092748A9F104017A
S214024D500144AA004844F6F7B9FD224904EBC4020E
S214024D6001EB420321F81260204A013712784FF60F
S214024D70FF71DA731A745A7412025A801C4A0D2092
S214024D8012781A7110225A7100229A73C3F80620FA
S214024D90C3F80A20144B43F8242088F8007015F054
S214024DA02BFF0EB913F039F9204605B0BDE8F08F97
S214024DB013884B450AD053680AEA030B03EA0E032C
S214024DC00B4403EB4B0343EA0C035360019B08328C
S214024DD001330193A4E700BF374D0400686C00203E
S214024DE0344600206C5B0020304600201B63002007
S214024DF0026300206F620020666C002010B5074C2C
S214024E002046FEF743FF04F06BFB02F0DDFE204671
S214024E10BDE810404FF47A5115F0F2BB2C6A002020
S214024E202DE9F041074600250A4B0B4E93F8008009
S214024E30ECB2A04503D8FF242046BDE8F081082244
S214024E403846B11DF7F73CF801350028F4D0123683
S214024E50EEE700BF6F6200206C5B002007B50DF125
S214024E60070115F0B5FC30B19DF80730034803EB97
S214024E70C30300EB430003B05DF804FB6C5B002049
S214024E802DE9F843294E044633785D1E2D1A8342D7
S214024E90EDB204D84FF4A171254815F006FE0123A1
S214024EA0A3404FF0FF305F1E3B4400214FF6FF7ECB
S214024EB06FEA03081F4A92F800C01F4A1278904011
S214024EC01E4ACBB29C4523D8BDB127B204EBC4041C
S214024ED01B48640005EBC50204F1120101445200AE
S214024EE02044F6F7F3FCBF001648AA00391D014419
S214024EF002F0FC023844F6F7E9FC33780022013B64
S214024F0033704FF6FF71BDE8F8430E2015F074BEFD
S214024F101388734507D0536808EA03093B4003EB3E
S214024F2059030343536008320131CAE76F62002017
S214024F30374D0400686C0020666C00203446002062
S214024F406C5B00203046002010B50A4C207858B919
S214024F50094B1B781A2B03D99921084815F0A5FD91
S214024F600322074B1A7010BD0138C0B2FFF788FF44
S214024F70ECE700BF6F620020666C0020374D04002D
S214024F806B6200202DE9F047054615F049FFFF2821
S214024F90044624D1DFF884901E4B99F800201B7833
S214024FA09A422BD22846BDE8F047FFF77FBE3888E4
S214024FB03B79504518D86F2B4FEA131214D85B076B
S214024FC010D0123708F1010899F800105FFA88F637
S214024FD0B142ECD80023104ADEB28E4214D32046E9
S214024FE0BDE8F087022AECD913F088F90028E8D148
S214024FF029463046BDE8F04712F002B84FF00008E6
S2140250004FF6F77A044FDFE7107901338F28EFD88F
S2140250101232E1E7666C00206C5B00206F620020B3
S2140250204FF6F773984210B514D8FFF7ABFFFF2878
S21402503010D0134C00B200EBC00004EB40040DF09D
S2140250409DFF104938B962880B7802EB0313A3EB75
S2140250501213638010BD227C637C09789A42E27345
S2140250602374617407D98B4203D213468B4228BF3E
S2140250700B461B02EDE78A42F8D31346F9E700BF58
S2140250806C5B00201B6300202DE9F04106460F46AC
S21402509000240E4DDFF8388098F80030A34201D87D
S2140250A0BDE8F081082229463046F6F709FF40B9E6
S2140250B035F8063CBB4204D02046FFF7E1FE013C31
S2140250C0E4B20134E4B21235E6E700BF725B0020B8
S2140250D06F620020F8B5054608460E46FFF7A0FEAA
S2140250E0FF2830D01D4B294653F820703046FFF774
S2140250F0CBFF2846FFF746FFFF28044625D113F0CC
S21402510018F9FF280AD1164C207838B10FF089FD1D
S2140251102378B0FBF3F202FB1300C0B2294611F06B
S2140251206FFF044623B20F4D03EBC30305EB4305A3
S21402513008223146A81DF6F7C9FB2B79204603F054
S2140251400F032B71F8BD0027D3E7074B1B78002B04
S21402515018BF0027014B43F82070E3E730460020D3
S214025160666C00206C5B0020886C002038B50B4B08
S21402517004461B780D46834204D840F25A2108485A
S21402518015F093FC074804EBC40400EB44002946E0
S214025190BDE8384008220630F6F798BB666C002059
S2140251A0374D04006C5B002070B5044608460E4678
S2140251B015F036FEFF28054610D02046FFF730FED3
S2140251C0FF2807D0084B1B7823B9084B53F820203A
S2140251D043F8252021462846FFF7C8FF31462046D9
S2140251E0BDE87040FFF750BF886C002030460020B4
S2140251F02DE9F8430024804601272646114DDFF8A4
S2140252004C9099F80030A34210D83E430134E4B2E1
S2140252101A2C4FEA470705F11205F2D14FF0FF307C
S214025220094B1B7898403043BDE8F8832B884345EA
S214025230EBD0284611F02DFF0328E6D82B796F2BEA
S214025240E3D8E3E76C5B0020666C00206F62002008
S21402525010B5084C00EBC00004EB400423795B0752
S21402526007D1204611F015FF237923F007031843D0
S214025270207110BD6C5B00200022084B1878084B8A
S214025280D1B2884203F1120300D8704713F80D1CFE
S214025290013221F0100103F80D1CF1E76F620020C5
S2140252A06C5B00202DE9F04702261227DFF85C909F
S2140252B0DFF85C8099F8004000250CE007FB05F358
S2140252C038F803A00021504611F0F8FE10B15CB188
S2140252D0013CE4B2013599F80030EAB29342EDD8C7
S2140252E0A34204D14FF6FF7A5046BDE8F0870FF08E
S2140252F098FC99F80030012EA3EB040390FBF3F21E
S21402530002FB1300C4B2EDD00126D5E76F6200207F
S2140253106C5B0020034B00211A7803489200F6F7D4
S21402532083BA00BF666C00203046002010B5134BCF
S2140253300C461B7886B0834212D9114900EBC00096
S21402534001EB4001082220460631F6F7BFFA00229A
S2140253500821204611F05BFC80F00100C0B206E096
S214025360C01A01A9C0B212F0EDFF10B1002006B0BB
S21402537010BD01AB03CB20606160E8E7666C0020DD
S2140253806C5B002008B5074B024653F820308B4270
S21402539006D915204FF6FF7115F02EFC002008BD29
S2140253A00120FCE730460020024B013143F8201072
S2140253B0704700BF304600202DE9F34781460C4671
S2140253C000272A4EDFF8ACA09AF80030FDB2AB42B6
S2140253D010D86946204612F0CEFFC0B308226946AE
S2140253E04846F6F76DFD90B34946204612F00CF992
S2140253F0FE2537E006F10608082241464846F6F73B
S2140254005FFD90B94FF6FF739C422BD03388A342C0
S21402541028D0204615F015FDFF2814D1494620460F
S21402542002B0BDE8F047FFF755BE14B91236013791
S214025430CAE73388A342F9D100220821404611F078
S214025440E6FB0028F2D12846FFF71AFDCCE74946CC
S214025450002015F0F4FCFF28054603D0044B1B7809
S2140254600344DDB2284602B0BDE8F0876C5B00203C
S214025470666C00206F6200200F4B1B7883420CD8AC
S214025480C01A0E4AC0B232F81030D90411D443F40E
S214025490805322F8103001207047094B00EBC00001
S2140254A003EB40035A79D10603D442F010025A7134
S2140254B0F1E70020704700BF666C0020A05B00206A
S2140254C06C5B0020F0B5134B06461B78FBB100253B
S2140254D01148DFF84CC090F800E0104807781F44E7
S2140254E0E8B2864501D80020F0BD7C1B94FBF3F0A1
S2140254F003FB10440CEBC4003CF83440B44204D125
S214025500002AF1D184788C42EED00135E8E71846BD
S214025510EAE700BF686C0020504800206D62002059
S2140255203446002070B50CF07DFE14250F49104E4F
S2140255300B78328830809B1A03449BB2B3FBF5F497
S21402554005FB14330B700B49E2B20B78934292BF01
S21402555000239B1ADBB2032A0B7088BF002306497E
S2140255609EBFD2000B68D3400B6070BD0463002060
S214025570D45B00206C62002050480020084B18685C
S214025580084BC2B21B789A4208D2074BC0F30720D8
S2140255901B78984234BF00200120704701207047D4
S2140255A050480020686C002003630020F8B50546CA
S2140255B01746FFF7E3FF064610B9184B1A783AB9B2
S2140255C0212001224FF6FF7115F016FB0020F8BDD0
S2140255D01348DFF854C003780133B3FBF2F402FB3E
S2140255E0143303700F48DCF8002000EBC30420F8E5
S2140255F0335002F10132A1703846CCF80020FFF792
S214025600F7FDE670606011F074FBA84201D101203C
S214025610DDE7E3780133E370F9E700BF686C00204A
S2140256206D620020344600205048002010B50B4C16
S2140256300B4A2378063B13700CF0F4FD0022094B4C
S214025640FF211880084B09481A602278D200F6F724
S214025650EBF80422064B1A7010BD00BF686C0020DF
S21402566003630020D45B002050480020344600200C
S2140256706C6200202DE9F843074615F00FFA05463E
S2140256801A4815F082FB1A4B48B31C683C1B2C4484
S214025690A4B20022174BDFF864901B78164D99F8D7
S2140256A0006005EB03155FFA82F8464509D9AB8818
S2140256B005F11000A34215D9B21A29461201F6F7CF
S2140256C005F9013689F80060AC80B8F1000F03D105
S2140256D03946064814F094FF2846BDE8F8833C464F
S2140256E01D60D6E705460132DDE700BF4C6A0020A2
S2140256F0CC560020066300203045002007630020B9
S2140257002DE9F74F15F0CAF94FF0000E284D294F34
S2140257102978294C97F800A004EB011303EB0A1230
S2140257200092F3465246DFF898801FFA80FC06463F
S214025730B8F80000ACEB0009A0EB0C001FFA89F9E0
S21402574001900098984217D1BEF1000F00D0297040
S214025750524503D200203A70FDF7DEFA3B7823B3B7
S2140257602B78164804EB0314A188C8F8006003B02F
S214025770BDE8F04F14F044BFB3F804C0CC450FD8D0
S2140257804FF0010E93F802C001310CF1FF3C013AD2
S214025790A3F804B083F802C0C9B2D2B21033D0E77D
S2140257A001988444A3F804C0F8E703B0BDE8F08F7C
S2140257B00663002007630020304500204C6A002064
S2140257C0CC5600207FB56C461E4B1F4D1E78013E00
S2140257D0F6B21E7095E80F0084E80F001B4B2846B1
S2140257E01A7805F1100132441201F6F76FF89DF8A7
S2140257F0026016F00F0511D1BDF8080009F02CFE64
S214025800360918BF29464FF00002BDF8000008BF4F
S214025810039904B0BDE8704002F022BDBDF8040052
S214025820FFF728FF0346828804ADADF8042022461F
S21402583003CAAA4218605960144603F10803F6D157
S21402584004B070BD066300203045002007630020C8
S214025850F8B50024084D094F094E3B783178E2B27C
S2140258600B449A4204F1010400DBF8BD2846FDF71A
S2140258701DFF1035F1E700BF30450020076300200A
S2140258800663002070B5134B06460D4610461249B5
S2140258901A78124B09781B780B44934206DB1F20BA
S2140258A04FF6FF7115F0A8F9002070BDFFF7E2FE73
S2140258B0013506808570044615F0EBF8E08009F0A5
S2140258C0D1FD40F602432081E3600020FDF724FA72
S2140258D00120EAE7656C00200763002006630020CB
S2140258E02DE9F84386460023144FDFF85C803E78A5
S2140258F098F8005012497219DCB294421CDA4FEA48
S214025900041C31F80C900133F14501EB0410F3D17D
S214025910631CD21A0CF1100C12016144F5F7D6FF83
S214025920A5428BBF05F1FF3506F1FF3688F8005019
S2140259303E700CB9034B1C70BDE8F8830763002069
S214025940304500200563002006630020044B054A0C
S2140259501B781278D3420CBF01200020704700BF8C
S2140259600663002007630020024B1878003818BF31
S2140259700120704706630020002108B5084B09483D
S2140259801970094B1970094B1970094B1A781201D4
S214025990F5F74AFFBDE808400648FEF777B900BFAC
S2140259A007630020304500200663002005630020C0
S2140259B0656C00204C6A002010B50B4C23784BB166
S2140259C00A4802F03BFD58B1084B0121188811F035
S2140259D082FA08B9002010BD0122054B1A70FAE7B8
S2140259E0FFF7F0FEEAE700BF06630020304500201E
S2140259F00563002010B50E4B1B78BBB10D4C2388F7
S214025A0083424FF0000311D10B4AE160137049B98B
S214025A10A3781033A37011F028FD18B9A37823F0E9
S214025A200F03A370FFF7CEFE012010BD1846FCE759
S214025A3006630020304500200563002070B592B052
S214025A400C4606460FF0EAF8E17A05460020FCF717
S214025A5033FE28B394F90A0011F0E4F810BB134B96
S214025A60E27A294683F85820A27A83F85A206A46B0
S214025A70FDF748F94FF6FE739E420CBF4FF6FF73D2
S214025A8023896A4629460020ADF80660ADF8043040
S214025A90FDF7EEFB40B92289054B5A8012B070BD65
S214025AA05520FBE75620F9E72120F7E7E4550020CA
S214025AB0D056002010B50446014608220948F5F7DC
S214025AC005FF237B022B0AD8002B14BF31220122AA
S214025AD005490B7017234B61044B1A7010BD002347
S214025AE00122F5E7D4560020D05600207562002029
S214025AF0014610230120014AFEF742B964EE010076
S214025B00014B5861704700BFD0560020014B1878F1
S214025B10704700BFD056002010B5054C2378112BD5
S214025B2003D0E221034814F0C0FF4123237010BDC6
S214025B3075620020424D0400064B01461B78042B7A
S214025B4004D1054A137E053313767047034814F0D2
S214025B5057BD00BF76620020D05600206C6A002037
S214025B6008B50648FDF7A2FD0548FDF79FFD0FF0B4
S214025B7081F9BDE8084000F0EBBF00BFD05B002013
S214025B80025C0020064B1878332806D000F0EF009F
S214025B90A0F143035842584170470120704700BFA6
S214025BA075620020002208B5074B4FF6FE701A7089
S214025BB011F0ABF84FF6FF7011F0C4F8034B5869BA
S214025BC0BDE808400FF0ECB875620020D056002001
S214025BD008B5064B187838B10548FEF743F84FF477
S214025BE07A73B0FBF3F0C0B208BD00BF6A62002051
S214025BF0104800202DE9F0438BB00746154698461C
S214025C000E469DF8489049B9104605AC15F019F9AC
S214025C10214612F097FB172818BF2646B9F1000F47
S214025C200AD1124B1B781BB9284612F0A8FBD0B932
S214025C302846FEF7A1FA02E0284612F0A0FB80F002
S214025C400104E4B29DF850302A4602939DF84C3087
S214025C503146CDE9009338464346039411F07FFA65
S214025C600BB0BDE8F0834C46ECE700BF7162002043
S214025C700022014B1A767047D056002008B5002045
S214025C80FEF788FC0023024AC2E90133538008BDAE
S214025C90D056002010B5144B1B78033B012B16D8A8
S214025CA0124BB3F868204FF6FF739A420FD10320C7
S214025CB0FEF7E6F801F052FFFFF7E0FF002014F0CF
S214025CC0A9FA78B1BDE81040002010F08FBEFEF7AA
S214025CD0C7F80446FEF7BEF80146204607F01AF853
S214025CE00220E5E710BD00BF76620020E4550020E2
S214025CF008B5114A114B58611378032B1BD0D3B148
S214025D00332B01D0432B10D10D4B1B78033B012BB9
S214025D1005D803231370BDE808400FF041B80FF012
S214025D203FF8BDE80840FFF7B5BF21231370BDE872
S214025D30084001F07DBD08BD75620020D0560020E7
S214025D407662002008B50348FDF7A0FFFFF796FF2E
S214025D50022008BD1048002038B5114D04462B78A5
S214025D60834218BF28700FF028FC80B124B9204661
S214025D700FF025FC02220DE001200FF020FC2B780C
S214025D801A1F012A05D9062BF4D1032202E0002CA1
S214025D90F5D10122BDE838400021084611F01FB9AE
S214025DA07662002030B5044685B068460D46FFF799
S214025DB09FFE94B100212846144A01F0F3FE144BCC
S214025DC020681B7861688DF80430124B1B788DF8BA
S214025DD0053002AB03C305F071F90F4B93F8582058
S214025DE093F85A308DF803208DF8023010F09EFF9B
S214025DF0ADF8000010F07DFF1023ADF806006946EE
S214025E000020064AFDF7BCFF05B030BD00F8FF07CC
S214025E105C6C002076620020E455002064EE0100EF
S214025E2010B5104B04461A780F4B002083F8582002
S214025E3014F0F0F910B1002010F0D8FD0021084649
S214025E40FFF7B0FF0FF0ABFB2046FDF749FA40F62E
S214025E5017400EF0A5FF0023044A1380044A13805D
S214025E6010BD00BF08630020E4550020AA5B002096
S214025E70A85B00201FB504466846FFF739FE54B1FA
S214025E8000238DF80530102369460020064AFDF7E8
S214025E9077FF04B010BD10F02CFFADF8060010F02E
S214025EA045FFADF80000EEE764EE010010B50146CE
S214025EB004460020FCF700FC90B10C4B1B78023B1A
S214025EC0032B0FD80A4B1C7014F0D8FC60B9094A91
S214025ED00949FCF779FF003818BF0120800010BD81
S214025EE05520FCE70220FAE74D20F8E7756200200D
S214025EF00863002071870200215E0200F8B506469C
S214025F0014F0BCFC044668B914F084F950B1064D8E
S214025F10204695F8587085F8586010F067FD10B165
S214025F2085F858704D20F8BDE45500202DE9F04163
S214025F3080461846033B012B0E46174602D918B177
S214025F40212438E0FFF708FF274B1D78022D08D0E2
S214025F50032D46D1B8F1000F03D1244B1B689B07D3
S214025F603FD43320FDF78CFF01F096FAB6F1006FAE
S214025F7034BF1F4B052231464FF0060038BF1A7851
S214025F80FEF7FCFC044628BB1A4D2873012000F0DD
S214025F9017FE10F0CBFE68802846B8F1000F0DD031
S214025FA0022300F8043B11F02DF96C732F61394679
S214025FB030460EF039FE2046BDE8F081012300F897
S214025FC0043B11F01FF96C732F61394630460EF010
S214025FD02AFEF0E72846FDF753FFB8F1000FF4D08B
S214025FE0E5E70224E7E700BF756200206448002068
S214025FF0896C0020D0560020034B187818B9034B42
S214026000034A1B78D05C70477462002076620020D8
S214026010709A040038B5437B0446DB0703D590F933
S21402602009000FF0BBFA00250F4B83F85950207970
S214026030FFF764FFFFF7E0FF6188248803462246E5
S2140260402846FEF7ADFA044620B11720FFF750FEA9
S214026050204638BD1723054DC82105486B6114F04C
S214026060CFFA03232B76F3E7E4550020D056002020
S2140260706C6A0020F0B51A4D06460C4693B0A5F899
S214026080680005F16A0729BBC5F86A1079600EF048
S214026090C5FD6A4601460020FCF734FED5F86A3094
S2140260A0ADF81060CDF812307B68CDF816300EF0E1
S2140260B0B5FD6A4601460020FDF7DAF84FF6FF7393
S2140260C0B5F86800984203D014B106490EF0AFFD49
S2140260D013B0F0BD08223846F5F7F8FBD7E700BF45
S2140260E0E45500204E5600202DE9F041DFF8B88036
S2140260F01F4698F8003005460C4616461BB1022588
S2140261002846BDE8F081531E052BF8D814F0B6FBDE
S2140261100028F4D13B7B032B14D14FF6FE739C422E
S21402612012D1012E09D0022EE9D110F0E2FD4FF66F
S214026130FB73984203D810F0DCFD044604E011F02D
S21402614033FAFAE7012EDAD0EDB939462046FFF7E0
S21402615075FC05460028D3D198F80030332B03D0BF
S214026160532B1CBF0E4B18613046FFF7F5FD00217E
S2140261704FF6FF70FFF77EFF0A4B1B78002BBFD04F
S21402618012F0E3F8BCE7397B721ECB1E5942594126
S2140261905042504105F07CFF05460028D5D0AFE7B7
S2140261A0D05600208A6C0020756200202DE9F0414E
S2140261B005460F46904610F09CFD6B7B0446DB07B7
S2140261C003D595F909000FF0E9F910F092FD384B66
S2140261D0384E188010F0AAFD374B1880FDF73AFEAD
S2140261E0364B1880FDF73CFE082201463448F5F788
S2140261F06DFB10F040FD334B18702879FFF77EFEDA
S21402620000216888FFF736FFFDF726FF60B14FF6DC
S214026210F672631E9BB2934206D911F0C5F9B6F820
S214026220683004468342F8D0204610F06EFD288877
S21402623010F088FD4146B6F86800B847044628B90B
S2140262401920FFF755FD1920BDE8F081B6F8681051
S21402625010F008FB00231C4D86F859302B7803F00B
S214026260FB03022B02D0204610F069FF00222046D4
S2140262701146FFF707FB0446B0B117236B61134BB9
S2140262801B78042B09D1C821114814F0B9F903234D
S2140262902B7684F00100C0B2D6E74FF416710C4894
S2140262A014F0AEF90023F3E71720FFF721FDF0E71D
S2140262B0DA5B0020E4550020D85B0020D65B002085
S2140262C00963002011630020D05600207662002069
S2140262D06C6A0020F0B50C461E460B46204907465F
S2140262E089B004F1140053F8045B834241F8045B5E
S2140262F0F9D11B8802AD0B80D4F80E00D4F8121028
S214026300238803C5ADF8103023798DF812208DF856
S214026310133000233A468DF814304FF6FE710120F2
S21402632002ABFFF7E1FEC8B902A8FFF7C3FB237B67
S2140263304BB10C4D0C4B01AA2946012001930FF0DC
S2140263400BF92A781AB92046FFF764FE03E02046C6
S2140263500199FFF72BFF08B9044B1E7009B0F0BD78
S214026360DC5B0020D05600201B7203001263002064
S21402637001232DE9F341304E05460F4600202F49F2
S2140263801446737300F0EAFB0FF00AF9DFF8AC80EC
S21402639038B9012D01D9042D0FD1214638460EF009
S2140263A0C3FC1020002111F0E8FF00283CD000209A
S2140263B002B0BDE8F041FCF7AFBC002CF1D1204B97
S2140263C01B78212B03D0062B01D0532B02D101F0D0
S2140263D02FFAE6E7FDF740FE0028E2D000F0EAFBDF
S2140263E028B9307BC0F11800FFF782FCD9E7154BBD
S2140263F041462046019300F0B1FB20B140F6190158
S214026400114814F052FB01AA0B4998F80C000FF041
S214026410A3F832781AB90948FFF7FCFDC1E70199DB
S2140264200648FFF7C3FEBCE7FFF79EFA0028BED178
S21402643002B0BDE8F08100BFD0560020DC5B002031
S214026440756200201B720300424D04001FB5144BF8
S21402645004461B88DB0707D44FF6FF700021FFF7C0
S21402646009FE002004B010BD0A230E4A012001A92D
S214026470FDF786FC4FF6FF73BDF80C209A42EBD070
S2140264800822FF2101A810F0C2FB0028E4D10CB9B3
S2140264900120E7E7BDF80C0001A9FFF7EBFDF7E7DF
S2140264A0F45B002026E1010038B50C46154610F0D4
S2140264B02CFC02F053FF29462046FFF7DBFD00F0D6
S2140264C079FB48B1054BDB790E2B28BF0E2301332F
S2140264D0DBB2034A137038BD0123FAE7DC5B002007
S2140264E01E63002038B51D46FFF7FEFD0446C8B9F8
S2140264F02B7B2846032B03D1BDE8384010F0A1BE03
S214026500FFF7D8FA084B25469C8110F0B4FB012110
S214026510064B81401A780620FEF730FA044608B188
S214026520034B1D70204638BDD0560020896C0020D3
S2140265307562002030B5012087B0FFF787FF6B46F3
S2140265400446144A1068516803C384B904F0C4FDB3
S21402655002A8FFF7CDFA4FF6FF752246BDF80E00E9
S2140265602946FFF7A1FF0EF066FB07B030BD6B466B
S214026570094AD2F86A00D2F86E10B2F8685003C31D
S21402658004F0AAFD02A8FFF7B3FA6A46BDF80E00A9
S214026590E6E700BFD6D50300E455002037B5324BF8
S2140265A004461B781BB10224204603B030BD14F00B
S2140265B065F90028F7D100F00DFB14B122882B4BA9
S2140265C01A8000210DF10700FDF7D0FC002848D103
S2140265D010F009FE04460028E6D1254D9DF8070076
S2140265E0FFF7BAFB2B78033B012B27D82046FFF791
S2140265F02DFF18B3FFF79EFF00F0FCFEFFF74AFBE5
S214026600012010F002FB48B9184B1B889A0707D5E1
S2140266102346052201201749FFF788FC0446C3E7F4
S214026620154D022329460120144AFDF7A9FB2B88A3
S2140266305B07B9D5204600F0F1FEB5E72B78053B9F
S214026640012BB1D8FFF776FFFFF724FB2B78052B3B
S2140266500CBF04200520FDF713FC012010F0D5FA2C
S214026660DCE71724A0E700BF75620020F45B002079
S2140266707662002000F8FF07A65B002027E10100F3
S2140266807FB50024184E194D3278E3B29A4201D8EB
S21402669004B070BD4FF6FF73B5F868209A421AD060
S2140266A0134B1B88DB0714D5124AB5F868301068FE
S2140266B05168ADF80C3001AB03C30F4A0A23002021
S2140266C001A9FDF75DFB022300200C4A0C49FDF7E9
S2140266D057FB0134D8E700220821064810F097FA43
S2140266E00028F6D1DCE700BF676C0020E4550020E6
S2140266F0F45B00204E56002026E1010027E101004F
S214026700A65B002010B500F0C7FE01F013FCD8B15E
S2140267100E48FDF7BBFA0E480E4C017A0E30FFF714
S21402672041FB23781BB100F0F7F900232370002207
S214026730094B1A73FFF7AEFA07F0B8F900F012FF2A
S214026740BDE81040FFF79CBF10BD00BF6C6A00207A
S214026750DC5B002012630020D056002010B52548CE
S214026760FDF794FA01F0E6FB30B1234B1B781BB918
S214026770BDE81040FFF7C6BF01F0DCFB78B11F4C46
S214026780237E83B1C8211B4813F03AFF0021237EE3
S2140267900846013B2376BDE81040FCF72BBBFDF70D
S2140267A05BFC0028EBD1FDF757FC154B1B7858B95C
S2140267B0112B03D003F0FD03412B19D1BDE8104085
S2140267C00E4B5869FFF794BA332BF7D10D4B188846
S2140267D010F09BFA0C4B188810F0B4FA0B4B0C49CD
S2140267E01888FFF747FC0B4B1878FFF787FBE5E79F
S2140267F010BD00BF6C6A002071620020D0560020D7
S21402680075620020DA5B0020D85B0020D65B002091
S21402681009630020116300202DE9F04F0F4685B072
S21402682002AD044629463846914612F038F84FF033
S214026830000B82463846CDF804B010F0C9F8467808
S214026840022C804606F0020609D85CB1FDF704FC6D
S2140268500446002848D1754B01241B7865E0043CA9
S214026860022C3AD9FDF7F8FB384610F02AF8002435
S2140268700546A046DFF8D8A1384610F0A9F850F829
S21402688009300DF10500019314F0EDF99DF807B0FB
S2140268900746B8F1000F4DD1BBF1000F5BD0DFF811
S2140268A08C9199F800300BB1002E63D0002C61D089
S2140268B05F4B1B78022B5DD1BBF1000F53D13846DC
S2140268C010F023FA58465946FFF76CFA07F0EEF82E
S2140268D040F607400EF064FA34E010F078FCFDF75C
S2140268E0BBFB0446F8B15C464EB1524B1B78012BFB
S2140268F002D0043B012B0BD805B0BDE8F08F4B4B02
S2140269001B782BB14B4B1B7803F0FB03022BF3D007
S214026910BAF1000F404608BF002511F0B3FF4FF052
S21402692001088246A8E7414B1B78002BF0D0002EC8
S214026930EED1E1E7BAF1000FAED05046FDF71EFEEB
S2140269400028A9D1002013F065FC0028D4D000202E
S21402695010F04CF8D0E74FF6F7739F429FD91720F6
S214026960FFF7C6F9EEE7FDF777FB48B13248FDF7C9
S2140269708DF9F4E7FDF770FB10B1BBF1000FF5D10E
S214026980FDF76AFB0028DDD02846FEF749FAFF2805
S214026990DFF89CA0294C03D09AF80030012B04D1D2
S2140269A02946B4F86800FEF795FBFEF751FC2A4626
S2140269B03846B4F86810FFF777FD214B214A93F961
S2140269C006301B0213809AF80030012B19D0312BA7
S2140269D014BF432311238AF800301B4B164819684C
S2140269E013F00EFE00F006FD0023124C99F800107C
S2140269F0237641B9104813F003FE40F61B43636149
S214026A00A0E71123E7E7B8F1000F03D016B1FFF7AE
S214026A1079FEF2E70D4B1B78042BEED105210648D2
S214026A2013F0EEFD09232376E7E700BF716200202C
S214026A3075620020D05600206C6A0020E4550020C3
S214026A40DC5B0020F25B00208C6A0020766200206D
S214026A50F862002070B508468CB00D460FF0B8FFFD
S214026A6009220021064613F01FFC044628460FF0B2
S214026A7028FF052228460DF10F0304A90EF0E2F9BD
S214026A8002281BD09DF80F3029461C440023E4B28E
S214026A9004F11002365D01200093D2B20CF05CF8CD
S214026AA060B1022E0AD1064B1B78012B06D1054B8C
S214026AB0187818B922462946FFF7AEFE0CB070BD0C
S214026AC075620020D056002008B5084B187050B1E9
S214026AD0074B1B883BB14FF47A710648594313F0B3
S214026AE08FFD002008BD0120FCE700BF6862002081
S214026AF0086C002030470020014B188000207047A9
S214026B00086C002008B5FDF7C1F80022014B1A7088
S214026B1008BD00BF6862002010B50024044B05487B
S214026B201C80054B1C70FDF7B1F8204610BD00BF57
S214026B30F65B0020906A00201363002008B5034825
S214026B40FDF7A4F8BDE80840FFF7E6BF906A00200C
S214026B500148FCF7ABBD00BFF65B0020F7B5134B50
S214026B6004461B780E46EBB183421DD9002110481D
S214026B7014F0DDF8002501460D4F09B9012009E0A1
S214026B80AC4209D10024162322463046009414F063
S214026B9063F9204603B0F0BD384614F0ECF8013530
S214026BA00146EAE71820F5E72720F3E713630020FB
S214026BB0F65B0020014B1878704700BF1363002075
S214026BC025289DBF024B187000202120704700BF69
S214026BD08B6C0020012307B51846064A0DF1070103
S214026BE0FDF7CEF89DF80720034B1A7003B05DF848
S214026BF004FB00BF29E101000A6C002084B010B536
S214026C0002AC84E80F00082224480DF11601089C05
S214026C10F5F756F938BB9DF815309B0705D4204B7F
S214026C201B7803F0FD03312B23D11E4963780978C4
S214026C3003F00F028A4203D0012928D1022A18D172
S214026C402278B2B91B09022B13D194F90230002B19
S214026C5021DB154BB3F86820BDF80A309A4208D1FA
S214026C60FEF790FF06E0002208210C480FF0CFFF47
S214026C7020B90020BDE8104004B070470B4BBDF8A9
S214026C8008205B889A42C6D0002BC4D0F1E70229BE
S214026C90EFD1012AD3E70120ECE700BFD45600204B
S214026CA0756200205C6C0020E4550020D05600205F
S214026CB084B02DE9F0478EB016AC84E80F00DFF8FA
S214026CC068C1564BBCF802009DF85D9010F00104B6
S214026CD09DF96220BDF870E09DF875A09DF976706A
S214026CE09DF878509DF97A109DF95E809DF8606057
S214026CF01B782FD09DF87D00C0F34004C0F38000BF
S214026D00002B44D0464B1B78012B02D1002C00F0FE
S214026D108280C0B19CF800301E335BB2BB42ACBF6F
S214026D20002701279845D4BF00230123BB4209D17F
S214026D308A4208DB0CD1A81BC0B280288CBF002078
S214026D40012000E038460EB0BDE8F04704B07047B8
S214026D500020F8E710F0020F18D0C3B1490814BF9C
S214026D6001200020520814BF012300238342EAD1E7
S214026D70AB1BDBB2802B0AD9AE42E9D1B84506DBA3
S214026D8049D1CA4594BF00200120DCE70BB9012097
S214026D90D9E7AE4216D002AC1CAF0FCF0FC497E8AD
S214026DA0030044F8040B2180DDE91A0116AB0090BB
S214026DB0ADF804100FCB0EF0C8FB0028E7D1AE42A8
S214026DC0B9D1C0E7BDF8583073451ED008AC0DF1F6
S214026DD0700CBCE80F000FC49CE8030044F8040BD8
S214026DE02180104C638873450FD10822211D0DF1B6
S214026DF02E00F5F765F8024638B90821201D0FF077
S214026E0006FF10B96388002BC1D1B845BFDBC2D1DB
S214026E10CA45BCD8BFE7204695E700BF13630020EB
S214026E2075620020D05600200A6C002084B02DE93E
S214026E30F04F8FB06A4E18AC08AD84E80F001622E9
S214026E4000212846F4F7F0FC33783BB90024654B62
S214026E5032781B789A4239D2002726E0002162480F
S214026E6013F065FF00270446B846DFF87C91002C35
S214026E7045D13FB1224639465B480FF02CFE3378A7
S214026E80013B33703378002BE0D0002156484FF098
S214026E90000913F04CFF4F468046CA46DFF848B159
S214026EA0B8F1000F6CD1002FD1D01621002218A8FD
S214026EB00FF0A9FD014648B1002F00F08B80224654
S214026EC049480FF0C0FD337801333370454B3278B2
S214026ED01B789A4207D94448002201880FF0FBFD2E
S214026EE03378013B33703378012B03D13F49404856
S214026EF013F086FB0FB0BDE8F04F04B070470022D7
S214026F00214616232846CDF8008013F0A5FF162248
S214026F10294618A8F4F7D4FF0028EBD09DF8642081
S214026F209DF824309A4225D1BDF86020BDF8203065
S214026F309A421FD108220DF12E010DF16E00F4F7D0
S214026F40BFFFB8B902AF0DF1600CBCE80F000FC767
S214026F509CE8030047F8040B39800EAB13E90300E4
S214026F600090ADF8041095E80F00FFF7A1FE002888
S214026F70C0D027462146484613F0FDFE044676E773
S214026F801623002241462846CDF800A013F064FFDF
S214026F9002AF0DF1600CBCE80F000FC79CE80300BF
S214026FA047F8040B39800EAB13E903000090ADF8E6
S214026FB0041095E80F00FFF77BFE074620B1B9F1F3
S214026FC0000F04BF444681464146584613F0D3FE9E
S214026FD0804665E73A46044813F0AFFE73E700BF03
S214026FE0136300208B6C0020F65B002020BF02009B
S214026FF0906A00202DE9F04F002104469FB00DF163
S2140270004008162240460E91CDE90C11CDF83B10F1
S214027010F4F70AFC052220460DF11F0316A90DF00F
S21402702011FF0228074600F0F28020460FF0D0FC3F
S214027030064613F018FE8146F01C13F014FEADF857
S2140270404000701D13F00FFE012FADF842002046DF
S21402705040F0E0800FF0BCFC0546204613F0E4F951
S2140270600D3502232D1A0093214643460820EAB224
S2140270700BF072FD002800F0CA8020460FF0ADFC2F
S214027080012F83469DF84D3040F0DC8000252F46C8
S21402709043F001038DF84D3016AE3388022B4DD1E6
S2140270A0F1782046023108F065F81B2846D1F178BF
S2140270B02046033108F05EF819283FD1F1782046C1
S2140270C0043108F057F84A2838D14FF0050AF1780B
S2140270D020460131514408F04DF8F17805905144AC
S2140270E0204608F047F8059B00EB032083B200F029
S2140270F03F02932B059240F095800023F7782146B5
S21402710002375744FFB23A4600930CA80F2313F0F7
S214027110A3FE07F10F01204611F09AFA07F11101BA
S2140271200546204611F094FAADF84200059B02335C
S21402713053445FFA83FA33795345C8D806360DF1BD
S2140271407603B342A9D19DF84D20C5F3C03363F34D
S214027150410220468DF84D200FF0D1FB8DF84400F9
S21402716020460FF0C1FB8DF8450020460FF0C1FB0C
S2140271709DF83230BBF1190FC3F3C3028DF84720D6
S214027180DDF833208DF84600CDF84E20DDF83720A6
S214027190CDF8522094BF00229DF83E208DF848205C
S2140271A003F003028DF84A209DF84D20DB0963F3B5
S2140271B08202694B8DF84D201B78022B56D1BDF802
S2140271C040600FF0B3FD864250D108A810F01AF8BE
S2140271D0BBF1190F47D908220DF14E0108A8F4F7A2
S2140271E06FFE00283CD1B9F5004F02D0B9F5624FC8
S2140271F00DD140F6FF7325F440459D4207D100228B
S21402720008210DF14E000FF002FD00283ED01FB0FF
S214027210BDE8F08F0FF0DCFB0546204613F004F9BC
S21402722007351EE7412B81D1F178204602315144C1
S21402723007F0A0FF494B1B78C3F1B30318448DF83F
S214027240490073E76FF30003F01D8DF84D3013F01D
S2140272500AFD0CA90546204610F026F80B2772E711
S21402726000F058FDBFE700F055FDD0E7B9F5004F36
S21402727002D0B9F5624FCAD140F6FF7325F44045F5
S2140272809D42C4D1BBF1190FC1D9B8E7BBF11A0FA1
S21402729006D007F11F0142462046C9B20EF05BF93E
S2140272A02F4C304D637BDBB12B78012B1DD1012394
S2140272B023730CAB029314AC94E803000090ADF871
S2140272C0041098E80F00FFF799FC90B194E80300C9
S2140272D00090ADF8041098E80F00FFF7A7FD08E04D
S2140272E0FCF7BAFE0028DFD0E1E703F0FD03042B2B
S2140272F0DDD02B78012B01D0042B88D11A4BDDF878
S2140273004E001B78DDF852108DF82230BDF8403062
S214027310ADF820309DF84D30C3F340038DF823308E
S2140273209DF8313003F00F038DF82C309DF848306D
S2140273308DF82D3009AB03C30C4B1B681BB14146BD
S21402734008A8984763E79DF946209DF8451008A8C7
S2140273500DF0E8FC5BE700BF756200201A630020B0
S214027360D05600200163002019630020C456002076
S21402737010B513F093FB114B1B78022B1CD1104A4D
S2140273801468A04218D00F4910600A68121B1044F5
S2140273900D4A086012786AB1013A93403C22534380
S2140273A04FF47A725343984206D9BDE81040032040
S2140273B0FCF766BD0A23F3E710BD00BF7562002026
S2140273C05C48002058480020586C0020064B1B885A
S2140273D0DB0708D50022054B43F82020044A135C3D
S2140273E063F00F0313547047F85B0020AC4600208E
S2140273F03A62002008B513F051FB0022024B1860D7
S214027400024B1A6008BD00BF5C48002058480020A6
S214027410014B1868704700BF5848002008B50C4852
S214027420FCF734FCFCF772FD80B10A4B0322B3F87A
S214027430681001200EF0AFF84FF47A71064B04483C
S2140274401B885943BDE8084013F0DAB808BD00BFF0
S214027450B06A0020E4550020EC6B0020014B188037
S214027460002070470E6C0020044A054B18701388E3
S21402747023F003031843108000207047F85B0020B7
S214027480596C0020034B1888C0F30E00003818BF52
S21402749001207047A65B002008B5FFF7F3FF30B166
S2140274A0002004490223044A0880FCF769FC0020F5
S2140274B008BD00BFA65B002027E10100024B18882A
S2140274C0C0F30E00704700BFA65B00200023084AE8
S2140274D001201370074A08491370084B084A1B78A4
S2140274E043F0040313800223064AFCF749BC00BF9C
S2140274F01663002015630020A65B0020596C00204E
S214027500F85B002027E1010030B5012100240B239F
S21402751085B0104D019400918DF80C308DF80D0059
S2140275200323B5F8680003AA8DF80E4011F049F956
S21402753068B1B5F868100FF074FF40B10522064B2B
S21402754064211A70054B06481C7013F059F805B0F2
S21402755030BD00BFE45500201563002016630020EE
S214027560D06A0020064B1B78033B012B06D8054B3E
S2140275701B781BB9044B1878FFF7C6BF704700BFCD
S2140275807662002014630020586C002010B515485F
S214027590FCF77CFB144B1978F9B9144A13787BB1C3
S2140275A0013B1370124B1B78042B02D10846FBF7E3
S2140275B021FCBDE810404FF496710A4813F020B83B
S2140275C00C4A128802F00302022A0AD1BDE81040D1
S2140275D0032201200849FEF7A9BCBDE81040FFF7C8
S2140275E0C1BF10BDD06A00201663002015630020BC
S2140275F076620020A65B002000F8FF07084B1A7888
S2140276005AB10223013A93404EF6602253430321B5
S2140276100448B3FBF1F112F0F3BF42F21073F6E73F
S214027620586C0020D06A002070B505461748FCF753
S2140276302DFB0122164B28461A7011F0E6F8411C63
S214027640044689B2284607F095FDA11C064689B273
S214027650284607F08FFD0F4C02232080214600208B
S2140276600D4AFCF78DFB86B9238803F00303022B31
S21402767003D1FFF7BFFEFFF7C1FF23885B0704D5E0
S214027680BDE870400548FFF7C9BE70BDD06A00204D
S21402769016630020A65B002027E10100B06A0020E6
S2140276A02DE9F0431F4C0546238889B0002B33D0C2
S2140276B01D4E00214FF4807010F03FFE3378DB073A
S2140276C028D50121208812F0E7FE074620880FF011
S2140276D07FF9023013F0C7FA05A98046208811F018
S2140276E07BF93378384613F0020F104B18BF00258B
S2140276F0B3F8009012F0B4FE0646384612F094FE36
S214027700F6B20290424606212846CDE9009605AB1F
S2140277100DF0C4FA00232380054809B0BDE8F04303
S214027720FCF7B4BAFE5B002017630020FC5B002067
S214027730F06A002010B5044640F62140FFF7B0FF7D
S21402774001214FF4807010F0F8FD78B10022084B4A
S2140277501C80084B1A7007F085FEBDE81040064BE9
S2140277601880064B0648198812F04ABF10BD00BFA3
S214027770FE5B002017630020FC5B0020EE6B0020FF
S214027780F06A0020044A137818B943F00103137014
S214027790704743F00303FAE717630020044B1B7895
S2140277A01BB9044A1380FEF707B90020704700BFD2
S2140277B005630020FA5B0020042230B501F0400386
S2140277C087B0002B054614BF012400248DF80C2038
S2140277D08DF80D1004D004A910F0CDFD10B304AB43
S2140277E0CDE9004301210223284603AA10F0E9FF4F
S2140277F00446C8B10D4BB3F868100FF033F84FF6D5
S214027800F7739D4209D9322202212046FEF73AF842
S21402781080F00100C0B207B030BD294620460FF006
S21402782000FEF5E70120F6E71920F4E7E45500200C
S21402783010B5FFF731FE04F031FA0FF07EFC00209F
S21402784010F091FD13F01AF808B1FDF729F9204C53
S2140278502378532B12D1032323700023FF221946C9
S2140278600120FEF763FB002012F0D4FC10B10020CA
S2140278700FF0BCF8BDE810400DF091BE062B01D00B
S214027880212BF0D10120FEF7F5FA4FF6FE700FF02D
S2140278903CFA4FF6FF700FF055FA0020FEF752FA48
S2140278A00020FEF759FAFEF7E9F900F029FB0DF081
S2140278B079FE2378212B02D1FEF774F9D3E7002054
S2140278C0FCF7DEFA00214FF4004010F026FBCAE770
S2140278D07562002010B50A4C0A48FCF7D7F92378DF
S2140278E0062B02D10120FEF7C5FA2378062B01D01B
S2140278F0532B03D1BDE81040FFF79ABF10BD00BF5F
S21402790075620020106B00202DE9F047DFF8C0807A
S21402791004460E461746FFF7BFFD98F8005015B905
S2140279200220BDE8F087212DFAD0284813F02DFA60
S2140279300028F5D114F0200439463046DFF894A02A
S214027940DFF8949005F00F051BD00DF06FF9012DAE
S2140279508AF80070A9F8006029D1212388F800303F
S214027960FFF766FF0020DCE7212388F80030FFF7E8
S2140279705FFF00214FF6FE70FEF77CFBFEF780FEEF
S214027980F0E70DF052F9012D8AF80070A9F80060B0
S214027990EAD0062321464FF6FD7088F80030FFF73E
S2140279A00BFF40F22621094812F02AFEE1E7532394
S2140279B021464FF6FD7088F80030FFF7FDFE40F2D4
S2140279C02621024812F01CFECCE700BF106B0020F6
S2140279D07562002018630020106C0020F8B50D4672
S2140279E00646511C284607F0C5FB044628460EF0FC
S2140279F0EFFF0546023013F036F9154B07461B78A3
S214027A00022B02D0043B012B21D8124B1B685802D2
S214027A1001D5A1061BD5620619D50F4BB3F86830FF
S214027A20B34214D16B781B070DD5284610F02AFFF7
S214027A30FCF7A4FD58B1314604F020000122BDE84F
S214027A40F840FFF761BF0FF054F9B842F3D0F8BD23
S214027A507562002064480020E455002073B5044691
S214027A600D4613F0EEF9FF28034625D0134A127886
S214027A704AB1134A32F81020520404D510F064FCBE
S214027A80002002B070BD184610F06FFC694606462C
S214027A9010F071FC40B1FCF7E7F928B1002302228E
S214027AA06946304605F0DCF8204645F0400102B053
S214027AB0BDE87040FFF780BE0120E2E77162002059
S214027AC0A05B002038B505460EF082FF0446284625
S214027AD010F09BFE411C89B2284607F04BFB42067B
S214027AE00DD563781B070FD5204610F0CBFE014656
S214027AF0002013F0A4F9BDE8384010F025BC034876
S214027B00BDE83840FFF7E6BE38BD00BF106B002068
S214027B1038B54FF6FF75A842044617D00FF006F99F
S214027B20A04213D04FF6FD72094B198891420DD927
S214027B30084A1288AA4201D0A24207D11C804FF4FA
S214027B407A71BDE83840044812F05ABD38BD00BF0D
S214027B50F66B0020126C0020F047002008B504489F
S214027B60FCF794F84FF6FF72024B1A8008BD00BF6E
S214027B70F0470020F66B002037B505460C46082372
S214027B8069460120064AFCF7FBF815B19DF8063057
S214027B902B700CB1009B2360BDF8040003B030BD0F
S214027BA025E1010007B508238DF80600ADF804109C
S214027BB0009269460020034AFCF7E2F803B05DF83B
S214027BC004FB00BF25E10100024A13780BB1013B1A
S214027BD0137070476662002008B50FF0B3F80021F4
S214027BE04FF6FF72054B08461A80FEF7DBF8BDE833
S214027BF0084040F616400DF0D3B800BFF66B0020E2
S214027C0008B5FCF743F80A4B1B78023B032B08D84F
S214027C104FF6FE73074A108898424FF6FF7301D15B
S214027C20138008BD9842FCD0BDE80840FFF7D4BFD9
S214027C3075620020F66B002010B5084B1B78042BEB
S214027C400AD00FF056F8002104460846FFF794FFC4
S214027C50231A5842584110BD0020FCE776620020E5
S214027C60F0B5002689B00546CDE90566ADF81C607C
S214027C7010F0CBFD0A23024604462946009605A8C4
S214027C8013F0EAF89DF815309DF814701F2B27D8CC
S214027C9003A80FF0B7FA08220DF1160103A8F4F7AD
S214027CA00FF90646E0B9092F1CD1FFF7C5FFB8B198
S214027CB0144B1B78A3B1144B1A884FF6FD739A42E5
S214027CC00ED9124C124A23780433DBB22370127890
S214027CD0013AB3EB820F03DD58B20BF01BF92670A4
S214027CE009B0F0BD0A34E4B22146284607F042FA4B
S214027CF00FF01BFB611C284610F0AAFCFFF708FFDA
S214027D00EEE700BF6C6C0020F66B00206662002077
S214027D10576C002038B5134B1B78033B012B20D938
S214027D20114B4FF6FF711B78ABB1104D2B888B426F
S214027D3017D10EF0FBFF4EF6602104460C4812F0F7
S214027D405FFC4FF6FE7322462B800021BDE83840CA
S214027D5009200FF0F8BA074A13888B421CBF01337A
S214027D60138038BD766200206C6C0020F66B002013
S214027D70F0470020A25B002008B50448FBF786FF08
S214027D80BDE8084000210846FBF734B8306B0020F7
S214027D9010B5044661B1FF210EF0BBFD002120465E
S214027DA00EF0BDFD0EF0FEFC014620460EF0BDFDB7
S214027DB02146BDE810400022014812F0BEBF00BFB7
S214027DC0025C00202DE9F0410D46174604460EF0EF
S214027DD0FFFD06782846FCF74DF9294680462046E0
S214027DE00EF040FD0EF085FFA84206D12046012186
S214027DF0FFF7CEFF0120BDE8F0812846B8F1000F5C
S214027E000AD0FCF7B9F950B9144B3A462046BDE8F9
S214027E10F0411978FDF736BD10F0B1FAF3E706F037
S214027E200306012E08D00EF064FF002322462946E0
S214027E3002F042FA0028D9D120460EF0CFFC4305C4
S214027E4005D52046BDE8F04100210FF044B8204693
S214027E5010F080FAB0FA80F04009CCE7566C0020A9
S214027E6010B586B0044610F0D0FC104B02461868D7
S214027E7019790290D3F805005B7A01328DF8143036
S214027E8000238DF80C1004902146009392B205232D
S214027E9004A812F0E1FF052204A902A8F4F710F8DC
S214027EA0B0FA80F0400906B010BD00BFE8990400A1
S214027EB008B511480EF049FE104B1B78012B06D868
S214027EC0FF2010F01AFAFDF7B1FB10F035FAFDF7B5
S214027ED03BF801F091FCFFF7F9FA10F00EFE07F0FE
S214027EE0F1FDFDF749FD07F03DFB0CF0A1FEBDE8F4
S214027EF0084002F0D3BC00BFAC560020336200201C
S214027F0008B5F0F75DFDFF2803D0094B1B78012B5F
S214027F1006D9002010F0F1F9FDF788FB10F00CFAF4
S214027F20FDF712F801F068FCBDE8084002F0B6BCA6
S214027F3033620020064B1878112806D000F0FD00A8
S214027F40A0F141035842584170470120704700BFD4
S214027F50756200202DE9F8430446FDF70FFB18B1C1
S214027F6000263046BDE8F8834FF6FF78184BB3F884
S214027F7068104145F4D020460EF074FC154B0221E1
S214027F8020461A88FDF77EFC06460028E8D02046E2
S214027F900EF01EFD90F807900546043012F063FEC0
S214027FA007460EF0A6FE494602463846FDF7FEFA9A
S214027FB0A81C12F058FE404502D12046FFF7BAFB35
S214027FC02B789B07CDD101212046FFF7E1FEC8E7BB
S214027FD0E4550020005C0020F8B507460EF0F8FCD9
S214027FE00546043012F03FFE0646A81C12F03BFE81
S214027FF00446304612F025FF3046FCF73BF82B7855
S2140280009B0701D10EF075FEAB790BB90320F8BDC4
S2140280100EF06FFEA0420CD10EF06BFE0446094B2A
S214028020214638461A78FFF7CDFE0028EED000200B
S214028030EDE7054B1B78052B1CBF044BB3F86840D5
S214028040EDE700BF005C002076620020E4550020C9
S2140280502DE9F041064610460D4610F0D6FBA0F17B
S2140280601004E7B256FA84F42146EA1B04F10E0025
S214028070F3F72CFC2823DFF84480F35598F80030F9
S214028080637301F0CDFB611C024601200DF09FFADE
S21402809008220949601DF3F719FC98F800000FF052
S2140280A098FF05F10E0130463B460022C9B201F0A8
S2140280B069FC1220BDE8F081F862002070620020A0
S2140280C02DE9F04F87B004460EF082FC06462046A5
S2140280D00EF0E1FB0746301D12F0C5FD8146B01CCE
S2140280E012F0C1FD384696F807A012F0B3FE3378B8
S2140280F09A075FD12146042001F04CFD002859D092
S214028100204610F082FB0146204607F033F883072C
S21402811050D1204610F079FB0146204607F02AF897
S21402812010F00303039345D12046FFF799FE00287B
S21402813040D0204610F03FFC451C204612F090F935
S214028140EDB205F10A0B83455DDA304A04AB1068DE
S214028150516803C3691C204607F00CF8294680467E
S214028160204607F007F800EB082059461FFA80F869
S214028170204606F0FFFF8346039B2146AA1C009377
S21402818004A8082312F068FE20460EF084FB5A4626
S21402819041460DF00EFA0122404604A90FF04FFAAE
S2140281A088BB022007F032FC013003D1404604A906
S2140281B0F0F7CEFC0EF09DFD48453A46514607D1F3
S2140281C00EF09FFFF8B907B0BDE8F04F0FF0EBB91D
S2140281D048460EF096FFB0B90D4B1B781BB93946D0
S2140281E048460FF0F6F83A4651464846FDF7DEF99D
S2140281F048B1317811F0030105D1204607B0BDE839
S214028200F04FFFF7C5BD07B0BDE8F08FD6D5030027
S2140282106C62002038B5114D2B78023B012B18D822
S2140282200DF0C9F90446B0B9FFF7A2F82B78032B74
S21402823007D12346FF2221460120FDF777FE0120C3
S21402824038BD21462046FAF7D5FD003818BF012072
S214028250F6E71720F4E70220F2E700BF7562002077
S2140282602DE9F74305460E4614460EF0C1FA0C28D1
S21402827028464AD10EF0ACFB0922002112F014F86F
S21402828000F11001C9B2284606F074FF042813D084
S2140282907C282BD0012840F0AC8046B91321284612
S2140282A010F0D6F903B0BDE8F0430EF04BBD03B0B4
S2140282B0BDE8F043FDF7DCBC5B4B1B78022B40F0BD
S2140282C0988046B9FFF7FAF8C3070AD5FFF792F87F
S2140282D0002C08BF3F26304603B0BDE8F0430CF042
S2140282E0C3BCFFF7CFF80028F0D0F1E7284612F01B
S2140282F0B7F80446284612F097F802463046E1B22E
S21402830003B0BDE8F0430CF0ADBC0EF061FB804656
S214028310043012F0A8FC074608F1020012F0A3FC93
S2140283204FF6F773984204460CD8404A1388013336
S2140283309BB213800BB93E4A13801EB13C4A138887
S2140283400133138098F8009009F00309B9F1010F80
S2140283501DD1284610F059FA0146284606F00AFFB3
S2140283600B2809D00D2807D0042842D1284603B08E
S214028370BDE8F043FFF7A6BB2E4B1B78042B38D183
S2140283800021084603B0BDE8F043FAF733BDB9F161
S214028390000F2ED13146284603F05EFD4EB34FF64F
S2140283A0F7739C4225D898F80160204616F004061A
S2140283B022D10FF0B2FF054620467DB10FF0DFFF57
S2140283C0034600BB0C220090214638460FF0CFF938
S2140283D00C22002339462046009308E00FF0CFFF18
S2140283E00346C8B9144A00901278214638460FF060
S2140283F0BEF903B0BDE8F0830FF0C1FF034678B9BB
S2140284000B220090F1E706223346214638460096B4
S2140284100FF0ADF90622DCE72B4600950622E4E7CC
S2140284204B46CDF80090F9E775620020AA5B002063
S214028430A85B0020766200208D6C00202DE9F04FAC
S21402844005888BB0044628460EF0C2FA074604306A
S21402845012F009FC8146B81C12F005FC05A98046FC
S214028460284610F01CFA284610F0CFF901460646B8
S214028470284606F07FFE3B78824603F00303012B74
S2140284800CBF83464FF0FF0B12F003FBE38801900C
S21402849002930EF02EFCFB7900904846039300F000
S2140284A081FF002876D1404600F07CFF002840F08D
S2140284B08880FDF72BFB8046FBF7CEFD10B9FFF751
S2140284C039FD30B1A8F104085FFA88F8B8F1020F56
S2140284D01BD90BF0FD03042B00F0B380FFF72AFD37
S2140284E020B10AF0030ABAF1010F0ED0FBF70EFD17
S2140284F028B9714B1B7803F00F03062B68D16F4B1C
S2140285002846B3F868100EF0ADF9BBF1010F63D13F
S21402851028460EF091F94FF6FF73984240F091808C
S21402852000233146284607AA0FF0FFFE074600281A
S21402853042D042799DF82530934209D9711D2846CA
S21402854089B206F02BFEA37823F00F030233A37042
S2140285500CF067FB7E23B0FBF3F202FB130303F57A
S2140285608073A3809DF8263013F0180F0AD0A378E4
S2140285701B0707D1009B4B4504D048467A7905A9CC
S2140285800CF084FB9DF82700003818BF01200BB0C2
S214028590BDE8F08F28460EF01BFA023012F063FB9D
S2140285A04FF6F773984207D9039B2BB92846FFF775
S2140285B057FC00287FF477AFA37823F00F03A3704D
S2140285C008E0404612F046FC00287FF472AFF3E75C
S2140285D02823A3800020DAE7BBF1020F54D101233F
S2140285E0314607AA28460FF0A0FE80460EF081FB11
S2140285F0BDF8223098421FD1B8F1000FDCD001221C
S214028600B8F80230314628460FF08DFE2C4A137811
S2140286100133DBB2FB711370B8F80230BDF81E20CE
S2140286209A421FBFA37823F00F030233A3704FF4BE
S214028630C873A3800120AAE7184612F00BFC002894
S214028640DAD128460EF0F8F812F0A4FB012808BF8B
S2140286501C4BA27809BF1B78FA2303EB830303EBB8
S214028660830302BF9B00FA339BB21209A4D1DDE951
S2140286700121521A92B293429ED30CF0D2FA00F023
S2140286801F001030A080D5E7BBF1030FD9D1009BA5
S2140286904B45D6D1711C284689B206F06BFD0C28D4
S2140286A0CFD1FCF7FFFD4FF6FF7398420146C8D0C4
S2140286B028460EF0D7F8C4E775620020E45500207D
S2140286C073620020656C00202DE9F04105460C46D9
S2140286D00EF08EF8082802D10120BDE8F081201D98
S2140286E012F0C1FA0646284694F807800EF0D3F830
S2140286F0074628460EF072F8010612D5184B1B786C
S214028700042B0ED1174B1B78022B0AD1164BB3F84B
S21402871068204FF6FF739A4203D000210846FAF704
S21402872069FB124B1B78002BD6D1A01C12F09BFAC9
S2140287304FF6F773984202D86378DA070DD5237896
S2140287409B070AD13A46414630460EF0DAFC80F0E4
S2140287500100C0B200F00100BFE70120FAE700BF47
S2140287607662002075620020E45500201D6300201A
S2140287702DE9F04F9DB004460EF03AF80546204625
S2140287800EF036F8082869D14FF400432046ADF8BB
S2140287905030ADF85C4011F063FEBDF85C20A0F1ED
S2140287A01005EDB210461023002100950FF03DFF94
S2140287B0294617A80FF011FF204611F035FE0AF0E1
S2140287C0BFFB002321461A460C2000930AF0C4F988
S2140287D098B3204611F028FE14A902461020FBF793
S2140287E079FF0501204611F01FFE14A9024640201B
S2140287F0EDB2FBF76FFF10B120460CF01BFA2046D5
S21402880011F012FE14A902468020FBF763FFB8B9E6
S2140288109DB1102517A805F067FF2046BDF85070D9
S21402882011F01EFE0646204611F0FEFD2946009077
S214028830F3B2384617AA0CF093FA1DB0BDE8F08FD3
S214028840BDF8503017A8ADF85E40ADF85C300CF0BD
S214028850AAFE0028DCD145F08005DBE720460EF0B4
S21402886007F8B0F5006F40F0058120460EF013F8C9
S2140288700646042D40F0018120460DF0AFFF80F43D
S2140288800060C0F3C02000223146400012F0B4F966
S214028890944B1A78022A0DD0FFF74CFB50B902F01F
S2140288A0FD03312B06D0043A012A03D98E4B1B78DE
S2140288B0002BC2D02146022001F06CF90590002858
S2140288C0BBD02046ADF846400EF082F80446BDF80E
S2140288D046000DF0E0FF0646201D12F0C4F9A31C68
S2140288E083461846039312F0BEF912A90746BDF84E
S2140288F046000FF0D4FF63780690BDF8460094F861
S214028900008008930FF081FF6378054608F003089D
S21402891030460C93FBF7AEFBB8F1010F0CBF0323F6
S21402892002230E93714B08BF4FF00B091E8023786B
S21402893018BF4FF00A0903F03C03082B0D907FF492
S2140289407CAFBDF8460011F08BFDA8427FF675AFEE
S214028950B8F1010F03D023789B077FF46EAF644B08
S214028960B3F86830B3420DD1624A634BB2F90010D5
S21402897093F90030002900F0A58001EB0313A3EB66
S214028980211313804FF0010AA5F11003DBB20A93FC
S2140289908DF8453010224846BDF84610CDF800A0A6
S2140289A00DF145030AF0D8F800283FF446AF089BBD
S2140289B013F00203099300F00981504B1B78002B39
S2140289C03FF43BAFBDF8469048460FF01EFF00232B
S2140289D007904846CDE917331993ADF868300DF085
S2140289E05AFF079B039003F10E01484689B20FF027
S2140289F0DFFE002870D000234946079A009317A886
S214028A000E2312F029FA50460DF15D010CF0EDFD31
S214028A109DF869300B9004939DF85C30282B5BD14F
S214028A200DF16100FBF7AAFD0F90002854D10498BF
S214028A300FF0CFFA0F9B002866D1314B049A1B78B1
S214028A40D31A1C0648D404F059F950453CD112F00A
S214028A5025F82C4E0546346824B104F055F92C1B33
S214028A60844239D30023FF2219461846FDF75EFAE0
S214028A70356031E04FF6FD76FBE64FF6FF70301AB2
S214028A8018BF012000223146400012F0B5F80C2D26
S214028A900DD12146012001F07DF800283FF4CDAE2D
S214028AA0214600201DB0BDE8F04FFDF7D3BF2DB91B
S214028AB020461DB0BDE8F04FFEF79CBA042D7FF4A9
S214028AC0BCAEE5E61B025CE704F018F9022803D107
S214028AD004F0F6F80028BAD000221920039912F002
S214028AE08BF8AAE6756200201D6300201E5C00203B
S214028AF0E4550020F25B00201A6300207162002019
S214028B0070620020F456002010214846079ACDF8DD
S214028B1000A00FF0AEF80028DED0BB4B049A1B78FC
S214028B20934240F0AA8003990DF1610214A811F055
S214028B3037FE012114A8FBF7F5FA824648F2030134
S214028B4014A8FBF763FBBAF1000F03D0082114A8A0
S214028B500CF0EEFC48460FF076FE03990DF161002C
S214028B60FCF72AFCFE288246B6D0FF280AD10398D4
S214028B7012F056F9FF28824600F087800DF1610157
S214028B80FCF7F4FAA04B049A1B78934200F0A380F9
S214028B9050460B99FCF7F6FB00283FF44EAE5046C3
S214028BA00B99FCF701FC237898070FD148460FF083
S214028BB02CFE0146484606F0DDFA00F003000128C6
S214028BC004D103980DF16101EFF7C2FFBDF846002C
S214028BD00DF004FE010440F18580204612F043F8B1
S214028BE040F4007189B2204612F03FF800224FF49A
S214028BF00041BDF846000DF0E2FDDDF814900123B9
S214028C0010220093BDF846100E980DF1450309F0A8
S214028C10A3FF00283FF411AE032866D1204612F0C7
S214028C2022F840F4007189B2204612F01EF830464F
S214028C3012F010F9002840F0B680DDF81490B8F172
S214028C40010F40F0B6800320BDF8461000F0A2FFE8
S214028C50002840F0AE802946BDF8460006F08AFAA3
S214028C600F2801467FF6E9AD4FF6F7739F423FF6AF
S214028C70E4AD30460EF01AFCDFE55046049903F0E8
S214028C8085FA00287FF44FAF26E7237803F0030324
S214028C90012B08D148460FF0B8FD0146484606F0BB
S214028CA069FA082892D0594B1A78594B1B789A427F
S214028CB009D20DF161010398FCF70CFA039812F041
S214028CC0AFF882465EE7A01C11F0CDFF4FF6F773B1
S214028CD09842EED900E75046FCF7CEFB00283FF458
S214028CE057AF5CE74FF0000989E7304612F0B2F85A
S214028CF00028A4D0099B002B57D1B9F1000F52D1FE
S214028D00B8F1010FBDF846009DD0294606F032FAAA
S214028D108246DFF8089199F80030002B54D00DF007
S214028D20E8FF87427FF489ADB8F1010F7ED1BAF130
S214028D30070F75D8BAF1050F7FF67FAD354B1B7856
S214028D40022B02D0043B012B03D899F80030002BEB
S214028D5041D00C9B9A0640F1B4800D9B002B40F04C
S214028D60AC80304612F06DF8FF2840F0A6805E45D3
S214028D707FF463AD069B002B00F09D8012AB46F29B
S214028D8004020124ADF85C200193214602233046FA
S214028D90009417AA0FF015FD00283FF44EAD2146A9
S214028DA00EF099F849E5DDF8149030460FF0CFFA48
S214028DB045E72946BDF8460006F0DCF9099B8246DF
S214028DC013B9B9F1000FA4D0124B1B78022B02D0B4
S214028DD0043B012BBDD8304600F0E4FA8146002859
S214028DE07FF42BAD0DF085FF864225D10A4BB3F8F2
S214028DF068400DF07EFF4B4601460D222046CDF818
S214028E0000900EF0B4FC18E5706200206F6200203D
S214028E10666C002075620020E45500207162002016
S214028E20AAF10E03DBB2012B88D906E50AF003038A
S214028E30012B7FF402AD81E7304612F00BF858B9E9
S214028E400DF074FF4FF6FF73984205D011F016FD31
S214028E5010B93046FCF7E4F8304611F0FBFF88B153
S214028E600DF064FF4FF6FF7398420BD011F006FD2B
S214028E7040B9B8F1010F02D1BAF1060F02D030465E
S214028E800FF064FA069BA3B91946012258460EF063
S214028E90D6FB814600287FF4D0AC20460FF0F2FCC9
S214028EA04A46014638460EF0CAFB00283FF451AF48
S214028EB0C3E412A9E9E7069B61E7637823F020037F
S214028EC063704FF6FC739F423FF4B7AC4FF6FD73E8
S214028ED09F4204D1B34B1B78042B3FF4AEACA3796C
S214028EE00BB1013BA37163785B0727D50023584675
S214028EF017AA14A917930FF00AFA1798F0B10FF0F1
S214028F00FFF98146384611F09CFF179A01461379FD
S214028F1003F03000102806D003F00C0008281CBF0F
S214028F2023F00C031371137903F03303202B05D1BE
S214028F30FF2903D0012248460FF0F1F9304611F01E
S214028F4080FFFF281EBF0022974B43F82020089B75
S214028F5003F001094FF6F7739F4200F2F980B9F168
S214028F60000F40F00181314658460EF032FA0DF0FD
S214028F70C0FE874200F0C680384611F06BFF00281C
S214028F8041D0B8F1010F27D1BAF1010F17D14A46E5
S214028F902946BDF846000FF0C5F9384611F05AFFCB
S214028FA0824B1B78002B72D1584611F053FF0028D3
S214028FB066D1384611F04EFF002861D13DE43846AE
S214028FC011F048FF50B3BAF1030F27D12946BDF876
S214028FD046000EF004FC30E4384611F03BFF3846FB
S214028FE00FF0CDF9002847D0002339465846BDF881
S214028FF0462001F061F900283ED00021BDF8460067
S214029000FEF7C6FE19E4384611F024FF18B1B8F18F
S214029010010FD8D0E3E7B8F1010FE0D1634B1B781C
S214029020002BC1D0BAF1050F31D10DF062FE8DF8DA
S2140290305C000DF05EFE000A8DF85D000123022240
S21402904017A90DF14600FAF775FD00287FF4F5AB77
S214029050691C89B2BDF8460006F07AF80378013337
S21402906003706378590715D40DF043FE834522D06A
S214029070002239461C2032E54C4B1B78002B93D03D
S214029080B8F1010FCED063785A0714D502E06378A0
S214029090580718D5BDF8464020460FF078FB411C0D
S2140290A089B2204606F054F80378B8F1010F03F1AE
S2140290B0FF33037004D0BDF84600FEF78DFF09E0CB
S2140290C0BAF1050FD0D0BDF84600FEF785FFBAF11B
S2140290D0030FCDD00228CBD10021584617AA0FF095
S2140290E019F930B10379468003F03C0343F040039C
S2140290F0037100232E4A00933946584612780EF022
S21402910036FBB5E7B8F1010F7FF477AF0AF1FF330C
S2140291100C2B00F2868001A252F823F07D91020009
S2140291207D910200CD8F020093910200B59102005C
S2140291303B880200D9910200E9910200F5910200F3
S214029140F59102003B8802000B9202001792020081
S214029150B8F1010F71D0B9F1000F08D1BDF8460081
S214029160FEF7AEFFFFF769BBB8F1010FCED0237A48
S21402917003F00303012B7FF460ABEFE7AAF10203CF
S2140291805A422946BDF846005A410FF0CBF8FFF77F
S21402919054BB2A465846BDF84610FEF71FFCFFF79A
S2140291A04CBB00BF76620020AC4600206A6C0020F2
S2140291B08D6C0020691CBDF8460089B205F0DAFF06
S2140291C00235EDB20246BDF846305846009512A961
S2140291D006F0D4FDFFF731BB01200A9ABDF846100F
S2140291E0FDF71AFBFFF729BBBDF846000FF0A0F803
S2140291F0FFF723BBBDF84600FEF732FDFFF71DBBA7
S214029200BDF84600FEF72CFDA8E7BDF84600FEF7BF
S2140292100BFAFFF712BBBDF846000CF0BEF9FFF7DB
S2140292200CBB2B4622465046BDF846100CF08BF976
S21402923000287FF402AB51461BE50AF1FF330C2BE4
S2140292403FF6FBAA01A252F823F000BF7D9102006E
S2140292507D910200CD8F020093910200B59102002B
S2140292603B880200D9910200E991020001920200B5
S214029270019202003B8802000B9202001792020043
S21402928010B5002111480DF007FC0446E8B10DF0B8
S2140292902BFB0F4B187020460DF02BFB0D4B187056
S2140292A020460DF02CFB0C4B187020460DF02CFBC4
S2140292B00A4B1860012011F0F5FB2046FFF758FA1A
S2140292C0BDE81040002011F0EDBB10BDD05B0020C1
S2140292D01B6300201A63002019630020EC5600204E
S2140292E070B5144E044633680D46BBB10DF080FAD5
S2140292F00C2813D120460DF06BFB092200210446F0
S21402930010F0D2FF235C042B08D10B4C25B10B4B7B
S21402931022781B789A4203D300232370002070BD64
S2140293200748316811F06CF9237801200133237065
S214029330F5E700BFF05600201C6300208C6C00206E
S214029340306B0020014B93F901007047F25B00205E
S214029350014BB3F868007047E455002070B500244E
S2140293600D4D2C70EFF706FAE6B2B04208D800228E
S2140293700A4B1A700A4B198801B11A80012070BD77
S214029380304611F064FDC30748BF2B7804F1010490
S21402939044BF01332B70E5E76E620020676200204F
S2140293A0A45B002038B50B4B05461B7873B101331E
S2140293B05C08094B188811F037F8002330F81320A0
S2140293C0AA4205D00133DAB2A242F7D3002038BD52
S2140293D00120FCE767620020A45B002030B505464A
S2140293E085B008460C4611F02EFDFF280CD00EF074
S2140293F0DBF8012200210346CDE901120092214644
S2140294002A460720FCF7F6FB284611F01AFDFF282D
S21402941004460FD011F01BFDC2070DD5204611F0F1
S21402942016FD830708D40B4A32F8143043F48063DF
S21402943022F8143005B030BD0EF0B6F80122002135
S2140294400346CDE90112009207202A46FCF7D2FB1A
S214029450F0E700BFA05B00204FF6FA72431E9BB2F5
S214029460934270B504462AD8FFF79CFF38BB194BC7
S2140294701B78042B23D0204611F0D2FCFF2801D003
S214029480FBF7FEFC20460EF03DFF08B10EF034FF5F
S2140294902046114E03F0ACFE20460BF0F5FB317869
S2140294A00E4D69B1288810F0BFFF054601461E2200
S2140294B00230F2F70BFA2C8033781E2B07D970BDD8
S2140294C0202011F025F828800028EBD1F7E7023398
S2140294D03370F4E77662002067620020A45B002007
S2140294E0044A13782BB1013BDBB213700BB9024A64
S2140294F01380704767620020A45B00200148FAF7D9
S214029500D5B800BFA45B00202DE9F0478046174679
S2140295100D468CB061B903AE00211B4811F007FC62
S2140295204FF000090446DFF860A01CB920461DE093
S2140295300E46F1E70022214624233046CDF800905D
S21402954011F08AFC082241463046F2F7B9FCA8B967
S214029550337C9BB96FB945B92A4621460A480DF0B5
S214029560BAFA0A4A1388013B138001200CB0BDE800
S214029570F0873B88B28953405B06ECD521465046BD
S21402958011F0F9FB0446D0E7065C0020045C0020DC
S214029590024B1888003818BF01207047045C002070
S2140295A02DE9F04330488DB0FAF770FB11F076FAE9
S2140295B02E4D2B68C41A4FF47A73B4FBF3F4A4B29C
S2140295C014B111F06BFA2860294F4FF6FF763B88EC
S2140295D0DFF8A080ADF80A3000233B8000210DF1B1
S2140295E00A000DF059FA054658B9224B1B882BB1D2
S2140295F04FF47A711C48714311F002F80DB0BDE8C1
S214029600F0834FF0000924234A462946CDF80090FD
S21402961003A811F021FCBDF81A30A34294BFDB1A4E
S2140296201B1B9BB2ADF81A3063B9BDF818301B0687
S21402963002D508980BF095FDB8F80030013BA8F863
S2140296400030CBE79E4228BF1E4601234A462946E3
S214029650009303A8242311F0FFFB4A462946384606
S21402966011F06BFBBAE700BF90470020F8560020C7
S214029670065C0020045C0020F0B504462E4A8DB03D
S2140296801068516801AB03C3A378012B4FD1162291
S21402969000210DF11A00F2F7C7F8D4F82110D4F819
S2140296A01D0003AB03C32388190644BF62680892F1
S2140296B0DA050BD5221D08AE04F1140735461068EC
S2140296C05168083203C5BA422E46F7D1ADF81830B3
S2140296D013F0040318BFA3690593EFF763F800239A
S2140296E0ADF81A00082201A903A88DF81C30F2F77B
S2140296F0E7FB18B106A903A80EF0F1F9002224210F
S21402970003A80DF080F9044698B10020FFF748FF41
S21402971000222146094811F010FB094A002013884E
S21402972001331380FFF73CFF00200DB0F0BD02208E
S214029730FBE71920F9E700BFD6D50300065C002038
S214029740045C0020F7B5044600200E46FFF728FF0B
S214029750104B1B88A34202D8212003B0F0BD002183
S2140297600D4811F0E4FA002501460B4F0029F3D00C
S214029770A54208D10024242322463046009411F044
S2140297806BFB2046E9E7384611F0F5FA013501464B
S214029790ECE700BF045C0020065C00200148F9F7F5
S2140297A085BF00BF065C0020014B1888704700BFCB
S2140297B0045C002070B50C4611460E4A23781278D7
S2140297C0064613F0200542EA0302227018BF611D06
S2140297D00822F2F77BF8002D0CBF05200D20D4F8E6
S2140297E00130B3602378337303F01803082B08BFE5
S2140297F0013070BD71620020042307B501200DEB15
S2140298000301054AFAF7BCFA019B044A1B031360DC
S21402981003B05DF804FB00BF63E511005448002066
S21402982010B5064C2368C3F30B0313B90448E3F7D9
S21402983033FC2068431C236010BD00BF5448002040
S21402984063E51100014B1868704700BF54480020BA
S21402985007B50020054B064A186004230DEB0301EA
S2140298600190FAF78DFA03B05DF804FB5448002025
S21402987063E511007FB511230A4A012001A9FAF710
S2140298807FFA094B9DF814201A70084B1B780BB10F
S214029890052B05D10BF0C4F9012007B05DF804FBD7
S2140298A00020FAE779EB0100706200207162002066
S2140298B02DE9F04F0646CBB08846008801211746B0
S2140298C010F0EAFD2E4B3A463188ADF8160006A88F
S2140298D00EF0A4F90DF1280B5A464146C4193088F9
S2140298E00EF026F9E4B208EB0003A34208BF0446D2
S2140298F005464FF004091CBFA4EB0804E4B2234655
S2140299005A460121CDE900090BEB050ACDF808B04D
S2140299102D1B06A8EFF776FBEDB20BEB04030093C4
S214029920019523465A46414630880EF02FF9348870
S2140299303946204605F01EFC394600F0F80220465D
S21402994005F02CFC0121308810F0A6FD01234A46C2
S214029950514680B10DF11600FAF7ECF801210446E3
S214029960BDF81620308810F0ABFDB4FA84F040093A
S2140299704BB0BDE8F08F3046FAF7DCF80446F4E761
S214029980F86200202DE9F04FC9B004468846924698
S214029990C118224A04A81F46FFF70CFF4FF004091D
S2140299A0C519EDB208AB0293A5EB0A0BA8EB0A03A6
S2140299B05FFA8BFBA8EB0506DBB2F6B204EB0A02F3
S2140299C0009301215B46CDF8049004A8EFF71AFB3A
S2140299D006F590730DEB03025A44A2F580721368E3
S2140299E008A844F80830E35D324623F00703E3553F
S2140299F02C442146F2F7A8F808ABCDE9019308AA51
S214029A0000230121009604A8EFF7FCFA324620460E
S214029A1008A9F2F799F849B0BDE8F08FF86200207D
S214029A20F8B506460EF0C7FF811C054689B23046D9
S214029A300EF0BEFEF0B1EDB12946304605F09AFBB7
S214029A401228074616D80C4B691C1C5C89B2304695
S214029A5005F090FB2C44052FE4B205D1052809D861
S214029A60064B1B5C1C44E4B221463046BDE8F84077
S214029A700EF09EBE0020F8BD2A9A0400249A040026
S214029A80F8B505460EF0C1FE044628460CF0A0FFC7
S214029A90A11C074689B228460EF08AFE00283ED050
S214029AA0002C3CD02146284605F064FB0646611C85
S214029AB0284689B205F05EFB0F2E30D8194B9B5D07
S214029AC0E118731E89B2092B0ED8DFE803F00905E8
S214029AD00D0D120D0D181E1EC40644BF083189B2A4
S214029AE0820601D5083189B22846BDE8F8400EF054
S214029AF05FBE7B78DB0612D501EB4001F3E700F090
S214029B001F0000EB40000144EDE71F2805D8092E90
S214029B100ABF4000022080B2F5E7C828E4D0002041
S214029B20F8BD00BF3D9A0400F8B506460CF050FF9B
S214029B3009220021054610F0B7FB00F11004284662
S214029B4011F091F8E4B207462146304605F012FBC2
S214029B500546304610F084FCBA05A0EB0403DBB2DF
S214029B600AD47C2D0AD0082D0AD8064A505D98429F
S214029B708CBF00200120F8BD1220F8E70320F6E78C
S214029B80FF20F4E74E9A0400014B1878704700BF96
S214029B908E6C002038B5114B04461B7808469BB9DC
S214029BA0012038BDA24205F101050FD103EBC10326
S214029BB05B6898470028F3D11E2022464FF6FF71B5
S214029BC011F01AF80020ECE70025054BE9B213F86D
S214029BD03120002AE6D11446EEE700BF8E6C002044
S214029BE0F49904004FF6FF7307B502220DF1060141
S214029BF00348ADF80630E3F78BFA03B05DF804FBD2
S214029C00603202E0002307B5ADF80430134B9842E9
S214029C1021D10B88DA0703D5232003B05DF804FBB5
S214029C209B0748BF4FF47F434FF002020C480DF1EA
S214029C30060148BFADF80430E3F73EFA4FF6FF736D
S214029C40BDF806209A42E7D10222054801A9E3F7A9
S214029C505FFA0020E1E72120DFE700BF1FD1BACA82
S214029C60603202E0002313B50222038004460DF19F
S214029C7006010F48E3F720FA2D2801D0112805D156
S214029C804FF6FF73ADF80630FFF7ACFF9DF80630CF
S214029C90BDF806201BB1238843F001032380002071
S214029CA0FF2A82BF238843F00203238002B010BD3E
S214029CB0603202E0034B1B78002B14BF4420562070
S214029CC00E307047716200202DE9F04F8DB0179C60
S214029CD006468946CDE90223BDF85870D588ADF808
S214029CE016103CB9EC0605D500970BF0CAF80DB075
S214029CF0BDE8F08FC5F380242B054FEA043448BF35
S214029D0044F40064A80511D544F080040A2E00F23B
S214029D106981DFE816F09A002F0017003700670106
S214029D206701370010009A0037009E00E90548BF19
S214029D3044F04004EAE74FF001084FF0020B4FF000
S214029D40000A14E008A95FFA89F00EF0A3F9DDF81C
S214029D502500DDF8291006AB03C3A44B33F81930EF
S214029D60ADF816304FF00008C3460DF1180A002F62
S214029D705DD125E006AA0DF116015FFA89F003F01F
S214029D8017FAEFE74FF6F773994540F22B8115F471
S214029D90026F40F02781964B1B78022B03D0043BC0
S214029DA0012B00F2218147BB032E4FF001080CBFA6
S214029DB04FF00C0B4FF0080BBA4624F4C074A4B252
S214029DC08C4B18884FF6FF73984206D08A49FAF7EA
S214029DD067FB10B124F48054A4B2039B3846009368
S214029DE0BDF81620534644F4027105F0EBF9ADF8BF
S214029DF02000002838D1192079E7384610F030FBC9
S214029E000246FFF757FF032E08BF0138824201DDE4
S214029E1038206CE7032E4FF001080CBF4FF00C0BF6
S214029E204FF0080B4FF0000A24F4C074A4B2029B51
S214029E301B889BB91A4639460620009308F0AFFEE7
S214029E400028BDD140F6014051E74FF00008C34656
S214029E5075E74FF001084FF0030B70E70023394611
S214029E601A4607200093E9E74FF6FF73614A118806
S214029E7099421CD00CF0ACFD03465E4A04301188B1
S214029E80039310F0F2FE5D49039B097814F4805F99
S214029E90D9715949574A1FBF086898604868D86000
S214029EA04FF6FF7313804FF0FF330B604B6059463B
S214029EB0029A08A805F03AFA00289CD0504C23785B
S214029EC0002B3CD1A7B1384610F0CAFA0746BDF8B7
S214029ED0200010F0C5FA23780744002B14BF122284
S214029EE00022EB1003F0040317443B44842B8FDC60
S214029EF015F400570AD0BDF8204020460CF06EFC40
S214029F0040F4806189B220460CF053FCA6F10803A7
S214029F10012B05D801221021BDF820000CF04FFCC1
S214029F20179BBDF8204043B32046BDF816100CF030
S214029F3099FCBDF82030179A00201380D7E6AA06AF
S214029F40C0D56B0103F020030A2E14BF43F00103B1
S214029F5063F07E03DBB2B8F1000F08D00021524650
S214029F60009108A800F082FE0028ABD0BFE61A4691
S214029F70514608A80DF07DFFF6E720460EF045FC98
S214029F80179B024621460420009308F008FE00288C
S214029F903FF458AF0A2E18D84FF4D963F340DB07C4
S214029FA013D5072E0AD00A2E08D0BDF820000DF0D1
S214029FB020FA80F00100C0B2800098E608A80BF0F4
S214029FC0CFFA0028F1D0042091E617B125F040051B
S214029FD0ADB22B463146BDF820005FFA89F201F099
S214029FE07DFE84E6012082E6162080E6D45A002012
S214029FF075620020146C00208F6C002028630020FD
S21402A00071620020F7B50F469DF828100446DDE978
S21402A0100B061D46F1B94FF6FF739C421CBF174B49
S21402A0201C804FF000041CBF154B1A70BDF82400AC
S21402A03005F012FA00232A46CDE9004339460620E7
S21402A0409DF82030FFF740FE10B90EB1AB7A3370A0
S21402A05003B0F0BD78B14FF6FF739C421FBF074BAB
S21402A0601C80074B1A7000220CF0CDFC0446002818
S21402A070DCD11920ECE72120EAE700BF146C0020AF
S21402A080286300202DE9F04788469DF828100746E9
S21402A09016461D469DF820A0BDF824900B9839B1AF
S21402A0A058B300220CF0AFFC044610B9192025E084
S21402A0B00C464FF6FF739D421FBF114B1D80114B7E
S21402A0C083F800A04FF6F7739E4208D80E4B4FF661
S21402A0D0FD761A784FF6FF73002A18BF1E464846CA
S21402A0E005F0BAF900233A46CDE90843314643461D
S21402A0F0BDE8F0470320FFF7E7BD2120BDE8F08763
S21402A100146C002028630020326200202DE9F047FC
S21402A11086B09DF838600546DDE90FA80C4617465E
S21402A1209946B6BB374B1B78022B1DD125BB4FF683
S21402A130F7739C4214D80026484605F08DF9002392
S21402A1403A46CDE900632146FF232846FFF7BCFDC9
S21402A15038B9B8F1000F04D0BB7A88F8003000E0B6
S21402A160012006B0BDE8F087043B012BDED9084685
S21402A1700BF0F3F910B31DB3022D31D1EEF7F4FA5A
S21402A180A042EDD9204B33F814204FF6FD739A42C5
S21402A19019E0BAF1000F32D01A4B1B78022B05D108
S21402A1A0FFF788FDB042E6D23820DAE7043B012BFF
S21402A1B0F6D908460BF0D1F90028F1D11620D0E7DF
S21402A1C04FF6F7739C42CBD8002EB4D0314600220D
S21402A1D050460CF018FC06460028ADD11920C0E700
S21402A1E0012DBDD104AA0DF10E01E0B202F0E0FF8E
S21402A1F0064B1B78A342B3D9BDF80E20C5E7212033
S21402A200AFE700BF75620020D45A0020606C0020C1
S21402A21030B5104B87B005460C461868596803AA35
S21402A22003C298680C4910609A88DB8852BA23F0F9
S21402A2304003ADF812300023CDE90043ADF81020FC
S21402A240FF23098803AA0720ADF80E50FFF73CFD4E
S21402A25007B030BD125C00201E5C002038B50C46EC
S21402A2601146124A124D108022682A6062686A609D
S21402A270A268AA60E288500616D5EA88520613D566
S21402A28061B1002218460CF0BEFB014650B1608850
S21402A290FFF7BEFF0522074B1A7038BD08460EF0C0
S21402A2A0F5F9F2E71920F5E70220F6E71E5C002032
S21402A2B0125C0020386300202DE9F04F074689B073
S21402A2C0104615461C468A460EF09FFA0146284658
S21402A2D004F050FF064628460CF07AFB043010F0D5
S21402A2E0C2FC80460CF005FD804550D0B2074ED128
S21402A2F0DFF8AC80284605A9B8F800B00EF06CFB73
S21402A3009DF81930A8F8007003BBBDF81430EBB9FD
S21402A31028460CF05DFB023010F0A5FC4FF6F773F2
S21402A320984294BF4FF000094FF00109012301340F
S21402A330E4B22A463846CDF8009005A9039303F006
S21402A34001FC039B40B901339C421ED20020A8F8B0
S21402A35000B009B0BDE8F08F022CF8D1012BF6D17F
S21402A3600C4A0D4BA3F800A01378591C11700B4A27
S21402A3707F3B16F00C01137007D1BDF81A305B064E
S21402A38003D5BDF81600FFF743FF0223D1E70020EE
S21402A390DFE700BF73620020146C002028630020F1
S21402A3A01E5C00202DE9F04FABB00F46ADF81E0044
S21402A3B00CF00EFB00F1020A0646504610F053FC63
S21402A3C0BDF81E40054620460EF01FFA01462046FE
S21402A3D004F0D0FE814600F00308301D10F043FC66
S21402A3E0414C20800CF085FCA8422DD04FF6F77326
S21402A3F09D4229D87378DA0726D428460DF0BFFF87
S21402A40030B101232946BDF81E202088FFF754FFED
S21402A4100CF06FFC344B1B8883420FD1BDF81E40F4
S21402A42020460EF0F2F90146204604F0A3FE10F094
S21402A4300C0103D1BDF81E0001F00EFD00222B4BCD
S21402A4401A602BB0BDE8F08F2949BDF81E000EF049
S21402A450C3FA2849BDF81E000EF021FA0028254B43
S21402A46008BF0023214ABDF81E0013600CF03CFA18
S21402A470214B1870BDF81E000CF03BFA1F4B1870EB
S21402A480BDF81E000CF040FA1D4B186000238DF834
S21402A4902230002F3AD0164BDB889B0636D5194B56
S21402A4A01B689D071ED4B8F1010F14BF082318239A
S21402A4B00DF12202009200220DF11E00114600F05C
S21402A4C0D5FB18B3B8F1010FA2D10F4B1B78112B95
S21402A4D09ED10DF06DFD00289AD140F61D40FBF787
S21402A4E00FFB95E70823E3E71E5C002000570020D9
S21402A4F0125C0020206300201B6300201A630020E9
S21402A500EC5600206448002075620020504610F089
S21402A510AAFB8246BDF81E000FF0A2FFA0F11005AE
S21402A520EDB22A4631460AA8F1F70EFBFF238DF854
S21402A5302F304FF6F7739A4540F2DF80B8F1010FDD
S21402A54000F0E780B8F1020F00F04681B8F1000F84
S21402A5507FF45EAFA44DBDF81E00EB88ADF8240074
S21402A56004930CF035FABDF82460074630460EF028
S21402A5704CF90146304604F0FDFD8DF82300B81C68
S21402A5807E7810F070FB07460CF0B3FB06F001066F
S21402A590B4F8009003906C88002E7FF439AF4FF623
S21402A5A0F77A4246494657458CBF0620082010F0E7
S21402A5B023FBBDF824B058460EF027F9594602464A
S21402A5C043460420CDF8008008F0C6FA5745834675
S21402A5D00AD8B5F90620EB88002A05DB580603D50B
S21402A5E041462046FFF714FEBBF1000F3FF410AFC2
S21402A5F02B88002B5AD16B79002B57D14FF6F77365
S21402A6000DF126019F42BDF8240094BF4FF0000BC7
S21402A6104FF0010B0DF09DFDDFF8D8A100F1FF38D9
S21402A620BAF800301FFA88F10593EB88BDF82600C9
S21402A630069304F09FFD069B049901900093224620
S21402A6405B460598C1F340110AF094FF00283FF4D8
S21402A650DFAE042306200093BDF82610624B5FFA95
S21402A66088F208F079FA00283FF4D2AE48F20203E4
S21402A6706A889A4205D1BDF82410BAF8000000F0A4
S21402A68025FF594D09AA29460DF123000AF070FF4D
S21402A690034600287FF4BCAE2104BAF80000BDF8D9
S21402A6A0242060D5234629460DF068FD9DF8233008
S21402A6B04D4D03F00C030C2B75D128890DF029FDA6
S21402A6C000283FF4A5AE039B002029894B4514BF02
S21402A6D00226032602F044FC444B18704FF6F7732A
S21402A6E09F42BDF8240075D8A4F138025342534164
S21402A6F032463D4904F036F88AE6B8F1020F6BD0CE
S21402A700394BB3F90630002B26DAB8F1010F7FF485
S21402A7101DAF0CF0EEFA238883423FF479AE052093
S21402A720BDF81E10FFF736FA00283FF471AE2E4A27
S21402A730D3885B0607D50023CDE900330A20FF2322
S21402A7402188FFF7C1FA3A469DF822302188BDF8E3
S21402A7501E0002F01DF85BE629460AA800F070F813
S21402A7600028D2D054E60221DFF88C8088F8001048
S21402A7702946CDF800B003F0E5F9132C96D0EB8805
S21402A7805D0493D41A4B1B78D80703D598F800209B
S21402A790022A8BD099077FF53BAE98F80030012B42
S21402A7A07FF436AE82E700222B79124800936B794B
S21402A7B01146008802F0FCFB0C4B18709DF8233003
S21402A7C003F00C03082B89D1039B4B4514BF0426C8
S21402A7D0052683E701238BE74846BDF81E2002497B
S21402A7E001F0AEFA14E600BF125C002037630020C8
S21402A7F0366200201E5C00202963002010B500216E
S21402A80008480CF049F9044650B101460420FFF707
S21402A810C1F928B12046BDE810400121FFF7C2BDAC
S21402A82010BD00BF025C0020034BFF211A780348CC
S21402A8309200F0F7F9BF00BF616C00201C450020B3
S21402A84070B5451804464FF0FF31AC4212D1104B9A
S21402A85010481A7805460023934211DB0E4C2078E6
S21402A860431CB3FBF2F602FB163345F820102370A6
S21402A87000200CE014F8010BE1F79EFD0146E4E728
S21402A88050F8044BA14201D00133E5E7012070BD28
S21402A890616C00201C4500202A630020042307B5B3
S21402A8A001200DEB0301054AF9F76AFA019B044AF7
S21402A8B01B03136003B05DF804FB00BF23E1110025
S21402A8C0FC560020014B1868704700BFFC5600205B
S21402A8D0014B1868704700BFFC56002010B5064CA6
S21402A8E02368C3F30B0313B90448E2F7D5FB2068C9
S21402A8F0431C236010BD00BFFC56002023E111005C
S21402A9002DE9F04F93B003930023DDE91C790693FB
S21402A91099F8003083460DA804930E4615460AF0B1
S21402A920B7FA99F8003013F003043ED0039B0DF1FA
S21402A930250A8DF824300022082138460CF067F9E3
S21402A940002870D028880CF043F899F800301C07CD
S21402A9504CBF0430023010F086F907A98046F9F79A
S21402A9609FFB9DF824300446980633D5288806F1C6
S21402A9700D010DF01DFFA8B10023009338460823F1
S21402A9802988721D10F068FA99F8003003F018034F
S21402A990182B4AD1B8F1000F47D0A94BB3F868304C
S21402A9A0434542D040F60A4327E02888711D0DF041
S21402A9B0FFFE0028F6D0009405233246298809A80F
S21402A9C010F04AFA9DF824300DF1240A03F0180319
S21402A9D00393B0E714BB39464046F9F761FD0028F9
S21402A9E0D2D099F800309907DCD04023224621467F
S21402A9F040460DF06AFC40F6094399F8002012F032
S21402AA00030440F0F780288803930BF044FF2246A5
S21402AA1001461A2010F0F0F8039BEBE007AB03CBDD
S21402AA2038607960B0E74FF6FF780AF086FD044694
S21402AA3020B104213846F9F74FFB04461E9B002B33
S21402AA405AD009231E990DA88DF834300AF09AFBC5
S21402AA50209B0BB1209B0693039B002B40F08E801D
S21402AA600DA8EEF731FB99F800309A0700F09880AF
S21402AA70FFF734FF5146024601200AF0A8FD99F876
S21402AA8000309B0710D5594628880DF06BFF0BF156
S21402AA90090350FA83F35FFA83FB594628880DF0C0
S21402AAA038FF00EB0B06F6B299F8003013F0C20F2F
S21402AAB00AF104030DD09DF82420624942F02002D8
S21402AAC08DF824200A68CAF804204A685A600AF1F7
S21402AAD00C03012209A800921B1A324629889BB24F
S21402AAE010F0BAF9324659462846FEF7E1FE00282B
S21402AAF000F0A48000237DE01F9B5BB19E460DF113
S21402AB00340CBEE80F00ACE80F00DEF80030CCF8DC
S21402AB1000309DE7049B594603F0200328880493DF
S21402AB2004F028FB10F0030F0CBF0123002305934B
S21402AB30049B059A003B18BF012342EA4303009395
S21402AB400DAA06AB38461F9900F0FEFA049A034691
S21402AB5082B1002880D0059B0DAA0093384606AB2A
S21402AB601F9900F0F1FA034699F8002022F020021D
S21402AB7089F80020002B3FF46FAF3EE7039B102BB3
S21402AB8006D1BDF8363043F00103ADF8363067E73C
S21402AB90039B182B4FD1BDF8363043F00203F4E77F
S21402ABA001200DF125010AF020FD99F800308246B9
S21402ABB013F0040F288821D1069B1BB3002C35D036
S21402ABC00BF069FE00220146162010F015F884B13B
S21402ABD07FB14FF6FF7398450BD000230DA91A4696
S21402ABE038460AF0E0FB394640469DF835200AF022
S21402ABF0BAFC0123184613B0BDE8F08F002CDFD153
S21402AC00104F01E0002CDBD1002332460093594658
S21402AC103B460DF02EF800283FF4C4AE002C3FF45D
S21402AC2069AF069A0AF10103136063E71B6853458E
S21402AC30C6D80124E8E740F60A43DBE71923D9E73A
S21402AC40E4550020F8620020002307B5054A0648AE
S21402AC50136004220DEB02010193E2F759FA03B0E6
S21402AC605DF804FBFC56002023E111002DE9F04FAD
S21402AC700446B1B000888DF82F3016468A460DF08D
S21402AC80C4FD0146814620880DF043FE00EB09080C
S21402AC9020880DF090FE00239DF82F505FFA88F86A
S21402ACA015F001070790ADF8363008D101460DF1D0
S21402ACB0360220880DF036FD08B1ADF8367016B9AA
S21402ACC0CDE90E660EAEFEF763FC18B145F0200520
S21402ACD08DF82F500023CDE9033302930DF12F0395
S21402ACE0CDE900632246534641464846FFF708FE32
S21402ACF00546002800F043819DF82F3013F0010727
S21402AD0046D1B44A23F02003106851688DF82F30DC
S21402AD1010AB03C3184600F0FBF90546FEF744FDE8
S21402AD20BBB2984200F2B7803A9B13B100233A9A1C
S21402AD301370BDF83630CBB1012120880FF0ACFB82
S21402AD4027880546002800F04F81012138460FF07B
S21402AD50A3FBBDF83670054638460FF081FB00238C
S21402AD6000903A46194628460DF05FFC0023CDE9CE
S21402AD70033302930DF12F03CDE9006322465346B7
S21402AD8041464846FFF7BCFD0546002800F0F7801E
S21402AD909DF82F3003F01103102B40F003818E4BE9
S21402ADA01B78432B40F0FE808C4B1B685B0640F101
S21402ADB0F980208808F105010DF0FAFC8346002888
S21402ADC000F0F0804146208804F0D4F9844B10F05D
S21402ADD0200F08BF1E4612A800F09AF90822314634
S21402ADE012A8F1F76DF8002800F00E81314612A87D
S21402ADF00AF082FB012326AE00933246002314A9F2
S21402AE0012A800F0A1F9002840F0CC8012AB0DF198
S21402AE102F07CDE90360029000932246534641462F
S21402AE2048460197FFF76CFD002800F0EF80BDF85A
S21402AE309A30102043F0080318AA14A9ADF89A30E5
S21402AE400CF0EEFD002840F0AD8012ABCDE90360B9
S21402AE50CDE9017000932246534641464846FFF725
S21402AE604FFD0546002840F09D8018AB4FF49071C8
S21402AE70002012AA00F0D4F84FF0005100200DF086
S21402AE804CF8BBF1000F00F08C804FF08051002090
S21402AE900DF043F885E018AB14AA26A9F8B20AF01A
S21402AEA0D7FA002840F09480082210A927A8F1F7C4
S21402AEB007F88346ADB19DF8A53013F0020F08934C
S21402AEC00FD0082212A927A8F0F7FAFF48B9089B64
S21402AED0590706D53A9B13B101233A9A137008957F
S21402AEE007E03A9B002B61D1BBF1000F70D1002323
S21402AEF008930DF1740C14AB0FCB8CE80F00BDF861
S21402AF003630CBB1012120880FF0C6FAB4F800B073
S21402AF1000284FD0012158460FF0BEFABDF8362061
S21402AF208346104609920FF09BFA00231946099AA7
S21402AF30009058460DF079FB2A4B0DF1740B0493E2
S21402AF40002303930DF12F03CDE9006322465346F7
S21402AF5041464846CDF808B0FFF7D2FC002837D164
S21402AF60002D33D012AA5B464FF482714FF4005084
S21402AF7000F056F8089B13B126A80AF084F8174B7F
S21402AF801B689A070DD4FEF703FB50B1114A18ABA3
S21402AF901068516803C3002226A918A80CF063FDA6
S21402AFA068BB0025284631B0BDE8F08F00233A9AE8
S21402AFB0137099E7BDF836200A90104609920FF0F2
S21402AFC04FFADDE9092307990090B2E72A46CAE755
S21402AFD00137A3E6D6D50300756200206448002038
S21402AFE04E56002060480020BDF836B058460FF096
S21402AFF037FA2B4600905A4638460799B4E626A9F1
S21402B00018A80CF06CFDC6E78346F3E614AB2DE7F2
S21402B01001461A230120014AF8F7B2BE24E10100D4
S21402B020F0B5164691B0074609A80D461C46FFF72E
S21402B030EFFF3EB1336845F04005CDF82630736821
S21402B040CDF82A301B4B1A6822EA070242EA0501AB
S21402B05019604B040DD5BDF824200B0A03F4E24315
S21402B060C9B222F4E3420B4322F07F021343ADF847
S21402B07024301A230020104A09A9F8F781FEB4B139
S21402B08004A809F005FF02236A468DF8103015461B
S21402B090234604F11006144618685968083303C498
S21402B0A0B3422246F7D1294604A80AF06BF811B03B
S21402B0B0F0BD00BF6448002024E1010047F2FF1003
S21402B0C0044B196841F48042014041F480411A6001
S21402B0D00CF023BF6448002000B589B0FEF7CAFB17
S21402B0E001A8FFF795FF0948BDF80420016813027E
S21402B0F021F0FF0103F4E2030B43D2B2134343F4FD
S21402B1008043036009B05DF804FB00BF644800207A
S21402B11010B50C4B0446186888B0830706D54FF066
S21402B120FF3323600120636008B010BD10F04000BA
S21402B130FAD001A8FFF76CFFDDF806302360DDF8D1
S21402B1400A30EFE7644800202DE9F04F99B08146B7
S21402B1500C461E4617469DF88880A2B1154628461C
S21402B16009F096FE18F0020B0FD004B911AC6B462C
S21402B1702246294648460AF049F90EB100233360B2
S21402B18019B0BDE8F08F0CADE9E76B462946484694
S21402B19004AA0AF008F96B7808F00108FF2B25D0FC
S21402B1A000287AD154B104AB08AF1A4603CABA4291
S21402B1B020606160134604F10804F6D126B16A786D
S21402B1C0374B03EB82033360B8F1000F01D1002046
S21402B1D0D6E7BDF80030D906F9D418204FF6FF712D
S21402B1E06A780FF009FD40F60E40C9E7DFF8B8A00E
S21402B1F0DAF800302EB19A0756BF2A4AC6F800B0CF
S21402B200326003F03003102B01D0202B1ED111A880
S21402B210FFF7FEFE082248460DF14601F0F750FE03
S21402B22028B1DAF8003003F04403402B0ED0B8F110
S21402B230000F0ED108A80CF074FE02232B70C4B9BE
S21402B240002FC4D0281DFFF763FFC0E740F60A4070
S21402B25096E7DAF80030DB03ECD508A80CF061FEBE
S21402B26002232B70BCB9002FB7D0281DFFF750FF62
S21402B270B3E7002608AB0CAF1A4603CABA422060F0
S21402B2806160134604F10804F6D1281DFFF740FF5B
S21402B290002E9CD0A1E70126ECE72D2070E700BF28
S21402B2A078440020604800206448002049B9084BD2
S21402B2B0197849B14EF66023594328B105480FF074
S21402B2C09FB941F28831F8E70248F8F7DFBC00BFC1
S21402B2D034620020B047002070B586B00546F8F705
S21402B2E0C3FD10B9022006B070BD01A8FFF710FF1B
S21402B2F006460028F6D08DB92E4B1C6814F00204C0
S21402B30006D02D4B1B78112BECD12C4BB3F8684092
S21402B3104FF481630221ADF80C3023E02846F9F79A
S21402B3202DF90028DED1234B1C6814F0020406D047
S21402B330214B1B78112BD5D1204BB3F8684008223D
S21402B340294601A8F0F7BCFD0028E1D04FF40273AD
S21402B35000260A21ADF80C302B68CDF80E306B684B
S21402B360CDF81230002203A80BF04DFB024608B9B6
S21402B3701920B8E70F4B196801F03003102B17D0CD
S21402B380202B14BF01230323490001F004010B43C1
S21402B3902046002100F0F4FF0028E9D00021012019
S21402B3A0FFF784FF16B10122054B1A7000209AE7B8
S21402B3B00323E9E76448002075620020E455002074
S21402B3C01F63002030B500251D4C85B0CDE9005521
S21402B3D0F8F75CFC23784BB31A491B480A780078C6
S21402B3E0904223D90132012B0A700ED12A464FF41D
S21402B3F0A071284602F0BEFAC0B2B8B941F288314E
S21402B40012480FF0FDF805B030BD022B09D12846D0
S21402B41002A9F9F745F80028EED102A8FFF75CFF6B
S21402B420EAE7032B02D101F065F9E5E700210846B9
S21402B4302170FFF73BFF0421684609F097FCE2E71C
S21402B4402B6300202C630020976C0020B04700205E
S21402B45070B5194A194D04465168106886B02E78A0
S21402B46001AB03C31EB10224204606B070BDF8F736
S21402B47045FD0228F7D103A800F0E8FD082201A93D
S21402B4800DF10E00F0F71CFDA0B10D4B32464FF445
S21402B490A07130461C7002F06DFA04460028E3D113
S21402B4A00123084A41F2883107482B7013700FF0C7
S21402B4B0A7F8D9E72324D7E7579A04002B6300207E
S21402B4C0976C00202C630020B0470020F0B50C4695
S21402B4D000219BB02B4F0646492207A80691F0F79B
S21402B4E0A3F93B78012B34D19EBB0DF10E01204609
S21402B4F00CF02FFE0546BDF80E000EF0B1FF441B01
S21402B500E4B2BDF80E1023462A46009606A80FF0AF
S21402B510A3FC304604A9F8F7C3FFD0B9CCB19DF816
S21402B5201920B2B9BDF8233003F47E43B3F5285F81
S21402B5301ED3B3F5385F0ED31349BDF80E000B6861
S21402B54043F400030B60294609F0F0FF18B1042308
S21402B5503B701BB0F0BD01220C4B04A81A70FFF71B
S21402B560BBFE41F288310A480FF04AF80223EFE7A1
S21402B57011463A70FFF79AFE1E2104A809F0F6FB60
S21402B580E7E700BF2B630020644800202C630020FE
S21402B590B0470020014B1870704700BF2C63002094
S21402B5A0014B1878704700BF2B630020014B1870C0
S21402B5B0704700BF2B6300202DE9F04F04464088F9
S21402B5C091B00E298846ADF81A0074D094F8089007
S21402B5D0A7790BF0FDF909A90546BDF81A00E67928
S21402B5E00DF0FAF9BDF81A000BF0F8F8430542BF61
S21402B5F0BDF82A3043F40053ADF82A30E379D80672
S21402B60042BFBDF82A3043F48053ADF82A30BDF865
S21402B6102A30990613D5022F52D10CA9207A0CF0A3
S21402B62039FDDDF83500DDF8391007AB03C307AA8C
S21402B6300021042300910DF11A00FFF717FB0121E8
S21402B640BDF81A000EF028FF022F824644D1454B61
S21402B65033F81950B8F1000F79D0BDF82A305A06DF
S21402B66075D54FF6FB72954271D83F4AB2F86820FC
S21402B670AA426CD0DB0502D528460CF051FEBDF876
S21402B6802A30D80463D5002F33D1BDF81A000BF048
S21402B690A5F8C10663D548F23403BDF826209A42BF
S21402B6A009D1324E3078FF2805D003222946FCF70E
S21402B6B02BF9FF2333700023236011B0BDE8F08F0F
S21402B6C0012F01BF237A2A4A03EB430302EB8303CB
S21402B6D014BF00229A1CABE7012F05D10C2303FBF3
S21402B6E009F3234AD55AB5E7A81C0FF0BCFA05465B
S21402B6F0B0E7284601F07CFDBDF81A000BF06EF8A4
S21402B700C206C8D46389504605930EF0A9FE834646
S21402B71050460EF089FE059B02905FFA8BF04A4671
S21402B720394601900093404609AB09F0B7FAB8F1E2
S21402B730000F14BF0B20092016F0030218BF02F1F7
S21402B740FF32294618BFD2B20FF056FAA3E7BDF869
S21402B7501A000BF043F8C3069DD4002FD2D1A94697
S21402B760D0E700BFD45A0020E45500209B6C00208E
S21402B770145A002038B500240F4B104D2A78A242E6
S21402B78005D8C2B9BDE838400D48F8F77FBA5988DF
S21402B79069B9013AD2B2A2422A70EFD0121B1846F9
S21402B7A003F110011201F0F791F80346E6E70134BF
S21402B7B01033E4B2E2E738BD7C4400202F63002059
S21402B7C0506B002070B51A4B1A4A1D780023DCB263
S21402B7D0A54200D870BD144666880133864202F13F
S21402B7E01002F4D1E379A588E16003F040028DB936
S21402B7F0CAB123F00403E3710BF0EAF8037803F00E
S21402B8007F03037021880029E4D1BDE870400A480E
S21402B8100EF0F6BE00216580A180002AE9D1BDE8BF
S21402B8207040FFF7A7BF2046FFF7C6FEF7E700BF48
S21402B8302F6300207C440020506B00202DE9F04747
S21402B840044686B040880F4615460BF0C1F8A37929
S21402B8508046082B52D8DFE803F0052E18515151C6
S21402B8605151050002300FF0FEF9002D4ED0694608
S21402B870F8F716FE002841D1684601F063FDB0FADB
S21402B88080F0400906B0BDE8F08702A9207A0CF0E5
S21402B89001FC6B466E46DDF80D00DDF81110334AEA
S21402B8A003C3237A32F81390314AD05C75B131461D
S21402B8B00CF014FCE6E7237A2E4903EB430301EB74
S21402B8C0830231F82390907A961CEFE74FF6FB7AC4
S21402B8D0D14515D930460CF04BFD4FF6FF73984212
S21402B8E0054615D00146304601F09EFC554508D95E
S21402B8F0E379DA060ED440F62243E3600020C1E77D
S21402B9004D46294608F102000FF0AFF90120B9E7CB
S21402B9104D46EDE74FF6FC78454512D103F00C0391
S21402B9200C2B1CD1DFB130464FF6FD7101F07CFCCA
S21402B93040F61F412046E160FFF73EFEFFF71AFF82
S21402B940DCE74FF6FD739D4209D1002330461946C7
S21402B9501A4602F0DBF84146304601F065FCE37910
S21402B96043F00C03E37140F62343C6E7D45A0020A3
S21402B9703B620020145A002073B5044640880E46E7
S21402B9800BF026F802300FF06EF909F0E6FD18B15A
S21402B990A11C201D09F0E6FDE6B1E5790135EDB200
S21402B9A0E57115F0400514D0ECF7D8FE01220546E5
S21402B9B000212046FFF742FF18B1394B1B882B4463
S21402B9C09DB2384B1B78042B01BF354B1B885B1985
S21402B9D09DB22580002231462046FFF72FFF20B376
S21402B9E060880AF0F5FFE2792F4922F00C03E37132
S21402B9F00B7805460133DBB20B70C3712B4BA61CCA
S21402BA001B780BB3E37998061ED52949097871B1DC
S21402BA1059060CD592070AD5002204231146304651
S21402BA200092FFF723F910B1E06002B070BD002269
S21402BA300123114630460092FFF718F920B1E37948
S21402BA4043F00303E371EFE7304609F089FD00286F
S21402BA50EAD16088FCF7C0FA0328E6D8DFE800F0EF
S21402BA60020D1D19E37943F00403E3711B06DCD5CE
S21402BA70104B1A78104B1A70D7E740F62443E3604F
S21402BA80E37943F00803E3712B7803F07F032B700E
S21402BA90CBE740F62543E360C7E740F62643FAE7DE
S21402BAA0EE6B002076620020736200207162002036
S21402BAB0986C0020396200202E6300202DE9F74F93
S21402BAC006460EF0E6FF5F4B0546B3F80090188078
S21402BAD05D4BA0EB09041B78A4B2A34298BF0023D7
S21402BAE04FF000084FF6FF7788BF1B1B564A88BFE9
S21402BAF0DBB21370DFF864B1A9EB00030093534B7B
S21402BB005FFA88F2197891420ED80EB1FFF732FE2C
S21402BB104FF6FF739F4200F08E8039464C4803B0C2
S21402BB20BDE8F04F0EF06CBDBBF80220002A3CD0F8
S21402BB30484B9BF807201878BBF800A0042818D0BA
S21402BB400020BAF1000F08BFA2462044504523D277
S21402BB50BBF80010009B1944ABF80010002E4ED024
S21402BB6002F04802482A4AD100215846FFF704FF4D
S21402BB7045E00192F8F704FC30F01003019ADFD199
S21402BB80FBF746FC344B019AB3F800C08445D7D97C
S21402BB90ACEB000080B2D4E702F00C00042807D118
S21402BBA00022ABF800200BF1100B08F10108A6E703
S21402BBB0510602F0030C02F008000ED528B3BCF1C1
S21402BBC0030F25D1DEB1DBF80C105846002908BF5A
S21402BBD04FF44261FFF7F0FC11E040B3BCF1010FF5
S21402BBE025D11206EED44FF4C862ABF800209BF8BB
S21402BBF0072022F0030242F002028BF80720BBF86D
S21402BC000020974228BF1746CDE703208445D9D2A5
S21402BC1013060ED50C4B1A780AEB0200844208DA99
S21402BC204A44521B0AEB0201ABF80010E7E7012078
S21402BC30ECE7012199E7064803B0BDE8F04FF8F7B4
S21402BC4025B800BF085C00202E6300202F6300206A
S21402BC50506B002076620020EE6B00207C440020B1
S21402BC60F8B500250A4E0B4F3378ECB2A34204D83F
S21402BC70BDE8F8400848F7F719BD07EB0414A01C06
S21402BC80F7F714FD201DF7F711FD0135ECE700BFAD
S21402BC902F6300207C440020FE5B002070B5002449
S21402BCA00B4D0C4E2B78A34208D81B1BDBB22B7015
S21402BCB06BB9BDE870400848F7F7E8BF06EB04101A
S21402BCC040F621410134FFF777FCE4B2EAE770BDA3
S21402BCD02F6300207C440020506B0020F8B5154EE0
S21402BCE0DFF858E035789EF800E0134FAE454FEA8D
S21402BCF0051C07EB051419D0002503F4835343EA09
S21402BD001323A1712272E371608027F80C50A5807C
S21402BD1003F0A8FB40F60243E36033786081013308
S21402BD2028463370FFF7CAFE2846F8BD40F60340A1
S21402BD30FBE700BF2F6300207C4400205F6C0020DE
S21402BD402DE9F04F344B0D461C78174685B05CB98A
S21402BD50B1F90680DFF8C890DFF8C8A0DFF8C8B0EF
S21402BD6099F80030A34202D805B0BDE8F08F0AEB7E
S21402BD700416B08800B9708801A90CF02DFEAA7AC4
S21402BD809DF80E309A4244D1B8F1000F0FDA297AA4
S21402BD909DF80C202B89914209D820480078084447
S21402BDA0824236DA521A1B0A1341D90731D538466F
S21402BDB00CF001FEBDF80A3004469A0602D5EB885E
S21402BDC09B06D1D5F37903F00C03042B08D17088B7
S21402BDD0F9F786FD00237288194618460CF0C2FA57
S21402BDE000213046FFF7E8FBFFF7C4FC38460EF0AA
S21402BDF037FB844208D2337A01228BF80030294678
S21402BE000023384602F0AEFCB8F1000FACDA00248C
S21402BE10A6E70134E4B2A3E72D6300205E6C00209F
S21402BE202F6300207C4400203763002008B50EF004
S21402BE3030FE074B1B88C01A80B2B0F5807F05D94A
S21402BE40BDE80840002103480EF0DABB08BD00BF7B
S21402BE50085C0020506B00202DE9F04788B00446AD
S21402BE600D460CF0D2FC0146204603F083F910F092
S21402BE7003035FD110F00C0F06D12946204608B006
S21402BE80BDE8F047FFF79EBC20460AF0A7FCC306B3
S21402BE9038D420460CF0B9FC0146204603F06AF975
S21402BEA0064620460AF094FD804602300EF0DBFE7F
S21402BEB005A9074620460CF08FFD06F00C0698F8FA
S21402BEC001300C2E0CBF4FF003094FF0060901217A
S21402BED013F0010F204618BF4FF003090EF0DCFAEC
S21402BEE0174B80461B88A3420FD1B5FA85F040094E
S21402BEF0FBF748FC20460AF09FFC0022014607207A
S21402BF000EF07AFE08B0BDE8F08703F0ABFA824680
S21402BF1040460EF0A5FA064640460EF085FAF6B200
S21402BF2002903A4649462846CDE900A605AB08F0F7
S21402BF30B5FEDFE7012BE5D110F00C0FE2D19CE74E
S21402BF40FE5B0020002210B5094B1C78094BD1B2CB
S21402BF508C4201D8002010BD197A814202D199790B
S21402BF60022902D010330132F1E70120F3E700BFC5
S21402BF702F6300207C4400200146002210B5084BA7
S21402BF801C78084BD0B2844201D8002010BD187A23
S21402BF90884202D198790128F8D010330132F1E7AD
S21402BFA02F6300207C440020002210B40A4B1C7829
S21402BFB00A4BD1B28C4203D85DF8044BFFF7DABBCA
S21402BFC0197A814205D19979012902BF0021198087
S21402BFD0598010330132ECE72F6300207C440020A6
S21402BFE0024B1878003818BF012070472F630020D4
S21402BFF0044B1B6813F0300F03D0202130200BF0C7
S21402C0008CBF704764480020002310B504460849D8
S21402C0101A4601EA00414FF07F60FFF701F8E30796
S21402C02003D5002130200BF078FF002010BD00BFA2
S21402C03000007207044B5B8823F4784323F08D03D9
S21402C04003800020704700BF6448002008B5002225
S21402C0500346C3F80220C3F806200B4A02301268D1
S21402C060D1B212F0200F18BF41F0100119809307C9
S21402C07001D4FFF74DF8054B1B78023B032B8CBF10
S21402C0801720002008BD00BF64480020756200200B
S21402C09038B505460C46FDF7EDFB98B10E4B187801
S21402C0A078B10E4B1B681A040FD58CB113F0420FF1
S21402C0B000D17DB103F44073B3F5407F0CBF00207E
S21402C0C0232038BD40F60840FBE740F60B40F8E771
S21402C0D02046F6E72320F4E7716200206448002039
S21402C0E0F0B504468DB007A80D46164608F0D0FEF9
S21402C0F01022002103A8EFF797FB5CB1234603AC9E
S21402C10003F11007224618685968083303C2BB4277
S21402C1101446F7D1012703A986EA070307A88DF874
S21402C1201C708DF81D3009F01EF880EA070401A87D
S21402C130E4B2EDF727F8B6B101A88DF80650EDF790
S21402C1404DF864B1002303A907A88DF81D3009F045
S21402C15019F80C4B1B78432B01D1F9F7DBF80A4B85
S21402C1601D700DB0F0BD01A88DF80750EDF736F83A
S21402C170002CF6D003A907A88DF81D7009F002F866
S21402C180EFE700BF7562002070620020F0B501255F
S21402C19093B007460DA80C4608F07AFE05A90DA82E
S21402C1A0ADF8345009F009F801A8ECF7EBFF09A93D
S21402C1B00DA88DF835509DF8066008F0FEFF0DA814
S21402C1C09DF8075008F08FFF70BB731BDBB2802B05
S21402C1D028D91FB1A64225D0A54223D105A90DA86C
S21402C1E008F0D0FF03A8ECF7CDFF03A88DF80F6088
S21402C1F0ECF7F4FF0122294609A8FFF771FF0AF0BF
S21402C20072FF01214FF400700CF097F8FDF71AFB4D
S21402C210B0F1004F01D9FDF71BFB044B187808F06C
S21402C220A3FD012013B0F0BD0020FBE770620020E2
S21402C23070B50E46144605460320FFF7B7F946F0DA
S21402C24004022946204608F0F7FF0022014B1A6036
S21402C25070BD00BF60480020F0B587B0078805466D
S21402C2601022002102A8EFF7DFFA3E4B1B78002BC4
S21402C27076D1BC055ED407F08403842B63D00022FB
S21402C280394C11461046FFF72BFF17F4045F276060
S21402C29005F102061CD0B9040AD5304602F09CFA13
S21402C2A000284ED1236823F4005343F4807323609E
S21402C2B030460BF0AEFE002842D108F0E7FD18B972
S21402C2C0236843F480332360236843F0200323600B
S21402C2D022680DF1060042F400432360FFF7AAFE2F
S21402C2E012F4805FBDF8063031D043F02003ADF87B
S21402C2F006302168334611F0400218BF05F12302CA
S21402C3004FF07F60FEF78CFEBDF80630DA0703D5E5
S21402C310002130200BF001FE23689B0506D5012282
S21402C32095F8221005F11200FFF7DAFE00200F4BF7
S21402C330186006E005F112000BF06BFE00289AD09A
S21402C340292007B0F0BDB80799D52320F9E723F0D6
S21402C3502003ADF80630FDF77BFAFEF775FCC8E75A
S21402C3600220EEE775620020644800206048002044
S21402C370024B1868C0F30050704700BF64480020A4
S21402C3802DE9F04F064689461046002189B015462B
S21402C390984602F0EFFE102807460AD86A4B034179
S21402C3A0DB0706D4C8F340049DB9002009B0BDE8F7
S21402C3B0F08F664B1C78002CF6D0FFF7D9FF0028CA
S21402C3C00CBF4FF4F0744FF4D074FC4004F0010438
S21402C3D0EAE74FF0000A18F0010F53465246294684
S21402C3E04FF00500CDF800A00CBF4FF0080B4FF43D
S21402C3F0027B06F0D4FB0028D7D0C823324600932F
S21402C40059465346284602F0DDFEADF80E000028D7
S21402C410CBD018F0080A4AD14FF6F773A7F10F02ED
S21402C420D2B29E428CBF09230123012A01D843F0CF
S21402C4304003474A8DF810301378591C11708DF856
S21402C4401130002C4FD09DF81030052F43F02003FA
S21402C4508DF8103033D03F4B1D78002D5AD04FF652
S21402C460F77300259E424FF00F0248D9012304A914
S21402C4700DF10E00F7F75EFB002896D1002C4DD189
S21402C480BAF1000133463A4618BF0121BDF80E0044
S21402C490CDF8009009F06BF8ADF80E00002884D0B5
S21402C4A018F0040F4DD031460AF0BBFF7EE749462E
S21402C4B00DF10E000BF066FF0028ADD175E70121E5
S21402C4C0BDF80E000DF0E8FF012102F053FE012335
S21402C4D0834013F0620F1CD11E4B1B78E3B14FF65C
S21402C4E0F7731825BEE71B4B25461B780222002B46
S21402C4F0BCD04FF6F7739E42B8D8052FB6D0BAF125
S21402C500000FB3D19DF8103043F040038DF8103081
S21402C510ACE710250F22A9E71825FBE7BAF1000FB2
S21402C5200AD002234A46009029460DF10E00FEF775
S21402C5309DFB0028A4D038E741235246CDF800A040
S21402C540F2E70AF056FF31E79FFEFEFF7162002017
S21402C55072620020656200202DE9DF431E46144BFE
S21402C56080461B680F469B0791460A9C1BD42046B2
S21402C57014B108F0E6FFC0B20622CDE902403B46FF
S21402C5800020CDE900890B490CF0BFF8024650B1F5
S21402C5900021002E0CBF01230323084604B0BDE889
S21402C5A0D043FFF7EDBE002004B0BDE8D08300BF45
S21402C5B064480020504D04002DE9F04F8DB08146AE
S21402C5C08A461F4693469DF85C803AB903A8FEF752
S21402C5D09FFDB0BB00200DB0BDE8F08F15460022CF
S21402C5E0232110460AF00FFAADF80A000028F1D00F
S21402C5F00DF01AFF0523044618F0100F00F8023B50
S21402C600677020D011220021EFF70EF904F113060D
S21402C610032F4FF0080237D159463046EFF756F946
S21402C620C8F3801306F10905337208F086FF002866
S21402C6303ED000232B706B700123033505F8013CB6
S21402C64036E003ADCBE7012610221699EFF73EF946
S21402C65006FA07F313F0620F02D104F11206D7E7C7
S21402C66007A808F015FC05A88DF81C60ECF78AFDF3
S21402C6709DF8162018F0200F9DF8173008BF1346B5
S21402C68004F11306A374C3E751463046EFF71EF9CA
S21402C690012306F10802121B28460093BDF80A1071
S21402C6A0082392B20EF0D8FB042F06F11005BCD078
S21402C6B02D1BA9B20DF10A000BF08FFF002889D1BD
S21402C6C018F0040F0BD048460EF0BBFBFF281FBF26
S21402C6D0074A32F8103023F4804322F810304346DB
S21402C6E051464846BDF80A20FFF74AFE73E700BFE8
S21402C6F0A05B002070B5032690B08DF80760F7F7B0
S21402C700B3FB18B90224204610B070BD02AD28460D
S21402C710FEF7FEFC0028F5D01B4B1C6814F0020442
S21402C720F0D140F20F43194AADF82430136804A83A
S21402C730CDF826305368CDF82A3008F0A9FB95E8E4
S21402C740030005AB83E80300062304A88DF81D301A
S21402C7508DF81060ECF7B8FC01210DF12E020DF1F8
S21402C7600700ECF709FC22461A2109A80AF04BF941
S21402C770024608B91924C6E7012329462046FFF7D0
S21402C780FFFD0028BFD1F5E764480020F8620020CC
S21402C7902DE9F04F04460D46002191B01F2208A84D
S21402C7A09B460791EFF740F820460CF02EF801461C
S21402C7B0204602F0DFFC8DF8110020460AF008F948
S21402C7C09DF81130467899068146C6F34006204603
S21402C7D048BF46F002060CF0EEF8804620460DF002
S21402C7E03FFE0022A0EB0803DBB2232B28BF232345
S21402C7F000922146424607A80EF02EFB00283AD1A8
S21402C800A24B9DF81C701B789DF81DA0B3B3FFF7D2
S21402C810AFFD00280CBF4FF4F0734FF4D073FB400B
S21402C820DA072BD5B30729D4082F22D1BAF1040F81
S21402C83021D1FBF77FFBF0B9012342460093214644
S21402C84005200DF1110306F087F9A0B1053F0D2F63
S21402C85011D8DFE817F024001000AF01BC01C501B3
S21402C860100010001000100010001000CB01F9019B
S21402C870F901052F07D011B0BDE8F08F102F05D1B2
S21402C880BBF1000FF7D0FBF755FBD5E7FBF752FBE2
S21402C8900028D1D0052FCFD0112FCDD0EBE7BAF19B
S21402C8A0050FE8D8204609F0F6FF029009F10200CB
S21402C8B00EF0D9F982460DF11200FFF7BBFB0123F9
S21402C8C09DF81D8003FA08F313F0620303932DD03C
S21402C8D0BDF812309D0722D5B407CCD5FBF72AFB4C
S21402C8E00DF11E000BF095FBB8F1030F04469DF800
S21402C8F02EB02FD10DF12F050AF0FBF9824540F03C
S21402C9003181032EB7D19DF836100DF11E02003983
S21402C91018BF01210DF12E0008F034FEABE7FBF73D
S21402C92009FB0028DCD1002EA5D0D9E7FBF702FBD5
S21402C93068B10DF11E000BF06CFBB8F1030F044654
S21402C9404FF0000B40F082800DF12E05D4E7002E4A
S21402C95091D0EEE74E4B1B6898072AD5FF22082196
S21402C9600DF137000AF053F9814610BB0346014623
S21402C9700DF137020220FEF753FB0AF0BAF98245A0
S21402C9800DF137070DF12F0523D04FF6F7739A45B1
S21402C99040F2ED800022082128460AF038F90028E5
S21402C9A000F0E580002259460DF11E00FFF798FBC5
S21402C9B061E70DF137070DF12F0538460BF0D5FA72
S21402C9C0002848D00AF095F9824540F0CC804FF016
S21402C9D000092846F7F7D2FD002800F0C480B8F117
S21402C9E0010F5BD0B8F1040F7FF445AF0BF0E0FA0D
S21402C9F010B1032E7FF43FAF002C7FF43CAF3A46D3
S21402CA0002210DF11E00FFF713FC224B1B7863B1C7
S21402CA10FFF770FEFEF7C4FD022806D10120FEF7DE
S21402CA20B9FD01210846FEF741FC1B4B1B78022B81
S21402CA3020D10321384608F099F9FEF7B1FD0146E8
S21402CA4000287FF418AFFEF731FC14E70DF1360725
S21402CA500DF12E05B1E7104B1B78432B7FF40BAF7D
S21402CA60B8F1010F7FF407AF0AF043F982457AD195
S21402CA70C146AEE7412B7FF4FEAE054B1B68590557
S21402CA807FF5F9AEF9F73EFEF5E600BF71620020CB
S21402CA90644800201F630020756200206C4D2B78CE
S21402CAA0022B22D02B78412B3FF4E5AE3CB9FBF7A4
S21402CAB041FA594602460DF11E00FFF711FBFBF73D
S21402CAC039FA00283FF4D7AE0BF072FA614C98B1EF
S21402CAD023681B0502D42B78432B0DD1B0070BD449
S21402CAE040F61A40F9F70CF8C5E60BF061FA002892
S21402CAF0D8D0B207D6D4BEE6206810F0020002D123
S21402CB0002990BF014FC2B78112B16D123685905C9
S21402CB1013D50020FEF7E0FB044600287FF4ABAEF8
S21402CB200AF055FB40F61C40F8F7EAFF214620467D
S21402CB30FEF7BCFBF8F7F0FF9DE6B20701D5FFF75C
S21402CB4057FAB9F1000F9DD008F0A0F918B94FF4C2
S21402CB5080310BF0E2F900223F4B38461A600BF0A8
S21402CB60FBF98FE70027039B002B7FF40EAF4FF6EF
S21402CB70FF73284605A9ADF814300AF0ADF820B1C7
S21402CB8028460AF08AF8ADF814004FF6FF73BDF88F
S21402CB90140098423FF46FAE002C0CBF04231523FA
S21402CBA001930DF11E0300933A4643462946FFF7CA
S21402CBB003FD60E60DF11D00F7F7E0FC00283FF4E8
S21402CBC05AAE022229460020FAF79EFE53E6F307E3
S21402CBD07FF551AE3246284607A90BF0D2FB4AE64D
S21402CBE09DF81D100120FFF7D1FA44E6184B1B787A
S21402CBF0022B20D1002D7FF43EAE05A8FEF788FA60
S21402CC0000283FF438AE154B1D709DF81D30002BE2
S21402CC1014BF64246524FEF7C3FC032806D1284605
S21402CC202946FEF743FB2846FEF7C0FC214605A828
S21402CC3008F09CF81FE6043B012BDBD9284608F0D7
S21402CC408CFC0028D6D116E6204608F088FC12E6B0
S21402CC507562002064480020604800201F630020A0
S21402CC602DE9F34105460E46174698460BF0A0F905
S21402CC70044640B101233A4631462846CDF80080A4
S21402CC80FFF76AFC04460BF093F930B1FFF770FB2E
S21402CC9078B10A4B1B689B010BD400233A463146F7
S21402CCA02846CDF80080FFF757FC002C0CBF044640
S21402CCB0012404F0010002B0BDE8F08164480020BF
S21402CCC070B58AB005A808F0E3F8022301AA154653
S21402CCD08DF81430084B03F110061446186859688C
S21402CCE0083303C4B3422246F7D1294605A808F002
S21402CCF03AFA0AB070BD00BF5F9A0400014B18787A
S21402CD00704700BF996C0020014B1888704700BF1F
S21402CD10166C00204FF6FF732DE9F04399428046C9
S21402CD200D4685B00BD000274FF6FD791C4EEBF76B
S21402CD301BFDFCB2A0420BD84FF6FF701DE0F7F7C2
S21402CD401DFC0028EFD005B0BDE8F04309F0D1BFC6
S21402CD5036F814304B4517D8694620460BF05EF974
S21402CD60082241460DF10500EFF7AAF84FF6FF73C9
S21402CD7060B99D4204D136F8140005B0BDE8F083D0
S21402CD8026F814500BF024F90137D0E79D42FBD069
S21402CD9036F81430AB4208BF26F81490F4E700BF0A
S21402CDA0D45A00202DE9FF4706460F4600254FF6C7
S21402CDB0FD79DFF83C80DFF83CA0EBF7D5FCECB25F
S21402CDC0A04202D804B0BDE8F08738F814304B45CC
S21402CDD00CD8694620460BF021F9082231460DF19F
S21402CDE00500EFF76DF808B90AF804700135E4E7B4
S21402CDF0D45A00203B620020014B33F810007047E3
S21402CE00D45A0020F0B5064600250D4F85B0EBF744
S21402CE10ABFCECB2A04201D805B0F0BD37F8143036
S21402CE20B3420BD1694620460BF034F99DF8003028
S21402CE30022B1CBF4FF6FD7327F814300135E6E7C8
S21402CE40D45A002030B585B004460D46EBF78CFC6C
S21402CE50A0420FD9084B33F814204FF6FD739A42BE
S21402CE6008D8694620460BF015F929460DF105004B
S21402CE70FFF750FF05B030BDD45A002030B585B05C
S21402CE800446EBF771FCA04219D92046FFF75AF880
S21402CE900546B0B9694620460BF0C0F89DF800304A
S21402CEA02BB1694620468DF800500BF0D5F84FF6A8
S21402CEB0FF720020044B23F8142005B030BD282052
S21402CEC0FBE740F60440F8E7D45A00202DE9F0418B
S21402CED00B7805460E461BB9BDE8F041FFF7CEBFFC
S21402CEE0EBF742FCA84231D92846FFF72BF878BB6D
S21402CEF0374617F8058B4FF6FF713846FFF70AFFDD
S21402CF000446384600F01EFAB0FA80F04009B8F13E
S21402CF10000F15D0B8F1030F15D04FF6FF724FF67B
S21402CF20FD73944208BF1C460B4B314623F815404E
S21402CF300A4B585528460BF08FF80020BDE8F081C2
S21402CF404FF6FF74F0E74FF6FE74EDE72820F5E79C
S21402CF5040F60440F2E700BFD45A00203B620020AD
S21402CF602DE9FF410D4604464FF6FE780F4F0E0A96
S21402CF70EBF7FAFBA04204D8FF24204604B0BDE833
S21402CF80F08137F8143043450CD1694620460BF041
S21402CF9045F89DF80520EBB29A4203D19DF806307B
S21402CFA0B342EAD00134E4B2E2E700BFD45A00202A
S21402CFB02DE9F04F0C461746984600254FF6FD7BA6
S21402CFC087B09DF840A0DFF85C900190EBF7CCFBB1
S21402CFD0EEB2B04201D8FF2616E039F816205A45BE
S21402CFE01ED8304602A90BF019F83FB99DF8092061
S21402CFF0424515D19DF80C20524511D144B939F855
S21402D0001620019B9A420BD1304607B0BDE8F08F3E
S21402D010082220460DF10D01EEF752FF0028F3D04C
S21402D0200135D3E7D45A002010B514460AF0F6FFAD
S21402D0302046BDE8104008220149EEF747BC00BF73
S21402D040F86200202DE9FF470746154608460822E3
S21402D05024491E46EEF734FF044600283FD14FF619
S21402D060FF7ADFF88490EBF77FFB5FFA84F880455F
S21402D0700BD385B3384605F030FE01250C9B18709D
S21402D0800120357004B0BDE8F08739F818305345F2
S21402D0901FD0694640460AF0C1FF7A789DF80130F3
S21402D0A09A4216D17A88BDF802309A4211D13A795C
S21402D0B09DF804309A420CD108220DF10501781D24
S21402D0C0EEF7FEFE28B9002DD7D1404605F020FE29
S21402D0D0D3E70134C7E7FF2005F01AFECEE70020AB
S21402D0E0D0E700BFF8620020D45A0020F0B5002531
S21402D0F0154E164F85B0EBF737FBECB2A04201D8BF
S21402D10005B0F0BD694620460AF088FF9DF800305B
S21402D110032B06D90023694620468DF800300AF014
S21402D1209BFF9DF8002062B14FF6FD734FF6FE712D
S21402D130032A08BF0B4626F81430002301353B5558
S21402D140D9E74FF6FF73F6E7D45A00203B62002079
S21402D150F8B50E4604464FF6FF770C4B0C4D1B787F
S21402D16003EB430305EB8305A54202D800242046C1
S21402D170F8BD2388BB4206D008223146A01CEEF733
S21402D1809FFE0028F3D00C34EEE700BF606C002050
S21402D190145A0020044BFF211A78044802EB42027C
S21402D1A09200EEF741BB00BF606C0020145A0020CC
S21402D1B0F8B504460C4B0D461B781046A3420DD913
S21402D1C00C27022117FB04117C43084E0822314427
S21402D1D0EEF77CFB335B00202B80F8BD0023136048
S21402D1E053604FF6FF73F6E7606C0020145A002077
S21402D1F038B504464FF6FD75FFF704FE0022084BCD
S21402D2001878084BD1B2884200D838BD33F80C1CC7
S21402D2100132A14208BF23F80C5C0C33F2E700BFD0
S21402D220606C0020205A002070B505460E4608465F
S21402D230FFF7DEFF31462846FFF76CFD2946064813
S21402D240FFF786FF00B970BD044624F80C6B0AF09F
S21402D250BFFE29462046F3E7145A002010B50822DE
S21402D26086B023490446EEF72BFE20B906B0BDE889
S21402D270104009F03EBD082220461E49EEF720FE69
S21402D28020B91D4BB3F8680006B010BD002301227A
S21402D29021464FF6FF700093FFF78AFEFF2806D05E
S21402D2A0164B33F810004FF6FB739842ECD903A8DE
S21402D2B0FEF7CCFE58B9BDF80C305B0607D508223F
S21402D2C021460DF10E00EEF7FBFD0028DCD02146CC
S21402D2D00B48FFF73DFF40B14FF6FB724FF6FF7368
S21402D2E00088904288BF1846CEE74FF6FF70CBE71D
S21402D2F0F86200204E560020E4550020D45A002042
S21402D300145A002070B5002204464FF6FB760846F3
S21402D3100A4B1D780A4BD1B28D4201D8002009E093
S21402D3201988B14207D8A14205D10822991CEEF706
S21402D330CDFA012070BD0C330132ECE7606C0020A0
S21402D340145A002037B5014605460E48FFF700FF7F
S21402D350044640B1807A29460AF0C0FE80F00100F9
S21402D360C0B203B030BD03460090012229464FF6F4
S21402D370FF70FFF71DFEFF2816BF034B2046185C02
S21402D380E9E700BF145A00203B6200202DE9F34172
S21402D390224B04461B780F468342154638D9FEF7C1
S21402D3A0EBFDB8BB4FF6FD739D421D4E0ED004EB4F
S21402D3B0440326F823504FF6FF739D421FD12046A2
S21402D3C0FEF7F2FD002002B0BDE8F0810DF1060185
S21402D3D0384609F081FC4FF6FF72BDF80630384633
S21402D3E0934218BF1D460C236343F55206EB03080F
S21402D3F0FFF7A8FFB0FA80F0400988F80A000C236D
S21402D40003FB0460082239460230EEF75FFAD9E7DA
S21402D4102820D8E740F60540D5E700BF606C00201C
S21402D420145A002038B504460D46FFF7BBFC2146C9
S21402D4300448FFF78DFE00B938BD857221460C30D0
S21402D440F7E700BF145A00200023074A1370074A62
S21402D4501370074A118801B11380064B1A880AB165
S21402D46000221A80704700BF31630020306300201C
S21402D4700E5C00200C5C00202DE9F04F3C4C1D4653
S21402D480238887B00746884610469DF840605BB9F9
S21402D49052B10BF0BBF820804FF4FA61354807B062
S21402D4A0BDE8F04F0DF0ACB8DFF8D890B9F8004000
S21402D4B0002C49D020460CF0D3FFC0F34706204686
S21402D4C00CF0B2FFDFF8C0A00296BAF80030DFF820
S21402D4D0BCB00193BBF800300446009300222B46F2
S21402D4E0012025490BF011F9ADF81600E8B1012527
S21402D4F004EB4606B4420DD1BDB9BDF81630A3B151
S21402D5002A464146384600F06FF9ABF80050AAF8B2
S21402D51000500AE0012321461A460DF11600F6F7DE
S21402D52009FB023405460028E4D00023134AA9F872
S21402D53000301378013BDBB21370002BACD107B07E
S21402D540BDE8F04FFFF780BF0D4C237823B90DF0EE
S21402D55095F908B901232370324629460520F7F7C4
S21402D5600DFA0028EBD1207007B0BDE8F08F00BF9F
S21402D5700E5C0020706B0020564D040031630020C4
S21402D580306300200C5C0020A85B0020AA5B002011
S21402D59030B5154D87B02C889CB923464FF4A0723F
S21402D5A048F2380103A80AF075FE21462046FAF72B
S21402D5B0E3FA22460D4B009403A9FFF75DFF07B07E
S21402D5C030BD204609F004FA04300DF04CFB03A9E6
S21402D5D0044628880BF000FA0023009320462A8887
S21402D5E003A900F0AFFAEAE70E5C002000F8FF0796
S21402D5F037B5002001A9FAF7BFFA0D4C0146237889
S21402D6000C4D7BB10C4B019A1878FAF7CBFA2078BE
S21402D610F8F74CFC002323702B700848F6F736FB0D
S21402D62003B030BD2B78002BF7D0FFF7B1FFF4E73D
S21402D630336300203163002032630020706B0020C9
S21402D64008B50548F6F732F80448F6F72FF8BDE8AD
S21402D65008400348F6F72AB80E5C00200C5C00204F
S21402D6600A5C00202DE9F04F89B089460446CDE9D0
S21402D67005239DF84870139E30B316F801ABBAF135
S21402D680000F23D00AF1FF34A400E4B23146012091
S21402D69007F0ABFFC00E1BD1DFF838B131460120D0
S21402D6A007F0A3FF9BF8005034442279BDB1002F47
S21402D6B047D180234846CDE90277CDE900773E4A36
S21402D6C0059900F091F83CE08246DFE75446DDE734
S21402D6D01B28ECD93146012007F087FFE7E7DFF881
S21402D6E0F880FF2A00EA08080BD14246E379A179BE
S21402D6F0607901EB032189B209B0BDE8F04FFAF771
S21402D70051BA2E4909688B070AD5FE2A35D101235C
S21402D7100135EDB2202D4FEA43030AD1FF250AE078
S21402D720294628460792FAF727FA4845BFD1079AAC
S21402D730EBE79845ECD1224B1B78FF2B04D0AB428B
S21402D74004D009B0BDE8F08FFF2DFAD0294600209C
S21402D750F4F7B2FF0028F4D09BF800306479002B6F
S21402D760EFD1FFF771FE17484FF410510CF048FF47
S21402D770154B8BF800501C70E3E7052A97D8BAF1D0
S21402D780010F94D8B8F1000F91D0002FD9D1737938
S21402D790002BD6D00D49098821B9082B28BF0823AB
S21402D7A00B490B70434648461292DDE9051209B052
S21402D7B0BDE8F04FFFF760BE564D040064480020F7
S21402D7C09A6C0020706B0020326300200E5C0020F2
S21402D7D0316300203363002000F8FF07014B1880F6
S21402D7E0FFF7D6BE0C5C00200CB42DE9F04F8BB0D0
S21402D7F014AA0E4652F8041B07460992002940F066
S21402D8008F80BDF85400ADF82200002800F0A180F9
S21402D81033794FF6F778002B40F0868047458CBF69
S21402D8204FF009084FF008084C4B1C78FF2C40F0CC
S21402D8308380B6F90230002BA9BF494B347A1C7894
S21402D8400134A2BFE4B21C7044F08004DFF81CB1BD
S21402D8502246002101F0A2FC9BF80030BDF822000F
S21402D860002B6CD0DFF808A14FF00009BAF80030A0
S21402D87007930CF0F5FD0546BDF822000CF0D4FD2A
S21402D880EBB2CDE90193FF23CDE9030900932246CB
S21402D890334639460798FCF7B5FB4FF6FF73054645
S21402D8A08BF80090AAF80030382D33D1324639462C
S21402D8B040460DF1220307F058FE00284BD04FF6E3
S21402D8C0F7739F4226D8B6F902307088002B21DA09
S21402D8D048F204022349244B4FF00008904214BF3A
S21402D8E08946994609F005FA494603468A220120E6
S21402D8F0CDF800800AF009FF814658B1224641461B
S21402D90001F04CFCFF23324639464046CDE90098EA
S21402D910FCF7DAF928460BB0BDE8F04F02B07047C4
S21402D92001200AF0CFFE6EE7002347458CBF4FF07A
S21402D93006089846337177E7FF221A7086E7CDE924
S21402D94000033246FF2339464046FCF7BDF905463A
S21402D950AAE71925DEE70546DCE700BF9C6C002037
S21402D96035630020674D04005C4D040034630020DC
S21402D970105C002070B54FF40033002405461646AE
S21402D98088B0ADF81A100DF10F0204A90593ADF890
S21402D9901840ADF81C4004948DF80F4007F0C4FD03
S21402D9A09DF80F3028460193049B044A009305A96C
S21402D9B03346FFF719FF08B070BD00BF604D040084
S21402D9C030B54FF48035002487B00395BDF8285053
S21402D9D0CDE900128DF81030074A034603A9BDF8B8
S21402D9E02C008DF81140ADF81250ADF81440FFF738
S21402D9F0FBFE07B030BD00BF6C4D0400B1F1006FF6
S21402DA002DE9F04314462CBF392238228BB01D462E
S21402DA104FF00003ADF81E204FF480022CBF4FF0EB
S21402DA2001099946FF2C0646ADF81C300892ADF85F
S21402DA3024304FEA11471FFA81F80FD109F06AFC29
S21402DA40B9F1000F19D1154ACDE902054346304611
S21402DA50CDE9007407A9FFF7C7FE1AE0FE2C0AD12B
S21402DA6009F058FC0130C0B209F05FFCB9F1000FB2
S21402DA7012D00B4A02E0E8B2F8E70A4ACDE90305FB
S21402DA8001233046CDE90174CDF8008007A9FFF7DF
S21402DA90ABFE0BB0BDE8F083034AD5E7644D040045
S21402DAA06A4D0400634D04006B4D04004FF4981257
S21402DAB04FF0806310B586B0CDE903230023ADF89E
S21402DAC0143009F016F90446F8F796FA054B019059
S21402DAD00093054A234603A94FF6FD70FFF784FE1E
S21402DAE006B010BDF8620020704D040008B5064B63
S21402DAF01B78022B02D0043B012B03D8FFF7D6FF7C
S21402DB00002008BD0220FCE77562002030B5002424
S21402DB104FF4806587B0CDE900128DF81030084AC0
S21402DB20034603A94FF6FD708DF811400394ADF835
S21402DB301250ADF81440FFF757FE07B030BD00BFD5
S21402DB40744D04002DE9F04F99B00E4605460CA917
S21402DB501046CDE90A329DF888700AF0FAFABDF846
S21402DB603090804648460CF07BFCB6F902300446FC
S21402DB70002BB6F806A0B6F802B004DA00228D4BE7
S21402DB801A70002049E048460CF06AFC4045F5D37E
S21402DB90A4EB0804E3B2002F18BF4FF4A07A152BAB
S21402DBA0099328BF15230024013308F1FF324946A2
S21402DBB0DBB292B2009412A80DF04EF96FEA4B4314
S21402DBC06FEA53437C499DF8482008684968ADF8D7
S21402DBD03E300DAB03C3ADF84040ADF83C40ADF867
S21402DBE042A0ADF84420BBF1000F24D10DF149004C
S21402DBF0F6F7C4FCA0B109F07CF85C4680460DF14D
S21402DC0051060DF149030A9A96F80090012A2CD182
S21402DC104FB384F0010404F0010019B0BDE8F08FA0
S21402DC200DF149000AF0A4FB4FF6FF74011B4C42AB
S21402DC3080464C41E3E7BBF1010F57D1BDF849805E
S21402DC4009F057F880450AD040460DA90AF093FB22
S21402DC5080F00104E4B20DF14B060DABD3E7574B4F
S21402DC600DF14B06CFE70A9CD5E75FB344BBB9F18B
S21402DC70010F25D830D109F03CF809F03AF82246CF
S21402DC80804671784D4B029100210120CDE900813A
S21402DC904B490AF03AFDADF8320088B124BBB9F11F
S21402DCA0010F0CBF0D210C210DF132000AF095FC7C
S21402DCB0024628B92846BDF832300FA9FFF794FD70
S21402DCC00120AAE7B9F1010F04D1002CD3D081229A
S21402DCD07178D8E7002CFAD1B9F1010F94BF00226F
S21402DCE001227178D201CEE70C21DDE70A9B002BD8
S21402DCF07FF447AF7388342B4BD1099B092B7FF4F3
S21402DD0040AF002F7FF43DAF9DF951603A46B41004
S21402DD1008210DF1490004F0200408F078FFA0B1B4
S21402DD20284B1B78012B3FF42CAF274A274BB2F81F
S21402DD3068201B68AA421DD0DA001BD5C8232846D5
S21402DD40234A0FA9FFF750FD1BE70DF14900F6F72E
S21402DD5015FC0028E4D10DF149000AF009FB4FF644
S21402DD60FF739842EAD02146F9F778FE0346002868
S21402DD70E4D1E4E75B0201D5002E08DA0023284648
S21402DD80134A0FA9FFF730FD124B1C70F9E68D23DC
S21402DD90D5E7099BCDE905A204930DF14903CDE928
S21402DDA0028331462846CDE900790B9B0FAA00F084
S21402DDB03DF8E6E629630020D6D50300F862002087
S21402DDC0784D040076620020E45500206448002066
S21402DDD0C00204009B6C0020024B187840F08000C2
S21402DDE0704700BF35630020014B18800020704743
S21402DDF01E6C00204FF6FF71034602881B798A428A
S21402DE0017BF074901200A8041881EBF054A002025
S21402DE101180FF2B1EBF044A00201370704700BFFC
S21402DE201A6C0020186C0020366300202DE9F04F93
S21402DE30A1B09946BDF8AC302D9F0D939DF8B03039
S21402DE4004460E93BDF8BC3038460F939DF8C0309A
S21402DE504E88884615469DF8A8B010930CF003FF2E
S21402DE60112E824671D808F044FF504576D0062E11
S21402DE7010D14FF6FD72924526D0BBF1000F10D19D
S21402DE8000228023CDE900A229462046BC4AFFF79D
S21402DE90ABFC06E0BBF1000F03D1032E07D8012E20
S21402DEA009D80022B74B1A7021B0BDE8F08F043EA5
S21402DEB0022EF6D8E4E7802329462046B24ACDF859
S21402DEC000A0FFF791FCECE7B04B1B785E074CD442
S21402DED008F00FFF0026034632460120A8490096A6
S21402DEE00AF013FC3B79ADF866000F930028DBD0EE
S21402DEF0DDE90E320D9803EB42090CF0B1FA5FFA37
S21402DF0089F909F105085FFA88F88045CCD24146BE
S21402DF100D9801F02FF9109008EB40080D980CF0C0
S21402DF209FFA8045C0DADDE90F321343DBB2002BDD
S21402DF3040F03482BBF1000FB6D1D84642460421E7
S21402DF40BDF8660001F02AF974E1904A3A2E12787A
S21402DF5012D948F23B039E4207D013E08B4A12784E
S21402DF6050070BD5321F022A08D8B8F8063043F4F9
S21402DF708043A8F8063097E71B2E1DD8B21E91B232
S21402DF8013295FD9109B494602930F9B3046CDE971
S21402DF9000B30E9A234607F0CEFA0F2884D1012248
S21402DFA0784B1A70794B1B789B0740F12783BBF19D
S21402DFB0000F7FF479AFD8E7A6F11C011E29E1D83D
S21402DFC001A050F821F000BF13E6020085DF020030
S21402DFD085DF0200A9DE020085DF020001E40200FE
S21402DFE001E4020085DF020085DF020085DF020011
S21402DFF085DF020085DF020085DF020085DF020082
S21402E00085DF020085DF020085DF020085DF020071
S21402E01085DF020085DF020085DF020033E40200AE
S21402E02033E40200E5E5020085DF020085DF020038
S21402E03007E6020085DF020063E6020079E60200D8
S21402E04087E60200132A9DD801A151F822F000BFEC
S21402E050A1E0020031E102004FE1020067E20200A5
S21402E060D1DE020085DF020085DF020085DF0200C6
S21402E07085DF020085DF020085DF020085DF020001
S21402E08085DF020085DF020085DF020085DF0200F1
S21402E09085DF0200ABE3020085DF02003FE60200F6
S21402E0A000231A938DF866300DF1660322460E9908
S21402E0B0484600931AAB07F038FA08F01AFE0646EE
S21402E0C0EAF75EFB162894BF4FF002094FF02209CA
S21402E0D0F7F792FF2E4B0746B3F800A0FBF7EAFDD0
S21402E0E02C4B80464FF6FF70B3F800B00AF0F8F8F3
S21402E0F0294B9DF866201988244B1B7813F00203DF
S21402E1001CBF264B1B780B921A9ACDE90701CDE964
S21402E110093240232946CDE9019320460023CDE962
S21402E120058BCDE9037A1E4A0096FFF75DFBBBE638
S21402E13008F0DFFD1B4B1C4A1B88CDE92A0300238F
S21402E1402946204621B0BDE8F04FFFF74DBBBE780A
S21402E1501AA9731EDBB2EF2B304627D9F22E25D032
S21402E16005F015FD822608F0C4FD00232946CDE9F8
S21402E1700003034A33462046FFF736FB94E600BF09
S21402E1805C4D040029630020674D040036620020BF
S21402E1901E6C00201A6C0020186C002036630020CB
S21402E1A07E4D04001C6C00208B4D040005F0EFFC35
S21402E1B0002856D008F09DFD9DF86C209DF86E1044
S21402E1C00492BDF86A2049000392BDF86820C9B2DD
S21402E1D0CDE901629DF86D2003465200D2B20832A4
S21402E1E00A44009201200022C6490AF08EFA9DF8DF
S21402E1F06D30ADF866008DF8633000283FF454AEFB
S21402E2004FF0000801230DF163011A460DF1660076
S21402E210F5F790FC074600287FF446AE9DF863307B
S21402E220FAB293420CD89DF86E308DF86330B8F18E
S21402E230000F02D0BDF8663036E04FF00108E1E785
S21402E2404146304605F0A5FC0123ADF864000222E3
S21402E25019A90DF16600F5F76DFC01370028DDD02F
S21402E26022E683267FE708F044FD064605F0B0FC6A
S21402E2703346009000220120A3490AF046FA0028FD
S21402E2803FF412AE00273E46ADF8680005F0A0FC4B
S21402E2905FFA87F840450DD832460421BDF868007B
S21402E2A000F07CFFBDF86830002229462046FFF7C2
S21402E2B09BFAF9E5404605F068FCFF288DF86600F3
S21402E2C00BD0012301361A460DF166011AA8F6B2E2
S21402E2D0F5F730FC00287FF4E7AD0137D6E7504665
S21402E2E0B7F8029005F051FCFF288DF8640000F0A4
S21402E2F0E2811AA905F04BFCBDF868304B4507D001
S21402E3004FF6FF72914540F0D681190400F1D38191
S21402E3109DF86D3012930E9B0533DBB213930F9B61
S21402E320149300234FF0000911934B4613E0179302
S21402E3304900139BC9B219440D9889B20AF088F9AC
S21402E3404FF0000A179B159012995FFA8AF28A42DA
S21402E35016D309F10109149A5FFA89F19142E6D3BC
S21402E3609DF86E201292169A1392002B40F0958119
S21402E370119B002B40F09F81109B14930123D1E741
S21402E38011999DF86400179305F003FC159A179BE4
S21402E3900AF1010A824208BF0123D5E709F10609FC
S21402E3A05FFA89F3B046169386E1BD1C29465046AD
S21402E3B0BC7A06F043FC01222946504609F03FF992
S21402E3C0504609F0A1FF284609F0D2FF3A88824259
S21402E3D007D04FF6FF72904203D00CF032FD09F0E0
S21402E3E0B3FF84F00804C4F3C00421462846FFF7AE
S21402E3F019F82146284621B0BDE8F04F07F0C4B808
S21402E400BBF1000F7FF450AD12073FF5AEAD3346B9
S21402E4103A462946204601F08FF900287FF444AD9B
S21402E420842329462046394A21B0BDE8F04FFFF73B
S21402E430DBB90F9897F8008009F00EFD0021074619
S21402E440204601F0E3FC312EA7EB0007FFB240F0B6
S21402E450D5804FF0000A012053465246CDE9008A85
S21402E4602B490AF052F9ADF8660000283FF41CADBD
S21402E470162251461AA8EDF7D7F91AA808F0C2FED6
S21402E4804FF0FF33DFF894B0CDE91C339BF80090D1
S21402E490B9F1000F02D14FF0010A55E01D4E337953
S21402E4A06F2B02D90026324625E050461CA9F6F705
S21402E4B03DFF0028F6D0184BB6F80090B3F8683047
S21402E4C0B9F1000F2CD1003B18BF01235B0143F0CA
S21402E4D004038DF87A3002238DF87B3073881B0A8A
S21402E4E049461EA88DF87D300CF0BFFBB8F1000F30
S21402E4F065D0002601220221BDF8660000F04EFE1D
S21402E50032461CE58F4D04005C4D0400C002040038
S21402E510974D04006C5B0020E45500206F620020DB
S21402E520B3EB090318BF01235B0143F005038DF823
S21402E5307A3002238DF87B300F238DF87C30CDE7BE
S21402E5400AF1010A5FFA8AFA0AF1FF36F6B2304693
S21402E5500CF07DFCC307F3D59BF8003019EB030FD4
S21402E56004D009F101095FFA89F9E9E7584B1CA9B9
S21402E57018783044C0B2F6F7D9FE002892D030465A
S21402E58009F0F3FE814630460CF061FCC0070FD45A
S21402E59016238DF87A304F4B1B780133DBB20F2BE4
S21402E5A028BF0F238DF87C304B4B33F8163096E796
S21402E5B030460CF04CFC8107EAD41223E9E7BDF89A
S21402E5C066000BF04DFF1630B84292DC012316228D
S21402E5D01AA90DF16600F5F7ADFA00287FF464ACCF
S21402E5E0012660E712073FF5C0AC3B4622462946A5
S21402E5F00F9801F0F9F800287FF456ACBBF1000F33
S21402E6007FF452AC0CE7BBF1000F7FF44DAC8023D5
S21402E61007E708F06EFB50457FF446ACB81CF5F7EA
S21402E620ADFF00283FF440AC08F063FB064608F056
S21402E63060FB2A4B2A4ACDE92A03334680E5384650
S21402E6400CF011FB09F04CFE00283FF42DAC2A908A
S21402E650002329462046234A21B0BDE8F04FFFF7A3
S21402E660C3B84B462A4621460020CDE92AB721B038
S21402E670BDE8F04FFEF7F6BF4B462A46214601207C
S21402E680CDE92AB7F3E75B464A46294620462A974B
S21402E69021B0BDE8F04F06F07CBF012319A91A4647
S21402E6A00DF16600F5F746FA00287FF4FDAB08F197
S21402E6B001085FFA88F8013605F08AFA5FFA86FAE8
S21402E6C050453FF60CAEB8F1000F3FF433AC35E4DC
S21402E6D0666C00201E6300209E5B0020F86200200D
S21402E6E09C4D0400674D0400F8B5164B04461D8881
S21402E6F0154B20F8025B196879B10822EDF7E6F8A7
S21402E700124B0C201B78124EA372124B1978002360
S21402E710DAB2914205D8FF2209E0C4F8021041603D
S21402E720EEE7013300FB03F7F75BAF42F0D10A4B8B
S21402E730E2721B782373094B1B786373084B1B68C2
S21402E7402361F8BD1E5C00200057002037630020BE
S21402E750085A0020606C00201B6300201A63002009
S21402E760EC560020F0B589B006460C4615460AF06F
S21402E77022F90DF10A020146304609F0D3FF144F82
S21402E7800346F0B901223A702288BDF80A102AB16F
S21402E79002460090072004F0DFF990B103A8FFF7C5
S21402E7A0A3FFBDF80A000BF05BFE0646BDF80A00A2
S21402E7B00BF03AFE21460090F3B2284603AA06F072
S21402E7C067FA0023034A3B70136009B0F0BD00BF2E
S21402E7D03863002000570020142230B58BB005465F
S21402E7E00DEB02011548DEF767FC10BBBDF81430CE
S21402E7F0DA0720D413F0060FC3F3410208BFC3F3AF
S21402E80041220F4B0DF116019C5C68462246EDF73D
S21402E8109BF9BDF8263004F128026A4402F8283C27
S21402E82002341B0A02F8273C69462A46E0B209F07F
S21402E830F7F80BB030BD2320FBE700BF703214E0C0
S21402E840779A040010B58AB0ADF826200022CDE9EA
S21402E850052204920CAA02924FF6FF720446AC21DD
S21402E86001200192064A039004FB012260320092C4
S21402E8704CF620010DF1260209F086FD0AB010BD05
S21402E880E455002010B54FF6FF741E4A8AB0B2F85F
S21402E8906800B2F85E10A042ADF82600B2F85C300E
S21402E8A04FF6FD70ADF8241018D081424FF00000EC
S21402E8B094BF48F660014CF66001CDE90500CDE94B
S21402E8C00300CDE9010094BF09AA603200920DF15F
S21402E8D02602042009F058FD0AB010BD81424FF00E
S21402E8E000008CBF603209AA00928CBF4CF66041D1
S21402E8F048F66041CDE90500CDE90300CDE9010007
S21402E900014AE6E7E45500204E56002000B50E4BBD
S21402E9100022B3F85E308BB0ADF824304FF6FF73AA
S21402E920CDE90522CDE90322CDE9012209AA00920A
S21402E9304FF400610DF126020720ADF8263009F0EB
S21402E94023FD0BB05DF804FBE4550020202A10B529
S21402E950144614D8012A04D10C88B4F5004418BF12
S21402E9600124620030B10748ECF7B0FF064B0020E6
S21402E9701C7010BD0548ECF7A9FF054BF7E72120F0
S21402E980F7E700BF205C002039630020605C0020AF
S21402E9903A6300202DE9F047104617460CF063F95B
S21402E9A0DFF814A1DFF814919AF8003099F80020E5
S21402E9B00546134302D10020BDE8F08710F44068F4
S21402E9C000F0400619D186BBB0F5804F5CD24FF4FA
S21402E9D0807400239AF80000344AD9B288425DD87F
S21402E9E0002399F80000324AD9B28842E3D932F8B5
S21402E9F0021B0133A142F7D155E0F81C0CF033F9A3
S21402EA004FF6FF73984214BF0124022486B10526EE
S21402EA1005F44043B3F5004F44F0080424D0B5F59E
S21402EA20804F23D244F4807420E044460326EFE766
S21402EA30B5F5804F4FF00506F4D3B8F5406F14BF16
S21402EA4002200820304438440CF00DF9194B05F426
S21402EA504045B3F85C3083420CBF44F0080444F0EF
S21402EA600404B5F5004F01D144F08004B8F5006FF8
S21402EA700ED1B8190CF0F7F80E4BB3F85E3083429D
S21402EA80A7D144F01004A4E7444603260220D9E79F
S21402EA90B8F5406F08BF44F020049AE732F8021B2C
S21402EAA00133A14299D1012086E700BF605C0020B5
S21402EAB0205C0020E45500203A63002039630020E1
S21402EAC02DE9F04F104685B0164698460CF0CBF866
S21402EAD05D4F00F00803B7F85C10044600F0070923
S21402EAE0F01C02930391B7F85EB00CF0BCF806F186
S21402EAF0050A054650460CF0B6F803464FF6FF7078
S21402EB00854218D00399A1EB050CDCF1000545EB14
S21402EB100C056D004FF6FF718B420ED145F00405D1
S21402EB200BF0ACFE029B6BB1B9F1000F11D0422084
S21402EB3005B0BDE8F08F0125ECE79B4508BF45F020
S21402EB400805EDE7B9F1030FF1D8DFE809F0021B7B
S21402EB50795D0BF093FE08B9A807E8D524F00804FF
S21402EB60A4B2B4F5004F05D0B4F5624F02D0B4F5A6
S21402EB70404FDCD10025294697F8A820002007F050
S21402EB8005FF3CE0D7F88030E3B90021324608465C
S21402EB90FFF700FFD8B948F6410224F038039BB2CB
S21402EBA09342C4D10A2D49D0062DC0D197F87730AA
S21402EBB0023B012BBBD8F3F745FD0028B7D140F640
S21402EBC0040505E04146304698470028DDD0082572
S21402EBD0E20648BF45F08005A30648BF45F48055C7
S21402EBE005F00C03042BC6D1F01D0CF03CF897F888
S21402EBF0A8303246009341462B4607F09CFE08B3E7
S21402EC000E9B1880002093E7A90705D14FF6FF73E5
S21402EC10B7F85C209A428AD104F44063B3F5006FD9
S21402EC200AD0B3F5406F82D1082250460749EDF765
S21402EC3047F900287FF47BAF0C25C9E70425C7E710
S21402EC40432075E7192073E7E45500204456002058
S21402EC50034B1A781AB1FF2A04BF00221A707047B3
S21402EC603C63002070B5084C084E2378F55C1DB155
S21402EC703E2107480BF019FFFF2223782846F2545C
S21402EC800023237070BD00BF3B6300203C6300205E
S21402EC90A04D0400034B044A1B78D05CFF3818BF13
S21402ECA0012070473B6300203C6300200023074A94
S21402ECB007491360074A1360074A1360074A116040
S21402ECC00121074A1170074A136070471057002047
S21402ECD0138503000C57002008570020906B002075
S21402ECE09D6C0020185700200E2A70B50C4606466A
S21402ECF01546194603D9FFF7D9FF502070BD0128E3
S21402ED0007D10020F3F7B8FCB0B1FFF7CFFF212000
S21402ED10F4E780220021224B1A70224B1960224B04
S21402ED201B684BB134200BF0F3FB204B188018B94C
S21402ED30FFF7BCFF0120E1E724F0FF6323F4FF2383
S21402ED401BB1FFF7B3FF4F20D8E774B92046F3F79D
S21402ED50ADFC0124032510F0800F43B21BBF00F068
S21402ED601F039C409C4044F078440020104B24F043
S21402ED7078441E700F4B10491D70104B1C60104BD0
S21402ED801870104B1A68F4F71FF818B1FFF78EFFC9
S21402ED900420B3E79DF810200B4B1A70AEE700BFB5
S21402EDA03D6300201457002008570020A05C002076
S21402EDB04263002040630020ADF002001857002096
S21402EDC041630020105700203E6300207FB5244B8D
S21402EDD000251A7801232348234903FA02F2007811
S21402EDE01A440A60ADF80E5020B3984236D11F4C32
S21402EDF01F4B20781B680DF10E0198471D4EBDF87B
S21402EE000E20307092B11C4B2946009328460223EE
S21402EE100195F4F713F83278237822B1012A12BF4B
S21402EE201B230133DBB2237004B070BD013818BF58
S21402EE300120F0E778235A43013A0A6008220F4974
S21402EE400BF0ACFA0B49094A0978137821B101296B
S21402EE5012BF1B230133DBB21370E5E71846E3E764
S21402EE6040630020426300201C57002041630020BC
S21402EE70906B00209D6C0020E9F0020009A80300B8
S21402EE80024B1868003818BF012070470857002048
S21402EE9037B505461C460BF0F1FC68B974B1084B51
S21402EEA01A60084B0A461C60012329460093032376
S21402EEB0FFF71AFF03B030BD4D20FBE72520F9E728
S21402EEC0045700200C57002013B504460BF0D6FC5E
S21402EED058B962B1074B1A6001230A4600932146CD
S21402EEE00323FFF701FF02B010BD4D20FBE72520EC
S21402EEF0F9E700BF085700202DE9F0410446DDE996
S21402EF0006861D469DF820700BF0B8FC88B99EB1A7
S21402EF10A2B10B4B01201A600A4B0A46C3F80080C6
S21402EF20094B21461E602B460697BDE8F041FFF7C7
S21402EF30DBBE4D20BDE8F0812520FBE72120F9E766
S21402EF40906B0020105700200C5700200148F4F761
S21402EF50ADBB00BFA05C00202DE9F0410020F3F716
S21402EF60A1FE114B114C1E68114B20881D68114BD7
S21402EF70114FD3F8008010B13978F4F771FD0020F4
S21402EF803870FFF793FEF4F7ABF90EB14046B04780
S21402EF903DB12088A84700232380BDE8F0410BF04E
S21402EFA0FFBDBDE8F08100BF0C570020A05C00202A
S21402EFB0085700201857002043630020F8B52F4852
S21402EFC0F4F764FE2E4B187830BBF3F76FFB2D4F29
S21402EFD006463B6803B32C4B2C4D1C6824B195F9AE
S21402EFE000301A461946A047294B1B6883B1294CA4
S21402EFF02378312B0CD8284B18880BF015FA237877
S21402F0005A1C22702A78C25423785A1C2270C6547C
S21402F01080232B7000233B60204C23781A2B22D8A7
S21402F0201F4A1278012A09D100211E4A156825FABC
S21402F03003F0C007DAB20ED501B122700020F3F752
S21402F04035FB2178884212D10022174B1A70FFF73F
S21402F050BDFE40B9F8BD0133D8B21A284FF00101FF
S21402F060E5D90A442270BDE8F840FFF775BF0020D4
S21402F070F3F72EFB0028E7D0F5E700BF946B0020DD
S21402F0804263002014570020045700203D630020EE
S21402F0900857002043630020A05C00204163002044
S21402F0A09D6C0020185700203F63002008B50B4BCC
S21402F0B0187880B90221F3F7CDFA094B1B782BB1E9
S21402F0C000214FF6FF720846F3F7A6FABDE808409D
S21402F0D00448FFF773BF00210846ECE742630020AE
S21402F0E03E630020946B002038B5144B0C461D7806
S21402F0F0012D21D181B90846F3F7D8FA104A05FA4C
S21402F10000F013680F4923EA0003136020462A46DC
S21402F110BDE838400BF042B90B4A13780133DBB234
S21402F120022B137004D9BDE838400848FFF746BFE3
S21402F130FFF74CFE0028F6D138BD00BF4263002020
S21402F1401857002009A803003F630020946B002094
S21402F15038B50C4605460BF083F9A04203D82D219C
S21402F16003480BF0A2FC28460BF05EF9204438BD9B
S21402F170B44D040070B506460D460BF055F904462C
S21402F18048B130460BF06CF9A84203D83521024844
S21402F1900BF08BFC605D70BDB44D040070B50C4680
S21402F1A0064615460BF05CF9A04203D83E210448F9
S21402F1B00BF07BFC30460BF037F900B1055570BDFD
S21402F1C0B44D04002DE9F0438FB007460C461546B1
S21402F1D01E469DF85880F8F755F920B1F4F796FECA
S21402F1E008B144F400544D4B1B7813B924F4007450
S21402F1F0A4B2200509D546B9284604A9F5F750F960
S21402F200002846D024F40064A4B2ADF81840ADF845
S21402F2101A5007F06EFD424BADF81C00B8F1000F15
S21402F22002D01A78424501D293F800803D4AE105A1
S21402F230137848BF0DF1210103F10103DBB213700D
S21402F24058BF08A922058DF81E808DF81F3006D5F6
S21402F2503368083141F8083C736841F8043CE3041B
S21402F26007D5314A0831136841F8083C536841F81B
S21402F270043C0DF11808A1EB08005FFA80F90021A2
S21402F28048460BF045F9064628B900200FB0BDE8FF
S21402F290F08304AEB9E70BF0C7F841464A46ECF7EE
S21402F2A053FC30460BF0DCF8804630460BF0BCF8D8
S21402F2B00023024600934FF6FF7004235FFA88F19C
S21402F2C007F039FBADF80E000028DED040F201133D
S21402F2D01C421AD14FF6F7739D4216D80BF0C0F8AF
S21402F2E00DF10E010446284600F090FDBDF80E0012
S21402F2F00BF0B6F8E4B2A04207D9BDF80E0007F04C
S21402F30067FB437843F004034370BDF80E003A46A9
S21402F31001210BF0D5F8BDF80E00B7E771620020A8
S21402F3205A6C002073620020F8620020F0B50829AB
S21402F330D58889B028D00C2926D0AE0424D405F06E
S21402F34040030B43424C267816B105F020042343B3
S21402F3502FB2002FB8BF43F08003032920D1122317
S21402F360AC068DF80430937A10D48DF805300DF182
S21402F370060401A9621A012392B2F4F7DBFBB0FA83
S21402F38080F0400909B0F0BD0B46DBE732228DF86B
S21402F39005308DF80420002EE9D00DF11304E8E7BD
S21402F3A00C298DF804300ABF138953798DF805307D
S21402F3B0548805BF1B0A8DF806308DF805300DF10E
S21402F3C0070318BF0DF106031C70240A5C7014882C
S21402F3D002399C70240ADC70147901291C7111D838
S21402F3E0917A002F597131DA022112899971DA71F4
S21402F3F0120A03F109041A72002EBAD0AB06B8D567
S21402F4000534B6E7A9071AD4002F0CDA117A51B1DF
S21402F410917A59711189127A03F1080492B1022283
S21402F4209A71D971E8E70B4C217801F1010C84F846
S21402F43000C091729C1D002F5971DDDAEAE7917ABD
S21402F4409C1DF8E70122090A9A71EAE79C1DD3E798
S21402F4507162002072620020014B1880704700BF64
S21402F460A25C0020014B1888704700BFA25C0020F7
S21402F4702DE9F84307460BF011FB05461B480BF037
S21402F48084FC1B4B60B31C683C1B2C44A4B20022B9
S21402F490184BDFF868901B78174D03EB830399F837
S21402F4A0006005EB43055FFA82F846450AD9AB8849
S21402F4B005F10A00A34216D90A23B21A29465A436C
S21402F4C0ECF704FA013689F80060AC80B8F1000F58
S21402F4D003D1394605480BF093F82846BDE8F88371
S21402F4E03C461D60D3E705460132DCE7B46B0020DC
S21402F4F020570020446300203A5B0020456300202A
S21402F5001FB5154A154C1378013BDBB213706168C0
S21402F510206801AA03C221891180114A1278D218E2
S21402F52005D00A2320465A43E118ECF7CFF99DF896
S21402F53006301B070DD0BDF80C00FFF799FF0346F7
S21402F5408288ADF8082001AA03CA1288186059609A
S21402F5501A8104B010BD00BF446300203A5B00204D
S21402F56045630020002108B5084B09481970094B6D
S21402F5701970094B1A7802EB82025200ECF754F922
S21402F580BDE808400548F4F781BB00BF456300208C
S21402F5903A5B002044630020646C0020B46B0020B9
S21402F5A0F8B50024084D094F094E3B783178E2B28F
S21402F5B00B449A4204F1010400DBF8BD2846F4F736
S21402F5C075F80A35F1E700BF3A5B00204563002074
S21402F5D04463002010B5064C207828B1054807F091
S21402F5E023FF10B1034B188810BDFFF789FFF3E71E
S21402F5F0446300203A5B002008B50A4A03461078A6
S21402F60060B1094A1088984209D121B9937810331B
S21402F61023F00F039370FFF773FF012008BD00204D
S21402F620FCE700BF446300203A5B00202DE9F74F59
S21402F63000260BF033FADFF8F890B24699F800701D
S21402F640B3463A46DFF8EC801FFA80FEB8F800C0F0
S21402F650344CAEEB0C039BB201932378324D0093ED
S21402F66003EB830305EB4303ACEB0E0C5FFA86FE5B
S21402F670BE4515D3BAF1000F01D0009B2370BA42E3
S21402F6802AD3002F37D00A222378C8F8000002FBBC
S21402F69003532648998803B0BDE8F04F0AF0B0BF7E
S21402F6A0B3F804E001998E4512D84FF0010A00998A
S21402F6B093F802E001310EF1FF3EC9B2013AA3F817
S21402F6C004B083F802E00091D2B20A330136CDE7E5
S21402F6D0E644A3F804E0F8E789F800204AB10A22D3
S21402F6E02378C8F8000002FB0353104899880AF0F2
S21402F6F087FF237813B903B0BDE8F08FFFF76AFFE0
S21402F70006460028F5D007F097F80146304607F07F
S21402F71088FE20B100212888FFF76EFFE9E740F651
S21402F7200241F8E7446300203A5B0020B46B0020F5
S21402F73045630020205700202DE9F04192F808800A
S21402F7401F4608F1FF33DBB2EF2B05460E46144682
S21402F75088B00BD982238DF80E30314628469DF8A4
S21402F7600E30204AFEF740F8012037E00E22002134
S21402F77004A8ECF759F8B4F809308DF81180ADF802
S21402F7801230E37A03F07F02032A08D0012B24D139
S21402F79003238DF81030A389ADF815300EE0032B45
S21402F7A014BF022301238DF81030E368CDF815301C
S21402F7B02369CDF81930237D8DF81430A7F1210185
S21402F7C04A420DF10E034A41009321460DF10F0302
S21402F7D004A8FDF737FC0028BFD1002008B0BDE81A
S21402F7E0F08100BFC00204002DE9F04F00241D780E
S21402F7F095B0CDE902010492234622460120CDE9C6
S21402F8000054404908F081FFADF81E00F8B1A34647
S21402F810264627460DF120090DF1380AE8F7A4FF1F
S21402F8205FFA84F8404516D83A460221BDF81E0013
S21402F830FFF7B4FC32460421BDF81E00FFF7AEFC0B
S21402F840DDE903100022BDF81E30FDF7CDFF0120D2
S21402F85015B0BDE8F08F4A4640460AA9FDF7E4FB1C
S21402F8609DF8282022B12DB1013DEDB20137FFB23D
S21402F8700134D3E7BBF1000FF8D199E803009DF8F5
S21402F88029308AE803008DF84030BDF82A30032A72
S21402F8908DF841304FEA13238DF8423017BF032309
S21402F8A001238DF843309DF82C30DDF83110DDF859
S21402F8B02D0014BF8DF84C308DF8433011AB03C3C6
S21402F8C002980CBF4FF00E084FF0150808F0C4FA65
S21402F8D00590BDF81E000AF0C3FD059900EB08036B
S21402F8E099420BDB0123424651460DF11E00F4F706
S21402F8F021F90028ABD10136F6B2B7E74FF0010B7B
S21402F900B4E700BF974D040038B505460D4B0E48C8
S21402F9101C88F4F7A7F9012D0CD10C4B1C88FA2190
S21402F920614358B1884209D28408012C204638BF68
S21402F930012038BD022D08BF0224F0E702480AF073
S21402F9405FFEF2E7365B002050470020345B002063
S21402F950012208B5054B06481A7000210AF050FE2F
S21402F960BDE808400020FFF7CFBF00BF5C62002062
S21402F970504700201E4B73B51A8802F108039BB24B
S21402F980012B02D81B4B1B7823B902B0BDE870408E
S21402F990F4F77CB90024184B184D1C70184B1C70D9
S21402F9A02B787BB14FF6FC73164E00932246234605
S21402F9B02146308808F076FC4FF6FD732C703380B3
S21402F9C001200FE0104B1046197807F028FD00289A
S21402F9D0F6D10C4B1A884FF6FD739A42F0D00123EB
S21402F9E002202B7002B0BDE87040FFF78DBF00BF4B
S21402F9F0385B00205C6200205F6200205D620020AF
S21402FA005E620020325B002060620020012808B59A
S21402FA100AD002280CD020B9084B18700848F4F710
S21402FA2035F94FF0FF3008BDBDE80840FFF790BF3C
S21402FA300020BDE80840FFF767BF00BF5C620020F9
S21402FA405047002002280CD859B1064A13780133D1
S21402FA50DBB21370044A12789A4202D80220FFF7E9
S21402FA60D5BF70475E6200206162002038B5A0F6FE
S21402FA701343012B04460D4615D80E4A137801335C
S21402FA80DBB213700C4A12789A420CD84FF6FD720B
S21402FA900A4B00201988914201BF00221D80084BA4
S21402FAA01A70FFF731FF29462046BDE8384005F0B8
S21402FAB0F3B800BF5F62002062620020325B002063
S21402FAC05D62002000234FF6FD71054A1370054A59
S21402FAD01370054A1180054A1370054A1370704761
S21402FAE05F6200205E620020325B00205D620020C2
S21402FAF05C62002030B5094B02461B7833B1084BD6
S21402FB00084C19780023D8B2884201D3FF2004E0BB
S21402FB10013334F823509542F5D130BD636C002092
S21402FB2064620020125B00200022FF21044B05487D
S21402FB301A70054B1970054B1A789200EBF774BED3
S21402FB4064620020165B002063620020636C002063
S21402FB50F7B58DF807100DF10701044603F068F8B3
S21402FB60234B1D78002D41D02046FFF7C3FF214EC0
S21402FB70FF283178204B05D1204A107885422DD9AE
S21402FB80451C1570884219D01C4A1B4D92F800C0BD
S21402FB900022D7B2BC450CD92F4697F803E00132B3
S21402FBA0864505F10405F4D102B203EB8202D2784F
S21402FBB0FA7002B203EB8202D170307002B203EB2B
S21402FBC0820123F82240FF228A709DF80720FF2A2E
S21402FBD002D003EB8203987003B0F0BD0A461046CB
S21402FBE003EB8202D278FF2AF9D1CBE7FF20F3E7B4
S21402FBF0636C002063620020165B002064620020B3
S21402FC002DE9F843FFF776FFFF28044669D04FF642
S21402FC10FF72354F03B2DFF8DC80344E27F823201C
S21402FC2098F80050A54202D10020BDE8F883337848
S21402FC3020B28100A34207EB800090F803E010D0C8
S21402FC400023294A5FFA83F94D45944606D99CF863
S21402FC5003900133A14502F10402F3D18CF803E0CC
S21402FC6001E086F800E0013DEDB22A1BD2B2043173
S21402FC7092003944EBF72AFE88F800503378FF2BBF
S21402FC8004D0A34224BF03F1FF33337000214FF6A2
S21402FC90FF70154BCAB2AA420CD300234FF6FF716F
S21402FCA0134ADCB2AC42BBD2013332F8230088429C
S21402FCB0F7D1B5E79A78A2420BD11880DA78FF2AF4
S21402FCC004D0A24224BF02F1FF32DA7001310433BB
S21402FCD0E0E7FF2AF2D0A24224BF02F1FF329A7076
S21402FCE0ECE72D20A1E700BF165B00206362002030
S21402FCF0125B002064620020F8B51C4B05461B7898
S21402FD00084673B3FFF7F6FEFF28044629D02846B6
S21402FD10FFF7F0FEFF2806D0154B164E1A78002382
S21402FD20D9B2914218D3FF212846FFF711FFFF28C8
S21402FD30014616D00546104F23B207EB830237F86A
S21402FD4023009678FFF704FFA84208BFFF25FF2E80
S21402FD50214608D12846F8BD013316F82310814201
S21402FD60DED1FF25F6E73446E6E700BF636C0020E7
S21402FD7064620020145B0020165B00202DE9F0412F
S21402FD8080460E461F46002386B001A814469DF8FC
S21402FD9030508DF80330FEF7A7FCADF804802EB184
S21402FDA03368CDF806307368CDF80A3038460AF064
S21402FDB03BFB0DF103034219214601A804F078FF2C
S21402FDC09DF8033093B931464046E8F7C1FE0E4B24
S21402FDD01B785BB10B2C09D8FF214046FFF7B8FE13
S21402FDE0064605EB4404E4B2A54202D106B0BDE8DD
S21402FDF0F0812946384608F02BFC3146FFF7A8FE6C
S21402FE0002350646EDB2EFE7636C002000232DE9CB
S21402FE10F3470DF107028DF8073004460E4602F04E
S21402FE20F2FE9DF80730054663B92046FFF762FEEC
S21402FE3004465EB130880AF013FB5FFA80F8FF2CA6
S21402FE4045D10025284602B0BDE8F087B046F6E761
S21402FE5001320C2AF5D02DB207EB8505AD78FF2DC1
S21402FE60F6D112F0FF0AECD04FEA4A050235EDB29F
S21402FE70002EE7D0304605EB080108F0AEFB00285E
S21402FE80DFD1524641463088FFF788F90AF1FF3241
S21402FE9008F1010108F102093088D2B2C9B25FFA4C
S21402FEA089F9FFF77BF924B207EB8404A478FF2CC8
S21402FEB0C8D023B2494637F82320308808F0D8FB4A
S21402FEC00028BED109F102095FFA89F9EBE7254657
S21402FED00022014FBFE700BF165B002008B5D5F72A
S21402FEE0B5FDD5F785F900F04AFAD6F7D5FEBDE896
S21402FEF00840D4F72BBF10B5044601880120D5F779
S21402FF0063FEE3880BB9C823E38010BD37B5044609
S21402FF10D5F768FE658885420ED8A188E2888142B8
S21402FF2005D3431B5343491BB3FBF1F39AB280B28A
S21402FF3040EA024003B030BD0022F8E770B50C4636
S21402FF40088800F04BF994F84430054683420FD0F7
S21402FF5004F11C06304600F07CF984F8445000F0A8
S21402FF607CF9618BA0643046BDE8704000F06CB945
S21402FF7070BD38B5044690F844108378826CCB1A6C
S21402FF8059425941D4F74CFFE37893B1257985B9A4
S21402FF9000F063F90346A268218A04F11C009C1A49
S21402FFA08C4236BF52182946D11ABDE8384000F0B6
S21402FFB04BB938BD09B100F0FDB800F005B938B547
S21402FFC08388044603B3E3780088A17804F10C051D
S21402FFD0A3B10023B1FA81F1E3704909FFF7EAFF02
S21402FFE04FF6FF72A388218993421CBF03F1FF33A9
S21402FFF0A3802846BDE8384000F026B90123E37006
S214030000FFF7D8FFE188F4E738BD10B504468178DA
S2140300100088FFF7CFFF0123E3700023A38010BD02
S21403002010B581780446B1FA81F100884909FFF7D3
S214030030C1FF0023E370A38010BDFFF7F1BF70B5C7
S2140300400446054600262B4655F8040B10B11B1B29
S2140300500C2B00DD70BD237C8680002BF3D0637CE5
S21403006013B1FFF7D2FFEEE7FFF7DAFFEBE7FFF791
S214030070E6BF70B5044605464FF6FF762B4655F8A1
S214030080040B10B11B1B0C2B00DD70BD8388B34221
S214030090F4D04FF4FA724FF6FF731146D4F714FFF9
S2140300A0ECE709B100F086B800F08EB810B5044648
S2140300B0C0600830D5F7FAFE21792088B1FA81F1BD
S2140300C04909FFF7EEFFA37943B121796088B1FAB6
S2140300D081F1BDE810404909FFF7E3BF10BD00F00A
S2140300E0A9B80346184613F8012B8A4201D0002A02
S2140300F0F8D1704710B53B2104460068FFF7F1FFBF
S2140301000022034603F8012B2068236010BD10B5B8
S21403011040B1421E0A24002012F8013F303BD9B2F8
S214030120092900D910BD04FB0030F5E708B500F037
S2140301307EF808B540F2BA4200211020D5F7C2FC7B
S21403014041F2E823584340F6FF7300F2FF70B0FB1A
S214030150F3F080B208BD50F80C3C23B150F8041CF1
S21403016030F80E0C18477047084619B1FF211030B7
S21403017002F070BC704773B505460E466DBA14465A
S214030180D5F7CAFDADF804507EB1012C04D0032C7C
S21403019009D00022012101E02246022101A8D7F757
S2140301A08BFF02B070BD0022F7E7042132460DEB49
S2140301B00100F4E707B540BAADF8040001A8D7F785
S2140301C0AFFF03B05DF804FB07B540BAADF8040013
S2140301D001A8D7F7D1FF03B05DF804FB002307B5EA
S2140301E040BAADF804000DF1030101A88DF8033001
S2140301F0D7F7EEFF9DF8030003B05DF804FB007825
S21403020000F0DF03552B07D0642807D0663818BFE5
S2140302104FF0FF30C0B2704701207047032070478D
S21403022018B12D280CBF012002207047704708B56F
S21403023002F002F808B500F083F8BDE8084004F0C1
S21403024005BD50E9023018470A460830FF2102F080
S214030250F8BBFF21083002F005BC08B50AF07DFCA8
S214030260BDE8084009F094B913B500240DF1070062
S2140302708DF8074003F09CFC40B99DF8070003384F
S21403028003288CBF0020012002B010BD2046FBE7E8
S2140302902DE9F041044600274FF00C0E8F4202DB97
S2140302A00020BDE8F0812078904204D1002594F820
S2140302B00780454502DB01370C34EFE70EFB05F6F6
S2140302C0D4F808C00CEB06003CF806609E42E8D063
S2140302D00135EEE7F0B585B005460E461746D5F769
S2140302E03BFE0446A0B131462846D5F7EDFD83789C
S2140302F03A46002BA36831460293A3782846019317
S2140303004FF0000300930CBF80234023E4F7BCFEAA
S21403031005B0F0BD08B51288D5F71EFE50B10279B8
S214030320BDF80C309A4207D881680298EBF7CEFAEC
S214030330002008BD8620FCE78920FAE7D5F710BF22
S214030340002004F0FFBC08B504F064FD002814BFC9
S2140303500320002008BD10B50446FFF785FF20B133
S2140303602046BDE81040DFF7D5BD10BD08B5FFF742
S2140303707BFF18B1BDE80840DFF7BEBD08BD704778
S21403038008B502F043FAFFF7A9FDD5F755FF642039
S214030390DFF7D0FD6420DFF7BDFD02F039FAD4F7AE
S2140303A003FD08F04FFDF8E7642230B542F21075FE
S2140303B0418AB0F87E305143848A681A834202FB2E
S2140303C004F40AD2A3420AD91B1B02FB03F02144FE
S2140303D06D1AB0FBF5F0C0B230BD1046FCE7002046
S2140303E0FAE710B589B1632911D86424828A438A4F
S2140303F0624304FB0323C3F51C53103301FB03F0D2
S214030400B0FBF4F0104480B210BD0846FCE742F29D
S2140304101070F9E738B5037B0446002B36D0FFF798
S2140304201CFF217BE289022903D1238A002B18BFF4
S2140304301A466423534342F210721FBFD4F8845003
S214030440401B5043B0FBF3F20129B4F8883017D1B0
S214030450134442F21072934228BF13469BB2A4F889
S2140304607E302046FFF7A0FFA37D83420ED0A07503
S214030470082260784FF48171BDE83840FFF72ABF41
S214030480934201D39B1AE9E70023E8E738BD10B58A
S2140304900446B430FFF7DDFE04F1DC00BDE810408F
S2140304A0FFF7D7BE037BC189022B03D1038A002B38
S2140304B018BF1946642342F20F724B43DC30934253
S2140304C098BF6421FFF7C0BE10B50446FFF7A2FF2E
S2140304D0237B23B12046BDE81040FFF7E3BF10BDE2
S2140304E010B504464FF6FE71D6F748F8B4F88030D8
S2140304F02046A4F87E30FFF757FFA37D834208D03B
S214030500A075082260784FF48171BDE81040FFF7AC
S214030510E1BE10BDF8B50E460446154600F18C073D
S2140305203846FFF796FE29463846A4F87C60BDE8B1
S214030530F840FFF789BEF8B504460D46FFF78DFE73
S2140305404FF6FE71A36F8D42227BA0EB030717D1F4
S21403055062B94FF6FF75B4F87C30AB4205D004F1B0
S2140305608C00FFF776FEA4F87C50F8BDC72F1BD887
S214030570C8331A1A29462046BDE8F840FFF7CABF13
S214030580B4F87E60AE422CBF02260126B24211D1D9
S2140305904FF6FF76B4F87C30B34205D004F18C00F6
S2140305A0FFF757FEA4F87C6029462046BDE8F840CE
S2140305B0D5F7E4BFC72FDBD9002AF5D02046D5F7F9
S2140305C0DDFFC822D6E74FF6FF73994201D0FFF747
S2140305D0B2BF70474FF6FF72B0F87C10A0F87C20CD
S2140305E0FFF7F1BF42F21071FFF7A5BF0021FFF737
S2140305F0A2BF4FF6FE71FFF79EBF4FF601739942F7
S21403060010B5044603D14FF6FE71FFF794FF638AD5
S2140306102046322B84BF32236382A38A322B84BFC5
S2140306203223A382BDE81040D6F74EB8032910B58F
S21403063004462BD0007B30B9012903D002290CBF16
S2140306400120FF2010BD032A07D8DFE802F00208C6
S214030650101401291CD002291FD0FF20F2E700291D
S214030660FBD1B4F85C20012A12D0022AF4E704294D
S2140306700ED00529F0E7042914D0052914D0002943
S214030680EBD1B4F85C20111F0129ECD80220D9E77E
S2140306905A1E534253415800D4E7022B0CBF022084
S2140306A00120CFE70020CDE70120CBE730B587B0A8
S2140306B005460C46D5F742FD012820D11CB1611E24
S2140306C04B424B4158006B784FF480728DF80430E0
S2140306D04FF48273ADF806304FF48173ADF80830EB
S2140306E001238DF80B30002385F8900001A8CDE98F
S2140306F003238DF80A408DF81430D5F757FD07B05D
S21403070030BD41680346C978027B99B98168C978C8
S21403071099B9002A08BF0321D6F714B99B7B002B8F
S2140307200CBF01210221F7E79B7B002B0CBF0221A4
S2140307300121F1E7012AF1D17047012AF4D170476C
S214030740042910B5044604D831B1BDE81040D6F7E5
S2140307507DB905290DD010BD037B5522002B08BF9C
S2140307600321A0F85C1040781221FFF7B3FD204662
S214030770EBE743681A8A83681A82E6E70123037362
S2140307800378013343734FF44073C3810323037425
S2140307900023A0F85C3080F89030704738B50446E4
S2140307A00D4601B945890123E373FFF756FDFA2287
S2140307B002FB050020612089BDE838405043FFF75F
S2140307C0CABD10B50446806BD8B1E278022A04D0BD
S2140307D0636B5B7972B984F83C3094F83C306BB148
S2140307E0FFF713FC60784FF60272BDE8104006214F
S2140307F0FFF770BDB3FA83F35B09ECE7FFF710FC72
S214030800F0E710BD10B50446406BD4F7C5FB204691
S214030810BDE81040FFF7D5BF10B50446406BD4F7CC
S214030820DFFB2046BDE81040FFF7CBBF10B50446FC
S214030830406BD4F7FBFB2046BDE81040FFF7C1BF73
S21403084010B50446002206214078FFF743FDA3783F
S214030850022B01D0FF2B04D12046BDE81040D6F76B
S21403086057BC10BD4FF60273994210B5044601D12A
S214030870FFF7A7FFE378022B02D02046FFF7A1FF7E
S2140308802046BDE81040D6F743BC10B5D0F8A440C8
S2140308907CB103791BB14079D6F7FAFC48B9A38833
S2140308A03BB932222046BDE8104001231146D4F757
S2140308B00BBB10BD10B50446FFF7E7FFA2782379FC
S2140308C082B913B12046D6F709FD2046D6F746FD72
S2140308D003236078A4F86C305522BDE8104012213B
S2140308E0FFF7F8BC012B02D12046D6F7F7FCA37915
S2140308F0012B02D12046D6F731FD0123E9E710B5D7
S21403090083780446ABB9FFF7C0FFA3788BB9237986
S21403091013B12046D6F702FD2046D6F763FD04231F
S2140309206078A4F86C305522BDE810401221FFF71A
S214030930D1BCB4F86C30022B0DD02379032B02D133
S2140309402046D6F7CBFCA379032B02D12046D6F755
S21403095005FD0023E4E72046D6F786FDF9E782780F
S21403096083685AB9DB78002B14BF03230423A0F84B
S2140309706C30552212214078FFF7ACBC1A7922B9A5
S214030980DB78003B18BF0123F1E70223EFE77FB5CF
S21403099000239E6A0446B6F5804F0D460CD201A886
S2140309A0D6F70EFF039B5B0506D529462046336C18
S2140309B004B0BDE87040184704B070BD00239B6ABE
S2140309C0B3F5804F05D21B6BB3F5804F01D29B68FE
S2140309D018474FF4817070471FB500239A6AB2F523
S2140309E0804F04D340F2011005B05DF804FB126B90
S2140309F0B2F5804FF6D2012201A8CDE902338DF875
S214030A000420D6F7DDFE039BDB03EBD5029B1A0E11
S214030A10E8D0012A03D1C3F307430A2BE2D9002304
S214030A209B6A1B6B1B6C9847DEE708B50AF054FA03
S214030A30B0FA80F0400908BD134610B542B103432F
S214030A409B0707D10AF04CFAB0FA80F0400910BDB4
S214030A500120FCE70020FAE70023036070470368E1
S214030A600B600160704710B538B132B129B100236D
S214030A700139D45C14B90023037010BD8B42FAD23B
S214030A8000F8014B0133F4E7034638B100208142F6
S214030A9004D01A5C02B970470130F8E770474FF08C
S214030AA0FF31FFF7F1BF70B50C461646054660B139
S214030AB05AB151B1FFF7F3FF844206D9211A3246E1
S214030AC02844BDE87040FFF7CEBF70BDFEE7FEE7E3
S214030AD000239A4200D1704710B550F8234041F8DE
S214030AE0234001339A42F8D110BDD7F7C9BA4369F8
S214030AF0426CD91C143AB1FBF2F103EBC10003308C
S214030B00B0FBF2F00230704738B505460C46FFF7E7
S214030B10EEFF6A6CE31D143AB3FBF2F3013304EB06
S214030B20C30402FB004038BD38B505464469214678
S214030B30FFF7EAFF6A6CE31D143AB3FBF2F30133E3
S214030B4004EBC304204438BDF7B507460E4600251C
S214030B507C6CA819644280EA06031C4003D02C462A
S214030B60204603B0F0BDFB6B01225B6901A99847E1
S214030B70019B0133F4D10435EAE770B505460C460C
S214030B80D9F754F8EB6B2046BDE87040DB6818478E
S214030B9070B50025044686B00562E369AB4202D809
S214030BA0206A06B070BD666C2068E36B05225B693D
S214030BB001A906FB0500984701A800F023FC00F0F6
S214030BC046FC10B1236A013323620135E5E738B5E5
S214030BD00446456C006804F1400305FB0101E06B25
S214030BE000F042FC05462046FFF7D2FF284638BDF4
S214030BF0F0B50546002687B0EC69013CB44203D83D
S214030C000C46204607B0F0BD01B14C1E6F6C286839
S214030C10EB6B05225B6901A907FB0400984701A853
S214030C2000F0F0FB00F013FC0028EAD12146013661
S214030C30E2E7F0B504460D46466CE36B006887B002
S214030C4005225B6901A906FB0500984701A800F089
S214030C50D9FB00F0FCFB20B101A800F0AAFB07B00B
S214030C60F0BD29462046FFF7C3FF0646676C20689B
S214030C70E36B05225B6901A907FB0600984701A8F9
S214030C8000F097FB431CEAD0B54238BF0130E6E7D5
S214030C902DE9F0434FF6FF79D0F8248004460E463C
S214030CA0C84514BF45460025002787B0E369BB4205
S214030CB002D807B0BDE8F083E26B2368606CD2F815
S214030CC014C000FB0530052201A9E04701A800F087
S214030CD099FB022806D0C8450CD1721C294620462B
S214030CE0FFF775FFE3690135B5FBF3F2013703FB45
S214030CF01255DBE729462046FFF79BFFB0F1FF3F7F
S214030D0014BF024632460132E8E70368F0B5CC1A50
S214030D10436C0646B4FBF3F4002587B0F3693768E3
S214030D205A1E9542706C08D3706C336800FB04300F
S214030D3007B0BDE8F04000F095BB0134B4FBF3F216
S214030D4003FB1244F36B05225B6901A900FB0470E5
S214030D50984701A800F056FB00F079FB0028E3D182
S214030D600135DBE710B423F0030422449B070A444F
S214030D70436C18BF04325B4281EA0204234203D069
S214030D805DF8044BFFF7C1BF10465DF8044B704790
S214030D902DE9F041D0E90A369E42044686B028D1B2
S214030DA01422C369456802FB1355284606B0BDE8FE
S214030DB0F0812068676C331AB3FBF7F3E26B07FB2B
S214030DC00300D2F8148001A90522C04701A800F049
S214030DD019FB012804D0636C1D44013B3340ED1A14
S214030DE031462046FFF791FF0646A36AB342E0D199
S214030DF0DBE70025F9E708B508301346D1E900120A
S214030E00D8F79AFE012008BD13B50C4600212176BB
S214030E100093616813462246D7F788FA18B1E37D34
S214030E2003B1A07EA075A07D02B010BD73B51646B3
S214030E3000F108050C46284609680DF1070200F084
S214030E4098F9032E06D16368834203D128462168A6
S214030E5000F076F9012002B070BDD01E009B42421E
S214030E604241187E824211D11A688A420ED85A68C5
S214030E708A420BD35A6901325A61D3E9030282428A
S214030E803FBF986840F8221001321A61012070476C
S214030E9010B5032A029C07D1A26A5340626C5242E1
S214030EA0134201D100F04CF9012010BD08B5C36808
S214030EB000209847BDE80840D8F7C0BE012814BFF5
S214030EC00420022070B5002442431C70CC7D101D04
S214030ED002F002024CB91AB1012220F003001A7084
S214030EE000F108034868184470BD1AB1012220F0C7
S214030EF003001A7000230C7E01F12005DAB2A24229
S214030F0001D30020F0E735F833205E1C824206D971
S214030F1001EBC30300F10802D8691044E4E7334643
S214030F20801AEBE773B5054690F842601C463046D8
S214030F300DF10303FFF7C2FFEB6B012E5B690DD1C7
S214030F40324601A998479DF8033013B1BDF8063021
S214030F500193BDF80430236002B070BD0122214620
S214030F6002B0BDE870401847F0B50546002448684F
S214030F70EB6B87B00E4601225B69029402A9083028
S214030F809847274695F84230012B40F0AC80632CF7
S214030F9000F2AB80612C08D805AB224631462846C2
S214030FA0FFF7C0FF9DF814305BB305AB224631460E
S214030FB028468DF81070FFF7B5FF95F84230012BE1
S214030FC0059B7FD14FF6FF72934256D0082205A9A0
S214030FD004A800F063FA059B9DF81010C3F30722DC
S214030FE091424AD1DBB2029A1A44029245E0DCD01F
S214030FF005AB224631462846FFF794FFBDF814306A
S214031000D2E795F84230012B39D1612C2ED82246EF
S2140310103146284603ABFFF785FF3146284604AB27
S214031020621CFFF77FFF3146284605ABA21CFFF77D
S21403103079FF102208230DEB02010DF107008DF84E
S214031040073000F02BFA102205A90DF1070000F077
S21403105025FA039BDAB24AB99DF80720B2EB132FA1
S21403106004D1DDE9043203EB0243029395F84230E0
S214031070012B14BF012302231C44013482E7302CC6
S214031080F4D822463146284603ABFFF74BFF3146DA
S214031090284604AB621CFFF745FF102320220DEB06
S2140310A003010DF107008DF8073000F0F7F9039BF5
S2140310B09AB2002ADAD19DF80720B2EB134FD5D1A6
S2140310C0049BD2E70133D8D0102205A90DEB02000A
S2140310D000F0E4F9059B9DF81010C3F30742914214
S2140310E0CBD19BB27FE7312C81D9029807B0F0BDF4
S2140310F013B500240194049C0094D7F7F3FD02B0C3
S21403110010BD13B501240194049C0094D7F7EAFD9F
S21403111002B010BD00234FF0FF3230B544689C4246
S21403112002D10023037230BD016801EBC30541F809
S21403113033206A600133F2E7C0E90012FFF7EABF23
S2140311400023F0B545689D4210D00468DF0054F8CC
S214031150332004EBC306B2F1FF3F08D0C2F31302F9
S214031160914204D14FF0FF33E3517360F0BD013376
S214031170E9E70023F0B545689D4202D14FF0FF3002
S2140311800EE00468DE0054F83340671C09D0C4F34D
S2140311901307B94205D1240D147003683344586805
S2140311A0F0BD0133E8E7704770B594002246054664
S2140311B00E4609F095FE431C0AD058B9224631461E
S2140311C02846EAF77DFE002814BF3D20002070BDA8
S2140311D06E20FCE77120FAE713B5044601A8D9F799
S2140311E0ABFD9DF8063023804FF480736380D9F7F8
S2140311F0B1FD6060002002B010BDD9F721BD08B56F
S214031200D9F712FD002008BD10B5044644EA0103D1
S21403121013F00303084609D1934201D1002010BD01
S21403122054F8231040F823100133F5E721469200C3
S214031230EAF78AFCF2E710B5044609F04DFE431CB4
S21403124010D088B9D9F786FD234620F00300204442
S214031250984201D1002010BD53F8042B0132F7D079
S2140312603E20F8E76E20F6E77120F4E7704713B5E3
S2140312700023044601461B220DF107008DF80730B4
S21403128000F00CF922689DF80730B3EBD26F0CBF61
S2140312900120002002B010BD13B50023044601460A
S2140312A020220DF107008DF8073000F0F7F80DF156
S2140312B007001A22211D00F0F1F862689DF8073036
S2140312C0B3EB926F0CBF0120002002B010BD006884
S2140312D0431C584258417047006810F07E0F0CBFFD
S2140312E0C0F3C160002070470068C0F3D310704796
S2140312F0006800F07F0001288CBF002001207047A3
S214031300036813F07E0F14BF042008207047036899
S21403131013F07E0F03D1406820F07C40704713F033
S21403132078001CBF03F07F03D81F7047006800F0E7
S2140313307F007047032809D0022803D1C1F10201B8
S214031340C8B2704700290CBF07200020704737B586
S214031350054601F10C044369694601222046984775
S214031360BDF80030012201932046AB6901A99847D6
S21403137003B030BD37B501F10C0443690122694659
S2140313800546204698474FF6FF72009B99B2914256
S2140313900DD16FF30F0343F4254343F0A5030193E5
S2140313A001222046AB6901A9984703B030BD00204F
S2140313B0FBE737B5044600251B22011D0DF1070088
S2140313C08DF8075000F06AF860689DF80720B2EBC6
S2140313D0D06F03D120F0784003B030BD0DF1070085
S2140313E01B2204F108018DF8075000F057F8A06897
S2140313F09DF80730B3EBD06F01D1C043EAE74FF057
S214031400FF30E9E74BF29A22036810B5B2EB134FAD
S214031410044613D19BB2012B13D1FFF7CAFF013049
S2140314200CD04FF6FF72E068B2EB104F4FEA104352
S21403143009D180B2C01A18BF012010BD236801333A
S21403144003D00420F9E70220F7E70320F5E7012895
S2140314508CBF002001207047033801288CBF002072
S21403146001207047143070472DE9F0410546984631
S214031470036908460E4617469847044638B9434656
S2140314803A4631462846D8F749FC044618B1314651
S2140314902846FFF75CFF2046BDE8F0811F2A0B684D
S2140314A09EBF4FF0FF3191408B43590801F05531F1
S2140314B05B1A03F033319B0803F033330B44017894
S2140314C003EB13130A444FF0013103F00F334B437E
S2140314D0A2EB13620270704708B507F05BFBBDE82A
S2140314E008400021D8F724BD02210320D8F71EBFE9
S2140314F0704770477047704770B5054614460E46EA
S21403150009F0D1F92B685C4034405C402C60BDE8A0
S214031510704009F0C3B910B5002422B1032A0CD0D9
S2140315200360047110BD11F4000218BF4FF07F4230
S21403153021F07F4313430C0EF2E721F0FF03CCB2F6
S214031540EEE730B5012400F5805345685C60CB7840
S2140315504A785B0443EA02230A7813438A78120420
S21403156002F480321343C0F89830EB075CBF00F5F3
S2140315700050446030BD70B501260C46054600F5A4
S21403158000535E600B78497803F0070343EAC10310
S214031590E17843EA0123A178090101F030010B4306
S2140315A00367C36AA17923F48B3323F4807343EA76
S2140315B001432179090201F4E0610B4361790903D0
S2140315C001F480510B43C3621146FFF7BAFF05F5DA
S2140315D080535E60E37903B1EE6070BD08B50A6FB1
S2140315E0C96F02F00702FFF796FF08BD13B504465E
S2140315F001A8D9F7A1FB042C04D8DFE804F00616EB
S21403160003101300002002B010BD40F29C4040F2CD
S214031610BA439DF80520012A08BF1846F3E740F6AB
S214031620B830F0E74FF41660EDE740F2E240EAE741
S2140316304FF050234FF400321A6770474FF0B04311
S2140316405A6812B19A6A002AFAD1704770B50546ED
S21403165014460E4609F027F92B685C4034405C407C
S2140316602C60BDE8704009F019B90122417803786F
S2140316708A4030214B4342F2100103F1A04303F5A5
S21403168070335A50704721FA00F2D20730B503463A
S21403169000F0FC040FD500220132D2B2042A02D194
S2140316A04FF0FF3008E0831803F00303234421FAC6
S2140316B003F5ED07F0D4184630BD00207047002030
S2140316C070470020704700207047012070470120B4
S2140316D070470F207047EBF70DB9002307B5CDE928
S2140316E00033012369464FF0FF308DF8023004F0D3
S2140316F058FB03B05DF804FB0020704710B508B92B
S214031700212010BD0029FBD0036813F0704205D1D9
S214031710C3F30E030B607BB10020F2E703F05044E3
S214031720B4F1004F05D0B2F1304F02D0B2F1404FC2
S214031730E6D103F07F03EDE74368002BE0D00B60B0
S214031740EAE737B50C46054610B9212003B030BD8D
S2140317500029FAD0002301A90193FFF7CFFF002841
S214031760F4D12968019A11F0704102F1030222F0C4
S214031770030201D12260E9E7AD68B1F1004FC5F37A
S2140317808033C5F3403504D103EB4503534323604D
S214031790DCE7B1F1204F01D12B44F7E7B1F1304F2D
S2140317A0FAD0B1F1404FF7D0CFE737B50C46054630
S2140317B0002800F08780002900F0848000230B6057
S2140317C0036803F070430B60C26822B1032A79D121
S2140317D043F080630B60AB689A0149D403F08073CF
S2140317E0EA680AB9002B6DD1226822F040721343CF
S2140317F02360EA68032A05D12A69F62A62D962F3C6
S21403180017432360AB681B0442BF236843F40043BB
S2140318102360EB68032B1FBF23682A6862F30E035B
S21403182023602B68AA68002B2ADB12F4C84F49D121
S2140318302B6803F0704303F10043B3F1804F05D2E6
S214031840530542BF236843F480632360002328467E
S21403185001A90193FFF752FF40B92B6813F07042BA
S2140318601FD12368019A62F30E03236003B030BDD1
S21403187003F04073B3F1407F18BF4FF00073AFE738
S214031880500402F4005105D4E1B1236843F4005335
S2140318902360CDE7236843F4804323600029C7D041
S2140318A0F3E703F05043B3F1004F05D0B2F1304FE6
S2140318B002D0B2F1404F05D1019B5A1E236862F352
S2140318C00603D2E72120D1E738B131B101234B60BB
S2140318D04FF0005300208B6070472120704737B5C8
S2140318E00C46054608B9212016E00029FBD0012343
S2140318F04B60C368A3B901A90193FFF722FF58B948
S214031900019B6A699A4209D32A69002AEBD02260AE
S21403191043F000530020A36003B030BD1D20FBE757
S214031920032BE0D10023F5E7436813B94160704702
S2140319305B685A68012AFBD159607047FFF7DCBE23
S21403194008B5FFF7D9FE002814BF6FF092000020F9
S21403195008BD1346428870B50732072A0C464FEA7D
S214031960D20101D0A14222D146680588202218461A
S2140319700021E9F759FF360A0346DEB9BCB141F246
S2140319800102954205D0B5F5885F02D0B5F5905FA4
S21403199002D100205C6070BDB5F5105F0DD1182C28
S2140319A003D0202C01D0102C01D11C60F1E76FF07E
S2140319B08600F0E76FF08B00EDE76FF08500EAE74F
S2140319C0F0B51C46436806461B0A0F46154689B003
S2140319D035D122462946FFF7BCFF68B9EB1C23F036
S2140319E00303C4E90307636145B9202200212046A7
S2140319F0E9F71AFF6FF0860009B0F0BD0146202212
S214031A006846E9F711FF6A4629463046FFF7A1FF05
S214031A100028EAD12368009A9A42E6D16368019ABD
S214031A209A42E2D1A368029A9A42DED1A369069A41
S214031A309A42DAD1E369079A9A42DDD0D5E76FF086
S214031A408B00D9E7D9F7C0BCD9F7DABD70470020B9
S214031A50704700207047C3681944836853F8210011
S214031A6030F8023B13607047012310B580F88830C6
S214031A700378044653B100F061FA21462046D9F7AD
S214031A80B1FE2046BDE8104000F04DBA10BD38B593
S214031A900D460446D9F78EFE6B682046C4F8B0326E
S214031AA0A96800F096F94FF0FF332046C4F8B43225
S214031AB0FFF7CDFF38BDD0F8B43210B50133044676
S214031AC001D0002010BD00F0BCFAC4F8B402013007
S214031AD0F7D194F8B80280F00100F3E708B5D9F718
S214031AE0A5FE08BD0A7801382D2A0ABF0122002266
S214031AF08918D9F7F7BE07281BD8DFE800F0060ACF
S214031B000D10131504170120704700220820D9F77B
S214031B10E9BE00221020FAE700222020F7E708207B
S214031B20FFF7E0BF1020FBE72020F9E70846D9F7C8
S214031B303BBF002070472DE9F74307280C46DDE935
S214031B400A7690461D4608D8013806280AD8DFE8E4
S214031B5000F01D27303A44574A00212850D003B0DE
S214031B60BDE8F083002220461146E9F729FE3368D4
S214031B70C0B205EB83013A6845F82300013348F801
S214031B80221033603B6801333B60E8E700222046BF
S214031B901146E9F715FE336880B205EB8301EAE7E1
S214031BA0002220461146E9F70BFE336805EB830156
S214031BB0E1E7002220461146E9F7B0FF336840B25A
S214031BC005EB8301D7E7002220461146E9F7A6FF77
S214031BD0336800B205EB8301CDE7002220461146A9
S214031BE0E9F79CFFE1E7002389461E461D468DF86C
S214031BF0063019F8013F7D2B06D125702D0A657036
S214031C003B6848F82340BDE7202BF2D006F00102DC
S214031C10013612B98DF80430EBE71022002101A833
S214031C208DF80530E9F77AFF631901359870ADB280
S214031C30DFE72DE9F04F9B46002385B08B458146B1
S214031C4088469246CDE902336BDC1A461E4619F8DF
S214031C500340212C09D81F2C04D8103C072C98BF0E
S214031C60012200E001260133F1E7FF2CFBD15B44A0
S214031C7036B1013B43450ADD2B2005B0BDE8F08FA6
S214031C8062B1013B4345F7DC3546374602E00025A3
S214031C902F462E46454504DB0020EEE79845F3D055
S214031CA0EAE75D453BDB19F80730202B18D109EB33
S214031CB007035B78FF2BDFD1CEB920465AF82510F1
S214031CC0FFF719FF78B303AB019302AB00932046EB
S214031CD0DDE90E235AF82510FFF72DFF0135D9E766
S214031CE0212B0ED109EB07035B78FF2BC4D1029B94
S214031CF05AF825200E99012641F823200133029332
S214031D00ECE7A3F11004072C02D91C460137D3E7EE
S214031D1009EB07035B78FF2BAED1E4B2CCE70624CE
S214031D20CAE72120A9E72620A7E72DE9F04F0746B3
S214031D300E4615469846044685B0DDF84490DDE920
S214031D400FAB206808B3DAF80020D8F800108A42F0
S214031D501BDA0E9B53F82210D6F7C6F848BBDAF800
S214031D6000200132CAF800206268117BFE291BD1CD
S214031D700E9B1068012100932A464346CDE902B91B
S214031D80CDF804A0FFF7D1FF04462B7843B999F8A2
S214031D9000302BB97EB101233C4689F800302B7006
S214031DA0204605B0BDE8F08F01238BF800302B707A
S214031DB0EBE70C34C5E73446F2E710B50446236870
S214031DC003B910BD237A13B92046D9F723FE0C3482
S214031DD0F5E710B541B10A7932B901249C300C718C
S214031DE0FEF73DFE204610BD0020FCE72DE9F0413E
S214031DF0BAB005460AAA084603A900F05FF90446E6
S214031E00B0B90DF10A0301930DF10B038DF80A0027
S214031E1000930AAA284604AB03A9D9F7ABFF9DF89B
S214031E200A20B2B19DF80B2048B12AB1D9F7F2FDCA
S214031E3020463AB0BDE8F081FFF7BFFFF8E7D5F8D4
S214031E409C50002DF4D0A86808B1FFF7B6FF2D68A4
S214031E50F7E700B346681AAB06F10C082AAF0193FE
S214031E604046049B039900970AAAFFF7E2FE04463E
S214031E700028DDD1039B05A8CDE90637049B05950D
S214031E80CDE90838DBF73EFA05A83368984705A876
S214031E9000F03FFDCCE72D24CAE710B50446AC306E
S214031EA0E9F7BEFB04F1AB031A180020934200D1F6
S214031EB010BD13F8011F0029FAD00A2908BF013004
S214031EC0F4E70023F0B50B6013600646D0F8AC02C7
S214031ED078B196F8AC0060B1012406F1AC07D6F8E9
S214031EE0AC02844210D306F1AC00B3F5007F10D3E6
S214031EF00120F0BD0D6801350D60156801351560CC
S214031F00F85C01330A2802D0B3F5007FF2D301341C
S214031F10E5E7C15C0A29EBD00029E9D01168013353
S214031F2001311160E1E710B50021D0F88C2004469A
S214031F30E9F77AFC0023C4E9243310BD73B50446DD
S214031F4000F1AC0580212046FEF79EFD4FF400719C
S214031F5006462846FEF798FD0136C0F50070864211
S214031F6020461FD8E9F75CFB06462846E9F758FBE8
S214031F7001362946421CA819E9F7A8FC2046E9F7CA
S214031F804FFB214602462846E9F7DEFD2046E9F7E1
S214031F9047FB0A23204480F8AC300023C4F8AC3255
S214031FA002B070BDFFF779FF01AAC4F8AC02694618
S214031FB02046FFF786FF0022009B234483F8AC20CD
S214031FC0C0E773B50D460446FFF767FF6B1C19D1D0
S214031FD0D4F8AC3213B1013BC4F8AC32002520462A
S214031FE0E9F71EFBA84215D82046FFF79CFFD4F856
S214031FF0AC322BB16946204601AAFFF762FFA0B9AF
S21403200002B070BD012DFBD1D4F8AC328342F7D2B7
S2140320100133E1E7082000F023F8202000F020F841
S214032020082000F01DF80135D9E7009D04F1AC0641
S214032030019BAB42E4D9715D2046D9F7C9FF013550
S214032040F6E707B500200DF1070100F0E7F820B921
S2140320509DF8070003B05DF804FB4FF0FF30F9E787
S21403206010B5C1B20446002000F0C8F800280CBF23
S21403207020464FF0FF3010BD0FB407B504AA52F840
S214032080041B00200192DAF73FF9002003B05DF845
S21403209004EB04B0704710B54C1C0B460119045DE5
S2140320A0222C03D07B2C01D05C2C05D1D21A1844E9
S2140320B0E9F70CFC012010BD0020FCE72DE9F047F2
S2140320C0054691468846E9F7ABFA2A46064613467E
S2140320D0197801322029FAD0C9F800305C1B012395
S2140320E06FF0404AC8F80030A64201D8002014E03A
S2140320F02F5D29197B2F12D0222F2ED1D8F800302E
S214032100621C53442A4449F82320012C09D911F8A8
S214032110013C13F0DF0F04D02120BDE8F0877D27B4
S214032120F3E701342B5DBB4209D12B195B7813F01F
S214032130DF03F1D1222F00D12B550134D4E75C2BDA
S21403214007D1324621462846FFF7A5FF0028E3D0ED
S214032150013E0134A642E5D8DEE75C2F08D13246BD
S21403216021462846FFF797FF0028D5D0013EE4E72F
S214032170202FE2D10022631CB3420A70DDD2EA1894
S214032180EB5C202BD9D0D8F800300F2B05DC49F8B0
S21403219023200133C8F80030CFE71E20BDE700F048
S2140321A000B800207047D5F78DBE70B50C461546AF
S2140321B010B9DAF79DF838B143682BB12A462146A1
S2140321C0BDE8704000681847232070BDF7B50D467C
S2140321D016461C4638B9DAF78BF804B901AC20B9B1
S2140321E0232003B0F0BD03B901ACC768002FF7D0B6
S2140321F02346324629460068B847F2E707B5012268
S2140322008DF807100DF10701FFF7CFFF03B05DF858
S21403221004FB0B4601461846FFF7F0BF00230122D6
S214032220FFF7D4BF08B508F039FCFA23B0FBF3F088
S21403223080B208BD0420704740F20160DAF74EB959
S2140322407047012070470020704749BA89B280EA78
S2140322500103C3F303125340180380B258405B01D3
S21403226003F4FF535840704708B5DAF703FD58B137
S214032270A0F15903042B06D8042B04D8DFE803F097
S2140322800404040304005C2008BDDAF74BBE704761
S214032290F8B50C468D18073552421540A5F10807C8
S2140322A00646384600F0DFF9A188381B628801EB42
S2140322B0E00189B2A2EBE00225F8041C25F8062CFF
S2140322C0A288C310AAB1A4EBC202B2F802C0D1809E
S2140322D003EB0C015180E28892B1D31A9BB204EB54
S2140322E0C20425F8023CA380B3680344B3603846AF
S2140322F0F8BD15F8082C42F0020205F8082CEAE7A8
S21403230025F8022CF0E72DE9F04F4FF0000887B0D0
S2140323109946531C109B0546174614BF14460824BB
S214032320CDF81480002B00F0C580C3F80080002988
S21403233000F0C28042688A4240F2BE80073121F034
S214032340070608F0BDFA05AACDE9008282463A469A
S2140323504B463146284600F08AF9059F834607B167
S21403236030B9504608F0A7FA192007B0BDE8F08F39
S214032370B7F8028029694FEAC802C0EBC8080139DA
S214032380B8F1270F29617AD9B9F1000F51D18642E6
S21403239006F1080848D0224639462846FFF778FF54
S2140323A004460590059B9844404600F05CF9059961
S2140323B006F10F004A88C308A2EBD002A8F8022051
S2140323C0CA88A8F80430002A30D0D31A9BB201EB8F
S2140323D0C202A8F8063093808B88F608A380B8F864
S2140323E004303A46E380414600232846668000F0E0
S2140323F0A6F9AB680833AB60237843F00103237078
S2140324002B6901332B616288AB68504603EBC2032A
S214032410EA68AB60934288BFEB6008F04CFA109B07
S214032420083400201C60A0E73C46BBE7A8F806205B
S214032430D2E707EB08042046039200F014F90BF1E9
S2140324400703DB080599638008F10703DB08A3800D
S214032450CB8893B1DB00039AD81D821A5A44C2F381
S214032460CF020B44E2809A80A38808F1FF384FEA34
S214032470D808A1F80280CB80BBE7E380F4E7B9F184
S214032480010F1BD107F10803B3FBF4F204FB12336D
S214032490B3B1224639462846FFF7FAFE04462378A8
S2140324A03A4643F00103237021460123284600F0F1
S2140324B046F9A8E7222058E7212056E78642E8D1C6
S2140324C03C46ECE707B500224FF0FF3101AB019223
S2140324D0DAF788F9019803B05DF804FB2DE9F74FA6
S2140324E004460D46002900F0AB80D0E9056808F0E5
S2140324F0E7F915F8087C35F8061CFB07009000D5AD
S21403250031B9009808F0D7F9012003B0BDE8F08F81
S214032510A368D4F8109035F804ECA3EBC10B09F1CB
S2140325200103A5F1080C4A1CC4F808B02361BEF1E8
S214032530000F7BD0ACEBCE03D888B3F802A0019093
S214032540187807F00207C00765D4002F64D10198F6
S214032550A0EB0A07012F69D18A1CABF10807524486
S214032560C4F81090A76035F802ECBEF1000F61D0F6
S214032570D4E900700CEBCE0A07EB0009CA4559D222
S2140325801CF83EC057461CF0010C15D1AEEB0101FA
S214032590012911D1BAF80210AAF802C001310A447F
S2140325A0BAF80610002943D00AEBC107216901399E
S2140325B02161A1680839A16015F8081C013A21F0C9
S2140325C0010105F8081C002125F8061C5A801A7814
S2140325D061F300021A707FB3C3F107023A44C2F3F1
S2140325E0CF02DA80BA804EB3B34227D37288002A6A
S2140325F008BF1E46B8F1000F06D0434504D8B8F806
S2140326000220002A18BF43460098C4E9056308F071
S21403261052F9002079E74FB115F8087C724427F089
S214032620020705F8087C00279F809CE763469AE725
S2140326300F46BBE70027BFE7DF80D4E71E46D9E790
S214032640222062E710B50446DAF7E4F82146BDE82F
S2140326501040FFF743BFFFF7F5BF0846FFF732BF4B
S2140326600846FFF7F8BF0023036043607047F0B5E2
S214032670D0E90554561C08BF0822002B4FF0000073
S21403268008BF2C46DDF818C0CCF80000002C37D065
S2140326909DF814706588FF0007EBC505C2F1000EB0
S2140326A02078C00708D51BBBE088A0B104EBC004A4
S2140326B0658807EBC505F3E78D42F4D363B904F1E8
S2140326C00806B6FBF2F002FB106670180EB1A842BD
S2140326D0EAD8CCF80040F0BD082A0FD06088013055
S2140326E004EBC000461A06EA0E06801B8542F0D2AB
S2140326F0A0880028EFD0A4EBC004D9E70846E8E793
S2140327002046E8E703460069C0B10AB951B91A681A
S21403271010460378DB0711D531B9C3885BB100EBEC
S214032720C300F6E79A69F3E7012904D1838823B146
S214032730A0EBC300EDE700207047184670472DE96D
S214032740F041D0E90554074688461646ABB1954294
S21403275000D00ABB424600213846FFF7D3FFB442F7
S214032760054600D02EB9424601213846FFF7CAFF78
S2140327700446C7E90554BDE8F081954208D08D426A
S21403278028BF0D46B44205D0444538BF4446F0E75B
S2140327900D46F7E74446ECE79442EAD1E3E770B523
S2140327A000261C46C3E90001C3E90266C3E9050027
S2140327B01E611A775E62FFF756FF23690139C9085F
S2140327C0013341802361A36830460833A360E3687E
S2140327D00833E36070BD002307B5684600938DF8A1
S2140327E00430D7F793FF03B05DF804FB10B508F089
S2140327F05AF8044606F060FA2046BDE8104008F092
S2140328004DB870474FF4C870DAF764B8DAF716B9FC
S21403281000F01CB87047704708B503F001F903F0E1
S21403282009F903F010F903F01FF9BDE8084003F0B7
S2140328302EB9704708B503F0EEF803F0EDF803F091
S214032840ECF803F0ECF8FFF7F4FF08BD08B503F067
S2140328501FF903F01EF903F01EF9BDE8084003F064
S21403286021B97047012070472DE9F34112F00105A5
S2140328700446884622D110F0030525D12F46520878
S214032880BA4209D1D8F7D0F90026B74204EB86003E
S21403289008D1D8F7D5F911E054F8273001330CD115
S2140328A00137EDE7042258F826300DEB02010193B9
S2140328B008F016FB30B1D8F7C3F93D25284602B019
S2140328C0BDE8F0810136E0E70125F7E77047B0F190
S2140328D0006F0FD300F07843B3F1006F0CD000F015
S2140328E06040B0F1404F09D0B0F1604F14BF0420F0
S2140328F0032070470020704701207047022070476E
S214032900002070471AB111B180B2DAF70BBB212051
S214032910704701F056BEE3F735BCFFF78DBCD0E930
S214032920023253F8223000211878E3F77DB8704757
S21403293002F08CB901F0DABDC3688268013BDBB2F2
S21403294052F823305B78652B02D10020E5F7BCBB39
S2140329506E2B01D10120F9E7662B01D10220F5E7A2
S214032960704710B5D0E90232044653F8223018787F
S21403297002F046FAE368A268013352F82330BDE852
S2140329801040187802F03ABA10B50446C0B2DBF726
S21403299097FC200ABDE81040DBF792BCD0E9023270
S2140329A053F822301878DBF793BD02F0E1B9E4F769
S2140329B089B808B501F0B8FEBDE80840E5F772BA75
S2140329C0D0E9023253F82230186801F0ABBE00207B
S2140329D0E5F76EBB0120E5F76BBB0221DBF70EBD07
S2140329E00321DBF70BBD0521DBF708BD08B5014660
S2140329F00C20DBF7DFFCBDE80840DBF76DBC08B551
S214032A0001460020DBF7D6FCBDE80840DBF764BCD4
S214032A1007B5C2688368043253F8223001211B8845
S214032A200DF10602ADF806300023DCF76BFA03B0AF
S214032A305DF804FB08B508F045F8BDE80840F1F773
S214032A40EFBC10B51446DCF779FD2146BDE810400F
S214032A5007F0D6BD08B5DCF771FDBDE808400021D8
S214032A6007F0CEBD08B5DCF769FDBDE80840F1F711
S214032A700DB908B5DCF762FDBDE8084008F085B976
S214032A8008B5DCF75BFDBDE80840F1F7EBB8704727
S214032A90704708B508F016F8FFF7FAFF03F065F875
S214032AA0BDE80840DCF796BD70470120704701205B
S214032AB0704708B5DCF72AFE00280CBF0420012067
S214032AC008BD70472DE9F34104460D4616461F46DA
S214032AD0DDF8208008F08EF83B463246294620462D
S214032AE0CDF8008003F043F83B463246294620469D
S214032AF0CDF80080FFF7E5FF02B0BDE8F04101F036
S214032B0060BD2DE9FF4704460D4616461F46BDF831
S214032B1030809DF83490DDF838A008F06BF83B461B
S214032B20324629462046CDE9019ACDF8008000F0CA
S214032B30FDFF04B0BDE8F04701F043BD704708B59C
S214032B4008F058F803F016F8FFF7F8FFBDE808405A
S214032B5001F037BD012070472DE9F74304460D46C3
S214032B6016461F469DF8289008F044F83B46324622
S214032B7029462046CDF80090FFF7ECFF80463B46FB
S214032B80324629462046CDF8009002F0F4FF01F0C5
S214032B9018FD404603B0BDE8F083012070472DE9D9
S214032BA0F74304460D4616461F469DF8289008F040
S214032BB021F83B46324629462046CDF80090FFF7DB
S214032BC0ECFF80463B46324629462046CDF8009029
S214032BD002F0D2FF01F0F5FC404603B0BDE8F083F7
S214032BE0F8B504460D4616461F4608F003F83B465E
S214032BF032462946204602F0C0FFBDE8F84001F001
S214032C00E0BC00207047F8B504460D46164607F0AC
S214032C10F1FF324629462046FFF7F3FF07463246C2
S214032C202946204602F0AAFF01F0CBFC3846F8BD41
S214032C3038B504460D4607F0DDFF2946204602F068
S214032C409EFFBDE8384001F0BCBC10B5044607F053
S214032C50D1FF204602F094FF2046FDF76FFBBDE848
S214032C60104001F0AEBC704738B504460D4607F079
S214032C70C1FF2946204602F095FF29462046FFF766
S214032C80F2FFBDE8384001F09CBC704770B50446BF
S214032C900D46164607F0AEFF32462946204602F09A
S214032CA083FF324629462046FFF7EFFFBDE8704014
S214032CB001F087BC704738B504460D4607F09AFF07
S214032CC02946204602F072FF29462046FFF7F2FF08
S214032CD0BDE8384001F075BC704738B5054607F0C7
S214032CE089FF284600F0EFFE04460146284601F019
S214032CF0ABFF01F066FC204638BD38B504460D46EA
S214032D0002F056FF29462046FFF7E6FF38BD704718
S214032D1038B5054607F06EFF2846E3F7DFF90446A5
S214032D200146284601F08EFF01F04BFC204638BDD5
S214032D3038B504460D4602F03CFF29462046FFF709
S214032D40E6FF38BD704710B5044607F053FF20462C
S214032D5002F030FF2046FFF7F5FFBDE8104001F014
S214032D6030BC704738B504460D4607F043FF294686
S214032D70204602F021FF29462046FFF7F2FFBDE872
S214032D80384001F01EBC704770B504460D46164623
S214032D9007F030FF32462946204602F00EFF324641
S214032DA029462046FFF7EFFFBDE8704001F009BC57
S214032DB0704738B504460D4607F01CFF29462046E3
S214032DC002F0FCFE29462046FFF7F2FFBDE8384036
S214032DD001F0F7BB704738B504460D4607F00AFF07
S214032DE02946204602F0EBFE29462046FFF7F2FF6F
S214032DF0BDE8384001F0E5BB704710B5044607F060
S214032E00F9FE204602F0DCFE2046FFF7F5FFBDE89C
S214032E10104001F0D6BB704710B5044607F0EAFE33
S214032E20204602F0CEFE2046FFF7F5FFBDE8104031
S214032E3001F0C7BB7047704770B504460D4616468B
S214032E4007F0D8FE32462946204602F0BDFE32463B
S214032E5029462046FFF7EFFFBDE8704001F0B1BBFF
S214032E60704710B5044607F0C5FE204602F0ADFED7
S214032E702046FFF7F5FFBDE8104001F0A2BB704700
S214032E8038B504460D4607F0B5FE2946204602F03F
S214032E909DFE29462046FFF7F2FFBDE8384001F0C5
S214032EA090BB704770B504460D46164607F0A2FE63
S214032EB032462946204602F08BFE324629462046F5
S214032EC0FFF7EFFFBDE8704001F07BBB70472DE9CD
S214032ED0F34104460D4616461F46DDF8208007F0EC
S214032EE089FE3B46324629462046CDF8008002F04E
S214032EF070FE3B46324629462046CDF80080FFF753
S214032F00E5FF02B0BDE8F04101F05BBB0E20704761
S214032F100E20704738B5044607F06CFE2046FFF7D0
S214032F20F7FF0546204602F055FE2046FFF7EEFF64
S214032F3001F047FB284638BD002070470020704745
S214032F4038B5044607F056FE2046FFF7F7FF05465A
S214032F50204602F040FE2046FFF7EEFF01F031FB6D
S214032F60284638BD704708B507F044FE02F034FE25
S214032F70FFF7F8FFBDE8084001F023BB00207047C9
S214032F807047704708B5DCF793FC00280CBF042095
S214032F90012008BD70470B68DA7B1AB9DB7C0BB9D6
S214032FA0DCF7AABC8120704708B5DCF7BDFCBDE89A
S214032FB00840DCF7C7BC7047DCF7B6BCDCF7C2BC1E
S214032FC0082808D84FF48B73C34013F0010F0CBFC7
S214032FD0212000207047212070470121DCF7A4BD83
S214032FE00221DCF7A1BD0421DCF79EBD0821DCF736
S214032FF09BBD1021DCF798BD08B500F026F808B194
S214033000002008BDDCF7E0FD0028F9D1DCF7EEFD73
S2140330100120F6E7152808B503D1BDE80840DCF71C
S214033020D9BD01F089FE60B9E2F7ACFB032806D1EF
S21403303000F009F828B9BDE80840FFF7DDBF00280F
S214033040EBD008BD7047002070470020704708B5D6
S214033050DCF7B2FFFA23B0FBF3F008BD0321DCF77D
S214033060DBBF01207047D0E9023253F822301878CC
S214033070DDF7DAB90868C37B1BB9C37C0BB9DDF788
S21403308003BA81207047D0E9023253F82230187809
S214033090DDF73CBA704730B50546044615F8100B05
S2140330A085B0029565691D44CDE900250B46A21D32
S2140330B0618801F023FE05B030BD704710B492F866
S2140330C00A4192F8053103EB04230B8100235DF8D4
S2140330D0044B1A4601F010BE1FB50446084671B1EC
S2140330E02178FF290BD0238B029363690193237CFA
S2140330F000936288A31DE3F70DF8FF23237004B043
S21403310010BD0868C37B73B9C37C032B0BD8DFE8F9
S21403311003F002080406DDF7F9BCDDF729BDDDF789
S21403312059BDDDF707BD8120704770477047002003
S2140331307047137810B5032B0CD15479CBB29C424D
S21403314008D19379B3EB112F04D153781B1A584245
S214033150584110BD0020FCE77FB505460E46002407
S2140331606946E0B201F076FD28B96A46314628463C
S214033170FFF7DFFF18B90134202CF1D1002004B08B
S21403318070BDFFF7E9BF0868C37B9BB9C37C052BFB
S21403319010D8DFE803F0030D070B0905DDF7BEBD06
S2140331A0DDF7FABFDDF754BEDDF7A6BFDDF724BFB4
S2140331B0DDF7F6BD812070470020704730B5102537
S2140331C087B001AA00210195FEF745FC04462A466E
S2140331D0002102A8E8F728FB2A46214602A8E8F7BA
S2140331E075FB012102A8DEF7B5F907B030BDDEF79F
S2140331F043B97047FFF7FDBF0B68DA7B5AB9DB7C30
S214033200012B04D0022B04D02BB9DEF7C7BDDEF7A3
S214033210D1BDDEF7DBBD81207047002307B5012152
S21403322001A80193D4F7A6FC08B9D4F7DFFA012066
S21403323003B05DF804FB08B502F030FA052803D0A6
S214033240003818BF012008BD0220FCE77047D0E90C
S214033250023253F822301878003818BF0120E0F7FE
S21403326035B9E0F739B9002070470020704770473A
S214033270FF207047FF2070470020704700207047EC
S21403328000207047704706207047DFF7DDBB0868ED
S214033290E0F7B6B870B50D46044600212846164634
S2140332A001F074F9324620800221284601F06EF9B7
S2140332B0324660800421284601F065F90023A360A6
S2140332C0E3606060082070BD034641B181424FF061
S2140332D0640005D94343B3FBF1F0C0B27047084618
S2140332E07047E0F707B9E0F7FDBEE1F705B8B0F5BC
S2140332F0807F05D0A0F500735842584140017047BF
S2140333000820704730B599B00D4669461446E0F775
S21403331057FF30B915B1BDF802302B600CB10D9BC9
S214033320236019B030BD2DE9F04788B00E469046AD
S21403333004A905AA07461D46FFF7E4FF044638BB63
S21403334028800DF10C09DDE904A39A4520D2062254
S21403335051463846CDF8009006ABE0F74DFFD8B996
S214033360039B062B18D12A88DDF81A3042450ED265
S214033370BDF8181026F832102A8806EBC2025360EE
S2140333802A885344013206332A800493DBE7F7D9AD
S214033390204608B0BDE8F0870124F9E72DE9F0439D
S2140333A08FB00F46904601A9002204469946FFF7C0
S2140333B0A9FF18B101200FB0BDE8F083062220460E
S2140333C00DF1020302A9FFF7AEFF0028F2D105466E
S2140333D00246BDF80210019CEEB28E42EAD20EAB54
S2140333E003EBC60656F82C3C36F8306C0634BE4261
S2140333F017BFE418012213460022013522B1C8F88C
S2140334000040C9F80030D6E71A46E5E770B5002451
S214033410012602F01DF9E5B2C26806FA05F59542E3
S214033420234604F10104F4D3D8B270BD70B586B058
S214033430E0F714FD00F11006E6F780F800240546D1
S214033440142201A9301902F00AF91CB99DF80430B8
S214033450FF2B16D0002303F118026A4412F8142C2B
S214033460FF2A06D11C44601E90FBF5F080B206B01E
S21403347070BD2B44DBB2132BEDD91434B4F5826F35
S214033480DED14FF0FF30F2E7E0F71EBB07B50422AC
S2140334900DEB020102F0E3F8019803B05DF804FBBC
S2140334A037B5054608460C46FFF7F0FFA84206D098
S2140334B0042220460DEB02010195E6F791F803B0CE
S2140334C030BD07B50B460092002102460120E0F707
S2140334D08DFB03B05DF804FB08B50121E0F7BEFAE7
S2140334E0BDE80840E6F728BAE0F7FCBD08B5FFF7E5
S2140334F0F3FF002008BD08B513460A4601461846E2
S214033500E0F708FC80F00100C0B208BD0020704759
S214033510704708B1E0F706BF704730B4DDE90245EF
S2140335201DB1029430BC00F0C6B930BC70471F28EA
S21403353004D8142200F5A030D9F7BEBD70471F2863
S21403354004D8142200F5A030D9F7E2BD7047152839
S21403355008B505D1FFF7DCFFBDE80840E1F728B85A
S21403356008BD10B5142486B02246002101A8E8F74A
S2140335705BF92023224601A94FF4A03001F078FC22
S21403358006B010BD0020704713B500230C461A463C
S2140335900146CDE90033E0B2E1F7CEFD02B010BD3F
S2140335A013B500231446019001220093E0B2E1F71D
S2140335B0C3FD02B010BDD0E9023253F822301868BA
S2140335C0E1F732BF194491420ADC4218002003B9DE
S2140335D0704712F8011D013B01EB0020DBB2F6E752
S2140335E0002070472DE9F04F4FF0000A85B0019395
S2140335F081460F4615465346019A11785FFA8AF2BA
S214033600914203D8002005B0BDE8F08F019909EB7D
S214033610050801EB4202517892F802B011F040041B
S214033620009101F03F061BD0AC19BC42D4BF002466
S214033630012433466400A20740F18880009B1B06E2
S21403364040F192800E9B324603EB0B000021E8F715
S214033650EBF83D4600231D44ADB20AF1010ACBE761
S214033660042E07D866B1B31E022B0BD8DFE803F08F
S214033670122130003E2E37D03F2E5BD03D2E4BD04E
S2140336800320C0E7BD4234BF0024012401266400A2
S2140336903346D0E7AB1CBB4250DC02233A462946EE
S2140336A04846FFF78FFFADF80A0002230DF10A081C
S2140336B0C1E7EB1CBB4243DC03233A462946484694
S2140336C0FFF780FF0390042603230DF10C08B2E7EF
S2140336D02B1DBB4236DC04233A4629464846FFF7F1
S2140336E071FF03900423F0E77A1E95422CDA022337
S2140336F03A4629464846FFF765FF4FF6FF7380B202
S21403370098420EBF0223023083B25C19A742B4BFAD
S2140337100324012404268EE7BD4215D298F8003010
S214033720FF2B0CBF01230133EC18BC42CCBF032490
S2140337300124EFE70124042600237CE73446B4E79C
S2140337400224C0E70224CDE70324E3E70E9A02EB44
S2140337500B0014B142F80B807DE7324641460093D6
S214033760E8F7F2F9009B76E702204CE710B514461B
S21403377086B018811A460A9B0291CDE903430123BA
S2140337800193099B014600930320BDF82030E1F71F
S2140337900FFF06B010BD1FB500240294079C0194CA
S2140337A0BDF818400094FFF7E1FF04B010BD2DE903
S2140337B0F0410E461746054686B098B391B38AB3D2
S2140337C04FF0000802A95FFA88F001F043FA0446B6
S2140337D040B99DF80830032B08D008F10108B8F16A
S2140337E0200FEFD1204606B0BDE8F0819DF80920F2
S2140337F02B799A42F1D1BDF80A206B889A42ECD114
S2140338009DF80C30BDF80D006B7128812B462246BF
S2140338104FF6FF71CDE90067FFF7BDFF0028DCD048
S2140338200446DFE72124DDE710B586B00A9C04943E
S2140338309DF824400394BDF8204002940124CDE96A
S214033840003413460A4601460620E1F7B1FE06B0E9
S21403385010BD1FB504460846194600230094CDE95B
S2140338600123079BBDF81820FFF7DEFF04B010BD49
S214033870F0B5022805460E4614461F468BB00AD1FD
S21403388006A9F0B201F0E6F998B99DF8193023714C
S2140338909DF81C306371119B224604930023CDE9E7
S2140338A002330193109B3146009328463B46E1F7CB
S2140338B07FFE0BB0F0BD13B500240194049C009466
S2140338C0FFF7D6FF02B010BD2DE9F0450646884641
S2140338D014469A46002701258BB006A9F8B201F0D4
S2140338E0B9F920BB9DF81830012B19D19DF8192082
S2140338F033799A4214D1BDF81A2073889A420FD1AD
S2140339009DF81C3032467371B9B2CDE9030ACDE98E
S2140339100100434602200094E1F74AFE054610B92B
S2140339200137202FD9D128460BB0BDE8F0850546D0
S214033930F9E70023FFF7C8BF10B50446E2F716FC05
S2140339400021631E04F10F0213F8010FFF2808BFBE
S21403395019709342F8D10023237410BD00207047DA
S21403396070B506461D46E2F775FA044608B92120E7
S21403397070BD3046E2F73CFD0028F8D0A0682A4622
S214033980FF21FFF75EF89DF81030002063719DF865
S2140339901430A371ECE713B59DF81040CDE900345D
S2140339A013460122FFF7DCFF02B010BD08B5E2F7AD
S2140339B051FA28B18068FF21FFF754F8002008BDAC
S2140339C02120FCE70122FFF7F1BF1FB50B466A462D
S2140339D00146184601F034F96A460823002032F8F7
S2140339E0021B013B13F0FF0380EA0100F7D1012815
S2140339F038BF012080B205B05DF804FB2DE9F04F17
S214033A0087B0DDE9109B05468846484619461F469B
S214033A101446BDF848609DF84CA0FFF7D6FF042D6A
S214033A200346ABF800001AD8022D1DD9042D07D083
S214033A304FF2F222A188914222D1E28891071FD544
S214033A40E17A0022CDE9013720463346CDE90392D9
S214033A50CDF800A001F043F907B0BDE8F08F6A1F68
S214033A60012A11D92120F7E700224146CDE9119218
S214033A7028462246109707B0BDE8F04F01F03EB93E
S214033A804FF6FF760C21DCE7052D0ED10023E17AF5
S214033A900022CDE90137CDE9039200912346524631
S214033AA04146304601F00EF9D6E74FF2F222A188DE
S214033AB0914204D1E288920701D5E17AE8E74FF60E
S214033AC0FF760C21E4E7F0B585B00546E1F782FE04
S214033AD048B16B88B3F5006F05D1681D05B0BDE826
S214033AE0F04000F0EEBC284600F004FD0446C8B9DA
S214033AF0E7B26946384601F0ADF878B99DF800603C
S214033B0066B92946384601F0A9F820B140F60443C1
S214033B10984207D08C26304605B0F0BD0134202CE1
S214033B20E6D1F7E78D26F6E7E2F73AB82DE9FF4741
S214033B3004460D460146184617461E46BDF8308015
S214033B409DF83490DDF838A0DCF720FED0B9214686
S214033B50284601F021F933463A4629462046CDE960
S214033B60019ACDF80080E2F7BFF833463A46294675
S214033B702046CDE90D9ACDF8308004B0BDE8F04775
S214033B8001F0F7BF04B0BDE8F087E2F757BAE2F7F3
S214033B900FBAE2F733BA10B5044601F009F9082262
S214033BA001462046BDE81040E7F790BE01F002B993
S214033BB0002101F0FFB801F011B900207047202062
S214033BC07047EFF70DBDEFF757BDF2F701B8704733
S214033BD0E2F780BB70B506460C46154600F04CF877
S214033BE050B13CB135B1204600F0D6FC013080B26E
S214033BF0A84200D9002070BD304600F043F840B11B
S214033C00002CF7D0012DF5D9204600F0CAFC02306F
S214033C10EDE73046E2F7BEFAEAE7F8B5BDF8185026
S214033C2010B3967855B9D478A6F14107012F07D873
S214033C30621ED2B200F0CFFD0020F8BD2C46F3E79B
S214033C40433E012E04D8A21E92B200F0DCFDF3E739
S214033C50D27813B90DB1AA4206D811B9E7F7E4FD35
S214033C60EAE7E7F733FEE7E78920E6E74138032884
S214033C708CBF002001207047413801288CBF0020EC
S214033C8001207047433801288CBF0020012070476D
S214033C9000207047002070470388B3F57C4F01D39C
S214033CA0FFF7F8BF0846FFF7F3BF10B54A88048846
S214033CB0A2420DD1037B0C79234009D0B2F57C4F89
S214033CC008D3FFF7E7FF0B891B1A5842584110BD6C
S214033CD00020FCE70120FAE738B50D88D488A54212
S214033CE00AD10388B3F57C4F08D2FFF7D5FF1389B3
S214033CF01B1A5842584138BD0020FCE70120FAE75A
S214033D002DE9F04715460446B8B149B1EAB1002695
S214033D104FF0140AB04690F80490F3B2994501D8D0
S214033D2000240AE027680AFB06773846FFF7BDFF3C
S214033D30013628B13C46A5F800802046BDE8F0874A
S214033D407B8943441FFA83F8E7E71446F5E72DE932
S214033D50F0470E4615460446B8B149B112B30027DC
S214033D604FF00C0AB846B0F80890BBB2994501D894
S214033D7000240AE06368324620460AFB0731FFF751
S214033D80ABFF28B10C46A5F800802046BDE8F087B7
S214033D900B79013713F0300F02BFCB7843441FFA79
S214033DA083F8E2E71446F0E72DE9F04186B00D46C6
S214033DB01446984604AA05AB03A90646E2F7C0FADA
S214033DC040B30DB1049B2B6034B3049D039829467E
S214033DD0FFF762FF2B88074602467188307800F0AB
S214033DE04FFBD8B1297911F010030BD0EB782A4694
S214033DF0CDE900433B4671883078FCF78BFA06B072
S214033E00BDE8F0812A4620460599CDF80080FFF7E5
S214033E1004FFF4E78620F2E72046F0E77E20EEE78D
S214033E201FB51C460023ADF80A20BDF818208DF8F0
S214033E300400ADF80610ADF80C2069461A4601A832
S214033E4000938DF80840FFF7AFFF009804B010BD4D
S214033E50F0B587B00E4605AB04AA03A90446E2F7FD
S214033E606FFA08B3049D03982946FFF715FF2B88BE
S214033E70074602466188207800F004FBB0B1297932
S214033E8011F0100108D000963B462A466188207838
S214033E90D2F738F907B0F0BD009101232A46314620
S214033EA00598FFF7BAFEF5E78620F3E77E20F1E7ED
S214033EB02DE9F041064600254FF014080779E8B2CD
S214033EC0874201D800241AE008FB05F0D6F800C0A4
S214033ED00CEB00043CF8000081421AD132B1802A70
S214033EE010D194F90CC0BCF1000F12DAB0F57C4F78
S214033EF005D32046FFF7CEFE834200D04BB92046BB
S214033F00BDE8F081402A04D194F80CC01CF0400FA1
S214033F10ECD10135D3E70121E2F74EB908B51346D4
S214033F200022E2F777FA003818BF012008BD08B56B
S214033F3013464022E2F76EFA003818BF012008BD88
S214033F4008B513468022E2F765FA003818BF012049
S214033F5008BD08B540220023E2F75CFA003818BF14
S214033F60012008BD08B580220023E2F753FA003883
S214033F7018BF012008BD0023E2F74CBA0021E2F780
S214033F80B9BA10B504460121E2F7B4FA2046BDE8F3
S214033F90104001F022BE7047F8B516461F469DF83E
S214033FA01820BDF81C300546E2F734FA78B1042130
S214033FB0E2F71EFB044650B1284600F00EFB3A46D5
S214033FC031462846A047BDE8F84000F0FABAF8BDE7
S214033FD02DE9F74F1E46DDE90C9B07468846144637
S214033FE0BDF838302AB3B9F1000F22D00EB392F8D9
S214033FF004A099F80020504612F0080F0CBF802248
S21403400040226188E2F706FA98B10821E2F7F0FA4F
S214034010054670B1504600F0E0FA33462246414664
S2140340203846CDE9009BA84703B0BDE8F04F00F043
S214034030C8BA03B0BDE8F08FF8B5BDF818701646D9
S2140340401A463B460446E2F7E5F9E0B177B90221A2
S214034050E2F7CEFA0546B0B1204600F0BEFA314686
S2140340602046A847BDE8F84000F0ABBA1021E2F7B7
S214034070BFFA054638B1204600F0AFFA3A46314655
S2140340802046A847EEE7F8BD73B5BDF818401646B8
S2140340901A4623460546E2F7BDF9B8B1C4B920214E
S2140340A0E2F7A6FA044670B1284600F096FA099B92
S2140340B03146009328469DF820309DF81C20A047E3
S2140340C0044600F07EFA204602B070BD8624FAE766
S2140340D00024F8E72DE9F04186680446007800F0EE
S2140340E07CFA002514273279EBB29A4203D8BDE84E
S2140340F0F04100F066BA7B4332682078D15A02EB6F
S214034100030800F0C1F901214046E2F771FA0346BD
S21403411008B1207898470135E5E72DE9F04F1C46AE
S21403412089B09DF84C30BDF8488001939DF8503017
S214034130924602932246434607460D46E2F76AF93D
S2140341408DF814700646ADF816508DF81840ADF885
S2140341501AA0ADF81C8018B9012009B0BDE8F08F8D
S21403416005A9FFF7A2FD0028F6D000252F46A8468E
S2140341702C4634E00C231FFA85F903FB09F9318832
S2140341807368B1F57C4F33F8092003EB090B1AD398
S21403419033F8090050452CD3019BA3422DD900F0D8
S2140341A0B8F99BF80200E2F7CFFE029B43B19BF8F7
S2140341B0043013F0010F0CBF05200720E2F7C4FEFE
S2140341C00134A4B219E0ADF81A205946304605AAC0
S2140341D00393FFF781FD039B0028D9D1013532896C
S2140341E0ABB29A42C6D804EB0800C31B58425841E8
S2140341F0B3E708F101081FFA88F80137BFB2EDE705
S21403420010B5012488B006949DF83C4005949DF8AB
S214034210384004949DF8344003949DF8304002944B
S2140342200B9C0194BDF828400094E2F725FB08B0E8
S21403423010BD2DE9F04786B0BDF83880DDF83C9018
S2140342409DF840A0CDF80080CDE9019A04460D46BE
S21403425016461F4600F012F9B8B1431EDBB2012B17
S21403426010D800230122811E48424841CDE904327A
S214034270CDE902A03B46324629462046CDE90089D1
S214034280FFF7BEFF06B0BDE8F0870120FAE730B5BA
S2140342900024012587B0CDE9044503959DF82C50ED
S2140342A002950A9DCDE90045FFF7AAFF07B030BD8A
S2140342B030B50024012587B0CDE9044503959DF864
S2140342C028500094CDE901354023FFF799FF07B046
S2140342D030BD10B5012486B0CDE904440024039410
S2140342E09DF828400294099C0194BDF82040009450
S2140342F0FFF786FF06B010BD1FB5089C03949DF814
S2140343001C400294069C019400240094E2F7B0FB40
S21403431004B010BD70472DE9F84F022907468846BA
S2140343200C9D04D84FF0000A5046BDE8F88F1BB129
S2140343300429F7D942F004023A702BB303247B70A6
S2140343401B0ABB70E3F7AAFE4FF000099DF828305E
S214034350385504F1020A01343B550B9A5FFA89F388
S214034360D45C002CE0D0732C10D82E464C2C56F878
S21403437004BB3DD0532C15D0622C45D1AC8805F137
S214034380080600231A4616E00124DBE7A4F17503AA
S214034390032BC7D8763C2E1D022C52D8DFE804F038
S2140343A0565A58006A6805F1080694B2D2B2B2F1BA
S2140343B0FF0318BF01230AEB040119448845B1DB48
S2140343C050461946002947D153441FFA83FA5CB175
S2140343D0BBF1000FA6D0224607EB0A005946E7F7C3
S2140343E0B3FB54441FFA84FA354609F10109B4E7CE
S2140343F04FF6FF736A6805F1080694B222469C429C
S21403440014BF02230023D6E76C2C05D1584600F0D0
S214034410C8F8841CA4B2B4E7732C04D1584600F041
S214034420BBF8441CF6E7A4F13003DAB2092A01D834
S2140344309CB2A6E7A4F14103062B3FF673AF373CC5
S214034440E8E7012300242A68A346B4E70223F9E732
S2140344500323F7E70423F5E700F1010C01393A5487
S214034460C9B2120A1FFA8CF0ACE70020E2F7F4BCDC
S2140344700022E2F711BD0023E2F724BD01207047B6
S21403448001207047012070477047002070470020C6
S21403449070470020704700207047002070470020B8
S2140344A0704770470E207047002070470020704703
S2140344B000207047002070477047FF2070470E208B
S2140344C0704784207047704700207047704700206D
S2140344D07047002070470020704700207047002078
S2140344E07047002070470020704770470E207047C3
S2140344F000207047002070470020704770477047C1
S2140345000E20704770470020704781207047704721
S214034510704738B50546C0B2E2F716FD0446280ACA
S214034520E2F712FD14B1002808BF0024204638BD68
S214034530F8B50546C0B2E2F707FD0446C5F3072003
S214034540E2F702FD0746C5F30740E2F7FDFC064621
S214034550280EE2F7F9FC24B12FB136B1002808BFC4
S21403456000242046F8BD3C46FBE73446F9E710B482
S214034570CC18944203DC5DF8044BFFF723B8002005
S2140345805DF8044B70470423FFF7F1BF08B5022319
S214034590FFF7EDFF80B208BD0078FF2808BF0020B4
S2140345A0704708B502220021FFF7F0FF4FF6FF73AE
S2140345B0984208BF002008BD003818BF01204000FD
S2140345C070470020704708B5FFF7A5FCFF284FF09B
S2140345D0FF3018BF0020C0B208BD08B5FFF7F3FFD1
S2140345E0FF280CBF2120002008BDF8B506460C4660
S2140345F015461F4600F011F810B12544AC4200D111
S214034600F8BD3946304614F8012BE2F78FFDF5E77F
S214034610014600220220E2F719BD0120704737B594
S2140346200546E0F7A3FF044601950CB981201CE07C
S214034630237823B12046E0F7A1FF0446F5E72B686D
S21403464062685B889A42F5D1A368EA7B99B272B135
S2140346502A8A9142EED16A7DB2EB134FEAD100204B
S214034660E36801A998478128E4D003B030BD4FF62C
S214034670FF72EEE72DE9F84304460F469046994647
S2140346800BB3012A1FD80C20E7F7D4FA064610B955
S2140346901920BDE8F8831020E7F7CCFA18B930469E
S2140346A0E7F7D0FAF4E70123002547EA08477060E6
S2140346B00570C0F80C904460876033803046E0F79E
S2140346C04DFF2846E5E72120E3E738B5044643686F
S2140346D008460D469847B4F90830002B02DB2B78C2
S2140346E0042B06D1002320466360BDE83840E3F779
S2140346F0AFB838BD30B54FF48A5587B0ADF816203D
S2140347000DF116041A46029543B100230122CDE9A2
S2140347100033234600F01EFA07B030BD019401248F
S2140347200094F7E7FFF7EBBEFFF7BEBE0020704727
S21403473008B500F001FB20B900F048FB08B9E0F724
S21403474005F9FFF7D2FEBDE80840FFF7DBBE002001
S214034750E3F7E6BC0021E3F783BD0022E3F742BD9F
S2140347601FB5D2880B4612F0200F4FF6FD7114BF0B
S21403477049245224ADF80610510544BF083CE4B260
S214034780110544BF083CE4B2120444BF023CE4B241
S214034790032805D8DFE800F0020F161CADF8063034
S2140347A0BDF80600FFF789FEFF281CBF241AE4B2F3
S2140347B0204604B010BD02AA0DF10601D8B200F0DF
S2140347C079FAEDE7D8B200F047FAADF80600E7E766
S2140347D0013CE4B2E4E7F8B5064617460D4681B158
S2140347E00C78FF2C0BD00846FFF7D6FEB84228BF3E
S2140347F03846C4B22246691C701CE7F767F8347063
S214034800F8BD0C46FBE770B5044615460E4611B9CF
S2140348104170017070BD0B78FF2B05D14B78FF2BD1
S21403482002D103704370F5E73046FFF7BAFEA8429D
S21403483028BF284685B22A46B11CA01CE7F746F8CF
S21403484025702D0A6570E5E7F0B523B9013A531CC8
S2140348502FD1002020E0042AFBD800231C46551E37
S2140348606E1C1AD1042A10D00121D200501E01FA60
S21403487000F020421EBF914049420C4318421EBF1F
S2140348804FF0FF3101FA02F213439C421EDCB4BF21
S2140348904FF0FF30002040B2F0BD40B1465DEF0060
S2140348A0BE4034434E5D013DBE403343D8E7064623
S2140348B0F5E78C5C38B90346A34202F1FF32C6D251
S2140348C04FF0FF30E8E7835CA342F5D90120E3E726
S2140348D0283807288CBF0020012070471D2810D0D9
S2140348E004D840B11C2804D0552070471E38012830
S2140348F0FAD81A2901E00B390F298CBF552000205E
S21403490070470829F9E7002000217047F7B59DF89E
S21403491020400546082C104619469DF8246036D8D4
S214034920002213462C44AC4208D106F0FD04382C72
S2140349300ED10096FFF7E7FF03B0F0BD14F8017D34
S2140349401B0243EA12631202BA1843F10003EAE7B2
S214034950392E10D107EE100A07EE902AB4EEE77A46
S214034960F1EE10FACCBF77EE677A77EEC77A0021BE
S21403497017EE900AE0E7824273EB010403D2801A33
S21403498061EB0301D8E7101A63EB0101D4E70020BB
S2140349900146D1E738B5C36814461944836853F80B
S2140349A021501AB12846E6F73BFE2070284638BD4C
S2140349B02DE9F3411C4616460DF107029DF82050DB
S2140349C0FFF7E8FF9DF807308046A34288BF8DF8BF
S2140349D007409DF807700DB1E41BE5B22A46002197
S2140349E03046E6F721FF3A4641467019E6F76EFF72
S2140349F0384602B0BDE8F0812DE9F3411D46164660
S214034A0001AA9DF82040FDF726F8019B80469D42AB
S214034A1038BF0195019F04B1EC1B224600213046A6
S214034A20E6F702FF3A4641463019E6F74FFFF8B27B
S214034A3002B0BDE8F08173B50024154601AA1E46F0
S214034A400194FDF708F8019B072B0AD92146CCB23F
S214034A5016B1C4F10704E4B2425C013108292A55B1
S214034A60F5D1D8B202B070BD1FB5030A8DF80E306B
S214034A700323009303AB8DF80D0000F0BBF805B0DD
S214034A805DF804FB1FB58DF80F100421030A8DF89B
S214034A900E30009103AB8DF80D0000F0ABF805B0B7
S214034AA05DF804FBF0B589B016689DF83C50CDF868
S214034AB009608DF811305668BDF83830012D109F07
S214034AC0BDF84440CDF80D60ADF812308DF81450A3
S214034AD014D0032D19D13B68CDF815307B68CDF87B
S214034AE019309DF848308DF81D3016230093BDF815
S214034AF04C2002AB00F07EF809B0F0BD8DF81540EF
S214034B00240A0F238DF81640F0E70120F4E71FB5BB
S214034B100446084611461A4602238DF80D100093E4
S214034B20214603AB00F066F804B010BD10B514467A
S214034B301A460B6886B0CDF80D304B683421CDF895
S214034B4011300A23009303AB8DF8154000F052F89A
S214034B5006B010BD2DE9F041B6B014461D46064614
S214034B600F469DF8F080E3F79FFD03AA8DF80C002F
S214034B701046330A8DF80F703F0A8DF80E308DF805
S214034B800D602B468DF810708DF8114005EB44052B
S214034B90AB4202F102021FD16200D2B2931DDBB216
S214034BA03D99D8336B44073203F8CC8C01EB4805A8
S214034BB0D3B250FA82F2A94202F1020212D103EBF7
S214034BC04803009006213046BDF8F820DBB2E3F731
S214034BD075FD36B0BDE8F08133F8021B1171090A82
S214034BE05171D5E731F8024B02F8024C240A02F859
S214034BF0014CE0E72DE9F0411C4605460E461746F4
S214034C009DF81880E3F750FD207043463A46314638
S214034C1028460694BDE8F041E3F750BD00207047F0
S214034C207047D7F7B3BD70477047704770477047F4
S214034C3000207047704770470020704770477047E2
S214034C4002F0EEBEFEF774B8FEF757B803F031BABB
S214034C50F8F714B903F01EBAF8F7CEB8F8F736B972
S214034C60F8F7F0B8FEF71EB9FEF76DB8FEF77AB898
S214034C70F4F768BBF4F76CBBF3F7CCBAF2F7EEBB0A
S214034C80F2F7F2BBEFF7C6B8FEF7B7B8FEF77CB895
S214034C90FDF718BFFEF79FB8FEF78BB830B4BDF824
S214034CA008409DF80C50CDE9024530BCFDF729BFFE
S214034CB0FDF796BFF8F77CBAE3F750BDF8F742BBAB
S214034CC0F7F78EB970B49DF80C40BDF810509DF8F8
S214034CD014600394CDE9045670BCF5F793B970B429
S214034CE09DF80C40BDF810509DF814600394CDE970
S214034CF0045670BCF5F7C6B9F5F7B0BA10B49DF80C
S214034D00044001945DF8044BF5F700BA10B49DF81F
S214034D10044001945DF8044B01F073BF01F073BFC8
S214034D20FDF7A2BFFDF7B2BFFDF7C5BFF1F7FEB8AB
S214034D30F1F740BFF1F712BFF0F724BF02F09FBAB6
S214034D40F1F7C8BA02F0E1BAF1F728BCF0F7FABFF8
S214034D50F1F736BFF1F7B8BEF1F7CEBEEFF70EBEEA
S214034D60FEF7B5B8FEF768B8FEF77BB8FEF788B867
S214034D7000F00BBC00F004BCF7F768B9F4F772BF99
S214034D80F7F742B9F7F768BAF4F73CBFEFF72EB870
S214034D90F6F75EBBFFF745BFFAF754BEFEF7E3B878
S214034DA0FDF753BFFEF738B801F001BDE3F734BC97
S214034DB0EFF7E0BBEFF7DAB801F09BBF01F06BBF8C
S214034DC0EFF728B9EFF766BBEFF76ABBEFF796B8CE
S214034DD0E3F73EBCE3F750BCE3F728BCEFF744B871
S214034DE0E3F72EBCF9F706B801F053BF01F01ABF7C
S214034DF0EFF740B8EFF7A8BBEFF788B8E3F7CCBCFC
S214034E00E3F7C4BCF8F7FABDF8F7E6BF03F05DBAFC
S214034E1003F063BAF8F76ABEF8F7E6BF00F063B9C3
S214034E2000F0A1B900F0C9B900F0A0BA00F010BBB9
S214034E3000F079BAE4F7A6B900F0E6B900F013BAC1
S214034E4000F026B810B51C4601F0C2FD05F00BFFB6
S214034E500023C0F340202370400010BD002208B595
S214034E600B461146FFF7EEFF023818BF012008BDB8
S214034E700020704770470020704770470020704737
S214034E8070470E2070470120704770470120704717
S214034E9014220021E6F7C8BC704770B505460C46D9
S214034EA08AB0252200210DF10300E6F7BDFC6B68EE
S214034EB0CDF81D30AB68CDF82130234601AC03F1A5
S214034EC01006224618685968083303C2B3421446CC
S214034ED0F7D101236A7B8DF8023012F0040F0CBF62
S214034EE04FF480734FF4A073110748BF43F48063F5
S214034EF0ADF80030930748BFBDF80030684644BF9E
S214034F0043F00803ADF80030F4F7B6FB0AB070BD03
S214034F1030B5427B0D46D10704468BB007D54078A3
S214034F2001A9F4F70FFCD8B12D200BB030BD9307C1
S214034F30FAD5C2F3800310074FEA8313ADF80230A5
S214034F4044BF43F48063ADF80230BDF80220201D51
S214034F500AB10DF1020201A902F07FFD0028E3D099
S214034F6001AB03CB9DF81430A1602373BDF810305A
S214034F706060590642BF627B42F0040262735A05C0
S214034F8042BF627B42F0080262731B0742BF637B29
S214034F9043F0020363732B4606AC0AAD224603CAEC
S214034FA0AA4218605960144603F10803F6D100209C
S214034FB0BBE7F0B504460D4693B0252200210DF15C
S214034FC02300E6F731FC636804F1040CCDF83D30AA
S214034FD0A36809AECDF841302B4605F110073246DB
S214034FE018685968083303C2BB421646F7D105232F
S214034FF08DF82230637B5B0103F40073ADF8203039
S2140350006378FF2B1AD1002360461A4601A900F0E5
S214035010CAF99DF80530FF2B0DD1002301A91A46C6
S214035020184600F0C0F99DF80530FF2B03D11C2667
S214035030304613B0F0BD9DF80530637000206178EC
S21403504008AA00F09BFA06460028F1D1607801A969
S21403505000F02FFA2B4603AD2A4618685968083322
S21403506003C2BB421546F7D1637B6078DB0648BFB5
S2140350709DF81C3001A944BF63F07F038DF81C30F4
S21403508000F02EFAD4E710B504468AB02422002195
S21403509001A8E6F7C9FB637B590744BF4022ADF876
S2140350A010201A0742BFBDF8102042F48062ADF804
S2140350B01020DB070FD5607801A9F4F743FB10B186
S2140350C02D200AB010BD01AB03CB637B606043F0B9
S2140350D00203A160637304A9201D02F0C0FC00282C
S2140350E0EED00020EDE71FB5694600F066F800280D
S2140350F018BF2D2005B05DF804FB73B50D461446A6
S2140351000646E3F76DFC6B881A071AD52246314626
S214035110102002F085FC2046E3F762FC6B88D90773
S21403512017D50023224601210DF107008DF807301D
S214035130E3F722FF6B88002B0CBF2120002002B070
S21403514070BDDE06EAD522460821281DE3F714FFC4
S214035150E1E79A0701D50223E4E75B07EAD50323D1
S214035160E0E70F2070471FB50C46694600F025F8A8
S214035170102221466846E6F7A3FEB0FA80F04009FF
S21403518004B010BDB8B1B1B14388A3B90378013BED
S214035190082B10D8DFE803F00507090B0F0F0F0FD6
S2140351A00D00E3F7EBBDE3F745BEFFF776BEFFF76B
S2140351B000BFE3F7D3BF2120704738B50D4609B3C8
S2140351C000B30378013B082B1AD8DFE803F0050D7C
S2140351D01013191919191600E3F708FE0446284692
S2140351E002F01EFE204638BDE3F744FEF6E7FFF75F
S2140351F08FFEF3E7E3F774FEF0E7E3F7B9FFEDE7B7
S2140352002124ECE72124EDE770B586B0064601A815
S2140352100C461546FFF73CFE04238DF804301CB1FC
S2140352202068616802AB03C3294601A88DF80560B0
S214035230FFF7A8FF06B070BD70B586B0044601A898
S2140352400D461646FFF724FE0323206861688DF893
S214035250043002AB8DF8116003C3294601A8FFF79B
S21403526091FF06B070BD0022FFF7E6BF30B5437B63
S214035270044613F001020D468BB007D0407801A90F
S214035280F4F760FA70B12D200BB030BD9B07FAD54A
S214035290ADF8022001A90DF10202043002F0DDFB95
S2140352A00028F0D000210E22A81CE6F7BDFABDF8B0
S2140352B010302B80039BAB60BDF81230AB819DF89A
S2140352C01430237301AB03CB6060A1600020DBE7DF
S2140352D070B5437B0446DB070E468AB003D42D2500
S2140352E028460AB070BD6946407800F045F9054681
S2140352F00028F4D1DDF81D300E226360DDF821307E
S2140353000146A360637BB01C43F002036373E6F7B6
S2140353108BFABDF80030069A43F004033380059BEE
S214035320B2607360DCE70B4610B50446102200211A
S2140353301846E6F779FA2278032A09D0042A0DD00C
S214035340022A11D101462046BDE81040E3F776BF96
S21403535001462046BDE81040FFF788BF01462046B9
S214035360BDE81040FFF7B4BF262010BDF8B50746CA
S21403537008460C4616461D46FFF78AFD042323708F
S214035380637B314643F00103204667706373FFF780
S21403539014FF08B12D20F8BD29462046FFF7C3FFAA
S2140353A00028F8D0F6E7F8B5054608460C461F462B
S2140353B01646FFF76DFD0423237025B10822294600
S2140353C0E018E6F783FA637B43F0020363734EB990
S2140353D032460121284600F0DAF8FF28607007D12C
S2140353E02D20F8BD31462046FFF7E7FE0028F7D10B
S2140353F0637B43F0010363730DB90020F1E7002FCD
S214035400FBD039462046FFF78EFFF6E7F8B50C4685
S2140354100746084616461D46FFF73AFD0323204671
S214035420394600F8043B0822E6F750FA637B314618
S21403543043F0020320466373FFF7BFFE08B12D2037
S214035440F8BD29462046FFF76EFF0028F8D0F6E79A
S214035450F8B5074608460C4616461D46FFF718FDE0
S21403546003232370637B314643F0010320466770B2
S2140354706373FFF7A2FE08B12D20F8BD2946204628
S214035480FFF751FF0028F8D0F6E718B18022012174
S21403549000F07DB8FF207047002307B51A4619466B
S2140354A00093F5F751FEB0FA80F0400903B05DF8BB
S2140354B004FB0B4610B519220446FF211846E6F7EF
S2140354C0B3F97E2C01468CBF04F5C43004F5833053
S2140354D04FF01902BDE8104088BFAD30D7F7ECBDDA
S2140354E07E2888BF00F5C4304FF0190294BF00F53C
S2140354F08330AD30D7F70CBE30B589B00D46FFF715
S214035500C4FFFF2804460DD001A9FFF7D2FF286881
S214035510696801AB03C3204601A9FFF7E1FF00203A
S21403552009B030BD2D20FBE7704770470020704759
S21403553070470F2070470F207047002070470F20DA
S2140355407047002070470020704784B08DE80F0036
S214035550002004B0704770477047002070477047BC
S214035560002070477047002070470120704770473F
S21403557000207047012070470E2070470E207047AA
S2140355800E2070470020704770470E207047FF209C
S21403559070477047704700207047704770477047E2
S2140355A00020704770470020704700207047002097
S2140355B07047704770470020704700207047704759
S2140355C0002070470020704770470020704710B5D2
S2140355D00024E3B210B9C3F10303DBB20134042C95
S2140355E0CA544FEA1222F4D110BD10B50B784C788A
S2140355F08A78C97828B910462246044608461946CA
S214035600034642EA012043EA042343EA004010BD6E
S2140356107047E3F7C7BE08B5D2F7EAF9002814BF08
S2140356208620002008BD08B5D2F7B2FB003818BFA5
S214035630012008BD08B5D2F76BFB003818BF012060
S21403564008BD08B5D2F7F0FB003818BF012008BD27
S21403565008B5E3F787FFBDE80840E3F735BF70B545
S21403566004460D461646E3F77DFF0420E3F71EFFC8
S214035670324629462046FFF7DDFF04460220E3F7BD
S21403568015FF204670BD08B5E3F76CFFBDE808407C
S214035690D2F722BBE4F79EBAE4F77EBA08B5E4F77E
S2140356A07BFA20B1BDE808400020E4F7B3BB112025
S2140356B008BD10B5044608B1E4F78EFC2046BDE8E5
S2140356C01040FCF7C8BF10B50446006A10B1616A03
S2140356D0FFF7EFFF0020C4E9080010BD38B5054604
S2140356E0FFF7F1FF2B7E0446012B0ED0023B012B66
S2140356F00ED8EB69012B18BF6FF096042822002101
S2140357002846E6F791F8204638BDEB69002BF2E70A
S2140357106FF09604F2E718220021E6F785B8704783
S2140357202DE9F84F9846DDE90B490D9B15469A0778
S21403573006460F4623D02A460A9B03EB040A144464
S214035740A24220D10D9B9B0705D5A2EB050AD145A6
S21403575005EB0A0420D82046BDE8F88F43463946B1
S2140357602020B0470AF1010ACA450AEB0B02F5D31B
S214035770A9EB04024C4588BF00222A44DCE7A24674
S214035780A5EB040BF0E702F1010B434639461AF882
S214035790010DB0475A46D3E74346224639462020F2
S2140357A0B0470AF1010AD2E72DE9F047DDE90D76A5
S2140357B016F0020F9DF82880DDE90854DDE90BCECC
S2140357C01FD106F001094FB1B9F1000F06D0B8F1A9
S2140357D0000F02D116F00C0F00D0013F4FF0300A35
S2140357E004E0202C04D005F804A001347445F8D353
S2140357F0B9F1000F05D04FF03009A74201D9202C8C
S2140358002DD116F0100F1FD016F4806F2CD15CB379
S214035810744501D0BC4227D1B4F1010E23D0BCF1AC
S214035820100F46D1023C16F0200F28D1202C28D08A
S2140358304FF0780C05F804C00134202C21D04FF02B
S214035840300C05F804C00134202C1AD0B8F1000F30
S21403585023D04FF02D0C05F804C0013412E005F8F0
S21403586004900134C9E77446BCF1100FDBD0BCF1D9
S214035870020FE2D1202C04D04FF0620CDAE7202C82
S21403588008D12024CDE90A76CDE90854BDE8F047CF
S214035890FFF746BF4FF0580CCCE716F0040F02D0C4
S2140358A04FF02B0CD7E716F0080FEBD04FF0200C79
S2140358B0D1E7BCF1020F7446C1D1DDE72DE9F04311
S2140358C091B0189D1A9E1D9F0DB927F010077C05F1
S2140358D000D515B317F0200F14BF4FF0410E4FF04D
S2140358E0610EAC4600250DF12008AEF10A0EBCFB96
S2140358F0F6F906FB19C95FFA89F4B9F1090F94BFE3
S21403590030347444E4B2B44508F8014B05F101059C
S214035910BCFBF6F401D3202D10D11C9C06970594EE
S2140359201B9CCDE903649DF86440CDE9015408ACA3
S2140359300094FFF739FF11B0BDE8F083A446D6E71D
S2140359402DE9F04F95B0269ECDE90A23DDE91E74B6
S214035950DDE9229B57EA040308BF26F0100672050A
S214035960CDE9080102D557EA040337D016F0200F15
S21403597014BF4123612300250DF1300AA3F10A0861
S21403598021464A465B463846E5F7E2FBD2B2092A89
S21403599094BF303242444F45D2B274EB0B0405F148
S2140359A001050AF8012B01D3202D14D1259B069659
S2140359B00593249BDDE90801CDE903939DF8803028
S2140359C0CDE901530CAB0093DDE90A23FFF7ECFEA8
S2140359D015B0BDE8F08F07460C46D1E70025E5E78E
S2140359E008B100F014B8704710B1D1E90031184778
S2140359F0704738B5441E14F8015F25B90A2000F035
S214035A0006F8284638BD284600F001F8F3E70146B5
S214035A100020FCF7F3BB70477047EDF7FBBD7047FC
S214035A2008B5FCF7BCFBD1F7E3FFBDE80840D4F7A5
S214035A30F3B8704708B5D2F723FBFBF756F8BDE873
S214035A400840E3F78FBD08B5FBF778FFE4F7F8FAED
S214035A50FBF752FEE4F796FEE4F782FEE4F704FE55
S214035A60BDE80840D7F702BB08B5D5F719FBFBF727
S214035A7032FED5F721FBFBF730FED9F709FDD9F740
S214035A80AFFDD9F7B7FEBDE80840D9F7D5BD7047D7
S214035A907047E4F70FBE08B5FCF7CCFFBDE8084037
S214035AA0FCF7F7BF704707B50022034611460120EF
S214035AB00092D8F767FE03B05DF804FB07B50092C3
S214035AC00B46027D81898068FDF78CFD003818BF80
S214035AD00120C00103B05DF804FB08B50020E0F721
S214035AE0D9F90020E1F76AFF0020DAF763F800200F
S214035AF0DAF7FAFA0020DAF7F9FC0020DAF7E6FF1D
S214035B000020DBF70FFD0020DEF73EF80020DEF76F
S214035B10A9FD0020DFF79EFBBDE808400020DFF765
S214035B2089BC08B50120FDF73FFA0120DAF7A2F990
S214035B30BDE808400120DAF7C9BF08B50220E0F740
S214035B409DFA0220DFF790FC0220E2F745FA0220D6
S214035B50FFF7A2FD0220FDF7C7FC0220DEF782FD59
S214035B60BDE808400220DFF729BFDAF7C7BAFDF71A
S214035B70DBBF704770477047704770477047704782
S214035B8010B50446DFF734FE2046FDF743FA2046F9
S214035B90DBF7DAFF2046DCF72DFF2046BDE8104092
S214035BA0FDF7D5BCFDF7F0BCFDF7FABCDFF75CBB31
S214035BB070477047FDF752BA704770477047704793
S214035BC07047704705F015B870477047DFF7E6BBB8
S214035BD0704770477047704770477047D0F7DEB915
S214035BE0FEF77DBC704700207047FEF77ABCFEF7D1
S214035BF083BC7047431E012B03D9031F58425841E9
S214035C0070470120704700F021BC4FF4D07200218A
S214035C10E5F70ABE70B50446E7F7DEFE0546A8B903
S214035C20A169F1B1238AD3B1204604F11002E7F744
S214035C3081FD38BBE16919B3638AA3B1204604F139
S214035C40120200F0CAFA78B1054603E00023A36106
S214035C502361E361002328466361236270BDA0616C
S214035C60E8E72082E6E7E361216A0029F2D0A28A08
S214035C70002AEFD02046E38ABDE8704000F06FBAF2
S214035C806182F1E76582E561DEE711B9D0F8DC10E1
S214035C9021B1CB6813B18B68D88970474FF6FF7074
S214035CA07047E6F77DBF10B50C461146E6F79EFF34
S214035CB0E8F7CCF9012801D1002010BD002CF7D15C
S214035CC00520FAE700F0CFB900F0E3B970B500237A
S214035CD02425D0F8DC00C4689C4201D1212070BD85
S214035CE0826805FB0322D6898E4202D8128A8A422C
S214035CF001D20133F0E70020F1E7F8B506460D467A
S214035D00E6F7EAF9D8B94FF6FF734FF0240CEF68BD
S214035D10C1B28F4208D81C4621463046E6F792FBAE
S214035D2000F09AFB2046F8BDAA680CFB0122D48932
S214035D309C4202D2002CEFD023460130E8E7002431
S214035D40F0E7C08D70470A7838B505461046FFF76A
S214035D5051FF60B14C782046FFF74CFF38B1224321
S214035D60530704D42846BDE83840E7F78BB921200B
S214035D7038BD10B504460878FFF73CFF58B14A789B
S214035D801046FFF737FF30B1042A04D02046BDE89B
S214035D901040E7F795B9212010BD00F0E8B8E7F703
S214035DA0F7BC084600F008BBE7F736B838B5044634
S214035DB00D4600F08EF850B129462046E6F742FB22
S214035DC030B929462046BDE83840E6F7EDBF0E2039
S214035DD038BD70B516460C4604F065FD31460546DB
S214035DE02046EAF7CFF90446284604F057FD204636
S214035DF070BD00F032B970B5044600200E4600F0C0
S214035E0027FBD4F8F0503DB1002331462046AC467C
S214035E10BDE870401A4660472B46012231462046AD
S214035E20E7F75AFA284670BD38B5044648880D4643
S214035E3000F00EFBD4F8F0302BB929462046BDE817
S214035E403840E7F757B9022038BD00F003BB00F02F
S214035E503CB9E6F777BEE9F76FB970B5BDF81060E1
S214035E60054606B16BB1334428469BB200F077F97A
S214035E70044620B91EB13146284600F0ABF9204649
S214035E8070BD2124FBE7E8F7DDBCC0F8EC1000206A
S214035E907047E7F769BB00F05EB910B4BDF804407D
S214035EA001945DF8044B00F09FB80B4610B51446FA
S214035EB01846A1689288E5F747FEE168034631B1C4
S214035EC0A0886288121A92B21844E5F73DFE0020B5
S214035ED010BD0346408A18B1188A003818BF01203F
S214035EE070470846E9F734BA00F0ECBA00F0EABAAD
S214035EF0E9F740BC084708B5E6F76CFEC0B208BD34
S214035F00022A01D800F0E2B921207047022A01D8FC
S214035F1000F0EDB921207047022A01D800F0F9B944
S214035F2021207047E8F780B90846E8F79BB900F0E8
S214035F3018BA00207047002070477047D0F8943096
S214035F4003F06003402B0DD0602B03D0203B584258
S214035F505841704749B10B68012B06D9486940F090
S214035F600100704740F20110704700207047F7B5F4
S214035F7004461046D4E954C7DDE908268CEA020530
S214035F8087EA06010540194085EA0C057940C4E90D
S214035F905451002523F4004106EA010320F00100D2
S214035FA043F40073024043F00203CDE90055EAF7D9
S214035FB0B3FF94F824309A0713D5D4F854319B05CD
S214035FC00FD54FF48811204600F058FB94F8243080
S214035FD0024665F3410384F8243020460B46E6F771
S214035FE0CDFD002003B0F0BDF0B587B01C461746C4
S214035FF0BDF830601AB90024204607B0F0BD002B68
S214036000F9D00029F7D001AAE8F71CFC0028F2D043
S214036010BDF80630A2199A42BDF80850C4BF9B1BB0
S2140360209CB2B54212D90399AD1BADB23144A54219
S2140360300391ADF808500DD22A463846E5F784FD9D
S2140360400499621B7819E5F77FFDD5E70499761B5B
S2140360503144049122463846F5E70846EAF732B853
S2140360600220E9F77DBB08B5D0F8E4304BB11A68D7
S214036070022A06D993F825204AB1186AB0FBF2F033
S21403608008BD4FF446624C210020E6F73DFA002097
S214036090F6E7D0F8E42008B57AB11368022B0CD9DA
S2140360A0536A13F47F4FC3F3072106D0126ADBB299
S2140360B053438B42B3FBF1F006D2002040F67F42F7
S2140360C04C21E6F721FA002008BD0346D0F830013C
S2140360D00860B3F8343100208B80704790F8303175
S2140360E00C2B14BF90F82B00FF20704738B50C46D6
S2140360F04FF400610546EBF7B3FF70B17CB195F83A
S2140361001E3173B94FF480724FF480712846EBF753
S21403611093FF003818BF012038BD2202F4E7224659
S214036120F2E70020F8E74FF48071EBF799BF08B564
S2140361304A024FF40071EBF77FFF002008BD08B555
S2140361408A024FF48061EBF777FF002008BD4FF417
S2140361500071EBF785BF062300208B717047B2F5FD
S214036160805FF8B50F460646154619462ED89A425E
S2140361702CD33F2A26D9B2FA82F40122C4F11F0394
S214036180DBB29A4092B2AA422CBFC4F11904C4F1FE
S2140361901A04E2B20124931DDBB29C40A4B2AC42C3
S2140361A012D096F8F5309BB9012096F8243060F3A8
S2140361B0C71386F824303846E8F758F900203762C4
S2140361C0B582F8BD0022ECE70020EEE72120F8E7D1
S2140361D00E20F6E70846E8F769B970B505460E4699
S2140361E0144602B313883F2B1DD9B3FA83F3C3F1C6
S2140361F01901C9B2062901D8192B12D0062928BFBE
S214036200062101238A1DD2B2934030462380E8F745
S21403621055F923882846EE616B82E8F7D9F9002002
S21403622070BD0021EDE72120FAE710B514460846B5
S2140362300121E9F71DFE2046BDE810400121E9F7DC
S21403624017BEF8B504460E46174604F02CFB3A462E
S214036250054631462046EAF7C9F80446284604F0C0
S2140362601DFB2046F8BD0220704703207047E9F760
S2140362706FBA10B50023E7F7EFFC044608B9EBF74F
S21403628069F8204610BD704770B505460E4614469D
S21403629000F0E3F831462846FFF72FFD00F0DDF85F
S2140362A0230704D50B2C9CBF24F00804A4B2214674
S2140362B02846E6F795FC00224FF400312846EBF714
S2140362C0BBFE002070BD8021EBF7CABE7FB5531C12
S2140362D005AAADF81410029202210022DBB2CDE922
S2140362E000211146EBF7C6FE07B05DF804FB7FB549
S2140362F0531C05AAADF81410029204210222DBB245
S214036300CDE9002100220121EBF7B4FE07B05DF8CA
S21403631004FB1FB5531C029100220821CDE900217E
S2140363200122DBB21146EBF7A5FE05B05DF804FBD0
S21403633007B591F82830009391F82B3091F829206F
S21403634091F82A10E7F736FF03B05DF804FB10B5A3
S2140363500446E6F73FFC01462046BDE81040E6F754
S2140363603FBC002914BF21200020704738B50546DE
S21403637010460C46E7F7A4FFD5B1D5F8E030BBB11D
S2140363805B69ABB1421ED2B2FD2A13D90A68013249
S21403639004BF6FF001020A600A68FF281A6007D17B
S2140363A06268013202D16FF00102626062685A606D
S2140363B0002038BD0128F2E738B50546EAF73EF86F
S2140363C004460021A878E7F7E3FF204638BD2DE909
S2140363D0F74F01251C469DF83030064601930368A7
S2140363E0174603F0070306339D4005F1FF380B46B7
S2140363F0A1B1416804EA080BA5EB0B0A41F000596A
S214036400524509EB0B0114D952461846E5F79CFB97
S21403641049467A1B5A445044E5F796FB019B2BB139
S2140364203C4448EA050804EA0804F46003B0BDE8FF
S214036430F08F1846F0E737B5002514460095FFF7AA
S214036440C6FF204603B030BDE7F7B6BD0020704751
S21403645000207047002070477047704730B54900EA
S2140364600446056812B102291FD90339C90395B931
S214036470E1B1B1FA81F3C3F12003C3F10F000128A0
S21403648038BF012003F01F03D940A94201D90138C0
S2140364904908216030BDB5FA85F339B1B1FA81F206
S2140364A09B1A002BE9DC0F20EFE700210F20F0E713
S2140364B0012805D9023818BF4FF0FF30C0B2704725
S2140364C00120704708B5E9F79DFABDE80840E9F7EB
S2140364D0C1BA38B50446FFF7F5FF0546FFF7F2FFE6
S2140364E0431BA342FAD338BD38B50D460446E9F735
S2140364F089FA35B1844200D90139204601F00301F7
S21403650038BD844238BF0131F7E708B50121FFF7EC
S214036510EBFFBDE80840E9F79DBA0B0C23F4805364
S214036520B3F5284FF7B50D468FB2064699B216D087
S2140365304AF60103994214D04AF60203994212D04E
S214036540B1F5204F14BF04240324D6F8E0300BB172
S214036550196851B9D6F8DC3093B928680EE00024E0
S214036560F3E70124F1E70224EFE7234668463A46B9
S214036570E9F7CCFADDE90003002BEBD103B0F0BD5D
S21403658019680029E9D0234668463A46E9F7BEFA71
S214036590DDE90003002BE0D1F0E702F003BB0204C1
S2140365A0C0F3891307D56FEA83536FEA935313F542
S2140365B0007F18B206D0A3F1C8006FF4FF739842A9
S2140365C0B8BF184670474FF0384359699A6903F5C0
S2140365D000530A405A6170470E207047EBF7AEB877
S2140365E0EBF7ACB8EBF7AAB8EBF7A8B808B50846CC
S2140365F0EBF7CAFC08BDEBF7A1B8022070470220F0
S21403660070470020704701207047002070470E2017
S214036610704700207047E7F719BD08461146012268
S214036620FFF741BB70B505460C4611461A46EBF715
S2140366305DFD06682B462046B446BDE870406047BD
S21403664010B5EBF753FDBDE8104083681847FFF716
S21403665010BEE7F723BCFFF7A9BBE7F72DB970B564
S21403666004460D4616464FF4881100F01CF83246D1
S21403667029462046BDE87040E7F742BE38B50546D2
S2140366800C4604F010F9D5F890301C40D5F88C3041
S2140366902343C5F88C3004F001F9211E18BF0121ED
S2140366A00020490238BD38B504460D4604F0FBF811
S2140366B0D4F890301D40D4F88C3023EA0505C4F88E
S2140366C08C5004F0EBF8284638BD38B504460D4622
S2140366D04FF48811FFF7E7FF29462046BDE8384008
S2140366E0E7F736BE73B50D7806460C4635B3042376
S2140366F08DF804302379304601A98DF80530FFF76D
S21403670038FB0546B8B92278A37952BB8DF8043016
S214036710E379304601A98DF80530FFF714FB0546EB
S21403672048B923783BB161883046E6F7E3FE01219A
S2140367303046FFF7DBFC284602B070BD2946FFF75C
S214036740D5FC29463046FFF7F2FC29463046FFF7CC
S214036750F6FC2378002BCAD123798DF804306379AD
S214036760C9E702228DF80420D3E7FFF7E0BCFFF762
S214036770EEBC0020704710B50446EBF751FD2146EA
S2140367800020ECF7A1FBBDE81040002000F02BB979
S21403679070470120704708B5EDF7C4F980F0010093
S2140367A0C0B208BD4FF0FF30FFF79EBB7047002016
S2140367B0704710B50C4603F037FE048010BD38B59D
S2140367C00C46154603F030FE03881DB11C43A1B2E8
S2140367D0018038BD23EA040189B2F9E708B503F05E
S2140367E023FE008808BD08B503F01EFEC07808BD6A
S2140367F008B503F019FE008800F00C0008BD08B5C4
S21403680003F012FE008800F00C00031F58425841A4
S21403681008BD38B5054603F007FE04462846FFF7CD
S214036820EEFF30B904F1100004F01DFA00F44060E6
S21403683038BD4FF40060FBE738B5054603F0F4FDBA
S21403684004462846FFF7DBFF014648B910342046C6
S214036850042203F029FD2044BDE8384004F003BABF
S214036860A08838BD10B50C4603F0DEFD848010BD4D
S21403687038B5054603F0D8FD04462846FFF7BFFFA4
S21403688030B904F1100004F0EEF900F4404038BDCE
S2140368904FF40060FBE738B5054603F0C5FD044634
S2140368A02846FFF7ACFF014648B9103420460622B7
S2140368B003F0FAFC2044BDE8384004F0D4B9A088BD
S2140368C038BD38B5054603F0AFFD04462846FFF746
S2140368D096FF014608B1201D38BD10340622204617
S2140368E003F0E2FC2044F7E708B503F09DFD007AC9
S2140368F008BD08B503F098FD90F9090008BD08B572
S21403690003F092FD807A08BD08B503F08DFDC068DC
S21403691008BD10B50C4603F087FD047210BD10B514
S2140369200C4603F081FD447210BD10B50C4603F00F
S2140369307BFDC46010BD2DE9F8430F468046002159
S21403694007F110001646994603F0E2FD0446D0B15F
S21403695003F06AFD0546204603F082FD0021024649
S2140369602846E4F761FF00232046AB7049F0040194
S214036970FFF71FFFA5F804802EB13A46314605F10E
S2140369801000E5F7E1F82046BDE8F883F8B50546BC
S2140369900F461020002103F0BBFD0446B0B103F000
S2140369A043FD0646204603F05BFD002102463046C3
S2140369B0E4F73AFF002339462046B370FFF7F9FEA3
S2140369C025B12A460121204603F07AFD2046F8BD6C
S2140369D008B503F029FD103008BD08B503F040FDE7
S2140369E01038C0B208BD0020ECF796B908B5ECF72E
S2140369F0F1FB002008BD4088C0F30C00033080087C
S214036A0040000430704770B50E46054611463046C2
S214036A1003F07EFD044635B128B103F005FD32468A
S214036A202946E4F753FF204670BD0088B0FA80F08D
S214036A304009704738B505880022044604F07DF9FE
S214036A4005B1258038BDF8B507460D4600880021F8
S214036A50164603F021FDB042044605D129463846C2
S214036A60BDE8F840FFF7E6BF0021204603F014FD1B
S214036A70B04205D02046002103F00EFD0446F3E79E
S214036A802A462046002103F01BFD32462846BDE871
S214036A90F840002103F014BDF8B5058807467DB11C
S214036AA0CCB22146284603F0F7FC8542064609D1B8
S214036AB000233B8000222146304603F001FD354685
S214036AC02846F8BD214603F0E7FC21460246284641
S214036AD003F0F6FCEEE72DE9F04707888246884682
S214036AE014465FB3384603F0BBFC3D460646E4B2A5
S214036AF02146284603F0D0FC4045814616D1214660
S214036B0003F0CAFC21460246284603F0D9FC474553
S214036B1004D1454508BF0025AAF8005000222146A7
S214036B20404603F0CDFC3046BDE8F0878742FAD0F6
S214036B3003F096FC30444D4686B2D9E73E46F2E76C
S214036B4000220123C0E900237047F8B50446012755
S214036B50002603F0B5FE23683BB903F0ACFE002223
S214036B606368012B0ED16360F8BD1D691F61266043
S214036B7003F0A1FE012DF2D02B462D691E61012DD7
S214036B80FAD1E6E719691A610B46EAE7036823B9FF
S214036B904068012803D0EDF765B8002070474FF032
S214036BA0FF307047F8B5054603F078FF0123064625
S214036BB00027A8602B7303F083FE2B6802467BB185
S214036BC01C692169A1420CBF2F6019612761104619
S214036BD003F071FE012C08D0204663689847EAE765
S214036BE06C68012C04D103F066FE00232B73F8BDFA
S214036BF06169711AB1F1004FF5D8216969602361A3
S214036C00E5E70220704702207047002070470144E2
S214036C10884201D10120704710F8013B9342F7D018
S214036C200020704770B50146064692B00020EBF789
S214036C3023FD044670B9FDF7F1FF054601466A4693
S214036C402046ECF75FF86A46294620468DF8026030
S214036C50ECF70EFB204612B070BD00B593B0FDF7FF
S214036C60DDFF6A4601460020ECF74CF89DF902006A
S214036C7013B05DF804FB00B593B0FDF7CFFF6A468B
S214036C8001460020ECF73EF89DF8000013B05DF8CF
S214036C9004FBEBF7FBBF012070477FB54FF6FF7190
S214036CA001AAEDF751FA20B1BDF80C0007B05DF864
S214036CB004FB4FF6FF70F9E708B51046EEF70AFA3D
S214036CC0BDE80840EEF7C4BA704770477047704790
S214036CD0704770477047704738B54FF6FF750D809D
S214036CE00C46F6F7BBFA2080A8420CBF2D200020E6
S214036CF038BD002100B593B06A460846ECF702F8A3
S214036D00BDF8060013B05DF804FB002110B592B081
S214036D1004466A460846EBF7F5FF00216A4608462E
S214036D20ADF80640ECF7A4FA12B010BD002100B58A
S214036D3093B06A460846EBF7E5FFBDF8040013B0C8
S214036D405DF804FB002110B592B004466A46084677
S214036D50EBF7D8FF00216A460846ADF80440ECF787
S214036D6087FA12B010BD70472DE9F04F87B00C4676
S214036D7091460746FFF73CFD0546661C304603F082
S214036D8072FF042D40F090803846FFF721FE03780B
S214036D90092203F00303012B14BF0223032301215B
S214036DA02046039303F080FA092200210546204675
S214036DB003F07AFA21788DF817000139002220466D
S214036DC089B2FFF720FE04EB09088346F0B14FF0C3
S214036DD0010A2A460146CDF800A003980DF11703D1
S214036DE0FBF7DDFE0228054626D1584603F038FB9E
S214036DF000222070C0B2431E00929BB252465946F0
S214036E00304604F029F82378534423703846FFF7B6
S214036E10E5FC020424D498F8013021789B071FD59B
S214036E200139A1EB09013A464046C9B2F1F710F918
S214036E3023781844207013E020B92070284607B042
S214036E40BDE8F08F032809D1404603F00CFF20F479
S214036E50007189B2404603F008FFD7E70428D5D16E
S214036E600125002220462178FFF7CDFD074600289E
S214036E70E4D04FF000080146434601224046CDF8D1
S214036E800080FBF78CFE022819D1384603F0E8FA97
S214036E90C2B2013A207093B2394601223046CDF889
S214036EA0008003F0D9FFC9E780F0800520F080005A
S214036EB081B23046C5F3C01503F0D7FED1E70028EC
S214036EC0BCD12070BAE708B50020FFF764FC80F059
S214036ED00100C0B208BD0A4608B501460020EDF71A
S214036EE081FBB0FA80F0400908BD0020ECF7F4BA45
S214036EF000210846EBF798BF0020FFF74ABC70B5A1
S214036F00044603F0B0FE042200210646204603F0A2
S214036F10CBF9204403F0A7FE0322054600212046B2
S214036F2003F0C2F9204403F09EFE4FF6FF730540BC
S214036F30ADB29D4214D1F30712D506220021204696
S214036F4003F0B2F9204403F08EFE0446EDF7BCFBD3
S214036F50844214BF02240624EDF7B0FB204070BD24
S214036F602046FBF7EDFFC400E4B2F5E708B5FFF7EC
S214036F70C6FF003818BF012008BD0120704710B5B2
S214036F800446FEF71DFB08B9FEF71CFB03050FD4EA
S214036F900C231B2B01D1002009E020FA03F1C907BB
S214036FA003F1010206D5DBB2E31A5842584110BD7D
S214036FB00B23F9E71346ECE710B50C46098819B915
S214036FC00846F7F7A3FC2080012010BD08B510463D
S214036FD01A4600F08CFABDE8084003F0E2BD70B52F
S214036FE004460D46164692B06A46EBF78BFE6A4693
S214036FF0294620468DF81F60ECF73AF912B070BDAB
S21403700010B50C46EDF73CFF2046BDE81040EDF703
S2140370104DBE0129F8B505460C461DD003291ED0E2
S214037020052920D0072922D0002600240027012086
S214037030EBF7BAFD304485421DDA0320EBF7B4FDC7
S2140370402044854219DA0520EBF7AEFD3844854225
S214037050B4BF07200520F8BD6FF00406E5E76FF020
S21403706004040526E2E700266FF00407DFE70024A2
S21403707005272646DBE70120EDE70320EBE738B1DB
S2140370804379490023F00C0301F00C010B434371D1
S214037090704710B5044678B141794088490801F035
S2140370A006010131000AFFF7B4FF024601462046F7
S2140370B0FFF7E5FF104610BD0722FBE738B50D4680
S2140370C0EDF7CCFE044608B9002038BDFFF7E1FF14
S2140370D0002DFAD1237913F00703F5D0984238BF71
S2140370E01846C0B2F1E7EEF7C7B80022EEF7EAB9E2
S2140370F00021012208B5EEF7E5F9401A18BF012072
S21403710008BD38B51546FFF7F0FF0446284603F0DA
S21403711087FE84B1FF2804D0626822FA00F3DB07F7
S21403712001D5012038BD0123834013436360E37810
S2140371300133E370F5E72046F4E7EEF71DBC10B520
S21403714003F072F900F11004204603F08CFD20F4DE
S214037150007189B22046BDE8104003F086BD2DE9D4
S214037160FF411546019101218DF80D301B0A8DF85C
S2140371700E309DF82C308DF80C008DF80F30284615
S2140371800423009103AA9DF828809DF830709DF88B
S214037190346001F016FB044670B12946FFF762FB24
S2140371A0B8F1000F02D12046FFF7C9FF2FB146B949
S2140371B03146204601F0D0F80024204604B0BDE84E
S2140371C0F081002220461146EEF75CFBF4E74FF40D
S2140371D07A70EEF7B1BC08B5ECF758FDBDE8084089
S2140371E00020EEF7AFBD00B58BB06846EEF780FC27
S2140371F0009BBDF8060004A90693EEF71FFC0BB030
S2140372005DF804FB1FB504466846EEF771FC02AB57
S21403721003CB2060616004B010BD1FB5062304468F
S2140372208DF80C30EEF7E8FE00238DF80D00CDE95F
S214037230003301210223204603AA01F0C2FA04B058
S21403724010BD38B5002208210546FFF7E0FC0446CA
S21403725098B9FFF74EFD22464FF6FF71EFF724F974
S2140372602846297CEEF79EFD287C6A69E989F0F7B3
S21403727099FCEEF70FFD204638BD0120FCE770B5FC
S2140372800C4605460120EFF79BFC237B4BB1FFF72B
S21403729030FD014623462A46BDE870400120EFF73D
S2140372A021B94FF6FE71F5E7F8B50E460746FFF728
S2140372B08FFB054603F0D7FC00F44040B0F5404F83
S2140372C014BF0022062202F10A03EB5C0B325C00B9
S2140372D004F00E045B08144403F0380338461C44D9
S2140372E0FFF77BFB844208D2001BC2B20F2A28BFDB
S2140372F00F2230462919E4F727FC2046F8BDECF7A1
S214037300C5BC40F62740F0F7CBB9FF224FF6FF7116
S214037310F0F7FABA07B500210DF10700F0F72CFCD9
S2140373209DF8070003B05DF804FB13B5044601A9F6
S2140373300020F0F721FC019A01462046F0F732FCC4
S214037340204602B010BDF0B50F46002187B00446B4
S21403735008461646F0F710FC012305460DF10A0011
S2140373608DF808408DF80930FFF74CFF092C1DD126
S21403737031460DF1120003F078FC05AB002102AA9A
S2140373809B1A2846CDE90011DBB2642101F019FAF5
S2140373900546E0B1092C15D1F0F74EFC044688B13A
S2140373A02846F0F75DFC204607B0F0BD31460DF1E8
S2140373B013008DF812704FF6FF7503F056FC0DF1AF
S2140373C01503DBE7284600F014F80446EBE704460B
S2140373D0E9E738B504460D4603F03CFD40B1AC4240
S2140373E006D0204603F02DFDBDE8384000F0ACBFC4
S2140373F038BD10B50446FFF7EBFA023003F033FC52
S2140374004FF6F7739842204603D9BDE81040F0F7CD
S214037410A1BDF0F7E1FDB0FA80F0400910BD0120F0
S21403742070470022F0F7CEBC70B504460088FFF71D
S214037430CFFA0546043003F016FC0646A81C03F0F4
S21403744012FC054603F025FB3046F1F7ABFF30B9D7
S2140374502846F1F7A7FF10B1284603F0FBFCA378F4
S214037460002023F00F03A37070BD70B50546FFF729
S214037470AFFA0646284601F0C8F901462846F7F74C
S21403748079FE04462846FFF7D7F94FF6F773984276
S21403749008D8337803F00303012B05D1A31E584203
S2140374A0584170BD0120FCE70020FAE741F20333A0
S2140374B030B585B00D46ADF808300446FFF719FC25
S2140374C08DF80A00FFF715FC0021000A8DF80B0063
S2140374D005232046CDE9001102AA8DF80C5001F0D1
S2140374E070F910B12146FFF79CFF05B030BD2DE9BA
S2140374F0F041044617460D46E1B13F294FF000061A
S21403750000D135462046FFF773F9082814D1012128
S214037510204602F0C1FF064602F0A2FF04463046AC
S21403752002F082FF3B4601462A46E0B2BDE8F04140
S214037530FDF718BC0126E5E72046FFF759F9024692
S21403754030B9BDE8F0414FF6FF71012003F054BB9C
S2140375502046FFF75EF9B0F5006F0ED12046FFF721
S2140375606BF94FF6FF739842014617D0002D0CBFF8
S21403757003200520002203F03FFB29462046EEF7B2
S21403758039FA68B929462046F1F7AAFE40B93246C9
S21403759029462046BDE8F041F0F762BE0120E9E740
S2140375A0BDE8F0817047704737B54FF6F675FDF7BF
S2140375B038FB431E9BB2AB420446F8D8EDF74EFCAD
S2140375C00028F4D169462046ECF76AFF0028EED07F
S2140375D0204600F09AFE0028E9D12046FFF788FDF2
S2140375E00028E4D12046F1F7DDFE0028DFD120464F
S2140375F003F030FC0028DAD12046FDF71DFB0028F7
S214037600D5D1204603B030BD73B504460E46F1F718
S214037610C9FE054688B92046F1F71EFF21462B46CC
S2140376200D224FF6FD70009500F0A1F83146204676
S21403763002B0BDE87040F1F7D1BE02B070BDF7B539
S21403764004460D461746FFF754FB0646002D3FD06B
S2140376504FF6FB739C423BD82046F1F7A3FE08B1D6
S214037660A64235D02046F1F79DFE10B1012003B0A7
S214037670F0BD2046FDF7E0FAC0B1A642F6D0F4B15D
S21403768069462046ECF70CFF0246C0B90821684657
S214037690FFF7BDFA98B9082269462846E4F710FCB6
S2140376A068B129462046FFF7AFFFDFE7A642E6D1DB
S2140376B02846ECF763FF10B900F03DFED6E73FB16E
S2140376C021462846EDF770FD21462846F5F7ACFD22
S2140376D00020CCE737B5054614460C2914D8DFE856
S2140376E001F02C132C131313071313131324240062
S2140376F06946ECF7D5FE18B901216846F5F792FE00
S21403770041202946F8F7B2F9D4B12046FFF760F9CD
S214037710023003F0A8FA4FF6F773984210D92046C2
S21403772003B0BDE83040F0F7CBBC40F6144040F65B
S21403773013430B2908BF1846E3E700F0EDFDE3E724
S21403774003B030BD1FB50346084603218DF80D3040
S2140377508DF80C1001230021ADF80E20CDE9003181
S21403776003AA042301F02DF805B05DF804FB2DE908
S214037770F34106460F4614461D469DF82080FFF744
S214037780B8FAB04207D100222146384602B0BDE817
S214037790F041FFF79FBF3A4631462046FFF7D2FF38
S2140377A0ADF8060060B10D2C05D100224FF6FF712F
S2140377B0282003F021FA35B9BDF80600FFF719FEB5
S2140377C002B0BDE8F0810123424629460DF10600CA
S2140377D0ECF7B0F9BDF80630002BEDD1F0E7F7B5BE
S2140377E00C460546FFF7F4F8611C06462846F7F7ED
S2140377F0C1FCA11C0746284600F02AFF01460446A2
S2140378003846FDF747FA0D2F34D12046F1F7CAFD67
S21403781078B1301D03F027FA04462846F679FFF7B9
S2140378203AF831460246204603B0BDE8F040FFF77B
S21403783068BCB01C03F017FA4FF6F773984202D9E8
S2140378402846F0F73DFC2046F1F706FEFFF751FA0F
S214037850A04205D1002003B0BDE8F040FFF7A2BE6A
S2140378606B46B068F16803C369462046F1F7B6FD78
S21403787003B0F0BD2A463946204603B0BDE8F040C3
S214037880FFF728BF14220021E3F7CEBF2DE9F04F00
S21403789011F00F0704460E4615468FB05CD1012043
S2140378A0E1F740FC09A8FDF7F3FA092309A88DF8C8
S2140378B02430FDF7F1FA09A8E1F706FC01A909A8A7
S2140378C0FDF77BFC26F00F08A84404F1100904F129
S2140378D00F0A454511D1236901A93344236109A839
S2140378E0FDF750FC0020E1F71DFCB6F1005F28BF52
S2140378F0272738460FB0BDE8F08F05AA23469646DD
S2140379009446186859680833ACE803004B4562464A
S214037910F6D12B46224605F1100B53F8041B5B45A4
S21403792042F8041BF9D1714609A8FDF72BFC09A8F8
S214037930E1F7CAFB224621460120E1F7AFFB013DF2
S214037940631E13F8012F15F8011F534582EA01023F
S2140379501A70F6D15D46BCE70227CAE7F0B51746AC
S21403796085B005460C46102200216846E3F75CFF07
S214037970BFB3C4B30F2C04F00F0608D924F00F04CA
S2140379803A4621462846FFF781FF40BB2744324646
S21403799039466846E4F7D8F880222F6906F11003C3
S2140379A037446B44B7F5005F03F8102C2F61C6F11C
S2140379B010061AD3062E1FDDFB001A0E8DF80A20BA
S2140379C01A0C5BBA8DF80B20ADF80C306A46102102
S2140379D02846FFF75BFF00202B69103B2B6105B0A1
S2140379E0F0BD3E46D8E72646D6E7022E04DDFB006A
S2140379F05BBAADF80E30E9E76A4610212846FFF772
S214037A0045FF2B691022A3F11004002168462C6160
S214037A10E3F70AFFB7F5005F4FEAC403CDD2E7E703
S214037A2070B50E46054686B001A81446FFF72AFF32
S214037A303246294601A8FFF791FF2246054601ABC9
S214037A4005AE1C4603CCB44210605160234602F1D7
S214037A500802F6D1284606B070BDF1F755BD0A46B2
S214037A600021F1F751BDF0B58BB00C4601A9F1F733
S214037A704BFD054680B325220021E01CE3F7D4FE28
S214037A800123A3700E23BDF810702380FA0510D5CA
S214037A9023464FF4877206AE23F8042B0DF1280C09
S214037AA0324603CA624518605960164603F1080356
S214037AB0F6D13B0605D5238843F080032380069B37
S214037AC0636001AB03CB039BC4F81D00C4F821100D
S214037AD0A361F2F7FDFE606128460BB0F0BD30B53A
S214037AE005460C4687B001A8FDF7D2F928686968F1
S214037AF002AB03C39DF8113043F002028DF8112048
S214037B0074B12288510644BF43F006038DF8113042
S214037B10530542BF9DF8113043F008038DF811302A
S214037B2001A8FDF7B0FAB0FA80F0400907B030BDFF
S214037B302DE9F3410F460546164602F091FC4FF039
S214037B400008C41BE4B2294623463A463046CDF81D
S214037B50008003F081F90121284602F09DFC88B1DC
S214037B600121284602F098FC074602F079FC0546F8
S214037B70C3B2424630193946CDF8008003F06CF99B
S214037B802544ECB2204602B0BDE8F0812DE9F04F63
S214037B9085B00C46054691461F464FF0010ADDF8B0
S214037BA038809DF83CB002F05BFC22463B462946F3
S214037BB00646CDF800A0484603F04EF9514628463F
S214037BC002F06AFC3C4418B35146284602F064FCB3
S214037BD0F6B2B442814610DAE7B2F31BDBB2404694
S214037BE022462946CDF800A003935F4403F034F9F8
S214037BF0039BBF1B984407F0FF0B012300220E9341
S214037C0049465B46404605B0BDE8F04F03F024B94D
S214037C105B4622462946CDF838A0F3E72DE9F04126
S214037C20002686B0074608460C4615469846CDE914
S214037C30026604968DF8146002F012FC411BCBB268
S214037C400D2B28BF0D232A462146009602A803F0D3
S214037C5003F9424602A93846F1F7ACFD0646294623
S214037C6020469DF80820F7F799FA304606B0BDE897
S214037C70F0812DE9F04F0E46CBB00121054617469D
S214037C801C4602F009FC23463A462946814606A8C6
S214037C90FFF7C4FF0DF1280A00EB070B52463146E7
S214037CA028465FFA8BFBFFF743FFB34503D200205A
S214037CB04BB0BDE8F08FABEB06085FFA88F808F127
S214037CC004039842F3DB331F18440423C4B201931E
S214037CD0A31BDBB20093524643460021CDF808A00F
S214037CE006A8E1F78FF90028E1D1A4EB0B040AEB11
S214037CF00803E4B2524628463146009301944346AD
S214037D00FFF744FF39462846F7F734FA394600F0BA
S214037D10F8022846F7F742FA0121284602F0BCFB90
S214037D20002818BF4D462846ADF8165002F098FBBB
S214037D30011FC9B20DF1160000F04FFC0120B7E792
S214037D402DE9D841064600F060FD411C044689B281
S214037D50304600F02DFD98B394B321463046F7F72E
S214037D6009FA00F00C03042B074629D000F0030899
S214037D70B8F1020F00D11BBB384600F0B0FD3B063E
S214037D800444A4B216D5611C304689B200F010FD37
S214037D90B0B121463046F7F7EDF9B8F1010F0146C9
S214037DA000F003030CD0032B0AD0384600F0A6FDE0
S214037DB003199CB221463046BDE8D84100F0F8BC12
S214037DC00020BDE8D881F8B5064600F0E0FC05467D
S214037DD004463046FEF7FCFD43785B0718D5AC1C1B
S214037DE0A4B22146304600F0E3FCB8B1294630463B
S214037DF0F7F7C0F90746691C304689B2F7F7BAF9B0
S214037E001FB1874201D8FF2808D104EB4704A4B268
S214037E1021463046BDE8F84000F0CABC0020F8BD55
S214037E2013B5044601A8F1F71DFFBDF80430DA07C1
S214037E3010D49B0707D410220021204602B0BDE8C9
S214037E401040E3F7F1BC224621461020FFF7E8FD79
S214037E500028F0D102B010BD024608B5F1F72AFF9C
S214037E60510544BF0838C0B2130544BF0838C0B232
S214037E7008BDF0B5D30705460C468BB04AD5008837
S214037E8000F0C3FC00230646029314B9CDE903446D
S214037E9003AC002208212046FEF7B9FEA8B12888C5
S214037EA0FEF796FD023002F0DEFE21460746ECF7AB
S214037EB0F7FA50B1002240231146384600F005FA7F
S214037EC040F6094528460BB0F0BD31462888F7F73B
S214037ED051F910F0030F0CBF01260026F1F758FBEB
S214037EE046EA4000C0B200900021204602AB05AA35
S214037EF0F3F72AF90546F1F74BFB0028E2D0002DED
S214037F00E0D000212046009602AB05AAF3F71CF941
S214037F100546D7E740F60A45D4E700231A46F3F7A3
S214037F207FB830B58BB005AD04462846FCF7B0FFE6
S214037F300223284601A98DF81430FDF73EF923469F
S214037F4001AA144603CCAC4218605960224603F1DA
S214037F500803F6D10BB030BD08B500230246194618
S214037F601846F3F75DF8012008BD37B504466846A2
S214037F70F3F7CEF8054648B1082221466846E3F7EC
S214037F809FFFB0FA80F0400903B030BDFF220821FE
S214037F902046FEF73CFE034628B106212846FFF797
S214037FA0BCFF0120F0E722460146F3F739F8F8E76D
S214037FB007B56846F3F7ACF810B16846FDF76CFAF8
S214037FC000F0010003B05DF804FB0120F3F776BD73
S214037FD0704730B50124054689B003A8FCF758FF5F
S214037FE001A88DF80C40E1F7CDF89DF806209DF822
S214037FF00730AA4209D0AB4209D103A88DF80D4039
S214038000E1F762F8012009B030BD0024F5E700204F
S214038010F9E700221021FEF7FABD70477FB50D463B
S21403802000F582300D22694600F58070D5F744F8D6
S2140380306B462A4602AE1C4603CCB442106051601F
S214038040234602F10802F6D12068106023791371E3
S21403805000236B7304B070BDF0B585B06A46054661
S2140380600B46164601F10807144618685968083384
S21403807003C4BB422246F7D118680D2220601B7941
S21403808005F582303146237100F58070D5F740F848
S21403809005B0F0BD38B504460D46E0F765FBA042D3
S2140380A005D920462946FFF7B9FF002038BD28200A
S2140380B0FCE730B5002485B08DF80040E0F754FBAC
S2140380C0E5B2A84204D8F5F711F8002005B030BD94
S2140380D069462846FFF7C0FF0134EFE738B5044684
S2140380E0002002F0ACFEFF2805460FD002F0AFFEDC
S2140380F010F0010009D0284602F0A9FE400840EA25
S214038100C17080F0010000F0010038BD04F00100EA
S214038110FBE70146F8B506460020F4F721FFFF28E3
S21403812001D00120F8BDE0F70FFB00240546871CAD
S214038130E0F70EFBE3B2984201D80020F2E735F8E9
S2140381402430B34203D117F82430002BE9D101348D
S214038150EEE738B50D460121044602F09DF930B12D
S2140381600121204602F098F92880012038BD2046D8
S2140381702C8000F020FC0130C0B2F7E72DE9F04771
S21403818088B00746894610460DF10A011D469046FB
S214038190FFF7DFFF4FF0000ABDF80A6004463046DB
S2140381A0CDE905AACDF81BA002F05AF9031BDBB2F2
S2140381B00B2B28BF0B2322463146CDF800A005A87B
S2140381C002F04AFE48F21F039D4243D00BD885F4C3
S2140381D00043012B15D923464246494628460097B5
S2140381E0FDF7A7F933E048F23A039D42F3D1FEF7D1
S2140381F080FDB8422BD02246414605A8FDF7CAF9B2
S21403820025E09DF8143013BBBDF81D40DDF81500BE
S214038210DDF8191003AB03C3204603A9E0F798FC67
S2140382200122204603A9FFF70AFAA74206460ED004
S214038230012103A8F5F7F6F848F201039D4206D19B
S2140382402EB9334632463946204600F058FC08B06D
S214038250BDE8F0879DF81450002DF8D12F469DF801
S21403826015800234EAB24245F1D2D200D2B2224499
S2140382700823314692B2009703A8CDE9037702F0AC
S214038280EBFD03A800F074F802F0DBFD00F05CF8E9
S2140382900135E7E710B50024418084800480C2805E
S2140382A0038110BD13B5BDF81040CDE9003400239B
S2140382B0F5F786FB02B010BD13B5BDF8104001906C
S2140382C00094F5F77DFB02B010BD07B500930123BC
S2140382D0FFF7F2FF03B05DF804FB0123F5F716BCC6
S2140382E038B50546EFF7A8FC0446E0F749FAA401BB
S2140382F044EA4020284038BD704770470020704746
S214038300FF207047002070477047002070474FF6E5
S214038310FF70704700207047704700207047704713
S2140383200020704770470020704700207047704752
S21403833070470020704770477047002070474FF61D
S214038340FF70704717207047704770477047704735
S2140383507047704701207047012070470020704720
S214038360002070477047704770474FF6FF7070479E
S2140383704FF6FF70704700207047002070470020BC
S21403838070477047002070472DE9F04F002785B0EF
S21403839081460C467E2039469846BDF83CB09DF88B
S2140383A044A0BDF84C500192ADF80E7002F0B0F840
S2140383B00646002800F0AA8002F036F839467E22E8
S2140383C0E3F732FA304602F02FF80090304602F018
S2140383D02BF8B9F1FF0F0CBF274644F003073B0AFF
S2140383E014F44062077043705FD14FF00808C31C53
S2140383F0184642460199E3F769FA034604F44044F3
S214038400434484B1790606D419464FEA1B2201F881
S21403841002BB5A700B46B4F5004F56D0A4F5404243
S21403842054425441E400224618460E99E3F74EFAA6
S214038430009A03462044A0EB02085FFA88F89DB131
S2140384404FF47C521A53841C284601F0EDFF8346F2
S214038450284602F005F8C5B22A4659462046E3F7F1
S21403846073FB60190235EDB2B9F1FF0F2FD05246F8
S214038470109900F8019BE3F767FB08F101015AFA2C
S21403848081F129443046EBF7EBFA0C210022FF007A
S21403849007F0800710463943FEF778FAADF80E006A
S2140384A0E8B9002005B0BDE8F08FB2F5006F80F89C
S2140384B003804FEA182880F8048000F1050314BFF0
S2140384C04FF008084FF0020892E70224ABE708EBE8
S2140384D00A0129443046EBF7C3FA0821D6E73046AB
S2140384E001F0A2FF0446304601F0BAFF012302461C
S2140384F021460DF10E00EBF71DFB0028D1D101211B
S214038500BDF84820BDF80E0001F0DAFFBDF80E00F6
S214038510C8E710B50C46098821B90846F6F7F6F9F8
S214038520208008B1012010BD0220FCE72DE9F047AA
S21403853080460F460646002402F1FF39BC4202D2AB
S21403854019F8015F25B9A6EB080080B2BDE8F087ED
S2140385509A46A5F13102012A5AF8041B10D832466E
S214038560322D02F8011B06D10134A4B2A74232D33E
S2140385700912B21C7170013453461646A4B2DDE7E5
S214038580342D0CD10334BC42DDDA0B0A3170737020
S2140385900B0C090EB370321DF170A4B2EBE7A5F114
S2140385A03302062A0DD8303DADB22B19BB42CADAC8
S2140385B02A463046013CE3F789F915FA84F4721922
S2140385C0EBE7A5F14102062A01D8373DECE79D8883
S2140385D003F1080AE9E71646B5E770B505460088CD
S2140385E00C4601F03DFFA04228880AD201F038FF6E
S2140385F00023221A19462846BDE8704092B2EBF7CC
S21403860099BA2146EBF72CFA002070BD38B505461B
S21403861001F00AFF0446284601F022FF0022014625
S2140386202046BDE83840FEF7EEB9F8B516460C46C8
S2140386301D46BDF8187001F0F7FE0444304601F0FD
S214038640F3FE3A4641192046BDE8F840E3F73EB943
S21403865070B50C46013189B20646F6F78BFD214606
S21403866005463046F6F786FD00EB052080B270BD62
S2140386701FB50123ADF80C2000930A4602230146DA
S21403868003A802F0E9FB05B05DF804FB0FB437B5A9
S214038690069D0021A8B201F03BFF044601F0C4FE8C
S2140386A02CB1002207AB0193D1B28D4205D82046E8
S2140386B003B0BDE8304004B0704753F8041B815440
S2140386C00132F1E773B504460D46402000211646F5
S2140386D001F01EFFADF8060001F0A6FEBDF8063059
S2140386E013B9002002B070BD402133462A46204409
S2140386F0FFF71CFF211889B20DF10600FFF76DFF87
S2140387000028EED1BDF80600ECE70EB403B503AAC5
S21403871052F8041B0192FFF7D5FF02B05DF804EB95
S21403872003B070472DE9F7430F46012181461646ED
S21403873001F0B2FE054658B1FFF768FF308088B9EE
S214038740284601F08DFE68B1192003B0BDE8F0831A
S214038750484601F085FEFF2FA0EB0704E4B214D0D1
S21403876014B934800020F0E72A4621462846FEF74F
S2140387704AF980460028E7D03B464A4629460094F5
S214038780FFF753FFA6F80080ECE70120DDE708B506
S214038790FEF71EF9437803F001001A074CBF1030AA
S2140387A00830DB0644BF0830C0B21030C0B208BD84
S2140387B010B50C4601F054FEA04234BF0020012041
S2140387C010BD7FB514460091024641F2092141F6D9
S2140387D009209DF820601D46002E18BF0146099B00
S2140387E00020F6F7EFFCADF80E0010B9002004B039
S2140387F070BD01232A4621460DF10E00EBF79AF9C8
S2140388000028F3D1BDF80E00F1E738B50546FFF7AB
S214038810BEFF0446284601F023FE631C9BB2834238
S2140388200FD82846FEF7D4F843785B0707D52146CA
S2140388302846F6F79FFC013004EB4004E4B22046DA
S21403884038BD0024FBE71FB5ADF80E0001F008FEA7
S2140388500446BDF80E00FFF7D8FF00F10E03DBB2A7
S214038860BDF80E200146E01A80B200901046FFF7CE
S214038870DCFEA4F10E0189B20DF10E00FFF7ADFE8A
S21403888004B010BD4278034612F0080006D0D207A3
S21403889002D403F10800704703F10900704737B5A7
S2140388A005460C46FEF794F8437813F0100212D0F0
S2140388B09CB103F001021B074FF000032946009307
S2140388C020464FF0080354BF1832203202F0C4FA91
S2140388D0012003B030BD1046FBE72046F9E700F061
S2140388E00303012B08D0C30606D400F00C000C28A3
S2140388F014BF08200920704702207047034611F072
S214038900030005D003F00303022B14BF0220032049
S2140389107047F8B50C46064601F0A2FD631C834279
S21403892002D900252846F8BD21463046F6F722FC34
S2140389300746FFF7D4FF3B060546F3D50444304607
S21403894001F08EFDA4B2631C9BB28342E9D8214694
S2140389503046F6F70FFC01463846FFF7CFFF2844AC
S214038960C5B2DFE770B506460D46FFF7D2FF0446ED
S21403897010B90024204670BD29463046F6F7FAFBA8
S2140389808206F7D5304601F06BFD2544ADB26B1C6D
S2140389909BB28342EDD829463046F6F7EBFB00F050
S2140389A01803082B14BF05340634E4B2830644BF09
S2140389B00834E4B2DEE738B50546FFF726FF04467B
S2140389C008B9002038BD01462846FFF7CBFF00282C
S2140389D0F7D02044C0B2F5E72DE9F04387B005464B
S2140389E00C46FDF7F5FF804602F03DF9074628469C
S2140389F0FFF70BFF064601462846FFF78AFF0022CD
S214038A00034600922946324602A802F025FA9DF84C
S214038A10086006F00C030C2B06F003090BD0B9F123
S214038A20010F59D0F10657D49DF809300DF10A0508
S214038A300020637107E0FF230DF10900637102F064
S214038A4012F90DF10B05208198F80130DA0704D5E9
S214038A5008F1020002F007F92081B9F1010F5FFA6D
S214038A6089F83DD0F3063BD4284602F0FCF8608034
S214038A70A81C02F0F8F8053515F8013C2080237190
S214038A802B78B006A37206F0400348BF43F02003DA
S214038A90390627D543F40073F80448BF43F48063CC
S214038AA0390548BF43F400633206E38011D56A787C
S214038AB012F003020DD06FEA43436FEA5343A978DB
S214038AC0B8F1020FE3800B4611D1EB7841EA03219C
S214038AD0218107B0BDE8F083FF230DF10905A7E761
S214038AE0FF23CCE77A0648BF43F48073D4E7012A12
S214038AF004BF0B029BB22381EBE7F7F715B80BB164
S214038B00F7F77EB80AB9F7F7F7B8FF21F7F720B8F3
S214038B10431C08BF0020E4F73DB90000034B586828
S214038B20C0F30800003818BF0120704700ED00E0CE
S214038B30014B1868704700BFB8660020084B1B6FD0
S214038B4003F00703022B04D0032B05D0012B05D01B
S214038B50FEE7044B18687047034BFBE70348704770
S214038B6000800050B8660020C0660020002D31014A
S214038B7008B5FFF7E3FF054B1B6FC3F30133013360
S214038B80B0FBF3F0024B186008BD00BF0080005036
S214038B90B46600200048704700B4C4040048704719
S214038BA0002D3101014B1868704700BFC0660020D6
S214038BB0174A9368C3F304430C2B0AD8DFE803F081
S214038BC00B0909090909072119091B1D1F0011486B
S214038BD0704700207047936803F04073B3F1807FBB
S214038BE011D0B3F1007F10D0002B0B4818BF002024
S214038BF070470A4870470A4870470A4870470A4849
S214038C0070470A4870470A4870470A48704700BFCB
S214038C100040015A405DC60000093D00C0EA21013C
S214038C2080BA8C010048E801005A62020024F4006E
S214038C3080841E0040420F00014B1868704700BF37
S214038C40BC66002007B500F065FC6A4600F0C2FC6F
S214038C5018B14721034801F028FFDDE9000103B0FE
S214038C605DF804FBB1B703000229F8B596BF104BB5
S214038C7000245C5C012805460E4608D0022809D06D
S214038C8008B944F002040B4B1F6837B9F8BD44F02B
S214038C900804F8E744F02004F5E77B681A681442F2
S214038CA003D0314628465B6898473F68EDE700BF28
S214038CB0225204000C3E002038B5104D2B78ABB181
S214038CC00F4C23781BB100F031FA002323700020E9
S214038CD001F0FEFE0B4C50B100F07AFA002301219E
S214038CE020782B70FFF7C0FF0123237038BD0122C5
S214038CF0054B1A702278054B1A70F7E7D45C0020F0
S214038D00D25C0020D95C0020D55C0020D65C002015
S214038D100E490B78FF2B01D198B170470BB990B968
S214038D207047002814BF0122FF2213440B7060B162
S214038D30074B1B78012B08D9064B1B782BB9FFF77B
S214038D40BBBF1A46F1E70122EFE77047D85C002065
S214038D50D95C0020D55C002010B501F0A4FD064BBD
S214038D6004461B781BB1BDE8104001F097BDFFF722
S214038D70A3FF2046F7E700BFD15C002002282DE9B9
S214038D80F04147D029480378FF2B41D1002941D130
S214038D901A461344DBB2037000293BD0244E3278C4
S214038DA0012A37D9002B3ED001F07DFD214F044622
S214038DB03B780BB3204D2B781BB901222A701F4A30
S214038DC01370DFF87C8098F8003023B100F0AEF91A
S214038DD0002388F80030204601F060FD012001F0F2
S214038DE077FE01F060FD2B7804461BB100F0F0F926
S214038DF000232B7000233B70204601F04FFD012417
S214038E003078A04206D02146FFF72EFF347001E0EB
S214038E1013B931B9BDE8F081002914BF0122FF223E
S214038E20B7E70122B5E70224EAE700BFD85C0020D3
S214038E30D95C0020D45C0020D15C0020D55C0020E7
S214038E40D25C00202DE9F04385B0EFF3108572B6AF
S214038E50AFF3008001F011FF002800F09280624E0D
S214038E60624F337823B10020FFF752FF002333709D
S214038E70387878B903A900F01DFB044650B95C4B5B
S214038E80039A1B689A4200F284800120FFF740FF92
S214038E90012333703B78002B40F09980554B1B78A9
S214038EA0002B00F091804FF00208534CDFF86891D6
S214038EB02078404507D099F8003013B94146FFF7AC
S214038EC0D3FE84F80080B8F1020F0FD1DFF82481B7
S214038ED098F8003053B9494B1B7823B900F020F9B2
S214038EE00122474B1A70012388F80030207800F0DF
S214038EF0F7F899F8003013B1424B1B782370AFF3A1
S214038F000080284601F0DFFDEFF3108572B63E4B76
S214038F101A7852B100221A703A4B20781B7898427E
S214038F2003D101212170FFF79FFE384800F082FA33
S214038F3001F0B7FE8046002893D12E4F3B789BB1B5
S214038F4089F80000DFF8B89099F800301BB100F0FC
S214038F50EDF889F80080002001F0BAFD002839D02A
S214038F6000F036F900233B70337823B10020FFF777
S214038F70CFFE0023337000212078FFF775FE002311
S214038F802370AFF30080284605B0BDE8F04301F038
S214038F909ABD1F4BD3F8008000F048F9039B80442A
S214038FA09845BFF472AF00F03BF98200039942F094
S214038FB0020292B2CDE900422346164AA1EB08010B
S214038FC0124801F087FD65E700F09CF86BE74FF069
S214038FD001086AE7012000F083F8284601F073FDD4
S214038FE0EFF3108572B6B6E7D35C0020D85C00209A
S214038FF0143E0020D45C0020D95C0020D75C0020FF
S214039000D25C0020D65C0020CF5C0020183E0020F7
S214039010103E0020598D0300D55C002010B501F0EA
S21403902042FC0022054B1C781A7001F037FC00F056
S21403903005FBE4B22043C0B210BD00BFD05C0020E5
S21403904038B501F030FC094B05461B78012B04D8D4
S21403905001F024FC0024204638BD054B1C6800F0B4
S214039060E5F80444284601F019FCF4E7D95C00202F
S214039070103E00201549164A0B6F10B503F0070380
S2140390801360144A144C9269032B02F00200C2F3D5
S2140390904002227017D0D1F8203103F00703022BC9
S2140390A011D0D1F8803203F001030C4A137048B193
S2140390B043B9064BD3F8003103F00303591E4B4262
S2140390C04B41137010BD0123EFE700BF0080005033
S2140390D0743E002000C00150DE5C0020DF5C0020F0
S2140390E0012805D00238012808D80020D1F7EEBAA7
S2140390F0034A136923F00403136130BF704700BFAC
S21403910000ED00E0044B054AD3F8203103F00703D3
S2140391101360F8F7EFB900BF008000507C3E0020D4
S2140391200122014B1A707047DD5C0020F8B51F4B17
S2140391301B78002B39D01E4C2378B3B91D4B9A6D80
S214039140D10302D5DA6D92072FD49B6DDB072CD49F
S21403915001F003FD184B194A1860136F23F0070339
S21403916043F003031367FFF703FD01F0F6FC124B0E
S214039170134D1B68134EC01A2B78134F56F8232033
S21403918046F82300111A3A681048521A0A213A6020
S2140391900932B2FBF1F20133DBB20260B3FBF1F248
S2140391A001FB12332B7000232370F8BDDF5C002015
S2140391B0DC5C002000C000506C3E002000800050A5
S2140391C0DB5C0020443E0020403E00203C3E002066
S2140391D008B5F8F790F90D4A0D49136F096823F09F
S2140391E007030B4313670B49D2F82031096823F0B2
S2140391F007030B43C2F82031074B1B7813B1012238
S214039200064B9A62BDE80840FFF7B2BC00800050E8
S214039210743E00207C3E0020DF5C002000E000500F
S214039220014B1878704700BFDF5C0020054B1878A9
S21403923018B1054B186800EBD000044B1B681844A4
S214039240704700BFDF5C00203C3E0020703E0020DD
S21403925008B50D4B1A7892B100221A700B4A136F99
S21403926023F0070343F001031367D2F8203123F0FA
S214039270070343F00403C2F82031FFF779FC012209
S214039280034B5A6708BD00BFDD5C0020008000501A
S21403929000E000500D490B68A0B10022A3B1834241
S2140392A003D1836822B90B6003E01A469B68F5E78F
S2140392B0936083680BB9002070475A6941690A4472
S2140392C05A61F8E72220704702207047883E002044
S2140392D010B501F05EFC0A4C0A4B19682368C31AE2
S2140392E009B9206010BD002BFBD04A699A423ABFE9
S2140392F09B1A0022D21A4A6128BF00238968EFE727
S214039300843E0020883E002038B5154D2B682BB3CD
S2140393105B69B3B1134A022014681C4400F088FA50
S214039320204600F047FA00220F492B680A70012AEC
S21403933005D823B1D88880070AD501230B700020EF
S21403934038BD022000F074FA022000F093FAEAE730
S2140393509B68002BF3D058690244E8E72220EFE726
S214039360883E0020843E0020E15C0020C38870B560
S21403937004460D463BB9FFF763FE8542064602D216
S214039380F9F734FA35460E4A656113689BB91460DB
S214039390A3600FE02D1A986819466561034618B155
S2140393A05869A842F6D941B18C60A36013B15A69D3
S2140393B0521B5A6170BD0021F2E71460F5E700BF47
S2140393C0883E002070B516469DF81420C0E9033683
S2140393D00271049ABDF818300260002204460D4656
S2140393E08260C38006BB01F0D4FB2844A0613DB96C
S2140393F0E368656113B120462168984796B1354600
S21403940001F051FA0646FFF763FF29462046FFF7A9
S214039410ADFF074B1B68A34201D1FFF775FF30462C
S21403942001F03CFA002070BD01F0B3FB3044DDE7E9
S214039430883E0020F8B50546D0B101F034FA06465A
S214039440FFF746FF0B4B28461F68FFF723FF04462C
S21403945020B1304601F022FA2046F8BDAF42F8D1DB
S214039460FFF752FF2228F4D1022000F0EDF9F0E7CF
S2140394702224F1E7883E002038B50C460546A8B1FD
S214039480A1B100230B7001F01BFA0121084B1B68E6
S21403949033B901F010FA002038BD9D4204D1217083
S2140394A02278002AF9D0F4E79B68F1E72220F3E755
S2140394B0883E0020F8B506460F4601F001FA00255F
S2140394C00446124B1B6823B9204601F0F4F91B200F
S2140394D011E05A691544DA88B2420DD101F059FBFE
S2140394E00B4E3368C01AA8420AD3002320463B60BB
S2140394F001F0E1F90020F8BDFF2EEFD09B68E2E70C
S21403950001F047FB33682B441B1AEFE7883E002025
S214039510843E002070B501F0D3F9064601F039FB0E
S214039520084B044601201D6801F023FB18B101F027
S21403953030FB04460135304601F0BDF92046294686
S21403954070BD00BF903E0020014B1868704700BFF7
S2140395508C3E0020F8B50C4B05461B680E4683422E
S2140395600FD3002440F2E7302146084B4FF47A72BB
S2140395701F680023E5FB0701E1F7EAFD306020469C
S214039580F8BD2120FCE700BF803E00208C3E002073
S2140395900F4B10B51A689AB14FF47A71531E1342E3
S2140395A0A0FB01010ED1B2FA82F2C2F11F04531CD2
S2140395B0D243E04001FA03F3184321FA02F20243CE
S2140395C0104610BD0023E1F7C3FD0246F8E700BFCF
S2140395D08C3E002038B5164B14468342154B8B4100
S2140395E023D3154B1A6802B34FF47A75A0FB050311
S2140395F005FB0131531E134211D1B2FA82F3C3F1B4
S2140396001F055A1CDB4301FA02F2E84021FA03F372
S21403961010431843E940C4E90001002038BD002385
S214039620E1F796FDC4E90001F7E72120F6E700BF5E
S214039630EFA7C64B378941008C3E002010B501F0DA
S2140396403FF9034B1C7801F036F9E4B2204610BD0F
S214039650E05C002008B5084B1B7803F0FF004BB115
S21403966001F07BFA054B1B689B69C01A02288CBF66
S2140396700020012008BD00BFE15C0020883E0020DA
S214039680C2072DE9F843044607D5474A1368013352
S2140396901360FFF71DFEFFF737FEA30740F1818037
S2140396A001F00EF94FF0000805464646FFF710FE98
S2140396B03E4F3C680CB16369A3B100223C4B012EBC
S2140396C01A7003D118F0020F18BF1E70FFF71CFEA6
S2140396D0222802D1022000F0B7F82846BDE8F84356
S2140396E001F0E9B823465A693AB91A7921799142C1
S2140396F088BF1C469B68002BF5D1284601F0DBF893
S214039700D4F81080B8F1000F3FD001F042FAA269F6
S214039710851AEB17454573F1000337DB23691344BA
S214039720A36101232269CAB1C3B9A38BB8EB0508A9
S21403973033B1E28B13449BB2B3F57A7F1CD2E38337
S21403974001F0BEF8054641462046FFF70FFEA36923
S214039750226928461344A36101F0ADF8E36813B108
S214039760204621689847B4F8068001F0A9F8013628
S2140397700546FFF7ADFD9CE7A3F57A73E383A3697C
S21403978018F1FF38013BA361DAE7454601F098F884
S21403979081462046FFF77EFD484601F08CF80023FD
S2140397A0C0E7BDE8F88300BF903E0020883E002057
S2140397B0E05C002010B5044601F075F84FF0B042A7
S2140397C0936A1907FCD4136A116C5269120704D4FE
S2140397D0CA1A032A01D899420ED1E21A022A98BF5E
S2140397E0DC1CB4F1FF3F38BF013C4FF0B043082206
S2140397F01C6403F580539A6101F050F8054A137808
S2140398003BB14FF0B041CB6B43F00203CB63002375
S214039810137010BD236C002007B5044B01A91879FB
S21403982001F0E7F8019803B05DF804FB605004000C
S21403983000F001038207034A48BF43F0080393611D
S214039840704700BF00100058820700F001030AD5D6
S2140398500121064A43F0080311704FF0B041CA6B6A
S21403986022F00302CA63024A93617047236C002006
S21403987000200058830742BF0822014B5A617047F5
S2140398800010005873B502AB164603E906000446FB
S21403989000F052FF0546204600F05EFF9DF80020CC
S2140398A08DB1202C33780ED8012B2ED84FF6FF75AA
S2140398B02D4803EB4313234430F81310A94202D078
S2140398C0013120F81310294B294E33F8141036F8BB
S2140398D01400814232D34FF6FF75A9424FF00105BB
S2140398E002D0013123F8141004F0FD01092927D111
S2140398F0998AB68A0A44B242B4BF9A829E8233F8E1
S2140399001430834227D202B070BD022BDBD14FF650
S214039910FF704FF6FF75144B33F81410814218BFCF
S214039920013104F1210018BF23F8141033F8101086
S214039930A9421CBF013123F81010C4E70025D0E765
S2140399401D2CDCD1598F8E18864203DA01390A445E
S2140399505A87D4E75887002DD5D1204602B0BDE8F4
S214039960704001F031B900BFE8580020C05900200C
S2140399706C59002038B50D46044600F0A1FF064A90
S21403998013889BB22DB123431380BDE8384000F003
S21403999092BF23EA0403F7E7C65B00200022034BCB
S2140399A001214FF480701A70FFF7E4BFF2620020C3
S2140399B008B5054B1868FCF72EFE00F00300C31E1F
S2140399C05842584108BD00BFE055002038B504464C
S2140399D001F098F90C4B05461978187981420FD097
S2140399E0631E082B0CD8DFE803F0050D0B0D0B0DDB
S2140399F00D0D0D0000220146044B1868FCF709FE06
S214039A00284638BD0022F7E7516C0020E0550020B9
S214039A1038B54FF0FF300C46FFF77AF80A4B054689
S214039A201868FFF775F8641B241A20B210F1630F49
S214039A3006DB10F1240F05DA64308000C0B238BDAF
S214039A400020FCE7FF20FAE7E055002008B5134B9B
S214039A501B78062B04D040F62101114801F025F8A7
S214039A60104B1B881B0704D440F622010C4801F058
S214039A701CF80D4B2A201978FFF7A8FF00210820B1
S214039A80FFF778FF0222094B1A70094B1868E8F7AC
S214039A9077FBBDE8084001F084B800BFF2620020FF
S214039AA0D44C0400C65B0020EF620020806C0020CC
S214039AB0E055002010B50E4C236823B940F6A341A9
S214039AC00C4800F0F2FF2068013001F0CCF800F0FB
S214039AD0070003280AD1246809220121204600F042
S214039AE0E3FB205C031F5842584110BD0020FCE7EF
S214039AF0D0550020D44C040038B50C4640B10021A4
S214039B000420FFF737FF01F04CF8012C1DD038BDB9
S214039B10244B1B889B07F6D50129234A2FD111789E
S214039B2069B30139C9B2117011B92020FFF722FFBA
S214039B3000210220FFF71EFF04221C4B00211C48B5
S214039B401A7000F05DFD01F02CF81A4C2068013005
S214039B5001F089F800F44060B0F5006F1FD1246867
S214039B6001210422204600F09FFB204401F07BF8ED
S214039B700146BDE838400022202001F03DB8002110
S214039B800D4D02201170FFF7F5FE2B78FF2B04D046
S214039B9040F29961094800F088FF2C70B3E74FF64E
S214039BA0FF71E6E7C65B0020F1620020F262002048
S214039BB0C8690020D0550020816C0020D44C0400D6
S214039BC038B5134C05462388580709D5FFF7F0FE2A
S214039BD001460720FFF7FAFEFF210120FFF78CFF5F
S214039BE0238899070BD50B4B284619788A1F5142B1
S214039BF05141FFF7EBFE01210020FFF77DFF23888D
S214039C001B0703D5BDE83840FFF720BF38BD00BFAC
S214039C10C65B0020F2620020F7B5124CD4E900655B
S214039C2086EA020C85EA03070CEA000C0F405CEA9E
S214039C30070E15D086EA0C067D40C4E90065CDE91B
S214039C4000230B46084902460868FCF7A6F838B115
S214039C504FF4FD71054803B0BDE8F04000F025BFA2
S214039C6003B0F0BDA8150020E0550020D44C040036
S214039C7008B50A4B1B88DB0604D440F647010848A0
S214039C8000F013FF00211020FFF774FE002000F001
S214039C906BFBBDE8084000F084BF00BFC65B002036
S214039CA0D44C04002DE9F04F5706804614461D4653
S214039CB091B005D5FFF77CFE01460120FFF786FE2F
S214039CC0EE0403D500212D20FFF780FEA00224D545
S214039CD04046FCF74CFD0146F8B94020FFF74AFE24
S214039CE040460AA9FCF720F9B8B99DF83030022B94
S214039CF040F0D980BDF8280001F0A3F8FF2808D16A
S214039D004046FCF70FF940B901214020FFF732FE29
S214039D1003E001F09AF80028F2D1A10305D5FFF776
S214039D2047FE01460320FFF751FEE20104F080766A
S214039D3040F1C080854B1B889B072DD5844E306829
S214039D40FCF787F840BB834B834F18703B78FF2B99
S214039D5004D040F25761814800F0A7FE4FF0000997
S214039D6000210220FFF706FE87F800907C4F3B7821
S214039D70062B07D101210820FFF7FCFD49462820C2
S214039D80FFF724FE3B78052B06D100212B20FFF797
S214039D901DFE3068E8F7F4F900F003FF220717D535
S214039DA06B4F0321386805AAFCF76DF8064620B901
S214039DB040F2C961694800F078FE9DF81430072B1D
S214039DC000F0D080FFF7F4FD01460420FFF7FEFD08
S214039DD0E10505D5FFF7ECFD01460420FFF7F6FD88
S214039DE014F4863F05D0FFF7E3FD01460220FFF794
S214039DF0EDFDA20113D5FFF7DBFD01460820FFF7B3
S214039E00E5FD00210420FFF7B5FD554B1B78012B1C
S214039E1003D14F4B1868E8F7B3F900F0C2FE14F00D
S214039E20084F09D0FFF7C4FD01460720FFF7CEFD14
S214039E30FF210120FFF760FEA30009D5FFF7B8FD59
S214039E4001460620FFF7C2FDFF210120FFF754FE5F
S214039E50A70705D53D4B1B881E0701D5FFF7F6FD63
S214039E606C0603D500210A20FFF7B0FD280602D5AD
S214039E700120FCF78DFCE90540F1858140460AAADE
S214039E8005A9FCF7C4FB9DF81430222B00F06D8166
S214039E9000F28281152B40F26A8140F60A112F48A0
S214039EA000F003FE6FE1032B7FF437AF0AA800F040
S214039EB0C4FF30E705F0020756EA07030DD0284B28
S214039EC026201978A1F1060EDEF1000141EB0E0102
S214039ED0FFF77CFD0121304611E004F0805656EA78
S214039EE007030FD01E4B26201978A1F1060CDCF1D0
S214039EF0000141EB0C01FFF769FD02213846FFF72D
S214039F00FBFD4BE704F0884151EA060309D0144BE6
S214039F10272019788F1F79427941FFF757FD0221D1
S214039F20D9E705F008030B4302D02320FFF74EFDC5
S214039F30680703D500212420FFF748FDE9077FF5CE
S214039F402DAF00212520FFF741FD27E7C65B002044
S214039F50E0550020F1620020816C0020D44C040000
S214039F60F2620020314638680AAAFBF792FF20B156
S214039F704FF4DA619E4800F098FDBDF81630386855
S214039F8002330AA9ADF82C30FBF785FF20B140F267
S214039F90DF61974800F089FD0023009331460423D0
S214039FA0386804AAFBF779FF042804D040F2E4617A
S214039FB08F4800F07AFDDFF8589299F80030C3BB5B
S214039FC00DF1110000F04FFE00F00700022830D11B
S214039FD0FFF7EEFC01460920FFF7F8FC854B1B78DC
S214039FE0062B23D1844B9DF813201B789A421DD150
S214039FF09DF8353023B940F2FA617D4800F055FDEF
S21403A0000DF1110000F02FFEC0F300163146292093
S21403A010FFF7DCFC00210820FFF7ACFC774B1E7033
S21403A020FFF748FD10B93868E8F7AAF800F0B9FD5D
S21403A030CEE6BDF816000121083080B200F068FABB
S21403A040039030B9FFF7B4FC01460420FFF7BEFCCB
S21403A050ECE700F0E9F905AA014606463868FBF77F
S21403A06024FF99F800A0BAF1000F22D106F1010BE4
S21403A070584600F0F8FD83065AD53868FCF777FB98
S21403A0800746FFF795FC05370146F8B2FFF79EFC37
S21403A090584600F0E8FD00F007000328584F2DD07F
S21403A0A001210420FFF766FC4FF0FF30FBF71CFF8F
S21403A0B0386000225349BDF816300978F718F15472
S21403A0C09DF83630BB709DF83730FB700A9B190E2F
S21403A0D03971190C7971FB71190A99F80030B97145
S21403A0E023B9737892B343F020037370002000F013
S21403A0F069F97870039800F071FA97E7012109224D
S21403A100304600F0D1F8305C01210428C9D1FFF7AE
S21403A11031FC4FF0FF30FBF7E7FE3B4B38601B8804
S21403A1205806C6D551464020FFF724FC0122C1E756
S21403A130FFF73EFC01460920FFF748FC2D4B1B7832
S21403A140012BB6D13868E8F71BF8B2E723F02003F3
S21403A150CBE701227E33DBB202FA03F313F00A1FC6
S21403A16031D113F0011F3FF498AE27202CE00122D3
S21403A17002FA03F3254A1A402ABB13F0041FF4D14C
S21403A180DA077FF58AAEAB052FD50121802011B003
S21403A190BDE8F04FFFF7EEBB652B1AD8622B12D83B
S21403A1A0452B0CD8422B0ED8352B06D8322B0AD883
S21403A1B0252B08D9322BD8D06FE6422BFBE7552B3D
S21403A1C005D8522BF7D92620FFF7FAFCDBE7622BDC
S21403A1D0F1E7952B3FF661AE812BBAD8722BC4D02C
S21403A1E0733B022B3FF659AEEDE711B0BDE8F08F97
S21403A1F0D44C0400F2620020EE620020806C002043
S21403A200CC550020826C0020C65B00203A00380044
S21403A210F5620020024B1878B0FA80F040097047C8
S21403A220F262002008B5064B4FF0FF311868FCF7C2
S21403A23014FA0028B8BF033040F3870008BD00BFF8
S21403A240E055002008B5074B1868FBF73BFD30B117
S21403A250054BB3FBF0F083B20BB1184608BD0120E3
S21403A260FCE700BFE055002040420F0038B5102041
S21403A2700C460121FFF77EFB064B1D68FFF7E2FF46
S21403A280012200FB04F1044B2846FCF7CBF900201F
S21403A29038BD00BFE0550020719C0300014800F064
S21403A2A004BC00BFEE4C0400032A70B5144602D863
S21403A2B02C4B985C70BD81F0010519B90D2A07D1A6
S21403A2C0FF20F7E70D2A03D100780538C0B2F1E77F
S21403A2D0084400F0C8FCC5F1040110F440660246C9
S21403A2E0C9B209D1042C0846E4D0052C16D112F0C5
S21403A2F0400F18BF0846DDE7C5F10603042CD8B2A5
S21403A300D8D0B6F5006F03D1C5F10805E8B2ECE77F
S21403A310B6F5406FE9D1C5F10E05F7E712F44041F3
S21403A32007D1062CC6D0072CC4D0082C13D1013075
S21403A330CCE755065CBF831CD8B2062CBAD0B1F561
S21403A340004F02D1831CD8B2EDE7B1F5404FEAD1F6
S21403A35000F10803F7E7130744BF0530C0B20C2C1F
S21403A360A8D9ADE7C0980400AC2370B5094C0546E0
S21403A37003FB00435E6D26B940F2FD31064800F04C
S21403A38094FBAC2303FB0544002363653346BDE817
S21403A39070401847E45500202B4D040010B40C46BB
S21403A3A01146AC22064B02FB0033586D20B95C65A0
S21403A3B05DF8044BFFF75ABF02205DF8044B704765
S21403A3C0E4550020AC22034B02FB003393F8A800AD
S21403A3D0704700BFE455002028B1034B1B68C01A22
S21403A3E04010013080B27047A456002030B1044BB1
S21403A3F000F100401B68013803EB4000704700BFC4
S21403A400A4560020064B1B68834206D8054B1B68E0
S21403A410834294BF0020012070470020704700BF8E
S21403A420A4560020A056002010B5044608B9002004
S21403A43010BD00F075FC20B940F2CD41074800F08E
S21403A44034FB2046FFF7D2FF0028F0D00388DB0B4F
S21403A45014BFD0F80A000830EAE700BF024D040034
S21403A46010B508B9002010BDFFF7C0FF044600F082
S21403A4704EFC20B94FF49D61064800F016FB002CF5
S21403A480F0D02388DB0B0ABF60882089C0F30C005A
S21403A490E9E700BF024D040038B5FFF7A7FF0D46F6
S21403A4A0044650B100F033FC20B940F24151034852
S21403A4B000F0FBFA023534F8150038BD024D0400EF
S21403A4C070B5FFF793FF0C4616460546B0B100F08D
S21403A4D01EFC20B940F24D510C4800F0E6FA304617
S21403A4E0FFF784FF00F013FC20B940F24E510748F3
S21403A4F000F0DBFA023425F8146070BD40F25251C6
S21403A500BDE87040014800F0D0BA00BF024D040019
S21403A5102DE9F8430746884600F069FB20B940F268
S21403A5208E512A4800F0C1FAFC1CA408284B64008C
S21403A5300434B7F5005F1E68A4B204D340F2955105
S21403A540224800F0B2FA00F0BBF9224981460B68B4
S21403A5507BB9214B1D68761BC6F34F06B44227D939
S21403A5600025484600F0A7F92846BDE8F843FFF75C
S21403A57033BFB8F1000F11D0174A15685A1BC2F340
S21403A5804F029442ECD81448620005EB440404607E
S21403A590B8F1000F0FD113440B600CE0F61AC6F3A4
S21403A5A04F0676B940F2A651084800F07EFAD7E780
S21403A5B005EB44041C6000236F80AB80EB802B808C
S21403A5C0CFE7B442CCD8044A1568DCE7024D040052
S21403A5D0A856002090560020A056002038B5054601
S21403A5E000F06EF9044629460448002200F0A5FB55
S21403A5F02046BDE8384000F05EB900BFCC5B0020C3
S21403A60082684B4B2DE9F0419A4204460E46056894
S21403A61015D121B140F21311464800F046FA00F076
S21403A6204FF923691BB92B682BB924612C60BDE84D
S21403A630F04100F040B91A6922611C61F6E700F0A8
S21403A6402DFA8046FEF76AFA20B14FF49571394821
S21403A65000F02BFA6FF000439E4221694BD22B7B0E
S21403A66008EB0602002B4DD0AB6893424AD1531C2D
S21403A670002949D06169994242D01EB9521AB2F1F3
S21403A680004F3DD9636123696E689C4203D19D21C7
S21403A690284800F00AFA2F460023B4420BD0002BBA
S21403A6A041D172696169891AB1F1004F32D83269B2
S21403A6B0374694422CD12269BD420CBF6A603A6188
S21403A6C07BB92669B44203D1B8211A4800F0EDF9E4
S21403A6D03B46012E05D062697169521AB2F1004FEA
S21403A6E023D99D420BBF6B681A69236122610CBF95
S21403A6F06C601C6104E0434431B162699342C1D18A
S21403A700BDE8F0811346B3E76A6822616C60B9E777
S21403A7101646C6E7A8EB0202B2F1004FC7D93B467E
S21403A72037463669B9E71F46F9E733463669D0E751
S21403A730593C0200164D04000823064A12F8011B72
S21403A740814205D0013B13F0FF03F7D1184670474B
S21403A75001207047719904000823064A12F8011B6A
S21403A760814205D0013B13F0FF03F7D1184670472B
S21403A770012070476999040010B50822074904466A
S21403A780E1F79EFBB0FA80F04FF6FF73228940098B
S21403A79040009A4208BF40F0010010BD82990400B1
S21403A7A030B504460D4685B002B9084A10685168AC
S21403A7B001AB03C301AB03CB20602046ADF80C50BE
S21403A7C01B886160238105B030BD00BFD6D503006A
S21403A7D0002270B50A4B1C780A4BD5B2AC4202D89D
S21403A7E000200C7008E01E880132864205D30D70E7
S21403A7F01B881B1A5842584170BD1233EDE700BF41
S21403A8006F6200206C5B002010B5164B187860B1A1
S21403A810154C2368CBB14FF4707200201349FFF731
S21403A820BDFD2368013B236010BDFFF7FBFC104909
S21403A830104A91F90040136884420B4C03F101035C
S21403A84013602368B8BF087053B90B4800F09DFA2D
S21403A8500028E9D1BDE8104001460748FFF7D0BEFF
S21403A8600822DAE7426300201C57002009A80300E9
S21403A8703D63002014570020946B0020054B1B6893
S21403A8802BB9054B1868003818BF01207047012004
S21403A890704700BF0C5700200857002010B962B657
S21403A8A0BFF36F8F7047EFF3108072B67047302395
S21403A8B083F31188704780F31188BFF36F8F704757
S21403A8C0EFF31180302383F311887047002070471D
S21403A8D04FF4004070474FF47A7070470122417876
S21403A8E003788A4030214B4341F2100103F1A04321
S21403A8F003F570335A507047B0F5802F24D010D824
S21403A900B0F5003F22D006D828B3B0F5803F14BF79
S21403A910012048207047B0F5403F14BF01202C208B
S21403A9207047B0F5302F13D008D8B0F5E02F11D00C
S21403A930B0F5202F14BF012010207047B0F57F0F0D
S21403A94014BF0120062070474B2070472A2070470B
S21403A950112070472120704708B570B100F022F827
S21403A9604FF098435A6CD202FCD5586D10F4702001
S21403A97004D0BDE80840FFF7BFBF212008BD08B5D7
S21403A98028B128220021E0F74FFF002008BD212030
S21403A990FCE7036A042B9FBF00EB83020133D160FD
S21403A9A003627047036A052B14D84FF09842116C64
S21403A9B0C902FCD504339B0013650168103B116084
S21403A9C04168116050F8081F11604FF09842034425
S21403A9D0984200D1704750F8041F1160F8E7836867
S21403A9E013B9816070475B685A68012AFBD15960C6
S21403A9F0704709B100F008B822207047012100F023
S21403AA0046B8002100F043B870B506460D46FFF77A
S21403AA1057FF04461D2E37D8DFE806F00F18361CFE
S21403AA201E203622243636362628362A2C2E303654
S21403AA3036363634363636363632FEF77FF8002666
S21403AA4028602046FFF737FF304670BD0120CFF75A
S21403AA50D7FBF4E70320FAE70420F8E70C20F6E731
S21403AA600220F4E70620F2E70720F0E70820EEE7E7
S21403AA700520ECE70920EAE70A20E8E70D20E6E7E9
S21403AA801020E4E70B20E2E700202126D8E7002089
S21403AA90704708B5FEF7D6F880B208BD08B5FEF7CE
S21403AAA0D1F808BD704742DE704738B504460D46F8
S21403AAB000F008F8FFF7FBFE29462046BDE83840BD
S21403AAC0FFF7F1BF704710B962B6BFF36F8F7047D9
S21403AAD0012070472DE9FF410D4616461F460446E2
S21403AAE0A8B14FF00008C0F81C80FEF7A3FCBDF821
S21403AAF02C30424602939DF828302946CDE9007350
S21403AB0020463346FEF75EFC04B0BDE8F081222003
S21403AB10FAE7F0B51F46002387B00D4616460446EF
S21403AB208DF81730A8B1C3610DF11701FEF7A4FC29
S21403AB309DF817207AB9BDF83430294602939DF85C
S21403AB4030302046CDE900733346FEF73BFC07B0B2
S21403AB50F0BD2220FBE70320F9E738B5FFF7B0FE88
S21403AB60054600F016F804462846FFF7A4FE2046DE
S21403AB7038BD4FF0B04301285B6904D0022805D1E5
S21403AB80C3F3C000704703F001007047002070470E
S21403AB9070474FF0B0439A6A1207FCD4186A70479E
S21403ABA0704708B5FFF7FCFF00F01DF808BD10B5A9
S21403ABB0FFF779FE012104460846FEF7DFF8204634
S21403ABC0BDE81040FFF76ABE10B5044600F012F861
S21403ABD02046FAF7F7FF2046F8F72CF9BDE81040B1
S21403ABE0F9F7EFBC704708B5FFF7FCFF08BD012077
S21403ABF0704770470020704730B589B00446ADF8FB
S21403AC0006108DF81020FFF797FD05462046FFF740
S21403AC10A3FD03469DB1BDF80600ABB900F0BAF834
S21403AC20FF2808BF00200DF10F038DF80F001A460A
S21403AC30204604990593FEF725FE09B030BD00288B
S21403AC40F5D00DF10603F2E700F0A4F8FF2808BFDD
S21403AC500020BDF806308DF80F00ADF81A308DF8D9
S21403AC60180006ABE3E7008870470170090A4170D5
S21403AC707047012070470120704738B5DFF714FD91
S21403AC800446D4F743FD051E18BF2546D4F710FE29
S21403AC90041E18BF2C46FFF7ECFF002818BF2046FB
S21403ACA038BD38B5FEF7BAF90446F7F7C3FA0428F1
S21403ACB01ED002284FF0000508BF0124F8F762F9FA
S21403ACC0042817D0022808BF0124F7F7F2FE042849
S21403ACD012D0022808BF0124FFF7CDFF04280DD0A9
S21403ACE0022808BF0124002D18BF0024204638BDC3
S21403ACF00125E3E70125E8E70125EDE70024F5E76D
S21403AD00FF20704708B5FFF7FBFF002008BD08B516
S21403AD1020B1FFF777FB00F0010008BD0120FAE73A
S21403AD2008B5FFF763FBBDE80840FFF7F0BF0088F0
S21403AD3010B1C9B2FFF7B0BB70472DE9F041B0F8C8
S21403AD40008006460C46D5B2B8F1000F11D029464E
S21403AD504046FFF7A1FB2246074629464046FFF733
S21403AD60AFFB3A4629462046FFF7AAFB3480BDE8E8
S21403AD70F0810F46F5E703461B8808468B4202D050
S21403AD800021FFF789BB002070470069003818BF11
S21403AD900120704700207047F8B506460D46FFF7BA
S21403ADA0EBFC0328044621D02846FFF7E5FC0328DE
S21403ADB007461BD010F0020318D1A0070DD5F907DC
S21403ADC016D401233C43E20704D431892A899142ED
S21403ADD018BF002303F00100F8BD082229463046B9
S21403ADE0E1F76EF8B0FA80F35B09EBE70020F3E7D0
S21403ADF01846F1E770B50D4600210646FFF797FFA4
S21403AE00044630B1FFF710FB01462846FFF7C4FFA0
S21403AE1008B1204670BD21463046FFF7ACFFEFE78A
S21403AE2007B50DF10701FFF7D3FC20B19DF8070026
S21403AE3003B05DF804FBFF20FAE700207047FF200D
S21403AE407047FF207047FF207047002070470020A0
S21403AE5000217047002070472DE9F843074608464F
S21403AE60154688461C469DF82090FFF7DDFA4619DE
S21403AE70A4B19EB14046FFF7F3FA254485420FDCA2
S21403AE802246B9F1000F06D131463846E0F71EFDDB
S21403AE900020BDE8F88339463046F7E72120F8E777
S21403AEA01D20F6E700000000000000000000000080
S21403AEB0000000000000000000000000000000008A
S21403AEC0F8B500BFF8BC08BC9E467047F8B500BF8F
S21403AED0F8BC08BC9E4670475FF800F07564002017
S21403AEE05FF800F011650020446576696365207499
S21403AEF0797065206368616E676520646574656351
S21403AF007465643A202564202D3E2025640D0A00CE
S21403AF1050726573732064657465637465640D0AA3
S21403AF20004D756C74692070726573732064657464
S21403AF3065637465643A2025640D0A0052656C6582
S21403AF406173652064657465637465640D0A004CFB
S21403AF506F6E6720707265737320646574656374BF
S21403AF6065640D0A0072656C61795F73746172744F
S21403AF705F6C61746368696E675F70756C73653A5E
S21403AF8020616E6F746865722070756C73652069D6
S21403AF9073206163746976650D0A0072656C617966
S21403AFA05F6F6E0D0A0072656C61795F6F66660D82
S21403AFB00A0072656C61795F746F67676C650D0A6A
S21403AFC00057726974696E6720636F6E66696720DF
S21403AFD0746F206E763A2025730D0A0053697A65DE
S21403AFE03A2025640D0A004661696C656420746F17
S21403AFF0207772697465204445564943455F434F3D
S21403B0004E4649475F4441544120746F204E562CA8
S21403B010207374617475733A2025642E2028627930
S21403B0207465733A202564290D0A00737563636596
S21403B0307373210D0A004661696C656420746F2082
S21403B04072656164204E565F4954454D5F444556CC
S21403B0504943455F434F4E4649472C207573696EF7
S21403B060672064656661756C7420636F6E666967D6
S21403B07020696E73746561642C20737461747573D0
S21403B0803A2025642E202862797465733A20256455
S21403B090290D0A005573696E6720636F6E666967CC
S21403B0A03A2025642063686172732066726F6D0DA3
S21403B0B00A25730D0A00696C61757A796A6D3B54CB
S21403B0C053303031312D5A533B534230753B524443
S21403B0D03141343B4941363B4D3B004E6574776FF7
S21403B0E0726B20737461747573206368616E676531
S21403B0F06420746F2025640D0A004D616E756661C9
S21403B10063747572657220746F6F206269670D0AC7
S21403B110004D6F64656C20746F6F206269670D0A5B
S21403B12000496E697469616C697A696E67205A6949
S21403B130676265652077697468202564207377697C
S21403B14074636865732C2025642072656C6179735B
S21403B1502C20256420636F76657220737769746389
S21403B1606865732C20256420636F766572730D0AF9
S21403B17000436F6E6669672070617273656420733F
S21403B18075636365737366756C6C790D0A00726517
S21403B19061642076657273696F6E20666F726D20C8
S21403B1A06E6577206C6F636174696F6E0D0A004677
S21403B1B061696C656420746F207772697465206CAE
S21403B1C06173745365656E56657273696F6E20742A
S21403B1D06F204E562C2073743A2025640D0A004FB8
S21403B1E06C642076657273696F6E3A2025640D0A67
S21403B1F00043757272656E742076657273696F6E3E
S21403B2003A2025640D0A00524553455420414C4CC0
S21403B210210D0A0068616C5F6770696F5F63616C1C
S21403B2206C6261636B3A2065787469206C696E653D
S21403B23020256C642073746174757320256C750DFA
S21403B2400A0068616C5F6770696F5F63616C6C624C
S21403B25061636B3A206E6F206672656520455854AD
S21403B26049206C696E65730D0A002F686F6D652F34
S21403B27072756E6E65722F776F726B2F7475796148
S21403B2802D7A69676265652D7377697463682F74B1
S21403B2907579612D7A69676265652D73776974635D
S21403B2A0682F73696C6162735F746F6F6C732F734F
S21403B2B0696D706C69636974795F73646B2F2E2E86
S21403B2C02F2E2E2F7372632F73696C6162732F6830
S21403B2D0616C2F7A69676265652E630044726F70CE
S21403B2E070696E67206F6C64204F544120696D61EE
S21403B2F067652C2063757272656E74206F6666735D
S21403B30065743A20256C750A00556E6B6E6F776E02
S21403B31020636F76657220636F6D6D616E643A208D
S21403B32025640D0A00556E6B6E6F776E20636D6431
S21403B3302025640D0A00427574746F6E2070726562
S21403B34073732064657465637465642C2062757416
S21403B350206E6F20627574746F6E2069732070722E
S21403B36065737365640D0A00427574746F6E206CA2
S21403B3706F6E67207072657373206465746563749B
S21403B38065642C20627574206E6F20627574746F0A
S21403B3906E206973206C6F6E6720707265737365B9
S21403B3A0640D0A004E6F20636F76657220737769AB
S21403B3B074636820636F6E66696720696E204E56F5
S21403B3C02C207573696E672064656661756C74738B
S21403B3D00D0A00417474726962757465206368614E
S21403B3E06E6765642C2065703A2025642C20636C98
S21403B3F075737465723A2025642C20617474723AEE
S21403B4002025640D0A00506F6C6C20636F6E747297
S21403B4106F6C3A2073656E64696E67206368656354
S21403B4206B2D696E0D0A005A434C2061637469766E
S21403B4306974792C20656E746572696E672066611F
S21403B440737420706F6C6C0D0A00506F6C6C206305
S21403B4506F6E74726F6C3A20636865636B2D696EEA
S21403B46020726573706F6E73652C20666173743D0E
S21403B47025642C2074696D656F75743D25640D0A0B
S21403B48000506F6C6C20636F6E74726F6C3A20663C
S21403B49061737420706F6C6C2073746F700D0A0088
S21403B4A0506F6C6C20636F6E74726F6C3A207365AA
S21403B4B074206C6F6E6720706F6C6C20696E746599
S21403B4C07276616C3D256C750D0A00506F6C6C20AE
S21403B4D0636F6E74726F6C3A207365742073686F53
S21403B4E0727420706F6C6C20696E74657276616C12
S21403B4F03D25640D0A00506F6C6C20636F6E74728A
S21403B5006F6C3A20636865636B2D696E20696E7491
S21403B510657276616C207772697474656E3D256C0E
S21403B520750D0A00506F6C6C20636F6E74726F6CCF
S21403B5303A20696E76616C696420636865636B2D77
S21403B540696E20696E74657276616C2C20726576FE
S21403B550657274696E670D0A00506F6C6C20636FBA
S21403B5606E74726F6C3A206661737420706F6C6CC5
S21403B5702074696D656F7574207772697474656E6F
S21403B5803D25640D0A00506F6C6C20636F6E7472F9
S21403B5906F6C3A206661737420706F6C6C207469EC
S21403B5A06D656F75742C20737769746368696E674D
S21403B5B020746F206C6F6E6720706F6C6C0D0A00C2
S21403B5C0556E6B6E6F776E204C6576656C43747242
S21403B5D06C20636F6D6D616E643A2025640D0A00FE
S21403B5E0556E6B6E6F776E204F6E4F666620636F79
S21403B5F06D6D616E643A2025640D0A00496E6465BC
S21403B6007820617420777269746520617474723A65
S21403B6102025640D0A004E6F2073776974636820D3
S21403B620636F6E66696720696E204E562C207573AD
S21403B630696E672064656661756C74730D0A0049EC
S21403B6406E76616C69642072656C61795F696E649D
S21403B650657820256420696E204E562C207265730B
S21403B660657474696E6720746F2064656661756CB3
S21403B670740D0A003E2000556E6B6E6F776E206564
S21403B68072726F7200496E707574206275666665B5
S21403B690722069732046554C4C004D6178696D7570
S21403B6A06D206E756D626572206F662061726775B8
S21403B6B06D656E74732065786365656465640054B0
S21403B6C0686520617267756D656E74206973206E98
S21403B6D06F7420666F726D617474656420636F7235
S21403B6E0726563746C7900496E636F727265637416
S21403B6F020617267756D656E742074797065004994
S21403B7006E636F7272656374206E756D6265722008
S21403B7106F6620617267756D656E7473004E6F2079
S21403B720636F6D6D616E6420666F756E6400756918
S21403B7306E7438006164646974696F6E616C002AA4
S21403B74000756E6B6E6F776E0077696C64636172FB
S21403B75064006865786F707400737472696E676FDF
S21403B76070740075696E7433326F70740075696E29
S21403B7707431366F70740075696E74386F70740048
S21403B78068657800737472696E670075696E7431E4
S21403B790360075696E743332002E2E2E20006865CF
S21403B7A06C70000A25730A25732573002573200819
S21403B7B0002F686F6D652F72756E6E65722F776FCB
S21403B7C0726B2F747579612D7A69676265652D735F
S21403B7D077697463682F747579612D7A6967626512
S21403B7E0652D7377697463682F73696C6162735F21
S21403B7F0746F6F6C732F73696D706C69636974799A
S21403B8005F73646B2F706C6174666F726D2F7365F4
S21403B81072766963652F6C65676163795F68616CCF
S21403B8202F7372632F626173652D7265706C61632B
S21403B830656D656E742E63002F686F6D652F727568
S21403B8406E6E65722F776F726B2F747579612D7AB2
S21403B85069676265652D7377697463682F74757994
S21403B860612D7A69676265652D7377697463682FDE
S21403B87073696C6162735F746F6F6C732F73696D3A
S21403B880706C69636974795F73646B2F706C617431
S21403B890666F726D2F736572766963652F746F6B4F
S21403B8A0656E5F6D616E616765722F6C6567616358
S21403B8B0792F7372632F736C5F746F6B656E5F6D36
S21403B8C0616E616765722E63002F686F6D652F72F8
S21403B8D0756E6E65722F776F726B2F747579612D27
S21403B8E07A69676265652D7377697463682F747503
S21403B8F079612D7A69676265652D73776974636804
S21403B9002F73696C6162735F746F6F6C732F7369E7
S21403B9106D706C69636974795F73646B2F706C61A7
S21403B92074666F726D2F736572766963652F746FB5
S21403B9306B656E5F6D616E616765722F6C656761BF
S21403B94063792F7372632F736C5F746F6B656E5FAF
S21403B9506D616E75666163747572696E672E6300DA
S21403B96043757272656E7420436F6E6669673A201C
S21403B9702530780053657420434341206D6F64651A
S21403B98020746F2025643A2025307800656E616246
S21403B9906C65640064697361626C6564006F7574DA
S21403B9A028636C69656E742900696E202873657256
S21403B9B076657229004D464720537472696E673A5E
S21403B9C0202573004170704275696C646572204D62
S21403B9D0464720436F64653A203078253034580054
S21403B9E06E6F6465205B004164646974696F6E61A1
S21403B9F06C20696E7465726661636573002020252A
S21403BA00643A200070616765205B25645D20636887
S21403BA10616E205B25645D20707772205B25645D14
S21403BA20006E6F7420616374697665006572726F69
S21403BA3072203078253038580070616E4944205B98
S21403BA403078253034585D206E6F64654944205B3A
S21403BA503078253034585D20007870616E205B3076
S21403BA607800706172656E744944205B30782530C7
S21403BA7034585D20706172656E7452737369205B0F
S21403BA8025645D006E6F646554797065205B0053B2
S21403BA9065637572697479206C6576656C205B25C1
S21403BAA03032585D006E6574776F726B2073746105
S21403BAB07465205B253032585D20004275666665E6
S21403BAC0722062797465733A202564202F202564DA
S21403BAD000457020636E743A202564006570202547
S21403BAE064205B656E64706F696E742025732C200A
S21403BAF06465766963652025735D20006E776B2029
S21403BB005B25645D2070726F66696C65205B3078B8
S21403BB10253034585D206465764964205B3078258B
S21403BB203034585D20766572205B30782530325885
S21403BB305D0020202020257320636C757374657266
S21403BB403A2030782530345820004E776B20636EC9
S21403BB50743A202564006E776B202564205B25737A
S21403BB605D005072696D617279202870726F2900CA
S21403BB7020206E6F646554797065205B30782530BD
S21403BB8032585D002020736563757269747950724C
S21403BB906F66696C65205B3078253032585D0045EA
S21403BBA0502025643A20257320004572726F723A3E
S21403BBB02020556E6B6E6F776E20656E64706F69AE
S21403BBC06E742E00456E61626C65206576656E74D4
S21403BBD020646562756720696E666F20696E204310
S21403BBE06F726520434C4920636F6D706F6E656E90
S21403BBF074006F6E6C7920636F6F7264696E617424
S21403BC006F72732063616E20666F726D0A006A6FCF
S21403BC10696E203078253038580A006C6561766581
S21403BC20002573203078253032580A0072656A6F13
S21403BC30696E0072656A6F696E4469666644657606
S21403BC4069636554797065006578742E2050414E9B
S21403BC502049443A20004E574B206F70656E3A20B9
S21403BC60257520736563004E574B20636C6F7365B1
S21403BC70640066696E64206A6F696E61626C653A19
S21403BC80203078253032580066696E6420756E75EC
S21403BC907365643A20307825303258004368616E05
S21403BCA067696E6720746F206368616E6E656C20CB
S21403BCB025643A2030782530325800696E76616CF8
S21403BCC06964206E6574776F726B20696E6465783D
S21403BCD00053686F72742049443A20307825303414
S21403BCE0582C2045554936343A20002C2050616E96
S21403BCF02049443A20307825303458005374617212
S21403BD00746564206D756C74692D70687920696E2E
S21403BD1074657266616365004661696C6564207468
S21403BD206F20257320257320307825303258005431
S21403BD3065726D696E61746564202573203078259D
S21403BD40303258004B65657020616C6976652073E8
S21403BD507570706F727420656E61626C65642E0018
S21403BD606661696C656420746F20736574206B6507
S21403BD70657020616C697665206D6F64652E00734F
S21403BD8075636365737366756C6C7920736574206D
S21403BD90746865206368696C642074696D656F7583
S21403BDA074206F7074696F6E206D61736B2E0066FE
S21403BDB061696C656420746F2073657420746865AC
S21403BDC0206368696C642074696D656F7574206F91
S21403BDD07074696F6E206D61736B2E006469736394
S21403BDE06F766572004D61746368202573792066EB
S21403BDF0726F6D203078253034582C2065702025DE
S21403BE0064004E574B2041646472657373207265F9
S21403BE1073706F6E73653A20307825303458004956
S21403BE20454545204164647265737320726573707B
S21403BE306F6E73653A2000536572766963652025D5
S21403BE40737920646F6E652E0023202074797065E5
S21403BE502020206E776B20206C6F63202020726575
S21403BE606D202020636C75732020206E6F64652020
S21403BE702020657569002020256420202020307846
S21403BE802530345820203078253034582020307818
S21403BE9025303458203078253034582000736C5FB2
S21403BEA07A69676265655F6765745F62696E646910
S21403BEB06E67204572726F723A2030782530385894
S21403BEC00A002564206F662025642062696E646913
S21403BED06E6773207573656400656E61626C656476
S21403BEE0207072696E740064697361626C656420A5
S21403BEF07072696E7400616464206C696E6B206B8B
S21403BF006579004552523A2043616C63756C6174DF
S21403BF1065642043524320646F6573206E6F7420FC
S21403BF206D61746368004552523A20496E737461BA
S21403BF306C6C20436F6465206D7573742062652096
S21403BF40382C2031302C2031342C206F722031389D
S21403BF5020627974657320696E206C656E677468F9
S21403BF60004552523A204145532D4D4D4F206861AE
S21403BF707368206661696C65643A203078253032D0
S21403BF805800536574206A6F696E696E67206C6922
S21403BF906E6B206B6579007365742062696E64202E
S21403BFA025643A2030782530327800454D50545970
S21403BFB000554E494341004D324F4E45004D554CBA
S21403BFC05449003F2020202000496E6465782049AC
S21403BFD04545452041646472657373202020202004
S21403BFE0202020204E574B496E6465782020496EEA
S21403BFF0204643202020202054544C2873292046D2
S21403C0006C6167202020204B6579202020200025A6
S21403C01064202020202000202025642020202020AB
S21403C0202020002020253038582020002030782576
S21403C030303458202000496E6465782049454545CC
S21403C0402041646472657373202020202020202002
S21403C05020496E20464320202020205479706520F6
S21403C060204175746820204B6579002D2020202000
S21403C0702000256320202020202563202020202048
S21403C08000696573005741524E494E473A20205285
S21403C090454144494E47204F46204B45592056417B
S21403C0A04C5545532044495341424C45442042593C
S21403C0B0204D464720544F4B454E004E574B204B82
S21403C0C06579002573206F75742046433A20253022
S21403C0D0385800257320736571206E756D3A2030CD
S21403C0E07825303258002573206F75742046433AFE
S21403C0F020253038780054432025732000257320EC
S21403C1005461626C650025642F256420656E747225
S21403C11069657320757365642E005472616E736966
S21403C120656E74204B657900256420656E747225F0
S21403C1307320636F6E73756D696E67202564207058
S21403C14061636B65742062756666657225732E007F
S21403C15057494C4C0057494C4C204E4F5400547290
S21403C1607573742043656E74657220257320616C45
S21403C1706C6F772074727573742063656E74657262
S21403C1802072656A6F696E73207573696E672077B0
S21403C190656C6C2D6B6E6F776E206B65792E005316
S21403C1A065742074696D656F757420666F722054AC
S21403C1B0727573742043656E7465722072656A6F58
S21403C1C0696E73207573696E672077656C6C2D6B6B
S21403C1D06E6F776E206C696E6B206B657920746F5B
S21403C1E0202564207365636F6E64732E0045525278
S21403C1F04F523A20002573737461636B206D757319
S21403C2007420626520646F776E2E005265616469E0
S21403C2106E6720416C6C6F7765640048617368696C
S21403C2206E67206F6E6C7900736C5F7A6967626500
S21403C230655F6B65795F73657474696E67735F7446
S21403C2403A203078253034580020205065726D69C6
S21403C2507373696F6E733A202573004572726F723B
S21403C2603A204661696C656420746F2067657420A4
S21403C270636F6E6669672C207374617475733A20F6
S21403C280307825303858004661696C65643A20304A
S21403C2907825303858004D73673A20636C757320E1
S21403C2A03078253034582C20636D64203078253060
S21403C2B032582C206C656E202564006275666665B0
S21403C2C0723A2000454D4245525F0025735345435D
S21403C2D055524954595F4C4556454C3A2025303201
S21403C2E0580025736572617365206B657920256434
S21403C2F03A2030782530385800636D64206E6F74AA
S21403C300206275696C740073726320657020253033
S21403C31032782C20636C757320253034780073656F
S21403C3206E64696E6720746F206D756C74696361E3
S21403C33073742062696E640025733A2065703A2030
S21403C34025642C20636C3A203078253034582C2012
S21403C350617474723A20307825303458002C207378
S21403C36076723A2025630025733A20726561643A33
S21403C37020307825303278002C207376723A2025C8
S21403C380632C2064747970653A20307825303258EF
S21403C39000417267756D656E7420617420696E6402
S21403C3A065783A202564206973206F7574206F665C
S21403C3B02072616E676500436F6D6D616E64206108
S21403C3C06C7265616479206275696C742E202043F3
S21403C3D0616E6E6F7420736574204D4647207370CC
S21403C3E065636966696320636F646520666F7220A0
S21403C3F0636F6D6D616E642E004D464720436F6418
S21403C400652053657420666F72206E6578742063AA
S21403C4106F6D6D616E643A20307825303458005560
S21403C4207365204E6578742053657175656E636514
S21403C4302053657420666F72206E65787420636F70
S21403C4406D6D616E643A2030782530325800446949
S21403C4507361626C652044656661756C7420526511
S21403C46073706F6E73652053657420666F72206EEB
S21403C47065787420636F6D6D616E643A203078253D
S21403C480303258004552523A2072656164696E67CD
S21403C4902061747472696275746520253032780081
S21403C4A04552523A206174747269627574652073DA
S21403C4B0697A6520256420746F6F206C61726765E6
S21403C4C020666F7220627566666572004572726FCB
S21403C4D0723A2061747472696275746520494420E7
S21403C4E0307825303458207265706F727461626CD0
S21403C4F065206368616E67652069732073697A6572
S21403C500202564422C206275742025644220656EC3
S21403C51074657265640A006E6F20636D640045720D
S21403C520726F723A20434C492053656E64206661ED
S21403C530696C65642C207374617475733A20307863
S21403C54025303858004572726F723A202045554997
S21403C550363420617267756D656E74206973206565
S21403C5606D70747920616E64206C6F6F6B757020CC
S21403C5706279206E6F6465204944206661696C6544
S21403C580642E0047726F757000556E69636173742D
S21403C59000556E62696E64202573202573307825F6
S21403C5A030325800526571756573743A20005A44E8
S21403C5B04F2073696D706C652064657363207265C4
S21403C5C0712025303278005A444F206E6F64652000
S21403C5D064657363207265712025303278005A448F
S21403C5E04F206D61746368206465736320726571A0
S21403C5F02025303258005573696E67206D79206C9C
S21403C6006F63616C20455549363420666F7220642B
S21403C61065737420455549363420696E2062696E09
S21403C62064696E67005A444F2062696E64207265BF
S21403C63071202530327800636C7573746572206CD4
S21403C640696D6974207265616368656400696E76F6
S21403C650616C696420706167653A202564206F7297
S21403C660206368616E6E656C3A20256400436861DA
S21403C6706E6765206368616E6E656C2073746174A3
S21403C68075733A2030782530327800647572617499
S21403C690696F6E206D75737420626520696E2072F3
S21403C6A0616E67652030202D203500636F756E74CC
S21403C6B0206D75737420626520696E2072616E67E3
S21403C6C0652031202D2038007363616E20737461FA
S21403C6D074757320307825303258006E6574776F22
S21403C6E0726B20757064617465207365742073744F
S21403C6F0617475732030782530325800416374694D
S21403C7007665204550207265717565737420737461
S21403C710617475733A20307825303258004C51498D
S21403C720205461626C6520726571756573743A2076
S21403C7303078253032580042696E64696E6720543B
S21403C74061626C6520726571756573743A20307822
S21403C75025303258004C6561766520257330782580
S21403C76030325800506F7765722044657363726980
S21403C77070746F72202573307825303258005573E5
S21403C780696E67206D79206C6F63616C204555492F
S21403C790363420666F7220646573742045554936B7
S21403C7A03420696E20756E62696E64696E67005226
S21403C7B06F757465205461626C6520257330782527
S21403C7C0303258002F686F6D652F72756E6E657206
S21403C7D02F776F726B2F747579612D7A696762652F
S21403C7E0652D7377697463682F747579612D7A691B
S21403C7F0676265652D7377697463682F73696C6107
S21403C80062735F746F6F6C732F73696D706C69639B
S21403C8106974795F73646B2F70726F746F636F6C78
S21403C8202F7A69676265652F6170702F6672616D16
S21403C83065776F726B2F636F6D6D6F6E2F736C5FA3
S21403C8407A69676265655F73797374656D5F636F35
S21403C8506D6D6F6E2E6300457874656E6465642037
S21403C860526573657420696E666F3A20307825309A
S21403C87034582028257329002F686F6D652F72752D
S21403C8806E6E65722F776F726B2F747579612D7A62
S21403C89069676265652D7377697463682F74757944
S21403C8A0612D7A69676265652D7377697463682F8E
S21403C8B073696C6162735F746F6F6C732F73696DEA
S21403C8C0706C69636974795F73646B2F70726F74CD
S21403C8D06F636F6C2F7A69676265652F6170702F5F
S21403C8E06672616D65776F726B2F636F6D6D6F6EBA
S21403C8F02F7A69676265655F6170705F6672616DE6
S21403C90065776F726B5F736C6565702E6300537427
S21403C9106179206177616B65207768656E206E6F3D
S21403C92074206A6F696E65643A20257300466F72D9
S21403C9306365642073746179206177616B653A205F
S21403C940202020202020202020257300466F72639D
S21403C950696E672064657669636520746F207374F7
S21403C9606179206177616B6500416C6C6F77696EE6
S21403C970672064657669636520746F20676F20742B
S21403C9806F20736C656570002F686F6D652F727509
S21403C9906E6E65722F776F726B2F747579612D7A51
S21403C9A069676265652D7377697463682F74757933
S21403C9B0612D7A69676265652D7377697463682F7D
S21403C9C073696C6162735F746F6F6C732F73696DD9
S21403C9D0706C69636974795F73646B2F70726F74BC
S21403C9E06F636F6C2F7A69676265652F6170702F4E
S21403C9F06672616D65776F726B2F636F6D6D6F6EA9
S21403CA002F7A69676265655F737461636B5F736CC6
S21403CA106565702E630052583A20526573657454E8
S21403CA206F466163746F727944656661756C74737F
S21403CA3043616C6C6261636B00657A737020636F2D
S21403CA40756E74657273206661696C6564202575FE
S21403CA5000657A7370205265736574205468726536
S21403CA6073686F6C64206572726F7220257500653B
S21403CA707A737020536574205468726573686F6C9C
S21403CA8064206572726F722025750025752920252E
S21403CA90733A2025750053657474696E672054686D
S21403CAA0726573686F6C6420636F6D6D616E64008E
S21403CAB03F3F3F004D6163205278204263617374A9
S21403CAC0004D6163205478204263617374004D61A6
S21403CAD063205278205563617374004D616320545C
S21403CAE078205563617374004D6163205478205534
S21403CAF063617374205265747279004D61632054C8
S21403CB0078205563617374204661696C0041505305
S21403CB102052782042636173740041505320547846
S21403CB20204263617374004150532052782055634A
S21403CB3061737400415053205478205563617374B5
S21403CB4020537563636573730041505320547820F4
S21403CB505563617374205265747279004150532093
S21403CB605478205563617374204661696C00526F74
S21403CB70757465204469736320496E6974696174CA
S21403CB806564004E65696768626F72204164646518
S21403CB9064004E65696768626F722052656D6F76D2
S21403CBA06564004E65696768626F72205374616CD2
S21403CBB065004A6F696E20496E6469636174696FC4
S21403CBC06E004368696C64204D6F7665640041535C
S21403CBD048204F766572666C6F770041534820464F
S21403CBE072616D65204572726F7200415348204F23
S21403CBF076657272756E204572726F72004E574B71
S21403CC00204643204661696C757265004150532087
S21403CC104643204661696C75726500415348205847
S21403CC204F66660041505320556E617574686F7287
S21403CC30697A6564204B6579004E574B20446563DB
S21403CC4072797074204661696C7572657300415021
S21403CC50532044656372797074204661696C7572FB
S21403CC606573005061636B65742042756666657212
S21403CC7020416C6C6F63617465204661696C7572E4
S21403CC8065730052656C61796564205563617374DE
S21403CC900050687920746F204D4143207175657587
S21403CCA065206C696D6974207265616368656400EC
S21403CCB05061636B65742056616C696461746520AA
S21403CCC064726F7020636F756E74004E574B2072DC
S21403CCD065747279206F766572666C6F770043436E
S21403CCE041204661696C757265730042726F6164B8
S21403CCF063617374207461626C652066756C6C0086
S21403CD00505441204C6F2050726920526571005078
S21403CD10544120486920507269205265710050546E
S21403CD2041204C6F205072692044656E696564002B
S21403CD30505441204869205072692044656E6965E5
S21403CD406400505441204C6F205072692054782060
S21403CD504162727400505441204869205072692021
S21403CD605478204162727400416464726573732060
S21403CD70436F6E666C6963742053656E7400435329
S21403CD804C205278207363686564756C6520666111
S21403CD90696C6564000D004465627567207072698E
S21403CDA06E742067726F75702025730A0057726F52
S21403CDB06E6720706172616D657465720A005363F5
S21403CDC0686564756C65206D6F7665206E776B009D
S21403CDD025732025643A202564004D6178206D6F05
S21403CDE07665206C696D6974207265616368656435
S21403CDF0206E776B2025643A20256400456E6420F8
S21403CE0044657669636520506F6C6C20496E666F67
S21403CE10726D6174696F6E00454D4245525F454EB3
S21403CE20445F4445564943455F54494D454F555421
S21403CE303A20202020202020256400506F6C6C2090
S21403CE40636F6D706C657465642063616C6C62619E
S21403CE50636B3A20257300202043757272656E74E7
S21403CE6020506F6C6C20496E74657276616C202856
S21403CE707173293A202020256C640020204C6F6EA5
S21403CE806720506F6C6C20496E74657276616C20F7
S21403CE90287173293A202020202020256C64002046
S21403CEA02053686F727420506F6C6C20496E7465E3
S21403CEB07276616C20287173293A20202020202561
S21403CEC06C6400202057616B652054696D656F752F
S21403CED07420287173293A20202020202020202027
S21403CEE0202020256C6400202057616B6520546940
S21403CEF06D656F7574204269746D61736B3A20209B
S21403CF00202020202020203078253038580020206C
S21403CF1043757272656E7420417070205461736B32
S21403CF20733A202020202020202020202020307824
S21403CF302530385800202043757272656E74205071
S21403CF406F6C6C20436F6E74726F6C2020202020F1
S21403CF502020202020257300202044656661756C00
S21403CF607420506F6C6C20436F6E74726F6C20204D
S21403CF702020202020202020257300466F7263691E
S21403CF806E672064657669636520746F2073686FC7
S21403CF90727420706F6C6C00416C6C6F77696E678F
S21403CFA02064657669636520746F206C6F6E6720F6
S21403CFB0706F6C6C00534C5F5A49474245455F415E
S21403CFC0465F4C4F4E475F504F4C4C00534C5F5A96
S21403CFD049474245455F41465F53484F52545F5069
S21403CFE04F4C4C00706F6C6C206E776B2025643A48
S21403CFF0203078253032580046696E6420616E64AE
S21403D0002042696E6420496E69746961746F723A6E
S21403D01020436F6D706C6574653A20307825303226
S21403D02058005374617274207461726765740046A5
S21403D030696E6420616E642042696E642054617276
S21403D0406765740025733A2025733A2030782530B7
S21403D050325800467261676D656E746174696F6EEF
S21403D0602052582077696E646F772073697A65203B
S21403D07073657420746F202564002F686F6D652FA9
S21403D08072756E6E65722F776F726B2F747579611A
S21403D0902D7A69676265652D7377697463682F7483
S21403D0A07579612D7A69676265652D73776974632F
S21403D0B0682F73696C6162735F746F6F6C732F7321
S21403D0C0696D706C69636974795F73646B2F7072D2
S21403D0D06F746F636F6C2F7A69676265652F617013
S21403D0E0702F6672616D65776F726B2F706C7567E4
S21403D0F0696E2F667261676D656E746174696F6EB3
S21403D1002F667261676D656E746174696F6E2E63E8
S21403D1100052583A2041646447726F7570526573C3
S21403D120706F6E7365203078253032582C20307837
S21403D130253034580052583A205669657747726F3F
S21403D1407570526573706F6E736520307825303254
S21403D150582C203078253034582C20220052583A48
S21403D1602047657447726F75704D656D626572739F
S21403D170686970526573706F6E73652030782530FA
S21403D18032582C203078253032582C00205B3078EB
S21403D190253034585D0052583A2052656D6F7665D7
S21403D1A047726F7570526573706F6E736520307853
S21403D1B0253032582C203078253034580065705B83
S21403D1C0253032585D2069645B253034585D004352
S21403D1D06C656172696E6720616C6C2067726F752F
S21403D1E070732E004552523A204661696C6564207E
S21403D1F0746F206372656174652062696E64696E1C
S21403D20067202830782530325829004552523A2074
S21403D21042696E64696E67207461626C6520697327
S21403D2202066756C6C004552523A207772697469B1
S21403D2306E67206E616D6520737570706F727420F3
S21403D240253032580052583A2041646447726F754D
S21403D25070203078253034582C2022007576005202
S21403D260583A205669657747726F7570203078256F
S21403D2703034580075767300766965775F67726F2A
S21403D28075700047726F7570733A206661696C65D6
S21403D2906420746F2073656E642025732072657333
S21403D2A0706F6E73653A20307825303258006765A4
S21403D2B0745F67726F75705F6D656D6265727368B4
S21403D2C0697020726573706F6E736500646566615E
S21403D2D0756C745F726573706F6E73650052583A3F
S21403D2E02047657447726F75704D656D626572731E
S21403D2F0686970203078253032582C0075756200C6
S21403D30047726F7570733A206661696C6564207442
S21403D3106F2073656E642025733A2030782530328B
S21403D320580052583A2052656D6F766547726F758E
S21403D3307020307825303458004552523A204661E2
S21403D340696C656420746F2064656C65746520621F
S21403D350696E64696E672028307825303258290054
S21403D36072656D6F76655F67726F75700052583AB7
S21403D3702052656D6F7665416C6C47726F7570737E
S21403D3800052583A2041646447726F757049664983
S21403D39064656E74696679696E6720307825303403
S21403D3A0582C202200616464004368616E6E656CCD
S21403D3B0206E6F742076616C69643A202564005091
S21403D3C072696D617279002573206D61736B206ECF
S21403D3D06F7720307825303858005365636F6E6456
S21403D3E0617279004D61736B206E6F742076616C89
S21403D3F069643A202564007072696D6172790073FE
S21403D40065636F6E646172790025733A20536574A1
S21403D410202573206D61736B20746F203078253060
S21403D4203858005374617475730025733A20257356
S21403D4303A004368616E6E656C206D61736B3A00EB
S21403D4402020202028312920307825303858205BAA
S21403D45000202020202832292030782530385820F4
S21403D4605B0053746174653A203078253032582057
S21403D470282573290043757272656E74206368618C
S21403D4806E6E656C3A20256400546F74616C20627E
S21403D4906561636F6E733A202564004A6F696E2078
S21403D4A0617474656D7074733A202564004E6574F8
S21403D4B0776F726B2073746174653A203078253009
S21403D4C032580053746F700025732053746F702E98
S21403D4D02020436C65616E696E672075702E00426E
S21403D4E0726F616463617374696E67207065726DD1
S21403D4F06974206A6F696E0054727573742063656D
S21403D5006E746572206C696E6B206B65792075701E
S21403D51064617465207374617475730025733A20AF
S21403D5205741524E494E473A20736C5F7A69676299
S21403D53065655F7365745F696E697469616C5F7353
S21403D540656375726974795F737461746520666167
S21403D550696C65642E20436F6E74696E75696E67B9
S21403D56020776974686F757420696E7374616C6C68
S21403D57020636F64652E004572726F723A20696E7F
S21403D5807374616C6C20636F646520736574757067
S21403D590206661696C65642E20497320616E20697C
S21403D5A06E7374616C6C20636F646520666C617364
S21403D5B0686564206F6E746F207468652064657692
S21403D5C06963653F00D0D1D2D3D4D5D6D7D8D9DABC
S21403D5D0DBDCDDDEDF00FFFFFFFFFFFFFFFF005AA0
S21403D5E06967426565416C6C69616E6365303900D5
S21403D5F025733A2069737375696E67207363616E6A
S21403D600206F6E202573206368616E6E656C7320D1
S21403D610286D61736B2030782530385829002573C0
S21403D62020697320616C726561647920696E20706D
S21403D630726F677265737300537461727400457812
S21403D640616D696E696E6720626561636F6E206FD8
S21403D6506E206368616E6E656C202564207769743E
S21403D660682070616E496420307825303458005441
S21403D67068697320626561636F6E206973206E6FDD
S21403D680742070617274206F6620746865206375F9
S21403D6907272656E74206368616E6E656C206D6170
S21403D6A0736B2028307825303858292E2047657428
S21403D6B074696E67206E65787420626561636F6E49
S21403D6C02077686F7365206368616E6E656C206291
S21403D6D069746D61736B206973207365742E0045DE
S21403D6E072726F723A20257320636F756C64206EB6
S21403D6F06F7420617474656D7074206A6F696E3A16
S21403D70020307825303258004E6F20626561636F93
S21403D7106E73206C656674206F6E20637572726517
S21403D7206E74206D61736B2E204D6F76696E672065
S21403D730746F206E65787420737461746500257346
S21403D740206A6F696E696E672030782530345820FA
S21403D7506F6E206368616E6E656C202564002573AA
S21403D7602053746174653A202573004572726F7294
S21403D7703A20257320636F756C64206E6F74207374
S21403D780657475702073656375726974793A2030B1
S21403D7907825303258004572726F723A20536361AF
S21403D7A06E20636F6D706C6574652068616E646C63
S21403D7B065722072657475726E65642030782530E4
S21403D7C03258002573207363616E20636F6D706C2F
S21403D7D06574652E20426561636F6E7320686561AC
S21403D7E072643A20256400257320737461636B208A
S21403D7F0737461747573203078253032580025733E
S21403D800206E6574776F726B206A6F696E65642E1F
S21403D81000257320747279696E67206E65787420AC
S21403D8206E6574776F726B2E004E6F6E6500536372
S21403D830616E205072696D617279204368616E6E05
S21403D840656C7320616E642075736520436F6E6626
S21403D850696775726564204B6579005363616E2052
S21403D8605072696D617279204368616E6E656C7380
S21403D87020616E642075736520496E7374616C6CE9
S21403D88020436F6465005363616E205072696D6157
S21403D8907279204368616E6E656C7320616E6420D6
S21403D8A05573652043656E7472616C697A6564208E
S21403D8B04B6579005363616E205072696D617279AE
S21403D8C0204368616E6E656C7320616E64205573C9
S21403D8D065204469737472696275746564204B6568
S21403D8E079005363616E205365636F6E646172796A
S21403D8F0204368616E6E656C7320616E6420757379
S21403D9006520436F6E66696775726564204B65793B
S21403D910005363616E205365636F6E646172792092
S21403D9204368616E6E656C7320616E642075736503
S21403D93020496E7374616C6C20436F646500536397
S21403D940616E205365636F6E64617279204368610C
S21403D9506E6E656C7320616E642055736520436537
S21403D9606E7472616C697A6564204B6579005363E3
S21403D970616E205365636F6E6461727920436861DC
S21403D9806E6E656C7320616E642055736520446902
S21403D990737472696275746564204B6579005363AA
S21403D9A0616E205072696D617279204368616E6E94
S21403D9B0656C7320616E642055736520416C6C2022
S21403D9C04B6579732028696E7374616C6C20636F82
S21403D9D064652C2063656E7472616C697A65642C69
S21403D9E0206469737472696275746564290053638D
S21403D9F0616E205365636F6E64617279204368615C
S21403DA006E6E656C7320616E642055736520416C81
S21403DA106C204B6579732028696E7374616C6C2077
S21403DA20636F64652C2063656E7472616C697A65D6
S21403DA30642C206469737472696275746564290062
S21403DA404F6E2F4F6666207365742076616C75651E
S21403DA503A20253032582025303258004552523A63
S21403DA602072656164696E67206F6E2F6F6666202D
S21403DA7025303258004F6E2F6F666620616C7265D4
S21403DA806164792073657420746F206E65772076E1
S21403DA90616C756500546F67676C65206F6E2F6FDA
S21403DAA066662066726F6D202530325820746F20AC
S21403DAB025303258004552523A2077726974696E9F
S21403DAC067206F6E2F6F6666202530325800496ECA
S21403DAD07374616C6C6564205479706520284261A8
S21403DAE07365293A20203078253032580043617018
S21403DAF06162696C69746965733A2020202020206E
S21403DB00202020202030782530345800426F6F7450
S21403DB106C6F616465722056657273696F6E3A2026
S21403DB2020202020307825303458005365637572E2
S21403DB306520426F6F746C6F61646572204B657904
S21403DB403A20202020202000426F6F746C6F61649F
S21403DB50696E67206661696C65642100446F776E41
S21403DB606C6F6164206661696C65642E0044656C45
S21403DB706574696E67206661696C656420646F7797
S21403DB806E6C6F61642C207374617475733A203005
S21403DB90782530325800496D61676520646F657378
S21403DBA0206E6F7420636F6E7461696E20616E20E1
S21403DBB05570677261646520496D616765205461BD
S21403DBC0672028307825303458292E20536B697007
S21403DBD070696E6720757067726164652E0045789C
S21403DBE065637574696E6720626F6F746C6F6164CA
S21403DBF02063616C6C6261636B2E00537461727494
S21403DC00696E672045424C20766572696669636172
S21403DC1074696F6E0045424C206661696C656420CA
S21403DC20766572696669636174696F6E2E00454234
S21403DC304C207061737365642076657269666963E8
S21403DC406174696F6E2E002573696E67204F5441A9
S21403DC5020636C69656E74207374617465206D61EE
S21403DC606368696E650073746F7070004572726FD7
S21403DC70723A204E6F20696D616765206174206972
S21403DC806E646578202564004E6F7420737570701B
S21403DC906F727465642E00436C69656E7420696DDB
S21403DCA061676520717565727920696E666F004DD0
S21403DCB0616E75662049443A2020202020202020CB
S21403DCC02030782530345800496D616765205479D3
S21403DCD070652049443A2020202030782530345877
S21403DCE00043757272656E742056657273696F6E43
S21403DCF03A202030782530385800486172647761BE
S21403DD0072652056657273696F6E3A20004E410045
S21403DD1051756572792044656C6179206D733A207C
S21403DD202020202020202020202020256C64005343
S21403DD30657276657220446973636F7665727920BF
S21403DD4044656C6179206D733A20256C6400446FDA
S21403DD50776E6C6F61642044656C6179206D733AED
S21403DD60202020202020202020256C640052756E61
S21403DD7020557067726164652044656C6179206D17
S21403DD80733A202020202020256C64005665726993
S21403DD9066792044656C6179206D733A20202020D3
S21403DDA020202020202020256C6400446F776E6C92
S21403DDB06F6164204572726F72205468726573686F
S21403DDC06F6C643A20202564005570677261646541
S21403DDD02057616974205468726573686F6C643A7F
S21403DDE0202020202564004F544120446F776E671F
S21403DDF072616465733A2044697361626C6564009A
S21403DE004F544120446F776E6772616465733A209E
S21403DE10456E61626C656400426F6F746C6F61641B
S21403DE202073746174653A20257300496E76616CBD
S21403DE306964204550202564207768656E207472D7
S21403DE4079696E6720746F2073656E64204F544142
S21403DE50206D6573736167652E0053656E64696E26
S21403DE6067205570677261646520456E642072652D
S21403DE7071756573742E0025733A20696E76616C2E
S21403DE80696420636D644964203078253032580015
S21403DE904572726F723A20204661696C656420741D
S21403DEA06F2073656E64204F544120636F6D6D6100
S21403DEB06E64203078253032582C20737461747564
S21403DEC0733A20307825303258005365727665727F
S21403DED020756E6B6E6F776E2C2066616C6C696E48
S21403DEE067206261636B20746F20646973636F7667
S21403DEF06572792E004D6178696D756D2071756553
S21403DF007279206572726F7273206869742028258F
S21403DF1064292C207374617274696E67207365615B
S21403DF2072636820666F72206E6577204F544120B7
S21403DF307365727665722E0A004170706C79696E2D
S21403DF406720757067726164650025733A20696E91
S21403DF5076616C6964206F66667365742063757298
S21403DF6072656E7454696D65283078253038582983
S21403DF70203E207570677261646554696D6528304C
S21403DF80782530385829004F544120436C757374F4
S21403DF9065723A207761697420666F722025642063
S21403DFA07300525865642074696D654F757420302C
S21403DFB0782530385820732C204D41582074696DCD
S21403DFC0654F7574203078253038582073004D61BE
S21403DFD078696D756D20757067726164652072650A
S21403DFE0717565737473206D6164652028256429D3
S21403DFF020776974686F757420726573706F6E73BB
S21403E000652066726F6D207365727665722E005595
S21403E0107067726164696E6720616E7977617900F3
S21403E0204F54412053657276696365206469736350
S21403E0306F766572792070726576656E7465642096
S21403E0402D20616E6F7468657220697320616C722F
S21403E0506561647920696E2070726F677265737389
S21403E060004661696C656420746F20696E69746923
S21403E070617465207365727669636520646973638A
S21403E0806F766572792E004F544120536572766918
S21403E090636520446973636F7665727920696E20C1
S21403E0A070726F677265737300436C69656E742074
S21403E0B0766572696669636174696F6E2066616905
S21403E0C06C65642E005369676E61747572650043F0
S21403E0D07573746F6D0070617373656400464149B0
S21403E0E04C4544004E6F207369676E6174757265A4
S21403E0F020766572696669636174696F6E207375ED
S21403E10070706F72742C20617373756D696E6720FF
S21403E110696D616765206973206F6B61792E0025D1
S21403E1207320766572696669636174696F6E20250C
S21403E130733A20307825303258004D6178696D7512
S21403E1406D206E756D626572206F6620646F776EE4
S21403E1506C6F6164206572726F727320726561639F
S21403E1606820282564292C2061626F7274696E67A3
S21403E1702E004F544120436C75737465723A2073B6
S21403E180657474696E672049454545206164647209
S21403E190657373206F66204F544120636C757374E8
S21403E1A06572005061727469616C2066696C6520E3
S21403E1B0646F776E6C6F616420666F756E642C2077
S21403E1C0636F6E74696E75696E672066726F6D2015
S21403E1D06F66667365742030782530385800466F4E
S21403E1E0756E642066756C6C7920646F776E6C6FE1
S21403E1F0616465642066696C6520696E2073746F5C
S21403E20072616765202876657273696F6E20307851
S21403E21025303858292E00466F756E642066696C63
S21403E2206520696E2073746F726167652077697401
S21403E2306820646966666572656E742076657273B7
S21403E240696F6E2028307825303858292074686125
S21403E2506E2063757272656E742076657273696F6D
S21403E2606E2028307825303858290046696C65209A
S21403E270696E2073746F72616765206973207361BA
S21403E2806D652061732063757272656E7420727596
S21403E2906E6E696E672076657273696F6E202830BE
S21403E2A0782530385829004E6F20696D61676520E0
S21403E2B0666F756E6420696E2073746F726167652E
S21403E2C02E004F5441205365727669636520446976
S21403E2D073636F7665727920756E626C6F636B65B8
S21403E2E0640049676E6F72696E6720736572766540
S21403E2F0722066726F6D206C6F6F706261636B2045
S21403E300616464726573730049676E6F72696E67E2
S21403E31020307825303458204F5441207365727668
S21403E320657220696E20736561726368206F66206C
S21403E33054430053657474696E67204F54412053E9
S21403E340657276657220746F2030782530345800F5
S21403E35044656C6179696E67202564207365636F15
S21403E3606E6473206265666F72652073746172747F
S21403E370696E67204F544120636C69656E74005460
S21403E380696D656F75742077616974696E67206659
S21403E3906F72206D6573736167652E00426164203A
S21403E3A04F544120636F6D6D616E643A203078255B
S21403E3B0303258004F544120636F6D6D616E642098
S21403E3C030782530325820746F6F2073686F7274FC
S21403E3D020286C656E202564203C206D696E202500
S21403E3E06429004F544120636F6D6D616E6420662F
S21403E3F0726F6D20756E7265636F676E697A65649A
S21403E40020736572766572203078253034582E2056
S21403E410204D79204F5441207365727665723A20F9
S21403E42030782530345800496D616765204E6F7427
S21403E43069667900476F7420756E657870656374D6
S21403E44065642025732E20205374617274206469DA
S21403E45073636F766572792E0064656661756C7496
S21403E460004F54413A206661696C656420746F20DE
S21403E47073656E6420257320726573706F6E7365A3
S21403E4803A2030782530325800496D616765206E32
S21403E4906F7469667900476F7420756E657870656A
S21403E4A0637465642025732E202049676E6F72653A
S21403E4B0642E004F54413A2044656661756C74209F
S21403E4C0726573706F6E736520666F7220496D6137
S21403E4D06765206E6F746966792C20737461747532
S21403E4E0732030782530325800496D616765206E99
S21403E4F06F7469667920636F6D6D616E6400257352
S21403E50020756E69636173742C2071756572796901
S21403E5106E6700496E76616C696400257320257307
S21403E520207061796C6F616420747970652030782F
S21403E530253032580025732025733A206F757420D2
S21403E5406F662072616E6765206A697474657220EF
S21403E55025640025732025733A207061796C6F61FA
S21403E56064206C656E67746820646F65736E2774C9
S21403E570206D617463682074797065203078253067
S21403E580325820282564203C202564290025732042
S21403E59025732064756520746F206E6F6E2D6D6114
S21403E5A0746368696E67206D616E75666163747502
S21403E5B072657220494400257320257320647565AF
S21403E5C020746F206E6F6E2D6D61746368696E675D
S21403E5D020696D616765207479706520494400255C
S21403E5E0732025732064756520746F206D617463D2
S21403E5F068696E67206669726D77617265207665F5
S21403E6007273696F6E0025732025732C205278274A
S21403E61064204A697474657220283078253032582D
S21403E620292C205069636B6564204A69747465728B
S21403E63020283078253032582900517565727920A4
S21403E6406E65787420696D61676520726573706F97
S21403E6506E73650025732072657475726E6564202B
S21403E6603078253032582E20204E6F206E65772066
S21403E670696D61676520746F20646F776E6C6F6178
S21403E680642E00257320746F6F2073686F72742076
S21403E690282564203C202564290025733A204E65EE
S21403E6A07720696D61676520697320617661696C9F
S21403E6B061626C6520666F7220646F776E6C6F6143
S21403E6C0642E002573206973206E6F74207573693A
S21403E6D06E67206D7920696D61676520696E666F68
S21403E6E02E004552524F523A204E65787420496D9B
S21403E6F061676520697320746F6F20626967207491
S21403E7006F2073746F726520283078253038582050
S21403E7103E203078253038582900257320726574DA
S21403E72075726E65642073616D652046696C655607
S21403E730657273696F6E2061732063757272656E9E
S21403E740746C7920696E7374616C6C65642E004F0B
S21403E750544120446F776E67726164657320446921
S21403E7607361626C65643A2046696C6556657273BC
S21403E770696F6E20626568696E6420637572726580
S21403E7806E7420696E7374616C6C6174696F6E006D
S21403E7905374617274696E6720646F776E6C6F6111
S21403E7A0642C2056657273696F6E20307825303876
S21403E7B058004572726F723A204661696C65642030
S21403E7C0746F2064656C65746520696D6167652E7A
S21403E7D0004572726F723A204661696C65642074F4
S21403E7E06F206572617365206F6C642074656D704D
S21403E7F020646174612E00496D61676520626C6FE9
S21403E800636B20726573706F6E7365004F54413A85
S21403E81020496D616765426C6F636B5265706F6EFE
S21403E820736520636F6E7461696E7320696E7661BB
S21403E8306C6964206F7220696E636F6D706C6574AB
S21403E840652064617461005570646174696E672045
S21403E8504D696E20426C6F636B20526571756573EC
S21403E8607420506572696F6420746F202564206D70
S21403E8707300446F776E6C6F61642064656C6179B6
S21403E88020627920736572766572202564206D7325
S21403E89000446F776E6C6F61642061626F7274659B
S21403E8A064206279207365727665722E00536572F2
S21403E8B076657220646F65736E2774207375707047
S21403E8C06F72742070616765207265717565737405
S21403E8D02C206F6E6C79207573696E6720626C6F7F
S21403E8E0636B20726571756573742E00536572765B
S21403E8F065722072657475726E65642027756E7313
S21403E9007570706F7274656420636C75737465726A
S21403E91020636F6D6D616E64272E00556E6B6E6F90
S21403E920776E2025732073746174757320636F6428
S21403E93065203078253032580025732068617320AF
S21403E940646174612073697A6520282564292073BD
S21403E9506D616C6C6572207468616E20616374759A
S21403E960616C207061636B65742073697A65202817
S21403E9702564292E002573206572726F723A20452E
S21403E98078706563746564206F666673657420309B
S21403E99078253038582C2062757420676F742030C1
S21403E9A078253038582E202049676E6F72696E6757
S21403E9B000257320696E666F20646964206E6F7429
S21403E9C0206D61746368206D792065787065637463
S21403E9D0656420696E666F2E202044726F707069BE
S21403E9E06E672E004661696C656420746F207772CB
S21403E9F069746520746F2073746F72616765206431
S21403EA0065766963652100446F776E6C6F61640099
S21403EA105570677261646520656E642072657370F5
S21403EA206F6E7365005365727665722061626F72EE
S21403EA3074656420757067726164652C20737461F5
S21403EA407475733A20307825303258004572726FE9
S21403EA50723A2025732068616420696E76616C695A
S21403EA60642025733A200066696C652076657273A8
S21403EA70696F6E00416464696E67202564206D7358
S21403EA802E2064656C617920666F7220696D6D65F2
S21403EA90646961746520757067726164652E0043EE
S21403EAA06F756E74646F776E20746F2075706772FF
S21403EAB06164653A202564206D7300205374617485
S21403EAC0653A2020202573002057616974696E67B4
S21403EAD020666F7220726573706F6E73653A2025B9
S21403EAE07300204E657874204576656E74205469ED
S21403EAF06D65723A202564206D730020437572722B
S21403EB00656E7420446F776E6C6F6164204F666623
S21403EB107365743A203078253038582028256425C4
S21403EB2025290025733A206661696C656420706147
S21403EB307273696E67204F544120636D642030788A
S21403EB4025303258004F54412044656661756C7415
S21403EB5020726573706F6E736520746F20636F6DBC
S21403EB606D616E64204944203078253032582C205D
S21403EB707374617475732030782530325800496D8C
S21403EB8061676520626C6F636B2072657175657370
S21403EB90742074657374206F6E6C7920776F726B54
S21403EBA073207768656E20737461746520697320BB
S21403EBB0424F4F544C4F41445F53544154455F4E6C
S21403EBC04F4E450052616E646F6D2044656C6179EB
S21403EBD0206265666F72652073746172740044699F
S21403EBE073636F766572696E67204F544120536571
S21403EBF07276657200476574204F544120536572E0
S21403EC0076657220455549004F627461696E206CC3
S21403EC10696E6B206B6579005175657279696E67ED
S21403EC20204E65787420496D61676500446F776E82
S21403EC306C6F6164696E6720496D61676500566530
S21403EC4072696679696E6720496D61676500576109
S21403EC506974696E6720666F7220557067726164A7
S21403EC6065206D65737361676500436F756E7464C5
S21403EC706F776E20746F20557067726164650057F6
S21403EC80616974696E6720746F207570677261645A
S21403EC906520766961206F75742D6F662D62616ECF
S21403ECA064206D656368616E69736D0025733A2031
S21403ECB02564252520636F6D706C65746500496D4A
S21403ECC06167652025640020204552524F523A2042
S21403ECD0436F756C64206E6F742067657420667569
S21403ECE06C6C20686561646572210020204865614C
S21403ECF06465722056657273696F6E3A20307825A4
S21403ED00303458002020486561646572204C656E77
S21403ED106774683A2020256420627974657300203E
S21403ED20204669656C6420436F6E74726F6C3A207C
S21403ED30203078253034580020204D616E756620CB
S21403ED4049443A202020202020203078253034588B
S21403ED50002020496D61676520547970653A20204C
S21403ED6020202030782530345800202056657273D2
S21403ED70696F6E3A2020202020202020307825300E
S21403ED8038580020205A6967626565205665727395
S21403ED90696F6E3A20307825303458002020486555
S21403EDA06164657220537472696E673A2020257316
S21403EDB0002020496D6167652053697A653A2020F3
S21403EDC0202020256C64206279746573002020530C
S21403EDD06563757269747920437265643A202030DE
S21403EDE0782530325800202055706772616465209C
S21403EDF0446573743A2020200020204D696E2E202F
S21403EE004857205665723A20202020307825303423
S21403EE10580020204D61782E204857205665723AB8
S21403EE2020202020307825303458002020546F745A
S21403EE30616C20546167733A2025640020202020EB
S21403EE405461673A2030782530345800202020203B
S21403EE5020204C656E6774683A20256C6400457202
S21403EE60726F723A20436F756C64206E6F74206FF6
S21403EE70627461696E2074616720696E666F2066CE
S21403EE80726F6D20696D6167652E000A25642069BF
S21403EE906D6167657320696E204F54412073746FEC
S21403EEA0726167652E00496D6167652064656C65F0
S21403EEB0746525732E004572726F723A2020436F75
S21403EEC0756C64206E6F74207265616420626C6F6B
S21403EED0636B3A203078253032582E0A005374611B
S21403EEE07274696E672065726173652066726F6DF2
S21403EEF0206F666673657420307825303858207422
S21403EF006F2030782530385800436F756C64206E58
S21403EF106F742073746172742045524153452120E7
S21403EF20283078253032582900454550524F4D2019
S21403EF30457261736520636F6D706C657465002F31
S21403EF40686F6D652F72756E6E65722F776F726B55
S21403EF502F747579612D7A69676265652D73776994
S21403EF607463682F747579612D7A69676265652D98
S21403EF707377697463682F73696C6162735F746F08
S21403EF806F6C732F73696D706C69636974795F73E3
S21403EF90646B2F70726F746F636F6C2F7A6967621E
S21403EFA065652F6170702F6672616D65776F726B22
S21403EFB02F706C7567696E2F6F74612D73746F7223
S21403EFC06167652D73696D706C652D656570726F0D
S21403EFD06D2F6F74612D73746F726167652D656530
S21403EFE070726F6D2D706167652D65726173652E26
S21403EFF063002F686F6D652F72756E6E65722F775F
S21403F0006F726B2F747579612D7A69676265652DEA
S21403F0107377697463682F747579612D7A6967628B
S21403F02065652D7377697463682F73696C616273A2
S21403F0305F746F6F6C732F73696D706C696369743B
S21403F040795F73646B2F70726F746F636F6C2F7A54
S21403F05069676265652F6170702F6672616D65778B
S21403F0606F726B2F706C7567696E2F6F74612D737B
S21403F070746F726167652D73696D706C652D656558
S21403F08070726F6D2F6F74612D73746F7261676525
S21403F0902D656570726F6D2E63004F544120536962
S21403F0A06D706C652053746F7261676520454550BB
S21403F0B0524F4D207761726E696E673A20636F75A3
S21403F0C06C64206E6F742067657420736C6F742095
S21403F0D0696E666F20666F7220736C6F742025648A
S21403F0E020286572726F7220307825303258292EA8
S21403F0F02044656661756C74696E6720746F20734F
S21403F10070656369666965642061646472657373B8
S21403F110206F6666736574730053746F72616765F8
S21403F120204472697665723A202020202020202011
S21403F13020202020204F54412053696D706C652099
S21403F14053746F7261676520454550524F4D20508A
S21403F1506C7567696E0052656164204D6F646966FD
S21403F1607920577269746520537570706F72743A9C
S21403F17020206E6F00534F4320426F6F746C6F6195
S21403F18064696E6720537570706F72743A2020201E
S21403F1902079657300426F6F746C6F6164657220CB
S21403F1A053746F7261676520537570706F72743A2B
S21403F1B02055736520666972737420736C6F7400D0
S21403F1C0536C6F7420746F207573653A202020206B
S21403F1D020202020202020202020202025640043DB
S21403F1E0757272656E7420446F776E6C6F616420FF
S21403F1F04F66667365743A202020203078253038B1
S21403F200580045424C205374617274204F666673EF
S21403F21065743A20202020202020202020203078CB
S21403F2202530385800454550524F4D20537461726F
S21403F230743A202020202020202020202020202058
S21403F2402030782530385800454550524F4D2045DC
S21403F2506E643A20202020202020202020202020FA
S21403F2602020202030782530385800496D616765A6
S21403F27020496E666F2053746172743A20202020F2
S21403F2802020202020202030782530385800536155
S21403F2907665205261746520286279746573292027
S21403F2A02020202020202020202030782530385889
S21403F2B0004F6666736574206F6620646F776E6CA6
S21403F2C06F6164206F66667365742020203078252E
S21403F2D0303858004F6666736574206F6620454263
S21403F2E04C206F66667365743A2020202020202009
S21403F2F0307825303858004F6666736574206F661D
S21403F30020696D6167652073746172743A202020EA
S21403F31020202030782530385800736C5F7A696770
S21403F3206265655F61665F6F74615F73746F726158
S21403F33067655F6472697665725F726561645F6351
S21403F340622829206661696C656421004261642035
S21403F3506D61676963206E756D62657220696E20E4
S21403F36066696C653A203078253032582030782527
S21403F37030325820307825303258203078253032D5
S21403F38058004261642076657273696F6E20696EF9
S21403F3902066696C652030782530345800457272D3
S21403F3A06F723A2072656164416E6456616C69647B
S21403F3B061746553746F726564496D616765282966
S21403F3C020747269656420746F2072656164206DB1
S21403F3D06F72652064617461207468616E2069745D
S21403F3E020636F756C6420686F6C642E00736C5FAB
S21403F3F07A69676265655F61665F6F74615F737480
S21403F4006F726167655F6472697665725F72656164
S21403F410645F63622829204641494C454421004CD9
S21403F420617374206F666673657420646F776E6CA1
S21403F4306F616465643A2030782530385800537419
S21403F4406F72616765204D6F64756C653A204F5423
S21403F450412053696D706C652053746F72616765E4
S21403F46020506C7567696E00496D6167657320533C
S21403F470746F7265643A20202564206F6620310A13
S21403F48000253032583A0065702025303258206304
S21403F4906C757320253034582061747472202530BF
S21403F4A034582073767220256300206D6667202506
S21403F4B030325800207265706F7274206D696E204A
S21403F4C025303458206D61782025303458207270EA
S21403F4D0742D63686720253038580020726563658D
S21403F4E06976652066726F6D202530345820657006
S21403F4F020253032582074696D656F757420253069
S21403F500345800636C6561720072656D6F766500D2
S21403F510636C656172696E67206C617374207265D3
S21403F520706F72742074696D65206F6620616C6CF1
S21403F530206174747269627574657300746573749C
S21403F540696E672074696D696E67206F66207661E1
S21403F55072696F7573207265706F7274696E672057
S21403F5606F7065726174696F6E73002D2D2D2D2D6E
S21403F5702D2D2D2D2D2D2D2D2D2D2D2D2D2D2D2DB3
S21403F5802D2D2D2D2D2D2D2D2D2D2D2D2D2D2D2DA3
S21403F5902D2D2D2D2D2D2D2D2D2D002D2D74616210
S21403F5A06C65207265616473202D2066756C6C2013
S21403F5B07461626C652D2D00726573756C74203DE5
S21403F5C0202564206D73002D2D696E6974202F200D
S21403F5D07363686564756C65207469636B2D2D2D84
S21403F5E0002D2D6C6F616420636F6E66696775729C
S21403F5F06174696F6E2064656661756C74732D2D16
S21403F600002F686F6D652F72756E6E65722F776F3C
S21403F610726B2F747579612D7A69676265652D73D0
S21403F62077697463682F747579612D7A6967626583
S21403F630652D7377697463682F73696C6162735F92
S21403F640746F6F6C732F73696D706C69636974790B
S21403F6505F73646B2F70726F746F636F6C2F7A694E
S21403F660676265652F6170702F6672616D65776F6F
S21403F670726B2F706C7567696E2F7265706F72741C
S21403F680696E672F7265706F7274696E672E63009A
S21403F690524541445F5250545F434647007265618A
S21403F6A0645F7265706F7274696E675F636F6E66B0
S21403F6B0696775726174696F6E005265706F7274F4
S21403F6C0696E673A206661696C656420746F20739F
S21403F6D0656E6420257320726573706F6E73653A6A
S21403F6E020307825303258004552523A20726561F0
S21403F6F064696E6720636C75737465722030782551
S21403F7003034582061747472696275746520307879
S21403F710253034583A203078253032580045525236
S21403F7203A207265706F7274696E67206F66204C3C
S21403F7304F4E4720737472696E67206174747269E2
S21403F740627574652074797065206E6F74207375A6
S21403F75070706F727465643A20636C757374657247
S21403F7602030782530345820617474726962757459
S21403F7706520307825303458005265706F7274698E
S21403F7806E6720456E7472792046756C6C202D204A
S21403F7906372656174696E67206E65772072657043
S21403F7A06F7274004346475F52505400202D206406
S21403F7B06972656374696F6E3A253032582C20611E
S21403F7C07474723A2530345800202020747970659A
S21403F7D03A253032582C206D696E3A253034582C31
S21403F7E0206D61783A253034580020202063686104
S21403F7F06E67653A0020202074696D656F75743AEC
S21403F8002530345800636F6E6669677572655F727C
S21403F81065706F7274696E67002054434C4B207595
S21403F820706461746520616C726561647920696EC9
S21403F8302070726F6772657373004D616E75616CCD
S21403F8402054434C4B20757064617465206661696F
S21403F8506C65642E2573005374617274696E672039
S21403F8607570646174652074727573742063656E55
S21403F870746572206C696E6B206B65792070726F8D
S21403F8806365737300557064617465205443204C3C
S21403F890696E6B204B657900204E6577206B657922
S21403F8A02065737461626C69736865643A00204509
S21403F8B072726F723A00506172746E65723A20000B
S21403F8C05A434C20676C6F62616C20636C7573746B
S21403F8D0657220636F6D6D616E6473006469726533
S21403F8E06374696F6E00646973632D636F6D2D6750
S21403F8F0656E00646973632D636F6D2D72656300B7
S21403F9006578706563742D7265706F72742D667298
S21403F9106F6D2D6D6500757772697465006E77720D
S21403F920697465007265706F72742D726561640028
S21403F93073656E642D6D652D612D7265706F7274BF
S21403F9400043726561746573206120676C6F626142
S21403F9506C20646973636F76657220636F6D6D6187
S21403F9606E6420666F7220746865206173736F63BC
S21403F97069617465642076616C7565732E00636CCB
S21403F980757374657249641F617474726962757401
S21403F9906549641F6D61784E756D626572546F526A
S21403F9A065706F72741F00437265617465732061BE
S21403F9B020676C6F62616C2073656E64206D6520D2
S21403F9C061207265706F727420636F6D6D616E6413
S21403F9D020666F7220746865206173736F63696154
S21403F9E07465642076616C7565732E00636C75733D
S21403F9F074657249641F61747472696275746549CB
S21403FA00641F64617461547970651F6D696E526515
S21403FA10706F727454696D651F6D61785265706F8F
S21403FA20727454696D651F7265706F727461626C6F
S21403FA30654368616E67651F00437265617465732D
S21403FA40206120676C6F62616C207265616420724E
S21403FA5065706F7274696E6720636F6D6D616E6437
S21403FA6020666F7220746865206173736F636961C3
S21403FA7074656420636C75737465722C206174748A
S21403FA8072696275746520616E642073657276654B
S21403FA90722F636C69656E7420646972656374693A
S21403FAA06F6E2E00636C757374657249641F6174A0
S21403FAB07472696275746549641F646972656374F8
S21403FAC0696F6E1F00476C6F62616C207265706FA2
S21403FAD07274696E6720636F6D6D616E6400656E28
S21403FAE064706F696E741F636C75737465724964B2
S21403FAF01F61747472696275746549641F6D6173FE
S21403FB006B1F0043726561746573206120676C6FB9
S21403FB1062616C207265616420636F6D6D616E64F3
S21403FB20206D65737361676520746F207265616409
S21403FB302066726F6D2074686520636C75737465D8
S21403FB407220616E642061747472696275746520D4
S21403FB507370656369666965642E00636C75737498
S21403FB60657249641F617474726962757465496469
S21403FB701F0043726561746573206120676C6F6252
S21403FB80616C20777269746520636F6D6D616E6456
S21403FB90206D65737361676520746F20777269746F
S21403FBA06520746F2074686520636C757374657262
S21403FBB020616E6420617474726962757465207363
S21403FBC0706563696669656400636C7573746572F2
S21403FBD049641F61747472696275746549641F743D
S21403FBE07970651F646174611F0043726561746593
S21403FBF02061206578706563742D7265706F72740A
S21403FC002D66726F6D2D6D65206D65737361676507
S21403FC102077697468206173736F636961746564C0
S21403FC202076616C7565732E00636C7573746572EC
S21403FC3049641F61747472696275746549641F74DC
S21403FC40696D656F75741F00437265617465206125
S21403FC5020446973636F76657220436F6D6D616EC2
S21403FC6064732047656E65726174656420636F6DA7
S21403FC706D616E642077697468206173736F63695E
S21403FC80617465642076616C7565732E00636C75AC
S21403FC907374657249641F7374617274436F6D6D18
S21403FCA0616E6449641F6D6178436F6D6D616E6448
S21403FCB049641F0053657473207468652064697211
S21403FCC0656374696F6E20666F7220676C6F62611E
S21403FCD06C20636F6D6D616E64732C206569746848
S21403FCE0657220636C69656E7420746F2073657229
S21403FCF0766572206F722073657276657220746FF4
S21403FD0020636C69656E742E0053657473206120DE
S21403FD10666C616720736F2074686174207468650D
S21403FD20206170706C69636174696F6E20667261BE
S21403FD306D65776F726B2057494C4C204E4F54209D
S21403FD40726573706F6E6420746F20746865206EBE
S21403FD50657874205A434C206D657373616765201C
S21403FD607468617420636F6D657320696E206F76A7
S21403FD70657220746865206169722E00536574731A
S21403FD80206120666C616720736F2074686174203D
S21403FD90746865206170706C69636174696F6E2046
S21403FDA06672616D65776F726B2057494C4C207293
S21403FDB06573706F6E6420746F20746865206E655B
S21403FDC07874205A434C206D65737361676520749D
S21403FDD068617420636F6D657320696E206F766546
S21403FDE07220746865206169722E005365747320EF
S21403FDF07468652044697361626C65204465666156
S21403FE00756C7420526573706F6E736520467261ED
S21403FE106D6520436F6E74726F6C20626974207414
S21403FE206F2075736520666F7220746865206E6533
S21403FE30787420636F6D6D616E64206966207468E4
S21403FE406520636F6D6D616E64206973206E6F74D9
S21403FE5020616C7265616479206275696C742E002A
S21403FE6064697361626C6544656661756C7452653A
S21403FE7073706F6E73651F005365747320746865C3
S21403FE8020666C616720746F2075736520746865DF
S21403FE9020696E6372656D656E7465642073657143
S21403FEA075656E6365206E756D6265722066726F2A
S21403FEB06D20746865206672616D65776F726B205E
S21403FEC0666F7220746865206E6578742072617739
S21403FED020636F6D6D616E642E007573654E657875
S21403FEE07453657175656E63651F00436C692063A3
S21403FEF06F6D6D616E6420746F2063616C6C20732C
S21403FF006C5F7A69676265655F61665F7365745F78
S21403FF1074696D652066756E6374696F6E20646FB1
S21403FF2063756D656E74656420696E2061662E6800
S21403FF300075746354696D651F005365747320748C
S21403FF4068652074776F2062797465206D616E75BD
S21403FF50666163747572657220737065636966693A
S21403FF6063206964656E74696669657220746F20C0
S21403FF7075736520666F7220746865206E65787485
S21403FF8020636F6D6D616E642069662074686520FA
S21403FF90636F6D6D616E64206973206E6F7420618C
S21403FFA06C7265616479206275696C742E006D6687
S21403FFB067537065636966696349641F006E6F748F
S21403FFC02000534C5F5354415455535F4E4554578A
S21403FFD04F524B5F555020307825303458005472BA
S21403FFE07573742043656E746572204555492068A1
S21403FFF061732025736368616E6765642E00534CD6
S2140400005F5354415455535F4E4554574F524B5FBC
S214040010444F574E00534C5F5354415455535F4E10
S2140400204F545F4A4F494E454400534C5F53544126
S2140400305455535F5A49474245455F4E4554574FBA
S214040040524B5F4F50454E45443A20256420736515
S2140400506300534C5F5354415455535F5A494742C7
S21404006045455F4E4554574F524B5F434C4F53459F
S214040070440025733A2025730064697374726962B8
S214040080757465640063656E7472616C697A656420
S21404009000466F726D002573696E67206F6E20636D
S2140400A0682025642C2070616E49642030782530E1
S2140400B03458004572726F723A20446576696365F7
S2140400C020646F6573206E6F7420737570706F7222
S2140400D074202573206E6574776F726B20666F725A
S2140400E06D6174696F6E004A6F696E00496E766161
S2140400F06C69642053656375726974792050726FF5
S21404010066696C653A2030782530325800704A6F3C
S214040110696E20666F72202564207365633A20300A
S2140401207825303258004C696D6974696E672064AE
S21404013075726174696F6E206F66207065726D6982
S21404014074206A6F696E2066726F6D20666F7265C2
S21404015076657220283235352920746F203235347E
S2140401600052583A205A444F2C20636F6D6D616ECE
S21404017064203078253034582C2073746174757379
S2140401803A203078253032580053696D706C65001B
S21404019052583A2025732044657363205265737061
S2140401A0004D61746368002C204D61746368657348
S2140401B03A2025640044657669636520416E6E6F57
S2140401C0756E63653A203078253034580052583AB4
S2140401D02049454545204164647265737320526521
S2140401E073706F6E73650052583A20416374697673
S2140401F06520455020526573706F6E73652C2043DE
S2140402006F756E743A202564004E6F6465002C206A
S2140402104D6174636865733A20307825303458002D
S214040220737461636B207665722E205B25642E25BD
S214040230642E256400202573206275696C6420256D
S214040240645D005A444F00534500484100436C75B2
S2140402507374657200476C6F62616C002573747802
S214040260203078253038582C200050726F66696C20
S214040270653A2025732028307825303458292C20D8
S214040280436C75737465723A203078253034582C74
S2140402902025642062797465732C00205A434C2010
S2140402A0257320436D642049443A20256400507227
S2140402B0652D52656C6561736500416C70686120DC
S2140402C03100416C706861203200416C70686120B6
S2140402D03300426574612031004265746120320047
S2140402E0426574612033004741005265736574208B
S2140402F0696E666F3A203078253032582028257388
S214040300290064656C6574652062696E64696E674D
S2140403103A20253032582025303258000102030492
S21404032005060708090A0B0C000101010101010179
S2140403300101010101005752495445204552523AE1
S214040340200025736570202530325820636C757341
S2140403502025303458206174747220253034582097
S2140403606E6F7420737570706F7274656400257395
S214040370696E76616C696420646174612074797056
S2140403806500257361747472206E6F7420777269C9
S2140403907461626C650057524954453A206E6F206A
S2140403A077726974652C206A75737420612074658D
S2140403B0737400524541443A2061747472696275DC
S2140403C074652073697A6520746F6F206C61726738
S2140403D06520666F722063616C6C657200636C6E78
S2140403E074007372767200525700524F00202052E7
S2140403F0414D20200020746F6B656E200065787474
S21404040065726E2000454E44504F494E54202530A8
S214040410325800636C7573202F2073696465202F2F
S2140404202061747472202F206D666720202F7479E3
S2140404307065286C656E292F207277202F207374C0
S2140404406F72616765202F20646174612028726171
S21404045077290025303458202F202573202F202577
S214040460303458202F2000202F20253032582028C2
S2140404702530325829202F202573202F202573203D
S2140404802F2000556E737570706F72746564004F1C
S214040490544120524541443A2065703A253032583A
S2140404A0206369643A253034582061747469643A68
S2140404B025303458206D736B3A25303258206D66DB
S2140404C0636F64653A2530345800524541443A20F7
S2140404D0636C757320253034582C20617474722034
S2140404E025303458206661696C656420253032589E
S2140404F000524541443A20636C75732025303458C5
S2140405002C206174747220253034582C2064617455
S214040510614C656E3A20253032582C204F4B00280B
S214040520256329253032582530325825303258254F
S2140405303032582530325825303258253032582536
S2140405403032580064697361626C65002573642CEC
S2140405502064726F7070696E67206570203078252D
S21404056030325820636C7573203078253034582028
S214040570636D64203078253032580047656E6572A6
S21404058061746564005265636569766564004469F0
S21404059073636F76657220436F6D6D616E6473204E
S2140405A0726573706F6E73652028636F6D706C650B
S2140405B074653A202563292C202573204944733A10
S2140405C0200030782530325820005F4558540052B9
S2140405D04541445F415454520057524954453A20C9
S2140405E0636C75732025303458206174747220252A
S2140405F030345820004641494C20253032580057A4
S214040600524954453A20746F6F2073686F727400B1
S214040610444953435F4154545200257325733A208A
S214040620636C757320253034580053766320446910
S21404063073633A2000257357616974696E672025D1
S214040640642073656320666F7220646973636F76D3
S21404065065727920746F20636F6D706C65746500C5
S214040660537461746520636F72726573706F6E6421
S214040670696E6720746F20746865207468652072DC
S214040680657175657374206E6F7420666F756E641D
S2140406900A002573636F6D706C6574652E0A0025F9
S2140406A0735365727669636520446973636F766510
S2140406B07279205374617465206C696D6974732053
S2140406C0726561636865640A002573496C6C6567C6
S2140406D0616C2062726F6164636173742061646428
S2140406E0726573732C2072656D617070696E672015
S2140406F0746F2076616C6964206F6E652E002573B6
S2140407004661696C656420746F2073656E64206D41
S2140407106174636820646973636F766572793A20DE
S2140407203078253032580025735374617274696EBC
S2140407306720646973636F7665727920666F7220CA
S214040740636C7573746572203078253034580025D0
S214040750734661696C656420746F2073656E6420EB
S21404076073696D706C652064657363726970746F09
S2140407707220726571756573743A2030782530324C
S214040780580025734661696C656420746F20736530
S2140407906E64204945454520616464726573732020
S2140407A0726571756573743A203078253032580056
S2140407B025734661696C656420746F2073656E6486
S2140407C0204E574B206164647265737320726571A2
S2140407D0756573743A203078253032580045727245
S2140407E06F723A202573206261642073696D706CA1
S2140407F0652064657363726970746F72206C656ECD
S2140408006774682E0025734D65737361676520747D
S2140408106F6F2073686F72740025734D6573736110
S214040820676520746F6F2073686F727420666F72CA
S214040830206E756D2E20656E64706F696E7473001D
S21404084025734D61746368257320666F756E642026
S21404085066726F6D203078253034582E00457272DB
S2140408606F723A20257320696E76616C6964206C19
S214040870656E6774682028256420213D2025642938
S21404088020666F722041637469766520456E6470D5
S2140408906F696E7420726573706F6E73650025736E
S2140408A0676F7420616374697665204550207265AD
S2140408B073706F6E7365005554432074696D653AA2
S2140408C02025642F25642F25642025643A25643A60
S2140408D02564202825303858290028556E6B6E6FFD
S2140408E0776E20636C75732E205B30782530345811
S2140408F05D29000D0A54253038583A005258206CA9
S214040900656E2025642C20657020253032582C20F6
S214040910636C7573203078253034582000206D665B
S2140409206749642025303458002046432025303259
S2140409305820736571202530325820636D64202555
S214040940303258207061796C6F61645B0042617369
S2140409506963004F76657220746865204169722069
S214040960426F6F746C6F6164696E670025735258CA
S21404097020706B7420746F6F2073686F72743A20E3
S2140409802564203C202564002573525820706B741F
S214040990206D616C666F726D65643A202564203C38
S2140409A02025640020204861766520526F757465A2
S2140409B07220537570706F7274002020456E642028
S2140409C0446576696365204F6E6C79002020456E19
S2140409D061626C656400202044697361626C6564BE
S2140409E0004572726F722072657472696576696EFC
S2140409F06720696E666F20666F72206C696272612A
S214040A007279204944202564002573206C6962723B
S214040A1061727925732070726573656E74005A6905
S214040A20676265652050726F0042696E64696E671E
S214040A3000536563757269747920436F7265005359
S214040A4065637572697479204C696E6B204B6579A1
S214040A50730043424B45203136334B310043424BFF
S214040A604520445341205369676E00454343004381
S214040A70424B4520445341205665726966790050BE
S214040A8061636B65742056616C6964617465005AB1
S214040A904C4C0043424B45203238334B31004543DF
S214040AA043203238334B310043424B4520636F7248
S214040AB065004E4350004D756C7469206E657477FE
S214040AC06F726B00456E68616E6365642042656193
S214040AD0636F6E205265710043424B4520323833B3
S214040AE04B312044534120566572696679004D7532
S214040AF06C74692D50414E002F686F6D652F7275AA
S214040B006E6E65722F776F726B2F747579612D7A9E
S214040B1069676265652D7377697463682F74757980
S214040B20612D7A69676265652D7377697463682FCA
S214040B3073696C6162735F746F6F6C732F73696D26
S214040B40706C69636974795F73646B2F70726F7409
S214040B506F636F6C2F7A69676265652F7374616360
S214040B606B2F636F6E6669672F736C5F7A69676253
S214040B7065655F636F6E66696775726174696F6ECB
S214040B802E63002F686F6D652F72756E6E65722FFB
S214040B90776F726B2F747579612D7A6967626565F4
S214040BA02D7377697463682F747579612D7A696714
S214040BB06265652D7377697463682F73696C616207
S214040BC0735F746F6F6C732F73696D706C69636990
S214040BD074795F73646B2F70726F746F636F6C2FAE
S214040BE07A69676265652F737461636B2F667261D9
S214040BF06D65776F726B2F6165732D6563622E6307
S214040C00002F686F6D652F72756E6E65722F776F25
S214040C10726B2F747579612D7A69676265652D73B9
S214040C2077697463682F747579612D7A696762656C
S214040C30652D7377697463682F73696C6162735F7B
S214040C40746F6F6C732F73696D706C6963697479F4
S214040C505F73646B2F70726F746F636F6C2F7A6937
S214040C60676265652F737461636B2F736563757252
S214040C706974792F7A69676265652D736563757221
S214040C806974792D6D616E616765722D6E6F2D7650
S214040C9061756C742E63004572726F723A2020463A
S214040CA061696C656420746F207265616420667285
S214040CB06F6D20454550524F4D2061742030782585
S214040CC034582C207374617475733A202564004577
S214040CD04550524F4D20496E697469616C697A6556
S214040CE0643A20256300454550524F4D20427573A3
S214040CF0793A202563005061727469616C20576FDD
S214040D0072642053746F7261676520436F756E74E6
S214040D103A20256400416464726573733A2030781F
S214040D202534582C205061727469616C20576F7298
S214040D30643A203078255800636F6E6669726D6574
S214040D406400617373756D6564000A454550524FBF
S214040D504D20496E666F004E6F7420617661696C33
S214040D6061626C6520286F6C64657220626F6F74B4
S214040D706C6F6164657229005061727420446573F7
S214040D806372697074696F6E3A20202020202020D8
S214040D902020202573004361706162696C69746960
S214040DA065733A2020202020202020202020202088
S214040DB0203078253258005061676520457261738B
S214040DC0652074696D65202873293A202020202028
S214040DD02025640050617274204572617365207426
S214040DE0696D65202873293A202020202020256458
S214040DF000506172742045726173652074696D6574
S214040E0020286D73293A20202020202025640050B5
S214040E106167652073697A65202862797465732929
S214040E203A202020202020202020256C00506172AB
S214040E30742073697A6520286279746573293A2068
S214040E402020202020202020256C00576F7264204C
S214040E5073697A6520286279746573293A2020209C
S214040E6020202020202025642028257029004545A0
S214040E7050524F4D20696E69743A203078255800D8
S214040E802F686F6D652F72756E6E65722F776F7231
S214040E906B2F747579612D7A69676265652D737732
S214040EA0697463682F747579612D7A6967626565FC
S214040EB02D7377697463682F73696C6162735F74EA
S214040EC06F6F6C732F73696D706C69636974795F87
S214040ED073646B2F7574696C2F706C7567696E2FED
S214040EE0706C7567696E2D636F6D6D6F6E2F6565BB
S214040EF070726F6D2F656570726F6D2E6300556E20
S214040F0061626C6520746F20626F6F7420696D6116
S214040F10676520617420736C6F7420256C640A0006
S214040F20536C6F74204D616E6167657220666169EB
S214040F306C656420746F20657261736520736C6FD2
S214040F40740A004D61782072656164206C696D696D
S214040F50742073657420746F202564206279746528
S214040F60730A004164647265737320202020202075
S214040F7020202020446174610A00307825346C787F
S214040F8020202020202020307825780A0046616919
S214040F906C656420746F20726561642066726F6D80
S214040FA020666C6173680A00536C6F7420256C6449
S214040FB00A20204164647265737320202020203A3E
S214040FC020307825346C580A20204C656E67746887
S214040FD02020202020203A20307825346C582028E1
S214040FE0256C64206279746573290A00202054797C
S214040FF0706520202020202020203A20004E6F20DC
S21404100047424C2070726573656E740A005A6967AD
S2140410104265650A005468726561640A00436F6E2F
S2140410206E6563740A00426C7565746F6F74680A43
S21404103000426C7565746F6F7468206170706C69BB
S214041040636174696F6E0A004D43550A004F7468F5
S214041050657220283078256C58290A0020205665A9
S2140410607273696F6E20202020203A203078256C19
S214041070580A0020204361706162696C697469656E
S214041080733A20307825346C580A00202050726F4A
S2140410906475637420494420203A2000307825582B
S2140410A02000536C6F74204D616E616765723A2040
S2140410B06661696C656420746F20696E6974696121
S2140410C06C697A6520626F6F746C6F6164657220F8
S2140410D0286572726F72203078253478290A005693
S2140410E0657273696F6E20202020203A2025640ADA
S2140410F0005061727420202020202020203A2025D1
S214041100730A004361706162696C69746965733A55
S21404111020307825780A00506172742073697A65E5
S2140411202020203A20256420420A0050616765206A
S21404113073697A652020203A20256420420A0057E5
S2140411406F72642073697A652020203A2025642013
S214041150420A00536C6F7473202020202020203A0B
S2140411602025640A004661696C656420746F2072E9
S2140411706561642066726F6D2073746F7261676553
S21404118020666C61736820286572726F722025640D
S214041190290A00496E76616C696420736C6F74204A
S2140411A0256420286D617820736C6F74202564296B
S2140411B00A004661696C656420746F206765742054
S2140411C0696E666F20666F7220736C6F7420256478
S2140411D00A00536C6F74204D616E616765723A2025
S2140411E0736C6F74207772697465206661696C75B8
S2140411F072652E2041646472657373206F6666732D
S21404120065742028256429202B207772697465204C
S2140412106C656E677468202825642920677265618A
S214041220746572207468616E20746F74616C2073C8
S2140412306C6F74206C656E67746820282564290AB0
S21404124000536C6F74204D616E6167657220776120
S214041250726E696E673A20736C6F74202564206C16
S214041260656E6774682028256429206E6F74206173
S2140412706C69676E656420746F207061676520739F
S214041280697A6520282564292E2054686520656EB1
S2140412907469726520736C6F742077696C6C206E49
S2140412A06F74206265206572617365642E0A00534C
S2140412B06C6F74204D616E616765723A2066616971
S2140412C06C656420746F20657261736520256420E4
S2140412D0627974657320696E20736C6F742025645C
S2140412E020617420616464726573732030782534D9
S2140412F07820286572726F722030782578290A0063
S2140413004572617365642025642062797465732070
S214041310696E20736C6F742025640A004661696CDC
S214041320656420746F2073657420736C6F74207406
S2140413306F20626F6F7420286572726F7220307827
S214041340253478290A004661696C656420746F2028
S214041350736574206C697374206F6620736C6F7485
S2140413607320746F20626F6F7420286572726F72B8
S214041370203078253478290A004661696C65642033
S214041380746F20676574206E6577206C69737420AB
S2140413906F6620736C6F747320746F20626F6F7443
S2140413A020286572726F72203078253478290A00F6
S2140413B0426567696E6E696E6720696D6167652050
S2140413C0766572696669636174696F6E2E2E2E0087
S2140413D02E6661696C65642120284572726F7220DE
S2140413E03078253478290A002E7061737365642179
S2140413F020426F6F74696E6720736C6F7420256467
S2140414000A00666E692B00666E69006E616E006681
S2140414106E692D006C696273006273656E64007297
S21404142065736574007261770073656E645F6D75CD
S2140414306C7469636173740073656E642D75736987
S2140414406E672D6D756C7469636173742D62696E55
S21404145064696E670074696D6573796E63006765A9
S214041460742D7074692D726164696F2D636F6E6676
S214041470696700636F6E6669672D6363612D6D6FC0
S2140414806465006576656E7473007365637572696A
S2140414907479007A69676265655F7072696E740054
S2140414A0706C7567696E006E6574006B65797300A1
S2140414B06F7074696F6E00706C7567006368616E38
S2140414C067656B6579006368616E67656B007A644F
S2140414D06F007072696E742072656C617465642046
S2140414E0636F6D6D616E64732E0061747472005A5E
S2140414F0646F2072656C6174656420636F6D6D61E2
S2140415006E64732E00726F75746500706F77657203
S214041510006D676D742D6C7169006D676D742D6256
S214041520696E64006E6F64650073696D706C650047
S2140415306965656500756E62696E64006E776B2D0D
S214041540757064006F75742D636C2D6C697374000C
S214041550696E2D636C2D6C697374005A646F206910
S2140415606E2D636C2D6C6973742072656C61746582
S2140415706420636F6D6D616E64732E005A646F2011
S2140415806F75742D636C2D6C6973742072656C6151
S21404159074656420636F6D6D616E64732E005A64A7
S2140415A06F206E776B2D7570642072656C61746540
S2140415B06420636F6D6D616E64732E007363616E79
S2140415C02D6368616E2D6D61736B007363616E00CD
S2140415D06368616E5067006368616E005A646F20CA
S2140415E0756E62696E642072656C617465642063EE
S2140415F06F6D6D616E64732E00756E6963617374CE
S214041600006368616E67656B65792072656C6174EA
S214041610656420636F6D6D616E64732E006C696E15
S2140416206B004F7074696F6E2072656C61746564CC
S21404163020636F6D6D616E64732E007265676973E7
S214041640746572006469736300696E7374616C6CAC
S2140416502D636F64650062696E64696E672D7461DC
S214041660626C65007072696E742D72782D6D736786
S21404167073006170737265747279004150532072FE
S2140416806574727920666C616720666F7263652084
S214041690636F6D6D616E647300456E61626C657335
S2140416A02F44697361626C6573207072696E746925
S2140416B06E67206F66205278206D65737361676568
S2140416C0732E00656E61626C650042696E64696EB5
S2140416D067207461626C652072656C617465642051
S2140416E0636F6D6D616E64732E0053656375726906
S2140416F07479206B6579732072656C6174656420F7
S214041700636F6D6D616E64732E0064656C657465DD
S214041710004E6574776F726B2072656C61746564D5
S21404172020636F6D6D616E64732E00666F726D005C
S21404173072656A6F696E2D646966662D646576697E
S21404174063652D747970650065787470616E69647C
S2140417500069736F70656E0062726F61642D706AE3
S2140417606F696E006368616E67652D6368616E6E8F
S214041770656C00696E6974006368616E67652D6BDD
S2140417806565702D616C6976652D6D6F6465007492
S214041790696D656F75742D6F7074696F6E2D6D61EC
S2140417A0736B006D756C74692D7068792D73746134
S2140417B07274006D756C74692D7068792D73746F0E
S2140417C0700066696E64006E6574776F726B20666F
S2140417D0696E6420636F6D6D616E64732E006A6F4C
S2140417E0696E61626C6500756E7573656400736C12
S2140417F06F742D6D616E6167657200636F756E74CC
S21404180065727300656E642D6465766963652D7311
S2140418107570706F72740066696E642D616E642DE7
S21404182062696E6400667261676D656E7461746980
S2140418306F6E0067726F7570732D7365727665725E
S214041840006E6574776F726B2D7374656572696E5E
S21404185067006F74612D626F6F746C6F6164006FE4
S21404186074612D636C69656E74006F74612D737496
S2140418706F726167652D636F6D6D6F6E006F746157
S2140418802D73746F726167652D656570726F6D0078
S21404189069646C652D736C6565700075706461743D
S2140418A0652D74632D6C696E6B2D6B657900757090
S2140418B0646174652D74632D6C696E6B2D6B65792C
S2140418C02072656C6174656420636F6D6D616E640F
S2140418D0730074696D6572006E6F7700436F6D6D8B
S2140418E0616E647320746F20636F6E74726F6C2005
S2140418F069646C696E672F736C656570696E6720C2
S2140419006F66207468652064657669636500666F33
S2140419107263652D6177616B65006177616B652D18
S2140419207768656E2D6E6F742D6A6F696E656400D8
S2140419307265706F7274696E672072656C61746527
S2140419406420636F6D6D616E64732E00636C6561F5
S214041950722D6C6173742D7265706F72742D746958
S2140419606D6500746573742D74696D696E67006FB8
S21404197074612D73746F726167652D656570726F1F
S2140419806D2072656C6174656420636F6D6D616E45
S21404199064732E0077697065006F74612D73746FBD
S2140419A0726167652D636F6D6D6F6E2072656C6115
S2140419B074656420636F6D6D616E64730070726924
S2140419C06E74496D616765730072656C6F6164005F
S2140419D073746F726167652D696E666F00646174F7
S2140419E0612D7072696E74006F74612D636C696525
S2140419F06E742072656C6174656420636F6D6D61CE
S214041A006E64732E0076657269667900626C6F6325
S214041A106B2D7465737400706167652D72657175DE
S214041A2065737400757067726164652D726571758F
S214041A306573740064697361626C652D646F776E98
S214041A4067726164657300656E61626C652D646FB0
S214041A50776E677261646573006F74612D626F6F71
S214041A60746C6F61642072656C6174656420636F66
S214041A706D6D616E6473006E6574776F726B2D7333
S214041A8074656572696E672072656C61746564203E
S214041A90636F6D6D616E64732E007072652D636F77
S214041AA06E666967757265642D6B65792D736574EA
S214041AB0006D61736B2072656C6174656420636F7E
S214041AC06D6D616E642E007375627472616374006A
S214041AD067726F7570732D736572766572207265A2
S214041AE06C6174656420636F6D6D616E64732E0043
S214041AF0667261676D656E746174696F6E20726577
S214041B006C6174656420636F6D6D616E64732E0022
S214041B107365742D72782D77696E646F772D73698B
S214041B207A65006172746966696369616C2D626CBA
S214041B306F636B2D64726F700046696E6420616E0D
S214041B40642062696E642072656C617465642063E7
S214041B506F6D6D616E64732E00696E69746961746D
S214041B606F7200656E642D6465766963652D7375A2
S214041B7070706F72742072656C6174656420636F34
S214041B806D6D616E64732E00706F6C6C2D636F6D7B
S214041B90706C657465642D63616C6C6261636B0064
S214041BA0666F7263652D73686F72742D706F6C6CDC
S214041BB000656E61626C655F74797065007374614C
S214041BC0636B00617070007A636C006C65676163B8
S214041BD0795F61665F646562756700636F756E74CE
S214041BE06572732072656C6174656420636F6D6DD5
S214041BF0616E64732E007072696E742D636F756EF9
S214041C007465722D747970650073696D706C652DDA
S214041C107072696E74007072696E742D7468726581
S214041C2073686F6C6473007365742D74687265737F
S214041C30686F6C640072657365742D74687265737E
S214041C40686F6C64730073656E642D726571756578
S214041C5073740073656375726974792072656C6158
S214041C6074656420636F6D6D616E64730073657470
S214041C702D616C6C6F772D74727573742D63656E3D
S214041C807465722D72656A6F696E2D7573696E67F9
S214041C902D77656C6C2D6B6E6F776E2D6B6579008A
S214041CA07365742D616C6C6F772D74727573742DF7
S214041CB063656E7465722D72656A6F696E2D7573D1
S214041CC0696E672D77656C6C2D6B6E6F776E2D6BFA
S214041CD065792D74696D656F7574007365742D6B05
S214041CE065792D726571756573742D706F6C696393
S214041CF079006D66672D746F6B656E006170730096
S214041D005365637572697479206170732072656CAB
S214041D106174656420636F6D6D616E64732E004735
S214041D2065742F736574204D464720746F6B656E1B
S214041D302E00656E64706F696E742072656C6174D3
S214041D40656420636F6D6D616E64732E00656570E7
S214041D50726F6D207574696C6974792072656C6134
S214041D6074656420636F6D6D616E647300536C6F8D
S214041D7074204D616E616765722072656C6174656E
S214041D806420636F6D6D616E647300626F6F742D93
S214041D90736C6F740065726173652D736C6F740079
S214041DA06578742D666C6173682D696E666F007352
S214041DB06C6F74732D696E666F005072696E7473FF
S214041DC02074696D652E005072696E747320617498
S214041DD0747269627574652E00436C656172732053
S214041DE0746865205A444F206C697374206F6620AB
S214041DF0636C69656E742028696E2920636C75733C
S214041E00746572732E004164647320636C75737416
S214041E1065727320746F20746865206B6E6F776EBE
S214041E2020636C69656E742028696E2920636C755E
S214041E307374657273206F6E2074686973206465AA
S214041E40766963652E00436C6561727320746865F9
S214041E50205A444F206C697374206F6620636C6943
S214041E60656E7420286F75742920636C75737465A9
S214041E7072732E004164647320636C7573746572A8
S214041E807320746F20746865206B6E6F776E2063A2
S214041E906C69656E7420286F75742920636C75737D
S214041EA074657273206F6E20746869732064657637
S214041EB06963652E0053656E647320616E207570C9
S214041EC064617465206368616E6E656C207265710A
S214041ED0756573742E006368616E6E656C1F0053BF
S214041EE0656E647320616E2075706461746520632A
S214041EF068616E6E656C2070616765207265712E10
S214041F002054686520737461636B2073656E647314
S214041F10206E776B20656E68616E636564207570ED
S214041F20646174652072657120666F72206E6F6ED0
S214041F302D7A65726F20706167652E006368616E26
S214041F406E656C1F706167651F00506572666F7200
S214041F506D7320616E20656E6572677920736361A8
S214041F606E2E007461726765744E6F646549641FF3
S214041F707363616E4475726174696F6E1F73636117
S214041F806E436F756E741F0042726F616463617393
S214041F90747320746865204944206F6620746865ED
S214041FA0206E6577206E6574776F726B206D616E38
S214041FB06167657220616E6420616374697665206A
S214041FC06368616E6E656C732E006E776B4D676525
S214041FD049641F6368616E6E656C4D61736B1F00A8
S214041FE0506572666F726D7320616E20656E6572E1
S214041FF06779207363616E206F6E20676976656EFD
S214042000206368616E6E656C206D61736B2E007460
S21404201061726765744E6F646549641F7363616EAD
S2140420204475726174696F6E1F7363616E436F7576
S2140420306E741F6368616E6E656C4D61736B1F0012
S21404204053656E64732061206E6574776F726B20BF
S2140420506164647265737320726571756573742048
S214042060666F722074686520676976656E204945D8
S214042070454520616464726573732E006965656501
S2140420801F00526571756573747320616E2049452F
S2140420904545206164647265737320626173656488
S2140420A0206F6E206120676976656E206E6F6465AA
S2140420B02049442E006E6F646549641F0053656EA4
S2140420C0647320612073696D706C65206465736346
S2140420D0726970746F7220726571756573742066A8
S2140420E06F72207468652073686F7274206164640C
S2140420F07265737320616E6420656E64706F696EBA
S21404210074207370656369666965642E006465731C
S214042110741F746172676574456E64706F696E745B
S2140421201F0053656E64732061206D617463684498
S214042130657363726970746F7273526571756573D3
S2140421407420746F2074686520676976656E2064F1
S214042150657374696E6174696F6E2077697468203C
S21404216074686520676976656E2070726F66696C40
S214042170652E006E6F646549641F70726F66696CC5
S214042180651F0053656E64732061206E6F6465205E
S21404219064657363726970746F72207265717565B5
S2140421A0737420746F206120676976656E2074618D
S2140421B072676574206465766963652E007461725F
S2140421C06765741F0053656E64732061205A444F1C
S2140421D02042696E6420636F6D6D616E6420746F57
S2140421E0206120646576696365207370656369663B
S2140421F069656420696E2074686520636F6D6D611F
S2140422006E6420617267756D656E74732E00446526
S2140422107374696E6174696F6E1F536F757263654C
S21404222020656E64706F696E741F44657374696E9E
S2140422306174696F6E20656E64706F696E741F6377
S2140422406C757374657249441F72656D6F74654569
S214042250554936341F6465737445554936341F0032
S21404226053656E647320616E2061637469766520BD
S214042270656E64706F696E742072657175657374CB
S21404228020746F20746865206465766963652077BA
S2140422906974682074686520676976656E2073685B
S2140422A06F72742049442E0053656E647320616E09
S2140422B020756E62696E642072657175657374202C
S2140422C0666F72206120756E69636173742062693B
S2140422D06E64696E6720746F20746865207461721A
S2140422E0676574206465766963652E007461726739
S2140422F065741F736F757263652065756936341F60
S214042300736F7572636520656E64706F696E741F93
S214042310636C757374657249441F64657374696E7F
S2140423206174696F6E45554936341F646573746904
S2140423306E6174696F6E20656E64706F696E741F6B
S2140423400053656E647320616E20756E62696E64F8
S214042350207265717565737420666F722061206DD6
S214042360756C7469636173742062696E64696E6700
S21404237020746F20746865207461726765742064C5
S21404238065766963652E007461726765741F736F82
S214042390757263652065756936341F736F7572636D
S2140423A06520656E64706F696E741F636C757374F4
S2140423B0657249441F67726F757041646472657311
S2140423C0731F0053656E64732061205A444F204D7A
S2140423D0616E6167656D656E74204C656176652017
S2140423E0636F6D6D616E6420746F2074686520740D
S2140423F06172676574206465766963652E0074612E
S214042400726765741F72656D6F76654368696C6480
S21404241072656E1F72656A6F696E1F0053656E641F
S214042420732061205A444F204D474D542D42696E07
S21404243064202842696E64696E67205461626C6524
S21404244029205265717565737420746F20746865ED
S21404245020746172676574206465766963652E000E
S2140424607461726765741F7374617274496E64650F
S214042470781F0053656E64732061205A444F204DC4
S214042480474D542D4C514920284C514920546162E3
S2140424906C6529205265717565737420746F207499
S2140424A0686520746172676574206465766963651F
S2140424B02E0053656E64732061205A444F20506F7B
S2140424C07765722044657363726970746F72205204
S2140424D065717565737420746F2074686520746103
S2140424E072676574206465766963652E0053656E4D
S2140424F064732061205A444F20726F75746520728D
S21404250065717565737420636F6D6D616E64207498
S2140425106F20746865207461726765742E00746138
S214042520726765741F696E6465781F00696E6465FA
S214042530781F65756936341F696E7374616C6C43F5
S2140425406F64651F00696E6465781F657569363447
S2140425501F6B65791F005443206C696E6B206B6596
S21404256079207265717565737420706F6C69637910
S2140425701F417070206C696E6B206B6579207265E4
S214042580717565737420706F6C6963791F00426F90
S2140425906F6C3A20616C6C6F77207472757374205C
S2140425A063656E7465722072656A6F696E207573F2
S2140425B0696E672077656C6C2D6B6E6F776E206B1B
S2140425C065791F0070726F66696C6549641F636C79
S2140425D0757374657249641F007461726765744923
S2140425E0641F00456E61626C6573207072696E7458
S2140425F0696E67206F66205278206D657373616715
S21404260065732E0053657473207468652062696E62
S21404261064696E67207461626C6500696E646578CF
S2140426201F636C75737465721F6C6F63616C4570A1
S2140426301F72656D6F746545701F65756936341F46
S21404264000436C65617273207468652062696E6409
S214042650696E67207461626C652E005072696E74D0
S21404266073207468652062696E64696E672074619D
S214042670626C6520746F2074686520636F6D6D618D
S2140426806E64206C696E652E00436C6561727320FF
S214042690616C6C207365637572697479206B6579F7
S2140426A0732E0044656C65746520746865207370C9
S2140426B065636966696564206C696E6B206B657911
S2140426C020696E6465782E005072696E747320619A
S2140426D06C6C207365637572697479206B657973A5
S2140426E02E005465726D696E617465732074686536
S2140426F0206D756C74692D50485920696E74657226
S21404270066616365005573656420746F2073746135
S2140427107274206D756C74692D50485920696E74F6
S214042720657266616365206F74686572207468619B
S2140427306E206E617469766520616E6420666F72C1
S2140427406D20746865206E6574776F726B2E2054E6
S214042750686520737461636B207573657320736199
S2140427606D652050616E4964206173206E617469E2
S214042770766520726164696F206E6574776F726B1C
S2140427802E00706167651F6368616E6E656C1F70EE
S2140427906F7765721F6F7074696F6E734D61736BBC
S2140427A020284269742030203D20526F757465726B
S2140427B07320616C6C6F7765642C204269742031D9
S2140427C0203D2042726F61646361737420616C6C97
S2140427D06F776564291F00417474656D7074732087
S2140427E0746F206368616E6765207468652063682B
S2140427F0696C642074696D656F7574206F70746994
S2140428006F6E206D61736B20746F2066696C7465DF
S21404281072206F757420756E646573697261626C7C
S214042820652076616C7565732028652E672E206E8C
S2140428306F206D6F7265207468616E20332064614A
S2140428407973292E0074696D656F7574206F7074C2
S214042850696F6E206D61736B1F00537769746368CC
S2140428606573206265747765656E2064696666655F
S21404287072656E74206B65657020616C6976652080
S2140428806D6F64657320737570706F727465642001
S2140428906279206120726F757465722E004B6565CF
S2140428A07020616C697665206D6F64651F005072D8
S2140428B0696E7473207468652063757272656E74CD
S2140428C0204E6F64652049442C2045554936342CE7
S2140428D020616E642050616E2049442E00496E6962
S2140428E07469616C697A65732061206E6574776FAC
S2140428F0726B3B2074686973206973206120746569
S214042900737420636F6D6D616E64207573656420E7
S214042910666F722074632D737761702D6F757420E3
S21404292074657374696E672E0053657473207468D7
S21404293065206E6574776F726B20696E64657820A7
S2140429407573656420627920616C6C206675747595
S214042950726520434C4920636F6D6D616E64732EFF
S21404296020204265666F72652065786563757469B4
S2140429706E67206120434C4920636F6D6D616E6401
S2140429802C20746865206672616D65776F726B20A3
S214042990737769746368657320746F2074686973E9
S2140429A0206E6574776F726B2E2020416674657294
S2140429B02074686520636F6D6D616E642066696E51
S2140429C0697368657320657865637574696E672CCA
S2140429D020746865206672616D65776F726B20730C
S2140429E077697463686573206261636B20746F2013
S2140429F07468652070726576696F7573206E657489
S214042A00776F726B2E202054686520434C492075DE
S214042A10736573207468652073616D65206E6574D4
S214042A20776F726B20696E64657820756E74696C56
S214042A3020746865206465766963652072657365CD
S214042A407473206F72206974206973206368616EE2
S214042A50676564207468726F756768207468697344
S214042A6020636F6D6D616E642E00417474656D70C5
S214042A70747320746F206368616E6765206465767E
S214042A80696365206F76657220746F2061206469BF
S214042A9066666572656E74206368616E6E656C202A
S214042AA0676976656E20696E207468652063686160
S214042AB06E6E656C20617267756D656E742E00545B
S214042AC06865206368616E6E656C20746F20636849
S214042AD0616E676520746F1F0066696E64556E7557
S214042AE073656450616E49640066696E644A6F6912
S214042AF06E61626C654E6574776F726B00506572BA
S214042B006D697473206A6F696E696E67206F6E20D4
S214042B10746865206E6574776F726B20666F7220BA
S214042B206120676976656E206E756D626572206FCA
S214042B3066207365636F6E647320414E4420627230
S214042B406F616463617374732061205A444F204D2F
S214042B50676D74205065726D6974204A6F696E697A
S214042B606E67207265717565737420746F20616C6E
S214042B706C20726F75746572732E00412073696ED3
S214042B80676C65206279746520696E646963617434
S214042B90696E6720686F77206C6F6E67207468654F
S214042BA0206465766963652073686F756C64206855
S214042BB0617665207065726D6974206A6F696E69E6
S214042BC06E67207475726E6564206F6E20666F7211
S214042BD02E20412076616C7565206F6620307866FD
S214042BE066207475726E73206F6E207065726D69E0
S214042BF074206A6F696E20696E646566696E6974AE
S214042C00656C792E1F00436865636B73206E65746C
S214042C10776F726B20706A6F696E20737461747557
S214042C20732E00577269746573207468652065781E
S214042C3074656E6465642070616E20494420666F16
S214042C407220746865206465766963652E0065780D
S214042C507470616E69641F0052656A6F696E7320D2
S214042C60616E206578697374696E67206E65747723
S214042C706F726B20696E20612073656375726520C0
S214042C806F7220696E736563757265206D616E6E12
S214042C906572207769746820612064696666657267
S214042CA0656E742064657669636520747970652E34
S214042CB000426F6F6C65616E206E6574776F726B21
S214042CC0206B657920617661696C6162696C6974F0
S214042CD0791F4368616E6E656C206D61736B1F416E
S214042CE06E20656E756D65726174696F6E20696EAF
S214042CF06469636174696E672074686520646576C8
S214042D00696365207479706520746F2072656A6FD4
S214042D10696E2061732E54686520737461636B203A
S214042D206F6E6C79206163636570747320534C5FB7
S214042D305A49474245455F454E445F4445564943D4
S214042D404520616E6420534C5F5A49474245455FAF
S214042D50534C454550595F454E445F444556494398
S214042D60452E1F0052654A6F696E732061206E659A
S214042D7074776F726B2E00426F6F6C65616E206E97
S214042D806574776F726B206B657920617661696C08
S214042D906162696C6974791F4368616E6E656C2044
S214042DA06D61736B1F004C65617665732061206EE0
S214042DB06574776F726B2E005475726E732070652F
S214042DC0726D6974206A6F696E696E67206F6E2013
S214042DD0666F722074686520616D6F756E74206FFF
S214042DE0662074696D6520696E64696361746564E0
S214042DF02E00412073696E676C65206279746520C5
S214042E00696E6469636174696E6720686F77206CA5
S214042E106F6E6720746865206465766963652073E1
S214042E20686F756C642068617665207065726D697C
S214042E3074206A6F696E696E67207475726E206F8F
S214042E406E20666F722E20412076616C7565206F49
S214042E50662030786666207475726E7320706572AC
S214042E606D6974206A6F696E20696E646566696E42
S214042E706974656C792E1F004A6F696E7320612031
S214042E806E6574776F726B206F6E2061206769764B
S214042E90656E206368616E6E656C2C207769746855
S214042EA0206120676976656E20545820506F7765D8
S214042EB07220616E642050414E2049442E005468AE
S214042EC065206368616E6E656C206F6E2077686936
S214042ED0636820746F206A6F696E20746865206E5C
S214042EE06574776F726B1F4F6E652D6279746520FB
S214042EF07369676E65642076616C756520696E64B7
S214042F0069636174696E672074686520545820503C
S214042F106F776572207468617420746865207261C6
S214042F2064696F2073686F756C64206265207365CE
S214042F307420746F1F5468652050414E2049442005
S214042F406F6E20776869636820746F206A6F696E95
S214042F5020746865206E6574776F726B1F00466F09
S214042F60726D732061206E6574776F726B206F6E5E
S214042F70206120676976656E206368616E6E656C95
S214042F802C2077697468206120676976656E205402
S214042F905820506F77657220616E642050414E2031
S214042FA049442E00546865206368616E6E656C2023
S214042FB06F6E20776869636820746F20666F726D21
S214042FC020746865206E6574776F726B1F4F6E652C
S214042FD02D62797465207369676E65642076616C0A
S214042FE0756520696E6469636174696E67207468C8
S214042FF06520545820506F77657220746861742079
S21404300074686520726164696F2073686F756C6498
S2140430102062652073657420746F1F5468652050A1
S214043020414E204944206F6E207768696368207497
S2140430306F20666F726D20746865206E6574776F96
S214043040726B1F005468697320696E6974696174D1
S214043050657320612054434C4B207570646174651D
S2140430602070726F6365647572652E0053706563B5
S2140430706966792074686520616D6F756E74206F5B
S214043080662074696D6520746F20776169742061A9
S21404309066746572206F6E652054434C4B207570C1
S2140430A064617465206F7065726174696F6E206305
S2140430B06F6D706C65746573206265666F726520EB
S2140430C0626567696E6E696E672061206E6577203B
S2140430D054434C4B20757064617465206F70657240
S2140430E06174696F6E2E0054686520616D6F756E2D
S2140430F074206F662074696D6520626574776565F3
S2140431006E2073756273657175656E74207472755E
S21404311073742063656E746572206C696E6B206BC5
S2140431206579207570646174657320696E206D69B5
S2140431306C6C697365636F6E64731F0053657420EB
S2140431406F7220636C656172207374617920617795
S214043150616B65207768656E206E6F74206A6F6990
S2140431606E656400536574206F7220636C656172CB
S21404317020666F726365206177616B6500446973CE
S214043180706C61792074686520736C656570207353
S214043190746174757300464F522054455354494E17
S2140431A04720505552504F534553202D2067617485
S2140431B06865722074696D696E67206D65747269DE
S2140431C0637320666F72207265706F7274696E67BF
S2140431D0207461626C65206F7065726174696F6ECD
S2140431E0732E00436C6561727320746865206C618D
S2140431F07374207265706F72742074696D65206FC5
S2140432006620617474726962757465732E00416415
S21404321064732061206E657720656E7472792074FD
S2140432206F20746865207265706F727420746162B2
S2140432306C652E00546865206C6F63616C20656E47
S21404324064706F696E742066726F6D207768696348
S2140432506820746865206174747269627574652088
S2140432606973207265706F727465641F5468652094
S214043270636C75737465722077686572652074680C
S2140432806520617474726962757465206973206C54
S2140432906F63617465641F546865204944206F66D3
S2140432A0207468652061747472696275746520623E
S2140432B065696E67207265706F727465641F30206E
S2140432C0666F7220636C69656E742D73696465201D
S2140432D061747472696275746573206F722031202C
S2140432E0666F72207365727665722D7369646520E5
S2140432F0617474726962757465731F546865206DB1
S214043300696E696D756D207265706F7274696E672B
S21404331020696E74657276616C2C206D65617375B8
S21404332072656420696E207365636F6E64732E1F06
S214043330546865206D6178696D756D207265706F6F
S2140433407274696E6720696E74657276616C2C207F
S2140433506D6561737572656420696E207365636F4D
S2140433606E64732E1F546865206D696E696D756D85
S214043370206368616E676520746F207468652061D9
S21404338074747269627574652074686174207769F0
S2140433906C6C20726573756C7420696E2061207283
S2140433A065706F7274206265696E672073656E74EB
S2140433B02E1F0052656D6F76657320616E20656EF4
S2140433C07472792066726F6D2074686520726570F9
S2140433D06F7274207461626C652E0054686520698F
S2140433E06E646578206F6620746865207265706FF9
S2140433F0727420746F2062652072656D6F766564E2
S2140434001F00436C6561727320616C6C20656E747A
S214043410726965732066726F6D20746865207265C4
S214043420706F7274207461626C652E005072696EDF
S214043430747320746865207265706F72742074618A
S214043440626C652E00576970657320616C6C20642D
S21404345061746120696E207468652073746F72618C
S2140434606765206465766963652E005072696E74BC
S214043470732061726269747261727920627974650C
S21404348073206F6620746865204F544120696D610F
S2140434906765206F6E206469736B2E005468652020
S2140434A0696E646578206F662074686520696D614E
S2140434B0676520746F207072696E74206974732057
S2140434C0646174611F546865206F66667365742052
S2140434D0696E746F20746865204F544120696D616D
S2140434E0676520746861742077696C6C2062652057
S2140434F07072696E7465641F005072696E7473200E
S214043500696E666F726D6174696F6E2061626F7545
S21404351074207468652073746F72616765206465CF
S214043520766963652E0052656C6F61642074686505
S2140435302073746F72616765206465766963652EAF
S2140435400044656C657465732074686520696D61F4
S21404355067652061742074686520737065636966A6
S21404356069656420696E6465782E00546865206910
S2140435706E64657820617420776869636820746F68
S21404358020626567696E2064656C6574696E672081
S21404359074686520696D6167651F005072696E7492
S2140435A0732074686520696D616765732E00456EC7
S2140435B061626C6573204F544120646F776E677246
S2140435C0616465732E0044697361626C6573204F91
S2140435D0544120646F776E6772616465732E00537E
S2140435E0656E647320616E2055706772616465450C
S2140435F06E645265717565737420746F20616E20F5
S2140436004F5441207365727665722E0043616E20B6
S2140436106265207573656420746F2064796E616DCD
S2140436206963616C6C79207475726E206F666620AF
S21404363073656E64696E6720706167652072657174
S2140436407565737473206F6E2074686520636C6987
S214043650656E7420736964652C20696620746865D9
S2140436602073657276657220646F65736E277420A6
S214043670737570706F727420746869732066656100
S214043680747572652E00426F6F6C65616E2076618C
S2140436906C7565207475726E696E67206F6E20286F
S2140436A03129206F72206F666620283029207468BE
S2140436B06520706167652072657175657374206630
S2140436C06C61671F0053656E647320616E20696DBC
S2140436D061676520626C6F636B20726571756573D4
S2140436E07420666F7220612066696C652074686554
S2140436F0207365727665722073686F756C64206ECD
S2140437006F7420686176652E202054657374206873
S21404371061726E657373206F6E6C7920287465739E
S21404372074206361736520392E352E36202D204D86
S214043730697373696E672046696C652900507269FF
S2140437406E747320696E666F726D6174696F6E2035
S2140437506F6E207468652063757272656E7420736C
S21404376074617465206F6620746865204F54412028
S214043770636C69656E7420646F776E6C6F61642E1B
S2140437800053746F707320746865204F544120731F
S21404379074617465206D616368696E652E00537488
S2140437A06172747320746865204F544120636C6999
S2140437B0656E74207374617465206D616368696EE8
S2140437C0652E20546865207374617465206D61638A
S2140437D068696E6520646973636F766572732074B6
S2140437E06865204F5441207365727665722C20718B
S2140437F075657269657320666F72206E65772069D9
S2140438006D616765732C20646F776E6C6F6164738B
S2140438102074686520696D6167657320616E642035
S214043820776169747320666F7220746865207365A7
S2140438307276657220636F6D6D616E6420746F209E
S214043840757067726164652E005072696E747320B9
S214043850746865206D616E756661637475726572F1
S2140438602049442C20496D61676520547970652091
S21404387049442C20616E642056657273696F6E200D
S214043880696E666F726D6174696F6E2074686174B8
S214043890206172652075736564207768656E2061A3
S2140438A0207175657279206E65787420696D61671C
S2140438B0652069732073656E7420746F2074686560
S2140438C02073657276657220627920746865206359
S2140438D06C69656E742E00506572666F726D732027
S2140438E07369676E61747572652076657269666958
S2140438F0636174696F6E206F6E2074686520696DED
S21404390061676520617420746865207370656369F7
S2140439106669656420696E6465782E00546865205F
S214043920696E6465782061742077686963682074BA
S2140439306F20626567696E20766572696669636181
S21404394074696F6E206F662074686520696D6167A0
S214043950651F00426F6F746C6F61647320746865D2
S21404396020696D61676520617420746865207370D2
S2140439706563696669656420696E64657820627942
S2140439802063616C6C696E6720746865204F5441CF
S21404399020626F6F746C6F61642063616C6C62612B
S2140439A0636B2E0054686520696E646578206174C4
S2140439B020776869636820746F20626567696E2083
S2140439C0626F6F746C6F6164696E672074686520DB
S2140439D0696D6167651F005072696E747320696E45
S2140439E0666F2061626F75742074686520696E73F3
S2140439F074616C6C656420626F6F746C6F6164656F
S214043A00722E00537562747261637473206120634E
S214043A1068616E6E656C2066726F6D206569746889
S214043A20657220746865207072696D617279206FA2
S214043A3072207365636F6E64617279206368616E69
S214043A406E656C206D61736B206F662074686520EC
S214043A506E6574776F726B2D7374656572696E67C5
S214043A6020636F6D706F6E656E742E0054686520EB
S214043A706368616E6E656C206D61736B20746F2075
S214043A807375627472616374207468652063686118
S214043A906E6E656C2066726F6D1F54686520636871
S214043AA0616E6E656C20746F2073756274726163E8
S214043AB07420746865206D61736B2066726F6D1F69
S214043AC000416464732061206368616E6E656C20D7
S214043AD0746F2065697468657220746865207072F6
S214043AE0696D617279206F72207365636F6E6461AD
S214043AF07279206368616E6E656C206D61736B20ED
S214043B006F6620746865206E6574776F726B2D73AC
S214043B1074656572696E6720636F6D706F6E656E2F
S214043B20742E00546865206368616E6E656C206D43
S214043B3061736B20746F2061646420612063686124
S214043B406E6E656C20746F1F546865206368616EC2
S214043B506E656C20746F2061646420746F207468D2
S214043B6065206D61736B1F005365747320656974FB
S214043B7068657220746865207072696D6172792058
S214043B806F72207365636F6E646172792063686117
S214043B906E6E656C206D61736B2E005468652063D1
S214043BA068616E6E656C206D61736B20746F207334
S214043BB07562747261637420746865206368616EEC
S214043BC06E656C2066726F6D1F5468652076616C36
S214043BD0756520746F207365742074686520636847
S214043BE0616E6E656C206D61736B20746F2E1F00A2
S214043BF05365747320746865207072652D636F6EE8
S214043C0066696775726564206B657920736F2074C6
S214043C1068617420746865206A6F696E696E6720CF
S214043C206465766963652063616E20656E7465728B
S214043C3020746865206E6574776F726B2E0053650A
S214043C4074732074686520707265636F6E66696746
S214043C5075726564206B65791F0053746F707320EA
S214043C60746865206E6574776F726B20737465650F
S214043C7072696E672070726F636573732E00537477
S214043C806172747320746865206E6574776F726BE6
S214043C90207374656572696E672070726F636573EE
S214043CA0732E0041206D61736B206F66206F7074F5
S214043CB0696F6E7320666F7220696E6469636174DF
S214043CC0696E6720737065636966696320626568F8
S214043CD06176696F722077697468696E20746865A6
S214043CE0206E6574776F726B2D7374656572696E7A
S214043CF0672070726F636573732E1F004469737058
S214043D006C617973207468652063757272656E746D
S214043D1020737461747573206F6620746865206EF2
S214043D206574776F726B207374656572696E67204D
S214043D3070726F636573732E00436C6561727320D3
S214043D407468652067726F757073207461626C6541
S214043D50206F6E20657665727920656E64706F6973
S214043D606E74005072696E747320696E666F726D3D
S214043D706174696F6E2061626F7574207468652063
S214043D80636F6E74656E7473206F66207468652046
S214043D9067726F757073207461626C652E00417271
S214043DA0746966696369616C6C792064726F707398
S214043DB02074686520626C6F636B206E756D626537
S214043DC07220646566696E6564206279207468652D
S214043DD02070617373656420617267756D656E74B7
S214043DE0206F6E6C79206F6E63652C20616E642084
S214043DF07468656E20616C6C6F77732069742075C7
S214043E00706F6E20612072657472792E0054686536
S214043E1020626C6F636B206E756D62657220746FC2
S214043E20206172746966696369616C6C7920647276
S214043E306F7020746F20666F7263652061207265F0
S214043E40747279202D2073657420746F2030784640
S214043E504620746F2064697361626C651F00536545
S214043E607473207468652072656365697665207767
S214043E70696E646F772073697A652E2020427920F4
S214043E80646566696E6974696F6E20696E2074680D
S214043E906520536D61727420456E65726779207073
S214043EA0726F66696C65206974206D757374206220
S214043EB0652073657420746F2031206275742074D5
S214043EC068697320616C6C6F777320697420746FF3
S214043ED0206265206368616E6765642E00546865B9
S214043EE0206D6178206E756D626572206F66207431
S214043EF0686520626C6F636B7320726563656976B0
S214043F006564206265666F726520616E2041505359
S214043F102061636B2069732067656E6572617465E2
S214043F20641F004D616B65732074686973206E6F3F
S214043F306465207374617274206964656E7469665E
S214043F4079696E6720617320612074617267657495
S214043F5020666F722062696E64696E672077697482
S214043F606820616E20696E69746961746F72206E70
S214043F706F64652E0054686520656E64706F696EA4
S214043F8074206F6E20776869636820746F2062659A
S214043F9067696E207468652046696E64696E67207A
S214043FA0616E642042696E64696E6720746172672C
S214043FB065742070726F636573731F004D616B6563
S214043FC0732074686973206E6F64652073746172FD
S214043FD0742074686520696E69746961746F7220F0
S214043FE070617274206F66207468652066696E64FA
S214043FF0696E6720616E642062696E64696E67200C
S21404400070726F636573732E0054686520656E6402
S214044010706F696E74206F6E2077686963682074A9
S2140440206F20626567696E207468652046696E64F1
S214044030696E6720616E642042696E64696E6720EB
S214044040696E69746961746F722070726F636573E8
S214044050731F0053657473207768657468657220EF
S21404406074686520434C4920666F726365732074D8
S21404407068652064657669636520746F2073686F6D
S214044080727420706F6C6C2E005468652076616CB8
S214044090756520696E6469636174696E6720776804
S2140440A065746865722074686520646576696365FE
S2140440B02073686F756C642073686F727420706FF9
S2140440C06C6C1F005365747320776865746865723A
S2140440D020746865206465766963657320706F6C08
S2140440E06C20636F6D706C657465642063616C6CC2
S2140440F06261636B2066756E6374696F6E206973A4
S21404410020656E61626C65642E0054686520766175
S2140441106C756520696E6469636174696E6720777F
S214044120686574686572207468652064657669637A
S214044130657320706F6C6C20636F6D706C6574654E
S214044140642063616C6C6261636B2066756E637475
S214044150696F6E20697320656E61626C65641F000A
S214044160446973706C617973207468652073746134
S214044170747573206F662074686520456E642044E9
S21404418065766963657320706F6C6C696E672E0064
S214044190456E61626C652F64697361626C65206448
S2140441A06562756720606C6567616379206170700D
S2140441B0206672616D65776F726B206465627567E1
S2140441C060207072696E7420747970652E00456E76
S2140441D061626C652F64697361626C651F00456E6D
S2140441E061626C652F64697361626C6520646562E4
S2140441F0756720607A636C60207072696E742074D0
S2140442007970652E00456E61626C652F6469736112
S214044210626C6520646562756720606170706020FA
S2140442207072696E7420747970652E00456E6162D2
S2140442306C652F64697361626C652064656275677A
S2140442402060636F726560207072696E7420747982
S21404425070652E00456E61626C652F6469736162D9
S2140442606C652064656275672060737461636B6057
S214044270207072696E7420747970652E0053656EB2
S21404428064732061207265717565737420666F723D
S214044290204F544120636F756E746572732E0052FE
S2140442A0657365747320616C6C20746872657368DA
S2140442B06F6C64732076616C75657320746F203040
S2140442C078464646462E005365747320612074680B
S2140442D0726573686F6C642076616C756520666FB2
S2140442E072206120706172746963756C61722074E7
S2140442F0797065206F6620636F756E7465722E0024
S21404430054797065206F6620636F756E7465721FCE
S2140443105468726573686F6C642056616C75651FAB
S214044320005072696E7473207468652074687265D0
S21404433073686F6C6473206F6620616C6C2074689D
S2140443406520636F756E746572732E00436C6561C9
S214044350727320616C6C20636F756E746572207660
S214044360616C7565732E005072696E747320616C8F
S2140443706C20636F756E7465722076616C756573F8
S2140443802E005072696E7473207468652076616CB2
S2140443907565206F6620746869732070617274692D
S2140443A063756C617220636F756E7465722E00544B
S2140443B0686520636F756E74657220747970652005
S2140443C0746F207072696E741F005072696E747315
S2140443D020616C6C20636F756E7465722076616CF8
S2140443E075657320616E6420636C656172732074F6
S2140443F068656D2E00536574204D464720746F6BB8
S214044400656E2C2043414E4E4F5420424520554E57
S21404441053455420425920434C492E005072696E2D
S21404442074204D464720746F6B656E2E005072697B
S2140444306E7420616374697665206576656E747340
S2140444402E0044697361626C652074686520656E2D
S21404445064706F696E7420666F72205A434C206DC8
S214044460657373616765732E00456E64706F696E5D
S2140444707420696E6465781F00456E61626C6573AE
S2140444802074686520656E64706F696E7420666F4C
S21404449072205A434C206D657373616765732E00F2
S2140444A05072696E7420737461747573206F66201D
S2140444B0656E64706F696E74732E0053686F7773DD
S2140444C0207468652076657273696F6E206F662047
S2140444D074686520736F6674776172652E00536521
S2140444E0742074686520636F6E66696775726564A8
S2140444F0203830322E31352E3420434341206D6F20
S214044500646520696E2074686520726164696F2E24
S2140445102053656520646F63756D656E7461746998
S2140445206F6E20726567617264696E6720524149D6
S2140445304C5F494545453830323135345F43636115
S2140445404D6F64655F742E0041205241494C5F49AB
S2140445504545453830323135345F4363614D6F64C9
S214044560655F742076616C75651F0052657475729C
S2140445706E732050544920726164696F20636F6EB5
S21404458066696720696E666F726D6174696F6E2006
S214044590746F2064657465726D696E6520746865F1
S2140445A0205048592074797065206265696E6720CA
S2140445B075736564206279205241494C2E207265D9
S2140445C07475726E2076616C756520697320656EED
S2140445D0756D205241494C5F494545453830323166
S2140445E035345F507469526164696F436F6E6669EF
S2140445F0675F7420652E6720205241494C5F494509
S21404460045453830323135345F5054495F52414461
S214044610494F5F434F4E4649475F32503447485AE6
S214044620203D203078303055205241494C5F494572
S21404463045453830323135345F5054495F52414431
S214044640494F5F434F4E4649475F32503447485AB6
S2140446505F414E54444956203D2030783031552031
S2140446605241494C5F494545453830323135345F0F
S2140446705054495F524144494F5F434F4E46494761
S2140446805F32503447485A5F434F4558203D2030E8
S21404469078303255205241494C5F494545453830BB
S2140446A0323135345F5054495F524144494F5F4379
S2140446B04F4E4649475F32503447485A5F414E543E
S2140446C04449565F434F4558203D20307830335593
S2140446D00053656E647320612072656164206174A2
S2140446E0747220666F72207468652074696D652024
S2140446F06F662074686520646576696365207370E8
S214044700656369666965642E2049742073657473ED
S214044710206120666C616720736F207768656E2061
S2140447206974206765747320746865207265737095
S2140447306F6E73652069742077726974657320746C
S21404474068652074696D6520746F20697473206FC2
S214044750776E2074696D6520617474722E004964E6
S2140447601F737263456E64706F696E741F6465733D
S21404477074456E64706F696E741F005768656E20AA
S21404478073656E64696E67207573696E6720612051
S21404479062696E64696E672C207370656369666906
S2140447A0657320776865746865722061206D756C22
S2140447B07469636173742062696E64696E672073DA
S2140447C0686F756C6420626520757365642E007569
S2140447D073654D756C74696361737442696E64695C
S2140447E06E671F0053656E64732061207072652DBA
S2140447F06275666665726564206D756C746963615E
S2140448007374206D65737361676520746F2061200F
S214044810676976656E2067726F75702049442066F6
S214044820726F6D206120676976656E20656E6470B0
S2140448306F696E742E0067726F757049641F7372A9
S214044840632D656E64706F696E741F0043726561D4
S2140448507465732061206D65737361676520627982
S2140448602073706563696679696E6720746865206D
S2140448707261772062797465732E2055736520748F
S21404488068652073656E6420636F6D6D616E642069
S214044890746F2073656E6420746865206D65737329
S2140448A0616765206F6E6365206974206861732094
S2140448B06265656E20637265617465642E20457852
S2140448C03A2072617720307830303046207B3030A2
S2140448D02030412030302031312032322033332012
S2140448E034342035357D2073656E64732061206D05
S2140448F065737361676520746F20636C7573746584
S21404490072203135202830783030304629206F66C2
S214044910206C656E67746820382077686963682041
S214044920696E636C7564657320746865205A434CBD
S214044930206865616465722E00436C7573746572D5
S21404494049641F446174611F005265736574732063
S214044950746865206E6F64652E005772697465739B
S2140449602061206D6573736167652E00456E647003
S2140449706F696E741F436C75737465722049441FA7
S2140449804174747269627574652049441F4D61737D
S2140449906B1F4461746120747970651F446174618F
S2140449A020627974651F0052656164732061206D0E
S2140449B06573736167652E00456E64706F696E7407
S2140449C01F436C75737465722049441F4174747276
S2140449D069627574652049441F31206966207365D1
S2140449E07276657220646972656374696F6E2C20D2
S2140449F03020696620636C69656E7420646972652C
S214044A006374696F6E1F0053656E64732061206D56
S214044A106573736167652E0044657374696E6174AB
S214044A20696F6E1F536F7572636520656E64706F71
S214044A30696E741F44657374696E6174696F6E2061
S214044A40656E64706F696E741F00536F757263656C
S214044A5020656E64706F696E741F004C697374739E
S214044A60207768696368206F7074696F6E616C2064
S214044A706C6962726172696573206F66207468651A
S214044A8020737461636B2061726520696D706C6558
S214044A906D656E746564206F6E2074686973206437
S214044AA065766963652E005072696E747320696E4C
S214044AB0666F726D6174696F6E2061626F757420C3
S214044AC0746865206E6574776F726B207374617496
S214044AD0652C20636C7573746572732C20616E6428
S214044AE020656E64706F696E74732E006F666673ED
S214044AF065741F005072696E747320696E666F72F7
S214044B006D6174696F6E20666F7220616C6C2061D3
S214044B107661696C61626C6520736C6F74732E00C9
S214044B2052656164732072617720646174612066E3
S214044B30726F6D20666C6173682073746F72616740
S214044B40652E004164647265737320746F20726509
S214044B5061641F4E756D626572206F66206279749B
S214044B60657320746F20726561641F005072696EED
S214044B70747320666C6173682073746F7261676502
S214044B8020696E666F726D6174696F6E2E00457271
S214044B9061736573207468652073706563696669FC
S214044BA0656420736C6F742049442E0053746F72CE
S214044BB061676520736C6F74206E756D6265721F15
S214044BC000426F6F74732074686520696D61676551
S214044BD020696E207468652073706563696669650C
S214044BE06420736C6F742049442E00434C4920693A
S214044BF06E7374616E6365206578616D706C6500B4
S214044C0064756D6D795F696E7374005A434C2063E6
S214044C106F6D6D616E647300626173696300676CC7
S214044C206F62616C006D66672D636F6465007573F3
S214044C30652D6E6578742D73657175656E63650094
S214044C40782D64656661756C742D72657370007476
S214044C506573742D726573706F6E73652D6F6E0059
S214044C60746573742D726573706F6E73652D6F66DD
S214044C7066005A434C20626173696320636C7573E3
S214044C8074657220636F6D6D616E64730072746612
S214044C906400436F6D6D616E642074686174207285
S214044CA0657365747320616C6C20617474726962D8
S214044CB07574652076616C75657320746F20666103
S214044CC063746F72792064656661756C742E005225
S214044CD041494C006C6F7765722D6D61632D72616E
S214044CE0696C2D3830322E31352E342E63006C69C3
S214044CF0627261696C2E6100756E636C61696D65C4
S214044D0064006275666665722D6D616E6167656DB9
S214044D10656E742E63006576656E742D71756575A3
S214044D20652E63007A69676265652D7570706572B5
S214044D302D6D61632E63006E65696768626F722EFF
S214044D4063006173736F63696174696F6E2E6300C9
S214044D50313832317300313432323100313231007D
S214044D603273003132323131320031323231310075
S214044D703238310038313100313832313100313295
S214044D803131313231323232317300313232003124
S214044D903231313232310031313131003232380081
S214044DA06D61632D6D756C74692D6E6574776F72A5
S214044DB06B2E63006C65676163792D7061636B6548
S214044DC0742D6275666665722E630000000002002C
S214044DD00000000000000000BA040000000002000A
S214044DE00000000000000000BA04000000010203F6
S214044DF00E312E312E332D65633537663831620019
S214044E000100000203030100060000000000030086
S214044E100000000013B779FAC925DDB7ADF3CFE07B
S214044E20F1B614B80102000000000000FFFFFFFF07
S214044E300100000001000000000000000000000067
S214044E400000000000000000000000000000000059
S214044E500000000000000000000000000000000049
S214044E6000000000033F1F00FF110300FB110300B6
S214044E70D9110300A7110300371203000912030017
S214044E80A91103002C000000020202030000000027
S214044E9001020000000801B43C4F04000008015A57
S214044EA0F84E040000080040B44E04000000000061
S214044EB0000000000000FCFEFFFF000000000000F1
S214044EC0FFFF000000000000FFFF000000000000DD
S214044ED0FFFF00000000000040001806F4D20000A7
S214044EE02C00B0023DBE00001700F2000C7C00004F
S214044EF00C0041009E4200006400FCFEFFFF000020
S214044F0000000000FFFF0000000000005A00F30647
S214044F10A554FEFF2100A301A1FEFFFF1100A60079
S214044F20832700000A006100DC26000006003B0020
S214044F30F820000003001500AD130000C800FCFEB6
S214044F40B4008B087BC0FBFF4D00E402E756FFFF6E
S214044F502C00A20183EBFFFF1A000301B31A000022
S214044F601100A300552900000A005E005A2800001C
S214044F7006003A0021220000040018007316000000
S214044F803503040077B6030077B6030077B603004C
S214044F9077B6030077B6030077B6030077B6030048
S214044FA077B6030077B6030077B6030077B6030038
S214044FB077B6030077B6030077B6030077B6030028
S214044FC077B6030077B6030077B6030077B6030018
S214044FD077B6030077B6030077B6030077B6030008
S214044FE077B6030077B6030077B6030077B60300F8
S214044FF085B6030077B603009AB6030077B60300B7
S21404500077B60300BFB6030077B6030077B603008F
S21404501077B6030077B60300E7B6030077B6030057
S21404502077B6030077B6030077B60300FFB603002F
S21404503077B603001DB703000B0000000B0000004A
S2140450400200000000002020000000000300000012
S2140450508C8C3C00000000000000000000000000F3
S214045060000000581200000000000000FFFFFFFFD1
S214045070FFFFFFFFFFFFFFFF554E4B00474F20008B
S21404508042544C00474F3200474F3300474F3400DA
S214045090474F3500474F3600474F3700474F3800D5
S2140450A0474F3900474F4100474F4200474F4300A0
S2140450B0474F4400474F4500474F46004A4D50006F
S2140450C0424452005550520042544D004D534D0038
S2140450D046544C00554E4B00474F200042544C005B
S2140450E04241440046544C00465243004F5441004B
S2140450F044534C004241500055504700544D45001F
S21404510046415500545A4600554E4B0050494E00F1
S214045110454D3400554E4B0048562000554E4B0026
S214045120455850004C574D00554E4B0052425400C3
S21404513044534C00454D3400554E4B0041535400E7
S214045140554E4B0056465900494E4800554E4B00A6
S2140451504C434B0058544C004F424600554E4B00AF
S214045160485244004D454D004255530055534700A0
S21404517044424700444D410056435400554E4B00AC
S214045180555020005250200041503000415031000C
S2140451904150200044502000444543007850040009
S2140451A07C500400D4500400085104001451040038
S2140451B01C510400285104003851040040510400D6
S2140451C04C5104005C5104007C510400554E4B00C5
S2140451D04649420042544C00455854005057520029
S2140451E05744470020535700435253004653480041
S2140451F042414400464C540042524F00010401030D
S21404520003060105010501090600060B0000070B4D
S214045210050B000000000000000000000400E40C81
S2140452200A0001041001000000050002000003004B
S214045230B8540400B4540400A05404009C5404005D
S21404524098540400945404008254040072540400D5
S21404525058540400505404004654040044540400B3
S2140452602C5404002954040021540400105404004F
S21404527000540400EE530400D4530400CC5304003A
S214045280C0530400BC530400B8530400AA530400DB
S2140452909F530400865304006D5304001153040006
S2140452A01053040000530400D8520400CD520400E6
S2140452B0CC520400B85204000000000000000000B5
S2140452C00000000000000000000000000F000000C6
S2140452D000000000000000000000000000000000C5
S2140452E000000000000000000000000000000000B5
S2140452F000000000000000000000000000000000A5
S2140453000100000000000000000000000000000093
S2140453100F00000000000000000000000000000075
S2140453200000000000000000000000000000000074
S2140453300000000000000000000000000000000064
S2140453400000000000000000000000000000000054
S2140453500000000000000000000000000000000044
S2140453600000000000000000000000000000000034
S2140453700000000000000000000000000000000024
S2140453800000000000000000000000000000000014
S2140453900000000000000000000000000000000004
S2140453A000000000000000000000000000000000F4
S2140453B000000000000000000000000000000000E4
S2140453C0FFFFFFFFFFFFFFFFFFFF000000000000DE
S2140453D000000000000000000000000000000000C4
S2140453E000000000000000000000000000000000B4
S2140453F000000000000000000000000000000000A4
S2140454000000000000000000000000000000000093
S2140454100000000000000000000000000000000083
S21404542000FFFFFFFFFFFFFFFF9C0000FF000000E0
S2140454300000000000000000000000000000000063
S214045440800000000000FFFFFFFFFFFFFFFFFFFFDD
S21404545000000000FFFF0000000000000000000045
S2140454600000000000000000000000000000000033
S2140454700000FFFFFF000000000000000000000026
S2140454800000000000000000000000000000000013
S2140454900000000000000000000000000000000003
S2140454A000000000000000000000000000000000F3
S2140454B00000000000000000FC03010101010101DE
S2140454C001010101010101010100000000000001C9
S2140454D00020000000000001010000200204110466
S2140454E0040211101A080A021801081110111A08E9
S2140454F00A04020D0B19195C0110280B0114000094
S214045500000000000000000000000000000101018F
S2140455100101010001010101010101000001010175
S214045520000100010100000000000000000000006F
S2140455300000000000010000000000000000000061
S2140455400000000001FF010023E1010075E40100F2
S21404555063E2010063E5010062E1010079EB01000A
S21404556064EE010024E1010025E1010026E10100CA
S21404557027E1010028E1010029E101002AE10100F8
S214045580000001008000010000010100800101000C
S214045590000201008002010020E201000003010075
S2140455A00005010080050100000601002C890100A9
S2140455B0800601000007010001E5010002E5010084
S2140455C00008010080080100004001008632101027
S2140455D0FFFFFFFFFFFFFFFFABBF0300B1BF0300EA
S2140455E0B7BF0300BDBF0300C3BF0300567777777A
S2140455F07777777777777777777777775A696742A2
S2140456006565416C6C69616E636530395A696742D9
S2140456106565416C6C69616E636530394E574B2025
S2140456205374656572696E67000095969595950541
S21404563007090D0000000000000102030406000034
S21404564029D80300C4EB0300DEEB0300F5EB0300EC
S21404565008EC030018EC03002CEC03003EEC0300FB
S2140456604EEC03006AEC03007FEC03000208010D15
S2140456700D01010112010000FFFFFFFFFFFFFFFF06
S21404568000000000000000000109050100020000FF
S214045690000000031EF1EE0BA8560400C0F8030039
S2140456A035030400FE000000DCF80300085804007C
S2140456B000000000E6F80300F857040000000000AD
S2140456C0F3F80300E85704000000000000F90300A4
S2140456D0D8570400000000001EF90300C457040055
S2140456E00000000016F90300B05704000000000094
S2140456F01DF903009C570400000000002BF903006A
S2140457008C570400000000009DF70300785704003F
S2140457100000000024F9030068570400000000009D
S21404572030F903005457040000000000DCBD0300F9
S21404573044570400000000000000000000000000C1
S21404574000000000ED29030041F903007EF9030080
S214045750010100FF6DEC0000A7F90300ECF903005B
S214045760010100010107FF0029EC000039FA0300DB
S214045770A4FA0300010100FF69EB0000C5FA030068
S214045780DEFA030000010100FF000000FF29030009
S21404579003FB03005BFB03000101FF00E729030092
S2140457A072FB0300C9FB030001010207FF000000AF
S2140457B0E129030072FB0300C9FB03000101020791
S2140457C0FF000000DB29030072FB0300C9FB030093
S2140457D001010207FF0000001DEB0000EAFB0300C6
S2140457E029FC0300010101FFBDEA000048FC030098
S2140457F08DFC0300010000FF79EA000048FC03006A
S2140458008DFC0300010000FF01EB0000B4FC030064
S214045810BAFA030000FF0000D529030009FD0300BF
S214045820D5270400FF000000CF2903007CFD0300F9
S214045830D5270400FF00000059EA0000EBFD030032
S21404584060FE030000FF000031EA000078FE03005B
S214045850DAFE030000FF0000C1290300EBFE03008C
S21404586031FF030002FF0000F9E900003AFF0300DD
S214045870AEFF030001FF000000000000AE020400BB
S21404588011000000BA02040012000000C202040064
S21404589013000000CA02040021000000D202040023
S2140458A022000000D902040023000000E0020400E5
S2140458B0AA000000E7020400FF0000000000000049
S2140458C0FFFFFFFFFFFFFFFF0000000000000000D7
S2140458D0000001080109020A030B040C050D060E5C
S2140458E0070F081001180119021A031B041C051DD2
S2140458F0061E071F0820012102220323042405256F
S2140459000626072708280129022A032B042C052D1E
S214045910062E072F08300131023203380239043AC2
S21404592008E004E104E204E802E902EA04F008F10B
S2140459301000000000000000040500009C5904004C
S21404594002000F00C459040002000F00EC590400C2
S21404595002000F00145A040002000F003C5A040010
S21404596002000F00645A040002000F008C5A040060
S21404597002000F00B45A040002000F00DC5A0400B0
S21404598002000F00045B040002000F002C5B0400FE
S21404599002000F00545B040002000F000000000029
S2140459A07C5B0400030000004000000000000000D0
S2140459B019000000A05B040004000F008000000033
S2140459C000000000000000007C5B040003000000F0
S2140459D0400000000000000019000000A05B040066
S2140459E004000F008000000000000000000000001B
S2140459F07C5B040003000000400000000000000080
S214045A0019000000A05B040004000F0080000000E2
S214045A1000000000000000007C5B0400030000009F
S214045A20400000000000000019000000A05B040015
S214045A3004000F00800000000000000000000000CA
S214045A407C5B04000300000040000000000000002F
S214045A5019000000A05B040004000F008000000092
S214045A6000000000000000007C5B0400030000004F
S214045A70400000000000000019000000A05B0400C5
S214045A8004000F008000000000000000000000007A
S214045A907C5B0400030000004000000000000000DF
S214045AA019000000A05B040004000F008000000042
S214045AB000000000000000007C5B040003000000FF
S214045AC0400000000000000019000000A05B040075
S214045AD004000F008000000000000000000000002A
S214045AE07C5B04000300000040000000000000008F
S214045AF019000000A05B040004000F0080000000F2
S214045B0000000000000000007C5B040003000000AE
S214045B10400000000000000019000000A05B040024
S214045B2004000F00800000000000000000000000D9
S214045B307C5B04000300000040000000000000003E
S214045B4019000000A05B040004000F0080000000A1
S214045B5000000000000000007C5B0400030000005E
S214045B60400000000000000019000000A05B0400D4
S214045B7004000F0080000000000000000000200168
S214045B80200000000800000004004221300000004D
S214045B90145C040000FF4200300000000000000017
S214045BA00000F00840000000355C040001002304F7
S214045BB0400000003D5C0400060030014000000088
S214045BC000000000FDFF210240000000010000006C
S214045BD01900000419000101190002041900030148
S214045BE01900050419000601190007040400410001
S214045BF0D50C010006004100F531030019008100B0
S214045C00C5290100190084005134010000800000F9
S214045C100000000006435553544F4D00000000009A
S214045C20000000000000000000000000000000006B
S214045C300000000000FFFFFFFFFFFFFFFFFFFFFF66
S214045C40FF00040104010401040104010401040129
S214045C5004010401040104010401FFFFFFFFFFFF28
S214045C60FFFFFFFFFFFFFFFFFFFFFFFFFFFFFFFF3B
S214045C70FFFF000102030405060708090A0B1F1CA0
S214045C801F1E1F1E1F1F1E1F1E1F07021F012F0081
S214045C9037013F005701DF02E700FF020000000063
S214045CA000000000000000000000000000000000EB
S214045CB000000000000000000000000000000000DB
S214045CC04D0904001900000053090400FFFF0000FA
S214045CD0000000001E0A0400290A0400350304001C
S214045CE0310A04003F0A040035030400520A040083
S214045CF05D0A04006B0A04006F0A04007F0A0400AD
S214045D0031D903008F0A0400930A04009E0A040093
S214045D10A80A0400B20A0400B60A0400C40A04006E
S214045D20D80A0400EE0A0400008000000000000008
S214045D300000000000000000FFFFFFFFFF0000005F
S214045D400000000029B80100000000000000F03F39
S214045D50000000000000244000000000000059403D
S214045D600000000000408F40000000000088C34090
S214045D7000000000006AF8400000000080842E4105
S214045D8000000000D01263410000000084D7974151
S214045D900000000065CDCD41AADC030004740400B5
S214045DA00000000014140400F47304000000000053
S214045DB019140400E4730400000000001A1404001C
S214045DC0D4730400000000002BF90300C073040021
S214045DD0000000001EF90300AC730400000000007D
S214045DE01F1404009C730400000000002514040023
S214045DF08C73040000000000291404007C73040063
S214045E0000000000381404006C7304000000000056
S214045E10551404005C730400000000005E140400C3
S214045E204C73040000000000731404003C73040068
S214045E30000000006CEA03002C730400000000005D
S214045E4083140400EC7204000000000089180400A7
S214045E50486A04000000000036080400086A0400CB
S214045E60000000008A1404004869040000000000D2
S214045E70931404004C68040000000000A0140400FE
S214045E80F463040000000000BC0A0400CC620400B2
S214045E9000000000A7140400CC6204000100000007
S214045EA0AB1404008C62040000000000B01404006C
S214045EB0506104000000000069B70300506104004C
S214045EC001000000A0140400F463040000000000B5
S214045ED0B7140400F463040001000000BC140400BA
S214045EE01C61040000000000C61404001C610400C9
S214045EF001000000CE1404004C5F04000000000003
S214045F00E1BE0300185F040000000000000000006B
S214045F100000000000000000285F0400D214040003
S214045F2035030400FE000000EA140400F06A0400CE
S214045F30000000005E190400E06A0400000000008F
S214045F400000000000000000000000005C5F040089
S214045F50EF14040035030400FE00000005150400D9
S214045F60706C0400000000000B150400606C040054
S214045F700000000011150400506C0400000000002E
S214045F801A150400406C0400000000001BBC03004B
S214045F90306C04000000000025BA0300F86B04000F
S214045FA00000000033C30300E46B0400000000009C
S214045FB024150400D46B04000000000020BF030076
S214045FC0C46B04000000000029150400B46B040030
S214045FD00000000030150400A46B0400000000005C
S214045FE0CCCD0300946B04000000000035150400BB
S214045FF0E8600400000000003C1504009060040003
S21404600000000000441504005C600400000000006A
S2140460105015040028600400000000000000000082
S2140460200000000000000000386004005B15040057
S21404603035030400FE000000A5D30300106B040023
S2140460400000000003F50300006B040000000000DD
S2140460500000000000000000000000006C60040067
S2140460607C15040035030400FE000000A5D30300DD
S214046070306B04000000000003F50300206B0400EE
S2140460800000000000000000000000000000000007
S214046090A06004009E15040035030400FE00000002
S2140460A0BC150400806B040000000000AD1A040058
S2140460B0706B040000000000CB150400606B040045
S2140460C000000000D0150400506B0400000000001F
S2140460D0D7150400406B0400000000000000000018
S2140460E00000000000000000F8600400DC15040056
S2140460F035030400FE00000067D303001C6C040094
S21404610000000000F9150400086C040000000000FC
S2140461100000000000000000000000002C610400E5
S2140461200116040035030400FE0000001D160400DA
S214046130B06C040000000000BC0A0400A06C04005C
S2140461400000000000000000000000000000000046
S214046150606104002216040035030400FE000000FB
S2140461603B160400606D04000000000028D0030005
S214046170506D04000000000044160400406D040046
S214046180000000001D160400906C040000000000CF
S21404619049160400806C0400000000005616040033
S2140461A04C62040000000000641604001862040038
S2140461B00000000072160400D8610400000000000D
S2140461C08A1404004869040000000000000000006F
S2140461D00000000000000000E86104007B160400D4
S2140461E035030400FE0000005D4C0400306D04001E
S2140461F0000000006E4C0400206D04000000000047
S21404620059E40300106D04000000000000000000C4
S2140462100000000000000000286204009916040034
S21404622035030400FE000000C3160400806D04005D
S2140462300000000044050400706D04000000000027
S2140462400000000000000000000000005C62040083
S214046250CA16040035030400FE000000E1BE030075
S214046260B46D04000000000003F50300A46D0400F0
S21404627000000000AD1A0400906D04000000000049
S2140462800000000000000000000000009C62040003
S214046290EA16040035030400FE000000E1BE030015
S2140462A0E46D0400000000000A170400D46D040026
S2140462B00000000003F50300C46D040000000000A5
S2140462C0000000000000000000000000DC62040083
S2140462D01117040035030400FE0000002B17040009
S2140462E0186F040000000000F3D40300086F0400D5
S2140462F0000000005E170400F86E040000000000B2
S2140463001BBC0300E86E0400000000002CBC030065
S214046310D86E04000000000030170400C86E0400A5
S2140463200000000048170400B86E040000000000D7
S21404633051170400A86E040000000000581704005B
S214046340986E04000000000064170400686E0400E1
S21404635000000000AD1A0400586E0400000000009F
S21404636073170400486E04000000000018E50300DC
S214046370386E04000000000078170400286E04003D
S214046380000000008F170400186E040000000000D0
S214046390A3170400046E040000000000B3170400F2
S2140463A0F46D040000000000C2170400C06304007B
S2140463B000000000000000000000000000000000D4
S2140463C0D0630400C717040035030400FE00000071
S2140463D0DE170400886E040000000000E7170400BF
S2140463E0786E0400000000000000000000000000BA
S2140463F000000000046404003503040035030400B0
S214046400FE000000EE170400886A04000000000086
S214046410FB170400CC680400000000000418040005
S2140464200C6804000000000017180400D867040075
S2140464300000000025180400A46704000000000003
S21404644033180400706704000000000041180400BC
S214046450D86604000000000052180400B066040069
S214046460000000005F18040010660400000000002E
S2140464706A180400B8650400000000007D180400D3
S21404648090650400000000000FF803002C6504006B
S2140464900000000090180400EC64040000000000F3
S2140464A09B180400B864040000000000000000000C
S2140464B00000000000000000C8640400AE180400D9
S2140464C035030400FE000000D2180400386F0400F0
S2140464D000000000D8180400286F04000000000024
S2140464E0000000000000000000000000FC6404003F
S2140464F0DC18040035030400FE00000015D5030074
S214046500686F0400000000000E190400586F0400B1
S214046510000000001A190400486F04000000000080
S2140465200000000000000000000000003C650400BD
S2140465303019040035030400FE000000E1BE030029
S214046540CC6F04000000000003F50300BC6F0400D9
S2140465500000000009F50300AC6F04000000000012
S214046560A5D30300986F0400000000004C19040033
S214046570886F04000000000063190400786F0400AC
S2140465800000000000000000000000000000000002
S214046590A06504006F19040035030400FE00000023
S2140465A094190400DC6F04000000000000000000E2
S2140465B00000000000000000C865040099190400EB
S2140465C035030400FE000000BD1904002C7004000E
S2140465D0000000000A1704001C70040000000000FD
S2140465E0C91904000C70040000000000D01904004F
S2140465F0FC6F040000000000DD190400EC6F0400CA
S2140466000000000000000000000000000000000081
S21404661020660400E819040035030400FE000000A8
S21404662056180400DC70040000000000051A04007C
S214046630CC70040000000000AADC0300BC70040058
S21404664000000000D8EB0300AC700400000000005B
S214046650BD1704009C7004000000000015D503005C
S2140466608C700400000000000C1A04007C70040007
S21404667000000000171A04006C70040000000000FC
S214046680241A04005C70040000000000341A04009D
S2140466904C70040000000000471A04003C7004001C
S2140466A000000000000000000000000000000000E1
S2140466B0C0660400591A040035030400FE000000F6
S2140466C0AADC0300EC7004000000000000000000D8
S2140466D00000000000000000E8660400771A0400CA
S2140466E035030400FE00000015D503005C710400A9
S2140466F000000000D8EB03004C710400000000000A
S214046700BD1704003C710400000000009A1A04003F
S2140467102C71040000000000C61504003067040055
S2140467200000000000000000000000000000000060
S21404673040670400B11A040035030400FE0000009C
S214046740AD1A04001C71040000000000A5D3030069
S2140467500C71040000000000C71A0400FC7004005A
S2140467600000000000000000000000000000000020
S21404677080670400D01A040035030400FE000000FD
S214046780E1BE03007C7104000000000003F5030072
S2140467906C7104000000000000000000000000000F
S2140467A000000000B4670400F01A04003503040077
S2140467B0FE000000101B04009C7104000000000092
S2140467C0231B04008C71040000000000000000007D
S2140467D00000000000000000E8670400391B040005
S2140467E035030400FE000000591B0400BC710400BD
S2140467F00000000028D00300AC7104000000000074
S2140468000000000000000000000000001C680400F7
S214046810631B040035030400FE00000015D50300C6
S214046820EC71040000000000881B0400DC71040006
S21404683000000000A01B0400CC710400000000004F
S2140468400000000000000000000000005C68040077
S2140468503503040035030400FE000000B11B0400E9
S214046860746804000000000000000000000000003F
S21404687000000000846804003503040035030400A7
S214046880FE000000BD1B04003C7204000000000073
S214046890AD0A04002C72040000000000C31B0400B0
S2140468A01C72040000000000C71B04000C720400E5
S2140468B000000000CB1B0400FC7104000000000074
S2140468C0000000000000000000000000DC68040077
S2140468D0DB1B040035030400FE000000E1BE0300D9
S2140468E0BC72040000000000F61B0400AC72040036
S2140468F000000000091C04009C7204000000000054
S21404690003F503008C72040000000000161C04004B
S2140469107C72040000000000271C04006C72040053
S21404692000000000351C04005C7204000000000037
S214046930461C04004C720400000000000000000026
S214046940000000000000000058690400531C040006
S21404695035030400FE0000006D1C0400E06C040017
S21404696000000000A01C0400D06C0400000000001E
S214046970DB1C0400C06C040000000000F21C0400D1
S214046980D469040000000000FC1C0400A069040094
S21404699000000000000000000000000000000000EE
S2140469A0B0690400001D040035030400FE00000066
S2140469B05D4C0400006D0400000000006E4C0400F2
S2140469C0F06C04000000000000000000000000005E
S2140469D000000000E46904001F1D040035030400E1
S2140469E0FE00000040D00300DC720400000000003B
S2140469F0AD1A0400CC720400000000000000000081
S214046A000000000000000000186A0400321D0400A4
S214046A1035030400FE000000E1BE03001C730400FE
S214046A2000000000C31604000C73040000000000FD
S214046A3044050400FC72040000000000000000008E
S214046A400000000000000000586A04004D1D040009
S214046A5035030400FE000000DD190400347404004D
S214046A600000000015D50300247404000000000094
S214046A70AADC0300147404000000000000000000F8
S214046A800000000000000000986A04006D1D040069
S214046A9035030400FE0000008B1D0400847404000B
S214046AA000000000951D040074740400000000003B
S214046AB0A01D040064740400000000002BF9030009
S214046AC05474040000000000AF1D04004474040065
S214046AD000000000000000000000000000000000AD
S214046AE0B3290300BA1D040035030400FF000000A8
S214046AF0AF290300C71D040035030400FF0000008F
S214046B006DF10000D91D040035030400FF000000E9
S214046B1009F10000061E0400CE25040001FF000053
S214046B206DF10000461E040035030400FF0000005B
S214046B3009F10000741E0400CE25040001FF0000C5
S214046B40A1F10000B51E0400D61E040000FF0000DC
S214046B50A1F10000DF1E04003C1F04000000FF003B
S214046B601DF200004A1F0400631F0400010001FF19
S214046B7089F20000881F0400CA1F04000102FF00F7
S214046B801DF20000E01F04000F20040001000102B3
S214046B90FF00000099EF0000402004007C20040061
S214046BA007FF0000B9EF000082200400B5200400AF
S214046BB001FF0000CDEF0000BD2004000D210400FD
S214046BC00100FF0029F000002221040073210400C4
S214046BD00101FF00FDEF000083210400BD21040035
S214046BE001FF00007DF00000C52104000E22040011
S214046BF0010000010707FF00B9F20000602204004C
S214046C00B520040001FF0000B9F30000A822040028
S214046C10EC220400010700010700FF00112A03000C
S214046C2041230400872304000107000101FF00003C
S214046C3041F30000C3230400FE230400010000FF08
S214046C4011F300001C240400602404000100FF006B
S214046C50E1F2000073240400602404000100FF0035
S214046C6089F30000B2240400BD21040001FF0000E3
S214046C70F9F30000ED2404001E2504000100FF00C3
S214046C8029DD0000350304002C250400000707FF57
S214046C90CDDC00003503040045250400000707FF8B
S214046CA0D9E10000350304005125040007FF000065
S214046CB0D9E10000350304005125040007FF000055
S214046CC06329030035030400562504000000FF0072
S214046CD0B5E10000350304003FFC030001FF00009B
S214046CE07DE10000350304008E25040000FF00004B
S214046CF0ADDC00003503040035030400FF0000008B
S214046D00ADDC00003503040035030400FF0000007A
S214046D10392903003503040035030400FF0000008E
S214046D20392903003503040035030400FF0000007E
S214046D30392903003503040035030400FF0000006E
S214046D407DDC000035030400C42504000101FF00B7
S214046D5069DC000035030400D925040001FF0000A7
S214046D60352903003503040035030400FF00000042
S214046D7031DC0000A116040035030400FF00000007
S214046D8031DC0000E325040035030400FF000000A6
S214046D90B1DD0000042604001B26040000010000E8
S214046DA007FF0000312903004126040035030400D0
S214046DB0FF0000002DDB00005B2604003503040002
S214046DC0FF000000AB2903008926040035030400F5
S214046DD0FF0000009D290300A326040025250400C7
S214046DE000FF0000ADE40000C826040035030400DC
S214046DF0FF00000001DA0000E22604003503040068
S214046E00FF00000095D9000005270400822704002F
S214046E1000000310FF00000071DA0000D72704000A
S214046E204528040001FF000045DA00005A28040043
S214046E309D28040000FF000059D90000AE28040075
S214046E4035030400FF0000002F290300DD2804009A
S214046E5035030400FF00000035D90000292904008A
S214046E602525040000FF000001D900006A2A04005A
S214046E70BF2A040000FF0000E5D80000D92A040059
S214046E8035030400FF000000C9D80000E92A040006
S214046E9035030400FF0000001F290300FD2A040038
S214046EA07B2B040000FF000099D80000062C040089
S214046EB035030400FF00000055D80000232C04000E
S214046EC04E2C040007FF000015D80000582C0400C0
S214046ED0B12C0400000500FFCDD70000642D04008B
S214046EE0772D04000002FF00A9D70000A62D040099
S214046EF035030400FF0000001F290300B82D04001A
S214046F00F22D040000FF00003DD70000782E040098
S214046F10BE2E0400000301FF2DD700005E2F0400E0
S214046F20A42F0400000301FFC952010044300400EA
S214046F3035030400FF000000B73503006C3004007E
S214046F40E730040002FF0000D9F700003C310400DB
S214046F50D527040000FF0000A5F7000064310400F4
S214046F60D527040000FF000055F700007D3104001B
S214046F7035030400FF000000D544010096310400E8
S214046F8035030400FF000000AD440100E3310400B3
S214046F9035030400FF000000394401000E320400EB
S214046FA03432040000010100010102FF1144010013
S214046FB0B3330400DB33040000FF0000F143010098
S214046FC00234040035030400FF00000039430100C6
S214046FD02C34040035030400FF0000008934030049
S214046FE04534040035030400FF000000093801009E
S214046FF06B3404009C3404000002FF00EB320300F0
S214047000F934040035030400FF000000E7320300EF
S2140470102635040035030400FF000000BD370100D8
S214047020413504006B35040000FF00007D35010087
S2140470309B35040035030400FF000000F92001001E
S214047040AE35040035030400FF000000E120010013
S214047050C635040035030400FF0000006332030055
S214047060DF35040035030400FF0000004F32030040
S2140470700C3604008636040000FF00008934010044
S214047080C536040035030400FF0000007933010010
S2140470903D37040035030400FF0000009D1F010077
S2140470A08137040035030400FF000000811F01003F
S2140470B09E37040035030400FF000000F91F01009A
S2140470C04938040035030400FF000000ED1F0100EA
S2140470D0D73804001C39040000FF0000B91F010063
S2140470E053390400A439040000FF0000E51D010024
S2140470F0D739040035030400FF0000007D120100A8
S214047100033A04006C3A04000000FF007D120100FC
S214047110C13A0400233B04000000FF001D130100D5
S214047120683B04009B3B04000002FF00BD310300E3
S214047130F03B04003E3C040007FF0000511401002D
S2140471405A3C040035030400FF00000065120100E9
S2140471507E3C0400A33C040000FF00007113010001
S214047160FC3C040035030400FF000000350C01005D
S214047170393D040035030400FF000000FD0B010048
S214047180633D040035030400FF000000953003004F
S2140471909E3D04000D3E040000FF0000590501005A
S2140471A05E3E0400DD3E040000FF0000873003005E
S2140471B0233F0400753F040000FF0000673003000F
S2140471C0BC3F04000940040000FF000021FE00004C
S2140471D0534004008940040003FF000059FE0000E9
S2140471E0C44004000A41040003FF000009FD000037
S2140471F06041040035030400FF000000F32F030081
S21404720090410400CE41040000FF0000ED2F03006F
S214047210DE410400CE41040000FF0000E72F030017
S21404722005420400CE41040000FF0000E12F0300E5
S2140472302C420400CE41040000FF0000DB2F0300B4
S21404724054420400CE41040000FF0000B72F0300A0
S2140472507D42040035030400FF000000BD2F030038
S2140472609F42040035030400FF00000059FA0000A2
S214047270C7420400004304000001FF0085FA000032
S2140472802143040035030400FF000000B92F030067
S2140472904C43040035030400FF00000041FA0000DC
S2140472A06743040035030400FF000000FDF90000F6
S2140472B082430400AF43040000FF0000E5F9000029
S2140472C0CA43040035030400FF0000002DE200005A
S2140472D0F543040035030400FF0000002DE200001F
S2140472E01C44040035030400FF0000001DD7000002
S2140472F02D44040035030400FF000000E9D6000016
S214047300424404006944040000FF0000E9D600007B
S214047310794404006944040000FF000081D600009C
S214047320A044040035030400FF00000017290300EE
S214047330BB44040035030400FF000000DDD2000057
S214047340DE4404004845040000FF0000BDD20000EF
S2140473506B45040035030400FF000000A5EE0000A2
S214047360D14604005E470400010000FF89ED0000DA
S2140473707B470400CF47040000FF0000BDED00007B
S214047380E4470400364804000100FF0029ED00002D
S2140473904C480400394904000107FF001B29030078
S2140473A04949040035030400FF00000089E6000094
S2140473B05A4904006C490400000101000007FF005C
S2140473C081E50000A7490400B84904000001010053
S2140473D0FF000000BDED0000074A0400184A040040
S2140473E0010000FFF9E40000074A04004A4A0400CA
S2140473F000FF0000698501005B4A040035030400B1
S214047400FF00000011D30000A74A0400350304005F
S214047410FF00000013560300350304003503040080
S214047420FF00000031930100350304003503040017
S214047430FF000000F592010035030400EC4A040046
S21404744002FF0000A19A0100F44A04003503040078
S214047450FF0000002D9A0100204B0400434B04005B
S2140474600200FF00955603006C4B0400350304002D
S214047470FF000000099A01008E4B0400AC4B040088
S21404748002FF0000E1990100C14B0400AC4B04006C
S21404749002FF000001000000CC4D002000000000A8
S2140474A000000000FFFF0000972F0300000000000C
S2140474B003000000FFFF0100753003000000000019
S2140474C004000000FFFF0100033103000000000079
S2140474D004000000FFFF00008731030000000000E6
S2140474E006000000FFFF0000F93103000000000062
S2140474F019000000FFFF01008F320300C71B0400C1
S214047500FC680020000000000000000000000000EE
S21404751000000000184C0400807504000000000001
S2140475201E4C04009856040000000000254C04007D
S21404753068580400000000005E190400585804004F
S214047540000000002E4C0400485804000000000010
S214047550404C040038580400000000004F4C04005F
S2140475602858040000000000604C0400185804006A
S2140475700000000000000000000000000000000002
S21404758090750400724C040035030400FE000000ED
S2140475908D4C0400A87504000000000000000000E4
S2140475A00000000000000000A75A0300924C0400EC
S2140475B035030400FF03010001013F040201003FFC
S2140475C0040202003D040202003D0401020001021E
S2140475D00003010002023D0402010002020201004F
S2140475E0020200000020202020202020202028281E
S2140475F0282828202020202020202020202020206A
S21404760020202020208810101010101010101010A9
S21404761010101010100404040404040404040410D9
S2140476201010101010104141414141410101010167
S2140476300101010101010101010101010101010131
S214047640101010101010424242424242020202023D
S2140476500202020202020202020202020202020201
S21404766010101010200000000000000000000000B1
S2140476700000000000000000000000000000000001
S21404768000000000000000000000000000000000F1
S21404769000000000000000000000000000000000E1
S2140476A000000000000000000000000000000000D1
S2140476B000000000000000000000000000000000C1
S2140476C000000000000000000000000000000000B1
S2140476D000000000000000000000000000000000A1
S2140476E0000000000000000000000000A0010000F0
S2140476F0801300200002100068520020201500208D
S2140477000000020800000000FFFFFFFFFFFFFFFF6E
S214047710FFFFFFFF00000000000000000000000064
S2140477200000000000000000000000002000000030
S21404773079C601001000000059C7010000000001CE
S214047740000001010001010120C001B80000000092
S21404775000000000FFFFFFFFFFFFFFFFFFFFFFFF2C
S214047760FFFFFFFFFFFFFFFFFFFFFFFFFFFFFFFF20
S214047770FFFFFFFF000102020303040506080C0CCA
S2140477800C00010203040707C8C8C8C8C8C8C8C88C
S214047790C8C8C8C8030404080808080800B801B81C
S2140477A002B800B08893040070930400030404082D
S2140477B008050000000000000000000000000000B3
S2140477C000000000EA06000048704C0F44700E0EDD
S2140477D030707E1302989A173870340F34705A0F2C
S2140477E0307048102C7048102870D0112470E8119E
S2140477F020703E0F1C70901218700C1314703A0F01
S214047800B110086001D80A7104B87F78020C7E783B
S214047810641000C6881F00A01DB8707803B01860F6
S2140478200F3027B30F330111C04806987C0229B0E5
S214047830086001D8087109DD047109BB11101660CF
S214047840A048086004100112FF3221500860D04896
S214047850086000880698381400C4441F00A000BAC4
S21404786003DF107109DF0672029836031DB85078DC
S21404787000A04413281441158110086002D814711E
S21404788010880698201900C014C000B80698861BF5
S2140478900091069892020160B83020D806711EBC8A
S2140478A0637C784D5412F03240DE0472404804DBA8
S2140478B008720DDD0C72044BEF3014480698F2047F
S2140478C000C4E04000544412086201322140087C9F
S2140478D0811140D91C72B1123032CF4A013AB1DA62
S2140478E0107208D8067104D80871804C237C567030
S2140478F0684C441200C4A41E00A04414413AF32465
S2140479000164415C412A047580B800C46040005498
S21404791081D8367140D90472237C084B0698F20449
S21404792004BA1CB9767900C1204001B835797F21A4
S2140479306121007906B906A901D8067102981002D9
S214047940804C307C0298640208D86A7100C15440A6
S21404795000B8141110D95E71584C441280BDA26D43
S214047960FF25784C4412FC22513A2814104C00C2CD
S2140479700CC101B8241228140862281408622814BA
S21404798008622814304C304C00C11C4000B8141156
S2140479901814086100C5284001B85415FF35047151
S2140479A010491814B04C4412086201320671029849
S2140479B00401804C08D80C7107BA24D8047106BA9E
S2140479C0187004D80C7101BA40D80E7102BA0A7045
S2140479D005BA20D8047203BA204C4411C04C1814BB
S2140479E0086118149111383111429111186110D997
S2140479F00472EF3200C1084001B8141110311E6140
S214047A0011422814A1110861181406986C1B181446
S214047A1000C1084001B814111861FF31181400C1E0
S214047A20448001B8141118140861181430880248E8
S214047A3006989403009308DB047101F800A027B0AD
S214047A400F3000A01088B111186180D90A7100C1E6
S214047A50884000B80811009100A000C4684000B82F
S214047A60441000A000C08840005004118261041035
S214047A7082601050F07200A054155045127106989A
S214047A8002050698920407B8707802B841781EBAC0
S214047A905B7A5C7A5D7A00C220C001B8241206982C
S214047AA02A1900C5481F00A05415511400C3FF012D
S214047AB00000313D09647F3406989C020158512821
S214047AC00475015841280E758111086102D90472A3
S214047AD0FF0FCC7007B8727800F8EBBD00C0441FE7
S214047AE000A00411113D10D91271FF33186300C1B0
S214047AF0781002B8381107B97479581000A006989F
S214047B0092020D300472044809DC0472084800C16D
S214047B101CC101B8141100C3D01E00A09115043571
S214047B201A7218131CBB08D804716C7B04D8047131
S214047B306A7B1DBB2F7C5B7B1670044B18131CBB27
S214047B4008D804716F7B04D804716D7B217C0C30DB
S214047B50026006987E040698C40B00B8B11118613A
S214047B6040D906720298580401BC00C2084001B805
S214047B7000DC0A7124150265604A0A702C4A241532
S214047B8008654C4A043508D90471202400C13C1FFA
S214047B9000A0141200DC327120D8067101B80C70F3
S214047BA0F0DA0C720CDB087102B8069886044824D6
S214047BB000C3384101B834138F7B0E7102B9911398
S214047BC008DB047203B928707C4914111110FD30C7
S214047BD00DDC1C7200C0A01E00A0041080D810711A
S214047BE000C0448001B80410E5200475804900C331
S214047BF0884000B8FFB801201141087101411813EC
S214047C000824014200C1284000B8141101411C6533
S214047C105141911520351E655141181328134813F8
S214047C2000C3844000B8341003D81671073005DC4E
S214047C301071B1108F780A7200C384C40350217B7C
S214047C401DB8507800B800C13C1F00A014121C6078
S214047C502150F0300152281100A04024076400C0CF
S214047C60FFFF0100013C17B00220015840280675AA
S214047C7018AC01EC00A0208800C020C001B8041293
S214047C8017B4211304123052F8711964402400C347
S214047C905C1F00A0341014110698F60D19610092AA
S214047CA011592129067600BB11590698D60D87620C
S214047CB0313B0472215A412A00A000C2686000B811
S214047CC0B8B91F610D49181200A0308801B91161B6
S214047CD000C30000C0FF3110312800BC002D0C7515
S214047CE0115418AC01EC312DF4701964511341553C
S214047CF0312C009300A000C3C00FFEFF50B2313AEF
S214047D00014250AA00A006983E07FFB08678087184
S214047D105CB86B786E7800C2548001B800C0D81F77
S214047D2000A004100812B822217A237A52B84178A7
S214047D3001B80C6021A809B819604CA800C0FFD18E
S214047D40C1FF4FB2013A00C0002E300001424FAAD4
S214047D5024B86E78ACB9FFB004D804714CB923A922
S214047D600698A80500C01390010006982E0500A0EA
S214047D700698020519B81460FFB28C620F32826A44
S214047D80214006982E0549BC21B952B849B207DEEF
S214047D902A7105DE0871627C607C1D0C6179677847
S214047DA064786B786278657863786078617C010CB7
S214047DB0010C6878020C69786C78020C00C22C807E
S214047DC001B8277A287A267A6A78050C41790A0C4B
S214047DD0B11040D806710298BA06784A2B7A327ADD
S214047DE0584A247A00C400011100404A00C0108496
S214047DF000000812508800C584100100FBAD10BDB9
S214047E0001BB8A6B21B9FAA9C44A1812217A227ACC
S214047E1000C0341F00A00410FCA882644110303057
S214047E200129F9A9F8ADFBB08260FBA80330A06570
S214047E302110044820EC237A0410037A184A2411EB
S214047E40DC4A01580029241004753150F8B1115049
S214047E5081632A71514031400812FCB18461FCA947
S214047E600F310E7117B0112817B111591028FA7670
S214047E70C44AF9B11812217A227AA0700095081221
S214047E80F8A800C20C8001B8207A844A00B8081208
S214047E90020CA44A087A020C21B84178784A0B7A74
S214047EA0127A00C2C81F00A0FFB008D80472184A8D
S214047EB0241000DC0A7140A80422241041A8069865
S214047EC09C0200C2481F00A02410015100C4FF01F8
S214047ED0000041391150081200A006983E0700BC65
S214047EE000C20C8001B8217A52B84978020C48784E
S214047EF0020C49B8417852AC21AC204A087A067A7A
S214047F00077A49AC00A059B840785AB101D9FC7236
S214047F10427857B8407858B101D9FC72427800A02C
S214047F2000C20C8001B8217A227A21B8547852B85B
S214047F30BC4A24119979127107B915614CA9617864
S214047F4000BB03BC0C64147009B919614CA94178D0
S214047F5001BB126300C4002E300000C0FFD1C1FF75
S214047F604FB1013941414FA9E44AC8B8081224ABBD
S214047F704CB823A80698A80500C004900100FFB1D9
S214047F8086790471084806982E0500C080090040CA
S214047F9040A809B8FFB108D9047103B853A8B110B2
S214047FA004D80C7156BB607B57BA627A607A02D8E2
S214047FB00C7156BB607B59BA627A607A04B86E78E4
S214047FC03DB8607800C05638000000C1B08001B8E3
S214047FD014119979087200C0D604000000C124C0A8
S214047FE000B814119F79047208484CA82EB8FFB143
S214047FF008D906714AA804704BA80FB834A800C064
S2140480000C5E000046B2014246AA00C12C4001B8EC
S214048010141108610631087100B9069850110698C3
S2140480203E14B11101D90E710698921B02D906723C
S2140480300698A00C069838145114069892040698CC
S2140480402A110698641700A006984E1701D80A71DC
S2140480501CB85B7807B8757800B84CA84AA84BA833
S21404806000C0F321FFFF46B1013946A904B86F7872
S21404807000A0FABC1964415C512C00C0581F00A033
S2140480800410012C0675069892040698780FB11011
S214048090186005D8327140BA06980E1404B865788C
S2140480A0911004D816711CB86E7800C0684000B8E9
S2140480B021780698781101400A721DB8427806980D
S2140480C04A1402985E0B1DB8717804B86C7841B8EF
S2140480D0427863784478FFB104D906720298CA09D4
S2140480E000C004900100FFB1867904710848069820
S2140480F02E0500C32C1F00A000C274C000B82414B0
S214048100481300BC48121C4B1C4A2414481300BCD9
S2140481104812084B584A2414481301BC48124ABA59
S214048120447A427A4BBA447A427AFFB0867804722A
S214048130617A4CBA647A657A3DBA607A4DB942B8C7
S2140481403FBB5B7966796179020C6479050C6379C7
S2140481506079050C627965795A7900C2340102B8EF
S214048160241305B819603140081242B86A78020C24
S2140481704A78020C40BCFFB208DA06714ABA0670A6
S2140481804BBA627A657A677A667A6A79667B029807
S214048190A40A00C32C1F00A000C274C000B8241494
S2140481A048131C4B1C4A241448133FBC48121C4A50
S2140481B000BC4812084B444A2414481301BC481215
S2140481C04ABA647A627A4BBA647A627AFFB3867B76
S2140481D00472617A4CBA647A657A3DBA607A01D9D7
S2140481E04E71647800C1708001B800C08000080039
S2140481F008110698860B42B861784DB97F797E7966
S2140482006A7868786278020C7B790F0C7A79140C99
S2140482107479417860787579050CFFB208DA0671CE
S2140482204AB804704BB8657801BC1664407002D92D
S2140482303C710698860B42B84DB968784078417808
S2140482407F797E797B790F0C7A79140CFFB208DA81
S214048250087171794ABA067070794BBA7279657A80
S2140482606A78020C4A78050C01BC1664020C417943
S21404827040790C0C00C04C0102B848100698F20471
S21404828000C4784000B8007C00C0A01E00A0041102
S21404829080D93271911104D92C727F2021200411C7
S2140482A0FD310DDD207200C0448001B80411E521C3
S2140482B0147600C0244001B804118A790871207C21
S2140482C0104C207C2AB86278511400C0581F00A0B5
S2140482D00410012C17B001118768015841280E7646
S2140482E005218769415C412D112D0670069892047C
S2140482F042B84DBB7C7B6478020C29B8687851146C
S214048300404406750698920442B844782AB84278DF
S214048310FFB101D90C7100C1548001B8CBB8081163
S214048320911004D8147100C0A01E00A0041080D8B8
S214048330067107B8537800F807B800C1CC1E00A031
S21404834000C220C001B824122811777800F8B110B2
S2140483509478387106989C02E4B911591128067667
S21404836000B80C70A0B9115901290475A0B8826030
S21404837000C3C01F00A03413012B341000C3FFFF3A
S21404838000FF42B13139114042A800A01DB09178D7
S214048390FA7142B86478020C00BA29AA00C4548060
S2140483A001B842B84DB900C3C04001B83413977B36
S2140483B0047240EC020C44785C7953AA0A0C281424
S2140483C042B84DB9FFB301DB2671244C00C3FF0F3E
S2140483D0FF0138145479407841785579020C5B795A
S2140483E05A79140C5F795E794A784278347002DBE5
S2140483F01471527951795079020C5B795A795F7904
S2140484005E791E7004DB1A7100C4FF07000000C307
S214048410342102B848133FBB467B020C5B795A7979
S2140484203DBB407B4CBB447B457B00C3301F00A058
S2140484303414403C207100C068C000B848102813AB
S2140484401C4B1C48341448102813144B444834144A
S214048450481028134AAA4BAA04B86D781DB8517858
S2140484605CB84B784E7800A000C074C000B8041105
S214048470108800B9181068480411108801B90B61F7
S21404848018102C4804111088008800C1231C000012
S21404849018104AB864784BB86478260C28B000C123
S2140484A0FFFF0FF0113871B90B61114028A828B9E5
S2140484B07379747900C21010303045AA54790E0CC2
S2140484C000C0E84001B8041100C23030101045AABC
S2140484D00E0C0410008810880698620D0091009017
S2140484E020888F618F600698620D0090886A21400C
S2140484F00112906A035800C13F3F00001138FFBCC8
S214048500022441281138014245AA28B953794AB8A9
S21404851044784BB8447800900091181000912C4889
S214048520181000916848181000A09168436091697B
S2140485304361115B012B112841603128315B00BA7D
S214048540302806763128204A4163302806763128BA
S214048550104A4163302806763128084A4163302899
S21404856006763128044A4163302806763128024AC2
S214048570416330280476014A00A0115910D90671C7
S2140485800860086008D90471086004D9047104609E
S21404859002D90471026001D90471016000A000BA16
S2140485A001D806710148112A1F61016001D8F672CC
S2140485B00138F67200A000C220C001B82412115976
S2140485C02129127300210E7100C238C001B824128A
S2140485D00121212900A002B020D8147100C0B01EC9
S2140485E000A0041002B9457906987613EA7003B021
S2140485F09F78087200B806A800F806983E0700C5DB
S214048600641F00A05088044D1CBC00C0B41E00A00B
S214048610811101D91E71407C009501150C4D5088BE
S214048620044DFFBB1863315B04110698EE0D312927
S214048630F8750698681A54150698921B01D908729C
S2140486400698580706700698F4071CBB547B0698D1
S2140486504E1701D8067202981A0FFFB90121103876
S214048660F67281129B7AF07100C2448001B8241419
S21404867000C0C01E00A004100113002004104050C7
S2140486800C7200B90698280F18B90A7018B906981B
S214048690280F00B900B806981E0F704A08B8069846
S2140486A01E0F00C2284000B814B806981E0F00C259
S2140486B0EC4001B80CB806981E0F202210B8069895
S2140486C01E0F108830880698580700930091069865
S2140486D0280F00C0C41E00A00412FFB901212141C6
S2140486E01810009500F8312811280410081200A06C
S2140486F004B831281128F8B1181000A0069880088C
S2140487000E700698C40B069880080698721206988F
S21404871012079112211900C02C4001B80A78097872
S21404872000F810B901BA0698041406982A11069897
S214048730641700C5641F00A081109D78FC7200F8C1
S214048740911203321CB900C3A01E00A0341300C447
S214048750B04000541DB84278707903DE0671447840
S2140487603A707179A11020D806710298541080DBF3
S2140487701C7102D8187205B80814A11010300248EB
S214048780081400B808149110086008141DB862781C
S214048790A11000DC0676517900BA06984E1701D867
S2140487A02272911120311D61911004D80E7200C1FD
S2140487B0501F00A0141101D90A7120880698501180
S2140487C0009200C1204000B801DB1871084C03DE9B
S2140487D00471904C441400C3FF1F0000413BFF2368
S2140487E03811944900C3384101B83413086380DB58
S2140487F00C7103BA186206983C1008701862069842
S2140488003C100C490879097914102140081100A07D
S21404881000BD0698760210B903DC047100B901BAEB
S2140488200698041402D9067100404E7203B118610A
S2140488300F3106987811FFD82872811008D818715D
S21404884006DD0A710698760203DC0C720698BC11E3
S21404885006984A140C7006DD10710698C21148700A
S21404886020B804A806DD1072069880080698120739
S21404887001F840B804A800F800C0A01E00A0041325
S214048880086301DB227191100111186111381DB9BA
S21404889010D8087144790298541002DBFA72A113B6
S2140488A028DBF47203BD06981E11069880081DBACC
S2140488B07F7A0698F20400C5681F00A00698760220
S2140488C000BA03DC1672044DA11002D804711C4DC4
S2140488D000C10CC101B80698AE045415212D0698A3
S2140488E03E050298AA089110015503355150011906
S2140488F000A000C14C1F00A0141001D8427101480A
S2140489000860FE200E75811020D8087100C1501F23
S21404891000A0141101D9287100C02C4001B804121B
S214048920215108610F3118611152281000C0084007
S21404893001B804119112215120311152211900A0BD
S214048940811380DB067201B800A000C314C001B80E
S214048950341006302E726C4B34121C4B34101860D4
S21404896002302072811080D8DE713410014A086209
S2140489700460803021508C480A717F234D233410C4
S214048980013000A000BD06981E111CB84778457833
S214048990437802B8447800A0069880080698BC116C
S2140489A000C5741F00A0541506983E050298AA0830
S2140489B0B1138F7B0A7200C384C40350017B0698EC
S2140489C03E1400C1384101B814118F790E7100C1EC
S2140489D0B84000B800BA06983C1050BA06980E1470
S2140489E006987811FFD84A71911004D848728110FD
S2140489F008601CD8407220D938721112FF322151F7
S214048A00347180218021111400C0D81E00A00413E4
S214048A10FFBA3151113A215111531DB938107B79DF
S214048A2040440E7200B900C2AC1E00A018120670B4
S214048A3004B860780698381400F800B900C2A44058
S214048A4000541812644A0AB918121CBA507A517A99
S214048A501DB942795F7900A00698760207DC107289
S214048A60911000200A75069872120298660F0698EE
S214048A70120701B9911004D8047100B910BA069807
S214048A80041400BA0040347100C0A01E00A00411F3
S214048A90086101D9127104D9E2728110086001D804
S214048AA0DA711DB8647800C11CC101B80698AE041A
S214048AB001B81160002A047600BA00C5781F00A029
S214048AC05415212D069872120698580700C57C1F67
S214048AD000A000F800BC811108D9167280D9207253
S214048AE001B910BA0698041400400E7101BC107047
S214048AF00698BC1106984A1420B804A800F80698EC
S214048B00721281110231127100B900C2144000546D
S214048B101812244A02B918120698BC1100C5801F00
S214048B2000A054150698F01A0298AA080411012108
S214048B3014711CBA737A0420041228110420041138
S214048B400121F47200A00698F20401F806984E1764
S214048B5001D81671FFB9012110380E7281109B7866
S214048B60087104B9677900F8911010D8287100C507
S214048B701CC101B854110698EE0D00C5C81E00A00D
S214048B8054155129EA7507B876781DB8447801B8A3
S214048B9004A800F8B110186010D82E7100C0504018
S214048BA0005400C3084000B83114984C44113411E2
S214048BB0086101D9FA714412281008622810086264
S214048BC0281008622810E8700298B00206989202EC
S214048BD0113804721E6202BB00C1D81E00A0141114
S214048BE020390C72911210DA0672417B00A00698A6
S214048BF03E1400C2A01E00A0241220DA0472617B78
S214048C001CBA527A00A01CBA727A811204DAFC7278
S214048C1000A01CB86B7800C0684000B82F7800A08D
S214048C2006984E1701D83A7100C22C4001B8241099
S214048C300360911120310151383111501D60081222
S214048C401DB9457900C2448001B8241200C0C01E74
S214048C5000A0041018200020041020500471657928
S214048C6010631EB9637900B902EC00CD114502EC1D
S214048C7000CC01DB087100BB0298D61803B841117A
S214048C800731FA211C760621911210DA087102DDEA
S214048C9010721E7020B80698B20D3038147208B8D8
S214048CA006987E0400C02C4000B82978207800F886
S214048CB0056020D8067102980C1602EC00CA05B8A6
S214048CC023DA187104DBDA7120DAD67110DAD2727C
S214048CD01EB8617800B801DA067202EC00C8911179
S214048CE010D9267100C1B81E00A014111150FF300F
S214048CF00C720761A110115002300A7180DB0A72EF
S214048D000AB89E701DB97C79186091111140211122
S214048D10C031114001191EB8411108D90471667892
S214048D2020D904726578A11002D80672C0DA1E71C2
S214048D301EB8273123DD087210DB1072607825DD3B
S214048D400A7121DD087208DB0471627803B84111E8
S214048D5007310872A1152035AA7102DD2072A1110F
S214048D6020D9A07102D91672CCDA9872411140D972
S214048D70927206B8054D5A720298AE1421114049F3
S214048D80C0D94C71A031411540350265514104618A
S214048D90086308DA1E7204DA36721049A115023521
S214048DA0067110DB0E7201340A7108DB22711EB8DC
S214048DB06778CC3211101A300ADC0872CCDE0471E3
S214048DC0FD3100C00D0F0C0D216001D85C7207B890
S214048DD00298D81400BA411108D90C7102EC00CAE2
S214048DE005B830DAEC720734F031036101DA047145
S214048DF0014900C0F300A3E3216001D8D27100C08A
S214048E009814406821604030014440DA0471204CD4
S214048E1004320262204A111006301F6001421831E3
S214048E201D6111420298F614204A00C00517085026
S214048E302160113001422088FFBB0DDA507100C159
S214048E40DE1B250180BC04DA107208DA0A7200C13F
S214048E5020841000E024A02408634143026401DA5D
S214048E6006711E49024B00C0201F00A0086338107C
S214048E70BC2002DA127101B91159A11380DB087102
S214048E8000C100FCFF0118100298621800C4A01E5E
S214048E9000A0441080D87C710092D0DA06710DDAF6
S214048EA00C711EBD437DEFBD0698140304620DDAF3
S214048EB08672A11105D95C7100C240400054241288
S214048EC01424281401D9067202D9327140D91E71AD
S214048ED002EC00CA211018320471FA2220D8047257
S214048EE00822FE22087502EC00C8F87001D90E713B
S214048EF002EC00C802D9067204DC187200C0A01E78
S214048F0000A004101D6001D806711EB8647807B866
S214048F1073780298D61800C0A01E00A004108030F3
S214048F200A7100C0C41E00A0041000A006984E17C4
S214048F3001D82E71911010D828728110A0D82272F0
S214048F4003B084781C7200C12C4001B814100DBA0A
S214048F50487A697A6B7A08111CB87B7807B87578F2
S214048F6000A0641000C6881F00A0C3B806987C0240
S214048F7000C4441F00A014BA281400B8011AB11083
S214048F808F780A7200C084C40350017891101030A0
S214048F90011905BA06980E1402D9067101B804A878
S214048FA000C0A01E00A004130698641180DB06719E
S214048FB0029858141DBA7C7A01DB6A7100C2241F19
S214048FC000A024111114FF3402EC00C8FF24FA7622
S214048FD008610698C20D046111380F30046111143B
S214048FE0011141100698C20D01D8087203B8029800
S214048FF0D8140C4A01DB22712410112811280412FB
S21404900002300471106200C0FFFF0000213800C265
S214049010204000B8FF200812411008600698C20DD0
S21404902001D87C7120BC1033767100BB00C1201FB0
S21404903000A01415C021112C511218620F320E71A3
S214049040408851140698FA18414300945112086552
S2140490501C620F320E71411151140698FA181C64E2
S21404906041430865513B00C1DC1E00A014111112D7
S21404907031100F30127100BA056101D80471114223
S21404908001600FD8F472311003601E30047201B808
S214049090003A087204B80298D8140298C41600C09D
S2140490A0384101B804118F7914717F2069200411A6
S2140490B00861303110DD06711DBA637A0698120312
S2140490C000F830885088FF34087102ECFF24F870EA
S2140490D002EC00CD1410595001440421FF22F27210
S2140490E00F4C0095009300A000C1A81E00A0141108
S2140490F000A030880698421B8111086102D90672C6
S2140491000298061A1CBB557B086120D90671029882
S214049110F6190088A110186006982019082114155D
S214049120FC251EBB5C7B5D7B00C1084001B81411A6
S2140491300731FE21307608D82A725113FC233413E3
S21404914004DB20711863FF33315B00C110C000B824
S2140491501411086180490C71FF31302954751EBB07
S2140491607B7B10707B7B7C7B00DD04717D7B01BB8D
S2140491703815EC25541300DF5471042505DF5471AB
S2140491805415211120880698EE0D009251293E753B
S21404919000C1084001B8141102DB0C710731315BC1
S2140491A031292A760C7004DF0872016180D91E7298
S2140491B00698201900C010C000B80698861B0698AA
S2140491C020191411FFD9607202984C1A009000936B
S2140491D000A05415A111186110D9A672082508D844
S2140491E0A071082510D89A71208821110698EE0DD2
S2140491F0FC255412112AF82554110C2520D8087180
S214049200F0255411102520290476215918150092AA
S2140492100298B81907B97179811010D80A711CB868
S214049220447802B841781CB9747904B9677900F8AF
S2140492308110A0D808711CB9497900A0086002D82A
S214049240FA7106982019108806983E14106210DAEF
S214049250087108211415F025541100C20020FEFFE1
S214049260202912750698921B01D90A72069880085E
S2140492700698120700941CBB41100C200698641331
S2140492804111082114100698641331284411111250
S2140492900861FF31FF32012210521072186118144F
S2140492A004244413042438140C701861214118143F
S2140492B008240814029838144044147100C1AC1EE3
S2140492C000A0141551131C630FDB0C721965069865
S2140492D00205411500A000C3784000B83413807B13
S2140492E006720698120706983E1408BB5114069890
S2140492F0B01A4415FC25541500C3784000B834133E
S214049300807B047100A002983E051CB900C3A01E11
S21404931000A03413086308DB1A718113A0DB0671FE
S214049320497910706979086302DB087204B96779B1
S21404933000F800A08111086102D910711CB9757972
S214049340069820191411FF3100A0FFB900A00410DC
S21404935008211411F421081100A0811110611031A4
S2140493600E710698201908211411F821141100A072
S214049370C895040000000000A0930400010000004B
S2140493800000000000F04902C89504000000000038
S214049390C4930400010000000000000000F049022D
S2140493A0E89304004063598F404B4C000B000B00BD
S2140493B01A00FF7F90690020000000006A980400ED
S2140493C000000000D89404004063598F404B4C00C2
S2140493D00B000B001A00FF7F9069002000000000BD
S2140493E06898040000000000FC1F0103C8970400EE
S2140493F01CC0011000F807001CC00130140208004D
S21404940050C0010087413004244006010700620072
S2140494103870000000000000000000030068010F20
S21404942040B8244058400101FC0069008040050112
S2140494302363E0119BC34A74F0030000038000001A
S214049440BE0A0000E040010133000000F0400401C1
S214049450590B0000640483078813C83A90200A0056
S21404946028410101001E00003C410B0100148C0041
S214049470141A21282E343B42495043557698BA0C88
S21404948028690000010000000721286414171A0048
S2140494902004C869A1203A093C42010129000000C1
S2140494A0A080020170780300D5C00000A8800111D6
S2140494B0F0010000A88001310542CB01AC80011107
S2140494C0F0010000AC80013105228D00B08001015E
S2140494D000030002FFFFFFFFFC1F010318980400AF
S2140494E01CC0011000F807001CC00130F50208007B
S2140494F050C001008741300C2440060107C05200CA
S214049500000000000000000000000003000000004F
S21404951000000000584001016402FF00804005017D
S2140495204B01A0089BC34A74F0030000000000002F
S21404953000000000E040010133000000F040040198
S21404954000000000640483078813C83A9C200A00BD
S21404955028410101031000003C410B0100000000FB
S21404956000000000000000000000000000000000F2
S21404957000000000010000000000000000000000E1
S21404958000000000000000003C4201010000000052
S214049590A080020170780300D5C00000A8800111E5
S2140495A0F0010000A88001310542CB01AC80011116
S2140495B0F0010000AC80013105228D00B08001016D
S2140495C000030002FFFFFFFF0C40020001801400AE
S2140495D07F40000020400200000000000000000061
S2140495E030400700000000000000000000000000FB
S2140495F0000000000000000000000000A0070000BB
S21404960050400100000000005C4002000000000022
S21404961000000000A840010007000000B440040059
S21404962000400000FF4C000000410000FF4D000019
S21404963008C001000000000020C00110FF00000068
S21404964020C001300043000024C00400EC80B303B3
S2140496504375A802000000002E02000054C0030058
S2140496600E2D09E654060708D1B6020064C00800A9
S2140496700430000040201006C8F248181FE8F60020
S214049680BD4B721511A3180510325476980A0000C3
S21404969088C0010000000000080001010407000063
S2140496A018000101000000002000010108840000E9
S2140496B01C4002011000000020F913045C40050160
S2140496C04108000001000000B0070800A7000000E1
S2140496D000000000944007010101103050707F7FA5
S2140496E00000000000000000000000000000000071
S2140496F000000000E440010100000000EC4001010D
S2140497007DA8D98B0041020100612000B7563512AE
S2140497100C410301F95412002030042988BB400090
S2140497202441010100000000304103016406660C78
S2140497300C010000E853FA0068410301640483073F
S214049740881382000000000030420301000000007D
S2140497500000000E0000000044420101000000006A
S2140497601080010103000000388002011149100036
S2140497700100000088800101000000009C800101B7
S214049780EB400200B48001013700000188000202A9
S214049790000C00044C0000009400010200040000C9
S2140497A0D00002020E00000090029608E4000102B7
S2140497B03D094204F4000102000000001801010201
S2140497C060005102FFFFFFFF12000000666666009D
S2140497D0000000007C9804006C9804000000000060
S2140497E0001A9A00005A620280841E000420FE00BA
S2140497F011495002000000000000000000000000B4
S2140498000000000000000000B1841E0000000000FC
S21404981000000000000000001200000066666600FB
S214049820000000007C9804006C980400000C000003
S214049830001A9A00005A620280841E000420000067
S2140498401149500200000000000000000000000063
S2140498500000000000000000B1841E0000000000AC
S214049860000000000000000005040000E1190000EC
S214049870E11900000000000000000000193F010686
S2140498800410010000010106001027000009000072
S2140498900000000000000000BDCF01006DCF0100F5
S2140498A079CF010069D0010061600300FB65030005
S2140498B0FF65030003660300076603000B660300E8
S2140498C00001030464EE01001000000024E101001E
S2140498D01A00000079EB01001100000075E4010095
S2140498E01100000063E511000400000023E11100EC
S2140498F00400000025E101000800000026E1010044
S2140499000A00000027E10100020000000000000039
S21404991000000000759A04006F9A0400000000001E
S214049920769A0400335D0400000000002D5D0400F8
S2140499302F5D040000000000315D04004D9A040011
S2140499407B9A0400345D04002E5D040000000000D1
S214049950325D0400689904002B5D04002C5D04004D
S214049960305D04002A5D0400000203040508090AA9
S2140499700B0001020304051D2000B40108020200C6
S214049980AA00FFFFFFFFFFFFFFFFFFFF698303003F
S214049990D52C020051580200A1F50200615B0200BA
S2140499A0CF6C0300D16C0300D36C0300D56C0300AA
S2140499B061BC0200FD94020041D602004DEF020095
S2140499C071490200C96C03009D970200CB6C03002A
S2140499D0753D0200CD6C0300C955030069420200C0
S2140499E03F2B0300000000000013000000000000EE
S2140499F00000000001000000299B02000200000095
S214049A00C77D030003000000819A020004000000E2
S214049A10417D030005000000219A020000000000BA
S214049A20000000000023001B2200FF0000000000CE
S214049A300C090202000000001C1A0B0303FF0608B0
S214049A400402020204020A0B030302030480FF0258
S214049A5004FF010101010800000000000000005A94
S214049A606967426565416C6C69616E63653039800F
S210049A70008F8E8C80808006080C10800E
S20C049A7C60B2FB7F010000004C
S210049A84909A040080650020CA010000CF
S214049A900000000000000000FFFF000001000000BE
S214049AA000000000000000000000000000000000AD
S214049AB0000000000000000000000000000000009D
S214049AC0000000000000000000000000000000008D
S214049AD0000000000000000000000000000000007D
S214049AE0000000000000000000000000000000006D
S214049AF0000000000000000000000000000000005D
S214049B00000000000000000000000000000000004C
S214049B10000000000000000000000000000000003C
S214049B20000000000000000000000000000000002C
S214049B30000000000000000000000000000000001C
S214049B40000000000000000000000000000000000C
S214049B5000000000000000000000000000000000FC
S214049B6000000000000000000000000000000000EC
S214049B7000000000000000000000000000000000DC
S214049B8000000000000000000000000000000000CC
S214049B900000000000000000000100000000F001CA
S214049BA00800000008100020010023010400000043
S214049BB010100020060030010100000014100020E0
S214049BC0FFFFFFFFC0EA2101C0EA21010080000078
S214049BD000F04902C866002000600B000080000008
S214049BE0BC360020C8000000FE0000000000000094
S214049BF0684E040018100020FFFFFFFF1C520400EC
S214049C003300000025F6000033000000812F030017
S214049C10B0CA0300B4CA0300C1CA0300CECA030014
S214049C20DBCA0300E8CA0300FBCA03000DCB03002B
S214049C301ACB030027CB030034CB030049CB030025
S214049C405CCB03006ECB030083CB030092CB0300F4
S214049C50A3CB0300B2CB0300C2CB0300CECB0300DE
S214049C60DBCB0300EBCB0300FDCB03000CCC0300E3
S214049C701BCC030024CC030039CC03004ECC0300D9
S214049C8063CC030083CC030091CC0300B0CC030068
S214049C90CBCC0300DECC0300EBCC030000CD0300EA
S214049CA00FCD03001ECD030030CD030042CD0300CC
S214049CB055CD030068CD03007ECD030000000000F0
S214049CC00F000000B5CF0300CCCF0300FF00000058
S214049CD0000000000000000000000000000000007B
S214049CE00000000000000000000000000030E70450
S214049CF000C8180329D803002ED803005BD8030035
S214049D0086D80300B4D80300E2D8030011D90300B0
S214049D103ED903006ED903009ED90300EED9030092
S214049D20FFFFFFFF00F80300FFFFFFFF0000040033
S214049D3000000400005C26052C68002006000000D5
S214049D409C740400000000000100190001000000DB
S214049D50A44200200100190001000000A4420020D3
S214049D600100190001000000A442002001001900AF
S214049D7001000000A44200200100190001000000B8
S214049D80A44200200100190001000000A4420020A3
S214049D900100190001000000A4420020010019007F
S214049DA001000000A4420020010019000100000088
S214049DB0A44200200100190001000000A442002073
S214049DC00100190001000000A4420020010019004F
S214049DD001000000A4420020B0460020000000005D
S214049DE000000000985D0400CC4D0020E0680020D0
S214049DF08C500020004C0400060000000000000008
S214049E000000000000000000FC7404001475040048
S214049E100B4C040035030400FE000000106900200B
S214049E20000000009C500020045100206C510020CB
S214049E300000000000000000000000000000000019
S214049E400000000000000000000000000000000009
S214049E5000000000000000000000000000000000F9
S214049E60000000000000000000000000F35B030098
S214049E70E8760400FFFFFFFF375F0300335F03004D
S214049E80FFFFFFFF3B5F0300FFFFFFFFE9FA010050
S214049E90FFFFFFFFFFFFFFFFFFFFFFFFFFFFFFFFC9
S214049EA0FFFFFFFFFFFFFFFF0000000020A10700E9
S214049EB000000000A59C0300000000000000000055
S214049EC00000000000000000000000000000000089
S214049ED00000000000000000AC560020E52202004E
S214049EE0593C020035030400000000000000000096
S214049EF00000000000000000AC5600207D2902008F
S214049F00000000003503040000000000000000000C
S214049F100000000000000000AC560020A53302003C
S214049F20593C020035030400000000000000000055
S214049F300000000000000000F84C0400AC560020AE
S214049F40FD4D020000000000350304000000000080
S214049F50000000000000000000000000AC560020D6
S214049F600157020000000000350304000000000052
S214049F70000000000000000000000000AC560020B6
S214049F805D670200000000003503040000000000C6
S214049F90000000000000000000000000B80B0000F5
S214049FA0AC5600203D6B02000000000035030400A0
S214049FB00000000000000000000000000000000098
S214049FC0AC5600201D740200000000003503040097
S214049FD00000000000000000000000000000000078
S214049FE0AC5600208D750200000000003503040006
S214049FF00000000000000000000000000000000058
S21404A000AC56002003730300000000003503040070
S21404A0100000000000000000000000000000000037
S21404A020AC560020D578020000000000350304007A
S21404A0300000000000000000000000000000000017
S21404A040AC560020797D02000000000035030400B1
S21404A05000000000000000000000000000000000F7
S21404A060AC560020CB7F030000000000350304003C
S21404A07000000000000000000000000000000000D7
S21404A080AC560020F1D502000000000035030400A1
S21404A09000000000000000000000000000000000B7
S21404A0A013850300AC560020BDEF0200593C0200A5
S21404A0B0350304000000000000000000000000005B
S21404A0C000000000AC5600202DF602000000000040
S21404A0D0350304000000000000000000000000003B
S21404A0E000000000FFFFD007B80B0000FFFFFFFFD3
S21404A0F0CEFAEFBEFFFFFDFFFDFF0C002C01001E95
S21404A1002C0140068000FFFF04F8FFFF0C0000004F
S21404A110000000004000FDFF2C019C000000FFFF33
S21404A120FDFFFFFFFFFF60EA8000800010C1CDAB9B
S21404A130640A0101FFFFFFFFFFFFFFFFFFFFFFFFB2
S21404A140FFFFFFFFFFFFFFFFFFFFFFFFFFFFFFFF16
S21404A150FFFFFFFF01FF05FFFFFF0101FFFF0201F5
S21404A160FFFF640250FF0F0208031E050216010AD1
S21404A1700C052007051001010F080101010104FF69
S21404A180030101FF0C01FF405AB47F015040300028
S21404A190FFFFFF0B03FF050B01030105020201FF8E
S21404A1A0FFFFFFFFFFFFFF010102FFFFFF010000AB
S20C04A1B0BD4C0000954C0000B4
S804007F4933
