S01B00006275696C642F72656C656173652F7A69676265652E73333714
S214004000081000204D7F0000E1C60000D30A030020
S214004010D30A0300E9C60000F1C60000D30A030075
S214004020D30A0300D30A0300D30A0300D30A03000B
S214004030F5C600001C4E0400D30A0300D30A030092
S214004040D30A0300D30A0300D30A0300657A0000EC
S214004050D30A0300D30A0300D30A0300D30A0300DB
S214004060D30A0300D30A0300F5CB0000D30A0300EB
S214004070D30A0300D30A0300D30A0300D30A0300BB
S214004080D30A0300D30A0300D30A0300D30A0300AB
S214004090D30A0300D30A0300D30A0300D30A03009B
S2140040A0D30A030015830000F9820000D30A030038
S2140040B0D30A0300D30A0300D30A0300DD1F02005D
S2140040C0E5650300E165030041170200FB65030098
S2140040D0E96503009D1F0200ED650300D1030200A1
S2140040E01D200200D30A0300D30A0300D30A0300EC
S2140040F0D30A0300D30A0300D30A0300D30A03003B
S214004100D30A0300D30A0300D30A0300D30A03002A
S214004110D30A0300D30A0300D30A0300D30A03001A
S214004120D30A0300D30A0300D30A0300D30A03000A
S208004130D30A0300A6
S214004134F0B5114A114C124E00F00105E3695F0711
S21400414413D40DB9334213D103EA00078F4207D1C3
S2140041540B4A1A40002A14BF6FF001000020F0BD7D
S214004164013AEBD16FF00200F9E74FF0FF30F6E7C3
S2140041746FF00100F3E700BF80969800000003503C
S214004184020001000B4B70B5D96911F480310DD1D2
S21400419401244FF48072084E084DF46020462C64C7
S2140041A41A61FFF7C5FF3464EC6070BD6FF0010060
S2140041B4FBE700BF0000035000100350002003502C
S2140041C438B541F6713301220C4C0021E569E363EE
S2140041D40B4B05F48035DA600223606121202361ED
S2140041E4FFF7A6FF10B92120FFF7A2FF0122054B17
S2140041F4DA600DB10023E36338BD00BF000003504E
S214004204001003500020035070B5134C6061E3693E
S2140042145B071ED40E4656F8043B8D18A361AE42C7
S2140042240BD10423002121202361FFF781FF58B915
S214004234BDE870402120FFF77BBF08210846FFF742
S21400424477FF10B10423236170BD56F8043BA361C5
S214004254E5E74FF0FF30F7E7000003502DE9F84399
S214004264154641F67132164B8946DF69DA63012238
S214004274064603F58053DFF8508007F48037DA608B
S21400428455B9284601220F4BDA601FB10022A3F568
S2140042940053DA63BDE8F88306F5005404EA08041C
S2140042A4A41BAC4228BF2C46494622463046FFF79C
S2140042B4ABFF0028E6D12644A1442D1BE0E700BF4F
S2100042C4000003500020035000E0FFFF45
S2140042D02DE9F04F4FF0FD0BC9B09A460DF11B09C2
S2140042E09DF8503108AFCDF80C90CDF808B0019786
S2140042F0059303890446009383790E4690464188C9
S2140043008288407812F0B6FB054650B10090A3882C
S214004310002062883A4912F0F1FE284649B0BDE80E
S214004320F08F99F800002FF0AFFC38B12846A3882C
S2140043306288344912F0E2FE8D25EEE75A46394689
S21400434099F800002FF048FC8346002851D0529B75
S2140043501BB1BDF84C3198424BD8002399F8009019
S2140043600793A9F14102012A5FFA8BF123D8384658
S2140043700139254ADFF898C05FFA81FE734513DBE2
S214004380059B04210792C3B907AF18221F489FED6B
S2140043901A7B02FB060420460A460830394684ED9E
S2140043A0027B17F0D3FB11E010F8011F01335140D8
S2140043B00CFB01F2E2E7059B33B123464A4638463A
S2140043C0009610F0D9FAA8E70829DED9B8F1000F50
S2140043D001D088F80090BAF1000F01D0AAF800B01A
S2140043E0529B002B99D05A46184608A917F0AEFBE8
S2140043F093E7012591E700BF0000000000000000E1
S214004400EEF6030023F70300C59D1C8180100020F4
S21400441093010001000000002DE9F04F93B0CDE9B4
S2140044200A32DDE91C530E9353EC102BCDE908013C
S214004430104619468DED060B1E9E16F011FE80B135
S214004440DDE906014FF0FF32C54B16F031FE40B9EC
S214004450DDE906014FF0FF326FF4801316F00AFE16
S21400446070B1DDE908019DED060B0E9B1E96CDE9A9
S2140044701C53DDE90A3213B0BDE8F04F00F088B9EE
S2140044800022DDE90601002316F0F4FD002800F006
S2140044903381DDE906A303F1004BCBF30A5016F493
S2140044A08063A0F2FF3008BF06250F9316F006FBC8
S2140044B09BA3D3E9002316F06BFB9BA3D3E9002351
S2140044C016F0B0F9CBF31304894644F07F518046CA
S2140044D00022A44B504641F4401116F0A1F994A3D3
S2140044E0D3E9002316F054FB02460B4640464946E5
S2140044F016F098F916F0E6FD044616F0DFFA8EA3DD
S214004500D3E900238046894616F042FB0022964BEC
S21400451016F088F916F0D6FD89A3D3E900230746DE
S2140045204946404616F034FB80463846894616F023
S214004530C5FA85A3D3E9002316F02AFB02460B46EC
S2140045404046494616F06CF902460B46CDE90C2368
S21400455016F01EFBDDE90C238046894610461946F8
S21400456016F060F90022CDE91001804B404649461E
S21400457016F038FC00227E4B16F054F902460B4625
S2140045804046494616F02EFC00227A4B16F04AF9B1
S21400459002460B464046494616F024FCDDE90C234D
S2140045A08046894600204FF0804116F039F90246D1
S2140045B00B464046494616F035F902460B46DDE9FD
S2140045C0100116F00FFC07F2FF3700226A4B16F0B8
S2140045D029F900223B0516F0DBFA52465B46804678
S2140045E0894616F065FD002840F08980CDE90C89E3
S2140045F004F16303C62B8CBF0527042731051BD5A2
S21400460053A3D3E900235046594616F047FD002829
S2140046107FD051A3D3E900235046594616F02AFD11
S214004620002876D00027A542C6BF2C1B04F1FF3514
S21400463000253C4646F480660E9B9F422CBF4FF0FA
S2140046400008A3EB070816F0020903D0002F18BFD6
S2140046504FF000083CB1DDE90C235046594616F0F1
S214004660C1FB82468B46DDE906010022002316F0D8
S21400467001FD10B10BF100439B46DDE9080126F46D
S2140046800063CDE90183DDE90A324BEC10AB0095FF
S21400469000F07EF802465FB3DDE9091316F0200F3E
S2140046A000F10105089E0CBF65204520B047DDE9F6
S2140046B008010523002205930A23002CCDE90232C7
S2140046C007F1FF374FEAD473B8BF64422A46019316
S2140046D004970A9B009431F0F3F80246B9F1000FF4
S2140046E006D00B9BC41A0B9B1A190E9BA34245D8E7
S2140046F0104613B0BDE8F08FDDE906ABCDE600222C
S214004700404649461A4B16F06DFB013CCDE90C01BC
S2140047106EE7002D90D00F9B002B8DD0013D8BE7D0
S214004720FB799F501344D33FB3C8608B288AC63F9B
S21400473061436F63A787D23F71A379094F930A40FD
S2140047401655B5BBB16B0240EF39FAFE422EE63F76
S2140047502D431CEBE2361A3F0000000080842E41F9
S214004760FFFFEF7F0000F83F0000E03F00002C4016
S21400477000002440000018400000F03F2020DDE943
S2140047800913089DA8470134ADE700BF00000000EC
S2140047902DE9F04F5BEC10AB97B0CDE90501DDE9F4
S2140047A02058CDE90723504652465B465946229F7D
S2140047B016F056FC70B90323CDE902870193AA4B85
S2140047C00093DDE90501DDE9072330F0ABFF17B004
S2140047D0BDE8F08F4FF0FF326FF480135046594615
S2140047E016F048FC28B10423CDE9028701939F4BBD
S2140047F0E6E74FF0FF32504659469D4B16F058FC00
S21400480068B19C4A07F00403002B08BF03229A4BAA
S2140048101CBF13460422CDE902870192D0E750461A
S2140048208DA3D3E90023594616F042FC38B98CA371
S214004830D3E900235046594616F01CFC68B1DDE962
S2140048400723DDE905014BEC10ABCDE92187209568
S21400485017B0BDE8F04FFFF7DFBD0022002350463B
S214004860594616F007FC002800F091805B46524639
S2140048700020002115F0D4FF012382468B460993C1
S21400488017F4806400F08580092D40F285800024AE
S21400489030210EABA5F109020134202C03F8011BD0
S2140048A0A5EB040901D09442F6D15946504616F0BD
S2140048B009FC724B054603EBC90393ED007B8DEDB7
S2140048C00A7B16F0FBF802460B465046594615F092
S2140048D0A7FFDDE90A2316F05BF902460B46CDE991
S2140048E00C2316F017FC064616F0D8F802460B46C0
S2140048F0DDE90C0115F094FF02460B46CDE90C23CA
S21400490000225F4B16F0D4FB002848D00136304614
S21400491016F0C4F802460B46DDE90A0116F0B4FBB1
S21400492008B100260135B9F1000F45D1284616F02A
S214004930C5F802460B465046594615F071FF002250
S2140049404F4B16F097FB10B9E90700D501350A2141
S2140049500EAB1A19202C0AD095FBF1F001FB10556E
S214004960303502F8015B013405460028F2D107F025
S2140049700302012A55D1B8F1000F52D0099A12B994
S21400498017F00C0F01D008F1FF38302240E00990F4
S21400499076E74FF0060988E7A946002485E7002257
S2140049A0DDE90C01364B16F065FB0028BBD10EB1D5
S2140049B0F007B8D50136B6E70A210EAB1A19202C37
S2140049C00DD0B6FBF1F001FB1063092E03F13003A6
S2140049D009F1FF3904F1010402F8013B11D8302136
S2140049E0A1440EAA202CB2D04C4504F101030AD1F2
S2140049F004F158020DEB02042E2204F8202C1C466B
S214004A00A5E70646DBE7A1541C46EBE71A5501343A
S214004A10444506D2202CF9D1CDE9028701940EAB8D
S214004A20CEE6202CF8D0099B3BB12D2204F158038A
S214004A306B4403F8202C0134EEE77A0704D504F122
S214004A4058032B226B44F4E73B07E5D504F15803E3
S214004A5020226B44EDE700BF0000000065CDCD418D
S214004A600000000065CDCDC111140400151404002B
S214004A70FFFFEF7F081404000D140400505D0400CF
S214004A800000E03F0000000070B58EB02C22002130
S214004A9003A816F0CBFE64234FF002320893CDE94C
S214004AA005230B2301218DF834305B4B8DF8101055
S214004AB01D880D4040F0A980084634F05DFF0A22AC
S214004AC0564B574C1A704FF42873ADF812304FF00F
S214004AD0FF332360534B54491B8820460B82534BAD
S214004AE0534A1B68CD828B61524B0D621B884B82EA
S214004AF0514B1B68CB611DF007FB20B14FF41B71B7
S214004B004E4835F0D4FF0521206831F0CCF820B1AE
S214004B1040F27D21494835F0CAFF206815F03CFE7A
S214004B20474B2068196831F081F90C2535F08CFB6D
S214004B306843099035F088FB68430DEB0501079044
S214004B40206817F035FD20B140F295213B4835F03E
S214004B50AEFF25681FF010FD00220146284631F002
S214004B60DDF920B140F29721344835F0A0FF40F23D
S214004B700353344D344E2B80052396F90000AB705A
S214004B807F2801D11DF0B6FB3378EB7035F05CFB67
S214004B9000EB80008000A88035F056FB0023C000A4
S214004BA04FF0FF31E880AB604FF0FF3018A3D3E939
S214004BB0002335F033F82549206831F068F920687D
S214004BC002A931F084FD20B14FF434711B4835F052
S214004BD06EFF042220680DEB020131F0FCF8042879
S214004BE004D040F2D721154835F061FF01A9012015
S214004BF030F0FDFC07F0B8FD01201DF0FFFF2CF0A3
S214004C0060FD1EF025F81DF00DFB0EB070BD00BF58
S214004C100A0020FF42030000C65B0020F26200206C
S214004C20E0550020FE760400A46900200477040006
S214004C30A1990300FC76040000770400DA4C040017
S214004C40EC660020D45500207A6C0020159A0300EC
S214004C500348044B834202D0034B03B11847704706
S214004C60A86C0020A86C002000000000064B074936
S214004C70C91A891048BF0131491003D0044B0BB143
S214004C8001481847704700BFA86C0020A86C002099
S214004C900000000010B5064C237843B9FFF7D8FF94
S214004CA0044B13B10448AFF300800123237010BDFA
S214004CB0B015002000000000849A040008B5044BDC
S214004CC01BB104490448AFF30080BDE80840CDE7B7
S214004CD000000000B4150020849A0400A3F5803A72
S214004CE0704700BF154B002B08BF114B9D46FFF7C2
S214004CF0F5FF00218B460F461148124A121A16F08D
S214004D0095FD0C4B002B00D098470B4B002B00D08A
S214004D1098470020002104000D000B4817F0CCF83F
S214004D2016F05CFD200029002BF02CFB17F0B2F8E3
S214004D30000008000000000000000000081000202E
S214004D40081000204863002021BF010007B501219C
S214004D5020200DF1070201F055F858B10223012179
S214004D6020200DF107028DF8073001F05BF803B044
S214004D705DF804FB9DF807100229F8D002220948C6
S214004D8015F042FC022301210DF1070220208DF8C8
S214004D90073001F047F82BF04FFA4FF4FA6000F0B6
S214004DA07BFEE4E7E8AE030038B502F027F901F031
S214004DB0C7F9012805D001F0C3F9022801D001F097
S214004DC0E5F9064D2B783BB901F0BAF901280446FF
S214004DD002D12BF0BAFA2C7038BD00BFA45C0020BC
S214004DE010B5044600882BF0FBF9A37884F844003D
S214004DF0834202BF0123E3702371074B04F11C00BA
S214004E00C4E9073401F054F8224620880349BDE877
S214004E10104000F091BF00BF77FF020041FF020084
S214004E2070B5C37804460D461646002B34D1D1B172
S214004E30214815F0E9FB0123E370E36CA6600BB193
S214004E40E06D9847E368F61A63699E4221D2217E98
S214004E501A480131C9B2217615F0D6FBA36D13B1FD
S214004E60217EE06D9847E5702BF0F9F915B32379AC
S214004E7003BBA268238A801A83421BD801231048EA
S214004E80237115F0C1FB236DA3B1E06DBDE8704042
S214004E90184701232376E6E70029E4D1094815F0F0
S214004EA0B3FB636DE660E5702571002BDBD0E06D2B
S214004EB09847D8E770BD00BF10AF030021AF0300CE
S214004EC04FAF03003CAF030070B51E468388044610
S214004ED00D46C18002810BB1868070BD8178008846
S214004EE02BF06AF80123E370064BA680C4E903346E
S214004EF00C34204600F0DCFF29462046BDE8704012
S214004F002BF0A4B9C3FF020010B501790446B1FA2C
S214004F1081F1008849092BF0C6F821796088B1FA3A
S214004F2081F149092BF0BFF8034B1A68A24204BF6F
S214004F3000221A6010BD00BFCC150020F8B54379DA
S214004F400446ABB100880E4F0E4E3B6804F10805D0
S214004F5013B10D4B1B786BB121792BF0A4F80B4BDA
S214004F603C6028463178A360BDE8F8402BF06EB967
S214004F704088E8E7064815F047FB064BF1E700BF18
S214004F80CC150020206C0020A55C0020094F0000F6
S214004F9065AF03003D4F000010B50446E0B10F4872
S214004FA015F032FB01236371A37953B92179208868
S214004FB02BF079F8236B7BB1606B0121BDE81040C4
S214004FC018472046FFF7A0FF04F108002BF043F92E
S214004FD02046FFF7B3FFEDE710BD00BF9BAF030011
S214004FE010B50446F8B1104815F00EFB00236371A7
S214004FF0A3796BB921792088B1FA81F149092BF0A0
S21400500052F8236B7BB1606B0021BDE81040184757
S2140050102046FFF779FF04F108002BF01CF9204624
S214005020FFF78CFFEDE710BDA6AF030010B50446F2
S21400503068B1074815F0E8FA637920461BB1BDE869
S2140050401040FFF7CDBFBDE81040FFF7A5BF10BD6D
S214005050B2AF030010B50E4C0E48214615F0D4FA38
S21400506082210D4815F0D0FA82210220A21E00F0FF
S214005070D9FE014630B134F8022C0848BDE810408D
S21400508015F0C2BA0648BDE8104015F0BDBA00BF1C
S21400509026570020C1AF0300DCAF0300E7AF0300D4
S2140050A02BB0030038B5124C82212246022000F0B5
S2140050B0A9FEA51C014698B122880E4815F0A4FA50
S2140050C02A460D4B03F1280153F8040B8B4242F895
S2140050D0040BF9D119889B78118093702A232380BA
S2140050E035F8021C054A0648BDE8384015F08CBA6B
S2140050F02457002036B00300B6B003002657002021
S21400510094B00300034B1B781BB18B4201D82BF0E5
S21400511093B87047216C002010B5044601460E482F
S21400512015F072FA012C11D10C4B0D481A884FF667
S214005130FF739A421EBF0022094B5A742AF099FF49
S21400514002F0B2F8BDE8104001F084BF0448BDE8A4
S21400515010402AF090BF00BFE1B00300D46B0020DF
S2140051607866002070B500241A4D1B4E3378A34293
S2140051701BDC0024194D1A4E3378A3421BDC002496
S214005180184D194E3378A3421BDC00F0D9FF0128D6
S21400519016481CD12AF06DFF02F086F801F05AFF7F
S2140051A0BDE87040124800F0EBBF2846FFF718FE37
S2140051B001346035DAE728462AF041FF01343435F9
S2140051C0DAE728462AF074FF01343835DAE72AF0A1
S2140051D052FFE5E734230020AB5C00205427002074
S2140051E0AC5C002004210020AA5C00207866002029
S2140051F0195100002DE9F04F87B0FFF753FFB34B6E
S21400520005A805932AF078FF054616F00BFAB04C71
S214005210C2B21F2A627004D9AE4815F0F5F900F044
S2140052202FFC2946A01C16F091FC05A82AF064FF66
S214005230054616F0F7F9C2B21F2A84F8212001D9D4
S214005240A548EAE7294604F1220016F07FFC05A8E7
S2140052502AF052FF3226044600272578002D40F01B
S2140052609F809E4CFFF77EFF2378DFF8B0A2DFF822
S214005270B0829B4F00939AF8003098F80020397857
S214005280984815F0C1F93A7898F800109AF8000096
S21400529053180344DFF880B220782C46034458465F
S2140052A0DBB2AA4200F31683012B38BF01238E4ED1
S2140052B002933246002335464FF482714FF6FF7450
S2140052C002980133984213705180948002F10C02C8
S2140052D0F6DC864B84497E48AB6001F00DF8E87931
S2140052E0AB68DFF8309200EB400003EB800000F084
S2140052F0D3FDEB79B9F800200133A242EB7103D05D
S21400530079497B4801F0FCF84FF6FF73B9F80020A6
S2140053107549D21A18BF0122764801F0DBFD4FF01E
S2140053200009724C3A784A4500F3DC8200264FF0BA
S2140053300C09714ADFF8B0B198F800003978B0422D
S21400534000F3E48246180C21002501FB06B19AF80A
S21400535000009423A842694A00F3F6820C253E78A2
S21400536098F8003000274FF482781E44064405FB68
S21400537006B5DFF8B0A1594B1B78BB4200F3F782A5
S2140053800299594800F016FE059B50491A468B4272
S21400539040F000835A4807B0BDE8F04F15F034B926
S2140053A0532D0FD163784C2B40F05B81A378502BA4
S2140053B040F057810122534B1A7005A82AF09CFE34
S2140053C004464AE74C2D0ED16378502B40F0CB8034
S2140053D0A378303B092B00F2C680A01C2AF099FE69
S2140053E0494B1870E9E7442D13D16378303B092BFD
S2140053F0E3D8601C2AF08DFE444B454A19780023FA
S21400540086B2994202F16002D7DD22F8466C01337B
S214005410F7E7422D0CD16378542B40F08580A01C12
S21400542000F0D8FC3B4B188018462AF066FDC4E70F
S214005430582D33D8412DC0D9433D152DBDD801A3D5
S21400544053F825F041580000BB530000BB53000042
S214005450BB530000BB530000BB530000B555000013
S214005460BB530000BB53000067550000AF5400005C
S214005470BB530000BB530000BB530000BB530000EF
S214005480E756000063560000BB530000BB53000005
S214005490BB530000BB5300005D570000692D8CD144
S2140054A0601C2AF036FE80B22AF0C2FE85E70C4B5E
S2140054B0012019780023184A994202F1A8027FF7C2
S2140054C07CAF02F8A60C0133F6E700BF2657002093
S2140054D08C65002000B1030017B10300A65C002015
S2140054E0A95C002027B103009816002010170020A2
S2140054F048160020D0150020581D00209C1B0020B8
S21400550077B10300A55C0020206C0020AB5C002077
S21400551034230020D46B0020581E0020A75C0020F7
S214005520A85C002090180020601C00F053FC054684
S214005530E01C2AF066FE0121024628462AF01DFEDF
S2140055406021B048B04C03785943621865524FF456
S214005550FA6111824FF448715161AC495683116566
S2140055600133037029E7601C00F034FC00224FF082
S21400557034088146A64F11462AF0FFFD3878A54D1F
S21400558008FB00F325F80390EA18E3781046693B19
S21400559018BF012393702AF052FD00219E4A3B78E3
S2140055A05160012103FB08550B443B7015600F4604
S2140055B0117402E7601C00F00DFC002211468146C3
S2140055C02AF0DBFD3422924DDFF84882287802FB71
S2140055D000F328F8039008EB0301E3780846693BDC
S2140055E018BF01238B702AF02AFD8C4A0023104630
S2140055F0916B31BB00EB831034232A7802FB0383C4
S2140056008363874A00231046D2F8A410F9B9A8226B
S21400561002FB030034232A7802FB0383C0F8A4307D
S2140056205FB97D4A3B46114652F8040BA8B93422AE
S214005630287800FB028241F823202B7801332B7058
S214005640BBE60133042B02F14002D1D1D9E7013386
S214005650042B02F1A802D7D1E2E70133042BE3D1F1
S214005660EBE7601C00F0B6FB8046E01C2AF0C9FDA4
S2140056700121024640462AF080FD60216148624DC5
S2140056800278DFF8B4C151436B1825F801804FF457
S21400569048711982596163495E839965E178A82447
S2140056A0642904BF012199709CF80030DFF870E18E
S2140056B05C430EEB04010EF804304FF400744C808B
S2140056C003240C718C7102EB420405EB4415322462
S2140056D00133DBB201324B718D6081F8A04002705D
S2140056E08CF8003069E6601C00F074FB00224FF076
S2140056F0380A8146DFF83C8111462AF03EFD98F8CC
S2140057000030494D0AFB03F325F803904FF00109DA
S214005710EA1882F80490E37873B1E01C00F05AFBB4
S2140057200022044611462AF028FD98F800300AFBAD
S21400573003535C8083F806903C48384A0378990106
S214005740535498F8001002EB8314C1EBC10205EB2A
S214005750C2054A1C656388F8002001E7601C00F05B
S21400576039FB8046E01C00F035FB0546601D2AF03C
S21400577048FD04460246012140462AF0FEFC224629
S214005780284601212AF0F9FC60204FF4487CDFF817
S21400579074E01D4A9EF8003000FB03F422F80480F3
S2140057A0DFF880801119A1F810C0C1F814C04E832C
S2140057B0C1F85880591CC9B248431418A4F810C040
S2140057C0C4F814C06683C4F8588094241552184D43
S2140057D0981C8EF800002878DFF860C0444303EB7E
S2140057E0430301EB41010CEB040E02EB431302EB07
S2140057F041120CF80400CEF80430CEF80820013030
S2140058002870DAE5AB5C002034230020E3000300B8
S214005810AC5C00205427002078660020581D00202D
S214005820581E00200551000004210020A85C00201E
S214005830A75C0020AA5C0020A95C00209C1B00201E
S214005840601C00F0C7FA8046E01C00F0C3FA002295
S2140058500546114640462AF090FC002238241146A0
S21400586028462AF08AFC5048504A03784FF0000E2B
S21400587004FB03FC22F80C804FF0010802EB0C013D
S21400588081F806E081F8048003EB0801C9B24C43B6
S21400589002EB040C15539C1C04704FF48274444DA8
S2140058A08CF806E028788CF804804443DFF808C1BA
S2140058B0C3EBC303C1EBC1010CEB040E02EBC30345
S2140058C002EBC1020CF80400CEF80430CEF8082033
S2140058D0404495E7467901358E4284BF0471447191
S2140058E0A830DEE4B9F1000F06D016F8052C02EB5E
S2140058F0420204EB8204B4603146584601F0A8FE2A
S21400590009F101090BF1A80B0C360BE571180AD04A
S214005910481E09FB00B0C07900EB400004EB800491
S21400592009FB01B08460104609FB0151039201F0A7
S2140059304DFC39781F48314409FB015101F0B4F998
S214005940039A01364032F7E4F54218BF11F8050C09
S21400595003911EBF00EB400004EB80048C6003FB49
S214005960052001F0B1F8039901350C31EFE4F74258
S21400597018BF15F8053C29461CBF03EB430304EB90
S214005980830408FB07A018BFAC6000F04FFF013788
S2140059900C35F0E413F8011D00297FF4F6AC3B212A
S2140059A002F8011CF1E400BFAA5C002004210020DC
S2140059B0A65C0020F82000209018002007B50121E2
S2140059C021200DF1070200F01DFA18B99DF80720F6
S2140059D0024B1A7003B05DF804FB00BF216C002078
S2140059E007B5064B8DF80700187001210DF1070268
S2140059F0212000F017FA03B05DF804FB216C0020AC
S214005A0007B5022101200DF1060200F0FBF938B9B6
S214005A10044814F0F9FDBDF8060003B05DF804FB79
S214005A200020FAE794B1030007B50221ADF806009E
S214005A300DF10602012000F0F5F9014610B1034809
S214005A4014F0E2FD03B05DF804FB00BFB5B103003F
S214005A5010B5FFF7D5FF04460146074814F0D4FDFD
S214005A600121064814F0D0FD24B9BDE810400120FD
S214005A70FFF7DABF10BD00BFE5B10300F7B10300C2
S214005A8008B5044814F0C0FD00F0DCF92AF0D4FB99
S214005A902AF0CFFB0DB2030038B50446084D094B7B
S214005AA028462B6000F004FA002C18BF2146284632
S214005AB0BDE8384008BF4FF496712AF0C7BB00BF58
S214005AC058280020310103002DE9F043384D91B0ED
S214005AD008AC0746894690460FCD0FC495E80F00E0
S214005AE0002684E80F0001250323324C3248CDE916
S214005AF00366CDE905668DF80E300796029534F0FC
S214005B007FFF2E4834F07CFF32462D4920468DF824
S214005B10176004F0C5FE334632462A498DF8190050
S214005B20009020468DF82390CDF82C808DF82160CB
S214005B3004F0D0FE0A9020468DF8097004F032FE7C
S214005B40204608AA05A904F0EBFE02AA204603A9EF
S214005B502BF013FD4FF400721B4B5A62194BE56095
S214005B60626A920510D46BB94FF40072164B114856
S214005B705A6204F017FE114834F045FF002011B0B9
S214005B80BDE8F083013BEBE7002BEDD0094908A800
S214005B902BF026FD4FF400720B4B06485A6204F0B9
S214005BA001FE064834F02FFFBDF82000E7E700BFEF
S214005BB0D44D04000040005A7C5004007850040085
S214005BC080841E0040420F000060005A0122034BF2
S214005BD01870034B1980034B1A707047AE5C002098
S214005BE0DC6B0020AD5C0020F8B5454B1B780BB98C
S214005BF00020F8BD434B1B78012B03D1BDE8F840CD
S214005C002AF099BA404B1C884FF6FF739C42EFD09F
S214005C103E4834F0F5FE0023260AE4B21A46214632
S214005C20304604F07FFD012E354604F0010335D0E2
S214005C3015D9B51E012DDBD8002B0BBF4FF4807590
S214005C404FF080754FF470614FF070610BBF012705
S214005C504FF480370F204FF470202D4B11E0002BAF
S214005C600BBF4FF480754FF080754FF470614FF0A6
S214005C7070610BBF01274FF480370F204FF4702060
S214005C80244B1A6802401CD0BA421AD01A680A403E
S214005C9032D11A6822EA01022A4316E0002B0BBF13
S214005CA04FF480754FF080754FF470614FF070615F
S214005CB00BBF01274FF480370F204FF47020164B90
S214005CC0DFE71A6822EA00023A431A602AF033FA3B
S214005CD0054600288CD0083644EA06102A460321DA
S214005CE0C0B2FFF7F1FE40F6FF73684300F2FF70A4
S214005CF0B0FBF3F080B27CE795427FF479AFC8E75B
S214005D00AD5C0020AE5C0020DC6B00207C50040004
S214005D1028C3035020C3035024C3035010B5044CBB
S214005D20237823B9034834F06BFE0123237010BD9B
S214005D30B05C00207C5004002DE9F0431F4C85B079
S214005D40074688469146FFF7E9FF23781BB902F01D
S214005D5099F9012323707BBAADF80C30302200236A
S214005D60174E02FB03F4315DA51901BB0123335521
S214005D704FF0FF3304F1100012493044AB606F80DF
S214005D80C5F80480C5F80C9009F00EFC04F1080173
S214005D90042231440C4B009503A802F049FAA96886
S214005DA002460A4814F030FC05B0BDE8F083013323
S214005DB0102BD6D1064814F027FCF5E7AF5C002080
S214005DC0802800205B0103006D0103001AB2030067
S214005DD048B2030080B10278A2F14103032B0BD82E
S214005DE040783038C0B2082806D8054B134413F85C
S214005DF0413C40EA032070474FF6FF70704700BFF3
S214005E00F44D040008B50B4642B10146044800684C
S214005E1003F052FBBDE808402AF004BA022008BD91
S214005E20E466002008B50B4642B101460448006807
S214005E3003F0CAFCBDE808402AF0F4B9022008BD09
S214005E40E4660020F0B50026124F8DB0FF230093C5
S214005E500A223346386802A92BF04CF9C0B102ABCF
S214005E601D4603EB800404E055F8043BB34228BF0C
S214005E705E1CAC423868E9D9296803F02BFE00287E
S214005E80F2D02D28F0D00DB0BDE8F0402AF0CAB907
S214005E900DB0F0BDE466002028B1034B0360034B51
S214005EA04360002383607047190000038C6600205F
S214005EB0FF2307B50021044A0093083009F0F8FADA
S214005EC003B05DF804FB00BF470203000B4604491D
S214005ED0024608680349097808B12AF0DBB970471A
S214005EE08C2B0020B25C0020F7B50C4618B1292197
S214005EF0194834F0DCFD246823685E795F883046F4
S214005F003946FFF7E3FFF0B18568E5B1A089227D49
S214005F103946904291BF0020801AA36880B294BF91
S214005F2003469B18E27C00903046A84701380328B9
S214005F3003D8DFE800F0080F0B0D002420462EF0F3
S214005F400BFC204600E0812003B0F0BD8024F5E77E
S214005F509324F3E78724F1E770B20300F8B51546FB
S214005F600D4A044610680D4A0B46117850B1224679
S214005F702AF090F9034628B100210C27C678B142D2
S214005F8001DB0020F8BD07FB01F45A681019125B0C
S214005F90AA42F7D00131F2E78C2B0020B25C002039
S214005FA008B5034B1B6803B19847002008BD00BF27
S214005FB0882B00202DE9F74F04460D460026454B5A
S214005FC0454F1860454B197033010021F85C0136C7
S214005FD010F03EFB0C2EF7D10C2D28BF0C254FF0F1
S214005FE0000901953C4EDFF800A13D4DDFF8FC802E
S214005FF0019B4B4502DC03B0BDE8F08F23784FF0E1
S214006000000B337063887380A388B380A379C6F8C7
S2140060100880B371E379C8F8005088F804304FF070
S2140060200003A768A8F80630E3795B450ADC01217F
S21400603016F8100B10F00CFB08F1080809F101091E
S2140060400C34D5E74FF0000338886B812880FB7846
S2140060504FF0000C2B81BA78C5F804A0002A0092F5
S2140060600CBF802240222A7379680AF10C0263452D
S21400607013DC03EB43030AEB830ABB6843B1009AC5
S2140060804FF6FF71B2FA82F2164B52092EF0F4FA6E
S21400609014350BF1010B0C37C6E7B1F800E00CF134
S2140060A0010C22F80CEC91F802E00C3202F816EC27
S2140060B091F804E00C3102F815EC11F809ECBEF189
S2140060C0010F14BF4FF0100E4FF0110E02F814EC33
S2140060D0CDE700BF8C2B0020C4420020B25C00201D
S2140060E090310020E95E0000902B00201034002044
S2140060F0014B1860704700BF842B0020014B1860CE
S214006100704700BF882B002070B5128805460E46E3
S214006110FFF724FF044670B102790499806815F0F1
S214006120D7FB064B1B680BB9002070BD31462846CE
S21400613022889847F8E78620F7E700BF842B0020E0
S21400614008B50FF021FB022806D0012806D0044B24
S21400615018784000C0B208BD0120FCE70220FAE72C
S214006160B15C0020054B10B51C682CB1FFF7E8FFAA
S2140061702346BDE81040184710BD00BF802B002006
S214006180014B1860704700BF802B0020034B1A7825
S2140061901AB901221A700BF057BB7047B15C002089
S2140061A00022024B1A70FFF7DDBF00BFB15C002073
S2140061B037B50446002836D00FF0E6FA022834D168
S2140061C060892EF02BFEE079237A003818BF012074
S2140061D0012B637A08BF40F008000BB140F01000B6
S2140061E063890BB140F00400257CA188A2790DB12B
S2140061F0E36893B90F4B10F007FE2178084610F0BD
S2140062007FFE2EF034F9044610F038FE7CB10028EC
S2140062100CBF0020032003B030BDCDE90035064B8F
S21400622010F0F2FDE9E70220F5E70120F3E720464B
S214006230F1E700BF3B03040004D3030008B50DF0EC
S21400624061FC014630B1044814F0DEF9BDE80840B0
S2140062500DF0FCBF08BD00BFE2B20300034B044ACA
S2140062605B7C012103201370FFF7DCBD78660020FD
S214006270B35C002010B50446FFF7F0FFB4F57F4F7F
S2140062800BD100240F4B1A8813449C70FEF7E2FED5
S2140062902046BDE81040FFF7FFBB4FF601739C4257
S2140062A004D1BDE81040084829F0CBBE4FF6027373
S2140062B09C4205D1BDE81040044B1878FFF790BB10
S2140062C010BD00BF2457002078660020216C0020F7
S2140062D010B5074C012122460320FFF793FD28B98D
S2140062E02378044A003B18BF0123537410BD00BF37
S2140062F0B35C002078660020F8B5574B574C1A88D8
S2140063004FF6FF739A4218BF03234FF0080218BFD8
S2140063102370534B32251A7030229A705A713922E4
S2140063209A713122DA7135225D70DD7036251A7267
S2140063304FF400121D714B4D4264C5644A4D012254
S21400634005654A4D86188565494DC667C565494D3C
S214006350494E4566494D80F848208566484D80F888
S21400636054200567474D80F860204567202580F853
S214006370785080F8845000F12105C0F88850424DCE
S21400638080F86C20C0F88C50C0F8806080F89020B0
S214006390C0F89440C0F8B8303C4B3D4CC0F8BC3018
S2140063A00223C0F898403B4C80F8C030C0F8A440A8
S2140063B00F24394B80F8A840C0F8C430374B384C0F
S2140063C0C0F8C8308223C0F8AC40364C80F8CC30D9
S2140063D0C0F8B0400924344B344DC0F8D030344BAC
S2140063E080F8B440C0F8D4302C7C324B80F89C2027
S2140063F0C0F8A00080F8D820C0F8DC3044B12E4B9E
S21400640080F8E420C0F8E03005F11103C0F8E83069
S2140064104FF0000CCA798E6802EB42039F004430AE
S21400642006EB830326F807C0586001200D349870E9
S214006430DC701318CB71FFF7C1FAFFF749FFFFF7BF
S2140064407FFE012806D12B7C23B1BDE8F840174813
S21400645029F0F7BDF8BD00BFD46B0020226C0020E9
S214006460B45C00200D4E0400010020000C4E040019
S214006470020020000B4E040005004200030020002E
S2140064800A4E04000400420007003000FDFF210011
S2140064901200100100404200084E040000FF4401B4
S2140064A0F84D0400060042002457002078660020BD
S2140064B002FF2001216C002001FF100113B50446E5
S2140064C00D4829F025FD6422C0F30F43637083B2A4
S2140064D0B3FBF2F3A07823702022012129F0FCFE02
S2140064E0A0782122012129F0F7FE0449201D02B0E0
S2140064F0BDE8104029F0AABED46B0020E09304004B
S2140065000B7870B583704CF61E0303804FF0201393
S214006510C362012380F8303080F83C30C31803642F
S214006520124B044643640223114A80F84830114B4C
S2140065308263C3644063CA798D6802EB420305EB4D
S214006540830004F12C0646600B4E45F823600023BA
S2140065508360531CCB71094B201DC4E90134FFF73F
S214006560A7FC2046BDE87040FFF7A8BFFDFF21004E
S214006570210020000E4E040001000103BD6400004F
S214006580F8B54FF6FF73994204460E4609D0B0F8A8
S2140065907E308B4205D04FF6FE729142037B01D1CE
S2140065A00BB9F8BDEBB1204629F073FF204629F061
S2140065B033FF4FF6FE739E4213D1A068FEF710FD20
S2140065C06068FEF70DFD29F04AFE00232373A067DE
S2140065D04FF47F4260784FF48171BDE8F84029F0AF
S2140065E07BBEB4F87E50237BB5422CBF0225012526
S2140065F0AB4218D0D4E90107637B13B13B4607468C
S2140066001846012D41D1FEF7C7FC3846FEF7E8FCD8
S21400661029F025FE4FF47F42A0674FF48171607821
S214006620257329F059FEE389A4F8806004F1B406C6
S2140066300BB9238A7BB3B4F87E30A4F8883029F0EF
S2140066400EFE012DB4F87E30B4F88020C4F8840025
S21400665038D1D31A022DE18903D1208A002818BF29
S214006660014659436423594342F21073B1FBF3F1D8
S2140066700AB19A4201D101F6B831304629F0E6FD5A
S2140066802046BDE8F84029F00FBFFEF7A9FC3846C3
S214006690FEF782FCBCE742F21072012D08BF1346DB
S2140066A0A4F87E3014BF0023642360784FF4817111
S2140066B0A375082229F010FE3046BDE8F8400249CE
S2140066C029F0C4BD9B1AC5E7E0930400094A437B42
S2140066D00C211370C3895380038A9380438AD38026
S2140066E0838A1381B0F87E30538100781130C0B2AF
S2140066F0FFF798BBA657002038B5044600780D4D26
S21400670011302A460C21C0B2FFF77CFB80B92B78EB
S214006710204663736B88E381AB882382EB886382B1
S2140067202B89A3826B89A4F87E3029F03FFEA075E2
S21400673038BD00BFA6570020024B53F8200029F0B2
S2140067405EBF00BF7034002010B50446052923D86C
S214006750DFE801F003080C222210204629F044FF4F
S214006760002010BD204629F043FFF9E7204629F017
S21400677042FFF5E7E18911B9218A0029F0D082B1FC
S2140067807BB1117864290ED8204629F02CFE0146EC
S214006790204629F01AFFE3E7044813F035FF0120EE
S2140067A0DFE70320DDE70220DBE700BF0FB30300CF
S2140067B010B4054C114654F820001A46BDF80430B3
S2140067C05DF8044BFFF7C0BF7034002000234FF085
S2140067D0967210B5C0E903233222044682750F4A2A
S2140067E08382C267C0F88430A0F888308367A0F838
S2140067F080308C30FFF75CFB094B04F1B400C4E931
S2140068002334FFF755FB074B04F1DC00C4E92D34B5
S214006810FFF74EFB044BC4E9373410BDFFFF881367
S214006820D9050300E5040300CD04030038B504468B
S2140068300B78294A43700D4642F82300FFF7C6FF3F
S2140068402046FFF759FF4FF44013A3610123237737
S21400685084F8283084F8343084F8403004F10D038E
S21400686063641E4B1E4AA364022322621D4A84F8F8
S2140068704C30626204F11602E2621B4A84F8583019
S214006880226304F10C02A263184A84F86430E263BF
S21400689004F10E022265164A84F87030626504F12F
S2140068A01002E265134A04F11403226604F1120290
S2140068B0A266114A6367E266EA79A86802EB4203B9
S2140068C000EB830118344C600C4C40F823400C4B12
S2140068D08B60531CEB7138BD7034002002FF210121
S2140068E0BD5C00200800200000FF300001FF100102
S2140068F003FF210104FF210105FF21010201010818
S214006900B167000010B44FF48274427B0C48013A21
S214006910012904FB020006D0022908D059B95DF807
S214006920044B29F061BE5DF8044B29F061BE5DF8AA
S214006930044B29F060BE03485DF8044B13F064BEB8
S214006940901800202BB30300B0F85C302DE9F0411E
S2140069508B4204460E4639D0437B077C93B31C4AD1
S21400696012789A422ED34FF482751A4A013B05FBE1
S214006970032390F80F801B7B424629F059FEB8454A
S214006980054601D1FF281FD13A463146204694F8E5
S214006990903029F04DFE2F4605465522122160788C
S2140069A0A4F85C6029F098FCFF2F03D039462046F7
S2140069B0FFF7A8FFFF2D09D029462046BDE8F04185
S2140069C029F076BEFF25DFE70746E6E7BDE8F0815B
S2140069D0A65C00209018002041688268C978D278AA
S2140069E049B112B10321FFF7AFBF837B002B0CBF69
S2140069F001210221F7E72AB1837B002B0CBF02217D
S214006A000121F0E7014813F0FFBD00BF3CB30300CF
S214006A10037BD3B14368DA7812B18268D278A2B920
S214006A201B7933B1837B002B0CBF04210521FFF7B4
S214006A308BBF83681B792BB1837B002B0CBF052192
S214006A400421F4E7014813F0DFBD70476EB303007E
S214006A50084A437B05211370837B5370C37B937076
S214006A60037CD370037B137100780E30C0B2FFF73F
S214006A70D9B900BFBE5C002038B5044600780C4D7E
S214006A800E302A460521C0B2FFF7BCF920B1BDE89A
S214006A903840084813F0B8BD2B7863736B78A3733F
S214006AA0AB78E373EB7823742B79237338BD00BF80
S214006AB0BE5C0020AAB30300024B53F8200029F066
S214006AC041BE00BF98340020F8B504460B78424A11
S214006AD043700D4642F82300404E29F051FEFFF762
S214006AE0CBFF6268A3683E483E49D6641165D4650C
S214006AF05065C3E91410DE64DC654FF09873022617
S214006B006361012304F10C01E1613749103221620F
S214006B1004F10D01A16235492376E16204F10E010C
S214006B206163334984F82430A16304F10F012164C2
S214006B30304984F83030616404F11001E1642E4974
S214006B4084F83C3084F84830216584F85460A265A7
S214006B50E879A96800EB400201EB820704F1140C07
S214006B60C7F804C04FF4817C244F41F82270C21845
S214006B70D2B202EB420241F822C001EB82070022A9
S214006B807A601F4A84F8703022661E4A84F888307D
S214006B90A2661D4A1D4BE2661D4AC4F88C30626729
S214006BA01C4A8319A26704F15C02C4F88020DBB299
S214006BB0194A03EB4303C4F8842084F8646084F81D
S214006BC07C6001EB830260345460144A033041F861
S214006BD02320E871F8BD00BF98340020D969000072
S214006BE007070300116A00000100200102001001DF
S214006BF003003001040030010500210101FC0106FC
S214006C004A002100104E040051001000124E0400ED
S214006C10134E0400550021006F00180012000104F6
S214006C2070B50D460646144613460A4601461A48EF
S214006C3013F0EAFC25B92046BDE87040FFF71ABB02
S214006C40072D05D121463046BDE8704000F0C4BC93
S214006C504FF601439D4205D121463046BDE87040BF
S214006C60FFF72ABF062D05D121463046BDE8704005
S214006C7000F066BAB5F5817F05D121463046BDE8FD
S214006C807040FFF759BD202D04D12046BDE8704066
S214006C9000F0ECB870BD00BFD9B303000148FFF7A1
S214006CA027BA00BF216C00004FF4C01330B5036054
S214006CB001230371074B8C688360CA7902EB420399
S214006CC004EB83056860044844F82300531CCB712A
S214006CD030BD00BF144E0400040001010368064ADC
S214006CE00C21136043685360038913814389222073
S214006CF05381FFF797B800BFC034002010B5036873
S214006D00044686B0FBB1114813F07EFCA37B104A04
S214006D108DF804304FF48273ADF806300123CDE9C8
S214006D200223002301A804938DF81430FFF740FADD
S214006D302046618929F034FD2046FA2150F8143B9C
S214006D40594329F083FA06B010BD00BF0CB4030007
S214006D502000000110B5064C236843B1054813F027
S214006D6053FC2068BDE81040418929F019BD10BDCC
S214006D70CC3400202DB4030070B5364910460C689C
S214006D80BDF81020002C5ED003285CD8DFE800F0A9
S214006D90021E2745002B5AD0022A58D91D78B3F870
S214006DA00160291E18BF012132462B4813F02CFC27
S214006DB02DB13146204629F0F3FC002070BDE57366
S214006DC0FA206368584329F0C8FAF6E7234813F018
S214006DD01BFCE37B002B38D00023E373F0E7002B8B
S214006DE035D0032A33D91D681D48294613F00CFCFC
S214006DF01C4B2A1F9A4201D90220DFE723680BB1F9
S214006E009D42F9D823899D42F6D3E37B6560B3B9EA
S214006E10FA20684329F0A1FA11E0002BCED0012A0F
S214006E20CCD91D881048294613F0EEFB002DE3D080
S214006E3063689D42E0D8E37B2581002BE8D120469D
S214006E40FFF74CFFB9E70120B8E70420B6E70320B8
S214006E50B4E700BFCC34002050B4030087B403006E
S214006E60A6B40300FCFF6D00D1B4030038B5154B83
S214006E701C6834B3F0B92168134813F0C5FB2368C7
S214006E803BB16268934204D2104813F0BDFB6368BE
S214006E90236004F11405284629F0DDF9236823B1A0
S214006EA0FA212846594329F0D1F92046BDE8384052
S214006EB0FFF714BF032804D16189054813F0A4FB2B
S214006EC0F3E738BDCC340020FCB403002AB5030039
S214006ED05FB5030070B53E4B0D4604460978186052
S214006EE0002A6FD101231A46A1730021E173012104
S214006EF0A1814FF46151C4E900132823354E228145
S214006F000C21324622206381FEF77CFF60B9D6E969
S214006F1000230AB19A4207D3318999429FBFC4E938
S214006F2000237389218163812B4B2C4AE36304235E
S214006F3084F8403084F84C30E3182365284BA2646C
S214006F406365022304F10802E265264A84F8583095
S214006F50226604F10A02A266234A84F8643084F8A2
S214006F60703004F10C03E26663676464EA79A8682B
S214006F7002EB420300EB830104F13C064E601B4E1D
S214006F8040F82360FA261A4B1A488B60531CEB71A4
S214006F90FFF7B4F8208904F11405704329F0DDF9F1
S214006FA06189204629F0FCFB134B2846C4E90534CA
S214006FB0FEF77EFF216849B128467143BDE8704060
S214006FC029F044B94FF4F07302228DE770BD00BF7C
S214006FD0CC340020C0340020000023010100230030
S214006FE00200210003002101FDFF21002000010511
S214006FF0796D0000556D0000FD6C0000134B10B558
S2140070001C680CB3E37BEBB129F029F92369C01A9D
S214007010002809DB0E4813F0F7FA0023FA20E37382
S2140070206368584329F099F9E37B5BB12489FA2316
S2140070305C4329F09DF9A04206D02046BDE81040EA
S21400704029F08BB96468F2E710BD00BFCC3400208D
S2140070508CB5030038B50024044D55F8040B08B170
S21400706029F0B1FB01340A2CF7D138BDD03400200A
S214007070042908B50AD172B16BB113781BB929F08F
S214007080CDFB002008BD29F0BFFBFAE7034813F04C
S214007090BBFA0120F6E70320F4E700BFC6B50300FD
S2140070A010B4054C114654F820001A46BDF80430BA
S2140070B05DF8044BFFF7DCBFD034002002290246FF
S2140070C008B50ED004D839B9104629F0A7FB06E05B
S2140070D04029F9D0412907D1104629F095FB002018
S2140070E008BD29F0A5FBFAE7024813F08DFA012047
S2140070F0F6E700BFE6B5030010B4054C114654F899
S21400710020001A46BDF804305DF8044BFFF7D6BFE2
S214007110D0340020426B094B52791A7082785A702C
S214007120C2789A70826B12B190F83C20DA700078C0
S21400713004210930014AC0B2FEF774BEC35C0020C9
S214007140024B53F8200029F08FBB00BFD03400203C
S21400715038B504460078084D09302A460421C0B2E6
S214007160FEF750FE30B96B78A370AB78E370EB781F
S21400717084F83C3038BD00BFC35C002038B50446F8
S2140071800078114D09302A460421C0B2FEF73AFEB7
S214007190C8B9A3782A78022B0CD004D863B9204645
S2140071A029F03CFB01E0FF2B0AD02046BDE8384022
S2140071B029F009BB002AF2D1204629F025FBF4E786
S2140071C0002AF9D1EBE738BDC35C0020F8B50446C9
S2140071D00B78284A0D4642F823004370FFF7B8FFA5
S2140071E0636B254A5C631A632046FFF7C7FF204699
S2140071F029F0E9FA4FF4801363600123626BA66BF3
S2140072000532E2601D4A23722261A21C2375A26128
S21400721066B11B4A84F82030E261E21C6262194AB9
S21400722084F82C3004F13C03A26223630627EA7933
S214007230A96802EB4203002E21F8237001EB8300BD
S2140072400CBF02230423C370012383700E4B043447
S2140072508360531C4460DBB20C4C03EB430341F8E1
S214007260234001EB830000234360094B0232836016
S214007270EA71F8BDD0340020450803000340300111
S21400728001FF300102FF1001F97000000800010044
S214007290A170000028B1034B1B78834234BF002046
S2140072A001207047A85C002070B500250A4C0B4EE4
S2140072B03378AB4200DC70BDD4F8A42042B1237909
S2140072C01BB16079FFF7E6FF10B9104628F0AAFE5A
S2140072D00135A834ECE700BF581E0020A95C00204A
S2140072E008B5427901461046FFF7D4FFA8B1CB781F
S2140072F00A48013A042B00EB82100ED8012B08D85E
S2140073001BB9BDE8084029F07FBABDE8084029F05F
S21400731085BABDE8084029F08BBA08BD581D002084
S21400732008B5427901461046FFF7B4FFA8B1CB78FE
S2140073300A48013A042B00EB82100ED8012B08D81D
S2140073401BB9BDE8084029F069BABDE8084029F035
S2140073505BBABDE8084029F06BBA08BD581D00208E
S21400736010B586B00446FEF7EBFE012830D1E27871
S214007370042A2DD8DFE802F01332340303006179C3
S2140073800846FFF787FF58B31648032A00EB81101C
S21400739050F80C3C58791DD1003818BF012063788E
S2140073A04FF480728DF804304FF48273ADF80630D7
S2140073B00623ADF8083001238DF80B3000238DF836
S2140073C00A0001A8CDE903238DF81430FEF7F0FE7D
S2140073D006B010BDB0FA80F04009E0E70020DEE716
S2140073E00220DCE7581D002010B586B00446FEF7E4
S2140073F0A7FE012830D1E278042A2DD8DFE802F073
S21400740013133203030061790846FFF743FF48B3BE
S2140074101548032A00EB811050F80C3C5B791DD10F
S2140074201A1E18BF012263788DF80A208DF80430E2
S2140074304FF48273ADF806300623ADF8083001230A
S2140074404FF480728DF80B30002301A8CDE903239A
S2140074508DF81430FEF7ACFE06B010BDB3FA83F21A
S2140074605209E0E70222DEE7581D002010B586B07C
S2140074700446FEF765FE012812D16378094A8DF8A6
S21400748004304FF48273ADF806304FF48073CDE9C4
S2140074900223002301A804938DF81430FEF788FE1B
S2140074A006B010BD0800070110B586B00446FEF70A
S2140074B047FE012820D16278104B8DF804204FF447
S2140074C0827294F8A01094F8A10059701870ADF864
S2140074D0062004934FF480720223094901A88DF810
S2140074E01430CDE90212FEF763FE94F8A130013B9A
S2140074F018BF012384F8A13006B010BDC75C002079
S2140075000800050110B58378044603B30379022BFF
S2140075100AD142791046FFF7BDFE28B10C48013A61
S21400752000EB821029F084F9A379022B02D12046C1
S214007530FFF716FF2046FFF7B7FF02236078A4F890
S2140075406C305522BDE81040122128F0C5BE10BD93
S214007550581D00204388094A0821138083885380D9
S21400756083681B8A938090F8A03093718379D371D7
S21400757000780430C0B2FEF755BC00BFB2570020FA
S21400758038B50D4604460178114813F03DF84FF61D
S21400759002739D420ED10F4B1B782BB963712046A8
S2140075A0BDE83840FFF7D6BF62790AB19342F6D2FB
S2140075B00123F3E7B5F57F4FF1D1204629F0D1F945
S2140075C0A378022B0CBF01220022A3689A70E6E77C
S2140075D002B60300A85C0020024B53F82000FFF719
S2140075E0CFBF00BFF834002038B504460078144DED
S2140075F004302A460821C0B2FEF704FC20B1BDE8DC
S2140076003840104813F000B82B8863806B88E97800
S214007610A380AA88A3681A82AB7984F8A030EB7995
S214007620A371094B1B780BB9637138BD09B1994238
S214007630FBD9064812F0E8FF23780133F4E700BFD1
S214007640B25700201CB60300A85C002045B6030015
S214007650F8B504460B78474A0D4642F823004370B7
S214007660FFF7C2FFA268444BD465D364434B02269F
S2140076705365434BA11C13654FF44013E36001238D
S2140076806161E1623F49103221632265211D3E4A55
S214007690A1633E483E49626504F1A002A061E16331
S2140076A0E265E01C611D3B4A206261643A483B4942
S2140076B02266A21D2374237784F8283084F8343099
S2140076C084F84030A16484F84C6084F8583084F81C
S2140076D064306062A266E879AA6800EB400102EBBB
S2140076E0810704F10C0CC7F804C04FF0060C2C4FB1
S2140076F042F82170C118C9B201EB410142F821C01D
S21400770002EB810700217960264F84F880302767D6
S214007710254F84F89830A767244F254BE767254FF9
S21400772084F8746084F88C60C4F89C3004F16C06AD
S214007730831CC4F88470C4F890601F4F1F4EDBB2E1
S21400774003EB4303C4F89460C4F8887002EB830626
S2140077507034746008261A4C42F82340C31CDBB20F
S21400776003EB430302EB8304043042F823606160BA
S214007770E871F8BDF8340020B908030003090300D7
S2140077800575000001FF300104FF200110003001E4
S21400779002FF200105FF300100FF300103FF210139
S2140077A0070001084A002100164E04005100100090
S2140077B0184E0400194E0400550021006F001800F2
S2140077C01200010400239B6AB3F5804F03D21968A8
S2140077D0064A914203D0002303708360704701225B
S2140077E002709A689B694260F7E700BF07B0CD5EFB
S2140077F0024B034A1A602AF0D8BC00BF00000020E3
S21400780002020FF073B53F4B04461A781AB10222F3
S2140078101A7002B070BDCDE900220028F9D001260A
S2140078201E7033F04FF8384D384B186017F0CEFC0A
S2140078302B785BB902F0F2F940B935480823354A8F
S2140078403549006801F038FE00B92E70334B5A688F
S214007850E260334A9A601A6E22605A6E6260D3F80B
S2140078607021A2601B6E5C042CD52E4AD368D80704
S214007870FCD42D4B1A68531C29D04FF48013934028
S2140078802A4A13660423294C4FF0804223664FF49D
S21400789080632366102323664FF4005368462366EE
S2140078A001A92266636629F074F8009B2366019B93
S2140078B063662B78002BACD0164B1A6822665B6882
S2140078C06366A6E71A4AD368D907FCD4D1E7194BF2
S2140078D01B78002BD6D1184B5A68144B12B94FF4AC
S2140078E080121A66154A526812B94FF400121A66C8
S2140078F0134B5B68002BC5D14FF480020B4B1A6606
S214007900C0E700BFCA5C0020CB5C002030350020FA
S214007910E466002034350020007108000080004432
S21400792055CEAC0000000440B06600200090004435
S21400793000000450C95C00200080055000C00550BF
S2140079400000065038B5224D04462B78012B02D095
S21400795001232B7038BD0028FCD029F03FF80130F9
S21400796009D029F03BF840F20113984203D0194A97
S214007970D368DB07FCD42268174B1A6662685A661F
S214007980A268C3F87021E268D40744BF00229A6058
S214007990124B1A68013213D1114A127882B9114972
S2140079A04968C80748BF1A600F4A5268D10744BFE3
S2140079B001221A600D4A5268D20744BF02221A609A
S2140079C017F00CFC0A4B186832F077FF0023C0E76C
S2140079D0CA5C00200000044000800044B06600201E
S2140079E0C95C00200080055000C00550000006500D
S2140079F03035002070B50024A36AB3F5804F23D23B
S214007A001A68134B9A421FD1124E337813F0FD05B5
S214007A1018D14FF480341048FFF7F4FE032004F02A
S214007A204FFC0E4B0320DC6004F02EFC0C4B1C615C
S214007A30AB6ADB69984704460748FFF783FF0CB933
S214007A4001233370204670BD4FF48174FAE700BFFF
S214007A5007B0CD5EC95C00202035002000A00044A1
S214007A600090004413B5204B1B7803B9FEE70023B3
S214007A701E4CCDE900336A4608231D49206801F0F4
S214007A801BFDF8B91B4AD2F84031D2F840211F2B13
S214007A904FF0010311D9203A9340019A1A430192FC
S214007AA008236A461249206801F08EFE124B134ADC
S214007AB01A602AF07AFB02B010BD9340009A1A436F
S214007AC00092EDE72D28F1D10A4AD2F84031D2F8DB
S214007AD040211F2B4FF0010385BF203A934093406F
S214007AE0019398BF0093DBE7CA5C0020E4660020A1
S214007AF00071080000800044000000200B020FF018
S214007B0038B50025AB6A0446B3F5804F10D21B6B20
S214007B10B3F5804F0CD20748FFF774FEAB6A2046D9
S214007B201B6B5B689847BDE838400248FFF70ABF02
S214007B3038BD00BF3C35002013B50024A36A019071
S214007B40B3F5804F13D21B6BB3F5804F0FD20948A5
S214007B50FFF758FEA36A01211B6B01A89B69984793
S214007B6004460448FFF7EEFE204602B010BD4FF470
S214007B708174F9E73C35002070B50026B36A0446E8
S214007B80B3F5804F0D4612D21B6BB3F5804F0ED265
S214007B900848FFF737FEB36A20461B6B29469B69E9
S214007BA0984704460348FFF7CDFE204670BD4FF4C5
S214007BB08174FAE73C35002070B50026B36A0446A7
S214007BC0B3F5804F0D4612D21B6BB3F5804F0ED225
S214007BD00848FFF717FEB36A20461B6B2946DB6989
S214007BE0984704460348FFF7ADFE204670BD4FF4A5
S214007BF08174FAE73C350020F8B50027BB6A0446D6
S214007C00B3F5804F0D46164611D21B6B7BB1094863
S214007C10FFF7F8FDBB6A20461B6B324629465B6AB7
S214007C20984704460348FFF78DFE2046F8BD4FF4FC
S214007C300174FAE73C35002070B50026B36A0446A6
S214007C40B3F5804F0D4612D21B6BB3F5804F0ED2A4
S214007C500848FFF7D7FDB36A20461B6B29469B6A88
S214007C60984704460348FFF76DFE204670BD4FF464
S214007C700174FAE73C350020F0B50027BB6A0446DD
S214007C80B3F5804F0D461646ADF5337D20D21B6BFF
S214007C90B3F5804F1CD21048FFF7B4FDBB6A2046F0
S214007CA01B6B40F2C1225B6A01A99847044630B1BB
S214007CB00948FFF747FE20460DF5337DF0BD836A81
S214007CC032461B6B2946DB6A01A898470446EFE755
S214007CD04FF40174EFE700BF3C35002010B50024D8
S214007CE0A36AB3F5804F10D21B6BB3F5804F0CD24E
S214007CF00748FFF787FDA36A1B6B1B6B9847044674
S214007D000348FFF71FFE204610BD0124FBE700BF17
S214007D103C350020F0B58FB0044601A80E46154647
S214007D20FFF7EEFE9DF80C30012B12D1B5F5402F73
S214007D3027D8B4F5402F24D86319B3F5402F20D8A0
S214007D4021462A46304613F001FF002420460FB095
S214007D50F0BD0027BB6AB3F5804F15D21B6BB3F599
S214007D60804F11D20A48FFF74DFDBB6A2A461B6BAF
S214007D70314620465B6B984704460548FFF7E2FD10
S214007D80E4E740F20244E1E740F20114DEE700BF18
S214007D903C350020F0B58FB0044601A80E461546C7
S214007DA0FFF7AEFE9DF80C30012B1FD1B5F5402F26
S214007DB006D8B4F5402F03D86319B3F5402F13D96E
S214007DC040F2024420460FB0F0BDE258013225D101
S214007DD004339D42F9D82A463146204628F02EFE26
S214007DE00028EDD00024EDE70023F2E70027BB6A69
S214007DF0B3F5804F15D21B6BB3F5804F11D20A48EE
S214007E00FFF700FDBB6A2A461B6B314620469B6B7C
S214007E10984704460448FFF795FDD3E740F203442D
S214007E20D0E740F20114CDE73C35002070B58EB0A7
S214007E30044601A80D46FFF763FE9DF80C30012BA3
S214007E4022D144EA0503C3F30C03002B33D1B5F566
S214007E50402F04D940F2024420460EB070BDB4F55F
S214007E60402FF7D82544B5F5402FF3D8204604F523
S214007E70005428F0DCFDAC4202D00028F6D1E9E739
S214007E800028E7D00024E7E70026B36AB3F5804F62
S214007E9014D21B6BB3F5804F10D20A48FFF7B2FC22
S214007EA0B36A29461B6B2046DB6B98470446054899
S214007EB0FFF748FDD0E740F20444CDE740F2011456
S214007EC0CAE700BF3C350020BFF34F8F0549064B7D
S214007ED0CA6802F4E0621343CB60BFF34F8F00BF63
S214007EE0FDE700BF00ED00E00400FA0570B5D0B174
S214007EF0C9B10E4E431E013913F8014F2046325DBC
S214007F0002F00302012A11F8012F08BF04F1200035
S214007F10B55C05F00305012D08BF2032801A01D19B
S214007F20002CE9D170BD0120FCE700BFED75040010
S214007F300348044A0449121A921028F0CBBD00BF29
S214007F4034410000D0420000E463002008B5154B21
S214007F5083F30A8800F030F8FFF7EAFF124B134964
S214007F608B4212D30020124B12498B4218D3FCF7D7
S214007F70B9FE186850F82240586840F8224001328E
S214007F8098688242F5D30C33EAE70022F8E71C68CB
S214007F9044F8220001325C68A242F8D30833E4E7D2
S214007FA00022F8E7080000208C9A0400989A040043
S214007FB0989A0400989A0400124B134A70B59A6077
S214007FC0D3F88820114D42F47002C3F888206FF071
S214007FD0010205F50054226641F2FF726266022233
S214007FE0C3F8D020BFF34F8FBFF36F8F4FF44036E8
S214007FF0032004F065F90320E66004F045F92E61DD
S21400800070BD00BF00ED00E00040000000800044AE
S214008010014B1860704700BFB8660020054B18601B
S214008020054B1B6F03F00703032B01D130F0A2BDF5
S214008030704700BFC0660020008000502DE9F04168
S21400804004464FF001080C250D4E0CB9BDE8F08132
S21400805094FAA4F0B0FA80F00F2808FA00F2C8BF2D
S214008060103824EA0204CABF05FB006205FB006262
S214008070B4325768002FE8D09168C0B2B847E4E73A
S2140080804C35002008B50C4832F0BAFC192004F034
S21400809009F928B1192004F013F9192004F0F4F8AE
S2140080A01A2004F0FFF828B11A2004F009F91A2063
S2140080B004F0EAF8002008BD7C5004002DE9F041E9
S2140080C00E461746054618B30F2923D80378DBB1AA
S2140080D0013BDBB2022B19D8104AD35C6A78D34036
S2140080E0DB0717D50E4BD3F81043ACB932F0EAFBDA
S2140080F080463A462846314602F042FE404632F076
S214008100DCFB2046BDE8F0817F23E7E70023E5E7B8
S2140081102224F6E72124F4E70224F2E76C4E04005A
S21400812000C0035010B5044610B30378E3B1013B1A
S214008130DBB2022B1AD8104AD35C6278D340DB0736
S21400814018D532F0BFFB0122617823788A403021AF
S2140081504B4341F2100103F1A04303F570335A502C
S21400816032F0ABFB002010BD7F23E6E70023E4E7F8
S2140081702220F8E72120F6E76C4E040010B50446EE
S21400818010B30378E3B1013BDBB2022B1AD8104AD6
S214008190D35C6278D340DB0718D532F093FB01221C
S2140081A0617823788A4030214B4342F2100103F174
S2140081B0A04303F570335A5032F07FFB002010BD09
S2140081C07F23E6E70023E4E72220F8E72120F6E70E
S2140081D06C4E040038B50D46044618B311B3037848
S2140081E0E3B1013BDBB2022B1AD8104AD35C6278AB
S2140081F0D340DB0718D532F065FB30222378534393
S21400820003F1A04303F570335B696278D34003F053
S21400821001032B7032F051FB002038BD7F23E6E7C8
S2140082200023E4E72220F8E72120F6E76C4E04005E
S2140082302DE9F0410D4616469846044600284FD0D4
S21400824000294DD00178002940D04B1EDBB2022B0E
S2140082503ED8254AD25C6378DA40D20701D4FF299B
S21400826040D1022E01D9042E3CD132F02BFB2378CC
S2140082700746FF2B05D032462046296802F0C6FD89
S21400828028602B68013309D12378FF2B06D1174BC2
S2140082906078D3F8241429F0F8F9286029684B1C74
S2140082A018D00C23124A03FB0122069BC2F8048056
S2140082B093602378FF2B04D001230E4A8B40C2F82C
S2140082C02434384632F0F9FA002007E07F22C2E76D
S2140082D00022C0E7384632F0F0FA2D20BDE8F081E3
S2140082E02220FBE72120F9E76C4E040000C0035073
S2140082F04C35002000D0035008B502F037FD044B83
S21400830000F05530C3F82004BDE80840FFF796BEDD
S21400831000E0035008B502F029FD044B00F0AA3037
S214008320C3F82004BDE80840FFF788BE00E003500D
S2140083302DE9F04F144605460E469B46C36B87B0A4
S21400834001225B6902A960689847EB6B01225B69B2
S21400835003A93046984702A828F0BBFF074648B155
S2140083600023A37563754FF0FF33A360002007B0AA
S214008370BDE8F08F03A828F0B9FF0123A375237E7C
S21400838004EBC303DE611F846368B3420ED1206032
S21400839003A828F0CDFF4FF0FF332075A360237DA0
S2140083A0043B022B26D80023A375DFE723681A1A9E
S2140083B053425341A37503A828F0BAFF237D834296
S2140083C018BFA77503A828F095FF074602A828F04F
S2140083D091FF874218BF002303A818BFA37528F093
S2140083E091FF074602A828F08DFF87421CBF002396
S2140083F0A375D4E703A828F07DFF80B1EB6B0222BB
S21400840030465B6904A9984704A828F082FF034613
S214008410207D032839D8DFE800F03838040903A89F
S214008420F3E7CC22237E04EBC3031A8401F06EFC30
S214008430109B187003A8277E28F050FF04EBC70790
S21400844087F82200237E03A804EBC303B3F820902A
S21400845093F8227028F04EFF804603A828F052FFBB
S2140084608246B8F1000F15D0EB6B022230465B69EE
S21400847004A9984704A828F011FF6075637D6BB9BE
S2140084800023A3754FF0000838E0227E04EBC202FA
S2140084901384CBE703A828F0ECFEEEE794F81680EA
S2140084A0B8F1000FEED0B9F1000F09D1DFB101230A
S2140084B0E375637E002B4FD1012F42D1677614E01F
S2140084C06B6C06EB0A015A4286EA010010421CBF9A
S2140084D00022A2755A1E0A409B1A9945D0D8A37D41
S2140084E0002BE3D1CEE7E37D43B94FF000084B46BF
S2140084F052463146284628F037FCA060A27D12B1CD
S21400850023694B4423611A49237E097899422AD964
S21400851001332376BBF1000F27D032B3E37D23B3BC
S214008520B8F1000F21D1032F1FD0A1684B1C1CD01F
S214008530109B2246009328460123FFF7F9FEA075FC
S21400854013E095F8343063B9EB6A0133CFD1032FCB
S214008550CDD10123A376C8E7012FCFD0032FC4D1F6
S214008560F7E79846C3E70023A375A07DFFE600BFA4
S214008570904E04002DE9F04F0E46984600238BB02F
S21400858004464FF0FF31104617468DF8133001F0C1
S214008590A7FBB6F5801F20D2314605AA04F10800D5
S2140085A028F0E9FD451C014603D1237CBBB92D20EC
S2140085B010E0384601F094FB0122394620460DF1C2
S2140085C0130328F023FC0028EFD09DF8133088F81A
S2140085D0003000200BB0BDE8F08FB01CE5D1E56A96
S2140085E0691C36D12046616A28F004FB0546B31C98
S2140085F018BF0123DFF8CC900193636A626C029384
S214008600236805A902FB053AE36B05225B69504621
S214008610984705A828F0F8FE28F01BFF504628F0DB
S21400862023FF4FF0000B824601464B1C05D0636CBF
S21400863081EA0A025B42134211D02946204628F0FE
S214008640D9FA029BAB422CD0BBF1000F2CD10546C9
S214008650D3E72368ED1A636CB5FBF3F5C7E7484626
S21400866001F03EFB0DF1130349462046019A28F01F
S214008670CDFB034690B1B21C03D0D9F80020B2421D
S2140086800CD19DF8132003930D4B88F80020494623
S2140086901A68384613F05AFA039B9B46D9F8081016
S2140086A0C3E7BBF1000F82D0B6F5801F91D23146EA
S2140086B098F800307A6804F1080001F03FFA88E77D
S2140086C08C4E0400283D00202DE9F3410446174651
S2140086D098460E46184D816AE36A8B4201D04B1CC1
S2140086E002D102B0BDE8F081284601F0F9FA012275
S2140086F0294620460DF1070328F088FB38B143468B
S214008700294620469DF80720B8470028E9D0A968E2
S2140087104A1C04D16968204628F0F9FA0146012E61
S214008720DAD16B6881EA0302636C5B421A4218BFB7
S2140087304FF0FF31D0E700BFFC3C00202DE9F04FA2
S2140087404FF0FF334FF6FF720025044600F108068F
S214008750C0E909238BB0C3620562056330468846CC
S21400876028F0DAFC204628F015FA60BB2046414681
S21400877028F090FA204628F00DFA60BB5E200BB079
S214008780BDE8F08F2368E26B606C576900FB05302C
S214008790052205A9B84705A828F036FE0128074691
S2140087A00CD12946204628F046FA012F024600D171
S2140087B001322946204628F00CFA03E028F04EFE47
S2140087C00028EED10135E3699D42DBD3204628F030
S2140087D0E1F90028CAD000254FF0FF394FF6FF73A5
S2140087E0CA46A846C4E90853E36998450AD3A5EBE8
S2140087F00905012D2CD84FF6FF72636A93423CD1CF
S2140088006720BCE72368E26B606C576900FB0830A2
S214008810052205A9B84705A828F0F6FD834605A851
S21400882028F0C9FD0746584628F013FE68B157459C
S21400883038BFC4F82480B94528BFB946BD4238BF02
S2140088403D46BA46236A0133236208F10108CBE7A6
S2140088504FF6FF7300256362E3699D42CBD2676CD7
S2140088602068E36B052207FB05005B6905A99847AE
S21400887005A828F0A0FD0135EEE7E26B676C2068DE
S214008880694607FB030055690522A847684628F095
S21400889092FD626A2368606C4B4D00FB023028F044
S2140088A0E3FD4FF0FF33A062E3622A466FF001015A
S2140088B0204605ABFFF75EFE002846D1AD68294688
S2140088C02046E56228F042F9206320B92046E16A96
S2140088D028F01DFAE0622946204628F018FA0546D8
S2140088E0A36A9D4233D1204628F003F9002780462C
S2140088F0B946E36999453CD3B84559D92046616ADB
S21400890028F078F90026054604F1400AB74212D846
S214008910626C2368694602FB0539E36B05225B69D6
S21400892048469847684628F046FD5346024649465C
S214008930E06B28F09BFD2946204628F05BF90136BF
S214008940B0450546E2D1642019E7A56AB7E729468F
S214008950204628F0FBF8236B29460344074623638A
S214008960204628F0D4F90546002FB9D1C4E90B07F4
S214008970B6E7636C2568052203FB0955E36B05A97A
S2140089805B692846984705A828F03EFD28F061FD5B
S21400899058B1284628F068FD0146204628F0D6F84B
S2140089A0636C143B984208BF013709F10109A0E740
S2140089B0304628F0B1FB002320461946034AFFF74D
S2140089C083FE0020DBE600BF543D0020FB0D0300C5
S2140089D02DE9F041036B9046826B07689A4288BF88
S2140089E08363426C436A90B002FB0377C36B0E4608
S2140089F0052201A95B6904463846984701A828F075
S214008A0003FD01280146307057D0656CE26B236881
S214008A10606AD2F814C005FB0030052206A9E047BC
S214008A2006A828F0F1FC01284FF0000523D0D4E971
S214008A300A3201219342CDE90B458DF834800E951C
S214008A408DF83C102AD11946204628F060F9236B91
S214008A50626C14339B1AE06223630C9B53B99DF837
S214008A603C303BB1626A616C2368E06B01FB02310B
S214008A7028F082FC0C9DE36B05225B6901A9384651
S214008A80984701A828F0C0FC30702846236BA26BDC
S214008A909A4288BFA36310B0BDE8F081237C33B947
S214008AA01C490BAA04F1080001F096F8D5E7204609
S214008AB0194A0BABFFF708FECFE7237C23BB224601
S214008AC0164904F1080001F087F8616A204628F08C
S214008AD0B2F8616A421C204628F07BF8054620B9A9
S214008AE0236B626C1344143B23632046A16A28F070
S214008AF00EF92368A062C01A636CB0FBF3F06062E4
S214008B00204628F047F9B6E700232046044AFFF738
S214008B10DBFDDAE775920000F1910000950E030088
S214008B20310E030073B50D46D11E4A421C461B7E0D
S214008B304A419A4226D129682368994222D363681B
S214008B4099421FD8114E0DF107033246FFF712FD6A
S214008B50C0B972686B689A4214D19DF80730DA1E65
S214008B6053425341227E93420CD1636901336361C1
S214008B70D4E90323934205D22968A26842F8231059
S214008B8001332361012002B070BD00BF543D0020B8
S214008B902DE9F04F9B4689B09DF848309046514AE3
S214008BA00193136907465B450D46C0F09580D9468C
S214008BB053680093B9F1000F7BD0FB6B01225B6911
S214008BC005A90098984705A828F090FB454B1B6818
S214008BD0984240F0848005A828F094FB04280646B6
S214008BE015D105A828F095FB009B04461E44019B62
S214008BF0002B3ED1804512D91C46A8EB000838460B
S214008C00009928F084F8A9EB04090090D2E7FB6BE2
S214008C1002225B69009806A9984706A8E2E7A0EB3F
S214008C2008045C4528BF5C46032C4644ABEB040BAB
S214008C301DD9FB6B294630465B69A208984724F08D
S214008C40030304F0030A1E441D44DDF80480BAF151
S214008C50000FD4D0FB6B012206A930465B6998470B
S214008C605246284606A912F071FF5544C7E7A246A9
S214008C70EBE7824600F0030302932B1803930644A7
S214008C80039BA6EB0A00A3EB0A05029B9A4514D1A8
S214008C90BAF1000FB3D0FB6B012206A95B699847B7
S214008CA05246284606A913F00DF90028DDD04FF0ED
S214008CB03609484609B0BDE8F08FFB6B012206A9CD
S214008CC05B6998470422284606A913F0FBF800289B
S214008CD0EDD1AAF1040AD3E74FF06309E9E74FF0B4
S214008CE06F09E6E7803D00202DE9F0410F46164665
S214008CF09846044688B060B390F83450FDB1012120
S214008D0027F03DFF00210E9BCDE90511CDE9023786
S214008D109DF83C30CDF804808DF81C30237C0496FA
S214008D208BB90D4901AA04F1080000F055FFDDE9F2
S214008D300553E06B002E08BF1D4628F0B9F82846FC
S214008D4008B0BDE8F0812046044A01ABFFF7BCFC42
S214008D50EDE70546F3E700BF5F0E0300258B000036
S214008D607FB590F84260044601920DF10B030A4667
S214008D703046114928F0A4F8012E0546E36B17D1BA
S214008D8032465B6903A998479DF80B10039B019A2E
S214008D9059B19BB243EA0243012228460393E36B90
S214008DA003A99B69984704B070BD62F30F03F3E70D
S214008DB001229B6901A9F5E7803D00202DE9F04FCF
S214008DC099B00E460D920A69416C0B931439D31D67
S214008DD0B3FBF1F3013302EBC302036B0446934289
S214008DE0C0F001820023DFF804940893E36A484643
S214008DF01946059300F074FFD6E9033707930B9BDB
S214008E00022B4DD1CC2F40F0D7810D9B3BB1314684
S214008E10204628F0ABF8656C1490012044E0012051
S214008E20079B656C1B68149300F0010000280CBFBC
S214008E3004230823782F0E9349D8059A6B1E1340F7
S214008E40ED1A3B1D9D423CD2002F3DD0082D3ED84A
S214008E500023042506934FF0040A336806990B98FE
S214008E60C9F80030C9F8107028F066FA4FEA9A037D
S214008E700F93059B89F814000393002309930C9322
S214008E8004930A93616C039B4A1E1A408B1A27B3FD
S214008E905544AB4223D8236B5B1A134423632FE15C
S214008EA0782F656CB9D8F07D0D9B002BBCD0E36B9A
S214008EB001225B69706816A9984716A828F01AFA66
S214008EC0B4E700250695C6E704250697C3E7012301
S214008ED000254FF0080A0693BFE75345DBD3A3EB04
S214008EE00A029742039BB84628BF904697425344CF
S214008EF028D90122D9F8101089F817208F4226D1D8
S214008F000399C9F80410049299F817200AB399F83F
S214008F1018100398CA1C09EBC2025060049801316D
S214008F20A2F80880907289F81810B8F1000F07D0E0
S214008F300B9A022A40F08180099A72B101220992A6
S214008F409B46ABE0049A002A18BF0322DBE7022206
S214008F50D9E7039AC9F80420E7E70C9A4244032AA3
S214008F60EED9E26B1846956914A901220993A84721
S214008F70099B05460028E1D03D2D40F01E8104F1F6
S214008F80080303932368059A606CA2EB030ABAFBF6
S214008F90F0FA00FB0A3028F067FAE16A80462046BD
S214008FA027F0B5FEA26A824200F00F81626CD9F803
S214008FB00830511E0B40216B2768891A0B44236327
S214008FC0089BE062DF1BB7FBF2F7BA4540F0FA8079
S214008FD0059BB3EB080A12D0E36B4FEA9A024146B0
S214008FE09B6998478346E36A059A5344E362236B7A
S214008FF003989B1A4344236328F08EF8DA462368C6
S214009000616CE06B01FB073128F0A3F9204627F0DE
S214009010C1FD204627F0BEFE2063BAF1000F00F027
S214009020D4803269616CD31D1439B3FBF1F301337C
S21400903002EBC3029042A5D2BFE00D9A002A77D178
S214009040B8F1030F4FEA98026ED9E16B18468D69A6
S21400905007991093A847109B0546C0B918F003055A
S21400906015D0079A28F0030B02EB0B019B444FF038
S214009070FF3215A815922A46109312F067FDE26B90
S2140090805846956915A90122A8470546109B9B4698
S214009090079A42440792002D40F08B80049B16A846
S2140090A00193069B009399F814204346316800F01C
S2140090B0CDFDE36B0F9A9B69039816A99847039A10
S2140090C0051E089B18BF1346089343465246204683
S2140090D0039927F049FE236B08F10302A3EB0A036A
S2140090E022F003029B1AC9F808002363002D7FF4C0
S2140090F043AF0C9BA7EB080743440C93CDF80CB08A
S2140091002046039927F003FE00250390002F7FF4E6
S214009110B9AE364A3168936804F10800E3625268D3
S2140091200B9B00F00BFD49E09B46454607999EE7E2
S2140091309B4606F120021092F27D7068A2B10022D2
S21400914096F818C00A99D5B2AC4511D9109D02F10F
S214009150010E35F832508D4228D90E9806EBC20221
S2140091600144D069084403E00E9A0A990A44104460
S214009170E26B15A9556901221193A847159A0A9B17
S2140091801392E26B043395695846012213A90A9399
S214009190A847119B054603EB0802A2EB0B02042A24
S2140091A07FF679AF28B90BF1040BC5E77246491B69
S2140091B0C9E7CDF820B088E770252F46384619B0A5
S2140091C0BDE8F08F4FF0000A19E73269616CD31DD5
S2140091D01439B3FBF1F3013302EBC302236B934262
S2140091E0BFF404AEE9E71C27E8E700BF283D0020EF
S2140091F0032A2DE9F34106460D4617461C4606D1BE
S214009200237A012B23D0012002B0BDE8F081DFF8DD
S2140092106080096842460DF10703FFF7ABF960600E
S2140092200028EDD19DF80720237A032AE8D0D8F845
S21400923004106A689142E3D1012B2969D4F80CC066
S21400924007D172690CEB0103934202D92074207C8B
S214009250DAE708316144E1603B46012229463046A0
S214009260FFF7ACFD60600028CAD00020CCE700BF46
S214009270543D00202DE9F341089C032A1746266832
S21400928006D1237A012B24D0012002B0BDE8F0815C
S214009290DFF89080304642460DF10703FFF76AF983
S2140092A060600028EDD12568D8F80400A96AD5F8D2
S2140092B044C04840CCF100031840227AE1D1012A8C
S2140092C009D1E268D8F8103013447269934202D983
S2140092D02074207CD9E72868EB6A1B1A081AB3FBAF
S2140092E0FCF3B0FBFCF083420BD1706CF36A421EB9
S2140092F01340326B121A13442846336327F007FDD7
S214009300E862D8F81020E36808321344E3600122CC
S2140093103B4604492068FFF751FD60600028B0D046
S2140093200020B2E7543D00202DE9F0410025604BB7
S2140093300E46D3F8008004461D6018B9212528463D
S214009340BDE8F08190F8347007B30A6803689A4263
S21400935040F0A3804A6843689A4240F09E808A683C
S21400936083689A4240F09980CA68C3689A4240F07F
S21400937094800A6943699A4240F08F808A69C36B79
S2140093809A4240F08A804B698361D8E76822394662
S214009390856B12F04BFAD6E90212336804F1080026
S2140093A023607368A5636360336963617369A3614F
S2140093B027F0C4FEB36904F14000E3639B68984756
S2140093C020B9676C17B16368B3FBF7F794F84330BE
S2140093D0E761002BB2D00023656C2366002D64D0B5
S2140093E0002F62D02368B3FBF5F205FB1233002B87
S2140093F055D16668B6FBF5F305FB1363002B4ED11B
S214009400204627F093FBA369043303449E4248D3C7
S21400941040F634726369CC3B934244D8B5F5805F1E
S21400942043D30321204627F0AAFBD4E90001E36BCF
S2140094301B6898470546E36B0220DB689847CDB962
S21400944041462046FFF77AF96428054604D141468E
S2140094502046FFF773F90546666C5DB9236A204619
S214009460143E5E4327F062FBA369043303449E4226
S21400947038BF5A25002D0CBF0123002384F8343052
S21400948007D1D4E900010B4A13680133136027F0B3
S214009490EFFEE06B27F00CFD51E75D254FE7592501
S2140094A04DE75A254BE75F2549E75B2547E700BFB1
S2140094B0B8360020B43600202DE9FF410C4616468B
S2140094C01F46054680B390F834307BB3B1F5801F55
S2140094D02ED2DFF86080012127F051FB214642465C
S2140094E028460DF10F03FFF745F8044670B99DF8BE
S2140094F00F30012B11D1D8F81030BB4212D10246E2
S214009500009031462846FFF743FB0446E86B27F0F9
S214009510CFFC204604B0BDE8F081022B14BF2D24FA
S2140095206024F3E76324F1E72124F2E71124F0E74F
S2140095302924EEE7803D00202DE9F04385B00C4657
S21400954017461E460546DDF8308098B390F834304E
S21400955093B3B1F5801F31D2DFF86490012127F074
S2140095600EFB21464A4628460DF10F03FFF702F888
S214009570044688B99DF80F30012B14D1D9F8102075
S21400958006EB08039A4213D3009043463246394608
S2140095902846FFF7FDFA0446E86B27F089FC2046CC
S2140095A005B0BDE8F083022B14BF2D246024F3E73A
S2140095B06324F1E72124F2E71124F0E72924EEE7FB
S2140095C0803D002073B50C461646054630B390F82D
S2140095D034302BB3B1F5801F24D2012127F0CFFA07
S2140095E021462846104A0DF10703FEF7C3FF04463E
S2140095F080B99DF80730032B0CD0022B0CD12846DF
S214009600094927F0B3FC3060E86B27F051FC204690
S21400961002B070BD2D24F7E76124F5E72124F6E7B4
S2140096201124F4E72924F2E7803D00202DE9F341D8
S2140096301E4600230C4617460546336050B390F886
S21400964034304BB3B1F5801F28D2DFF854800121A7
S21400965027F095FA2146424628460DF10703FEF705
S21400966089FF0446A0B99DF80730032B10D0022BC3
S21400967003BF01233B600423D8F8103018BF3860BE
S2140096803360E86B27F014FC204602B0BDE8F0819A
S2140096902D24F6E72124F7E71124F5E72924F3E73C
S2140096A0803D002073B50446056B27F03FFA636ED5
S2140096B003449D422CBF00230123854294BF00250E
S2140096C02D1A207C84F85030656584F85800A8B1BF
S2140096D000230C4E1A4619462046009627F00AFD2F
S2140096E0002305461A4619462046009627F00BFD2D
S2140096F0E3682844984294BF0020C01AE06502B090
S21400970070BD00BFFFFF0F002DE9F3471E464369FB
S2140097100446B342884617469DF828904ED3002547
S2140097208DF80750204627F001FAD4F830A082457D
S2140097300AD2236AB5EB430F06D2002220460DF16B
S2140097400701FFF745F9B8B39DF80730012B05D19F
S214009750002220460DF10701FFF73AF9B9F1030F91
S21400976006D03146204627F0D1F9256B854227D30F
S214009770144D4FF0FF31284600F0B2FA4B4629460A
S21400978000222046C5E90376C5F80080FFF716FBE1
S214009790236E054663B12046FFF784FF94F85030E9
S2140097A013B994F858301BB1236E04F15000984753
S2140097B0284602B0BDE8F0870135B3E76225F7E733
S2140097C01C25F5E7543D00202DE9FF410F46904645
S2140097D01E46054698B390F8343093B3B1F5801F13
S2140097E031D21A4C022127F0CAF9224639462846B9
S2140097F00DF10F03FEF7BEFE024678B10123424686
S2140098000093394633462846FFF77EFF0446E86B4A
S21400981027F04EFB204604B0BDE8F0819DF80F30DF
S214009820012BEBD12169B142E8D100934146334682
S2140098302846FFF7ADF904460028DFD1E7E72124E4
S214009840E8E71124E6E72924E4E700BF803D00208E
S2140098502DE9F04790F8423086B0012B054603917B
S214009860A1EB020740F0AA80FF2F03D81E464FF058
S214009870640807E00226012B14BF4FF032084FF0B1
S2140098806408013600244FF6FF79DFF844A195F806
S2140098904230012B14BF322364239C4202D35FFA6A
S2140098A088F40DE005AB22465146284627F03CFBDF
S2140098B095F84230012B059B34D14B452DD1E4B2AF
S2140098C095F84230012B14BF32226422121BB2429A
S2140098D017D3012E39D10022012B05978DF81320BE
S2140098E027D1082205A90DF1130027F0D9FD9DF810
S2140098F01330059A42EA032221462846FFF730FA3B
S21400990040B10223324900932846CC23096803AAB3
S214009910FFF7FAFE06B0BDE8F087DBB203B9023403
S2140099200134B4E7591CCAD09BB2002BF8D10134DD
S214009930F6E7102205A90DF1130027F0B1FD9DF8FA
S2140099401330059A42EA0342D6E7039A012B0592A2
S21400995023D10823202205A90DF113008DF813301A
S21400996027F09EFD9DF81320120221462846FFF799
S214009970F7F995F84230611C012BC9B21AD10028BC
S214009980BFD12846BDF81420FFF7EAF90028B8D161
S2140099900234BDF81620E1B2AFE71023202205A955
S2140099A00DF113008DF8133027F07AFD9DF8132083
S2140099B01204DAE70028A4D1059A9EE7B7F5803F9F
S2140099C04FF00106BFF457AF4FF032085AE700BF1A
S2140099D0803D002070B586B00E4605460392A0B3C3
S2140099E090F834309BB3B1F5801F32D2022127F0B5
S2140099F0C6F831462846184A0DF11703FEF7BAFD99
S214009A00044618B99DF81730032B0ED102233146B1
S214009A1000932846CC2303AAFFF776FE0446E86B9D
S214009A2027F046FA204606B070BD022B0BD10A4935
S214009A30284627F09BFA039902468142EFD0284633
S214009A40FFF706FFEAE76124E9E72124EAE71124A5
S214009A50E8E72924E6E700BF803D0020F7B50C467E
S214009A601646054668B390F8343063B3B1F5801FE8
S214009A702BD2022127F083F821462846144A0DF1FE
S214009A800703FEF777FDC0B99DF80730032B14D007
S214009A90022B14D10E49284627F068FA471C0246C6
S214009AA039462846FFF7D4FE044606B13760E86B11
S214009AB027F0FEF9204603B0F0BD2D24F7E7612419
S214009AC0F5E72124F6E71124F4E72924F2E700BF9E
S214009AD0803D002030B50C46054685B028B390F88A
S214009AE0343023B3B1F5801F23D2022127F047F884
S214009AF00DF10F03214628460F4AFEF73BFD0346AD
S214009B0088B99DF80F20032A0DD003222146009223
S214009B1002462846FFF7F8FD0446E86B27F0C8F92A
S214009B20204605B030BD2D24F7E72124F8E71124A0
S214009B30F6E72924F4E700BF803D00202DE9F04336
S214009B40466886B3056898464FF0000CA946AE46B0
S214009B5055F83C400CF1010CC4F31307013401D056
S214009B60B94217D0B4450EF1080EF1D12F460024A5
S214009B7003E0B44207F1080712D055F83430013438
S214009B800133F6D1C1F3130141EA0851C7E90012C7
S214009B90BDE8F08341EA0851CEE90012BDE8F08343
S214009BA0B8F1030F03D101230372BDE8F08300234D
S214009BB003E0B34209F10809F5D055F83340013304
S214009BC0C4F30754032CF4D1C1F3130343EA085338
S214009BD0C9E90032BDE8F0832DE9F0410646406849
S214009BE082B0B8B10F4690460024336853F834501C
S214009BF003EBC403C5F30752C5F31301013506D0C2
S214009C005B683046CDF80080B84718B170680134FC
S214009C108442EAD302B0BDE8F08100BF024B196867
S214009C20024B1868FFF780BBC4660020E46600207D
S214009C3008B530F03AFE014B186008BDAC3D002078
S214009C40014B186830F02CBEAC3D002073B50446BE
S214009C502248012A00EAC1119DF8185023F07C40E2
S214009C6007D9961E012E28D9073303F07F03194320
S214009C7008E09DF81C300A43DB0603F0C05313438C
S214009C8043F060410023C4E900108DF80730B5B1F9
S214009C90202221460DF1070027F002FC1A220DF1C2
S214009CA00700211D27F0FCFB082063689DF80720AD
S214009CB043EA8263636002B070BD1143E2E71B2291
S214009CC00DF10700214627F0EBFB23689DF80720DF
S214009CD0042043EAC2632360EDE700BF80FFFF076E
S214009CE038B5094B0D461A680021044611F09EFD52
S214009CF000234FF0FF322383C4E900252361A260CE
S214009D00E382A37638BD00BF8C4E04000138C0B293
S214009D1005289ABF014B185C01207047914E04003D
S214009D202DE9F0410746154600240E46596888B0CE
S214009D30490A012922464FEA510104F10104F8D8E4
S214009D40DC78997824031B88C90201F4006104F4C6
S214009D5080540C43C3F30A035203234492B24FF0D9
S214009D6000089C18274B6FEA0444039325F07843B9
S214009D70ED4302A90DF107001B2202938DF8078020
S214009D8027F08EFB9DF80720029B02A943EAC263D8
S214009D900DF107001B2225F07845049302958DF8F7
S214009DA0078027F07DFB9DF80720029B6FEA14448E
S214009DB043EAC26305934FF0FF330794069307A95F
S214009DC0BB69012206F110009847BB6905A9044645
S214009DD0012206F108009847BB69404518BF0446B3
S214009DE004A90122301D98470122404518BF0446A9
S214009DF0BB69304603A99847404508BF204608B0CF
S214009E00BDE8F08101009AB238B5104B0546D3F88C
S214009E1000310C4603F00303022B0BD0032B0DD0AE
S214009E20012B0FD12EF0C0FE032305B1286004B12C
S214009E30236038BD2EF002FF0723F6E730F048FD1A
S214009E400623F2E701230020EFE700BF0080005062
S214009E5038B5134B0546D3F820010C4600F0070032
S214009E6004281AD8DFE800F003090D1115000123B5
S214009E7005B1286004B1236038BD2EF05BFE0423D4
S214009E80F6E72EF091FE0323F2E72EF093FE05236D
S214009E90EEE72EF085FE0223EAE700231846E7E702
S214009EA00080005038B5104B0546D3F840310C46BC
S214009EB003F00303022B0BD0032B0DD0012B0FD185
S214009EC030F008FD082305B1286004B1236038BDD2
S214009ED02EF0B4FE0723F6E730F0FFFC0923F2E786
S214009EE001230020EFE700BF0080005038B5104B7C
S214009EF00546D3F860310C4603F00303022B0BD063
S214009F00032B0DD0012B0FD130F0E4FC082305B154
S214009F10286004B1236038BD2EF090FE0723F6E7D4
S214009F2030F0DBFC0923F2E701230020EFE700BF57
S214009F300080005041F6713210B5104C104BA04214
S214009F4094BF00240124D969DA639A6801F4803149
S214009F5022F4401242EA04529A600A4A90420A4A9E
S214009F60D2F818028CBF40F0020020F00200C2F8BF
S214009F70180209B10022DA6310BD00BF005A62025F
S214009F800000035080F0FA0200C007502E4B9842A3
S214009F904AD022D82D4B984240D014D82C4B984209
S214009FA039D00AD82B4B984232D02B4B98422FD020
S214009FB02A4B98422CD000207047294B9842FAD161
S214009FC0284B186F7047284B98422AD0274B984248
S214009FD0F1D1244BD3F880007047254B98422BD004
S214009FE009D8244B984223D0234B9842E3D11D4BEB
S214009FF0D3F88C007047214B984221D003F57403A8
S21400A00003F510539842D6D1164BD3F898007047F4
S21400A010144B986D7047134B586E7047114B586F22
S21400A0207047104B986F70470E4BD3F884007047FC
S21400A0300C4BD3F8880070470A4BD3F89000704753
S21400A040084BD3F8940070470048E8010024F40059
S21400A050C0CF6A0080841E0000093D0040420F0009
S21400A060405DC6000080E00FC0EA210180BA8C0186
S21400A070007E560380D54302006CDC020090D003BD
S21400A08037B50C460021114B0191D3F880310546B7
S21400A09003F00303022B0ED0032B11D0012B03D1A8
S21400A0A001A8FFF7D5FE0D210DB1019B2B6004B171
S21400A0B0216003B030BD2EF07DFD05210190F3E751
S21400A0C02EF06EFD02210190EEE700BF00800050EA
S21400A0D038B5104B0546D3F840320C4603F0030360
S21400A0E0022B0BD0032B0DD0012B0FD130F0F2FB3F
S21400A0F0082305B1286004B1236038BD2EF09EFD0C
S21400A1000723F6E730F0E9FB0923F2E700231846B9
S21400A110EFE700BF0080005038B5144B0546D3F873
S21400A12000020C4600F0070004281BD8DFE800F009
S21400A13003090D111500012305B1286004B1236041
S21400A14038BD30F0C7FB0823F6E72EF077FD07236F
S21400A150F2E730F0C2FB0923EEE72EF00BFD0C23EE
S21400A160800AE9E700231846E6E700BF00800050B3
S21400A17038B5144B0546D3F808020C4600F0070025
S21400A18004281BD8DFE800F003090D111500012391
S21400A19005B1286004B1236038BD30F09BFB08236E
S21400A1A0F6E72EF04BFD0723F2E730F096FB092387
S21400A1B0EEE72EF0DFFC0C23800AE9E700231846C2
S21400A1C0E6E700BF00800050032814D005D8012819
S21400A1D005D0022809D0002005E00F28FBD1084B47
S21400A1E0186FC0F3013001307047054BD3F890006C
S21400A1F0C0F30460F7E7024B186FC0F38020F2E765
S21400A200008000501FB500230193252817D8DFE8EB
S21400A21000F0131A1D272C363B51565B60656A7892
S21400A220161A401616561A272C27361A5127783B28
S21400A2303B3B3B2727275B602EF082FC0190019872
S21400A24005B05DF804FB2EF095FCF7E72EF078FCE1
S21400A25002460220FFF7B8FFB2FBF0F20192EEE7EB
S21400A2602EF088FC02460320F4E72EF083FC02461C
S21400A2700320FFF7A9FFB2FBF0F25208EEE7002139
S21400A28001A8FFF7FDFEDAE7002101A8FFF7E0FDD1
S21400A290D5E702934FF0E0231B695B0705D52EF048
S21400A2A069FC0290029B0193C9E703A902A8FFF785
S21400A2B0F9FDF7E7002101A8FFF7F4FDBFE700214D
S21400A2C001A8FFF713FEBAE7002101A8FFF724FF55
S21400A2D0B5E7002101A8FFF74BFFB0E7002101A872
S21400A2E0FFF792FDABE7094BD3F8803003F003038A
S21400A2F0022BA8D0032B01D000209FE72EF05AFC9B
S21400A3009CE7002101A8FFF7E3FE98E700800050D5
S21400A31008B50120FFF776FFBDE8084003498842EC
S21400A32094BF01210221032000F002B880F0FA0257
S21400A330032810B50C4627D004D8012804D00228DC
S21400A34017D010BD0F28FCD127F0C8F827F0CEF89C
S21400A350124A013C136F23F4405343EA0433136755
S21400A3602EF008FC0021FFF7E5FDBDE81040FFF7E2
S21400A370CFBF0A4A4C1ED2F8903023F0F85343EA77
S21400A3800463C2F89030DCE7044A4C1E136F23F4D3
S21400A390806343EA84231367D3E700BF008000503E
S21400A3A01FB500230193252821D8DFE800F01320ED
S21400A3B02020202A2F454A4F54595E7120203420F1
S21400A3C0204A202020202A204520712F2F2F2F20A2
S21400A3D020204F54314B1B6F03F00703013B032B28
S21400A3E005D8DFE803F00C02080A0423019301985D
S21400A3F005B05DF804FB0323F8E70623F6E702231F
S21400A400F4E7002001A9FFF73BFEF0E7002001A9D2
S21400A410FFF71EFDEBE702934FF0E0231B695B0797
S21400A42005D52EF0A7FB0B230393039BDEE703A9BA
S21400A43002A8FFF737FDF8E7002001A9FFF732FD75
S21400A440D5E7002001A9FFF751FDD0E7002001A9BC
S21400A450FFF762FECBE7002001A9FFF789FEC6E7FB
S21400A460002001A9FFF7D0FCC1E70C4BD3F88030E1
S21400A47003F00303022B03D0032B05D00023B5E71C
S21400A4802EF078FB0B23B1E72EF094FB0523ADE707
S21400A490002001A9FFF71CFEA9E700BF00800050BE
S21400A4A008B50320FFF790FE034B187027F016F848
S21400A4B0BDE8084027F01AB8CC5C002010B504466A
S21400A4C02EF058FB0021FFF735FD1CB1BDE810400B
S21400A4D0FFF71EBF034B0320BDE810401978FFF7B7
S21400A4E027BF00BFCC5C002038B50546FFF74EFD01
S21400A4F0204B04465A68012A04D11F494A609A69CB
S21400A5009207FCD10020FFF74BFF042803D126F06A
S21400A510E5FF26F0EBFF194A24F0407395421FD062
S21400A520174A95421FD0174AD16811F0060FFBD183
S21400A5309068936091684B4013F4F81F16D1284634
S21400A540FDF766FD0020FFF72BFF042810D12EF044
S21400A55011FB0021FFF7EEFCBDE83840FFF7D8BE40
S21400A56043F00073DFE743F08073DCE79060E9E7D1
S21400A57038BD00BF00C0015000E0015040420F004F
S21400A58080841E000000015070B504460020FFF7CE
S21400A59007FF03287CD045F60E030221414AC2F885
S21400A5A08030414B9962012103F580539962936D87
S21400A5B0D903FCD4D4E900131B0543EA0163E17B0D
S21400A5C094F823500B43217B43EA0143617B43EA23
S21400A5D00133A17B43EA811313619169D4E9040333
S21400A5E01B0643EA806301F000410B43A17EE07E38
S21400A5F00B43217E43EA0143617E43EA01239361D4
S21400A600E169136A002923F00D0343EA010314BF2E
S21400A6100121002143EA800343EAC103136294F850
S21400A620203094F82200916A4FEA431331D194F80F
S21400A630216021F0330143EA06130B4343F0010384
S21400A64093621A49174A936D31EA0303FBD102213C
S21400A650154B9962936D5B00FCD41369A16823F4D3
S21400A660700343EA015313614FF000420E4B9A61A8
S21400A67018B9022203F580539A6215B901220C4BD1
S21400A6809A6294F824301BB1064B0A4AC3F880201D
S21400A69070BD21F0330129430B4343EA4003936224
S21400A6A0EFE700BF00C0005000D00050030001409C
S21400A6B000E00050F1A7FFFF014B93F90000704740
S21400A6C0CD5C0020014B1880704700BFDE6B002079
S21400A6D00C4A10B51369044643F0040313612EF0C8
S21400A6E0B9FD26F007FF084B084AC3F8202430BF00
S21400A6F026F001FF02F066F91CB9BDE810402EF006
S21400A70039BA10BD00ED00E000E003500000FFFF86
S21400A710034A0179D36E23F030030B43D3667047A8
S21400A72000400050F8B504460D461F4616464AB18E
S21400A73001238B403021184A01FB0022F7B141F279
S21400A7401001535004EB4403072D4FF00F014FEA5E
S21400A750031316D8A80006FA00F281400F481844E2
S21400A76026F0CCFE4EB9012330210B4AAB4001FB4C
S21400A770042277B141F210015350F8BD42F21001A5
S21400A780DFE7A5F10800800006FA00F281400448E1
S21400A790E5E742F21001EFE700C0035004C00350A3
S21400A7A00CC00350012200F5805310B55A60244BAC
S21400A7B0244AC36043691340FCD18361C0F89830D3
S21400A7C0436913F4401FFBD14369DA052CD4836F29
S21400A7D053BB43699B0529D4D0F8883033BB01218D
S21400A7E0C26FD0F88C2000F5005251603021836093
S21400A7F00361C36203620167C0F880101249884291
S21400A80008D142F260041149846401654365846599
S21400A810016643660C49884202D10020102B08D1FD
S21400A8200B4B5362936210BD436FCDE7D0F8843074
S21400A830CFE703F1280441F824000133EEE700BF18
S21400A84012000200520001000040005A00C00280C0
S21400A8508F330F80084608B569B91820FFF7D2FC79
S21400A860B0B10C4B984206D90B4B9B68C3F30273EE
S21400A8700133B0FBF3F0094B00F5742000F23F20E3
S21400A880B0FBF3F001387F2828BF7F20C0B208BD98
S21400A8900120F0E7005A62020040005A40420F00D2
S21400A8A00B4B10B5994228BF19460C461AB918200A
S21400A8B0FFF7A8FC0246631E1344B3FBF4F0A34262
S21400A8C028BF00F1FF30032828BF0320C0B210BD08
S21400A8D0005A620210B51048104C002B08BF044600
S21400A8E08C4228BF0C461AB91820FFF78BFC02468C
S21400A8F09DF8083040F2FF300133B2FBF3F2631EDE
S21400A9001A44B2FBF4F3A24228BF03F1FF33984285
S21400A91028BF184610BD00BF80969800404B4C00DC
S21400A9202DE9F04F2DED068BB64D0C461646294602
S21400A930002285B00746FFF7B3FF94F80580012292
S21400A940804538BF804607F500535A6020795FFA85
S21400A95088F850B91820FFF755FCA842014628BFD2
S21400A960B0FBF8F13846FFF775FF4FF00009E378C3
S21400A97022781B01524202F0020203F03003134316
S21400A98062780004524202F004021343A27800F4F4
S21400A990FE00524202F0080213434FEA087202F029
S21400A9A0E04213431843E3882289B8603B61638919
S21400A9B0DFF85CA243EA02433B62574502D1B9F195
S21400A9C0020F08D1012307F580577B6005B0BDEC68
S21400A9D0068BBDE8F08F002235788B488B49B4682B
S21400A9E0954218BF01462B468948CDF80080FFF7F0
S21400A9F071FF07EB09118B6CA2B223F0405323F4CE
S21400AA00EE2323F01F0305F003041C4373788242F1
S21400AA104FEA830303F01C0344EA0304B37838BF09
S21400AA2002461B03F07803F4E0432343040404F4D3
S21400AA30E024234334794FEA091C240704F04054E9
S21400AA4023438B648C6C09F1050BC4F30234013C80
S21400AA507049042C26D8DFE804F0252503101A00D8
S21400AA60D1F88041240C2DB3C2F309020AEB0B1374
S21400AA705A6009F1010910369FE7D1F88441002D8C
S21400AA80F2D1D1F88C11A4B20914490015E0D1F81E
S21400AA908441002DE8D1D1F88C11240C091401EB67
S21400AAA041010AE0D1F88041A4B2002DDCD1DFEDEF
S21400AAB05A7A06E0D1F88C11091407EE901AF8EECF
S21400AAC0E77A01210CF1B44C0CF5804C2304DCF839
S21400AAD0483024F4C045C3F3820C0CF1010C01FA93
S21400AAE00CF107EE101A4FEA854548BF45F00045C1
S21400AAF013F01C0FB8EEC79AF6EE008A454B55D1F8
S21400AB00D3F88C110BB208EE103AB8EEC88A38EEBD
S21400AB10278A9FED42AAF7EE049A00285DD1039299
S21400AB2026F066FD07EE900AF8EE677A87EE8A7AD8
S21400AB30C9EE877A27EE888A039A9FED397AC7EEA0
S21400AB40097A9FED387A67EE877AB1EE007AB5F12A
S21400AB50004F48EE077A0BD09FED337A06EE104A88
S21400AB6077EE876ABAEEE86AF0EE477A56EE267A0D
S21400AB70F5EEC07AF1EE10FACBBFF1EE677A78EE1A
S21400AB80E78A77EEE87AFDEEE87AC8BFFDEEE77A68
S21400AB9017EE901AB1F5003F2ADB6FEA55456FEACB
S21400ABA045451B484FEA0B1145505DE7D3F8901119
S21400ABB069EE286A09B207EE101AB8EEC77AD3F81B
S21400ABC0881177EE677A0BB208EE103A87EEA67A0F
S21400ABD0B8EEC88A38EE078A9BE7D6ED037AF8EE19
S21400ABE0677A87EE8A7AC9EE877A27EE888AA4E79C
S21400ABF011F5003FAABFC1F3110145F400350D431E
S21400AC00CFE700BF005A6202404B4C008096980087
S21400AC100040005A0080E00F0000000000007A4468
S21400AC2000008043000020440000004941F67132D5
S21400AC30034BDA63012203F50053DA60704700BF66
S21400AC400000035041F671320121044BDA6303F52C
S21400AC500052D1600022DA63704700BF0000035044
S21400AC60044B1868421C02BF034AD2F894001860CE
S21400AC70704700BFE866002000400050CB784A7856
S21400AC8010B55B010C7843EA82030A79234343EA52
S21400AC9002130C22424302F1B0421363012C02BF9E
S21400ACA08A78024B43F8202010BD00BFD0800350A6
S21400ACB008B54FF0B0435A6802B960B15B680BB193
S21400ACC026F0BEFC4FF0B04130B10120074B586073
S21400ACD026F0B6FCC86008BD26F0B2FC0223CB60A6
S21400ACE026F0AEFC0122024B5A60F4E70010005832
S21400ACF0002000584FF0B0414B6810B50BB126F05D
S21400AD009FFC01220B4BC4785A608378934043EA39
S21400AD10840344782343047943EA0413447943EADA
S21400AD20C4038B60044B5A600378C3F10203CB6004
S21400AD3010BD00BF0020005800100058054B5B698E
S21400AD40C3F38512827003F03F021B0B4270037040
S21400AD50704700BF00C007500120034B9B680A33B2
S21400AD6003F01F03984070470080E00F034BD3F8B2
S21400AD702424D3F820041040704700BF00C00350BE
S21400AD802DE9F8431E4B0546D3F810334B1E0E2B09
S21400AD900E46174690F8009044781DD909B34FF038
S21400ADA000082846D7B12FF09BFD09EB4903072C76
S21400ADB04FF00F014FEA031315D8A400114808FA04
S21400ADC004F2A140184426F043FCBEB928468FB1D1
S21400ADD0BDE8F8432FF084BD8846E2E726F047FC3E
S21400ADE0E3E78846E1E7083CA400074808FA04F2CF
S21400ADF0A140E7E7BDE8F84326F039BCBDE8F88394
S21400AE0000C0035004C003500CC003502DE9F041AD
S21400AE10204B1646D3F810234A1C05460C464078AD
S21400AE2004D1D3F8241426F030FC0446002C2EDB84
S21400AE30072C14DC03274FEA84082A7807FA08F759
S21400AE403946154802FA08F226F002FC6A783946B6
S21400AE5002F00302114802FA08F226F0F9FB012379
S21400AE6016F0050F0E4A18BF0E4903FA04F30CBF7E
S21400AE70C2F81034C1F8103416F0060F18BF094A8D
S21400AE80C2F814340123064AA340C2F820342046F0
S21400AE90BDE8F08100C0035000C4035008C403504E
S21400AEA000E0035000D0035070B504462AF0CFFFF0
S21400AEB0064630B90FCC044D0FC594E80F0085E860
S21400AEC00F00304670BD00BFB03D002047F6FF7350
S21400AED09A42F0B570D0022970D8394B5B5C022BD1
S21400AEE06CD8384DDE0005EBC304A77815F8333070
S21400AEF0012F394638BF0121012B16D1E078401AC0
S21400AF000021884205D8012F2CBFC0190130C0B2DD
S21400AF10F0BD431A6568A0EB530335F9135095420C
S21400AF20D4BF194603F1FF30EBE760680028EFD086
S21400AF30B0F90040944204DBB0F902409442B8BF36
S21400AF40144683883544FF2B19BFC8232827B0F939
S21400AF500630B0F90870A3EB04030CBF01220022F0
S21400AF6093FBF7F36E7813441BB29E4201DD002B71
S21400AF7001DA731E1BB24FF47A7C00EBC305EA8835
S21400AF80AD685F1C14FB02521D4622EAE2723BB219
S21400AF905C329E42B2FBFCF204DD00EBC307BF88C6
S21400AFA09742EAD200EBC5039888904228BF104625
S21400AFB0884238BF0846AAE7FF20A9E70020A7E78F
S21400AFC0974E0400B03D00200229F0B560D8314B02
S21400AFD0595C02295CD8304B13F83100012816D191
S21400AFE003EBC1039C78D878012C214638BF012199
S21400AFF0904294BFC1EB0001C1EB0201001BCAB234
S21400B0008242C8BF00225B6833F91200F0BD002AF6
S21400B0103CD003EBC1035968002939D09878904298
S21400B02002D3B1F90200F1E7DC78B1F900009442EE
S21400B030ECD95C788B88013CA3F1FF06734201F1E2
S21400B0400405E4B2734101F10C07DEB2B44216D82F
S21400B05005EBC3034FF47A756A43B3F902405B68A5
S21400B060D21A04EBD47302EB630292FBF4F2904222
S21400B070CCDBB1F902009042C8DC10B2C6E737F864
S21400B08033C05E1C9445E3D33346DEE70348BDE792
S21400B0900348BBE7974E0400B03D00200CFEFFFFC0
S21400B0A00080FFFF08B50448FFF7FEFEBDE8084035
S21400B0B001202AF0D2BE00BF9C4E04007FB51422A9
S21400B0C0002101A810F0B2FB044B01A94FF0FF309D
S21400B0D002932AF008FF07B05DF804FB006A180028
S21400B0E02DE9F0418CB08846DDE912761D4604460F
S21400B0F0002847D0002945D0002F43D0002E41D04D
S21400B10013F00F033ED120482049A360002A08BF51
S21400B11001462362C4E90013404609A926F047FB0E
S21400B12068BB204609992FF036FC294620462FF0AA
S21400B13032FC6946404626F0C9FB00BB69462046FD
S21400B14026F0F4FB404603A926F0CBFBB8B9204610
S21400B15003A926F0EBFB06970127204645F000558D
S21400B16006A90797089526F0E1FB204609A9099647
S21400B1700A970B952FF035FC20462FF0EFFB0CB00E
S21400B180BDE8F0812120FAE7000100040001010477
S21400B1902DE9F04F97B0894690461F460546DDF8E4
S21400B1A080A0002800F0BB80002900F0B8803AB1EB
S21400B1B0229B002B00F0B380239B002B00F0AF8077
S21400B1C0BAF1000F00F0AB80219B002B00F0A780A7
S21400B1D067B13C680026229B43440293464507D34A
S21400B1E007B13C60002017B0BDE8F08F3C46F1E7A1
S21400B1F05CB1229B219A9B5D125D01345340239AD9
S21400B20004F00F0493550136E8E7A8EB060BBBF1F4
S21400B2100F0F58D9434B4846C5E90034AC602C6242
S21400B22013A926F0C4FA0028DDD1284613992BF07E
S21400B2300F0B2FF0B0FB594628462FF0ACFB4846C4
S21400B24004A926F043FB0028CDD1284604A926F001
S21400B2506DFB484607A926F044FB0028C3D12846C4
S21400B26007A926F063FB012322992F4ACDF828A0D0
S21400B2700B930C928A190D9228464BF000520AA99D
S21400B2800E9303920F9226F051FB28460DA926F046
S21400B2904DFB239B039A9919012310911193129247
S21400B2A0214A284610A9CDF84CA0149315922FF0E9
S21400B2B098FB284613A92FF094FB28462FF04EFB48
S21400B2C05E4400288FD1229B03EB060B239B1E4473
S21400B2D0029B9B4501D1464680E7ACB9219B22469E
S21400B2E0CDE900A3494610232846FFF7F9FE0028BB
S21400B2F07FF479AF0AF1100212F8013D0133DBB298
S21400B30013700BB95245F7D1219A1BF8013B125D19
S21400B3100134534006F8013B04F00F04D8E721201F
S21400B32061E700BF03030004100000207FB50E464F
S21400B3301D460446F0B102B9E3B901230192029317
S21400B34045F00053039300230B4AA360C4E900238F
S21400B3502362204601A926F0E9FA314620462FF05E
S21400B3601AFB204629462FF016FB20462FF0F6FA49
S21400B37004B070BD2120FBE700000943084B98424B
S21400B38002D0084B984207D10B88B3F5105F14BF64
S21400B3906FF08500002070476FF08500704700BF93
S21400B3A0004440040013C0041038102808D8064B88
S21400B3B0C34013F0010F0CBF6FF0860000207047EB
S21400B3C06FF08600704700BF010101002DE9F04FC5
S21400B3D0A7B008AFCDE90501DDE93295DDE9346AAD
S21400B3E000210792384610229846DDF8D8B010F0B3
S21400B3F01DFA102200210CA810F018FA069B2BB993
S21400B4006FF08604204627B0BDE8F08F079B002B20
S21400B410F6D0B9F1000F01D1002DF1D1309B13B950
S21400B420319B002BECD116B9BAF1000FE8D1BBF175
S21400B430000FE5D040460599FFF7A0FF0446002818
S21400B440E0D1014628221CA810F0F0F9202221465F
S21400B45014A810F0EBF91CA82FF093FA002840F07F
S21400B460AF80DDE90612059814AB26F0ABFA044669
S21400B4700028C7D11498FFF797FF04460028C1D1CB
S21400B48015B9CBF80000BDE7B14518D209EB0503A6
S21400B4909E4214D25545B3D82A464946304610F047
S21400B4A017FA554B984526D006D3544B984524D0CA
S21400B4B003F54073984520D06FF08504A2E74F4B04
S21400B4C098451BD003F54073984517D04A4B9845CE
S21400B4D0F2D1554594D815F00F0291D12B46CDE9FF
S21400B4E0009614A91CA8FFF7FBFD814600285CD136
S21400B4F0CBF8005086E7B146EDE7B14610220021B2
S21400B50010A810F093F955453FF67AAF3C4B984596
S21400B510319B39D10D2B7FF473AF01238DF840306A
S21400B520309B0DF1410203F10C0153F8040B8B42E2
S21400B53042F8040BF9D11B78137001238DF84F30B5
S21400B54015F00F0842D025F00F034B440DF1300CD8
S21400B55003F1100E624618685968083303C2734533
S21400B5609446F7D10F2D33D825F00F0333440393B9
S21400B5700CABCDE9017310AB00934246002314A92F
S21400B5801CA8FFF705FEB0E7102B7FF439AF309B01
S21400B59010AA03F1100E9446186859680833ACE8F0
S21400B5A0030073456246F6D1CAE75246002130468C
S21400B5B010F03CF90023B9F1010FCBF8003002D0AF
S21400B5C06FF092041EE76FF08B041BE70F2D8FD9E8
S21400B5D010ABCDE9029600930197002325F00F02E9
S21400B5E014A91CA8FFF7D4FD81460028DDD1B8F1C8
S21400B5F0000F3FF47DAFB7E7004440040010C004DE
S21400B6000013C0042DE9F04F8A46A1B00021DDE901
S21400B6102A56DDE92C790590934606A8102298460E
S21400B62010F004F9102200210AA810F0FFF8BAF171
S21400B630000F05D16FF08604204621B0BDE8F08FDC
S21400B640BBF1000FF6D00DB9002EF3D117B9B9F142
S21400B650000FEFD12E9B002BECD040460599FFF74C
S21400B6608DFE04460028E7D10146282216A810F0D1
S21400B670DDF8202221460EA810F0D8F816A82FF0E4
S21400B68080F9002854D15A46514605980EAB26F04C
S21400B69099F904460028CFD10E98FFF785FE044698
S21400B6A00028C9D116B92E9B1860C5E7BD4216D230
S21400B6B0AB199F4213D24E45BCD83246294638466F
S21400B6C010F006F93A4B98455BD003F54073984561
S21400B6D031D0384B984511D06FF08504ACE7344B29
S21400B6E098454FD003F54073984525D0314B984583
S21400B6F0F2D14E4503D96FF089049DE73D463307E6
S21400B70098D133460122CDE900570EA916A8FFF7B7
S21400B710E7FC2E9B05461E6000288DD04A46002179
S21400B720384610F083F800232E9A012D13603BD084
S21400B7306FF0920480E73D460D3E4E45DBD8012370
S21400B7408DF828302B460DF1290205F10C0153F82F
S21400B750040B8B4242F8040BF9D11B780D3513709D
S21400B7604FF48073ADF8363006AB01930AAB009306
S21400B77032460023CDE902570EA916A8FFF708FDAA
S21400B780C7E73D46103E4E45B5D82B460DF1280C72
S21400B79005F1100E624618685968083303C27345EF
S21400B7A09446F7D11035DFE76FF08B0444E700BF0F
S21400B7B00010C0040044400410B54FF42F7200215E
S21400B7C0044610F033F88023C4F88C30054B04F19F
S21400B7D09C00C4F88430012384F88830BDE810400B
S21400B7E025F03CB97AB6030010B5D0F8A0400A465A
S21400B7F08CB926F0FDFA044610B90024204610BD88
S21400B8002D2896BF064B074953F82010064A0748CE
S21400B81026F034FCF2E7D0F8A4101046A047ECE778
S21400B820884F04007DB6030018B20300ADB70300CE
S21400B830F8B590F88060044616B100263046F8BD8C
S21400B84026F009F90028F8D1012384F8803094F80E
S21400B850883033B1D4F884101F4884F8886026F006
S21400B8600DFC4FF0FF37D4F8B402421C1FD0C4F8CA
S21400B870B47210F0FF052CD0204626F0E9F82946D1
S21400B880204600F0A7FB0028EDD0204626F0EEF874
S21400B89094F888303BB1D4F884100F4826F0EEFBBD
S21400B8A0002384F88830002384F88030C6E726F02A
S21400B8B0CAFB431CDDD1D4F88C30D4F89420013B6D
S21400B8C09A4204DB054A0649064826F0D7FB0126BD
S21400B8D0E9E70126C7E700BF4FC9030018B2030017
S21400B8E08BB60300ADB70300F8B50B780446302BD3
S21400B8F00D46164604D14B7803F0DF03582B11D0C3
S21400B900284F6A1E12F8011F002934D128460A2241
S21400B9100FF07CFE202C03460D4631D1B1FA81F0A3
S21400B92040091AE04A1C1F4912F8013F8BB9284605
S21400B9300FF078FE1C4B02382340032B12D1013443
S21400B940A41084420AD1A87837288CBF0020012092
S21400B95003E0CB5C13F04400E6D1F8BDCCBF012079
S21400B9600020FAE7002CB8BF0334B0EBA40FD4BF16
S21400B97001200020F1E77B5C13F00400C2D1ECE765
S21400B98026B1084302D0013B61F100050122A24026
S21400B990013A1A40002D08BF9A420CBF0120002031
S21400B9A0DBE700BFED75040003000080F0B5037808
S21400B9B001467B2B17D10646022400220B4F16F8B1
S21400B9C0015F7D2D05D10B5D6BB9D24302F00100FE
S21400B9D008E07B5D13F0440002D001320134EEE74C
S21400B9E0202DFBD0F0BD0020FCE700BFED75040065
S21400B9F070B506460D460FF015FE0446304626F096
S21400BA003DFB044EAC4200D370BD304626F036FBFC
S21400BA100134F7E727C003002DE9F84F044602215A
S21400BA205148FFF7E5FF1E212068FFF7E1FF636836
S21400BA30586826F023FB4D4826F020FB67683B7BC2
S21400BA40FD2B12D8D7F808804FF0FF3640460FF08F
S21400BA50E9FD0546DFF81091DFF870A1DFF84CB17C
S21400BA600C3717F8013BFF2B01D1BDE8F88F212BCF
S21400BA7018D8212B36D8DFE803F0377274111B1D57
S21400BA801F213535353535353535232527292B2DD9
S21400BA902F3135353535353535353D33344C002D7C
S21400BAA02BD12EE0334C344AFE2B08BF1446F6E763
S21400BAB0324CF4E7324CF2E7324CF0E7324CEEE729
S21400BAC0324CECE7324CEAE7324CE8E7324CE6E739
S21400BAD0324CE4E7324CE2E7324CE0E7324CDEE749
S21400BAE0324CDCE7234CDAE7314CD8E726F0BAFADA
S21400BAF001362AE0002DB4D02E4C202B06F101068C
S21400BB00AFD002214846FFF773FF1E214846FFF7D5
S21400BB106FFF504626F0B2FA5946204610F0DCF881
S21400BB202549002818BF2146244826F0A7FA3B7866
S21400BB30202B02D12B2026F095FA214826F09EFADB
S21400BB404DB118F806301F2B05D018F806001F2830
S21400BB5001D0AE42CADB054826F090FA81E7194CC0
S21400BB609DE7194C9BE700BF3B03040018B2030097
S21400BB7035B7030047B703006DD3030092B7030041
S21400BB8099B703008AB7030086B703007DB70300A2
S21400BB9073B7030069B703007EB7030074B70300EA
S21400BBA06AB703005FB7030058B703004FB7030038
S21400BBB034B703003AB7030045B703004FC9030084
S21400BBC0BEBA030091B7030098B7030055D403002C
S21400BBD02DE9F04F9BB005468B4600240092039358
S21400BBE00FF020FD249F039B04901C6028463C60B9
S21400BBF00AAA09A926F064FA064658B90A980FF068
S21400BC0011FD3446B046039B1860D5F89C3002936D
S21400BC10029B1BB920461BB0BDE8F08F029BD3F8F1
S21400BC200890B9F1000F6CD02E4416F8013B202B7B
S21400BC3011D000260C23734309EB030A59F803308E
S21400BC400193002B58D0099B434555DB9AF80820F2
S21400BC502AB1721C39E03B6801333B60E5E739687E
S21400BC60D5F894200793039B521A1A601AAB03EB7D
S21400BC70880151F8403C0199184605930FF0ECFFF7
S21400BC8006900028E5D101980FF0CCFCDDE90623EC
S21400BC900146DAF80400D7F800A090F80CC0BCF112
S21400BCA0FE0F16D103F1FF3EC64512D0D0F8009025
S21400BCB0059801920FF0B6FC0AF1010A019A504469
S21400BCC02B5C23B1386008F101081646B2E7013054
S21400BCD0F6E7D5F894200591A2EB0A028A4220DC0A
S21400BCE058460FF09FFC059901447B290DD958460C
S21400BCF01F4A009924F0D9FE2B46049A2A44934200
S21400BD002CD1029B1B68029382E7DDE9001258469D
S21400BD1024F0CBFE5846174A0099013424F0C5FE9D
S21400BD2097E7BCF1FE0F94D1013B434591D1D0F883
S21400BD3000A0DFF840905AF80C2B22B9049B3B6019
S21400BD40039B1A60D8E75846009924F0AEFE4A4690
S21400BD505846009924F0A9FE0134ECE713F8011BBD
S21400BD600029CCD14FF0200103F8011CC7E700BF23
S21400BD709FB7030027C003002DE9F047002486B0D4
S21400BD801C60DDE90EA8064689468AF80040116860
S21400BD90154888F8004017461D468DF81740FCF7F2
S21400BDA0A5F818B901242B6801332B600020D6F8BB
S21400BDB09C6036B914B1012388F8003006B0BDE89F
S21400BDC0F087B06868B14B460021CDE902A8CDE9FE
S21400BDD000750DF1170225F0AAFF9DF81730002B0D
S21400BDE0E8D13668E5E700BFA4B703002DE9F047C1
S21400BDF00446ADF5447D8022002104A802AF0FF072
S21400BE0015FD80222046009703AB04A9FFF7E0FE4D
S21400BE1001283DD104A80FF005FC03993B68461A9B
S21400BE200B4426EAE6762344054604A83246014437
S21400BE3018460FF08BFE00228255D4F89060039BC4
S21400BE403968D4F890201944B14212DCD4F8941022
S21400BE50E81A0244C4F89020014404AAC4F89410D6
S21400BE60D41825182B1B002B0DDC0DF5447DBDE8E2
S21400BE70F087A05C26F0F6F8D4F89030013601334F
S21400BE80C4F89030DBE714F8010B26F0EBF8E9E78E
S21400BE90EBDD24AD8022002128460DF5887A0FF0D0
S21400BEA0C5FC0DF110094FF40072002150460FF04A
S21400BEB0BDFC4FF001084A46002312F8016BA6B9F4
S21400BEC004A84AF828300FF0ADFB294633469845BB
S21400BED01CDB19F8016B0DF5887C5CF8042B82429C
S21400BEE00CD101F8016B0133F1E7202E03F10103B9
S21400BEF004BF4AF8283008F10108DEE70DF1100EFD
S21400BF007244D25CB242E8D00022EA54D4F8906080
S21400BF10039BB3422FDC23462C4A04A92C4826F068
S21400BF20ADF828460FF07EFB0646039B3F68F61AE0
S21400BF301F4426EAE672E01917441D44E11904F18D
S21400BF40900399423CD904F19803984238D26A1E6D
S21400BF5081190B1A002B27DD12F8013F00F8013B70
S21400BF60D4F890300133C4F89030D4F894300133CC
S21400BF70C4F89430EDE7D4F890300136E05C26F053
S21400BF8071F8D4F890300133C4F89030C0E7D4F894
S21400BF909020013B0132C4F89020D4F8942001325E
S21400BFA0C4F89420002BF2DC00232E44E355731BC8
S21400BFB0002B7FF75AAF15F8010B26F053F8F6E77B
S21400BFC029460FF0C3FD3346ECE700BF7AB6030000
S21400BFD0A9B703002DE9F843D0E9245604460F46D6
S21400BFE0002294F89830012B07D10A2F07D100239E
S21400BFF084F898300020BDE8F88300F29F801B2F5D
S21400C00001D10223F4E70D2F0DD1012384F89830D7
S21400C0100D2026F027F80A2026F024F80023012019
S21400C020C4E92433E7E74FF00008082F84F8988027
S21400C03034D1454530DDB5420FD1384626F012F8EA
S21400C040202026F00FF8013D384626F00BF8013E7A
S21400C05004F80580C4E92456CCE7FBDA05F1FF397D
S21400C060384625F0FFFF04EB0903A6EB0902611929
S21400C07018460FF02DFC04F806800146013E48489D
S21400C08025F0FCFF35464D4501DC4D46E2E708202D
S21400C09025F0E8FF013DF6E7ACD0DBE77F2F1CD1AB
S21400C0A0002EA7DDB542A5DA6319691C214418469F
S21400C0B0721B0FF00DFC04F806800146394825F087
S21400C0C0DDFF0820013E25F0CDFFB542F9D1D4F8BA
S21400C0D09430013BC4F894308CE70A2F98D0092F8F
S21400C0E003D12046FFF782FE84E7D4F88C30013B6C
S21400C0F0B3427FF77FAFB54204EB050805F10109AF
S21400C1000CDB384688F80070D4F89430C4F8909069
S21400C1100133C4F8943025F0A5FF6BE74146721B47
S21400C12004EB09000FF0D4FB404625F0A7FF0820DB
S21400C130013E25F097FFB542F9DDE2E7022B06D176
S21400C1405B2F01D1032353E784F8982049E7032B9C
S21400C1507FF450AF413F84F89820032F3FF64AAF54
S21400C160DFE807F002070A160121204625F02BFF1C
S21400C17040E74FF0FF31F8E7B542BFF63BAF605DF2
S21400C18025F070FFD4F890300133C4F8903031E7D2
S21400C190002D7FF72FAF013D0820C4F89050BAE776
S21400C1A0B2B70300ACBB030008B50248FEF79CF923
S21400C1B0002008BD00B4C40430B58BB06C46174DE3
S21400C1C00FCD0FC40FCD0FC495E8030084E803001D
S21400C1D0134BD3F84C2112031CD5A3F5FE431C8841
S21400C1E04FF6FF739C4208BF8C248DF81940FEF76B
S21400C1F063FA204480F308008DF818000948FBF71E
S21400C2000DFF6846FEF7C0F93220FEF75BFA002005
S21400C2100BB030BDD3F85041E4B2E6E7405004001E
S21400C2200080E00F00F049020028ACBF00F160403B
S21400C230064B4FEA0111C9B2ABBF00F5614000F0F2
S21400C2400F0080F800131954704700BF14ED00E08B
S21400C25008B52EF037FB0B4B1A7872B901221A700C
S21400C2602EF02BFB6FF0040210460132052152B26D
S21400C270FFF7DAFF3D2AF7D108BDBDE808402EF0EB
S21400C2801CBB00BFCE5C0020002807DB0123410951
S21400C290034A00F01F00834042F82130704700BF79
S21400C2A000E100E0054B421153F8223000F01F0079
S21400C2B023FA00F0C04300F00100704700E100E000
S21400C2C0002808DB01224309034900F01F008240D2
S21400C2D0603341F82320704700E100E010B50446C3
S21400C2E02EF0E3FA024B1C602EF0DAFA002010BDA6
S21400C2F0D83D002010B52EF0D8FA034B1C682EF05F
S21400C300CFFA204610BD00BFD83D002038B50C46F9
S21400C3101546014610B9FFF7EDFF01462B462246AB
S21400C32003480EF093F90028D4BF3720002038BD0C
S21400C3301722030008B500F0E3FB18B16A21024893
S21400C3402EF0B5FB002008BDB7B7030008B500F017
S21400C35049F80C4A536A43F470235362EFF3088398
S21400C3604FF0CD31084A043B934208D200F070FAF1
S21400C370FFF7E0FFBDE808400448FEF795BD43F828
S21400C3800419F1E700ED00E0080000209C4E0400D0
S21400C39007B5042200200DEB020129F01CFD04283D
S21400C3A003D0D72104482EF082FB019800F0DCF978
S21400C3B003B05DF804FB00BFB7B70300082310B551
S21400C3C00C0A41400648C9B241F30002013B024054
S21400C3D013F0FF0382EA5101F6D184EA010010BD92
S21400C3E02083B8ED38B5FEF73BFC044625F022F96D
S21400C3F0E3072AD401221046114600FA01F323402F
S21400C40002F1010223D01D4B33F811301C48062BD5
S21400C410028844881B4920D14FF20F039C4219D151
S21400C420B2F5406F28BF4FF4C0624CF23C330A802E
S21400C430438040F201730A889A4201BF124B134AA6
S21400C440D2E90001C3E9000115E00021DBE7102A6C
S21400C450D2D1DBE74FF4C062E7E740F20725AB42F4
S21400C4600AD14FF20F05AC4206D19A4204D14CF2E3
S21400C4703C320B80428038BD0B80DAE70452040061
S21400C480E0630020BA570020DC3D0020D86300207F
S21400C490014B1888704700BFBA570020014B188818
S21400C4A0000A7047BA570020044B05481B881A0A32
S21400C4B0B3F5406F38BF00EB82007047BA570020D4
S21400C4C0D4510400044B1888044B020A53F8223057
S21400C4D0C0B203EB80007047BA570020A451040096
S21400C4E010B504462EF0E5F94FF20F02044B1C80FF
S21400C4F05A80BFF35F8FBDE8104025F056BE00BFE0
S21400C500E06300206D4A2DE9F0416D4B55686D4C97
S21400C5105D65516A99656C49D1F80002D865D1F815
S21400C5200412586B1966916A10F0040F5966D16AA6
S21400C5304FF000009966116BD966516B1967D26B84
S21400C540D8645A67D3E90E1218BF11465F4A914263
S21400C5501A655DD301F12000A04259D88869C5F359
S21400C56008051864CE69062D5E6455D1584DA8425C
S21400C57052D3584DA8424FD205884DF642608542A8
S21400C5804AD11868C3F890005868C3F8940040F27F
S21400C5900170A242154604D22E680432B6F1CD3F91
S21400C5A0F7D00022C3E91E22C3E92022C3E92222D3
S21400C5B0641BDFF81CC1434DDFF818E19C648D4214
S21400C5C02DD8D3E91EC7D3E92065D3E922414FF021
S21400C5D0000E013AD2B2FF2A3CD1BEF1000F05D0C0
S21400C5E0C3E91EC7C3E92065C3E92241B3F8543046
S21400C5F0C3F308030C2B3BD8022B54D9DA1E092AA6
S21400C60051D8DFE802F03157404350505050504D5B
S21400C6100021C3E910112D494FF42060B9E755F801
S21400C620044D6445CBD37445C9D2E607C7D500266A
S21400C630294F57F8048FA045C1D00136062EF8D1F1
S21400C64032B1013AD2B202F11E0643F82640B6E7EE
S21400C6500522F8E7E0464FF0010EBC4637462E4668
S21400C66025460C464146B4E740F60120BDE8F08179
S21400C6703B2B18D1194B9B6913F0020F40F2025363
S21400C68018BF1846F2E740F60320EFE740F604220C
S21400C69040F20173B0F5206F0CBF10461846E5E770
S21400C6A040F60520E2E740F60722013B4B2B98BFF9
S21400C6B01046DBE740F60220D8E700BF00ED00E0BA
S21400C6C0486300200810002000E100E00800002079
S21400C6D0D0420000C0AE0300BC6300200080015AB8
S21400C6E000F00CB800F00AB800F008B800F006B881
S21400C6F000F004B800F002B800F000B872B61EF001
S21400C700080F09D01EF0040F0DD0DFF850E0AEE899
S21400C710FF1F6FF002000CE0DFF840E0AEE8FF1FFE
S21400C7206FF00E0005E0DFF834E0AEE8FF1F6FF0B4
S21400C73006006946EFF309828EE807008646084839
S21400C740084C854501D3A54501D384F30888FFF737
S21400C750D9FE84F30888FFF7C3FE00004863002074
S21400C76048000020081000204BF6EF6283B2002B32
S21400C77008BF1346044A000C13804FF6CE2308BFAA
S21400C7801846024B18807047E26B0020E06B0020D2
S21400C7900B4BB3F900201888002AB8BF80F062005F
S21400C7A042001A80074AB2F9001013880029BCBF5D
S21400C7B083F4805383F00B03590011805840704770
S21400C7C0E26B0020E06B002007B5684600F01AF820
S21400C7D0DDE900010022034B03B05DF804EB25F011
S21400C7E0E0BF00BFE43D002007B5009313460A46AD
S21400C7F00146034825F089FD03B05DF804FB00BF41
S21400C800E43D00200249034A0160521A4260704724
S21400C810A86C00200000012000487047E43D00207E
S21400C82038B5416004462EF040F8054621460448D7
S21400C83024F017F92846BDE838402EF031B800BF7E
S21400C8400C3E0020014824F009B900BF0C3E002031
S21400C8500222014B1A6770470040005070B52EF058
S21400C86024F8174E054617482EF0CAF83378CBB989
S21400C87000F046F9044620B128462EF011F820466E
S21400C88070BDFFF7DFFF2EF085F90F4B1C602CF014
S21400C8905DFE0E4B0E4A1860536F43F0010353675C
S21400C8A025F09BFF00F028F825F0AEFF094B00248A
S21400C8B018600123284633702DF0F2FFDFE700BF33
S21400C8C0DA5C00207C500400103E0020383E002039
S21400C8D000400050143E0020054B1B685843054B93
S21400C8E000F5742000F23F20B0FBF3F0704700BF65
S21400C8F0383E002040420F00294B2A4AD3F8003128
S21400C90070B503F0030313602CF0B6FB4FF4C87049
S21400C910FFF7E2FF0022244B24491860244C0B68E2
S21400C9200132D2B20A2A44F8040BF9D1034400EBD0
S21400C930C00003440B601F4B1F4D1B7813B3184BEE
S21400C940D3F8003103F00303022B22D0032B23D0AD
S21400C950012B17D12CF028F9024698B1174B184E28
S21400C960DC6800231946C4F30B04013404EB84048A
S21400C9700138E4FB06010EF0EDFBFFF7ADFF2B6878
S21400C98003442B601F20FFF7A7FF2B6803442B6090
S21400C99070BD2CF053F9DFE72DF09AFFDCE700BFFF
S21400C9A000800050783E00203C3E0020403E0020A4
S21400C9B0443E0020DE5C0020703E002000C0015097
S21400C9C040420F000122154B10B55A67144B154C08
S21400C9D01B7813B302202EF0CEF8F0B12CF03CFEFC
S21400C9E0D8B1A36DD90302D5E36D9A0715D40D4BC4
S21400C9F09B6DDB0711D401220B4B1A702EF0AFF89B
S21400CA00BDE81040094B0A4A1860136F23F007036D
S21400CA1043F0030313672CF0ADB810BD00D00050F0
S21400CA20DF5C002000C00050DC5C00206C3E002074
S21400CA30008000500122014B1A707047DF5C002016
S21400CA4007B5FFF7C1FE01A8FEF778F99DF8053097
S21400CA50012B25D1234B9A6DD20311D45A6B6FF359
S21400CA60162242F4BC1242F4A0625A631A6B22F4F5
S21400CA70704242F440421A631A6B42F4E0621A6350
S21400CA809DF8043063B94FF000531B68164B1B68C3
S21400CA90164B1B68164B1B68164B1B68164B1B6801
S21400CAA0164AD2F8803043F00303C2F8803025F0EF
S21400CAB0B3FEFFF7CDFBFFF777FBFFF77DFB0DF02F
S21400CAC00FFEFFF7CBFE00F01BF825F0A6FEFFF7E3
S21400CAD03DFC25F0B1FE28F0AEFF03B05DF804EB98
S21400CAE025F09CBE00C000500040002000800020C2
S21400CAF000C00020000001200040012000800050FF
S21400CB0070B52DF0DFFE144E05463478FCB9134B95
S21400CB101C60134B1C60134B1C6000F031F80120A6
S21400CB202CF088FE2CF07AFE0F4B0246186020B9D7
S21400CB3028462DF0C2FE232070BD234640F2E73182
S21400CB400A480EF007FB0A4B18600123337028468C
S21400CB502DF0B3FE0020EFE7E25C0020883E0020C8
S21400CB60843E0020903E00208C3E002018FCFFFFF4
S21400CB70803E0020014B1868704700BF803E0020B2
S21400CB801FB50024184B18689A880290D3F8060040
S21400CB909B7A00901548ADF80C208DF804302DF0E7
S21400CBA02FFF02A88DF808408DF80C40FEF7A2F87B
S21400CBB0694601208DF80040FEF760F81F220C4BF6
S21400CBC09A615A614FF0B042936A13F00803FBD1A2
S21400CBD013620120FEF76CF80A20FFF771FB0A20AB
S21400CBE0FFF752FB04B010BD2D5204007450040031
S21400CBF00020005810B52DF065FE4FF0B0430446F7
S21400CC005B691A07074A03F0010003F00D0348BFEB
S21400CC1040F0020053612CF035FD2046BDE8104080
S21400CC202DF04BBE0020005821282DE9F341054683
S21400CC3004D82C46204602B0BDE8F08100240B4EF6
S21400CC400B4FDFF830800023CDF800801A461946D7
S21400CC50386824F04FFA8442EBD2222CE9D056F8FA
S21400CC60043BAB42E6D00134EDE700BF4C55040070
S21400CC70E4660020FFFF0F002DE9F04F644E654D7F
S21400CC8089B025F025FE31682868FCF74DFB044680
S21400CC90002827D033680024D3E900019A69126877
S21400CCA09047336804A89B699B68984733680220BE
S21400CCB09B69DB689847326805985368E7B2B3FB10
S21400CCC0F0F3BB42916904F101044ED8CB68002012
S21400CCD0984733689B695B68984731682868FCF713
S21400CCE023FB04460027DFF844A1DFF84481DFF881
S21400CCF04491F4B9484B2868DB5D002B00F0838034
S21400CD00D8F8006002AB314603AAFCF78FFC2D284A
S21400CD1007D070B9039B012B0BD031462868FCF76F
S21400CD20D9FEDAF8003031461A682868FCF752FE59
S21400CD3004460137222F0AF1040A08F1040809F113
S21400CD400109D6D1B4FA84F3344A5B0913702B6810
S21400CD501B7C33B125F088FD18B1DB2130482DF05F
S21400CD60A6FE204609B0BDE8F08F12680B6907FBE7
S21400CD70002098479FE7D8F8003003AA194402AB72
S21400CD800191FCF753FC2D28034601992BD0286807
S21400CD9013B30BF1010B5FFA8BF18E422868EAD8C9
S21400CDA0204BDB5D002BC4D0F3B27E2B2868C0D8A6
S21400CDB0D8F8003003AA06EB030B594602ABFCF783
S21400CDC035FC2D28B5D059462868FCF783FE013679
S21400CDD004460028E8D0ACE7039B7BB999F800200E
S21400CDE0029B9A42D5D099F80030DAF800202868DD
S21400CDF0FCF7EAFC0028CCD00446D1E70191FCF70A
S21400CE0069FE0199EFE7084BA346DE5DC3E700BF66
S21400CE10C4660020E466002028550400E45C002078
S21400CE203EB8030006550400C254040038520400FD
S21400CE304C550400E4540400F8B51F46214B044644
S21400CE401B780D46164623B100F47E23B3F50E2F4D
S21400CE502BD02046FFF7E8FE2128044614D81A4BAC
S21400CE6053F82010194B1B78ABB1194B212C1868BE
S21400CE701DD8184B1B5DD3B13268FCF7ABFD0446DA
S21400CE8050B125F0F0FC07E0FF2807D93A463146B6
S21400CE9080B225F0FCF900242046F8BD4FF4A971B5
S21400CEA00D482DF004FE0021DCE70146DAE77F2D71
S21400CEB008BF00253B46324651FA85F1FCF784FC54
S21400CEC0DDE700BFE35C00204C550400E45C002076
S21400CED0E4660020285504003EB8030030B513462B
S21400CEE000F07E62B2F17E6F8BB00DD10A46C0F3C1
S21400CEF00B016846FEF71AFA20B140F29311094872
S21400CF002DF0D5FD0BB030BD5A0825F0AFFC00283B
S21400CF10F8D04FF49C7103480BB0BDE830402DF0BC
S21400CF20C6BD00BFCFB803002DE9F743C7070546C7
S21400CF300E46144604D540F2E31149482DF0B7FDDD
S21400CF40E10704D54FF4F27145482DF0B0FD454B8E
S21400CF5093F80080B8F1000F20D043F260239D4282
S21400CF6008D12246314640480EF0F0FD002003B0BE
S21400CF70BDE8F083C5F30B0705F44055B5F5805FB3
S21400CF8014BF4FF40F204FF40E20234632467F2165
S21400CF90384303B0BDE8F043FFF74EBF05F47043D7
S21400CFA0B3F5805F3FD1C5F30B05304A05F17E65CA
S21400CFB0631E2B44934230D82F46DFF8A49007EB2D
S21400CFC00408474542D1AA070ED04FF6FF7336F83D
S21400CFD0022BA81E43EA024304220DEB0201019332
S21400CFE0FFF77CFF0235023CA3070ED0023C24F07C
S21400CFF00103F35A04226FEA03436FEA13430DEB6F
S21400D000020128190193FFF769FF002CAED02246D3
S21400D01031462846FFF762FFA8E740F2FD111048A8
S21400D0202DF045FDC8E705F46043B3F5005F04D175
S21400D030C5F30B0505F53E25BEE740F20521084879
S21400D0402DF035FD6FF00F074546B6E717F8013BA4
S21400D050FF2BB6D04FF4047148462DF028FDB0E7FC
S21400D060CFB80300E35C0020E46B0020FF03E00F72
S21400D07010B500F077F825F045FC044618B100F02E
S21400D08079F8204610BD00F07BF804460028F6D15B
S21400D0900122014B1A70F2E7E55C0020054B1B7875
S21400D0A033B1054BC0F3130100221868FCF7D6BC59
S21400D0B011207047E55C0020E4660020144B2DE943
S21400D0C0F0411B7805460E461746FBB125F001FCDD
S21400D0D0012805D9841EE4B2012C09D9212412E0C6
S21400D0E03B4631462846BDE8F041002200F052B8E3
S21400D0F000F038F83B4600223146284600F076F825
S21400D100044600F037F82046BDE8F0811124FAE71F
S21400D110E55C0020124B70B51B7804460D4616469B
S21400D120E3B125F0D6FB012805D9831EDBB2012B1F
S21400D13008D9212410E0324629462046BDE8704032
S21400D14000F040B800F00EF820463246294625F09A
S21400D150DBFB044600F00EF8204670BD1124FBE70A
S21400D160E55C002008B52DF0A0FB014B186008BD5B
S21400D170943E0020014B18682DF092BB943E002090
S21400D180024B1968024B1868FCF7CEB8C46600203C
S21400D190E466002037B505460C46C0F31301084880
S21400D1A0ED02006805D5224603B0BDE83040FCF726
S21400D1B009BA009313462246FCF7BEF903B030BD09
S21400D1C0E466002030B405461346074A0C46C0F312
S21400D1D013011068EA0203D5226830BCFCF7FABBDC
S21400D1E0224630BCFCF7F0BAE4660020F7B50546E8
S21400D1F00F4614461E461BB92125284603B0F0BD2F
S21400D2000029F9D025F065FB4BF23462ABB29342AD
S21400D21020D14FF0FF3322466946CDE9003325483A
S21400D2203346FFF7E3FF08220546234968460EF01B
S21400D23049FE38B933462246694641F2F010FFF7F8
S21400D240D5FF0546002DD8D13246694638460EF041
S21400D2507DFCD2E741F2F01293420FD1174B311901
S21400D26008299A6CDB6CC7D8CDE9002332460DEB53
S21400D270040138460EF06AFC0025BEE702280BD1F2
S21400D280C5F30C4332199342B6D3C5F30B0104F130
S21400D2907E6432462144ECE7032809D1C5F30C43EB
S21400D2A032199342A8D3C5F30B0104F53E24F0E7E8
S21400D2B00125A2E7021008C0D85504000080E00F40
S21400D2C010B527F081FD28F018FEBDE81040034693
S21400D2D001210220014A02F00BBC00BF66B9030020
S21400D2E013B5D0E9023253F822301C78204627F0D6
S21400D2F07DFD2346009001210220024A02F0F8FB41
S21400D30002B010BD7AB90300014B187827F056B961
S21400D310E65C0020FF232DE9F04F8FB0112200219C
S21400D32008A88DF813300EF081FA08A826F006FB40
S21400D33001210220B04A08AB02F0DAFB41F24903B1
S21400D340AE4A0121022002F0D3FB06A826F025FCF7
S21400D35008A90DF1130026F02BFC02200021A84A94
S21400D36002F0C6FB002027F05AF910B106A809F013
S21400D37047FE9DF92A3001210220A24A00939DF81B
S21400D3802B3002F0B5FB27F01BFD831EDBB2FC2B17
S21400D390054631D8012102209B4A02F0A9FB012450
S21400D3A09A4E9B4FDFF8D082234632460021022059
S21400D3B002F09EFB05A9E0B227F004FD034650B13B
S21400D3C0A0F11602012A40F2AA804246012102205C
S21400D3D002F08EFB0CE09DF914303A4601939DF85E
S21400D3E016300121009302209DF8153002F080FBD4
S21400D3F00134E3B29D42D7D8BDF8284008F0ECF9D6
S21400D40023460021834A0090022002F071FB02208E
S21400D4100021814A02F06CFB002027F000F910B1D1
S21400D42008A809F0EDFD01217C4A022002F060FB0D
S21400D43027F022FC044627F01DFC23460121784AEB
S21400D4400090022002F054FB08F09EFE002102200D
S21400D450744A02F04DFB9DF81330FF2B65D0002177
S21400D4600220714A02F044FB01216C4A022002F0BD
S21400D4703FFB26F0A2FB012103466C4A022002F085
S21400D48037FB08F081F900210346694A022002F0C2
S21400D4902FFB26F098FB044626F097FB2346012137
S21400D4A0644A0090022002F023FB2DF00DFB08F0EA
S21400D4B013FF01210346604A022002F019FB0025F3
S21400D4C0DFF8B88108F008FFECB2A04233D82DF0A0
S21400D4D0FBFA0123594A1946022002F009FB0020F4
S21400D4E027F06CF8564B574C00930121002302207E
S21400D4F0554A02F0FDFA236863B1012102201B7829
S21400D500524A02F0F5FA2368012102205B78504A5D
S21400D51002F0EEFA27F057F80FB0BDE8F08F0121C1
S21400D52002204C4A02F0E4FA62E7002102204A4A4E
S21400D53002F0DEFA98E7494B204603EB0416D6F8CD
S21400D540089008F083FF8246204608F0CBFE444F42
S21400D55000280CBFC346BB46204608F077FF0AF0FB
S21400D56031FD002808BF4746534600210220CDE97A
S21400D57000B73C4A02F0BCFAB37901210293B388A3
S21400D580022001937388384A0093337B02F0B0FA86
S21400D5900026DFF8ECB099F80430F4B2A34203D8C2
S21400D5A02DF092FA01358DE714235C43D9F800700C
S21400D5B002203A5B07EB040A9AF90C3000922B4AD9
S21400D5C0002132EA230228BF5A461346284A02F0B0
S21400D5D08FFA002027F023F838B150463C5B26F03F
S21400D5E05BFB014620460AF03BFD01210220214A52
S21400D5F002F07EFA0136CEE7BBB90300CAB90300D3
S21400D600E6B9030012BA0300EDB9030003BA03003B
S21400D6100ABA03003FBA03005FBA0300A9BA0300C0
S21400D62068BA03008ABA0300ECDA030095BA03006E
S21400D630ABBA0300C1BA0300D7BA030050BB03005D
S21400D64068BB0300904300205CBB030076BB03006E
S21400D6508ABB030027BA030047B70300C442002072
S21400D66092B90300E2BA030002BB0300AFB903009D
S21400D67038BB03003B03040032BA03009AB9030028
S21400D680A3B903002DE9F7430025134EDFF85880B1
S21400D69008F022FEECB2A04202D803B0BDE8F08348
S21400D6A02701204616F8079008F01CFE0B4A4B464A
S21400D6B0002808BF4246002102200092084A02F0D5
S21400D6C017FAF05D26F085FA01210220054A02F0DD
S21400D6D00FFA0135DCE700BFC4420020D40904007D
S21400D6E0A5BB03003B030400DE09040008B58368FD
S21400D6F05A681178C26853F82230A1F16502514287
S21400D7005141187808F0A4FF30B9BDE8084001215F
S21400D7100220024A02F0ECB908BD00BFB0BB03000D
S21400D72000210220014A02F0E3B900BFCABB030091
S21400D73000210220014A02F0DBB900BFF8BB03005B
S21400D74010B5044686B01822002168460EF06EF822
S21400D750684626F0B3FED4E9022052F8203002EBE9
S21400D76080021B788DF80B30516891F900108DF807
S21400D7700A1091680988ADF808106168091A03292B
S21400D78007DDD26803F01F03127843EA42138DF8D0
S21400D7900B30684608F0CEF800210346024A022005
S21400D7A002F0A6F906B010BD14BC030007B50020B1
S21400D7B027F0CAFA00210090034B0220034A02F029
S21400D7C097F903B05DF804FB21BC030027BC0300F7
S21400D7D013B5D0E9023253F8221003EB82035B68DC
S21400D7E0087819680023094CA222994208BF2146EE
S21400D7F0C01A18BF012027F09BFA01210090044BA5
S21400D8000420044A02F074F902B010BD00F8FF07C5
S21400D81032BC030040BD030013B5D0E9023203EB6F
S21400D820820153F82230D1E901141878FF2200381B
S21400D83018BF01202378096827F07AFA01210090A2
S21400D840034B0420034A02F053F902B010BD00BF98
S21400D85039BC030040BD030008B5002101230C4A73
S21400D86027F0EBF80A4826F04BFE0020094909F09D
S21400D8705FFC002026F0D3FE10B1054809F0C0FB7F
S21400D880BDE8084001210420034A02F031B900BF78
S21400D890186200204EBC03003B03040010B526F0BF
S21400D8A096F9034630B1BDE8104001210420054A30
S21400D8B002F01EB90121BDE810400420024A02F021
S21400D8C017B900BF5CBC03006DBC030010B526F0A2
S21400D8D019FEBDE81040034601210220014A02F06D
S21400D8E007B900BF78BC030010B526F0DDFDBDE823
S21400D8F01040034601210220014A02F0F9B800BF99
S21400D9008EBC030037B5D0E90232012453F822302A
S21400D9104FF6FF701D78FE2204FA05F1002327F06B
S21400D92073FA2B46009021460420024A02F0E0F8E3
S21400D93003B030BDA2BC0300D0E9023253F8223057
S21400D9401B7823B101210220024A02F0D1B8024A14
S21400D95013707047C1BC0300E65C002007B568463C
S21400D96026F01BF907F038FF01210346084A02207B
S21400D97002F0BEF8684609F043FB08F0A1F9012161
S21400D9800346044A022002F0B3F803B05DF804FB35
S21400D990D7BC0300F1BC030037B5D0E902454068A8
S21400D9A054F82530401B0328D8BF002004EB85041C
S21400D9B0C8BFE06819786368C8BF00781A78A3689B
S21400D9C093F900300090012027F0A2F938B9012120
S21400D9D00220084A03B0BDE8304002F089B8064B82
S21400D9E00190009301210220044B054A02F080F8C2
S21400D9F003B030BD02BD03000ABD0300DEEB03002A
S21400DA001EBD030007B5012027F08AF948B900902B
S21400DA1001210220084B094A02F06AF803B05DF8BB
S21400DA2004FB054B0190009301210220044B054A9C
S21400DA3002F05EF8F2E700BF0ABD030035BD030042
S21400DA40C31704001EBD030008B5D0E9023253F820
S21400DA502230187827F016F930B9044A0121BDE8BB
S21400DA600840042002F044B8014AF7E74ABD030024
S21400DA7066BD030008B5D0E9023253F82230188894
S21400DA8027F0FEF830B9044A0121BDE8084004201A
S21400DA9002F02EB8014AF7E785BD0300B5BD0300C6
S21400DAA073B50378044613F0050F0ED04588062D8F
S21400DAB017D1836801215B68174A1B780193838816
S21400DAC004200093154B02F013F82378012B20D086
S21400DAD001210420114B124A02B0BDE8704002F04A
S21400DAE007B835B98388012104200E4A02F000F8F1
S21400DAF0EBE7012DE9D186680B49002009F018FBF9
S21400DB00304609F07DFA29460420084A01F0F0FF65
S21400DB10DBE702B070BD00BFEBBD0300E2BD030053
S21400DB203DBE030008BE030025BE03003B03040001
S21400DB302DE9F04F00268FB0364D09AC0FCD0FC43F
S21400DB402B6801210220344A236001F0D1FF3446BD
S21400DB50DFF8DC9026F035F8F5B2A8420BD826F0B0
S21400DB6030F823460090012102202C4A01F0C0FF25
S21400DB700FB0BDE8F08F284605A927F06DF80346DC
S21400DB80002841D19DF81430032B39D904238DF891
S21400DB9014302B4600210220214A01F0A9FF9DF8EF
S21400DBA014300EAA02EB830300214A4653F8143CB5
S21400DBB0022001F09DFF28469DF821A09DF815B093
S21400DBC09DF81870BDF8168027F048F85346CDE942
S21400DBD0028000210220CDE900B7124A01F088FF3A
S21400DBE001340020E4B226F01AFD18B10DF1190038
S21400DBF009F006FA002102200B4A01F079FF01E045
S21400DC00002BC6D10136A5E700210220074A01F005
S21400DC106FFFF7E7E05504004FBE0300C8BE0300E1
S21400DC2005BA03007CBE030018B20300A3BE0300BF
S21400DC304FC90300C3688268013BDBB252F8233049
S21400DC4002201B78652B14BF00220121044B1BBF4A
S21400DC5001211A70034A044A08BF197001F048BF30
S21400DC604B6C0020DFBE0300EDBE0300D0E902329D
S21400DC7053F822301A88014B1A807047E66B002052
S21400DC8007B5D0E9023103EB810253F82130526820
S21400DC901988054B0548128800930088012309F06F
S21400DCA0A3FE03B05DF804FBA1DA0000E66B0020DB
S21400DCB0C3688268013BDBB252F823305B78A3F17D
S21400DCC0660253425341014A137070474E6C00205F
S21400DCD030B5D0E9023253F8223089B01D780123DE
S21400DCE002AA1946044626F0A8FE01230093102334
S21400DCF002210DEB0302204626F080FE284604AAE9
S21400DD0002A927F09BF80446002026F088FC18B1EC
S21400DD102146044807F0F0FD0020034909F0EEF91B
S21400DD2009B030BDFCBE03003B030400002330B541
S21400DD308FB00221009309AA1223054626F05EFE44
S21400DD4005AA014609A807F0B5FB044698B12328A2
S21400DD5005D1134A0121042001F0CAFE09E021285A
S21400DD6001D1104AF6E70346012104200E4A01F0CD
S21400DD70BFFE0FB030BD01232846194603AA26F081
S21400DD805CFE05A903A827F05BF80546204626F0AA
S21400DD9046FC18B12946054807F0AEFD044AD9E707
S21400DDA009BF03002CBF030067BF030088BF030042
S21400DDB03B030400F0B5D0E9023253F8221003EB1F
S21400DDC082039B6805461F7887B038460E7826F093
S21400DDD006FC044608BBD5E9022101238DF808306D
S21400DDE0194452F8210002EB810200888DF8097070
S21400DDF09268ADF80A00127804218DF80C202846A7
S21400DE000DF10D0226F019FE304602A98DF81540D8
S21400DE1026F026FF044626F0D6FB334601210420D2
S21400DE20024A009401F064FE07B0F0BD9DBF0300F7
S21400DE302DE9F04101218EB00220274A01F058FE5C
S21400DE40002005AB01AA09A926F0F2FF002504462A
S21400DE50224E234FDFF898801CB128460EB0BDE84E
S21400DE60F08102202B463246214601F041FE204634
S21400DE7026F0D5FB10B10AA809F0C2F83A460021F0
S21400DE8002209DF8303001F033FE42460021022089
S21400DE90079B01F02DFE00210220BDF82030114A1C
S21400DEA001F026FEBDF8143000210F4A022001F0D2
S21400DEB01FFE013501A826F0ADFBEDB201210220C0
S21400DEC00A4A01F015FE284605AB01AA09A926F064
S21400DED0AFFF0446C0E700BFCFBF030015C0030076
S21400DEE01DC003000BDB030032C003003B0304002D
S21400DEF029C003002DE9F047064698B0C0B925F0C2
S21400DF005EFE074600250EA826F09CFF0121022093
S21400DF10384A01F0EDFD2C46DFF8E080DFF8E090AF
S21400DF20DFF8E0A0BC4205D3284618B0BDE8F0876D
S21400DF300127E7E713A826F085FF002E4CD0022322
S21400DF4006A913A88DF84C30FE2426F06DFF002895
S21400DF503FD102A913A826F06DFF9DF8593043F073
S21400DF6001038DF85930002E3DD12346314602205C
S21400DF70214A01F0BDFD9DF859300AA943F001037E
S21400DF8013A88DF8593026F055FF002026F047FBE1
S21400DF9010B114A809F034F80C9B42460021022068
S21400DFA001F0A6FDBDF82820002112F4007F0CBF6A
S21400DFB04C23412312F0100F0CBF6E227922022050
S21400DFC000924A4601F094FD06A826F023FB013590
S21400DFD0EDB20134E4B2A5E720460AAB06AA13A9BF
S21400DFE026F024FFB3E752460021022001F080FD10
S21400DFF0C1E700BF3CC0030015C0030029C00300F2
S21400E00078C0030071C0030030B5012499B00EA893
S21400E01026F018FF13A88DF8384026F0B1FEC0B9D8
S21400E020BDF84C1011EA040513D121460220444ADB
S21400E03001F05EFD29460220424A01F059FD2146C4
S21400E04002203F4A01F054FD214602203C4A01F0DE
S21400E0504FFD06A90EA826F0E7FE20B11022FF21EC
S21400E06006A80DF0E3FB04A826F0E6FE059B0121BA
S21400E0700220354A0093354B01F03AFD9DF81230E8
S21400E08001210220324A0093304B01F031FD00217D
S21400E0902E4B304A022001F02BFD06A826F0BAFAD5
S21400E0A013A826F0CFFE02230AA913A88DF84C3039
S21400E0B026F0C0FE00283FD10B9B009301210220D2
S21400E0C0254B264A01F014FD0121234B244A022049
S21400E0D001F00EFD0120FFF70DFF01211E4B214A26
S21400E0E0022001F005FD0020FFF704FF044625F09E
S21400E0F066FD23460090012102201B4A01F0F8FC31
S21400E10001211A4B174A022001F0F2FCFFF790FE9D
S21400E1101749022803461748174A28BF0A460849DF
S21400E12028BF01460092CDE9013102200121134AA1
S21400E13001F0DEFC19B030BD4FF0FF33BDE700BF85
S21400E1403B0304008BC00300C9C00300C1C003002A
S21400E150D9C0030068EA030095F80300ECC003008A
S21400E160FCC0030003C103000CC1030020C1030070
S21400E17087C00300D2DF030024E003002EC10300A3
S21400E18010B5D0E9023253F822301C78201E18BF92
S21400E190012026F0E1FD054A054B0020002C18BFA3
S21400E1A01A46BDE81040034908F0A8BF5BC103004B
S21400E1B056C1030064C10300D0E9023210B553F81B
S21400E1C022301C88204626F0C9FD2246BDE81040B5
S21400E1D00020014908F092BFA5C1030037B50446E8
S21400E1E007F0D2FA014638B100200D4A0D4903B0B7
S21400E1F0BDE8304008F082BFE368A268013BDBB2AE
S21400E20052F8233008481D780123084A00936C2DE5
S21400E21008BF02461023204626F0F0FB03B030BDB0
S21400E220F3C10300FBC10300346C0020246C002003
S21400E23013B583689A681278672A22D101A826F057
S21400E2409FFD0446A8B9BDF80420174908F056FFFC
S21400E250BDF80430DA070AD413F0020F134B144A41
S21400E26018BF1A461349002008F048FF19E0124A62
S21400E270F8E702461149002008F040FF2246104900
S21400E280F1E7C26801A953F8220003EB82035B683A
S21400E29000681B68ADF8043026F078FD04460028B8
S21400E2A0ECD102B010BD00BF2EC2030021C2030095
S21400E2B0C5EB03004FC2030011C2030061C2030096
S21400E2C08DC20300034A04491388C85401331380DF
S21400E2D0704700BFCA570020EC5C002073B5154D90
S21400E2E001242B78144E13F0040F0CBF02230423D2
S21400E2F0124A21461470328802200192EB5C104AC2
S21400E3000093104B5B8801F0F3FB002102200E4ABD
S21400E31001F0EEFB0D4B294600933288234602207F
S21400E32001F02CFC21460220094A02B0BDE87040EC
S21400E33001F0DEBBEC5C0020CA570020EB5C00203E
S21400E3409CC20300BC570020C1C20300E3C2030006
S21400E3503B03040070B516464FF48A52114B124D1B
S21400E360DA805980114B1B881A1E18BF012240EA1A
S21400E37082000F4A1278003A18BF012240EA0210C3
S21400E380287063B103246B701B0AAB7009F088FE1B
S21400E390631C2855EE54074B02341C8070BD0124C4
S21400E3A0F4E700BFBC570020EC5C0020C8570020F4
S21400E3B0EA5C0020CA57002038B5D1E902320C4684
S21400E3C0054653F82230024619880C4B1878FFF79A
S21400E3D0C1FFE368A268013352F82330188824F09E
S21400E3E0D5FA4DB1E368A268023352F823301878A4
S21400E3F0BDE83840FFF766BF38BD00BFE75C0020C9
S21400E400F0B50546EB68AA68023352F82330084692
S21400E4101C78294685B0FFF7CFFF204625F028FC5C
S21400E420204E214F78B3204625F02EFC0321441CB5
S21400E43003AA284623F011FB3288E4B2C2F1FF0398
S21400E44003991B1B9BB28B4222443CBFC2F1FF03C5
S21400E45003930123032100933A449DF80C30284689
S21400E46026F0CCFA039A022C338804BF0F48110A10
S21400E470FA5408BFC15413441C44348005B0BDE8A8
S21400E480F040FFF72BBF204607F086FE01233288B8
S21400E49004460093032103463A44284626F0AEFA83
S21400E4A03388E9E7CA570020EC5C0020ED5C0020CA
S21400E4B0052307B5012100930220044B044A01F00E
S21400E4C017FB03B05DF804EBFFF79EBDCAC203005E
S21400E4D0D1C2030013B5044626F04EFC38B1CDE990
S21400E4E0004001210220034B034A01F001FB02B069
S21400E4F010BD00BFF3C10300E8C20300194B37B5D7
S21400E5001B783BB901210220174A03B0BDE8304012
S21400E51001F0EEBAD0E90232144C53F82230012151
S21400E5201D78638802200093114A2B4601F0E0FA1A
S21400E530104B25711B78104D63B1012102200F4A44
S21400E54001F0D6FA20460E4A298803B0BDE83040CE
S21400E55025F02FB920460A4A298803B0BDE8304086
S21400E56025F0E9B9EB5C0020FFC20300BC57002091
S21400E5700DC30300E85C0020CA57002024C3030034
S21400E580EC5C00202DE9F041D0E9023253F822106D
S21400E59003EB82035A680C7817889A68DB68B2F82F
S21400E5A00080C6B01D780021304B0220304A00940F
S21400E5B0CDE9017801F09CFA002D0CBF6E2379237B
S21400E5C0012102202B4A01F093FAFF23002D0DF1C2
S21400E5D0170606AD019320460CBF80234023424613
S21400E5E039460296009525F089FE0446002835D166
S21400E5F0307825F043FB0746B0B1284625F0CEFF1D
S21400E6001D4BFD28A8BFFD200093234682B20DF1C6
S21400E6101901022001F0B2FA01210220174A01F086
S21400E62067FA46B0BDE8F081307825F02DFB60B182
S21400E630284625F0B8FFFD28A8BFFD200E4B82B265
S21400E64000930DF11A013B46E3E7307807F0A4FD8E
S21400E6500B4B0246009329460123DAE7009001217E
S21400E6600220084B084A01F043FADAE731F90300C2
S21400E6703EC3030063C30300E90C04003B0304002D
S21400E680E3C20300EBCB03006DC30300D0E9023204
S21400E69053F8221003EB82032DE9F04F5A680F78E7
S21400E6A0B2F800809A68C7B0B2F80090DA681B69C2
S21400E6B092F800A01E7800212F4B304A0446CDE980
S21400E6C001890220009701F013FABAF1000F0CBF7F
S21400E6D06E23792301210220294A009606AD01F017
S21400E6E007FAFF22002128460DF0A0F8304625F054
S21400E6F0C5FA834608B30023052100932046FD2370
S21400E7000DF1190226F07AF92870BAF1000F0CBF45
S21400E710802340234A4641463846CDE9005625F038
S21400E720B8FD0146144807F0E7F801210220154A13
S21400E73001F0DEF947B0BDE8F08F304625F0A4FAC8
S21400E74060B1FD2305212046CDF800B00DF11A0278
S21400E75026F054F985F801B02870D6E705903046C3
S21400E76007F01AFD059A0346009205212A46204620
S21400E77026F044F9C9E700BF24F903003EC30300AE
S21400E7807EC303003B0304002DE9FF471C465B687D
S21400E790E5685B1B00255FFA83F803952E46FFF7B6
S21400E7A0D9FDEBB298450BD90C9B9B5D282B39D82D
S21400E7B0202B00F2CB800136F6B2002B40F0C98049
S21400E7C0FFF78CFD04B0BDE8F087132A2FD801A10F
S21400E7D051F822F09BE80000ADE80000BFE800001A
S21400E7E0F3E80000C1E70000C1E70000C1E7000051
S21400E7F0C1E700002FE800002FE800002FE8000027
S21400E8002FE800002FE800002FE800002FE80000A7
S21400E8102FE800002FE800002FE800003FE8000087
S21400E82019E90000A3F13102D1B21329CDD901367E
S21400E830F6B2A3F14102032AC2D8422B6CD06C4F29
S21400E84000213A88DFF8B0A1C2F1FE039BB2FF2B8D
S21400E85028BFFF2301320091DBB22046524469B242
S21400E86026F0A8F83B880AF80300013318443880DD
S21400E87011E04FF00409E368A2682B4452F82330F5
S21400E8801F68F8B209F1FF39FFF71CFD19F0FF0900
S21400E8904FEA1727F5D1013583E7E368A2682B44D2
S21400E8A052F823301878FFF70DFDF4E7E368A26806
S21400E8B02B4452F82330188824F068F8EBE7E36816
S21400E8C0A2682B4452F823301F68B7F1807F09D224
S21400E8D0F8B2FFF7F7FCC7F30720FFF7F3FCC7F320
S21400E8E00740E0E72B4601210820424A01F000F9E4
S21400E8F066E74FF00409E368A2682B4452F8233019
S21400E9001F68F8B209F1FF39FFF7DCFC19F0FF09C0
S21400E9104FEA1727F5D1BEE7294603AA204623F07B
S21400E9209CF80021324F344A3B88DDF80C9002EB0D
S21400E930030CCAB2914501F1010102D84B443B8059
S21400E940A9E710F802A00CF802A0F2E7242B3FF685
S21400E95070AF013B232B3FF633AF01A252F823F0F2
S21400E9609BE80000ADE80000BFE8000073E8000088
S21400E970C1E70000C1E70000C1E70000C1E70000F2
S21400E980C1E70000C1E70000C1E70000C1E70000E2
S21400E990C1E70000C1E70000C1E70000C1E70000D2
S21400E9A09BE80000ADE80000BFE80000F3E80000C8
S21400E9B0C1E70000C1E70000C1E70000C1E70000B2
S21400E9C0C1E70000C1E70000C1E70000C1E70000A2
S21400E9D0C1E70000C1E70000C1E70000C1E7000092
S21400E9E09BE80000ADE80000BFE8000073E8000008
S21400E9F0CA57002097C30300EC5C0020094B1B7825
S21400EA0023B101210820084A01F072B8D0E9023289
S21400EA1053F82230054A1B88012113800820044A37
S21400EA2001F066B8EB5C0020BDC30300C8570020A9
S21400EA30FFC30300D0E9023253F82230054A1B78A0
S21400EA400121003B18BF012308201370024A01F081
S21400EA504FB800BFE95C002025C40300D0E90232AD
S21400EA6053F82230034A1B78012113700820024A0B
S21400EA7001F03EB8EA5C002054C4030010B5D0E9AB
S21400EA800232044653F82230132219880B4B1878AA
S21400EA90FFF760FCE368A268013352F82330187869
S21400EAA0FFF710FCE368A268023352F823301878A8
S21400EAB0FFF708FCBDE81040FFF710BCE75C00203D
S21400EAC010B5D0E90232044653F8223011221988D4
S21400EAD00B4B1878FFF73EFCE368A268013352F848
S21400EAE023301878FFF7EEFBE368A268023352F88B
S21400EAF023301878FFF7E6FBBDE81040FFF7EEBBC3
S21400EB00E75C0020D0E9023253F82230034A1B7833
S21400EB10003B18BF0123DB0013707047E75C002042
S21400EB2010B5D0E9023253F82230044619880E4B4D
S21400EB3006221878FFF70EFC0120FFF7C3FBE368F8
S21400EB40A268034452F82330188823F01FFFE368B6
S21400EB50A268023352F82330188823F017FFBDE866
S21400EB601040FFF7BBBB00BFE75C00202DE9F04379
S21400EB70D0E902324FF0FD09013253F8221003EBC0
S21400EB8082035A68C7B017889A68B1F8008014786C
S21400EB9053F8043C002C0DF1170506AE18783A46DB
S21400EBA014BF4023802341460295CDF8049000967A
S21400EBB025F0A4FB034638B1184A0121082000F0CE
S21400EBC097FF47B0BDE8F083201E18BF01200A2239
S21400EBD04146C000FFF7BEFB384623F0D7FE287834
S21400EBE0FFF770FB4A463146287824F0F5FF0446C6
S21400EBF028B10B4F3D88C5F1FF03984202DD23463E
S21400EC00084ADAE7024608483146284425440CF00C
S21400EC109DFF3D80FFF762FBD3E700BF8AC4030079
S21400EC20CA570020A6C40300EC5C002010B5D0E94B
S21400EC300232044653F82230082219880B4B187803
S21400EC40FFF788FBE368A268023352F8233018788F
S21400EC50FFF738FBE368A268013352F823301888C0
S21400EC6023F094FEBDE81040FFF738BBE75C0020B9
S21400EC7073B5D0E902320546023253F8221003EB90
S21400EC80820353F8042C53F8083C0C781988234B5D
S21400EC90168818780622FFF75DFB0020FFF712FBA8
S21400ECA0304623F073FE2046FFF70CFBEB68AA689D
S21400ECB0033352F82330188823F068FEEB68AA68FE
S21400ECC0043352F82330188823F060FE204609F0FB
S21400ECD0E7FBE8B9204607F05FFA052104460190F5
S21400ECE001AA284622F0B9FE019B01469C4206D0A6
S21400ECF0224631460A480BF087FC02B070BD094D2B
S21400ED0009482E882246304434440CF0E1FD2C801D
S21400ED1002B0BDE87040FFF7E1BA00BFE75C002034
S21400ED20D2C40300CA570020EC5C002073B5D0E9BB
S21400ED3002324FF48A5153F82230104D1A88104B85
S21400ED40D9805A8000232A4600930121FF2325F00C
S21400ED5055FE2B78044613F0040F0A4B08BF012615
S21400ED601B7818BF032613B109F09AF9A855064B6D
S21400ED701C8002B0BDE87040FFF7B0BAEC5C002023
S21400ED80BC570020E95C0020CA570020D0E90232B8
S21400ED9053F82230034A1B78003B18BF0123137038
S21400EDA0704700BFE85C002010B50C4608B908F0B4
S21400EDB003F9024B18715C7110BD00BFBC570020F0
S21400EDC002462DE9F341D0E90253526855F8231064
S21400EDD0D21A0C8805EB8301013BDBB255F8238081
S21400EDE0294D022A4868C8BF8A682B78D8BFFF21F9
S21400EDF00078C8BF11783BB901210220234A02B02F
S21400EE00BDE8F04100F074BEFFF7CEFF06F0E4FC6C
S21400EE101F4F204E3B880146224600931E4833462D
S21400EE2025F059FB0246C8B998F804103B885F29BC
S21400EE3017D1CDE900364FF6FF712046164B24F069
S21400EE40ACFC28B1034601210220144A00F050FE13
S21400EE500023134A2B701380124A137002B0BDE8C9
S21400EE60F0814FF6FB718C4208D9CDE90036214679
S21400EE70094B4FF6FF7024F0EEFCE2E72146064A07
S21400EE80009624F01AFDDCE7EB5C00201DC50300AD
S21400EE90CA570020EC5C0020BC57002024C50300A5
S21400EEA0C8570020EA5C0020002210B50A2104465C
S21400EEB01046FFF74FFA002023F068FD0122044BAE
S21400EEC01A70FFF70BFA2046BDE81040FFF778BF30
S21400EED01562002038B51C4615460123224625F04B
S21400EEE0ACFD60B92146284625F070FF044620B1E7
S21400EEF001210420034A00F0FBFD204638BD002413
S21400EF00FBE700BF4BC503002DE9F0430C46154652
S21400EF101F46D0E9022352F8231002EB83029368BF
S21400EF200E8893F80080D3688BB0B3F80090324612
S21400EF30012106ABFFF7CEFFF0B90DF1200CF4B1BE
S21400EF4001232A884021CDE902C2CDE90471CDE92A
S21400EF5000932221434606AA304625F0A5FD0B4B1A
S21400EF600B4A00930B4B0190002C08BF134601215F
S21400EF700420094A00F0BCFD0BB0BDE8F0836246F1
S21400EF8028686968032303C22246DBE7AAC5030094
S21400EF908FC5030089C5030097C5030007B5012385
S21400EFA06A46002125F049FD6846034908F0C8FD79
S21400EFB003B05DF804FB00BFA1DA0000D0E902321E
S21400EFC053F822300149188808F08CBDA1DA0000F9
S21400EFD010B5D0E9023203EB8201496853F82230BB
S21400EFE009784FF48A52188825F04EFDBDE8104087
S21400EFF0034601210420014A00F07ABDB4C503008F
S21400F000D0E9023253F8223002214FF48A5210B56A
S21400F010188825F02BFDBDE810400346012104208A
S21400F020014A00F065BD00BFCDC503001FB5D0E99D
S21400F030023203EB820153F82230496818884FF4F5
S21400F0408A5309880293094B094A0193094B1B7896
S21400F05000931278084B25F07FFD0121034604201B
S21400F060064A05B05DF804EB00F042BDCC57002020
S21400F070EC5D0020EB5D0020D6570020E4C50300C1
S21400F0802DE9F043D0E9023253F8221003EB820355
S21400F0905A680E8817789A68DB688BB092F80090EA
S21400F0A0B3F800803246042106AB0446FFF712FF91
S21400F0B028BB08AD01232A460521204625F0BDFCC5
S21400F0C038B9042001210F4A00F012FD284624F02A
S21400F0D064FD4FF48A53CDE904930023CDE902532F
S21400F0E003232121CDE9008306AA3B46304625F0BE
S21400F0F0DBFC01210346044A042000F0F9FC0BB0B7
S21400F100BDE8F083FCC503002BC6030038B5D0E984
S21400F110024303F18043023B02220F4954F82300C6
S21400F1209D000CF0CFFE60B90C4B0D491A78042AEE
S21400F1300BD82C44A068008821F8120001321A70FF
S21400F14038BD084B08491A78F1E70121BDE8384078
S21400F1500420064A00F0CCBC59F10300EC5D002008
S21400F160D6570020EB5D0020CC5700203DC603009C
S21400F17008B5C368806803F18043023B0222064953
S21400F18050F823000CF09EFE10B9044B187008BD12
S21400F1900022034B1A70FAE759F10300EC5D0020D9
S21400F1A0EB5D002037B5D0E9023153F821208C0002
S21400F1B015784268521A012AC5BF1B195B686C098C
S21400F1C01C78DCBF44F0180405F01F0529462046CD
S21400F1D025F086FB034640B12346012104200E4A53
S21400F1E0009500F085FC03B030BD0121A94074B93C
S21400F1F02346FE224FF6FF7025F006FE0121034649
S21400F2000420064A03B0BDE8304000F071BCFE2280
S21400F21041EAC461EEE700BF53C6030073C60300AD
S21400F22070B5D0E9021551F8253001EB850104468A
S21400F23018884B681A788B68052A1B8802D85E1EC9
S21400F240072E0BD9012104200C4A00F051FCBDE822
S21400F2507040012104200A4A00F04ABC6468641B1E
S21400F260032CCABFC9680749096825F0CDFDBDE86B
S21400F270704002460449002007F05ABF91C60300BA
S21400F280B1C6030000F8FF07CEC6030008B5D0E9F4
S21400F290023253F8220003EB82035968FF220388E8
S21400F2A009684FF6FF7025F0AFFDBDE8084002463E
S21400F2B00149002007F03CBFE1C6030008B5D0E9CD
S21400F2C0023253F8223005214022188825F0CEFB62
S21400F2D0BDE8084002460249002007F029BF00BFEB
S21400F2E002C7030008B5D0E9023203EB8201486882
S21400F2F053F82210027840230988312025F009FCB3
S21400F300BDE8084002460249002007F011BF00BFD2
S21400F31023C7030008B5D0E9023203EB8201486830
S21400F32053F82210027840230988332025F0F1FB99
S21400F330BDE8084002460249002007F0F9BE00BFBB
S21400F3403DC703001FB5D0E9023253F8221003EB85
S21400F35082039B6808881A780023D21A18BF0122F5
S21400F360CDE9023302A94023D20125F0E1FB0121B9
S21400F3700090044B0420044A00F0BAFB05B05DF888
S21400F38004FB00BFAAC503005BC7030007B5D0E9AE
S21400F390023253F8223003214022188825F066FBFB
S21400F3A001210090034B0420034A00F0A1FB03B0A8
S21400F3B05DF804FBAAC503006AC7030037B5C36837
S21400F3C08268053352F8233004211D786A460123EB
S21400F3D0044625F032FB38B904200121064A00F025
S21400F3E087FB684624F0D9FB2B466A460021204658
S21400F3F0FFF78AFD03B030BD84C7030007B5D0E928
S21400F400023203EB8201486853F822100278402348
S21400F4100988322025F07DFB01210090034B042053
S21400F420034A00F065FB03B05DF804FBAAC50300C1
S21400F430B5C7030070B585690446EA0705F00206FD
S21400F44005D476B1C5F3072025F0C9F809E01EB14A
S21400F450B2210F482BF02BFBA069C0F3810025F0EA
S21400F460ADF8E3691BB9BA2109482BF020FB20460A
S21400F47014F00EFCE3693EB1607E9847AB0706D0F9
S21400F480BDE8704025F09FB820469847F6E770BD67
S21400F490CAC7030008B514F0EFFE28B1BDE808405F
S21400F4A0472102482BF003BB08BD00BFCAC70300B4
S21400F4B02DE9F041FF2B04460F4690461D469DF869
S21400F4C0186005D0FF2E03D0D52111482BF0EFFA97
S21400F4D00023FF2D18BFAD000E4A1CBF45F00105E6
S21400F4E0EDB222600C4AC4E9063818BFA561FF2EAB
S21400F4F0C4E901232361E76007D0A36943F0020350
S21400F50023F47F4343EA0623A361BDE8F08100BFEE
S21400F510CAC70300983E002035F40000002310B54B
S21400F520054C03610460054CC261C0E90143012338
S21400F530C160836110BD00BF983E002035F4000016
S21400F54070B58669044606F00303032B0D4603D107
S21400F550FC2114482BF0ABFAFF2D16D0B20704D4CA
S21400F56040F201110F482BF0A2FA284624F0D5FCF1
S21400F570FF28054604D14FF482710A482BF097FA0B
S21400F5802DB204EB4514204670BDF307FBD5A369E6
S21400F59013F00C0FF7D040F20B1102482BF087FA4D
S21400F5A0F1E700BFCAC703000023054AC0E90631D9
S21400F5B003610260C360034A034B42608360704786
S21400F5C0983E002035F400005D3C0200014827F01C
S21400F5D0DFBA00BF983E0020014827F0E5BA00BF1A
S21400F5E0983E002013B50E4827F0ACFA23F051FAE7
S21400F5F026F075FA26F097FA26F0A1FAFCF748FFEF
S21400F6000446FCF75FFF2346009001210420054ACC
S21400F61000F06EFA02B0BDE81040FCF73FBF00BF36
S21400F620983E00205DC80300022808B503D12BF0E1
S21400F63037FA014B186008BDC83E002008B50DF02B
S21400F6405BF90122044B1A702BF0B3FABDE80840B0
S21400F65002490348FDF7E4B8EE5D0020F06600209E
S21400F660CC3E0020014B1870704700BFED5D0020B7
S21400F670024B187808B106F093B87047446C002027
S21400F68008B5074B1B780BB1002008BDFFF7F0FF4D
S21400F6900028F9D106F05EFC023818BF0120F4E716
S21400F6A0ED5D002070B5FFF7EBFF174D20B1FFF7BB
S21400F6B08DFF0428044613D82B781BB92BF079FA53
S21400F6C001232B7023F0F3F90446D8B12B781BB92D
S21400F6D0F7210E482BF0EBF9BDE87040FFF776BF38
S21400F6E023F0E7F90028E7D02B785BB12BF0DDF8A4
S21400F6F006460021012029F043FB30462BF0D0F8C7
S21400F70000232B70204670BDEE5D00207EC80300EF
S21400F7101FB5FFF7C7FF0446FDF72CFAA04228BF27
S21400F720204688B103A929F017FF034638B9CDE96A
S21400F7300000064A039906482BF0CEF918B18E2130
S21400F74004482BF0B4F9012004B010BDAD2A030024
S21400F750A83E00207EC803000D4B70B51B780D4DEB
S21400F7600D4C0121002B0CBF2B46234602200B4AD2
S21400F77000F0BEF90A4B01211B780220002B0CBFBB
S21400F7802B462346BDE87040064A00F0B1B900BFDC
S21400F790446C002078F1030097F1030014C90300BD
S21400F7A0ED5D002033C9030010B5D0E9023253F8EE
S21400F7B0223002201B780121002B15BF01240024D3
S21400F7C0044A054A00F094F92046BDE81040FFF7C9
S21400F7D049BF00BF52C903006FC90300D0E9023217
S21400F7E053F82230034A1B78003B18BF01231370DE
S21400F7F0704700BF446C002038B50125084B1D70CB
S21400F8002BF053F804462946284629F0B9FA204634
S21400F8102BF046F8BDE8384002490348FDF700B82B
S21400F820EF5D0020F8660020F43E002070B514F06E
S21400F830A9FD10F0070F1D4D11D02B785BB90126DE
S21400F8402E702BF032F804463146304629F098FAEE
S21400F85020462BF025F8BDE8704014F063BB25F079
S21400F860B7FA022803D1124B1B78032BE5D914F004
S21400F87089FD18B90E4B1B78032B14D814F052FBD5
S21400F88004460028D9D02B785BB100262E702BF0CA
S21400F8900CF805463146012029F072FA28462AF06F
S21400F8A0FFFF204670BD4FF0FF34ECE7EF5D002011
S21400F8B0766200201FB5FFF7B9FF0446FDF75AF938
S21400F8C0A04228BF204688B103A929F045FE03467A
S21400F8D038B9CDE90000064A039906482BF0FCF833
S21400F8E018B18C2104482BF0E2F8012004B010BDBA
S21400F8F0872F0300D43E00208EC9030010B5094CA4
S21400F9000949002007F0FAFB23681B68587924F0A1
S21400F9103AFB23681B68587923F03EFB05F066F92E
S21400F920002010BD544400201CCA030008B525F072
S21400F9303FFA024628B1BDE808400020014907F01A
S21400F940DDBB08BD3FCA030008B525F047FA0246EE
S21400F95028B1BDE808400020044907F0CFBB542278
S21400F960BDE80840FF2102480BF060BF57CA0300FD
S21400F970E057002038B504460D4625F033FA024617
S21400F98028B1BDE838400020034907F0B7BB034B59
S21400F99023F8145038BD00BF75CA0300E057002096
S21400F9A02DE9F34100240C4E0C4DDFF838800C4F47
S21400F9B056F8043B0BB9D8F8003035F8022B394618
S21400F9C0009200202246013407F098FB2A2CEFD143
S21400F9D002B0BDE8F08100BF046700203458002064
S21400F9E091CA03000067002008B52A21034825F0C5
S21400F9F0F1F9BDE80840FFF7D3BF00BF3458002038
S21400FA0007B5D0E9023253F822301A78292A0DD8E1
S21400FA10084B53F822300BB9074B1B6807490020E8
S21400FA2031F812100091064907F068FB03B05DF844
S21400FA3004FB00BF04670020006700203458002045
S21400FA4091CA030008B52A21034825F0C5F9BDE888
S21400FA500840FFF7A5BF00BF3458002038B5D0E9EE
S21400FA60023253F8221003EB82035B680C781D8881
S21400FA700020044907F042FB29462046BDE83840EE
S21400FA80FFF778BF9CCA03002DE9F34100240C4E13
S21400FA900C4DDFF838800C4F56F8043B0BB9D8F8FD
S21400FAA0003035F8022B39460092002022460134F9
S21400FAB007F024FB2A2CEFD102B0BDE8F08100BF8E
S21400FAC004670020E057002091CA0300006700206A
S21400FAD010B5024623F076FA20B9044C236811B11B
S21400FAE01343236010BD23EA0203FAE7B067002041
S21400FAF00CB413B502460C4623F064FA60B9094B01
S21400FB001B681A4208D005A9049801910AF090FDD6
S21400FB1014B1054825F06FFF02B0BDE8104002B0F2
S21400FB20704700BFB06700209BCD0300034610B5AA
S21400FB30D3E9023253F8223008461C78211E18BF3B
S21400FB400121FFF7C5FF014648B9084A084B0220C5
S21400FB50002C08BF1346074AFFF7CAFF10BD002156
S21400FB600220054AFFF7C4FFF8E700BF9AB9030072
S21400FB7092B903009DCD0300B3CD03002DE9F041FB
S21400FB8005461F460C46DFF82C808E18B44201D17D
S21400FB90BDE8F0810021284614F8013B069AFFF7DD
S21400FBA0A7FF002FF2D0424600212846FFF7A0FF0D
S21400FBB0ECE700BF27C003000021024A0248FFF717
S21400FBC0ADBC00BF4DFC0000FC3E0020FF210148FC
S21400FBD022F051BFFC3E00200022034BFF210348C9
S21400FBE01A7022F041BF00BFF05D0020FC3E0020EE
S21400FBF013B5114C2378032B13D8009300230F4A18
S21400FC0018460F4907F07AFA237842F21072002B52
S21400FC1008BF0022FF210B4802B0BDE8104022F0CA
S21400FC2012BF00220849104607F068FA02B0BDE885
S21400FC301040FFF7D1BF00BFF05D0020C4CD030029
S21400FC40D6CD0300FC3E0020E0CD0300F0B52B4DE2
S21400FC508FB02B7823B309A825F0F4F8022309A85F
S21400FC608DF8243025F0DCF801AA06469446244B8D
S21400FC7003F11007144618685968083303C4BB42DA
S21400FC802246F7D105AA17461E4B03F1100E14465E
S21400FC9018685968083303C473452246F7D1E6B19D
S21400FCA0012409A825F06AF828B9BDF8243013F015
S21400FCB0020F18BF01242B781349002B4FF00003C6
S21400FCC04FF0A00208BF1946204625F031F890B93B
S21400FCD02B7801332B700FB0F0BD614609A825F0D4
S21400FCE0A1F80028DCD1394609A825F09BF804467F
S21400FCF00028D6D0D4E7FFF77BFFECE7F05D0020C6
S21400FD00F45504000456040000F8FF0710B5002060
S21400FD10324907F0F3F908220020314907F0EEF9DE
S21400FD20304B314A1978314B0020002918BF1A464B
S21400FD302F4C304907F0E2F9002024F03FFC2368FE
S21400FD40002B47D01B78022B44D900222A4B1046A2
S21400FD502A4907F0D3F923F07CF929490246002006
S21400FD6007F0CCF900F0D0F826490246002007F04C
S21400FD70C5F923681B78032B2CD900F0D5F8224947
S21400FD800246002007F0BAF900F0DEF81F490246E6
S21400FD90002007F0B3F900F0DFF81D490246002006
S21400FDA007F0ACF900F0A4F81A490246002007F064
S21400FDB0A5F900F0D7F8184C184954F82020002070
S21400FDC007F09CF900F024F9154954F8202000208B
S21400FDD007F094F9BDE8104024F0F5BB02CE03000E
S21400FDE01ECE0300F15D002078F1030097F10300BA
S21400FDF09043002041CE030068BB03005CBB0300B9
S21400FE005DCE030081CE0300A5CE0300C9CE03005D
S21400FE10EDCE030014CF0300B46700203BCF0300F1
S21400FE205ECF030008B5D0E9023253F822301878C6
S21400FE3040B10020074907F061F9BDE8084080207E
S21400FE4000F034B8044907F059F9BDE808408020AE
S21400FE5000F046B881CF03009ECF0300D0E90232FF
S21400FE6053F82230034A1B78003B18BF0123137057
S21400FE70704700BFF15D002018220021094BC3E93E
S21400FE8000121A7B0AB9084A9A601A7C12B94FF413
S21400FE907A72DA8140F6B8325A8200229A829A75CD
S21400FEA0704700BF1C3F0020E09304000A4B10B5CB
S21400FEB01B687BB11B78032B02D8B0F5007F09D1F5
S21400FEC0064C2368034323606368184202D02AF076
S21400FED0E2FDA08210BD00BF904300201C3F002022
S21400FEE0024A136823EA0003136070471C3F002091
S21400FEF0014B1868704700BF1C3F0020014B9868F4
S21400FF00704700BF1C3F0020024B9868FA23B0FBE6
S21400FF10F3F070471C3F00200122024B98601A73D2
S21400FF20704700BF1C3F0020024BD889FA23B0FB65
S21400FF30F3F070471C3F00200122024BD8811A7450
S21400FF40704700BF1C3F0020024B588AFA23B0FBC4
S21400FF50F3F070471C3F0020014B5868704700BF05
S21400FF601C3F00202DE9F84300244FF00C08104BEE
S21400FF70104F9D7D104E3988E3B28B4202D328463F
S21400FF80BDE8F88308FB03F3F05C06EB030924F0F6
S21400FF901CFB50B9FF21D9F8080022F06CFD20B1F7
S21400FFA099F805309D4238BF1D460134E3E700BF8F
S21400FFB01C3F0020EA6B002038680020124B10B56A
S21400FFC01B68124CEBB11B78032B02D823689B05E9
S21400FFD017D52AF060FDA38AC01A638A80B28342CE
S21400FFE03EBFD4E900329343236024F06BFE08B191
S21400FFF0E08910BD2368002BFAD1FFF7B3FF012874
S214010000F6D0A068F5E700BF904300201C3F002013
S214010010014B987D704700BF1C3F002038B5044651
S2140100200D462AF0E9FD244B1B7813B1204623F038
S2140100300BF8402C27D006D884B13F2C18D0BDE849
S214010040384024F0C0BA4C3C0C2CF8D81B4B23414A
S214010050DB07F4D40220FFF743FFF0E74FF400700C
S214010060FFF73EFF0220FFF721FF154B1C71E6E765
S2140100704FF40070FFF734FF0220FFF731FF002234
S2140100800F4B1A71DBE724F021FA0028D7D10C4C6C
S2140100900220237901332371FFF722FF4FF400700A
S2140100A0FFF704FF2379AB42C9D322F0CEFF002825
S2140100B0C5D122F0A3FFC2E7F15D0020FEEEFFFFEF
S2140100C0343F002010B505F05FFB02280AD124F06A
S2140100D0D5FD034630B1BDE8104000220249104666
S2140100E007F00CB810BD00BFEACF03000021024A9A
S2140100F00248FFF713BA00BFC50001003C3F0020CD
S21401010038B5002024F05AFA124B1B6893B11B78BD
S214010110022B0FD905F038FB022816D10E4C2568A4
S214010120FFF74CFFA842206008D0FF2122680B4849
S21401013022F089FCBDE8384024F045BAFF21074883
S21401014022F099FC0028F5D1EFE7FF21034822F0C1
S2140101508BFCEFE790430020343F00203C3F00201B
S21401016002460249002006F0C9BF00BFFECF0300C9
S21401017010B5234C2348FF2122F076FC2078022874
S2140101801ED003282ED0012804D02120BDE810401F
S214010190FFF7E6BF1C4B19780029F7D002231B4A4C
S2140101A023701378052B0EBF00230133DBB299426F
S2140101B0137003D1052313700020E7E7052BFBD04E
S2140101C0124B1B78052B02D103232370DDE7104A5F
S2140101D0104932F8230007F085FC0323237000281A
S2140101E0D4D110BD094B0C4A1878094B03EB80019A
S2140101F0897833F8200007F045FC0123EEE700BFBD
S214010200F25D00205C3F0020FB5D0020466C002074
S21401021088580020F9030100A50301002DE9F04FDD
S2140102200D46144695B00490112200210FA8994658
S214010230DFF86C810BF0FAFA04EB45030393D9F867
S21401024000301C2B02D0039B9C4202D115B0BDE8A6
S214010250F08F0123DFF844A18DF81C3023884C4A27
S214010260ADF81E309AF800304A4D08EB83039B78B0
S21401027028788DF8203013688DF81D00CDF82130D0
S2140102805368CDF8253024F0A0F9049B8DF8290099
S21401029021882878002B4AD123F066FE002844D016
S2140102A09AF800300FAA38F8230007A922F0DBFEDF
S2140102B000283AD023F085FC4FF0000B074606468F
S2140102C01C255FFA8BF2974234D8B7422BD99DF89A
S2140102D01C30032B1AD10FAB0193BDF8213000223D
S2140102E00421009301202C4B06F08EFD9AF8003075
S2140102F008EB83039978274B187806F001FE9AF8E5
S2140103000030002038F8231024F0B4F85DB107A9B6
S214010310304624F0A5FC214B05461B78304638F8BC
S214010320231024F09FFCC9F80050023487E723F01D
S21401033012FEB3E710460BA9059224F08DFC30B9E6
S2140103409DF82C1031B9059AB74208BF16460BF135
S214010350010BB6E7BDF82E00BDF81E209042F6D17F
S2140103609DF830009DF820209042F0D19DF81C2089
S2140103708A42ECD1032A14BF082202220DF1210180
S2140103800DF131000BF09EFD002808BF0025DEE7C9
S214010390F35D0020456C00207BD20300466C0020F4
S2140103A08858002013B503460020114A9C6812782D
S2140103B00190052A03D01B78032B00D12CB901200C
S2140103C002B0BDE81040FFF7CBBE6268217801ABF2
S2140103D0FFF724FF217A0120E26801ABFFF71EFF39
S2140103E0FF21044802B0BDE8104022F035BB00BF33
S2140103F0466C00205C3F0020094B1B78052B02D081
S2140104000378032B02D00120FFF7AABE8168054AB4
S2140104100B68054813604B68FF21536022F01CBB34
S214010420466C0020F35D00205C3F002038B50024B8
S214010430114B124D1870124BFF211C702C7006F0D8
S2140104405FFD0122032110460E4B06F0DDFC4FF640
S214010450FF712246084624F010F8044648B940F6D3
S214010460B832FF21084822F0EEFA01232B7020460D
S21401047038BDFFF775FEFAE7456C0020F25D0020F7
S214010480FB5D00203B0304005C3F0020144BF0B5ED
S2140104901A68144913680978587988420BD11249A9
S2140104A0D78808460022114D1E792B78D4B2A34274
S2140104B003D8052C0AD10020F0BD0C88BC4202D11D
S2140104C08C78B442F7D001320431EFE7A342F2D17F
S2140104D020F82270013300EB820086702B70EAE769
S2140104E054440020456C002088580020FB5D002005
S2140104F0FF2307B50021044A04480093FEF7D8FFFE
S21401050003B05DF804FB00BF710101005C3F0020F1
S2140105101FB5B42303210446ADF80E3023F01BFDAE
S21401052098B1212320460093002203210DF10E03EA
S21401053023F0C0FE04460020054B064A06490094F7
S21401054006F0DCFD204604B010BD8624F3E700BFAC
S21401055028D0030035D003004AD00300D0E9023288
S21401056053F82230034A1B78012113700220024AF5
S214010570FFF7BEBA5E6C002059D003000122014B82
S2140105801A7070475E6C00200A4B90F805111B78B4
S21401059090F8082119448A42BCBFB2FBF3F103FB71
S2140105A011234FF0FF32B8BFDBB202FA03F380F833
S2140105B00A3170475E6C00202DE9FF410446057F35
S2140105C0867EDFF870806E43237F98F80020134400
S2140105D09D4212DB607F60B9238B029363690193AE
S2140105E0237C00936288A31D217805F095FDFF23E7
S2140105F02370002004B0BDE8F081E37EAB42E9D968
S214010600A77E228BF1199142A4BF921BD7B205EBAC
S2140106100323E3813A4633462946204622F03DFD30
S2140106200028E7D1637F3744013301356377BEB2D3
S214010630EDB2C9E75E6C002037B5054624F03EFBF7
S2140106400D4B04461B6869461B78032B82BF0B4B78
S2140106501B881B18284688BF9CB224F0B7FB38B904
S214010660684624F02DFB18B9044B1B8823449CB222
S214010670204603B030BD00BF90430020EE6B002043
S214010680084B1B78FF2B0BD1074B1B78FF2B07D191
S214010690064B1B78022B03D04FF48070FFF720BC6B
S2140106A0704700BFBC670020AC4000207C3F0020A4
S2140106B010B50446FF2122F0D7F9054B9C4202BF34
S2140106C00023A4F588742370BDE81040FFF7D8BF57
S2140106D08C4000202DE9F0479A462A4B81461B782C
S2140106E088461646BDF82050002B49D0FF2D3ED92E
S2140106F038252846BDE8F087234B0C223146A01D3D
S214010700636184F80090A4F802800BF0E1F8A289F6
S214010710414642F4004242F040022046A28122F0C5
S214010720CEFC2A46514660690BF0D2F8414648464F
S214010730A21D258324F016F8A0760028D8D00544FB
S214010740013DB5FBF0F0FF28D2DC0023E076204621
S214010750A383FFF731FF054680B923794FF48070F4
S214010760B372FFF7A3FB227C099B1A80C1E7074CF3
S2140107702778FF2FC0D040F60345BAE72770F2E787
S2140107800225B6E75E6C0020FD5D0020AC4000202F
S214010790B0F9063010B5002B25DA144C2278237CEC
S2140107A0FF2A02D0827A9A4207D0114C2378FF2B77
S2140107B017D0827A237C9A4213D169B9637F013BB1
S2140107C0DBB263775BB90B4A237F1278204613446A
S2140107D02377FFF7F1FE0146204622F07FFCFFF764
S2140107E04FFF012010BD0020FCE700BFAC400020F9
S2140107F0BC6700205E6C00202DE9F04F9A46B1F9E7
S214010800063091B0002B0D461746DDF8688004903F
S21401081080F22981B8F80030FF2B04D94FF4B87163
S214010820A6482AF044F9A64B00241A7893F8040146
S214010830B3F80211002A40F0A5802E7AA14A127858
S214010840B24240F2AF800222A3F802711A70AA7A6D
S214010850FF2483F804210022A3F8084183F8052128
S214010860A3F80621B8F80020954883F80C21FFF775
S2140108708BFE3846FFF7E0FE214600EB4002924829
S21401088022F0E1F84FF48070FFF710FB8C4C94F8DF
S2140108900A91B9F1FF0F20D18A4A94F805311278EE
S2140108A01344B34219DC94F80C1184F80531B4F8FA
S2140108B00631204601FB0233A4F80631FFF764FE39
S2140108C00122824B38461A70FFF7B6FE494600EB06
S2140108D0400204F5887022F0B6F894F80531B34268
S2140108E060D8DFF8E0B19BF800C00CEB030296423B
S2140108F058DA764994F808210878013A002853D046
S214010900964205DAB8F8002084F80C2100220A7015
S214010910B6FBFCF901220CFB196994F80A015FFA8F
S21401092089F902FA09F2D1B2024076B92889000A99
S214010930844584F8080108D92046CDE906210593A7
S214010940FFF722FEDDE90621059B94F80A01014323
S21401095084F80A1182B994F80921B4F806C1013263
S21401096084F80921B8F80020DAF800100CEB020030
S214010970FF2826DD0323237094F80831013B9E42AD
S21401098030D138E0AE7A864202D18F4200D11C4681
S2140109902E7A002C7FF47BAF002A3FF44FAF012A5A
S2140109A03FF44CAF01205FE09642B1DA94F80C11A7
S2140109B098F800209142ABD004F58870FFF778FED6
S2140109C0F0E794F80CE1F31A0EFB03C3A01C10FA2F
S2140109D083F005920AF07CFF94F80831059A013BF2
S2140109E09E4244D0012394F80A2103FA09F3013BFD
S2140109F01343FF2B04D122462946384622F060FBDA
S214010A0094F8083194F809219A42CBD19BF800302A
S214010A10B2FBF3F103FB112212F0FF0218BF1346DB
S214010A202278022A26D1264A0234107851780128E3
S214010A3004BF01315170012224F8022CEA88B4F86F
S214010A40041122F04002EA8094F809210A44591E52
S214010A5094F80A3113FB01F31344A8F80030CAF8DE
S214010A600040FFF70DFE002011B0BDE8F08F84F8BE
S214010A700B21C0E76979002994D0032A92D1B4F8F2
S214010A80062194F80B1108AE11445A1E94F80C3145
S214010A90284613FB02F30B4400219BB2A21CA8F8C4
S214010AA00030CAF80020CDE900710296049907F0DB
S214010AB005FD8921304623F052FE7DE780D00300F4
S214010AC07C3F00205E6C00208C400020FC5D0020F6
S214010AD013B5044618B101280BD002B010BDFF2390
S214010AE001460093064A0748FEF7E2FC064B1C70D7
S214010AF0F3E7FFF743FDFF22044B1A70EDE700BF53
S214010B00B10601008C4000207C3F0020AC40002054
S214010B1013B501A909F04AFE044648B9BDF80630E6
S214010B209DF80420034906F0E9FA204602B010BDFC
S214010B308120FBE717D1030013B5694609F042FE91
S214010B40044688B9BDF802309DF80020074906F032
S214010B50EFFA2046019906F043FA2046044906F0CA
S214010B60CDFA204602B010BD8120FBE73BD1030041
S214010B7061D1030037B5694609F048FE044618BB43
S214010B809DF801309DF80020104906F0D1FA104D6D
S214010B909DF80120E3B29A4206D800200D4906F0DE
S214010BA0ADFA002003B030BD0198630003F4FF7373
S214010BB002220021184423F0EBFC294602460020BD
S214010BC006F0B6FA0134E3E78120EBE763D10300D0
S214010BD092D103003B03040013B501A909F0ECFD13
S214010BE0044648B9BDF806309DF80420034906F0CE
S214010BF085FA204602B010BD8120FBE79CD1030098
S214010C0030B500240B4D85B06946E0B224F024F8D7
S214010C1050B99DF80030032B06D12946BDF80530A2
S214010C209DF8012006F06AFA0134202CECD105B0BB
S214010C3030BD00BFC3D1030008B50020034906F04C
S214010C405DFABDE80840FF2000F0DEBAD5D103000A
S214010C502DE9F04F85B006460D46174622F07EFA7E
S214010C60044640B130463A46294622F061FA002051
S214010C7005B0BDE8F08F4FF003094FEA15285FFA7B
S214010C8084FA6946504623F0E7FFB8B99DF800B0EC
S214010C90BBF1000F12D1694650468DF800908DF8D1
S214010CA005508DF806808DF8016023F0D9FF0246C5
S214010CB00028D7D05846064906F020FA0134202CE1
S214010CC0DDD10020034906F019FA8920D0E700BFDC
S214010CD0EAD1030011D203001FB5002304468DF8A4
S214010CE00F3022F026FA28B19DF80F3063F07F030B
S214010CF08DF80F30182301930DF10F030022009396
S214010D0004214023204623F0C4FA024618B10020ED
S214010D10024906F0F3F904B010BD00BF2CD203005F
S214010D201FB502A909F060FD044688BBBDF808207E
S214010D30184906F0FDF92046039906F051F92046B8
S214010D40154906F0DBF94FF6F672BDF80810134C9C
S214010D504B1E9BB2934219D82368039A1B68587995
S214010D60FFF776FF23681B79012B0BD8BDF80830F7
S214010D700022CDE900030421094B092006F044F8BE
S214010D8023F0E7FC6FF0FF0004B010BD8720E9E711
S214010D908120F9E74BD2030061D1030054440020BF
S214010DA062D2030070B504468AB005AD1122002157
S214010DB028460AF03BFD204604A909F009FD044631
S214010DC000283AD11E4EBDF810201E4906F096F9AD
S214010DD032681379012B28D84FF6F670BDF810103B
S214010DE04B1E9BB2834224D81368587922F0B6F979
S214010DF008B333682A461B68BDF81010587922F0EC
S214010E0096F9BDF8103001220421CDE900430920EE
S214010E100D4B029505F0F8FF23F09BFC034620B12D
S214010E2000200A4A0A4906F069F96FF0FF000AB085
S214010E3070BD8724E5E78B24E3E78120F7E700BF51
S214010E405444002065D203007AD203007ED2030008
S214010E5089D203002DE9F0479AB004A909F0D0FC25
S214010E600446002840F0B5809DF810205B4906F046
S214010E705FF925465A4E9DF81020EBB29A4254D897
S214010E800020584906F03AF99DF81050002D40F020
S214010E9099802C462E46544F06A9F0B223F0DCFE6C
S214010EA0C8B99DF81830032B15D13B689DF8192059
S214010EB01B685B799A420ED19DF81D2005F16803E7
S214010EC06B4403F8402C9DF81E200235013403F8CC
S214010ED03F2CEDB2E4B20136202EDDD19DF8103064
S214010EE00BB1002C77D00AABCDE90143FF230222D8
S214010EF00421009309203D4B039505F085FF23F05F
S214010F0028FC034660B19DF81020002A5FD0384ABD
S214010F103849002C08BF0A460020374906F0EEF88B
S214010F206FF0FF001AB0BDE8F08705986B0003F478
S214010F30FF7302220021184423F02AFB31460246A1
S214010F40002006F0F5F8013595E70598730003F4DF
S214010F50FF7302220021184423F01AFB0027804663
S214010F605FFA80FA06A9F8B223F076FE00BB9DF878
S214010F701830032B1CD1D9F800309DF819201B68B6
S214010F805B799A4214D19DF81D30534510D19DF8D6
S214010F901E30C8F307229A420AD105F168036B4452
S214010FA00235013403F840AC03F83F2CEDB2E4B24D
S214010FB00137202FD6D101369DF81020F3B29A4280
S214010FC0C3D88BE70025DFF820902E46F4E7084AC1
S214010FD0A2E78120A6E78B20A4E700BFE3D20300A7
S214010FE092D103003B0304005444002002D30300C3
S214010FF0B4D20300D2D2030006D303002DE9F04396
S21401100089B002A909F0EAFB0446002867D1BDF8B9
S2140110100820344906F072F84FF6F672BDF808500B
S214011020DFF8D4906B1E9BB2934254D8D9F80030A7
S21401103029461B685F79384622F090F800284CD084
S21401104026465FFA86F8404603A923F005FE28B92E
S2140110502946384603AA22F06EF820B90136202E1A
S214011060EFD14FF0FF08404623F0F4FD014658BB90
S214011070112203A80AF0DAFB2946384603AA22F011
S21401108057F8D9F800301A79012A18D81B68BDF824
S2140110900810587923F03DFABDF8083003220421E0
S2140110A0CDE900430920104B05F0AEFE23F051FBBD
S2140110B0034620B100200D4A0D4906F01FF86FF0D7
S2140110C0FF0009B0BDE8F08302460A49002006F099
S2140110D015F80124D5E78724D3E78B24D1E78120AF
S2140110E0EFE700BF28D3030062D2030066D30300F4
S2140110F089D203003FD30300544400202DE9F04376
S214011100DFF894800020D8F8003021491B688BB0A6
S2140111105E79002505F0F2FF01275FFA85F948465A
S21401112001A923F099FD044690B99DF80430032BDC
S2140111300ED19DF80530B3420AD1484623F08AFD08
S2140111400146A0B102461349204605F0D7FF2746BF
S2140111500135202DE1D1D8F8003000211B685879DF
S21401116023F0D7F987F001000BB0BDE8F083112218
S21401117005A80AF05BFBBDF809403046214605AAE2
S21401118021F0D6FF2146304623F0C3F9E0E700BF41
S21401119073D303003FD303005444002037B5694698
S2140111A009F028FB044638BBBDF80020134905F0BA
S2140111B0BFFF134D2046019905F012FF2046114945
S2140111C005F09CFF2B681B68587923F0B1FA70B1C3
S2140111D04FF6F672BDF800104B1E9BB2934209D82B
S2140111E02B68019A1B685879FFF732FD04462046A2
S2140111F003B030BD8724FAE78120F9E787D30300DF
S2140112005444002061D103007FB505460024E6B2B0
S2140112106946304623F020FDA8B99DF80030032B1F
S21401122011D19DF80130AB4204D0FF2D0BD19DF8B2
S2140112300D3043B9304623F00DFD024618B10020AB
S214011240034905F05BFF0134202CE0D104B070BDEA
S2140112503FD30300034B1B681878012808BF022000
S214011260704700BF90430020D0E9023253F8223085
S2140112701A78024B1A7000F0E7BA00BFFC5E002035
S21401128070B5D0E902456B1EDBB254F82300032289
S2140112901B490AF017FE54F8253004EB850419782B
S2140112A063681A78A2F10B030F2B05D915490020A4
S2140112B0BDE8704005F022BF01290FD1124C9140C4
S2140112C0236840B90B43114A23600020BDE87040F3
S2140112D00F4905F013BF23EA0103F4E702290CD1F5
S2140112E001230C4903FA02F20B6818B913430A4AA0
S2140112F00B60EAE723EA0203F9E70A460749D6E75D
S214011300ABD30300AFD30300E0670020C5D30300CF
S214011310CDD30300DC670020E0D30300EAD303004B
S21401132007B5D0E9023103EB810253F821300B49AE
S2140113301B785268012B0A4B08BF0B4612684FF008
S21401134000001A600092074A074B084918BF134667
S214011350074A05F0D3FE03B05DF804FBE067002002
S214011360DC67002005D40300FDD303000FD403007F
S2140113702456040038B5254A254B264C002026491C
S21401138005F0BCFE0020254905F0B8FE2268244978
S214011390002005F0CDFE2068224C234D05F088FE86
S2140113A02146002005F0AAFE2A682049002005F003
S2140113B0BFFE286805F07CFE2146002005F09EFE53
S2140113C01B4B1C491A781C4B002053F8223005F0A1
S2140113D095FE00F00DF919490246002005F08EFE33
S2140113E0174B00201A78174905F088FE164B174947
S2140113F01A78002005F082FE04F0C6F9BDE83840F0
S21401140002461349002005F079BE00BF24560400A9
S21401141029D40300E067002030D4030038D4030049
S21401142046D40300A9BA0300DC67002057D40300A2
S2140114302A5F002068D40300E46700207BD4030001
S2140114400F5F00208FD403000E5F0020A1D403009D
S214011450B3D4030007B500F071F8054B0090054AB8
S2140114600020054905F04AFE03B05DF804FB00BF05
S214011470C9D40300245604004AD00300F8B5044634
S2140114800B4F0C4E0C4D00200C4A0D4905F036FE54
S21401149020463B7829783278F4F782FE00233B70A9
S2140114A033702B70FF21BDE8F840064821F0DCBA06
S2140114B02A5F00200E5F00200F5F002024560400E4
S2140114C0CED40300CC40002037B51248FF2121F0CE
S2140114D0CBFA114B187810F0100505D0002003B098
S2140114E0BDE8304003F01CBF0121B42004F0C6FA69
S2140114F004460A4B0A4A0B490090284605F0FEFDB1
S2140115002046FFF7BBFF4FF4806003B0BDE83040D4
S214011510FEF7E6BCCC4000202A5F0020E5D403009D
S214011520245604004AD003000021024A0248FDF76F
S214011530F5BF00BFC9140100CC40002008B5054B1B
S2140115401B7823B11720FFF799FF002008BD022062
S214011550FCE700BF2A5F002010B550B1054B00F133
S214011560100250F8044B904243F8044BF9D1024B59
S214011570197010BD105F0020205F002037B5174D91
S21401158004462B78DB0626D50090154B0020154A1D
S214011590154905F0B3FD1E2C0BD0652C09D0032C84
S2140115A019D0002023F0D0FB40F61C40FFF766FF61
S2140115B00DE023F0F1FB4FF4FA63B0FBF3F202FB0C
S2140115C01300C218FF21094892B221F03CFA2B7889
S2140115D023F010032B7003B030BD00BF2A5F00203C
S2140115E0FED40300245604004AD00300CC40002059
S2140115F0014B1879704700BF9C58002070B54C4EBF
S2140116008EB0337803F0FB02A3F10905022AEDB28E
S21401161058D0042B41F6041257D0A3F108014B42CF
S2140116204B415B0013434348ADF80C3021F0C6FD37
S21401163048B9414B3F4A03F1100153F8040B8B4262
S21401164042F8040BF9D13D4B1B78002B3FD03C4BA5
S2140116500DF10E0203F1100153F8040B8B4242F810
S214011660040BF9D103A823F08FFB2328044610D1DD
S214011670012D49D80020334A334905F03FFDBDF816
S2140116800C3003A823F40053ADF80C3023F07CFB98
S2140116900446002C41D14FF40C7023F073FB044632
S2140116A000283AD103F0FAFE012D36D8274A01ABBD
S2140116B01068516803C3264901A823F0C1FB78B31B
S2140116C019242AE043F60412A7E70223AAE733788F
S2140116D0042B0DD0082B0BD01E4B0DF10E0203F17F
S2140116E0100153F8040B8B4242F8040BF9D1B9E709
S2140116F0104A0DF10E0302F1100152F8040B8A4252
S21401170043F8040BF9D1ADE7337803F0FB03022B62
S21401171003D10020104905F0F1FC20460EB070BD43
S214011720044901A823F08CFB04460028C8D1F4E73D
S2140117302A5F0020FE5E0020CBD50300205F00203C
S214011740105F00202456040022D50300DCD50300D8
S21401175014560400E5D503007DD5030070B50026B8
S21401176086B00446252023F0F5FA162200211648F5
S2140117700AF05CF8154B1E60154B1878FFF76AFDEA
S214011780022814BF0123042303208DF8083023F018
S2140117902FFB04238DF810300E4B02A805930394FB
S2140117A003F030FD05460C4B0C4A19680C4B3046CD
S2140117B0A14208BF134600940A4A0B4905F09EFC55
S2140117C0284606B070BD00BF9C580020EC400020A3
S2140117D02A5F0020BD1A0100E0670020FDD3030048
S2140117E005D4030024560400F6D5030008B5134AB1
S2140117F01378042B09BF124B01331B78C3F1060380
S214011800DBB2137003F0FD02092A04D11720FFF79B
S21401181035FE172008BD0A4A1278002A14BF052291
S21401182006229A4207D1074B18680028EED0FFF728
S21401183095FF4D20EEE70020ECE700BF2A5F002071
S214011840205F0020DC67002073B51E4C1E4E236807
S2140118503268134334D01D4B1B6853B31C4D2B7891
S2140118603BBB03F091FFF8B94FF48060FEF71EFB17
S214011870184B24681B7894B1C3F102032B7003F054
S21401188047FD2046FFF76AFF04460020124B134A25
S2140118901349009405F032FC204602B070BDC3F136
S2140118A0060334682B70EAE70121B42004F0E6F859
S2140118B0EAE70020094A0B4905F020FC0224E4E788
S2140118C00224E9E7E0670020DC670020904300205F
S2140118D02A5F0020205F00203ED603002456040025
S2140118E04AD0030024D603002DE9F347384D394E7C
S2140118F000202A792B88384905F000FC32682879BF
S21401190022FA00F010F0010002D1344905F0F6FB8E
S214011910334F3C783CB10822324933480AF0D2FAB8
S214011920041E18BF0124DFF8DC80DFF8A490DFF87E
S214011930B4A014E098F8000049460130C0B288F817
S214011940000023F0F9F9002835D13C783CB1082293
S214011950514625480AF0B6FA041E18BF01242A7912
S2140119603368D340DB07E5D5002CE3D100922B8802
S2140119701E4A1F49204605F0C1FB1E4B1878FFF78B
S21401198069FC01230322124923F0DCF91A4A0546B1
S21401199013780133137010B902B0BDE8F087204602
S2140119A02B46124A154905F0A9FB284602B0BDE8A8
S2140119B0F047FFF763BD0020114905F09FFBFFF7D5
S2140119C015FF0028E8D102B0BDE8F04700F01CB8CA
S2140119D09C580020EC40002044D6030075D6030036
S2140119E0295F0020215F0020AA5800202456040009
S2140119F044D703002A5F00200E5F0020E5D60300CF
S214011A000ED70300FD5E00202DE9F041214C224D4A
S214011A102378002055F82330204A214905F06EFB33
S214011A20FFF7ECFD03461D4E1E4FDFF874802BB901
S214011A302378042B15D8B3B91B4B15E0324639462B
S214011A40002005F05BFBFFF7D1FE00BB2378324692
S214011A5055F82330414605F051FBFFF7CFFD03460D
S214011A60E5E7092BE8D1114B00201B68104A114904
S214011A701360114B187023F05FF920B1BDE8F041F7
S214011A800120FFF7FBBCBDE8F041FFF72DBFBDE825
S214011A90F08100BF2A5F0020E4670020245604007E
S214011AA064D7030071D70300DC670020E0670020DD
S214011AB0EC4000209C580020FD5E002070B51C4CB8
S214011AC023789BB3838913F4407F2FD0056835B103
S214011AD02A46BDE870400020164905F00FBB23F0EA
S214011AE029F9154E03463070144A2846144905F064
S214011AF005FB33781BB1BDE87040FFF785BF23783F
S214011B00082B0CD8042B0CD80E4B1B78C3F10603FC
S214011B1023700D4BBDE870401868FFF71FBE0A2BF7
S214011B20F2D1BDE870401820FFF7A8BC70BD00BF19
S214011B302A5F00209CD703000F5F00202456040074
S214011B40C9D70300205F0020DC67002030B5464D72
S214011B5003460446454A0020454987B005F0CEFABB
S214011B602B782BBB01A823F06DF9022301A88DF871
S214011B70043023F055F9B0B93E4901A823F052F9D3
S214011B8088B1152C0FD123F007F947F23153B0FB7A
S214011B90F3F202FB130000F51C50103080B203F084
S214011BA0BFFB07B030BD162CFBD103F0F3FBF8E703
S214011BB0152C2AD100202D4A2F4905F09FFA2B78A3
S214011BC0042B11D0082B0FD02C4B1B78DA070BD423
S214011BD001A823F0D3F818B9BDF804309B0703D445
S214011BE02B7843F010032B7023F0D6F84FF4FA63EA
S214011BF0B0FBF3F2FF2102FB1300C218204892B299
S214011C0007B0BDE8304020F01EBF23F0F7F80446C9
S214011C100028C6D12B78013B092B1ED8134A194937
S214011C2005F06CFA184A194913780133D8B21070C6
S214011C3023F082F860B12046154905F05FFAFFF7F8
S214011C40D5FD0028ADD107B0BDE83040FFF7DCBEBA
S214011C5007B0BDE83040FFF747BE40F61C4007B06E
S214011C60BDE83040FFF70ABC2A5F00202456040076
S214011C70EDD703001456040004D80300FC5E0020D0
S214011C80CC40002017D80300FD5E00209C580020A1
S214011C900ED703002DE9F0410B4686B004460E46EA
S214011CA017463A490246002005F028FA4FF0000888
S214011CB00123CDE901380DF1160300934246402376
S214011CC00621204622F01AFB054640B1024630495D
S214011CD0404605F013FA284606B0BDE8F0819DF8A7
S214011CE016202AB936B900202A4905F007FAF2E784
S214011CF0012EF8D082F00103002027498DF8173015
S214011D0005F0FCF99DF817300DF1170633B31023D3
S214011D100022CDE9006306214023204622F0B9FACD
S214011D20064630B1324600201C4905F0E7F9354633
S214011D30D1E74FB90821204622F00DF920B12046FF
S214011D409DF8171022F0E6FB0521204622F003F944
S214011D500028C0D0204622F0DAFBBCE74FB90821A4
S214011D60204622F0F8F820B120469DF8171022F000
S214011D70D1FB10230022CDE9006306214023204633
S214011D8022F087FA06460028DED0CBE746DA0300C3
S214011D9062DA03007BDA03009BDA0300BBDA030096
S214011DA0002208B5034B11461B681B685879FFF7DC
S214011DB071FF08BD5444002008B5044B00221B687F
S214011DC001211B685879FFF765FF08BD54440020C0
S214011DD008B5044B00221B6802211B685879FFF7DF
S214011DE059FF08BD5444002010B50123002488B0D3
S214011DF001A88DF80430CDE90244F5F7E3FC20464E
S214011E009DF80420124905F079F92046039A1149F4
S214011E1005F074F92046029A0F4905F06FF9102271
S214011E200E4B0DEB0201188840F0604040F4801024
S214011E30FBF744F920460A4905F07AF904A822F08E
S214011E40E9FB2046074905F059F908B010BD00BF67
S214011E50D4DA0300F3DA030012DB0300D4550400DE
S214011E6031DB03003B03040008B521F0D8F900205C
S214011E70024905F043F9012008BD00BF4EDB03000F
S214011E800023054A8360C360044BC0E9002311B1F7
S214011E904FF6FF730B807047491043B200300311B1
S214011EA010B5044660B10020064905F027F9052C57
S214011EB006D002F0CBF904490246002005F01EF9CF
S214011EC0012010BD62DB030073DB030037B5002180
S214011ED06A4601AB054621F063FA044668B1002262
S214011EE00F49104605F00AF902F0B0F90D4902460D
S214011EF0002005F003F903B030BD0B4905F0FEF8EC
S214011F00012020F0A2F901F099FF431C02D007F04E
S214011F109DFFF0E721462846FFF7A6FFEBE700BF47
S214011F209CDB030073DB0300E4DB030038B50546E6
S214011F3001F084FF044622F0B6FA4DB100200E49A6
S214011F4005F0DCF8631C14BF2046002007F040FFB4
S214011F5021F073F90228044605D0012805D1002096
S214011F60064905F0CBF8204638BD0020044905F0A7
S214011F70C5F80024F7E700BF01DC03001BDC030003
S214011F8034DC030008B50020034A044905F0B6F81E
S214011F90BDE8084000F050BDDEEB03004DDC030059
S214011FA008B50020034A044905F0A8F8BDE8084032
S214011FB001F0CAB96CDC03004DDC03001FB5D0E9A3
S214011FC0023253F8223068461C78214601F0D0FBD5
S214011FD0684601F073FC28B92246044905F08EF8DC
S214011FE004B010BD6846FFF771FFF9E772DC030025
S214011FF00020014905F082B88EDC03007FB50DF1A3
S214012000060102A8FFF73CFF0020264905F076F8F6
S2140120100020BDF80820244905F070F80020BDF81E
S2140120200A20224905F06AF8039A0020204905F0A3
S21401203065F800201F4905F07BF84FF6FF73BDF8E1
S21401204006209A4229D000201B4905F057F80020A7
S2140120501A4A1B4905F052F800201A4A1A4905F097
S2140120604DF800221949104605F048F80020154A97
S214012070174905F043F80A220020164905F03EF8F4
S2140120800A220020144905F039F80A2200201349D3
S21401209005F034F807B05DF804FB0020104905F0A0
S2140120A02DF8D4E79DDC0300B5DC0300CEDC03008D
S2140120B0E7DC030000DD03000BDB0300E093040014
S2140120C016DD0300C027090035DD030054DD0300DB
S2140120D073DD030092DD0300B1DD0300CFDD0300F5
S2140120E013DD030008B50020034905F007F8BDE835
S2140120F00840012001F0FAB9EDDD030008B5002023
S214012100034904F0FBFFBDE80840002001F0EEB9EA
S21401211006DE030030B5104B104D1B5C85B08DF804
S2140121200F302B780446834206D00D4B0D4953F8E9
S2140121302020002004F0E2FF30232C700A4801938F
S2140121400DF10F030093062280231921007822F057
S214012150A0F805B030BD00BF3B560400325F00203A
S214012160485604001EDE0300486C00201FB52323DA
S21401217003900193064803AB0093012280231921A3
S214012180007822F086F8039805B05DF804FB00BFDE
S214012190486C002073B5164D04462B78154ECBB10E
S2140121A021F06CF8012815D0346040F6B244124B89
S2140121B01B78072B17D02D78C5B921F05FF8031EC1
S2140121C018BF01230D48009522461921007821F0F9
S2140121D0E4FB03E000233360002CE8D1201E18BF87
S2140121E0012002B070BD02250123EBE70025FBE7C5
S2140121F02F5F0020F0400020325F0020486C002056
S21401220008B50448FFF7C6FFBDE808400220FFF7FF
S21401221081BF00BFC027090010B5064C208822F0F8
S2140122207AF9608822F077F96068BDE8104022F0FC
S21401223081B900BFF44000207FB523238DF8133009
S2140122400DF11303029304230648019305AB009393
S214012250012280231921007822F050F8059807B052
S2140122605DF804FB486C00202DE9F047DFF84C913F
S214012270044699F8000090460F4621F04EFE0B28C2
S21401228099F8002005D9BDE8F04700203F4904F041
S21401229035BF00263E4B3F4D1E803F4BDFF820A149
S2140122A003EB00135B8801202B802A7104F04EFE9D
S2140122B005F0F6FE04F04AFE204604F047FE012330
S2140122C0042C8AF800300BD8022C45D89C4216D034
S2140122D02346BDE8F0470020304A314904F00EBFDE
S2140122E0062CF5D130462F4904F008FF384604F095
S2140122F02DFEFFF791FF97B18AF800600FE04FF6C9
S214012300FF76294F3888801B18BF012004F01EFE77
S214012310FFF782FF3888B04201D022F0FCF819237B
S2140123206B8099F8003000202B71204B1B786B7165
S214012330EB8843F04003EB801D4B198822F09AF896
S214012340034620B1224600201A4904F0D7FE404633
S214012350BDE8F047FFF71EBF304604F0F7FDFFF774
S2140123605BFFFFF769FF22F0E5F8134B1B78002BA4
S2140123700CBF3F20202004F0E9FD042CCFD14FF400
S214012380806022F0C8F83220C7E700BF31DE0300C4
S214012390C0580020C4580020C4420020EBCB0300E4
S2140123A07DDE030060DE0300B4580020476C002089
S2140123B0E86B002096DE03002E5F0020486C0020AC
S2140123C02F5F002038B5044605200D46FFF7A2FE14
S2140123D0184B1A884FF6FD739A4207D1002016490A
S2140123E004F08CFEBDE83840FFF70ABF65B1134A1A
S2140123F013780133DBB2092B137014D90A2200209B
S2140124000F4904F07BFEEDE7012C0ED10B4B1D703E
S2140124100C490D48FFF734FDBDE838400021012086
S2140124200A4AFFF721BF012CF2D0BDE83840074821
S214012430FFF7B0BEE86B0020D0DE0300315F00205E
S214012440FBDE0300B4580020F4400020E0930400B3
S21401245008B50649002004F051FE0548FFF736FD91
S214012460BDE8084000210846FFF7ACBF3FDF030088
S214012470F4400020814237B50346154608D20020B5
S21401248000910F4A0F4904F039FE002003B030BD19
S2140124900C1A224600200C4904F030FE40F6BB53CD
S2140124A022460020094904F029FE4FF47A735C4362
S2140124B0074B01209C4294BF2C602B60E6E700BFCF
S2140124C0EBCB030050DF03008DDF0300A8DF030022
S2140124D080EE360010B504460820FFF71BFE0D4BB4
S2140124E03CB91C700021BDE8104006200A4AFFF7DF
S2140124F0BBBE1B78092BF5D90A220020074904F038
S214012500FDFD0020064904F0F9FDBDE81040FFF787
S2140125109FBF00BF315F0020C0270900D4DF030042
S21401252015E0030073B51F4D2C7834B100201E4909
S21401253002B0BDE8704004F0E1BD0220FFF7EAFDFD
S214012540FF221A4E1A4B30781A7021F0E6FC0B283F
S21401255007D920463278174902B0BDE8704004F02A
S214012560CDBD154B1549009301EB0011012319222E
S2140125704FF6FD70498805F037FA70B120461049CC
S21401258004F0BCFD00220F4B0F481C700F4B1A7055
S21401259002B0BDE87040FFF7FDBD01240C492C7068
S2140125A0EEE700BF305F002026E00300486C002005
S2140125B0476C002031DE0300B5280100C44200202C
S2140125C067E003002F5F0020C0270900315F00206D
S2140125D08DE0030038B5144D04462B78052B21D920
S2140125E01249FFF75DFC24B918B9114904F086FDBC
S2140125F00424104B195D21B9BDE838400846FFF7A1
S21401260069BF032C06D02B78052B03D006200A4A77
S214012610FFF72AFE0021094B08461970BDE838402D
S214012620FFF7D0BE38BD00BF325F0020F440002067
S214012630AFE0030031560400C02709002F5F0020D9
S21401264030B5044689B00720FFF764FD052C0AD192
S21401265000222A4B03A91A7002A804AA01F0FEFD63
S21401266030B1022045E09CB90122244B1A700224A5
S214012670224D287878B1421E504221495041FFF739
S21401268055FC022304462B70022C0ED10A200FE0C3
S214012690022CE6D1EBE7631F5A424FF005001849BA
S2140126A05A4120F0F2FD0446EEE7032C04D1002047
S2140126B0FFF770FD09B030BD062C06D10020114988
S2140126C004F01CFD01232B70E0E70F4A0F4B28781E
S2140126D0002C18BF13460E490E4A0094002808BF66
S2140126E00A4600200C4904F009FD201E18BF0120EF
S2140126F0400009B0BDE83040FFF76CBF2D5F0020F9
S214012700F4400020EAE00300E3E00300DCE003001D
S214012710CBE00300D5E0030025E1030013B51F4C11
S2140127200620FFF7F7FC2278092A09D900201C4960
S21401273004F0E4FC042002B0BDE81040FFF74ABFF5
S214012740184B1B782BB300201FF0A3FD20F096FD3D
S21401275068B9FFF771FD144B196820F086FD024633
S2140127600420002102B0BDE81040FFF77DBD01A89E
S21401277020F082FDFF2809D14FF4FA602378013357
S214012780237002B0BDE81040FFF704BD0198FFF7C3
S214012790EDFC4FF4FA620320E3E700BF315F00204F
S2140127A040E103002E5F002004410020F023F0B535
S2140127B089B0CDE90003344880230022192100782E
S2140127C0324E334F21F065FD0020324904F096FC6D
S2140127D03246394603A801F041FD032804462E4D32
S2140127E01CD10626039A2D49002004F087FC039885
S2140127F0FFF7BCFC0020396800F0ACFE2E7001F03B
S2140128009FF900220446264B30461A70FFF782FCD9
S21401281084BB09B0BDE8F040FFF780BF28BB7268F3
S214012820204904F06BFC214604A8FFF729FB059B11
S214012830726893420BD020461B4904F05FFC0723C5
S21401284005202B7009B0BDE8F040FFF7F9BE1A4627
S2140128502046164904F052FC0523002101202B7066
S21401286009B0BDE8F040FFF7ADBD0020104904F007
S21401287045FCF1E7042C05D0042009B0BDE8F04082
S214012880FFF7A8BE09B0F0BD486C0020F440002058
S2140128900441002078E10300325F0020A9E1030033
S2140128A0315F0020E4E103001DE2030071E2030052
S2140128B0ADE20300F7B50446876800202378364D5D
S2140128C0012B287004D0354B3549187004F016FCDE
S2140128D026785EBB334B1B78FF2B04D103B0BDE8D3
S2140128E0F040FFF78DBC304B1B78032B11D82F4CD3
S2140128F00320FFF70FFC6946208822F067FA0028BC
S21401290043D02B49208805F0EDF820B12E70FFF753
S21401291077FC03B0F0BD0124204B26491C7004F05F
S214012920EDFB0320FFF7F6FB2C70F2E7012E25D115
S2140129303B78002BEDD01B4D2B78FF2BE9D1A688D9
S21401294002F04AFF864206D100201B4903B0BDE8CB
S214012950F04004F0D3BB194BA2881B783BB132B1CF
S2140129601749002003B0BDE8F04004F0C7BB7B6800
S21401297014491B782B700D4B1A80F2E7032E08D1F1
S21401298008226846A16808F0A3FF6846FFF70EFF15
S214012990BFE700232B70A1E72F5F0020305F0020E8
S2140129A0C8E20300476C0020325F0020E86B00207D
S2140129B0B52801008DE00300E8E203002C5F00204B
S2140129C00EE3030039E303007FB5094B1A78FF2AAB
S2140129D00AD1187001F088FB0022064B0DF10601A2
S2140129E002A81A80FFF74CFA07B05DF804FB00BF97
S2140129F0486C0020B2580020152838B517D10C4B6A
S214012A001D78A5B922F0C8F9C4B2012C38BF01243B
S214012A100120FFF77FFB28462246064904F06EFB9D
S214012A204FF47A706043BDE83840FFF7B3BB38BD5A
S214012A30325F002056E30300034B1B78022B01D8BC
S214012A40FFF770BD704700BF325F002070B5284C9D
S214012A5020F00FFC2578274EBDB10020264904F052
S214012A604DFB264A13780133137000232370337805
S214012A70062B0AD1BDE87040214B1868B0F5FA6FF5
S214012A8038BF4FF4FA60FFF785BB3378013B082B5C
S214012A902CD8DFE803F005090D2B13191D2227009A
S214012AA0BDE87040FFF7C8BFBDE87040FFF73ABD0C
S214012AB000232370BDE87040FFF7A2BB2946BDE89E
S214012AC070400120FFF77EBCBDE87040FFF726BED0
S214012AD00220BDE87040FFF7B3BD0120BDE870409D
S214012AE0FFF7F8BCBDE87040FFF7B2BC70BD00BF91
S214012AF02F5F0020325F002085E30300315F002056
S214012B00F040002010B90520FFF764BD034B1B7889
S214012B10062B01D1FFF79ABF704700BF325F002036
S214012B202DE9F0478E68054633189A780C46092A2F
S214012B308EB008D90020A34904F0E0FA8524204687
S214012B400EB0BDE8F08750B98B899F49895C8B42EE
S214012B5005D200919D4904F0D1FA8024EFE79C4B01
S214012B60E7881B889F4236D09A490978012932D9CD
S214012B7032B13A460020984904F0C0FA7E24DEE7D6
S214012B80964B1A70934B26791B78052B03D0012B95
S214012B903AD8FFF751FF5EB93146204621F0DFFDF6
S214012BA00346002851D030468D4A8E4904F0A6FAD5
S214012BB0D4F80880A48998F8037098F80450002E79
S214012BC04CD13046884A894904F098FA0021012000
S214012BD0FFF7F8FB4FE00021804B1970072A00F23F
S214012BE08A8301A353F822F0852B0100332D0100BF
S214012BF0332D0100452F0100452F0100452F01000F
S214012C00DB310100DB310100022B17D102F0E4FDBC
S214012C108742B3D00020764A764904F06FFAFFF770
S214012C2081FC46BB3146204621F099FD034610B390
S214012C306B4A6C49002004F061FA1CE06E4A0020E1
S214012C406E4904F05BFA012479E7A3681B78DA067B
S214012C50AED432466A4904F051FAA9E700210AA81F
S214012C60FFF70EF9032F08D95F4B664A66490097AE
S214012C70002004F043FA002461E76B1E632B04D99D
S214012C80594B604A61490095F2E7614BE4B2DB5D5E
S214012C909C4209D0CDE901430020534B594A5D4976
S214012CA0009704F02BFAE6E757B3A4B222460521B3
S214012CB0404621F06DFCBDF82830834203D04A4BD4
S214012CC0554A5649B6E7012F1AD0224607214046F3
S214012CD021F05EFCBDF82A30834203D0424B4E4AB7
S214012CE04F49A7E7032F0BD122460921404621F081
S214012CF04CFC0B9B984203D13B4B474A494999E709
S214012D00642D3FF463AF22F047F86423C0B2B0FBF2
S214012D10F3F203FB12030133DBB29D42BFF456AF5D
S214012D20CDE900530020304B3B4A3F4904F0E6F919
S214012D30A1E7284B1B78052B01D03C4A7FE7EB1C0B
S214012D40DBB2277BF45C44B123460020374A38497E
S214012D5004F0D4F900210C460BE00F2F0DD81023F8
S214012D60204634490093314A3B4604F0C7F9802493
S214012D7001210020FFF726FBE1E60435EDB22046EF
S214012D802A4A2D4904F0BAF97A1B7119D2B206A85B
S214012D9020F082FA05443A46E9B2304621F0F5FBC6
S214012DA0264D069A2B68264F9A42386001D1002894
S214012DB04AD1244900201D4A04F0A0F985240121A6
S214012DC0D7E700BFA2E3030074560400BAE303008A
S214012DD0E86B0020325F0020E9E303002F5F00204C
S214012DE05FE4030067E40300EFE4030004E5030087
S214012DF02DE403003AE403008FE403009CE403009F
S214012E00B9E4030019E5030021E503003BE50300EF
S214012E103756040059E50300AEE9030093E50300C5
S214012E20BDE50300E5E503000CE6030040E603000C
S214012E305AE6030089E60300A0E60300F4400020FA
S214012E4004410020C9E6030000F08EFF3E68B04250
S214012E500AD200F089FF9D4903463246204604F017
S214012E604DF98924012184E7079A6B689A4205D1B6
S214012E702046974A974904F041F96BE79649097845
S214012E8059B19A4209D22046944904F037F996215D
S214012E900620934AFFF7E8F95CE7924A924905A8AB
S214012EA001F0DCF9079E48B96A68964206D88F4950
S214012EB004F024F90520FFF7C3FB40E63246002064
S214012EC08B4904F01BF939680027002000F042FB0B
S214012ED000206E60FFF74AF9864B06201F80FFF739
S214012EE019F9854B1F7001F0B1F90646F8B94FF68E
S214012EF0FF73824A0AA81188994214BF13463B46BB
S214012F006A88298801F012F90AA800F0D7FC58B19E
S214012F100AA801F0DDF938B13046794904F0EEF837
S214012F200420FFF757FB0AE6FFF7F8FB07E604283D
S214012F3005D1744B1921187820F046FDFFE5384677
S214012F407149EBE7714B1B78062B01D0704A76E688
S214012F50DFF8A0A1EB1C94F80C90BAF80080DBB265
S214012F602EB930466B4904F0C9F88724E7E5F75CCB
S214012F702C1D972FE4B22FD025D8812F71D0952FF5
S214012F8067D017BBB9F1100F7FF6E7AD31194A4686
S214012F900AA820F081F90444E4B221464A463046A4
S214012FA021F0F3FA231DDBB2053416F803A0E4B2D0
S214012FB0A9EB04035345054666DA009338465346A3
S214012FC0534A5549C7E5982F43D03B460020504AFF
S214012FD0524904F093F8C8E7B9F10A0F7FF6BDAD80
S214012FE01FFA89F721463A46304621F0CEFA05F116
S214012FF0080104463A46C9B2304621F0C6FA0AAA82
S21401300001462046FFF736FA08B9454B0A93B9F14F
S2140130100C0F12D905F10C013A46C9B23046DDF85B
S214013020288021F0B5FA044602463E49002004F005
S21401303065F8AAF8004044440A940A9C3A49224694
S214013040002004F05BF82046FFF7A4F820F01CF9F6
S21401305011E63649002004F051F80320FFF7BAFACA
S21401306009E6334C23786BB120F001F950B100200A
S214013070304904F043F80023237020F005F9FFF7E8
S2140130804DFBF8E52C49E5E7DFF8A49099F8003008
S21401309043B9FFF7D1F88542034607D01C4A2749B2
S2140130A00095E5E520F0EAF80128F2D110220D4856
S2140130B00AA908F007FF10B9BAF13F0F42D9144A1E
S2140130C01F49002004F01AF84FE700BFE8E60300A6
S2140130D040E6030020E703002B5F002055E70300CE
S2140130E0C0270900F440002004410020E4E1030069
S2140130F096E70300B2580020315F0020B458002044
S214013100B8E70300486C0020D7E70300325F0020D1
S214013110FDE7030012E803003FE9030021E903008D
S214013120E09304004DE8030078E8030097E8030005
S2140131302E5F0020B3E80300F2E803007BE90300FA
S214013140B7E903006D4B187099F800304BB120F0C9
S2140131508EF830B1284620F08DF8042807463FF453
S2140131608AAD51462846321920F0C7F928B1002009
S214013170634903F0C3FF042070E799F80030554413
S21401318063B120F074F848B1FF2FF4D0012F3FF45B
S21401319072AD032F16D120F075F805462846FEF7C6
S2140131A0E5FF044602460521564820F09CF8564B9A
S2140131B01B689C420AD3204620F09AF90520FFF7A7
S2140131C03FFA58E520F05CF88046E7E74046FEF710
S2140131D0E1FF00287FF44FAD51E74C4B1B7803F01D
S2140131E0FD03082B01D04A4A29E5A48935B1F278B6
S2140131F022B10020474903F081FF2EE7E4B22246C0
S214013200F11C0AA820F048F8434BBDF8282019887D
S214013210054691420DD04FF6FF718A4209D03C4ACD
S21401322000203E4B3E4903F083FFBDF828203D4970
S21401323047E7BDF82A20598891420CD04FF6FF7116
S2140132408A4208D0324A0020374B354903F070FFD6
S214013250BDF82A20EBE70B9A5B689A420AD0013246
S21401326008D02B4A2E490020304B03F061FF0B9A01
S2140132702F4926E7A4B2E91C2246C9B2304621F0FE
S21401328084F9E91DC9B207462246304621F07DF988
S214013290431C014606D10820FEF73CFF2548FEF7F1
S2140132A079FFE8E4384606AAFFF7E4F8A8B9214B07
S2140132B00693214B00221978204B18781FF0C8FF7F
S2140132C0069C2046FEF766FF224600201C4903F0B6
S2140132D015FF0920FEF71EFFCDE440F6B733069A28
S2140132E09A42E6D840F6B8320020164903F006FFA7
S2140132F040F6B833DCE7812421E400BF315F0020CB
S214013300EAE903000DEA030004410020325F0020D1
S21401331016EA03002BEA0300F4400020ADE50300A3
S21401332052EA03000BDB0300D7E503006DEA030056
S2140133306AF2030080EE3600476C0020486C0020DD
S214013340A5EA03007AEA030008B50420FFF742F96C
S2140133500020FEF7DFFE0023054A19211370054AF7
S2140133601370054B1878BDE8084020F02DBB00BF50
S2140133702F5F0020305F0020486C002010B5164BF0
S214013380164C1A78164B002053F82220154903F0E4
S214013390B5FE2178144B154A0020002918BF1A469D
S2140133A0134903F0ABFE23782BB1124B00201A68A9
S2140133B0114903F0A3FEFEF73FFF0446FEF73CFF6C
S2140133C00E4B19681FF082FF2246BDE810400346E7
S2140133D00B49002003F092BE325F00202F5F0020D1
S2140133E048560400C1EA030097F1030078F1030090
S2140133F0CEEA0300F0400020E8EA03000441002082
S21401340001EB030038B5014604460020FFF788FBB0
S214013410054698B1E37C00200A4A0B4903F06EFE8C
S2140134202379042B0AD02946204621F098F9034631
S21401343020B10020054A064903F060FE6FF0FF0048
S21401344038BD00BFEBCB030029EB03005FE40300AC
S21401345067E4030010B51346094A127882420DD17B
S21401346063B1084A002014680A46074903F046FE7D
S2140134702146BDE810400120FFF752BB10BD00BF3A
S214013480486C0020544400204BEB030010B50D4B54
S2140134901C782CB1BDE8104000200B4903F02EBE6D
S2140134A06420FEF763FE4FF6F0716FF00F02074BD4
S2140134B00320C3E9001222462146BDE81040FEF76C
S2140134C0D3BE00BF325F002084EB0300F44000202F
S2140134D0014B1870704700BF2E5F002000210620A8
S2140134E0014AFEF7C1BE00BFC0270900014B187094
S2140134F0704700BF2B5F0020114B2DE9F0410746B6
S2140135000D4618680F49101A09681FF0DFFEDFF82C
S21401351040800D4E98F800400346FF2C307004D0D2
S214013520A8420AD32C44A04207DB3A4600200749AA
S21401353003F0E4FD337888F800303078BDE8F08198
S2140135400C41002008410020335F0020B2EC03004C
S214013550496C002050EA010208D0FF22054B091AE7
S2140135601A70054B1860054B1960704711461046D6
S214013570FFF7C2BF496C00200C4100200841002023
S2140135802DE9F04FAFB006AD284600F0FDFD002650
S214013590624FDFF8D091284600F090F9044648B90A
S2140135A000F0BEFD5E490246204603F0A7FD2FB09F
S2140135B0BDE8F08F39460020F2B203F09FFD2846A1
S2140135C016A900F0FFFD044620B15649002003F07D
S2140135D095FD8FE0BDF85820534903F08FFD49460D
S2140135E02046BDF85A2003F089FD2046BDF85C2030
S2140135F04E4903F083FD2046BDF85E204C4903F09A
S2140136007DFD2046BDF860204A4903F077FD20463F
S214013610199A494903F072FD2046BDF868204749CA
S21401362003F06CFD204646490DF16A0203F066FD83
S21401363044492046239A03F061FDBDF85C30D90762
S21401364005D520469DF890203F4903F057FDBDF86B
S2140136505C309A0714D500203C4903F069FDBDF89B
S2140136605830B3F5807F4FD1002020F0D8FF18B135
S2140136700DF1910003F0C4FC0020354903F03EFD36
S214013680BDF85C305B070BD50020BDF8B220314990
S21401369003F034FD0020BDF8B4202F4903F02EFDC1
S2140136A0062228460DF116030AA91FF03EFE04461F
S2140136B090BBBDF81620294903F020FDDFF8A8A02D
S2140136C0DFF8A8B00DF12808BDF81610A2B2914295
S2140136D010D9B8F800205146002003F00FFD013440
S2140136E0D8F804205946002003F008FD062C08F1FE
S2140136F00808E9D16C46204600F05AFD94E80F0010
S214013700013685E80F0046E70123202200200DF14F
S214013710910103F057FCAFE7114957E7C4EC0300EA
S21401372091EE0300CDEC0300F1EC030025ED030060
S2140137303EED030057ED030070ED030089ED030035
S214013740A2ED0300B7ED0300D3ED0300ECED03009B
S2140137503B030400FFED030018EE030031EE030007
S21401376064EE03000AED030042EE030052EE03008E
S2140137702DE9F04188B004AD044628468846002766
S21401378000F002FD6E46474507D195E80F0084E834
S2140137900F00204608B0BDE8F081304600F008FD75
S2140137A096E80F0085E80F00284600F087F80137F5
S2140137B00028E8D1014B0FCBE9E700BFC858040049
S2140137C01FB5D0E9023253F8223068461978FFF760
S2140137D0CFFF684600F07CFD48B1042809D1074AAE
S2140137E00020074903F08AFC05B05DF804FB054A92
S2140137F0F6E70020044903F081FCF5E733F80300FF
S214013800ACEE0300E3F10300B8E7030010B5D0E91E
S214013810023203EB8201496853F8223098B00C68F3
S21401382004A81978FFF7A4FF03AB402200932146B2
S21401383008AB04A800F0E2FC024628B100200E49BD
S21401384003F05CFC18B010BD039808A900F007044B
S2140138500122C0F3C70003F0FBFB039908A8091B6C
S2140138600144064801232246008803F0ABFB0448C6
S21401387003F0E4FBE6E700BFBCEE0300D0580020EF
S2140138803B030400F0B504460D460B4BEF880FCB07
S21401389084E80F00AB882E899B0741BFD5F8390015
S2140138A0D5F83D1004F1080303C3EA6820462780D3
S2140138B066806260F0BD00BF80560400102208B525
S2140138C0034908F0FFFA003818BF012008BD00BF01
S2140138D0C858040008B521F0BDFEC288FF21920831
S2140138E0012A38BF012202481FF0ADF8012008BDA9
S2140138F01C41002038B5134690B10120274A1070AC
S214013900274A00201160274A13600A46264903F019
S214013910F5FB02F043FB254B1870022002F044FB36
S21401392021F0B3FEE8B91D4D1D4C2B782BB921F0C3
S21401393091FE2268C368134423601A4B24681B68EF
S2140139409C4229D221F086FEC168204606F022F864
S214013950002402462C7050B921F097FEFFF7BAFFFB
S21401396003E0FFF7B7FF0028DDD0012038BD204671
S2140139700F4903F0C3FB0D4B187802F015FB00202E
S2140139800C4903F0BBFB00F091F908B900F0AEF961
S2140139902046FFF7B7F8E8E70124ECE7355F00209B
S2140139A01441002010410020E3EE0300345F0020A4
S2140139B00FEF03002FEF030038B500F04BFA044673
S2140139C000F042FA241A21F045FE054618B9B12145
S2140139D01B4827F06CF8AB8803F00303032B03D0D6
S2140139E0B221174827F063F800F02EFA05461FF0BB
S2140139F00FFD01238340013B2B4203D0B421104825
S214013A0027F055F81FF004FD01238340013B2342B4
S214013A1003D0B5210A4827F04AF805F091FD05467E
S214013A201FF0F6FC4FF48063B3FBF5F3C440A342EA
S214013A3005D2BDE83840BA21014827F038B838BD6C
S214013A4045EF0300FF2108B504481FF00DF8BDE857
S214013A500840002211461046FFF74CBF1C410020CB
S214013A60F7B504460E4600F089F8054621F0F2FD4A
S214013A70C3682B449C4220D31FF0CAFC2C44C4408C
S214013A80013C114F3B68DEB1A34219D1013400233A
S214013A90ADF8043000F0E4F9054605F051FD1035A7
S214013AA004FB005405F04CFD01A90246204605F032
S214013AB099FD1FF0BDFC386004E04FF0FF34E0E7ED
S214013AC0A342E4DB03B0F0BD106800204FF0FF32E4
S214013AD00A4B10B51A600022094B1A7000F0B4F9AF
S214013AE0044600F0B7F9214602460120FFF702FF1F
S214013AF000280CBF0120042010BD00BF1068002064
S214013B00365F002038B500F0D1F808B9002038BD7E
S214013B10094D0A4C2B7823B91FF08AFC012320603B
S214013B202B7024681FF074FC01348440EED000F042
S214013B3025F82044EBE700BF365F00201068002020
S214013B4070B50D4C2368002B01DA012070BD00F022
S214013B507BF9054621F07EFD2468C6681FF058FCF7
S214013B60013404FA00F1294401208A19FFF7C2FE44
S214013B700028EAD00420E9E710680020024B186804
S214013B800C301FF085BC00BF14680020FF2307B56A
S214013B900021044A04480093FBF78AFC03B05DF851
S214013BA004FB00BF453A01001C4100200E4B70B5D6
S214013BB01C680546036804F582641C440E46FFF73C
S214013BC0DDFF2B68834208D232681A44824208D944
S214013BD0C31A012033602C6070BD044A1268134476
S214013BE01C1A0020F7E700BF1468002018410020C7
S214013BF02DE9F04FB3F5803F87B00F469846019008
S214013C0003D3002007B0BDE8F08F03A904A8CDE9CF
S214013C100332FFF7CBFF0024824600F10109DFF8EB
S214013C2088B05FFA89F9019BDDE90356AAB27BB138
S214013C303046109921F015FD0028E2D1B9F1020FA6
S214013C402BD1DBF800300493019B03BB2F4421E00A
S214013C503946304605F0C6FC0028D2D1BAF1000F2D
S214013C60ECD0002CEDD105F06BFC2E44B6FBF0F346
S214013C7003FB10600028E4D005F062FC05A90246AB
S214013C803046059405F0AEFC0028DAD0B9E7109B63
S214013C902B441093A8EB05050395631C4B454FF089
S214013CA00104C0D32046ADE7184100207FB56B461E
S214013CB00C4A1068516803C390680C2218600A4BBE
S214013CC00DEB0201186821F0CCFC0C2268460DEBC6
S214013CD0020108F0F7F8B0FA80F0400907B05DF885
S214013CE004FB00BF90560400146800201FB5084A64
S214013CF001AB1068516803C3906801A91860054BB1
S214013D000C22186805F06EFC05B05DF804FB00BFD8
S214013D109056040014680020F7B5044615460E4672
S214013D2081B9072A03D80024204603B0F0BD0D4B05
S214013D3080791968E379063000EB03200C3180B2F4
S214013D401FF0B0FB002721462B4632463846009727
S214013D50FFF74EFF04460028E5D039467019FFF7F5
S214013D607FFEE1E714680020024B1868A0F50060AA
S214013D70704700BF2068002010B58AB0684606F07C
S214013D8015F810F0FF0027D1009BFBB1174C01A9D5
S214013D90206005F083FF10F0FF001DD12268009B14
S214013DA09A4204D34FF4DD71114826F080FE019B40
S214013DB0104A11491360029A13440B600F49A3F588
S214013DC000630A600E4A1360009B63B940F2CF118C
S214013DD0074826F06CFE06E0044A034612680020F7
S214013DE0084903F08BF90AB010BD00BF186800201F
S214013DF0F8EF0300184100201C680020206800200E
S214013E0014680020A0F0030008B5FFF7B5FF21F005
S214013E1021FC50B121F01EFC064B02691B689A4238
S214013E2003D2B321044826F042FEFFF7C5FD012068
S214013E3008BD00BF20680020F8EF0300014B18689A
S214013E40704700BF18680020014B1868704700BF14
S214013E5018410020014B1868704700BF1C680020FD
S214013E60014B1868704700BF1468002010B5FFF7B3
S214013E7049FE04462849002003F040F9002027495E
S214013E8003F03CF90020264903F038F900202549C3
S214013E9003F034F9244B00201A68244903F02EF964
S214013EA022462349002003F029F9FFF767FE21493E
S214013EB00246002003F022F91F4B00201A681F4912
S214013EC003F01CF91E4B1F4C1A6800201E4903F014
S214013ED015F9226800201D4903F010F94FF480629D
S214013EE000201B4903F00AF9226800201949103204
S214013EF003F004F92268002017490C3203F0FEF89B
S214013F0022680020154902F5826203F0F7F8BDE841
S214013F10104005F049BA00BF1FF103005CF1030031
S214013F207BF103009BF1030018680020C6F1030033
S214013F30E5F1030008F20300184100202BF203000C
S214013F401C680020146800204EF2030071F2030082
S214013F5094F20300B7F20300DAF20300FDF2030065
S214013F602DE9F04194B004460D460020482102AAEE
S214013F701FF0A9FA18B9534903F0C0F819E06022F6
S214013F800021204607F052FC04224F4902A807F000
S214013F9099FF90B16DB19DF80B30002001939DF80B
S214013FA00A309DF80820009348499DF8093003F02F
S214013FB0A5F8012014B0BDE8F081BDF80C20B2F5DB
S214013FC0807F228003D0424903F098F8F1E7BDF8DC
S214013FD01420BDF80E102281DDF816206180E26003
S214013FE00499BDF81A206160228284F8320007AD78
S214013FF004F112020FAE2B4603CBB34210605160A0
S2140140001D4602F10802F6D10F9B324A6363136024
S214014010314B10221846002107F008FCE288A388DD
S214014020028022894280E26842600BB90020C1E723
S21401403000263546A388D90709D536B105F15002C1
S2140140406A4412F8482C84F838200135EDB29A07F4
S21401405014D520881FF04DF907466EB102AB03EB6D
S21401406005080246414604F1390007F06FFD3A465D
S21401407041461A4807F06AFD2F44FDB2A3885B0744
S2140140800DD556B105F150036B4433F8482C33F87F
S214014090463CA4F85A20A4F85C300435EDB2002E54
S2140140A0C4D1482D02D930460D4965E72946382046
S2140140B002AA1FF008FA08B90A495DE73825012661
S2140140C0B8E700BF20F303009C56040052F3030038
S2140140D088F303003C410020404100204841002075
S2140140E0A3F30300F3F3030030B50B4C99B0257826
S2140140F06DB9FFF789FE68B129466846FFF730FFBC
S214014100B0FA80F0054B4009187001232370002097
S21401411019B030BD0120FBE7375F0020385F002073
S214014120014B1878704700BF385F002070B51E46F7
S214014130134B044618881D46884298B002D15B8806
S214014140934206D00F4B0FCB84E80F00204618B0E1
S21401415070BD96B100216846FFF702FF0028F1D135
S214014160BDF804305B0708D53388BDF85A209A425B
S214014170E8D8BDF85C209A42E4D395E80F00E3E75F
S21401418040410020C8580400064B10B51B78044671
S2140141902BB9054B0FCB84E80F00204610BD034B0F
S2140141A0F8E700BF385F0020C858040040410020EF
S2140141B010B50446024B0FCB84E80F00204610BD15
S2140141C0C85804000B4B10B51B78044608467BB153
S2140141D00021FFF7C5FE48B910222146064807F020
S2140141E071FE003818BF0120C0B210BD0120FBE7E8
S2140141F00120FAE7385F0020404100202DE9F04118
S2140142000E4690460E4910221F4607F05BFE0446F6
S21401421070B90C4B3A461D683046AD1B454528BF64
S214014220454629461FF04FF928B9074902F066FFAF
S2140142300120BDE8F081069B20461D60F9E700BF1E
S214014240404100203C410020F3F303000022024BD2
S2140142501A70FFF73BBC00BF385F00202DE9F04124
S2140142609CB00F4616468046FFF74CFC05460246B4
S2140142701549002002F042FF382D20D9012104A85B
S214014280FFF76EFE0446D0B9119B04A93B606F464A
S2140142903846FFF7F7FA97E80F0086E80F00119BFC
S2140142A0AB4297BF01210324084AC8F8003094BFE7
S2140142B01170C8F8005020461CB0BDE8F0810022FD
S2140142C0024B01241A70F6E725F40300385F00203C
S2140142D070B5084D00262B7853B1FFF7F7FB04465F
S2140142E01022002104482E7007F0A0FA204670BD67
S2140142F03446F5E7385F00204041002008B500202D
S214014300064902F0FBFE064B00201A78054902F02A
S214014310F5FEBDE80840FFF7A9BD00BF44F4030061
S214014320385F00206EF4030003460120024AC3E909
S214014330032000221A7070470100FEFF2DE9F041AC
S2140143400024264E264FDFF8A88088B000F0D4F966
S214014350A5B2854202D308B0BDE8F081284603A97C
S2140143601FF0E7F8A2B23146002002F0E1FE9DF808
S2140143700D2012B39DF81210BDF81030402914BF5D
S2140143806E2179210020CDE900313946BDF80E3085
S21401439002F0CEFEBDF814201AB10020114902F039
S2140143A0C7FE9DF80C00BDF8182070B9079B0E4992
S2140143B00093BDF81A3002F0BBFE00200B4902F054
S2140143C09DFE013426F080FBC0E7BDF81C30414657
S2140143D0009300209DF81A30EDE700BF87F4030034
S2140143E08DF40300B0F40300BAF403003B030400A9
S2140143F0E1F4030010B500F0ABFABDE81040034647
S214014400024A0020024902F079BE00BF09F5030006
S21401441040BD0300D0E9023253F8223010B51888A7
S21401442000F086FABDE810400346024A0020024921
S21401443002F064BE0FF5030040BD030010B5D0E9DD
S2140144400232002486B08DF8044053F8221003EBA4
S2140144508203097801A88DF805105A681288ADF80C
S21401446006209A681288ADF80820DA681278ADF846
S2140144700C40A24214BF402280228DF80A201A69FD
S2140144801288ADF810205A699B691288ADF812207F
S2140144901B68059300F0D0FB034A034603492046F8
S2140144A002F02CFE06B010BDABD3030040BD0300E6
S2140144B038B50024064D26F0F3FA45F824000634F4
S2140144C0C02CF8D10020BDE83840024902F016BEE3
S2140144D08010002016F5030030B5002087B0204973
S2140144E002F00CFE00201F4902F008FE00201E49C3
S2140144F002F004FE26F0D4FA00240546A0B201A973
S21401450001341FF016F8202CF8D126F0C9FA174905
S214014510421B002002F0F2FD1549002002F0EEFDDC
S21401452026F0BEFA0446012000F09EF826F0B8FAFE
S2140145300E49021B002002F0E1FD0E49002002F0A8
S214014540DDFD26F0ADFA04461EF0E4FF26F0A8FADB
S214014550021B0020054907B0BDE8304002F0CEBD81
S21401456042F5030071F50300A1F50300BEF5030053
S214014570CDF50300E7F5030010B50C4603F022FD68
S21401458008B9032C12D101F0FFF804280ED001F06F
S214014590FBF805280AD0064802F060FC1C2801D169
S2140145A01FF065FFBDE8104002F068BC10BD00BFFB
S2140145B01F3503002DE9F04F00274FF0FF36DFF8D7
S2140145C0A4B0264C87B0BBF80030B8B2834209D8F5
S2140145D0731C3BD03246FF21214807B0BDE8F04F9F
S2140145E01EF031BA01A91EF0A4FF9DF8050001F0E6
S2140145F001FFF8B19DF80480B8F1000F1AD1BDF89B
S21401460010A0BDF8129026F04BFA18210246BBB254
S2140146104B43E018E158007C4FF47A73A2EB010C8F
S21401462050B103FB0AF363450ED30B44981A864236
S21401463028BF06460137C6E74D466B43FAD06345A9
S214014640F5D31944881AF2E74046F0E7FF210448FB
S21401465007B0BDE8F04F1EF007BA00BF801000207B
S21401466050410020B65800202DE9F041014688B09F
S21401467058B1022810D01EF076FF78B3D22119481F
S21401468008B0BDE8F04126F012BAFF23164A1748D3
S2140146900093FAF70DFFEEE700244FF001082746D6
S2140146A0134EA5B2284603A98DF80D701EF041FFE2
S2140146B09DF80D0068B101F09DFE20B19DF80C300B
S2140146C00BB986F810800134202C06F11806E8D1C3
S2140146D02546084B1D80FFF76DFFCCE708B0BDE807
S2140146E0F08100BF07F603001D4A0100504100207B
S2140146F080100020B6580020014B1888704700BF74
S214014700B65800202DE9F04F634A077D89B004466C
S2140147106249002002F00CFD00201FF080FF20B14E
S2140147202368218A588803F09BFC00205C4902F02C
S214014730E5FC637DDFF87491002B236808BF082031
S2140147405988574B18BF00200093228A4FF009035F
S21401475014BF4FF080084FF0400802F02FFBA289EB
S214014760BB1C93420CDB1FF0F4FF034620B1002074
S2140147704C4A4D4902F0C2FC012009B0BDE8F08F59
S214014780A068791C89B2C55D1FF002FF0337012DB1
S2140147900646BFB213D82368324659885879238A09
S2140147A0009343461FF03EFB824600283ED18620FA
S2140147B002F0CCFB284602F0C9FB304668E08520B3
S2140147C0F6E703A91EF0B5FE9DF80C30AB4223D1E7
S2140147D023689DF80D105A7991421DD1BDF80E102F
S2140147E05A88914218D1BDF81020B24214D19DF8D2
S2140147F01220424510D1BDF81410228A91420BD1E5
S214014800002D38D0BDF81810E288914204D19DF8E9
S2140148101A201B799A422ED00BF1010BB9F8003001
S2140148205FFA8BF08342CCD88B20C1E74FF0000BA8
S214014830F4E79AF8020002F089FBBDF818001FF0B1
S2140148406AFEBDF81A001FF066FE9AF8020003F031
S21401485027FE002883D19AF8020001F09DFC054648
S214014860079E002D3FF47BAFF0B2013D02F06EFBD8
S214014870360AEDB2F5E7002002F068FB284602F0A2
S21401488065FB30461FF047FE012DD2D1BDF81C0056
S2140148901FF041FE63E700BF96F6030068EA0300D7
S2140148A03B030400A3F60300C0F60300B65800203D
S2140148B02DE9F04391B0694680461EF03AFE00238A
S2140148C0194F8DF801303888431E98B280453880DC
S2140148D009D1694640461EF034FE68461EF018FEB1
S2140148E011B0BDE8F0834FF0180905A91EF021FEAE
S2140148F00E4C3E880AAD09FB06460FCE0FC596E85C
S214014900030009FB084485E803000AAE404605A9F2
S2140149101EF017FE0FCE0FC495E8030084E80300CF
S21401492069463888D7E700BFB658002080100020B7
S21401493008B5064B1B88834205D9FFF7B9FFFFF779
S21401494039FE002008BD2720FCE700BFB65800202E
S21401495038B5074D2C882CB9FF2106481EF084F87F
S214014960204638BD601E80B2FFF7A2FFF2E700BF07
S214014970B6580020504100202DE9F3479A461823E7
S2140149809DF82890244FCDE9001203FB09731446C5
S214014990D3E902231FF0BCFF064620460D4603F06E
S2140149A07FFD04F0FD03382B80460FD1009432467C
S2140149B02B460021DAF810001EF0E6FDB8F1010FD3
S2140149C01BD135431ED102B0BDE8F087392CDAF889
S2140149D010300BD107EE906A07EE103AF4EEC77A64
S2140149E0F1EE10FAACBF01200020E7E79E4275F118
S2140149F000032CBF01200020E0E7B8F1000FE2D150
S214014A000028E0D0182303FB097701233B7402B08A
S214014A10BDE8F047FFF7CEBD801000202DE9F04F2E
S214014A2000252E46A846AA462C46DFF8BC91D1B0F2
S214014A30694BA8B21B88834209D81CB161882079CA
S214014A40FFF79AFDFFF7B6FD51B0BDE8F08F0BA951
S214014A501EF06FFD26F024F81823AFB27B4309EB56
S214014A60030B59F8033005909DF82D00049301F0CF
S214014A70C1FC002800F0AE809DF82C10002940F003
S214014A80A980DDE90432D01A4FF47A72BDF83830C5
S214014A905343834200F29E809BF8103043B9BDF821
S214014AA03A30002B00F096805343834200F2928006
S214014AB0FD230022CDE9013210AB00930DF119025E
S214014AC00DF11A03E9B20BA8EFF702FC002877D123
S214014AD0BDF81A30DA1C0493D2B214B33F4B9DF8DA
S214014AE02D101B8813442279914214D1BDF82E1043
S214014AF0628891420FD19DF83220B8EBD21F0AD1BD
S214014B00BDF83420524506D1B3424DDD002034496C
S214014B1002F0F4FA01E0B342F8DC61882079FFF78D
S214014B202BFD02F0E7F904469DF932002D4BC043F8
S214014B30C00F0093BDF834200A23BDF82E10C00024
S214014B409DF8328002F03AF99DF82D304FF0000BB7
S214014B5023714FF48A53FF26BDF834A04FEAD818C4
S214014B60E38007A95FFA8BF020F076F8C0B2B0B9FF
S214014B709DF81D109DF82D20914210D1BDF81E10F4
S214014B80BDF82E2091420AD122469DF829109DF8A3
S214014B901C001FF0E7FDB04228BF3046C6B20BF13D
S214014BA0010BBBF1200FDCD1BDF830001FF0B3FCC8
S214014BB09DF8190002F0CAF9049910A802F0DAF972
S214014BC0182300225F4309EB07031A7425F068FFD8
S214014BD049F8070001352BE7B6580020C0580020D9
S214014BE07FF703003B0304008010002070B500240B
S214014BF00126104D8AB02B88A0B2834204D80AB091
S214014C00BDE87040FFF7D6BC05A91EF092FC9DF8E2
S214014C10150001F0EFFB50B19DF814303BB91A4670
S214014C20CDE901360093E1B205A8EFF751FB013457
S214014C30E1E700BFB65800202DE9F0430389DFF80D
S214014C4058818BB0B8F80090009304468379828827
S214014C50418840781FF0E6F8002800F09580E78943
S214014C6027B1A389BB4200F291800027B8F8003033
S214014C70BDB2AB4214D84D4601264FF6FF73E2890A
S214014C809A4226D146B9B8F80030AB4202D9284636
S214014C90FFF70EFEFFF78EFC00200BB0BDE8F08399
S214014CA0284605A91EF045FC9DF814307BB92268FC
S214014CB0059B5340FF2B0AD86368069E5E4036F07C
S214014CC07F4604D1BDF81C2023899A42D5D00137EE
S214014CD0CCE7E2689A422BD0002E53D1D4E90323C5
S214014CE0CDE9082305A81EF013FC0028D5D1B8F895
S214014CF00030AB4204BF6B1CA8F8003025F0D0FE94
S214014D0018236B43234AE9B2D050D418002305A8D0
S214014D101A46CDE901330093EFF7DAFA18B100220B
S214014D200023C4E90223284605A91EF00AFCB1E7C0
S214014D30234605AA04F1100C17461868596808336B
S214014D4003C763453A46F7D11868386005A81EF0D0
S214014D50E2FB0028C0D01F2D1AD800238DF814308E
S214014D6063788DF815306388ADF81630A388ADF8F2
S214014D701830A3798DF81A302389ADF81C30002835
S214014D80B0D1ABE70020E6E7862086E7872084E7F8
S214014D90892082E780100020B65800202DE9F04FC8
S214014DA0B04A90F814908DB00446AF49002002F046
S214014DB0BFF900201FF033FC20B12368218A5888F0
S214014DC003F04EF90020A94902F098F9637DDFF857
S214014DD0B8A2002B14BF802340230293236808BF88
S214014DE008205988A14B18BF00200093228A072368
S214014DF001F0E4FF00230393A28909F1030595421C
S214014E0011DB039B13B9184602F0A0F81FF0A1FCB2
S214014E10034620B10020964A964902F06FF9012018
S214014E200DB0BDE8F08FA06809F1010189B210F854
S214014E3009601FF0ADFB3246804603468E490020CE
S214014E40ADB202F05BF98EB1012E00F08A808527A3
S214014E50384602F07BF8304602F078F840461FF0FC
S214014E605AFB852FD2D00123039376E0A06809F17F
S214014E700401A28989B2475D1FF08AFB09F1060188
S214014E80A289049089B2A0681FF082FB3A46059079
S214014E900090049B3046794902F030F909F108097F
S214014EA038461FFA89F503F0FBFA002857D1384631
S214014EB001F072F9294603468146A289A0681FF0CF
S214014EC058FB6F498346304602F032F9A1684A46DC
S214014ED029443346304602F075F83046634902F0FD
S214014EE00DF9A9441FFA89F523684246598858796D
S214014EF0238A0093029B1EF095FF18B18378BB426C
S214014F0040F0AC80483FFFB2092F05D840F211337C
S214014F10FB40DB0700F1A48000238DF81C302368DA
S214014F2007A85A798DF81D205B88ADF82080ADF86A
S214014F301E30029BCDF82CB08DF82230238AADF8B6
S214014F402430049BADF82830059BADF82A30FFF7D6
S214014F5073FE074600287FF47BAFA9464CE7B346AD
S214014F60C2E72946A289A0681FF012FB4FF0000B8A
S214014F70024607464349002002F0C0F809F1050938
S214014F80BAF800301FFA89F5BAF800201FFA8BF933
S214014F904A4503D81F2B31D9892759E7484607A91F
S214014FA004931EF0C6FA9DF81C20049B012A22D108
S214014FB022689DF81D00517988421CD1BDF81E005B
S214014FC05188884217D1BDF82010414513D19DF86C
S214014FD02210029881420ED1BDF82400218A88420F
S214014FE009D1BDF82800E188884204D19DF82A102D
S214014FF0127991421BD00BF1010BC5E701229946AC
S2140150008DF81C20226851798DF81D105188ADF855
S2140150102080ADF81E1002998DF82210218AADF875
S2140150202410E188ADF8281012798DF82A2007A8F7
S214015030ADF82C701EF06CFA074600287FF408AF16
S214015040BAF800304846994508BF09F1010307A997
S21401505008BFAAF800301EF074FA7EE78D27F7E63F
S2140150608C27F5E6AAF7030068EA03003B03040071
S2140150700BF80300C0F60300B2F70300CFF70300F6
S214015080F0F70300FBF70300B65800202DE9F04FB8
S214015090074688469146002589B09A46BDF848B02D
S2140150A09DF84C60149C224B1A88A8B2824235D9CE
S2140150B003A91EF03EFA9DF80C201D4BB2BB9DF8CD
S2140150C00D10B94232D1BDF80E1041452ED1BDF8B2
S2140150D0101049452AD19DF81210514526D1BDF828
S2140150E01410594522D13046029201F055F8A6F126
S2140150F04103012B01460AD820461FF04FFA0D4BFB
S2140151000D4A204484420CD10421029302ACEDB234
S21401511032462046009503ABFFF72EFC09B0BDE8EA
S214015120F08F14F8011F4B405343EBE70135BBE703
S214015130B6580020C59D1C81930100011FB50F4C78
S2140151402478C4B142EA03229DF818308DF8051080
S21401515042EA43220A4BADF80C201A78094B8DF827
S2140151600610079903EB021300908DF80400DB6824
S21401517068460291984704B010BD00BF395F002011
S2140151803B5F00207041002073B51A4DFF211A487D
S2140151901DF06AFC2B7853B3184C194E237818016E
S2140151A006EB03131A7A5968305C1FF0D9FD4D28B7
S2140151B01DD0E0B1012300212278CDE90031120192
S2140151C0B25CC0B2FFF7BAFF0A2223780A4801335D
S2140151D0DBB2B3FBF2F102FB1133FF2123702B7814
S2140151E0013B2B7002B0BDE870401DF035BC02B02B
S2140151F070BD00BF395F0020104200203B5F0020D9
S21401520070410020F8B5104F3E780A2E1AD00FC80C
S214015210DFF840C00D4D9CF80040013605EB041543
S21401522085E80F000A230134E4B2B4FBF3F203FB72
S21401523012440748FF218CF800403E701DF00CFC1C
S2140152400020F8BD0120FCE7395F002070410020F6
S214015250104200203A5F00200021024A0248FAF775
S2140152605DB900BF8951010010420020002337B507
S2140152700C46124D12492A78CDE9003312018A5C98
S21401528001230146E0B2FFF759FFA4B90D490A7898
S2140152908AB10A202B78013A0133DBB2B3FBF0F472
S2140152A00A70FF2100FB143307482B7003B0BDE8DA
S2140152B030401DF0D1BB03B030BD00BF3B5F0020C6
S2140152C070410020395F00201042002008B500F030
S2140152D0BDF850B1054B064A0649052808BF1A46CF
S2140152E0BDE80840002001F009BF08BD1FF8030013
S2140152F03B03040040F8030008B503201FF04AFDF5
S21401530010B90122014B1A7008BD00BF3C5F002096
S2140153100022024B18781A70704700BF3C5F0020CD
S2140153200246FF2101481DF08EBB00BF304200201F
S214015330114B37B51D78C5B9FF2110481DF094FBF8
S214015340FFF7DAFF044600900D4B28460D4A0E493A
S21401535001F0D4FE4CB10D4B1B78DB0605D5284673
S2140153601FF0F2FC20461DF044FF094B186803B0FD
S214015370BDE83040FFF7D4BF3C5F0020304200203C
S2140153805DF803008BF803004AD003002A5F002073
S21401539024680020FF2101481DF066BB3042002032
S2140153A070B51A4E054633780C466BB30020184A82
S2140153B0184901F0BDFE032C01D0652C20D11649F9
S2140153C0002001F0B5FE22460020144901F096FEA9
S2140153D00020134901F0ACFE0123294608220020D3
S2140153E001F0F0FD00200F4901F088FE032C88BF74
S2140153F00023204688BF3370BDE87040FCF7BEB876
S214015400012CE0D00849DBE770BD00BF3C5F0020FF
S2140154108BF8030034D403009EF80300EBDA030094
S214015420BCF803003B030400B4F80300014B18600A
S214015430704700BF246800200021024A0248FAF79C
S2140154406DB800BF3153010030420020054B10B546
S2140154501C782CB90448FF211DF0FEFA204610BD29
S2140154600520FCE73C5F002030420020F8B5002410
S214015470074B084E1D68084FE3B29D4204F1010434
S21401548000D8F8BD394656F823001CF0A4FCF3E713
S2140154909C740400A0740400F068002010B5044C4D
S2140154A023780BB11FF066FC0123237010BD00BFEB
S2140154B04A6C00202DE9F743254B0D461646044657
S2140154C0019350B14AB1042301AA12F8011BA94263
S2140154D035D0013B13F0FF03F7D1212003B0BDE81F
S2140154E0F08317F8010F90FAA0F0000E1CF0AFFE43
S2140154F0014608EB07039945F3DCCAB2C1F30F2353
S21401550092FAA2F293FAA3F3120E1B0E03EB0223F6
S214015510DB43621912F8020C99B2DBB298420CD145
S21401552012F8013CB3EB112F07D13246214628462B
S21401553003B0BDE8F0431FF085BB2320CEE74FF64E
S214015540FF71671EA5F10209C4F10108D1E700BF8A
S214015550080A0E12014B1870704700BF3D5F00200D
S214015560024B1A6818608260704700BF28680020E6
S214015570024B186800B14068704700BF28680020D9
S21401558070B5044600250A4B1B687BB100211E88B6
S21401559007E05A6802EB0110013145B9021B55427A
S2140155A055418AB29642F4D89B68EEE7184670BD1C
S2140155B0286800202DE9F04F1E46002393B0022EE6
S2140155C0074688461446DDF870909DF874A0ADF83D
S2140155D01A3040F2C08099F800305A0729D5042EB7
S2140155E040F2B98099F804B000255F4B33F83520B6
S2140155F0002A00F0B68001350A2DF7D1209B002B3A
S21401560040F0AD80FF250023207908AA0DF119018D
S2140156108DF819301EF050FF70B1BDF82C309DF892
S214015620190023801EF0CAFF0790C0B113B0BDE871
S214015630F08F99F802B0D7E720791EF06EFC0B28A0
S214015640059000F28A8020791EF0C9FF0790002895
S214015650ECD1464A059B02EB03135B8823804FF689
S214015660FF73002F08BF434662880021CDE900235F
S21401567058465246238802F0FDFD18B1E38843F0F0
S2140156802003E380209B07A90DA8CDE90D34CDF8B2
S2140156903C90ADF84080ADF842608DF844708DF8CE
S2140156A045A01EF01CFF08B10798BFE7484602F068
S2140156B025FDA01D02F010FD2246414638461FF08A
S2140156C051F8B04227D3E3882246C3F30E03E380A2
S2140156D09DF87C3041460393BDF8783038460293F6
S2140156E00DF11A03CDE90093F3B21EF089F9209B60
S2140156F0079003B3F8B9BDF81A2042B1092D06D8B0
S2140157001B4B03EBC5018A80209A43F835201120F4
S214015710FAF7CCFB1CE0BAF1000F0AD10DF11A031F
S214015720CDE9006322464B4641463846FAF7D2FF9A
S214015730DDE73820DBE7052807D1E388DB0607D558
S214015740002301200793FFF705FF079B002BDED000
S2140157501EF039FFA8E7012068E7212066E71C2034
S21401576064E7EDB24FE700BF58420020C442002074
S214015770544200204FF6FF72024B1A805A809A80DC
S214015780704700BFB858002010B5044C2379FF2B92
S21401579002D11FF01DFB2071207910BDB8580020E2
S2140157A010B50C4C2379FF2B08D100201EF006FF04
S2140157B020B91FF00DFB20711EF005FF207902288D
S2140157C005D00438012894BF0020012010BD002018
S2140157D0FCE700BFB85800204FF6FF7310B5044C25
S2140157E022889A4202D11FF0E9FA2080208810BD53
S2140157F0B858002010B5FFF7BDFF40F61D4398428C
S214015800044607D8B0F5416F05D2182826D81528C2
S21401581048D829D010BDA0F541630D2BFAD801A2B6
S21401582052F823F069580100695801001558010023
S21401583015580100155801001558010015580100AA
S21401584015580100B9580100CB58010065580100F0
S21401585065580100655801006558010040F6064389
S2140158609842D7D11C4920E0FFF7B6FF1B490246F4
S214015870002001F043FC152C05D11FF089FABDE884
S21401588010401EF035BE164B164A1749B4F5416F47
S21401589008BF1A46002001F031FC1EF028FE1EF05B
S2140158A027FEECE71628DDD11049002001F026FC82
S2140158B0BDE810401EF03EBF1EF089F9BDE810405D
S2140158C002460B49002001F019BC0020BDE810403B
S2140158D0084901F013BC00BF1B000400C8FF030009
S2140158E03B030400C3FF0300E4FF030004000400BD
S2140158F0300004005800040007B5094A0346108822
S21401590031B9084A084903B05DF804EB01F010BC50
S2140159100091064A064901F00BFC03B05DF804FB52
S214015920D058002047CB030078000400EBCB0300DF
S2140159304AD003000D4B37B51B68044693B11D785A
S2140159400389012D08BF02250093C37A084A002067
S214015950084901F0D3FB2146284603B0BDE8304094
S2140159601FF0EEB9022003B030BD00BF9043002007
S214015970ED0004009C000400002010B51EF01EFE81
S2140159800D4B1B6863B15A78052A03D862B105240A
S21401599002220AE0FF2AFAD00020084901F0AEFBF5
S2140159A0BDE810401EF00FBE144610461FF024FA44
S2140159B020461FF01FFAF3E790430020F200040090
S2140159C013B5134C00201EF0F9FDFFF7D3FE236834
S2140159D09BB101A81EF0EEF878B923681A789DF8F5
S2140159E004309A4209D0D91E032906D9D11E0129AD
S2140159F003D9012A07D1022B05D1032301A8ADF84B
S214015A0004301FF0A3F902B0BDE810401EF0DBBD64
S214015A109043002000231946034A01330A2B918044
S214015A2042F8081BF9D17047544200207FB50E4654
S214015A3005461FF08DF92A46044603460D49002007
S214015A4001F05CFB96B10C4B36211A889B78ADF8B9
S214015A500C208DF80E300323002200934FF6FC70C5
S214015A6003AB8DF80D501FF0C7F80446204604B06E
S214015A7070BD00BF13010400D8580400FF2810B5FC
S214015A800C4604D10020044901F038FBFE202146D3
S214015A90BDE81040FFF7CABF2C010400F8B51E464A
S214015AA00B8807460C461546002B64D14A88B1F987
S214015AB0021000200029B8BF6B78304901F01EFBA8
S214015AC06288132A1DD002F5FF437F339BB2052B54
S214015AD023D8A2F50042013A052A1ED8DFE802F0D3
S214015AE0193F1D033C09264A2649002001F006FB02
S214015AF013E0254A2349002001F01AFB2A7923499D
S214015B00F3E7022E94BF4FF6FF72B5F80120204945
S214015B10EBE700201F4901F0F1FA33462A462146F9
S214015B20384620F05FF870B933462A462146384693
S214015B3020F05AF848F2210362889A4203D1384687
S214015B4069781EF0C2FC6388B3F5004F02D90820BD
S214015B50FAF7C6F90120F8BD2A790F49C5E70F4AB9
S214015B600849002001F0E4FA032E94BF4FF6FF72B5
S214015B706A880B49B9E70020EDE700BF670104001A
S214015B808F01040096010400A7010400AD01040082
S214015B90BB010400D3010400ED0104000F02040060
S214015BA0140204002DE9F04116888AB0DFF88C80D3
S214015BB0ADF80E300DF10E03C8F80020154600931F
S214015BC0324610AB07460C46FAF716FE90BB109B02
S214015BD08DF824000693BDF80E3004A8ADF81C30ED
S214015BE0AB898DF81070ADF820306B890594ADF84F
S214015BF01E60ADF822301EF070FCD8B92146304642
S214015C00BDF80E30109A01F0C9FF98B9214630460A
S214015C10BDF80E30109AFFF741FF58B9CDE9006084
S214015C2039462046BDF80E30109A02F049FB08B9F5
S214015C30C8F800000AB0BDE8F08100BF504200205D
S214015C40F0B585B004AB03E9030000231C469DF8BC
S214015C500D609DF80E70154AD9B202EBC100456879
S214015C60EDB99DF80C30284600939DF80A209DF862
S214015C700B300F4901F05CFA26B1324628460D4931
S214015C8001F056FA0C4A0020002C18BF2246BDF837
S214015C9008300A4905B0BDE8F04001F02FBA12F805
S214015CA031100133B94208BF2C46D5E780580400AD
S214015CB02602040037020400B6CA03003B020400B1
S214015CC04FF6FF7310B5084C88B062889A4207D128
S214015CD002A90DF107001DF06BFFBDF810306380BF
S214015CE0608808B010BD00BFB85800202DE9F04FFD
S214015CF085B0894692461C460746BDF83850BDF821
S214015D003C80109E002833D00346464A0020464970
S214015D1001F00EFA2388002B76D040F20912934246
S214015D2074D0424A4249B3F5827F08BF0A46CDF88D
S214015D3004806188002000913E4901F0F9F923882A
S214015D4093B1B8F1020F0FD933783B4913F0010F25
S214015D503A4A18BF0A4659074FF000004CBF33793C
S214015D60B378374901F0E4F90020364901F0C6F965
S214015D700023354931F83320AA4249D1334A52F833
S214015D8033B0002331F83300DA00A84246D10020B0
S214015D902E490A44908041F8330047B9238833B925
S214015DA0B4F90230002B02DB0820FAF77FF8012055
S214015DB0FAF796F89EB13578EB0710D515F0040082
S214015DC004D04246012130461EF0E2FBCDE90170C7
S214015DD0434622465146484600961EF0FBF8BBF164
S214015DE0000F06D04346224651464846CDE9006795
S214015DF0D8474346224651464846CDE900671DF03E
S214015E00AFFD05B0BDE8F08F114A90E7114A8EE765
S214015E1001330A2BAED14FF0000BB2E701330A2B48
S214015E20B0D1BAE7F3C1030062020400B7CA0300A7
S214015E305002040070020400530204005B020400D6
S214015E40A10204003B0304005842002054420020F3
S214015E50490204004D0204000D4BF0B54FF00C0C46
S214015E601F88054600230B4EDCB2BC4201D300203E
S214015E70F0BD0CFB04F43019345DAC4205D1448806
S214015E808C4202D104799442F2D00133ECE700BF90
S214015E90EA6B00203868002073B501262B4D2C4C88
S214015EA02A462046FF2300210096F9F701FB2A46E1
S214015EB02046FF2300210096F9F7FAFA2A462046E3
S214015EC0FF2300210096F9F7F3FA2A462046FF231E
S214015ED000210096F9F7ECFA2A462046FF23002116
S214015EE00096F9F7E5FA2A462046FF230021009698
S214015EF0F9F7DEFA2A462046FF2300210096F9F735
S214015F00D7FA2A462046FF2300210096F9F7D0FA51
S214015F102A462046FF2300210096F9F7C9FA2A46A9
S214015F202046FF2300210096F9F7C2FA2A462046AA
S214015F30FF2300210096F9F7BBFAFF232A4600212A
S214015F4020460096F9F7B4FA02B070BD8F3203000E
S214015F50A44200202DE9F84300244FF00C090C4B15
S214015F600C4F1E78DFF830803A88E5B2954202D3AE
S214015F703046BDE8F88309FB0585FF21A8681CF0BB
S214015F8081FD18B9AB799E4238BF1E460134EBE756
S214015F903E5F0020EA6B002038680020014B18782D
S214015FA0704700BF3E5F0020014B1870704700BF6E
S214015FB03E5F0020F8B506460C461EF07BFA054605
S214015FC0C8B930461DF0A9FF0B2815D80B4B03EBBB
S214015FD000131F7B87B95A88012122809A88304690
S214015FE062809B79237100F037FA3946607130463A
S214015FF000F032FAA07101252846F8BDC4420020FF
S21401600070B504460E4615461DF087FF0B2802D9CB
S2140160104FF6FF7070BD094B03EB00131A7B002A85
S214016020F6D146B901222946204600F03DFA00285D
S214016030EED00088EEE7012EEAD1F4E7C442002054
S214016040FF2313B50DF1070104468DF807301EF046
S2140160502FFA18B19DF8070002B010BD074B03EBED
S21401606004131B7B0BB1FF20F6E7204600F03AF93C
S2140160700028F8D0204600F0E9F9EDE7C4420020F8
S21401608013B5F6F70BFA0446F6F70EFA2246034660
S2140160901249002001F032F800F084FFFFF7BAFC45
S2140160A000F0A6F80221084602F046FDFFF764FC60
S2140160B041F249001EF0B2FE4FF0FF130093FF239A
S2140160C068468DF804301EF08FFE4FF400401EF037
S2140160D06DFE00201EF08AFE02B010BDF002040024
S2140160E038B505461EF006FA90B928461EF0B2FDF0
S2140160F0044628B140F60443984214BF88248D24F0
S21401610023462A460020034900F0F8FF204638BD02
S2140161108D24FBE7080304002DE9FF4705460E46DC
S21401612017469846BDF83090DDF834A0BDF83840E3
S214016130CDF80090CDE9014AE4B2FFF7D7FD43461A
S2140161403A4631462846CDE90094CDF808A01FF01E
S21401615012FDFF21034B044A044804B0BDE8F04792
S21401616000F01ABEC4580020C05800201661002056
S214016170044B01461888102240F0404040F480103D
S214016180F6F79CBFD6550400024B18685968FFF70E
S21401619057BD00BF829904000123064AD15C8142A3
S2140161A002D1054AD05C704702335F2BF6D100203E
S2140161B0704700BFDA580400DB58040070B50022AF
S2140161C00446094B1D78094BD0B2854201D8FF2001
S2140161D070BD1E78A64204D10029F9D05E7BF60771
S2140161E0F6D401321033EFE73F5F0020C4420020AF
S2140161F02DE9F04198B06B46304A1068516803C3E8
S21401620090680CAA18602E4B14469C4603F118069B
S214016210154618685968083303C5B3422A46F7D1AC
S21401622012AA1746274B03F118061546186859682F
S214016230083303C5B3422A46F7D1234A03AB106895
S21401624051684FF0010E03C3906871681860DCF85E
S2140162503000002206AB03C30C21EC46B068CDE942
S21401626009221860194BDFF86C801970184B0DEB7A
S21401627001060B9206AD09A91CF8010B0132187034
S21401628034F8020B0C2A588037F8020B83F80DE01D
S214016290988016F8010B03F1100303F80A0C15F8A1
S2140162A0010B08EBC00043F8080C11F8010B03F8CA
S2140162B0040CE1D118B0BDE8F08100BF2203040050
S2140162C04A5C0400625C04002F0304003F5F002068
S2140162D0C442002044590400014B1878704700BF9F
S2140162E03F5F0020034B03EB0013587B00F00100D7
S2140162F0704700BFC4420020F0B504460846D9B135
S21401630000220E4B11461F780D4B1D46D6B2B742E2
S21401631001D8002010E01E78A64206D09E68F688B6
S214016320314489B201321033F0E75E7BF607F9D5C6
S21401633005EB02150180A868F0BD00BF3F5F002095
S214016340C44200202DE9F347894690461D4607467C
S21401635018B9002002B0BDE8F0870029F9D0002A5C
S214016360F7D0002BF5D0002400780DF10601ADF82A
S2140163700640FFF7C1FF0028EBD039460DF10602B3
S214016380BDF806601DF0BEFC07460028E1D00DF101
S2140163900602BDF806A01DF0DCFC0028D9D0C9F81D
S2140163A00070C8F80000037913F0200219D1DB064B
S2140163B014D4BDF806300C4A564413FA86F612FA7F
S2140163C086F20BE01A790C33920642BF13F8092CB9
S2140163D0891889B29842F5D8044A0A4401202A60ED
S2140163E0B8E72146024BF5E762600020405F0020D7
S2140163F0845B040008B50021FFF7E0FEFF2817BF05
S214016400044B084603EB0013587B18BF00F001004D
S21401641008BD00BFC44200202DE9F0410D461646D6
S2140164201F461DF07AFD0B280AD8074C3B4604EBA5
S214016430001032462946BDE8F04180681DF03ABD9D
S2140164400020BDE8F08100BFC4420020014B0001DE
S214016450185C7047C442002070B50C461DF05DFD07
S2140164600B281BD80F4B03EB00139A68C2B100230D
S214016470142618461579D9B28D4200D870BD116818
S21401648006FB0311097B34B911F0800F1CBF0130E4
S214016490C0B20133EFE711F0400FF7E70020EDE758
S2140164A01046EBE7C4420020F8B50D4616461DF02F
S2140164B034FD0B280BD80F4B4FF0140C03EB0013D5
S2140164C09A6800231C461779D9B28F4201D800205A
S2140164D0F8BD10680CFB0300017B46B911F0800F74
S2140164E003D0AC42F4D00134E4B20133ECE711F04E
S2140164F0400FF5E7C44200202DE9F04F0646002480
S2140165003A4B87B01B783A4F0093009B9C4207D2C8
S214016510FF2E08D030461DF000FD0B28044606D994
S21401652007B0BDE8F08F07EB04131B7B2BBB2301E1
S2140165304FF00008019307EB041A14E014221B68BD
S21401654002FB05352B89B3F5967F01D924F0BCFAF9
S2140165504FF000094FF00C0B29891FFA89F291427E
S2140165600ED808F10108019B5FFA88F5FB189B68B5
S2140165701A79AA42E2D8FF2ED2D10134E4B2C4E796
S2140165801FFA89F00BFB00F06B6819180A7912F0F4
S214016590100F23D19AF800E012F0400F8DF80CE0AE
S2140165A0B5F800E0185AADF80EE00CBF4FF0400EFB
S2140165B04FF0800EADF8120028468DF810E01DF061
S2140165C06DFB5307ADF81400C8780AD50228896810
S2140165D000D90968002203A81DF03CFC09F1010955
S2140165E0BAE702288CBF89680831F3E73F5F0020CD
S2140165F0C4420020052370B5094A06881488B442AF
S21401660008D19578047B2C403F2C03D90D4201D04C
S214016610506870BD013B02F10802EFD11846F8E759
S214016620F45B040070B50024074D084E2B78E0B2E9
S214016630834200D870BD06EB0010437BDB0701D513
S2140166401DF04AFD0134F1E73F5F0020C4420020FF
S214016650F8B50C4600210546FFF7B0FDFF2829D006
S214016660154A060102EB00135B7B03F001016CB1D6
S21401667043F001031644A142737305D0C4B100B2BE
S21401668002EB00101DF028FD0120F8BD2346F1E7BE
S2140166907B4311682846CA18127BC95AD2091DF0D5
S2140166A087F90134B268E3B211799942F0D8EBE781
S2140166B01427F7E70846E8E7C4420020F0B59446F9
S2140166C0497D20B339B3012918BF042100254FF6AF
S2140166D0FF702F462A46144E3488644511D196F829
S2140166E003E01EEA010F0CD0B4789C4209D30AB12C
S2140166F0BC4206D81EF0100F03D08AB1BC420CD3A0
S21401670070B90135072D06F10406E5D1F0BD002963
S21401671008BF0821D8E70221D8E727460020F0E77E
S21401672027460122FAE700BFD85B04002DE9F04FA7
S2140167300A9FBDF824E09DF82C809DF830904C7D92
S21401674078B394B3012C18BF04240025194800F12E
S2140167501C0C068896421ED190F803B01BEA040F63
S21401676019D08678464516D31BF0100F91F80FA066
S21401677004D0BAF1000F0ED0B1F810A0BAF1000F94
S21401678009D1A94513D0AE4511D95E553E880135CC
S21401679001363E80ADB204306045DAD10120BDE855
S2140167A0F08F002C08BF0824CDE70224CDE7002097
S2140167B0F5E700BFD85B04002DE9F04F0024B1F5E2
S2140167C07C4F0E4638BF4FF0010BA246A1464FF64E
S2140167D0FF781F4628BF274B85B028BFB3F800B007
S2140167E0009001925C4503D3404605B0BDE8F08FAA
S2140167F0B6F57C4F0CD3204B3A4603EB8403314667
S2140168005B880098FFF708FE054680B300232AE060
S2140168103A46314600981DF0B0FBF5E70C229CB2D3
S21401682054436A680199105B02EB040C884219D341
S214016830B9F1000F01D0504514D861462846CDE97C
S21401684002321DF02BFA029B60B1039A125BB9F17A
S214016850000F03D0524501D3804503D992468046A6
S2140168604FF0010901332A899CB2A242D6D80134DD
S214016870A4B2B7E73A5904003C5904002DE9F04F99
S21401688091461A4600238BB08DF82020BDF8502083
S2140168908DF81C00ADF81E10ADF8242005460F46F5
S2140168A01A4604A907A8159C9DF858609DF85CA097
S2140168B09DF860B09DF864800493ADF822901DF0B9
S2140168C075FA049850B92B46CDE90079644A6549B2
S2140168D000F014FC86200BB0BDE8F08FBAF1000F73
S2140168E014D18378B34206D050465D4A5E4900F023
S2140168F005FC8D20EFE7037913F0010306D1184656
S214016900574A5A4900F0FAFB8820E4E703795B0707
S2140169102CD583685A689B680592069380781DF08B
S214016920D9FF049B0546DF782146022F03463A46E7
S21401693010D805A81DF08AFF81462B463A46214607
S21401694006A81DF083FFB9F1010F01D001300DD16A
S2140169508720C0E705981DF079FF0128F8D02B465F
S2140169603A46214606981DF071FFEFE7BBF1000F8E
S2140169706FD1049F4FF6FF722146B8781DF02CF9AF
S21401698000286BD0BDF82430C5B20093CDE902547F
S2140169909DF82030BDF82220BDF81E109DF81C0081
S2140169A001961DF096FD002895D1BDF82430CDE95D
S2140169B002540093BDF822209DF82030BDF81E1029
S2140169C09DF81C0001961DF061FB002883D121462D
S2140169D09DF8682007A81DF03DFA00287FF47BAFDC
S2140169E0B8F1000F07D03B462046BDF81E209DF8A3
S2140169F01C101DF0D2FABDF82430BDF82220BDF8D7
S214016A001E109DF81C000093CDE901649DF820300E
S214016A10FEF73CFBBDF82430BDF82220BDF81E1061
S214016A209DF81C000093CDE902549DF82030019694
S214016A301DF04EFDBDF82430BDF822200093BDF8B0
S214016A401E109DF820309DF81C001DF0F7FA00205E
S214016A5041E70020064900F051FBF8E701203AE73C
S214016A603C03040048030400740304008803040084
S214016A709C0304007FB500258DF80830BDF8203052
S214016A808DF80400ADF80610ADF80A20ADF80C300C
S214016A906946BDF82830099A01A80B9E00951DF09D
S214016AA085F9044630B916B1009B9B7833702046B1
S214016AB004B070BD8928FAD12846024900F01EFBB1
S214016AC0F5E700BFB90304002DE9F04F4FF0000AC7
S214016AD0C7B0FFF701FC5FFA8AF6B04202D847B0AA
S214016AE0BDE8F08F5B4B36019A5D00205A4900F0F5
S214016AF005FB0020594900F001FB00230593554B87
S214016B009DF8144033449B681A79A24202D80AF1D0
S214016B10010ADEE714224FF000091B6802FB043469
S214016B2022891FFA89F39A4202D8059B0133E5E7C9
S214016B300C231FFA89F803FB08F8D4F804B023F0F5
S214016B40C3FF0BEB08052B79454913F0400F3BF8C3
S214016B50083022884FF000000093424B18BF0B46C6
S214016B60414900F0E5FA294620461DF097F8074608
S214016B7000283CD13D4900F0DBFA2979DFF814C141
S214016B8011F0010F3A4818BF604611F0020FAA78BB
S214016B90EB7832D1DFF800C111F0100F354918BF7C
S214016BA06146CDE900010020334900F0C1FA2B7996
S214016BB03BF8082013F0400F4FF0000B4FF0FD0399
S214016BC00DF118082188CDE9023BCDE9007821486E
S214016BD00CBF40238023805DFFF74CFF86280ED133
S214016BE02649002000F08AFA09F1010998E70246D1
S214016BF02349002000F09CFABFE72249D1E7A87894
S214016C001DF03CF8D8B140461DF0C8FC421C92B2BB
S214016C1001234146002000F0D5F93946208801F0CD
S214016C2001FA4FF6FF73984207D0174B174903EB4B
S214016C30C0035A68002000F061FA1549D1E7A87828
S214016C401DF022F820B140461DF0ADFC821CDEE7A7
S214016C50EA78DDE7C44200200B04040019040400AE
S214016C60E3030400E8030400590404009CF5030050
S214016C70F0030400F30304006D0404008904040017
S214016C802A090400FB030400C45C040076D4030054
S214016C903B030400ED030400030404002DE9F04F58
S214016CA0C7B0BDF844A10646BAF1040F0D46144616
S214016CB01F46BDF840B163D9CDE9013B00920B46B2
S214016CC002463049002000F019FAFD230DF117099C
S214016CD00DF118083046029322463B462946CDE977
S214016CE000B8CDF80C90FFF7C5FE0646B8B9FD22F0
S214016CF0414699F800001CF06FFF0746C0B1AAF1A3
S214016D000403834238BF892620461DF004FC8EB159
S214016D10304600F01BF9304647B0BDE8F08F0090D2
S214016D2023462A460020184900F0E8F90027EBE739
S214016D308926E9E7DFF85CA0BA1CBAF80030C3F18F
S214016D40FF039A4219DA304600F000F999F800007C
S214016D5000F0FCF8BAF800900C483A464146484420
S214016D60B94404F0F3FEAAF8009023462A463046BA
S214016D700749009700F0C2F9CDE7892000F0E6F850
S214016D808926C8E795040400D00404001661002093
S214016D90F7040400C058002010B5044C20600448D5
S214016DA0018004490A60044A136010BD8C43002028
S214016DB0BE580020884300208443002030B587B0A9
S214016DC00AAC0D4654F8041B0093CDE90114134692
S214016DD00949024609480988006805941DF09DFA8C
S214016DE04FF48A52064B1B681880064B1B685D8061
S214016DF0DA8007B030BD00BFBE5800208C430020AB
S214016E00884300208443002008B410B587B009AB3E
S214016E100C4653F8041B0092CDE9011302460B49B8
S214016E200B4805930988002300681DF076FA4FF495
S214016E308A52084B1B681880074B1B685C80DA80F7
S214016E4007B0BDE8104001B0704700BFBE58002033
S214016E508C4300208843002084430020044A0346D4
S214016E6011680448044A0988126800681CF02EBD9F
S214016E7088430020844300208C430020044B054AAD
S214016E801B6812681988044B18681CF092BC00BF76
S214016E90884300208C4300208443002007B5074B1D
S214016EA01B681B880192064A12680092054A1268FE
S214016EB01CF0E0FC03B05DF804FB00BF8843002033
S214016EC08C430020844300201FB51446064A1268EE
S214016ED01288CDE901430091044B05491B680968F6
S214016EE01CF0A4FC04B010BD884300208C43002095
S214016EF084430020014B1868704700BF844300207C
S214016F00024B1B6818715971704700BF84430020FB
S214016F1010B50024084B1C70FEF75EFC074BFF22E1
S214016F2018802146064804F081FC064B1C80064B5F
S214016F301C605C609C6010BD20620020C25800206E
S214016F4016610020C0580020C458002007490B884D
S214016F50FE2B9FBF064AD054581C80B29DBF0880A6
S214016F6000F1FF3080180020704700BFC058002095
S214016F7016610020F8B5094F0D463B885C18FE2CBB
S214016F800ADC074E0A46A4B20146F01804F0A0FC3B
S214016F903C80641BA019F8BD0020FCE7C058002007
S214016FA016610020024B034A00201A60704700BF9A
S214016FB09043002040590400014B1878704700BFE9
S214016FC0C442002030B4044D044C002B0CBF2B46A9
S214016FD0234630BC1DF00BBBE3C20300CA05040008
S214016FE070B5054608460C461DF0D8FA611C0246E7
S214016FF0024B2846BDE870401DF0F9BAE90C0400C2
S21401700000B5037889B0069343783E2205938378CA
S21401701008490493C3780393037902934379019350
S21401702083790093C3790448008800F081F809B099
S2140170305DF804FB25050400D0580020024B0246EB
S2140170400249188800F05AB8D05800204FC90300EA
S2140170502DE9F04705460E4617460024DFF8448022
S214017060DFF844A0DFF84490AC4201D1BDE8F087D8
S214017070B8F8000006EBC401534608221DF0B7FA23
S2140170800134B8F800003FB9044AA54208BF4A4691
S214017090034900F04DF8E7E74A46F9E73B030400E9
S2140170A04EC90300D0580020CA05040017B20300D9
S2140170B02DE9F0410E4E044630881DF0B0FAA8B115
S2140170C000250C4FDFF83080E3070AD518B9414692
S2140170D0308800F02DF830882A46394600F028F826
S2140170E0002001351B2D4FEA5404EDD1BDE8F08197
S2140170F0D0580020E2F103006D0204000EB417B56B
S21401710005A9044651F8040B019103F091FA0121F7
S2140171100220054AF8F7ECFC044B1C8003B0BDE8DE
S214017120104003B0704700BF3B030400D058002056
S2140171300EB417B505A9044651F8040B019103F0E6
S21401714077FA034B1C8003B0BDE8104003B07047CC
S214017150D058002013B503680446587900F032FF72
S21401716090B923685A88032A0ED0E17C5B79CDE971
S21401717000211649164AFFF7C1FF012120461DF0DE
S214017180EEFA012002B010BD637D012B0AD0637DAB
S21401719033B92368228A598858791CF0CAFE48B93F
S2140171A0C3200AE02368228A598858791CF0CAFE4F
S2140171B00028ECD020461DF034FA064B1B78002B35
S2140171C0DFD110F5807FDCD0C1B2D7E752050400CD
S2140171D04A05040017620020002970B50F491D46B4
S2140171E00F4B14460CBF6E227922002808BF0B46AF
S2140171F000200C49FFF79CFF0B4E2544AC4205D1FD
S214017200BDE8704000200949FFF778BF31460020ED
S21401721014F8012BFFF78CFFF0E700BF8B05040085
S2140172208105040094050400C80504001FE9030055
S2140172302DE9F04FC27C8BB00592427D0368002A8F
S21401724014BF80224022077D0446856886895879C6
S214017250B846B3F80290069200F0B4FEA0B9059BBA
S214017260052B05D86FF02D03059A1341DB070BD5C7
S214017270B9F1030F08D0AB490020FFF73FFF01210A
S21401728020461DF06CFA76E0E37B1BB1228A002AC9
S21401729000F0B781607D0022B0FA80F05B4203F017
S2140172A00403DFF88CB2400943EAC000ABF80020C3
S2140172B0FFF74CFEE37B1BB3208A1DF02CF98246B8
S2140172C0A07CFFF743FE059A162A00F29A81DFE8B2
S2140172D012F019009E016C005600D2016C0092015A
S2140172E0D9019A01E001E701EE0139010202980194
S2140172F09801980114025802140270023901020220
S2140173009A46DDE700204B46874A8849FFF7F6FE96
S2140173100120FFF71BFE08F10207B74229D84146B4
S214017320324628461DF034F980462368424658798D
S214017330BBF800304946C3F1FF039BB20193238A91
S2140173400093069B1EF051FC10B11FFA87F8E2E786
S214017350236842465879BBF800304946C3F1FF031B
S2140173609BB20193238A0093069BFFF797FC89281B
S214017370EBD11DF0EEF901200BB0BDE8F08F4FF018
S214017380000B0420FFF7E2FDF31E0893089B9845C7
S21401739052D3BBF1000FECD1E37B94F81480002BA1
S2140173A00CBF02220422624B1A804FF0000B04200D
S2140173B0FFF7CCFD5F4608F1030A564540F29D8073
S2140173C03246414628461DF0E3F805EB08039B7854
S2140173D0F21EAA44A2EB080207905146184692B242
S2140173E009931CF0F9FB0890002879D02268099BC4
S2140173F05079CDE901A3238A49460093DDE9063297
S2140174001CF019FF82464A460020079B4949FFF7B0
S2140174108FFEBAF1000F55D10BF1010350464649D4
S2140174205FFA83FBFFF76AFE089B08F1030813FA6D
S21401743088F81FFA88F8BEE73246414628461DF00E
S214017440A7F805EB08039F78089B08F10301A3EB57
S21401745008022944824692B2384609911CF0BCFBC8
S214017460079068B323680999587902970191238A8E
S214017470524600934946069B1CF02DFF0746B8B1BD
S2140174800BF1010338465FFA83FBFFF75FFD5046B9
S2140174901DF041F853464A4600202649FFF72EFEC6
S2140174A03A4600202549FFF729FE802F3FF471AFA9
S2140174B0079B08F1030813FA88F81FFA88F865E7AE
S2140174C08027DDE75046FFF741FD07981DF023F8BA
S2140174D00137524600201949FFB2FFF70FFEA3E716
S2140174E08720FFF733FD07981DF015F8013787222F
S2140174F012490898FFB2FFF701FE059B052B3FF4E2
S2140175003AAF002F7FF435AFBBF1000F05D10C4920
S2140175105846FFF7F3FD8021B2E63846FFF716FD21
S21401752027E700BF9AB90300D50504002206040028
S214017530C0580020DF05040022050400FB050400F6
S214017540050604000599A84AA84B0020152918BF6E
S2140175501346CDF80090A64AA649FFF7CFFD059B36
S2140175600C2B14BF16200D20FFF7F0FC32462846E0
S21401757039461DF00DF8059B3D440C2B0646AD78AB
S21401758035D1192D28BF1925E37BB3B14FF6FF730B
S214017590278A9F4211D1206832464946069B407988
S2140175A0FFF70AF9B84208D0BAF1000F05D02082D9
S2140175B08AF80000000A8AF801000020BBF8007073
S2140175C0FFF7C4FC236832465879059B4946A3F168
S2140175D0150CDCF1000343EB0C03CDE90153238AC0
S2140175E00093069B1CF09BFD834BD855C1E6132DDB
S2140175F028BF1325C8E72046FDF7D0FB00287FF4F7
S214017600BAAE81213CE62046FDF77CF8F6E7B9F1F3
S2140176100A0F05EB0708A6EB070A21D1DFF8DCB154
S2140176209BF80030E3B1E37BD3B9BAF1080F17D169
S2140176303246394628461CF0ABFF88B998F8023026
S21401764073B998F80320E22A0AD13246391D284632
S21401765005931CF09AFF1DF067F8059B8BF8003028
S214017660414648461FFA8AF21EF0C1FA00287FF406
S21401767082AE002104E6F21B484692B2E9191CF0DC
S21401768044FFF3E7F21B484692B2E9191CF001FFEA
S214017690ECE7F21B484692B2E9191CF026FFE5E733
S2140176A0F21B484692B2E9191EF0A3FADEE72368F8
S2140176B0EE5D5879238A0137ED5D0193069B3246CC
S2140176C0494600932B461CF069FC2A46314648463B
S2140176D01CF0E1FE4FE605987A1CE95DB31AA0F1AD
S2140176E01606704270410039009018BF01214846C5
S2140176F09BB22A441CF0D1FEB8E7059BEE5D112B28
S2140177003D446F7838D11220FFF720FC0025E37B3B
S214017710B3B14FF6FF73B4F81080984510D13346D5
S2140177204A4621462846FEF7C9FF404508D0BAF129
S214017730000F05D020828AF80000000A8AF80100AE
S214017740BBF80080DFF8B0A0C8F1FE0292B208F1E3
S2140177500103009253444A4621462846CDE9026772
S214017760CDF804B0FEF7E2FFBBF800300AF80800D7
S2140177700133ABF80030FCE51420FFF7E7FB0125E9
S214017780C5E77B1C9E422CD3EF5D1D44003F18BF0E
S2140177900127F31A9EB233462A4639460020FFF7E0
S2140177A01BFD00962B463A464846218A1CF079FE78
S2140177B05CE77B1C9E4214D3EF5DF61A003F18BFB0
S2140177C001271D44B6B233462A4639460120FFF743
S2140177D003FD00962B463A464846218A1CF05FFE7A
S2140177E044E70020C8E500BF3B030400D0050400C1
S2140177F0160604002006040016610020156200200B
S21401780038B54FF6FB750446A9424FF001019DF8C5
S214017810100098BF43F40043217023816260A07278
S21401782002230020084A0949FFF768FCE07A084B62
S21401783040F6CA0203EB4010FF211BF004F9BDE835
S21401784038400420F8F732BB300604003B0604003B
S214017850D443002030B5054685B028B91D4905B08A
S214017860BDE83040FFF74ABC0024007B1CF0A6FEB2
S2140178702046194A19492C70FFF740FC184BE87A44
S214017880FF2103EB40101BF0EFF82046154B0201D9
S2140178909A5C22B901300428F9D1F8F721FB69680E
S2140178A099B1B5F908302A899B1303F002038DF8C4
S2140178B00430C2F30E03ADF806304FF6FF73ADF891
S2140178C00830002301A80393884705B0BDE830407F
S2140178D01CF079BE66060400300604009806040013
S2140178E0D4430020944300200948037873B919460D
S2140178F0084AD3720133042B117311705160118140
S214017900917202F11002F4D101230370704700BF97
S214017910166200209443002008B5FFF7E5FF002318
S21401792005491A018A5C01EB03101AB10133042BD5
S214017930F7D1002008BD00BF9443002070B50D4666
S2140179400646FFF7D1FF0023094800EB0514A17A8C
S214017950B14205D1217819B12B4400EB031070BD5B
S2140179600133042B04F11004F1D10020F7E700BF26
S2140179709443002010B50446FFF7B6FF0E4B9C4219
S21401798012D003F12002944210D003F14002944237
S2140179900ED060339C420DD10323084800EB031040
S2140179A0BDE81040FFF756BF0023F6E70123F4E7D2
S2140179B00223F2E70020F3E7D4430020944300209B
S2140179C070B50024064D074E284632460021013484
S2140179D0F7F7A4FD042C05F12005F5D170BD00BF15
S2140179E0D4430020757901002DE9F34105460C4684
S2140179F017469846FFF790FF064640B91C4A1D49B0
S214017A00FFF77CFB0224204602B0BDE8F0814FF66A
S214017A10FB739D420AD94FF6FD739D4204D00020A8
S214017A20134A1549FFF76AFB4FF6FD754346214693
S214017A303A4628461CF060FE044600F02FFE8046BB
S214017A4034B1234600200A4A0C49FFF757FBDAE710
S214017A503B462046064A0A49FFF750FB06232946BD
S214017A603046089ACDF80080FFF7CAFECBE700BF84
S214017A7030060400A5060400CF060400040704002F
S214017A802D070400F7B506460C461746FFF744FFD8
S214017A90054638B9104A1149FFF730FB0224204643
S214017AA003B0F0BD21464FF48A5230461CF0ECFF7D
S214017AB0044600F0F3FD34B123460020064A084987
S214017AC0FFF71CFBEBE7009004233A4631462846B5
S214017AD0FFF796FEE3E700BF30060400A5060400A4
S214017AE055070400F7B506460F46FFF715FF05468E
S214017AF038B9104A1049FFF701FB0224204603B0AB
S214017B00F0BD00224023114630461DF081F904469F
S214017B101DF07CF934B123460020064A0749FFF7D9
S214017B20EDFAEBE7009001233A4631462846FFF787
S214017B3067FEE3E730060400A50604008807040094
S214017B4073B504460E46FFF7E7FE054638B9104AF8
S214017B501049FFF7D3FA0224204602B070BD002276
S214017B60204611461DF056F904461DF04FF934B172
S214017B7023460020064A0849FFF7C0FAECE70090C2
S214017B80234632464FF6FC712846FFF739FEE3E7F7
S214017B9030060400A5060400B60704002DE9F041EE
S214017BA08846107800219EB014461D46FFF7C6FE93
S214017BB00646002800F0FD800778002F7BD0B8F835
S214017BC00010002940F0F5800389B8F8022043F43C
S214017BD00040824240F0ED80617800296BD1A2F529
S214017BE00042062A00F2E580DFE812F0A100A100BB
S214017BF0E300E3000700B8006900E3880D3DADF837
S214017C002430238915F00105ADF8263063798DF807
S214017C102830E37A03F1060214F812208DF81430A6
S214017C208DF81C2042D10BA98E46069104F10C005A
S214017C305FFA85FC9C4500F1020009D210F8018C20
S214017C4010F802CC01350CEB082C2EF802CBEFE72E
S214017C5001EB43011A440891D2B2590001F10D001B
S214017C609A42C0B20BD025186D78205C78316944F1
S214017C7000EB0520013321F84C0CDBB2EDE7B6F939
S214017C8008203389002AACBF01220322C3F30E0366
S214017C908DF808206288ADF80A3005ABADF80C20E7
S214017CA0049302A930461CF012FD04E0424A4349FF
S214017CB00020FFF723FA38461EB0BDE8F081042DF8
S214017CC002D83D4A3E49F3E72379053DADB29D42D0
S214017CD0B4F8028002D0384A3A49E9E73A4A3B4BBF
S214017CE00020002D08BF13463949334ACDF80080DD
S214017CF0FFF704FA05348DF81450B6F908300694E7
S214017D0085B1002BACBF012303238DF82C303389BA
S214017D10ADF83080C3F30E03ADF82E3005AB0D93EE
S214017D200BA9BFE7002BACBF06230523EDE70B2D00
S214017D30C7D9D4F80200D4F8061013F4004F05AAE8
S214017D4003C20CBF042203228DF82C206289C3F3E0
S214017D500E03ADF83020ADF82E30DFE7042DB0D994
S214017D606388ADF8303023790533DBB29D4206D007
S214017D700020114A17490095FFF7C0F99BE70E4A04
S214017D8000201549FFF7BAF9B6F908203389002A09
S214017D90ACBF01220322C3F30E03ADF82E3005ABB0
S214017DA00D93631D069323798DF82C208DF81430DE
S214017DB0B6E700277FE700BF30060400E3070400AC
S214017DC00B0804001F0804005FC103003B03040006
S214017DD04608040063080400A4080400304BF0B50C
S214017DE0B0FBF3F24FF4616503FB1200B0FBF5F351
S214017DF0DCB205FB13033C25B3FBF5F3DBB2A0EBCA
S214017E0004104B71C3EB0313A0EB83004FF4FA632A
S214017E100B8040F201134B8001230C711F46002496
S214017E206425204E8871944200D1F0BD91F802C0BD
S214017E3013B1BCF1020F2BD006EB0C0010F801ECCD
S214017E40C87870450BBF012001300CF1010CC0B29F
S214017E5008BF81F802C0C87088780D2816D10B8833
S214017E608F7001339BB298070B8014D1B3FBF5F0EA
S214017E7005FB103080B280B94FF4C870B3FBF0FC3C
S214017E8000FB1C339BB2B3FA83F35B090134CAE7E8
S214017E904FF01D0ED4E70023F8E70123F6E700BFF5
S214017EA080510100865C040010B5044688B006A91E
S214017EB0FFF794FF9DF81E300A4803939DF81D3086
S214017EC0049402939DF81C309DF81A200193BDF886
S214017ED018300549009300889DF81B30FFF70EF90E
S214017EE008B010BDD0580020BD080400026808B5CF
S214017EF01188154B1980518859805179197111795A
S214017F0059714FF48A51D980D28812F0200F0CBFD4
S214017F100A464FF48B528169DA800C4A137831B9DC
S214017F20C0880B4923F002030880137008BD43F094
S214017F3002031370074B15221846013103F0C8FCE3
S214017F40002200F8012CF1E7C4580020206200202E
S214017F50C2580020D358002010B5184C2368587911
S214017F601BF0DBFF0B2822D8154B03EB0010027B1E
S214017F70237F9A421BD12368428819888A4205D0FA
S214017F804FF6FF70814212D1120410D42279023AC0
S214017F90012A06D9A37B63B9BDE810400748FFF75D
S214017FA047B9198958791BF0EEF80028F2D100205C
S214017FB010BD0248BDE81040FFF7CCB85844002079
S214017FC0C442002008B51BF0A8FF0B2896BF024B41
S214017FD00020185C08BD00BF2562002008B50020FF
S214017FE01CF0ECFAFF201BF0CBFF1CF0ECFA1CF0A7
S214017FF093F9FEF771F901210246064803F016FCD3
S214018000054BFF21054A0648FEF7C6FEBDE80840B7
S214018010FEF708BB25620020C4580020C058002087
S21401802016610020F0B5002204464FF6FF750B4F8F
S21401803090B237F830600346AE4201D12846F0BD13
S214018040A64209D1B4F57C4FF9D307EBC3035B888D
S2140180508B42F4D00029F2D00132E9E7C45C040077
S21401806010B50446FFF7DEFF094A034610884FF6AF
S214018070FF72934214BF074A2246BDE8104017BF5D
S21401808002EBC30304495A680449FFF751B800BF1D
S214018090D0580020C45C0400E008040076D4030035
S2140180A0034B18780130C0B2187000F07F0070479B
S2140180B04C6C0020044A137818B143F00103137086
S2140180C0704703F0FE03FAE720620020014B1870A8
S2140180D0704700BF2362002038B1074B1B78012B85
S2140180E004D1038843F0400303807047022BFCD180
S2140180F0038823F04003F7E72362002068B1074AAC
S2140181001378012B07D1064B1B781370037843F0C5
S2140181101003037001E0022BF8D0704722620020A2
S214018120216200207FB50121264B274E1970337836
S2140181300246D90744D42549096881B10868C1882F
S2140181408D0641BF224CE18841F02001E180C188C3
S2140181504C0641BF1E48C18841F04001C1801D4DFB
S2140181601D492878097840074CBFE97069701B499A
S21401817013F00204098809D0164A19481CF0A1F91F
S214018180337823F00203337004B070BD154B1888A2
S2140181904FF6FB73984208D80B46CDE900520146CC
S2140181A00B4A20461BF066FBEEE74FF6FF73CDE960
S2140181B0014200930A46074B05491BF037FBE3E7EC
S2140181C00020E1E7176200202062002054440020CE
S2140181D0C4580020166100204D6C0020C0580020B5
S2140181E0D2580020C258002070B503790446012BEE
S2140181F00D46164631D883681B78DB0600D561B379
S214018200A37B13B9E37C0B2B27D00022144B1A80D7
S214018210637DB3FA83F35B09D800E37BABB9FEF762
S21401822095FEA07CFEF792FE0B20FEF78FFEE07C0B
S214018230FEF78CFE2846FEF789FE2046FFF756FE1F
S2140182403046BDE87040FFF76DBF40F00400FEF712
S2140182507DFE208A1CF05FF9E3E7002070BD00BFB9
S214018260C0580020024B0A4601461868FFF7BCBFFB
S21401827054440020F0B4054618460F4B0C461B78B4
S214018280BDF81010012B0D4E01D0377827B1002311
S21401829033700020F0BC70470CB9002AF9D143B105
S2140182A04FF65743994204D02B462246F0BC1CF0A9
S2140182B0EEB80120EEE700BF4E6C002024620020DD
S2140182C02DE9F04F684C4FF0000A25468446964645
S2140182D098460F46654B664E83F800A00FCE0FC535
S2140182E096E80F0085B085E80F00DDF83C90BDF8F4
S2140182F0383072460093394643466046CDE90194CC
S21401830000F0DCF8DFF89081064670B90025FEF72C
S214018310FFFD16220021574803F088FA002328465D
S214018320C8F8003005B0BDE8F08F534BA27CC8F802
S21401833000401A70514B1B78002B36D01CF0F6F912
S2140183404F4902465046FEF7F3FE226850465379DF
S21401835052884C490092A289FEF7EAFE50461CF06C
S2140183605EF920B12368218A5888FFF779FEE37BFE
S21401837023B10020228A4449FEF7DAFEA3680020D2
S2140183801A78E37C41490093A37CFEF7D1FE207D59
S214018390A289A168121A01440123002092B2FEF7B5
S2140183A011FE00203A49FEF7A9FE2F48FFF79EFD71
S2140183B02D481DF015FC054630BBB9F1000F25D13F
S2140183C02168E0880B8801904988BA1E032A00912B
S2140183D08CBF002201220121E07CFFF74BFF38B958
S2140183E023685B79FF2B3AD0FFF7B6FD05468EE78B
S2140183F02368DB889A06F3D40121264C1A4821709B
S2140184001CF0ADF984F80090354680E7B9F81430D1
S2140184109B07E5D47AE75846FEF718F88246584691
S214018420FDF760FF88B123685046228A59881BF001
S21401843077FD50B13846FFF759FD236889F804A047
S21401844083F805A0FFF788FD00B9284605460136E2
S214018450FDF742FF5FFA86FB5845DCD857E7002652
S214018460014FDFF83890F3E75844002017620020E8
S214018470A45C0400D25800204D6C00204B6C0020F8
S214018480F908040002090400230904002F09040066
S214018490A9BA03002462002054440020C4580020D6
S2140184A00023054AD15C814202D31A4450787047B2
S2140184B00233DBB2F6E700BF925C040073B51546E3
S2140184C02E781A4616F0040F0CBF032605269E4288
S2140184D0089C08D9224A234900960020FEF70EFE82
S2140184E0002002B070BDBDF8183021712060E38015
S2140184F0A560A2812B7803F00103A3732B7803F008
S2140185000403002B14BF01210021E1732978C1F374
S214018510C00161754FF00101217518D028461CF085
S21401852037F8237D208202332375227D531CDBB26C
S2140185302375A95C0232D2B2A1742275EB5CE37496
S214018540A3899A4205D900920749054AC5E72382BD
S214018550EBE7079B0120A36100232377C1E700BF58
S214018560F3C10300720904008E0904002DE9F743E4
S2140185700024204FDFF89C80DFF89C90E0B21CF0CE
S21401858083FBFF2805460FD12346012102201A4A04
S214018590F7F7AEFA194B0134187819F056FE152C78
S2140185A0ECD103B0BDE8F08346B238EA260328BF13
S2140185B04B4601210093022057F82430104AF7F762
S2140185C097FA002EE6DA0923E340DB070AD50D4ABF
S2140185D00D4B15F0010F18BF1A4601210220F7F7BF
S2140185E087FAD7E70A2CD5D1084A094B15F0010FAF
S2140185F0F1E700BFDC5C0400E70904004F6C0020D3
S2140186000F0A0400C0090400AA090400DC090400DA
S214018610D20904005FC103003B03040008B55422DD
S2140186200021024803F002F9002008BDC0590020CD
S21401863008B55422FF21024803F0F8F8002008BDCF
S2140186406C590020024B23F810100020704700BF21
S2140186506C590020002310B4074ADCB2A14203D8AB
S2140186605DF8044BFFF7DABF2A2BF9D032F8024B3C
S21401867020F813400133F0E7C0590020002310B55D
S214018680054A994201DD2A2B00D110BD32F8024B72
S21401869020F813400133F4E7C0590020024B187844
S2140186A000F07F00704700BF31620020034B18784E
S2140186B00130C0B2187000F07F00704731620020B0
S2140186C030B51C4600238BB0ADF82220021D92B2B5
S2140186D0012A0E9DADF82030ADF81E10ADF81C3005
S2140186E003D94FF6FF7290420FD10022CDE9035213
S2140186F0CDE90124094B01461B784FF6FF70009324
S21401870007AB1CF0E1FA0BB030BD0146CDE90153D1
S2140187101846009407AA1CF0F3FAF4E7506C002000
S21401872038B505464FF480500C4603F085FA4FF4F1
S21401873080532860236030B940F2A511BDE8384067
S214018740014822F0B4B938BDFE0A0400004870475B
S2140187507E5B0020014B1878704700BF696C0020D3
S214018760014B1888704700BFF26B0020014B187848
S214018770704700BF626C0020014B1878704700BF3D
S21401878035620020014B1878704700BF5D6C0020F1
S214018790014B1870704700BF38620020014B1870FB
S2140187A0704700BF37620020014B1888704700BF32
S2140187B0F06B00202DE9F74F4FF00008394B3A4F88
S2140187C093F80090394B3A4E3A4D3B4C3B483C4966
S2140187D0DFF8F4C0DFF8FCE0DFF810A1DFF810B135
S2140187E00193019B2037203301935FFA88F3994563
S2140187F006F1200605F1200504F1200400F1200011
S21401880001F120010FD8002211462E4B2E4D1C7867
S2140188102E4E2F4B2F4FD0B2844203F1200338D86F
S21401882003B0BDE8F08F2C4B2C4A47F81C3C0023C4
S21401883046E907232A4A47E9063E45E90723294A26
S21401884046E905E344E90723274A45E905E340E904
S2140188500723019A44E905E340E905E341E908CA2B
S21401886041E9063E47F820CC47F8103C46F820CCB4
S21401887045F820CC44F820CC40F820CC41F8103CF8
S21401888008F1010842E908CB42E9063E42F8103CED
S214018890A7E743E9085643E9061743F8101C0132D7
S2140188A0B9E700BF6D6C002030480020304700203B
S2140188B010480020F0470020904700207047002015
S2140188C050470020676C0020AC560020C9B3020058
S2140188D0B04700203B03040003730300DB71030071
S2140188E0057C0200A5950200434C030079F90200BD
S2140188F0096B0200002208B5074B1A605A601CF08B
S21401890092F9064B18701CF08EF9054B1870054B42
S2140189101A78054B1A7008BD4E5600207362002067
S214018920726200205B6C002071620020002100B59D
S21401893093B008466A460AF0E7F90146C8B90E4BF5
S2140189400E4A09930E4B0D920A930E4A0E4B0E9247
S2140189500B930E4A0E4BCDE90F230C930D4B6A4633
S21401896011930AF087FC003818BF012013B05DF898
S21401897004FB0120FAE700BF6D6D0300A17702003A
S214018980716F0300614C0200714C0300CD8602003A
S214018990D16F0300D1730200084B1878112806D84E
S2140189A0012809D9064BC34003F001007047A0F126
S2140189B043035842584170470020704775620020B3
S2140189C03400020008B5064B1B78013B022B05D884
S2140189D00020FFF7E1FF0138C0B208BDFF20FCE729
S2140189E076620020044B00F1100250F8041B9042FE
S2140189F043F8041BF9D1704777620020044B03F15A
S214018A00100253F8041B934240F8041BF9D1704737
S214018A107762002030B5002491B0114B05462146FF
S214018A2014220BA8CDE9094302F000FF102209AB7E
S214018A30CDE900440693CDE90452CDE90252094B33
S214018A4009490AA819F000F804460AA81CF065FEB0
S214018A501CB1A021054822F02AF811B030BD00BF94
S214018A60002480000044400477620020890B040043
S214018A7070B5002490B0154B05460E4614222146CB
S214018A800BA8CDE9094302F0D1FE102209ABCDE9CE
S214018A90004406933146CDE90452CDE902520C4B0F
S214018AA00AA818F0D1FF04460AA81CF036FE1CB12D
S214018AB0BA21084821F0FBFF099B102B03D0BB21EC
S214018AC0044821F0F4FF10B070BD00BF0024800000
S214018AD000444004890B040030B50D4600218FB0D8
S214018AE0124B0446142209A8CDE9071302F09EFE94
S214018AF0102207ABCDE90242CDE900420493294694
S214018B000B4B08A818F0A2FF044608A81CF005FEA7
S214018B101CB1D121074821F0CAFF079B102B03D0B7
S214018B20D221044821F0C3FF0FB030BD00248000DD
S214018B3000444004890B04000022034B1870034BC9
S214018B401970034B1A7070478862002089620020F2
S214018B50876200202DE9F04FDFF89080064698F8EE
S214018B6000300D4685B0002B3AD04FF6FB73984285
S214018B7036D84FF0000B1C4FDFF874A03C7898F8FD
S214018B8000305FFA8BF94B459AF8000011D948443A
S214018B9002AA0DF10601C0B214F00CFB0822294608
S214018BA00DEB020003F08EF90BF1010B0028E6D164
S214018BB04C463B78A34208D198F80020631CDBB2F0
S214018BC09A423B7004BF00233B70324629469AF80E
S214018BD000301C44E0B205B0BDE8F04F14F0D8BB3D
S214018BE005B0BDE8F08F00BF8762002089620020D3
S214018BF0886200202DE9F74F06460D4614461F46AB
S214018C004FF0010BDFF8789003F10C0A15B903B0A9
S214018C10BDE8F08F102DA84628BF4FF010083A4641
S214018C20164B5FFA88F152F8040B524543F8040BD1
S214018C30F9D101919AF8002011481A70002389F899
S214018C400F4089F800B089F80E30FFF7E3FE324690
S214018C5001340B480199E4B212F801CB10F8013B3C
S214018C6083EA0C0302F8013C931BDBB28B42F3D37D
S214018C70A5EB080816461FFA88F5C7E78B620020A1
S214018C808A6200202DE9F04F9046914685B000900B
S214018C90981A029383B20193009B0F46354903F15C
S214018CA00C0453F8045BA34241F8045BF9D11B782A
S214018CB0314E0B7049233370019BF0731B0A30460B
S214018CC0B373FFF7A7FE0221BB460D46737888EA09
S214018CD0030373704FF0000A1DE0C5F11004A9EB01
S214018CE00A039BB2A4B29C4228BF1C4600231FFA6B
S214018CF083FCE8186445C0B21FD82544EDB2A344EE
S214018D00102D54441FFA84FA05D1002530460391EC
S214018D10FFF780FE0399D145DFD807EB080B25B195
S214018D2015480391FFF776FE039901294FF00005D8
S214018D300DD00121DDF80490CCE71BF803C016F82E
S214018D4000E001338CEA0E0C06F800C0CFE7029B68
S214018D5009491F44094B38461C78224602F0F6FEA4
S214018D602A4621463846009B05B0BDE8F04FFFF77E
S214018D7041BF00BF8B6200208A6200206E6C00201B
S214018D8030B540780C4601284FF0110387B001F149
S214018D90100516D1144A01A90AF0F4FF234601ACC6
S214018DA0224618685968083303C2AB421446F7D105
S214018DB011230D4A002001A90AF0E4FF002007B0A4
S214018DC030BD0120094A01A90AF0DCFF234601ACA7
S214018DD0224618685968083303C2AB421446F7D1D5
S214018DE01123024AE6E700BF75E4010079EB0100B2
S214018DF030B50C46407887B001284FF011030DBFFF
S214018E000B4A0C4A012001A918BF01A90AF0BAFFB2
S214018E10234601AA05AD144603CCAC42186059603E
S214018E20224603F10803F6D1002007B030BD00BF8B
S214018E3075E4010079EB010010B50C4688B01A23E1
S214018E400C4A01A901200AF09DFF21460DF10E03EF
S214018E5004F1100251F8040B914243F8040BF9D1C6
S214018E601A230020034A01A90AF08CFF002008B04B
S214018E7010BD00BF24E10100F0B58BB004460D46DD
S214018E801DF039FFA8B101A812F044F988B1667B3C
S214018E90271D16F0020F05D00822384601A903F057
S214018EA011F8D0B901AB46F0020603CB60607960D9
S214018EB066731A230A4A03A901200AF063FF2946AA
S214018EC00DF116030DF1260253F8040B934241F8F7
S214018ED0040BF9D100200BB0F0BD2D20FBE700BF3D
S214018EE024E10100F0B50546071D00220C46384670
S214018EF0082193B01DF08DFE6A7B0646D0070BD580
S214018F00687808A91CF03AFBDDF83D306B60DDF8A7
S214018F1041307B6080B10BE0910709D5D200012179
S214018F20384602F080021CF034FBFF28687002D13C
S214018F302D2013B0F0BDD6B1687801A91CF0BBFA9C
S214018F409DF81C305B0604D54FF4C6710A4821F023
S214018F50AEFD234603AD07AC2A4603CAA2421860FB
S214018F605960154603F10803F6D10020E1E708A988
S214018F701CF004FBCEE700BF070C04002DE9F0410E
S214018F8006468AB01F480F4615460024FFF736FDF1
S214018F90002C01A914BF4FF05C0C4FF0360C1023C7
S214018FA08846184A12F8010B013B8CEA000013F0C0
S214018FB0FF0301F8010BF5D105A81EF065FC42463A
S214018FC0102105A81EF064FCC4B93946324605A82E
S214018FD01EF0C6FC2A460DF1140C0DF1240E634654
S214018FE003CB7345106051609C4602F10802F6D12E
S214018FF014B10AB0BDE8F0810124C9E72A46102160
S214019000E5E700BFBA6200202DE9F04791460D461C
S214019010C0B09DF82041DDF828811E46DFF87CA00F
S2140190209DF8243107462246494640468AF80030D4
S21401903002F08CFD9DB12346324641463846FFF785
S21401904021FEB44207D9A11B3B46012289B208EB97
S2140190500600FFF7CFFD002040B0BDE8F087A11B5A
S2140190603B46012289B208EB0600FFF7C3FD224604
S2140190704146684602F06AFD32466946384623464E
S214019080FFF700FE9AF800200DEB040109EB04003F
S21401909002F018FF0028DED02C20DDE76E6C0020E1
S2140190A038B50346104601F1100451F8045BA1429D
S2140190B042F8045BF9D104491BB1FFF7D9FC002043
S2140190C038BDFFF709FDFAE7BA62002030B505465C
S2140190D089B069461CF073F86B8804ACABB12246C4
S2140190E0294668461CF00BF80E4A08AD234603CB0A
S2140190F0AB42106051601C4602F10802F6D10948E5
S214019100FFF770FC002009B030BD6B46054D1A46CE
S21401911003CAA24228606960134605F10805F6D124
S214019120EDE700BFBA62002050B10B4B0B4A03F1CA
S214019130100153F8040B8B4242F8040BF9D1704727
S214019140064B054A03F1100153F8040B8B4242F813
S214019150040BF9D1704700BFBA6200209A62002062
S21401916008B51022024802F0B3FB002008BD00BF7C
S214019170AA62002008B508461022024902F0A8FBA0
S214019180002008BDAA62002010B5044686B001A9D9
S214019190114A112301200AF0F5FD9DF8143001A8AB
S2140191A0E3701EF038FF80F001000C4A01A96070E0
S2140191B0112301200AF0E6FD9DF8143001A8A370E2
S2140191C01EF029FF80F00100207010F03DFB60606A
S2140191D0002006B010BD00BF75E4010079EB010068
S2140191E010B5044686B01123134A012001A90AF0DE
S2140191F0C9FDA3789DF814209A4207D08DF8143043
S214019200002011230C4A01A90AF0BCFD11230B4AC8
S214019210012001A90AF0B6FDE3789DF814209A42D0
S21401922007D08DF8143000201123044A01A90AF052
S214019230A9FD06B010BD00BF79EB010075E4010081
S2140192402DE9F04186B0064603A80C4612F000FF51
S214019250054600284AD1BDF80C30980646D510229E
S2140192602946204602F0E2FA01A811F053FFC0B1E8
S214019270777B06F1040817F0020F06D00822404655
S21401928001A902F01FFE00282ED101AB47F002070C
S21401929003CB7060C8F804107773238843F0080383
S2140192A02380238843F00203238011F00DFB6060C6
S2140192B01DF021FD30B10E4B1B68A360238843F0DF
S2140192C0040323800B4B1A68D1035EBF238843F047
S2140192D010032380130203D5238843F400632380FD
S2140192E0284606B0BDE8F0812D25F9E72425F7E7E5
S2140192F0604800206448002010B5D0E9023253F8D7
S214019300223090B01C684022694620461CF0A9F91C
S214019310034630B1224600200549FDF7EFFE10B0A6
S21401932010BD012269460820FDF792FEF7E700BF4F
S2140193309D0C040070B500F0B1F800280CBF6E2239
S214019340792200201349FDF7D9FE00F0A7F8F0B105
S2140193501CF09BF900280CBF6E22792200200E49D2
S214019360FDF7CCFE082200200C49FDF7C7FE0025BC
S2140193700B4C0C4E234654F8042C31460020033582
S214019380FDF7BCFE182D04F10C04F3D170BD3F228D
S214019390E4E700BFD50C0400EC0C0400FC0C040050
S2140193A0884900201B0D040070B51CF053F90446D3
S2140193B021490020FDF7A2FE2CB92046BDE87040E9
S2140193C01E49FDF79BBE00F0BBF805461C4B6269C3
S2140193D00020002A08BF1A461A492668FDF78EFEA5
S2140193E0A28800201849FDF789FE1849E288002066
S2140193F0FDF784FEA388228913F010001ABF00200F
S21401940013491449FDF77AFEE26800201249FDF778
S21401941075FE226900201149FDF770FE104A114BB6
S2140194200020B6F5817F38BF13460F492A46BDE8AE
S2140194307040FDF763BE00BF500D04005D0D0400D3
S21401944013DD03007E0D04009C0D0400BD0D040019
S214019450DA0D0400F70D0400150E0400330E0400A7
S214019460480D04003E0D0400510E040038B50146B7
S21401947000230C25084A05FB03F4A01814590134EF
S21401948004D10C2202F024FA002038BD0133082B47
S214019490F1D10120F9E700BF84490020034B187879
S2140194A0012894BF00200120704700BFCC62002035
S2140194B038B50446044D2878A04203D021461CF056
S2140194C0A9F82C7038BD00BFCC62002000B58FB063
S2140194D03422002101A802F0A9F901A8EEF710FB39
S2140194E00598D0B182680E4BB2F5803F34BF92B278
S2140194F0C2F38F2241881A81028828BF41F01001E9
S2140195001A6042689980DA80C268DA6002691A6174
S21401951042695A61027E18461A760FB05DF804FB5E
S21401952008490020054B1B7820B1012B04D80220E6
S214019530FFF7BEBF012BFBD8704700BFCC620020EF
S21401954010B5084C237853B91CF084F80123237016
S21401955028B10368B3F5817F24BF037E237020788A
S21401956010BD00BFCB62002070B5184B1B78012BD5
S2140195702BD81CF052F8164D024616490020FDF76E
S214019580BDFD0120FFF7CEFF2E78FF2E1DD1FFF780
S2140195909DFFC8B1848860223146C4F340040E485A
S2140195A02C7002F043F9602231460C4802F03EF975
S2140195B05CB1FFF7C5FF042807D9BDE8704040F24B
S2140195C02B11074821F073BA287070BDCC620020B9
S2140195D06F6C0020740E040084490020244900208A
S2140195E0860E04002DE9F04FDFF884928DB003ABB0
S2140195F007468846144699E8070083E80700FFF700
S214019600B3FFFFF79DFF944B06461D784B46012D91
S21401961040F07081012840F27281B7FBF0F200FB46
S2140196201272002A00F06B818C4900228B46D1F819
S21401963000C0BCF1FF3F04D0087A6044874200F0C6
S21401964019810132082A01F10C01F0D193E80700D3
S21401965006AE0DF1240A86E807008AE80700FFF740
S2140196606FFFB7FBF0FB00FB1B7BA0EB0B094A4629
S214019670414606460AA809978DF82C9002F066FA2C
S21401968000224FF00C0E764902E00132082A0ED075
S2140196900EFB02F000EB010C08580130F5D19AE8F8
S2140196A007008CE807006F490A7801320A70A14565
S2140196B004DD4FF4E2716C4821F0F9F9A41B5C4417
S2140196C04F44A1B217FA84F4B4FBF6F206FB124239
S2140196D0C8448E1A91B1A41A08EB060107A88DF8A2
S2140196E02020069402F032FA06A8FFF7BFFEFF28F4
S2140196F004D140F2D9115C4821F0D9F9B6B2B6B11D
S2140197000320FFF7D5FE802E0AD832464146574839
S21401971002F01CFA3246384654491BF086FF0546CD
S2140197200220FFF7C5FE28460DB0BDE8F08F0025E4
S214019730F9E74FF40E714C4821F0B9F9464B1B7806
S214019740012B00F0E380002C36D00320FFF7B0FE9B
S214019750802C2FD822464146444802F0F7F922468B
S214019760384642491BF061FF05460220FFF7A0FE7E
S214019770DFF8F09099F8003093B1039CFFF7E0FE14
S214019780374B002798461A68511C04D0197A411A9B
S214019790521A944224D00137082F03F10C03F2D158
S2140197A0002DC0D1039B0133C1D003A8FFF75EFE95
S2140197B00546B8E70125D8E72546D9E740F26D21E9
S2140197C0294821F074F9012524E0012D30D0802E9E
S2140197D02FD83246254903981BF027FF054628E077
S2140197E0002DA0D10C247C4308EB04039DF814A0A3
S2140197F093F808B00AEB0B03802BDFDC1B4B5246B9
S21401980004A9184602F0A2F9211D5A4641445044C3
S21401981002F09CF90C2303FB07839DF814201B7AA6
S21401982013449E42D1D040F273210F4821F03FF9F4
S21401983001250220FFF73CFE99F8003013B1013BE9
S21401984089F800304FF0FF3308EB040248F8043083
S214019850C2E9013367E700BF6F6C0020844900202E
S21401986024490020CA620020860E04008848002091
S214019870405D04004FF00C0A0AFB02B3187AA6EB0F
S21401988000095FFA89F9A14501D35FFA84F90AFB59
S21401989002FA0AF1040528444A464146584402F0B1
S2140198A055F90BEB0A031A7AA4EB09044A44D2B21F
S2140198B0B242A4B21A7219D103200193FFF7F8FD40
S2140198C032460BEB05015BF80A001BF0AEFE0546BF
S2140198D00220FFF7EDFD4FF0FF32019B4BF80A2007
S2140198E0C3E90122002D7FF41EAFC844002C3FF4CB
S2140198F01EAF4F44104B1B78012B7FF424AFB7FBF0
S214019900F6F306FB1373002B7FF413AFE319B3FBD7
S214019910F6F506FB1535002D3FF415AF641B5B1BF2
S21401992008EB04012A4604A80393A4B202F00EF938
S2140199308DF8145007E700BF6F6C002070B5134B0D
S2140199401B78012B0CD1FFF70FFE0026104D55F8A2
S214019950043C013306D10336182E05F10C05F6D169
S214019960002411E00320FFF7A3FD55F8044CFFF790
S214019970E7FD2946024620461BF057FE0446022014
S214019980FFF796FD002CE6D0204670BD6F6C0020D8
S2140199908849002070B505460C46FFF7E5FD052011
S2140199A0FFF786FD214628461BF04DFE064602209F
S2140199B0FFF77EFD00220A4B2C441968481C08D08C
S2140199C0A94206D3A1423EBF4FF0FF31C3E90011C1
S2140199D099600332182A03F10C03EED1304670BDAC
S2140199E084490020D0E9023253F8223010B51C68B1
S2140199F0204600F095FA28B12146BDE810400248FD
S214019A0000F002BE10BD00BF040F040008B5D0E987
S214019A10023253F82230186800F06CF920B1BDE824
S214019A200840024800F0F0BD08BD00BF260F040044
S214019A302DE9F041D0E9023253F8221003EB8203FC
S214019A405B680F681D789AB0642D04D964211148AB
S214019A5000F0DAFD64252A46384601A900F002F92D
S214019A60044698B90C4800F0CFFDDFF8348001AE0B
S214019A70013DA54202DC1AB0BDE8F0813919404625
S214019A8016F8012B00F0C0FD0134F2E7034800F0A0
S214019A90BBFDF0E7490F0400690F0400930F0400B3
S214019AA0800F04002DE9F04700252D4FDFF8E080F8
S214019AB0DFF8E0908CB0284603A900F0EFF810B16B
S214019AC00CB0BDE8F087049B2946039A00933846FC
S214019AD000F09AFD404600F097FD059910290CD834
S214019AE010290CD8DFE801F00F14320B340B0B0BE6
S214019AF0360B0B0B0B0B0B0B3A0020292CD01948FD
S214019B0000F082FD07E0184800F07EFD0135D2E73F
S214019B10164800F079FD0699484600F075FD07994C
S214019B20134800F071FD134800F06EFD1024DFF8B5
S214019B3068A00DF11F06504616F8011F013C00F003
S214019B4063FD14F0FF04F6D10B48DDE70B48E0E7B0
S214019B500B48DEE70B48DCE70B48DAE70B48D8E7AB
S214019B60AE0F040053100400031004001310040089
S214019B70791004009110040018B203001B100400B1
S214019B80231004002C100400371004004E100400AB
S214019B90F20F040062100400A210040010B50B4C72
S214019BA08EB023785BB9EDF725FF014650B9012346
S214019BB001A82370EDF7A4FF054B049A1A602078DC
S214019BC00EB010BD034800F01FFDF8E7CD6200207F
S214019BD0C84C0020A810040000B58FB0FFF7DEFFC8
S214019BE0002829D001A8EDF78BFF059B144819889A
S214019BF000F00AFD059B13485969134B002908BF5D
S214019C00194600F001FD059B1048598800F0FCFC40
S214019C10059B0F48196900F0F7FC059B0D48D968AC
S214019C2000F0F2FC059B0C48197E00F0EDFC0B4B96
S214019C300B48196800F0E8FC0FB05DF804FB00BFA4
S214019C40E5100400F710040013DD030009110400F9
S214019C501D1104003111040045110400C84C0020F8
S214019C605911040070B5064615460C4679B172B115
S214019C70FFF794FF68B121462A463046EEF74AF8C8
S214019C80014618B1044800F0BFFC012070BD212038
S214019C90FCE71120FAE700BF6B11040037B5054653
S214019CA00C46FFF77BFFE0B1114B1B68AB421AD99C
S214019CB0CCB100212422204601F0B8FD21462846D9
S214019CC016F07EFE88B9284601AA04F10801EDF7D0
S214019CD0D3FF20B140F20643C01A18BF012003B0DB
S214019CE030BD1120FBE72120F9E70120F7E700BF8F
S214019CF0C84C0020F0B593B00546FFF74FFF00288B
S214019D0045D0254B1A68AA4207D829462348013A66
S214019D1000F07AFC212013B0F0BD05A8EDF7F0FEA7
S214019D20284603A916F04CFE98BB049A22F4FF5766
S214019D30C2F30C0327F01F072BB14FF4005329463B
S214019D40174800F061FC039E7FB120F0BDFE30464F
S214019D504FF40051EEF76AF83346044606F500560E
S214019D6050B9039BF31ABB42EFD32A4639460D4836
S214019D7000F04AFC002406E000902A464FF4005109
S214019D80094800F041FC201E18BF0120C3E711203E
S214019D90C1E70120BFE700BFC84C002099110400AD
S214019DA04712040006130400B512040010B5044659
S214019DB038B1FFF7F3FE30B10020044B1B68236077
S214019DC010BD2120FCE71120FAE700BFC84C002097
S214019DD010B50446FFF7E2FEB0B10C4B1A68A2427A
S214019DE006D821460A48013A00F00EFC212010BD93
S214019DF020F06AFE40F2C12220460649EDF7FCFE3D
S214019E00003818BF0120F2E71120F0E7C84C002007
S214019E1099110400044A002010B50446FFF7BEFE5F
S214019E2070B121460848EDF707FF40F20323984238
S214019E3008D040F2012398420CBF0520012010BD36
S214019E401120FCE70020FAE7044A00202DE9F04142
S214019E502D4D04462F68FFF7A1FE002851D0296832
S214019E60A14207D84A1E2948214600F0CDFB2120F1
S214019E70BDE8F0812648EDF79FFEDFF894800246A4
S214019E80B0B943462E68964222D1BE4214BF3A4626
S214019E9006F1FF3212BB31461D48C8F80040EDF707
S214019EA06BFE014600B31B4800F0AEFB0120DFE766
S214019EB02046EDF741FE044638B10146164800F04B
S214019EC0A3FB201E18BF0120D2E7EDF791FCF8E7AF
S214019ED053F8041B8C42DDD00132D4E70C499200C2
S214019EE0081D01F0F5FCD6E729680948EDF764FE80
S214019EF0044610B101460948D6E7EDF779FC20463D
S214019F00B6E71120B4E700BFC84C00209911040041
S214019F10E44900204C130400221304007F130400BC
S214019F20F8B50446FFF73AFE002845D0234B1A68D9
S214019F30A24207D821462248013A00F065FB2124B7
S214019F402046F8BD1F4800F05FFB20F0BDFD40F243
S214019F50C1221D492046EDF74FFE40F20327054674
S214019F6020F0B2FD184E65B140F203239D421AD08F
S214019F702946164800F048FB0124154800F044FB2A
S214019F80DEE720F0A1FD29463046EDF755FEB84242
S214019F9009D040F20123984203D10E4800F034FB69
S214019FA0E1E70546DFE721460B4800F02DFB20469A
S214019FB0FFF74CFF0446E0E71124C1E7C84C002038
S214019FC099110400B6130400044A0020D6130400B5
S214019FD018B203001FE90300EE13040010B50A4689
S214019FE0044619B1024B00211B68984710BD00BFFB
S214019FF04C5D040010B5114C2378580744BF23F07C
S21401A000040323702378990705D500F05DF82378BB
S21401A01023F00203237063781BB10023084A6360B0
S21401A02053600023082106486370FFF7D7FF2378A3
S21401A030DA0744BF23F00103237010BDCC4C002087
S21401A040D04C002038B51A4C62782378022A01D108
S21401A050072B11D0DD0712D52378980707D400F017
S21401A0602BF82378054643F00203237080B9627803
S21401A070237882B15A0716D50025284638BD17F031
S21401A08061FC2378054643F0010323700028E3D0E2
S21401A090FFF7B0FFF1E7D907ECD5064962604A60E1
S21401A0A002226270E6E743F004032370E4E700BF90
S21401A0B0CC4C0020D04C00200122024B002083F81B
S21401A0C0F0207047D84C00202DE9F0410A4C0025BD
S21401A0D026464FF0010803272046C4F81C80277641
S21401A0E001351BF0FDFA062D04F12804F4D10023F6
S21401A0F086F8F030BDE8F081D84C00202DE9F04F0D
S21401A100984691B00B1E0A93B44B914614BF8346F2
S21401A1109B4600251A9E98F8000070B94D4538BF39
S21401A1202A464B464FF000000A9928BF09F1FF3234
S21401A130D847284611B0BDE8F08F252808F1010858
S21401A14006D02A464B460A996C1CD8472546E2E7B4
S21401A1500023414611F8012B2B2A16D00AD8202AB3
S21401A16016D0232A17D0A2F13000092834D80027A8
S21401A1700A2418E02D2A05D0302AF4D143F0010331
S21401A1808846E6E743F00203FAE743F00403F7E7FD
S21401A19043F00803F4E743F01003F1E7884604FBB5
S21401A1A00722A2F13007414611F8012BA2F1300037
S21401A1B00928F3D998F800202E2A52D198F80110D0
S21401A1C008F10102A1F13000092843F480633ED86A
S21401A1D000244FF00A0E11E02A2A08D156F8047B13
S21401A1E08846002FBCBF43F002037F42E2E7002708
S21401A1F0E0E702460EFB0411A1F13004104610F808
S21401A200011BA1F1300CBCF1090FF2D99046424670
S21401A21012F8011B6C292DD025D8682933D06A295C
S21401A2203BD04246904618F8010B672860D857285D
S21401A23036D8452808D084D9462800F01881472802
S21401A2407FF47FAF43F4006343F0200327E12A291C
S21401A25006D156F8044B08F1020824EAE474D6E75E
S21401A26090460024D3E7742901D07A29D9D143F442
S21401A2708073D7E798F801106C29F8D143F440733E
S21401A28008F10202CEE798F80110682902D043F0DF
S21401A2908003C7E743F0C003F2E743F40073C1E766
S21401A2A0A0F158020F2A3FF64CAF01A151F822F057
S21401A2B051A3010043A1010043A1010043A10100F4
S21401A2C043A1010043A1010043A1010043A10100F4
S21401A2D043A1010043A1010051A30100BDA4010057
S21401A2E051A3010093A4010073A4010093A40100EB
S21401A2F0A0F16901C9B20F293FF623AF012249F245
S21401A300410C8A4012EA0C0218D10A2900F0158184
S21401A31007297FF416AF43F0210305930823CDE9FF
S21401A32003431023CDE9012356F8043B2A46009344
S21401A33058464B460A991BF0C3FAA8E06F2800F06E
S21401A3405E8110D9782808D1102223F00C0310E082
S21401A350582839D0622800F054810A2223F01003CD
S21401A360642806D0F1E769284FF00A0223F01003AB
S21401A370F6D1590548BF23F00103692803F400719B
S21401A38001D0642840D111B3073626F00706B2463D
S21401A39070685AF8081BCDE9077300230593C30FAD
S21401A3A00028029306940B46049202DA4B4260EBB5
S21401A3B04000CDE900304B462A4658460A991BF024
S21401A3C0C1FA05465646A6E643F02003BCE7D90582
S21401A3D006F1040A04D5316805E000BF23570300DF
S21401A3E058060CD53178CDE90224CDE9047300294D
S21401A3F04FEAD1730193B8BF4942009120E0190694
S21401A400E9D5B6F90010EEE779B1CDE90773002377
S21401A410CDE9042306F1070A2AF0070A06940293F7
S21401A420FAE80223CDE90023C5E7D80506F1040AB8
S21401A4300DD5CDE90473CDE902240191336800936B
S21401A4404B462A4658460A991BF03AFAB9E7590686
S21401A45007D53178CDE904730023CDE902240193B1
S21401A460CBE7316813F0800F18BF89B2F2E743F0EB
S21401A4702003CDE90173073626F007060094B6ECF3
S21401A480020B4B462A4658460A99EAF781F90546D1
S21401A49041E600F0DF00472801D143F40063CDE92F
S21401A4A00173073626F007060094B6EC020B4B46FE
S21401A4B02A4658460A99E9F7AFFFE8E713F002047F
S21401A4C026D04FF0010A6B1C0B932A464B460A997D
S21401A4D016F8040BD84774B354460B9A21E04B4642
S21401A4E020200A99D8470AEB05020AF1010A5745C6
S21401A4F0F5D83A1E18BF0122002A07F1FF3308BF1C
S21401A500002307F1010A1D4408BF4FF0020ADAE7EB
S21401A510A246E8E7551C4B4620200A99D8472A460A
S21401A5200134BC42F6D3A7EB0A03574538BF0023D4
S21401A5300B9A1A440B920B9DEDE53246002C52F80D
S21401A540046B14BF21464FF0FF310B923246314463
S21401A550107808B1914211D1A2EB060A13F4806279
S21401A5600C9202D0A24528BFA24613F002030D9317
S21401A5701BD1AAEB05032A460F9308E00132E7E751
S21401A580531C0E9320204B460A99D8470E9A0F9BD0
S21401A590D318BB42F4D3A7EB0A03574538BF0023B1
S21401A5A00AF101021D4403EB020AAB1B0E9304E001
S21401A5B01C464B462A460A99D8470E9BF51816F8AC
S21401A5C0010B28B10C9B002BF3D0631E002CEFD19E
S21401A5D00D9B93B12A46AAEB050405E0561C4B4693
S21401A5E020200A99D84732461319BB42F6D3A7EB67
S21401A5F00A03574538BF00231D440B9E8BE50822EE
S21401A600A3E60222A1E600BF0FB41FB506AA52F8C0
S21401A610043B02A90392009204484FF0FF32FFF771
S21401A6206DFD05B05DF804EB04B07047E559030015
S21401A6301FB5034600914FF0FF3203A90248FFF70A
S21401A6405DFD05B05DF804FBE55903001FB5CDE9D6
S21401A6500201009302A9134603484FF0FF32FFF7A9
S21401A6604DFD05B05DF804FBED5903001FB5094B20
S21401A670094A1868094B01A91860094B1360094A71
S21401A6800192094A1268CDE9022317F002FA05B0D1
S21401A6905DF804FBD8680020D03D0020D43D0020A2
S21401A6A0CC680020F14B040088500020014B18684C
S21401A6B017F003BAD868002038B5F1F71BFE044638
S21401A6C0064D2B68D3F8B002F1F708FE286817F09C
S21401A6D007FA2046BDE83840F1F700BED8680020EA
S21401A6E010B51F4CEFF7DCFE236F012023F00703A4
S21401A6F043F002032367EFF7E1FED4F82031002090
S21401A70023F0070343F00103C4F82031D4F84031A5
S21401A71023F0030343F00103C4F84031D4F8603159
S21401A72023F0030343F00103C4F86031D4F8403248
S21401A73023F0030343F00103C4F84032D4F8003297
S21401A74023F0070343F00103C4F80032D4F80832BB
S21401A75023F0070343F00103C4F8083210BD00BF1D
S21401A76000800050064B1B681A7A022A01D81AB9D3
S21401A7707047032A00D070471B68024A136070476F
S21401A780DC680020885000200022024B5A60DA6004
S21401A7901A6070478C50002008B501F037FF002280
S21401A7A0014B1A7008BD00BFCE6200200A4601495F
S21401A7B01BF086B9E57504000A4601491BF080B90D
S21401A7C0E07504000A4601491BF07AB9D975040000
S21401A7D00A4601491BF074B9D67504000A460149B8
S21401A7E01BF06EB9D37504000A4601491BF068B91F
S21401A7F0CE7504000A4601491BF062B9C97504000A
S21401A8000A4601491BF05CB9C47504000A460149B1
S21401A8101BF056B9BD75040081F0004102E000BF8F
S21401A82083F0004330B54FEA41044FEA430594EA0A
S21401A830050F08BF90EA020F1FBF54EA000C55EA45
S21401A840020C7FEA645C7FEA655C00F0E2804FEA16
S21401A8505454D4EB5555B8BF6D420CDD2C4480EAF8
S21401A860020281EA030382EA000083EA010180EA28
S21401A870020281EA0303362D88BF30BD11F0004F76
S21401A8804FEA01314FF4801C4CEA113102D04042AC
S21401A89061EB410113F0004F4FEA03334CEA1333E7
S21401A8A002D0524263EB430394EA050F00F0A780FF
S21401A8B0A4F10104D5F1200E0DDB02FA0EFC22FAFA
S21401A8C005F2801841F1000103FA0EF2801843FAEE
S21401A8D005F359410EE0A5F120050EF1200E012ADF
S21401A8E003FA0EFC28BF4CF0020C43FA05F3C0181D
S21401A8F051EBE37101F0004507D54FF0000EDCF196
S21401A900000C7EEB00006EEB0101B1F5801F1BD33E
S21401A910B1F5001F0CD349085FEA30004FEA3C0C42
S21401A92004F101044FEA445212F5800F80F09A8038
S21401A930BCF1004F08BF5FEA500C50F1000041EB3C
S21401A940045141EA050130BD5FEA4C0C404141EB40
S21401A9500101013C28BFB1F5801FE9D291F0000F3B
S21401A96004BF01460020B1FA81F308BF2033A3F1EA
S21401A9700B03B3F120020CDA0C3208DD02F1140CE1
S21401A980C2F10C0201FA0CF021FA02F10CE002F11C
S21401A9901402D8BFC2F1200C01FA02F120FA0CFC15
S21401A9A0DCBF41EA0C019040E41AA2BF01EB04515E
S21401A9B0294330BD6FEA04041F3C1CDA0C340EDC5C
S21401A9C004F11404C4F1200220FA04F001FA02F39F
S21401A9D040EA030021FA04F345EA030130BDC4F15D
S21401A9E00C04C4F1200220FA02F001FA04F340EA52
S21401A9F00300294630BD21FA04F0294630BD94F003
S21401AA00000F83F4801306BF81F480110134013DE9
S21401AA104EE77FEA645C18BF7FEA655C29D094EA5A
S21401AA20050F08BF90EA020F05D054EA000C04BFD8
S21401AA301946104630BD91EA030F1EBF00210020C3
S21401AA4030BD5FEA545C05D14000494128BF41F062
S21401AA50004130BD14F580043CBF01F5801130BDC6
S21401AA6001F0004545F0FE4141F470014FF0000051
S21401AA7030BD7FEA645C1ABF194610467FEA655C02
S21401AA801CBF0B46024650EA013406BF52EA0335A4
S21401AA9091EA030F41F4002130BD00BF90F0000F92
S21401AAA004BF0021704730B54FF4806404F13204CE
S21401AAB04FF000054FF0000150E700BF90F0000F87
S21401AAC004BF0021704730B54FF4806404F13204AE
S21401AAD010F0004548BF40424FF000013EE700BF7E
S21401AAE042004FEAE2014FEA31014FEA02701FBF0E
S21401AAF012F07F4393F07F4F81F06051704732F040
S21401AB007F4208BF704793F07F4F04BF41F4002196
S21401AB10704730B54FF4607401F0004521F00041F4
S21401AB201CE700BF50EA010208BF704730B54FF07E
S21401AB3000050AE050EA010208BF704730B511F07F
S21401AB40004502D5404261EB41014FF4806404F1B7
S21401AB5032045FEA915C3FF4D8AE4FF003025FEA3D
S21401AB60DC0C18BF03325FEADC0C18BF033202EBC1
S21401AB70DC02C2F1200300FA03FC20FA02F001FA1B
S21401AB8003FE40EA0E0021FA02F11444BDE600BFBE
S21401AB9070B54FF0FF0C4CF4E06C1CEA11541DBF6D
S21401ABA01CEA135594EA0C0F95EA0C0F00F0DEF838
S21401ABB02C4481EA030621EA4C5123EA4C5350EA1D
S21401ABC0013518BF52EA033541F4801143F480136E
S21401ABD038D0A0FB02CE4FF00005E1FB02E506F0FF
S21401ABE00042E0FB03E54FF00006E1FB03569CF054
S21401ABF0000F18BF4EF0010EA4F1FF04B6F5007F5A
S21401AC0064F5407404D25FEA4E0E6D4146EB0606CB
S21401AC1042EAC62141EA55514FEAC52040EA5E5054
S21401AC204FEACE2EB4F1FD0C88BFBCF5E06F1ED8FE
S21401AC30BEF1004F08BF5FEA500E50F1000041EB35
S21401AC40045170BD06F0004646EA010140EA0200E2
S21401AC5081EA0301B4EB5C04C2BFD4EB0C0541EA04
S21401AC60045170BD41F480114FF0000E013C00F319
S21401AC70AB8014F1360FDEBF002001F0004170BD3D
S21401AC80C4F10004203C35DA0C341BDC04F1140456
S21401AC90C4F1200500FA05F320FA04F001FA05F2E2
S21401ACA040EA020001F0004221F0004110EBD370AF
S21401ACB021FA04F642EB06015EEA430E08BF20EADB
S21401ACC0D37070BDC4F10C04C4F1200500FA04F37E
S21401ACD020FA05F001FA04F240EA020001F0004110
S21401ACE010EBD37041F100015EEA430E08BF20EA83
S21401ACF0D37070BDC4F1200500FA05F24EEA020ECB
S21401AD0020FA04F301FA05F243EA020321FA04F0F9
S21401AD1001F0004121FA04F220EA020000EBD370B0
S21401AD205EEA430E08BF20EAD37070BD94F0000FB0
S21401AD300FD101F00046400041EB010111F4801FE4
S21401AD4008BF013CF7D041EA060195F0000F18BF95
S21401AD50704703F00046520043EB030313F4801FD1
S21401AD6008BF013DF7D043EA0603704794EA0C0F8B
S21401AD700CEA135518BF95EA0C0F0CD050EA4106A1
S21401AD8018BF52EA4306D1D181EA030101F000411E
S21401AD904FF0000070BD50EA410606BF1046194646
S21401ADA052EA430619D094EA0C0F02D150EA013652
S21401ADB013D195EA0C0F05D152EA03361CBF104693
S21401ADC019460AD181EA030101F0004141F0FE4132
S21401ADD041F470014FF0000070BD41F0FE4141F4B6
S21401ADE0780170BD70B54FF0FF0C4CF4E06C1CEAB6
S21401ADF011541DBF1CEA135594EA0C0F95EA0C0F6B
S21401AE0000F0A7F8A4EB050481EA030E52EA033525
S21401AE104FEA013100F088804FEA03334FF0805546
S21401AE2045EA131343EA12634FEA022245EA111573
S21401AE3045EA10654FEA00260EF000419D4208BF24
S21401AE40964244F1FD0404F5407402D25B084FEAD1
S21401AE503202B61A65EB03055B084FEA32024FF47D
S21401AE6080104FF4002CB6EB020E75EB030E22BFDA
S21401AE70B61A754640EA0C005B084FEA3202B6EB9A
S21401AE80020E75EB030E22BFB61A754640EA5C0049
S21401AE905B084FEA3202B6EB020E75EB030E22BFD9
S21401AEA0B61A754640EA9C005B084FEA3202B6EBDA
S21401AEB0020E75EB030E22BFB61A754640EADC0099
S21401AEC055EA060E18D04FEA051545EA16754FEAFB
S21401AED006164FEAC30343EA52734FEAC2025FEA19
S21401AEE01C1CC0D111F4801F0BD141EA00014FF0A8
S21401AEF000004FF0004CB6E711F4801F04BF014379
S21401AF000020B4F1FD0C88BFBCF5E06F3FF6AFAE94
S21401AF10B5EB030C04BFB6EB020C5FEA500C50F124
S21401AF20000041EB045170BD0EF0004E4EEA1131A7
S21401AF3014EB5C04C2BFD4EB0C0541EA045170BDAE
S21401AF4041F480114FF0000E013C90E645EA060EF2
S21401AF508DE60CEA135594EA0C0F08BF95EA0C0F20
S21401AF603FF43BAF94EA0C0F0AD150EA01347FF468
S21401AF7034AF95EA0C0F7FF425AF104619462CE73F
S21401AF8095EA0C0F06D152EA03353FF4FDAE1046A2
S21401AF90194622E750EA410618BF52EA43067FF4F3
S21401AFA0C5AE50EA41047FF40DAF52EA43057FF483
S21401AFB0EBAE12E74FF0FF3C06E000BF4FF0010C8E
S21401AFC002E000BF4FF0010C4DF804CD4FEA410CF2
S21401AFD07FEA6C5C4FEA430C18BF7FEA6C5C1BD0BF
S21401AFE001B050EA410C0CBF52EA430C91EA030F40
S21401AFF002BF90EA020F0020704710F1000F91EA9D
S21401B000030F58BF994208BF90422CBFD8176FEA6A
S21401B010E37040F0010070474FEA410C7FEA6C5C38
S21401B02002D150EA013C07D14FEA430C7FEA6C5C3F
S21401B030D6D152EA033CD3D05DF8040B704700BF6B
S21401B0408446104662468C461946634600E000BFB9
S21401B05001B5FFF7B7FF002848BF10F1000F01BD8B
S21401B0604DF808EDFFF7F4FF0CBF012000205DF856
S21401B07008FB00BF4DF808EDFFF7EAFF34BF0120DB
S21401B08000205DF808FB00BF4DF808EDFFF7E0FF74
S21401B09094BF012000205DF808FB00BF4DF808EDC5
S21401B0A0FFF7CEFF94BF012000205DF808FB00BF2C
S21401B0B04DF808EDFFF7C4FF34BF012000205DF80E
S21401B0C008FB00BF4FEA410212F5001215D211D556
S21401B0D06FF47873B3EB625212D94FEAC12343F08F
S21401B0E0004343EA505311F0004F23FA02F018BF11
S21401B0F0404270474FF00000704750EA013005D1DA
S21401B10011F0004008BF6FF0004070474FF000009C
S21401B110704700BF4A0011D212F5001211D20DD5A8
S21401B1206FF47873B3EB62520ED44FEAC12343F047
S21401B130004343EA505323FA02F070474FF00000F1
S21401B140704750EA013002D14FF0FF3070474FF0A0
S21401B1500000704753B94AB9002908BF00281CBF30
S21401B1604FF0FF314FF0FF3000F08CB9ADF1080C15
S21401B1706DE904CE00F006F8DDF804E0DDE902230F
S21401B18004B070472DE9F04F099D0E4604460F4660
S21401B190002B47D18A429446B2FA82F35AD943B178
S21401B1A002FA03FCC3F120029F409C4020FA02F2FF
S21401B1B017434FEA1C461FFA8CFE220CB7FBF6F12A
S21401B1C006FB117701FB0EF042EA0742904208D9CE
S21401B1D01CEB020201F1FF3702D2904200F23C81E1
S21401B1E03946121AA4B2B2FBF6F006FB102200FB97
S21401B1F00EFE44EA0244A64508D91CEB040400F1FD
S21401B200FF3202D2A64500F22A81104640EA0140EA
S21401B210A4EB0E0400211DB1DC400023C5E9004368
S21401B220BDE8F08F8B4205D90DB1C5E900010021BB
S21401B2300846F5E7B3FA83F100294FD1B342C0F0CF
S21401B2400281824240F2FF800846002DE8D0C5E91F
S21401B2500047E5E7002B40F0AF808A1A4FEA1C4E04
S21401B2601FFA8CF70121B2FBFEF60EFB1620220C0C
S21401B27042EA004207FB06F090420FD91CEB02029D
S21401B28006F1FF382CBF4FF001094FF0000990423C
S21401B29003D9B9F1000F00F0DC804646121AA4B2B9
S21401B2A0B2FBFEF00EFB102200FB07F744EA024455
S21401B2B0A7420FD91CEB040400F1FF322CBF4FF05C
S21401B2C0010E4FF0000EA74203D9BEF1000F00F0A9
S21401B2D0C9801046E41B40EA06409CE7C1F1200401
S21401B2E08B4006FA01FC00FA01FE22FA04F7E6405A
S21401B2F08A401F4320FA04F34FEA174843EA0C0337
S21401B3001FFA87FC4FEA1349B6FBF8F008FB1066F4
S21401B31049EA064600FB0CF9B1450ED9BE1900F103
S21401B320FF3A2CBF4FF0010B4FF0000BB14503D98C
S21401B330BBF1000F00F0A2805046A6EB09061FFAEB
S21401B34083F9B6FBF8F308FB136603FB0CFC49EA2A
S21401B3500646B4450ED9BE1903F1FF382CBF4FF08F
S21401B36001094FF00009B44503D9B9F1000F00F007
S21401B3708280434643EA0040A6EB0C06A0FB028C03
S21401B38066454346E14602D307D1C64505D2B8EB2A
S21401B39002036CEB070C0138E1465DB1BEEB03021C
S21401B3A066EB090606FA04F422FA01F3CE401C43C2
S21401B3B0C5E90046002133E702FA03FCC3F1200287
S21401B3C099409C40D6404FEA1C4E20FA02F21FFAE2
S21401B3D08CF7B6FBFEF00A430EFB1066110C41EA31
S21401B3E0064100FB07F68E420ED91CEB010100F167
S21401B3F0FF382CBF4FF001094FF000098E4202D9E9
S21401B400B9F1000F34D04046891B92B2B1FBFEF66B
S21401B4100EFB161142EA014206FB07F191420ED9D4
S21401B4201CEB020206F1FF382CBF4FF001094FF06A
S21401B4300009914202D9B9F1000F16D04646521AB8
S21401B44046EA00410FE7841A66EB0302012017461D
S21401B450FBE6023E624421E702396244C1E66444E7
S21401B4600238D3E66444023834E7023E6244E6E733
S21401B47002386144C8E7023B3E447BE702383E445B
S21401B4805BE700BF704700BF2DE9F04F924685B0DD
S21401B49089461E460D46554A0390294615F8014B26
S21401B4A0135D13F00803F8D12D2C7CD02B2C4ED035
S21401B4B04FF0FF3102936FF00043CDE9001336F0F1
S21401B4C0100851D037464FEAE6783A464346DDE95A
S21401B4D00001FFF73FFE002383468E4618461946B5
S21401B4E0A44613E0ACF13704A6421FDD002B09DBAE
S21401B4F083457EEB010305D38E4508BF83453BD1CB
S21401B500A24239DA4FF0FF3315F801CBACF1300423
S21401B510092CE9D9ACF14104192CE3D9ACF1610449
S21401B520192C03D8ACF15704A642DFDC5A1C2FD0E5
S21401B530029A12B1404261EB4101BAF1000F03D009
S21401B540002B48D1CAF8009005B0BDE8F08F4FF047
S21401B550FF30029336F010086FF000432C7801F1AB
S21401B5600205CDE90003ADD1302C25D0002E3AD10D
S21401B5700A27B0463E46A8E700FB08F307FB01335F
S21401B580A0FB07010B44201843EBE4710123BBE742
S21401B5902223039A1360BAF1000F17D005F1FF3981
S21401B5A0DDE90001CEE74FF00047009301232C7838
S21401B5B08D1CCDE9017382E72B7803F0DF03582B4E
S21401B5C00CD086B90827B0463E467EE7DDE9000185
S21401B5D005B0BDE8F08FCDE90001DFE710276C78F4
S21401B5E002353E4671E710273E466EE7ED750400CC
S21401B5F04AE700BF10B4044C13460A4601462068C9
S21401B6005DF8044B40E700BF0C69002010B4044C01
S21401B61013460A46014620685DF8044B34E700BF2E
S21401B6200C69002020F0030110F00300C0F10000B7
S21401B63051F8043B00F1040C4FEACC0C6FF0000209
S21401B6401CBF22FA0CF213434FF0010C4CEA0C2CEF
S21401B6504CEA0C4CA3EB0C0222EA030212EACC12CF
S21401B66004BF51F8043B0430F4D0C2F1000102EAF1
S21401B6700102B2FA82F2C2F11F0200EBD200704759
S21401B6802DE9F04780460C464548264614F801EB5E
S21401B69010F80EC01CF0080CF7D1BEF12D0F5BD0D0
S21401B6A0BEF12B0F3AD0654633F010003ED04FF076
S21401B6B0FF379A46B7FBF3F703FB07F96FEA090969
S21401B6C0002630460EE0AEF1370C63451DDD002E38
S21401B6D004DBB84202D833D1CC4531DD4FF0FF361A
S21401B6E014F801EBAEF1300CBCF1090FEDD9AEF157
S21401B6F0410CBCF1190FE6D9AEF1610CBCF1190F82
S21401B70003D8AEF1570C6345E1DC731C1CD005B1C0
S21401B71040420AB1F6B91160BDE8F08733F0100077
S21401B72094F800E0654606F10204C0D1BEF1300F80
S21401B73017D06BBB0A234FF005091A4F9A46BFE78D
S21401B74000FB0AC00126CBE722233046C8F80030AA
S21401B750002AE1D0611EDEE794F800E00125B41C62
S21401B760A2E7207800F0DF00582807D083B9082325
S21401B7704FF007096FF060479A46A1E7102394F847
S21401B78001E04FF00F0902346FF070479A4697E7D1
S21401B79010234FF00F096FF070479A4690E700BFED
S21401B7A0ED750400999999196AE700BF10B4044C25
S21401B7B013460A46014620685DF8044B60E700BF61
S21401B7C00C69002010B4044C13460A460146206852
S21401B7D05DF8044B54E700BF0C6900200F4B70B5B1
S21401B7E00F4DAB42A3EB050607D0B610002401347B
S21401B7F055F8043B9847A642F9D80A4D1FF060FB5E
S21401B800094B5E1BAB424FEAA60606D00024013464
S21401B81055F8043B9847A642F9D870BDA06C0020A5
S21401B820A06C0020A06C0020A46C002070B58607D8
S21401B83047D0541E002A3ED0CAB2034601E0013C5E
S21401B84039D303F8012B9D07F9D1032C2CD9CDB29E
S21401B8500F2C05EB052505EB054535D9A4F1100C94
S21401B86003F1100E1A462CF00F064FEA1C1CB644C4
S21401B870C2E90055C2E9025510327245F8D10CF101
S21401B880010214F00C0F04F00F0C03EB021213D09C
S21401B890ACF1040323F003030433134442F8045BBE
S21401B8A09342FBD10CF003042CB1C9B21C4403F83B
S21401B8B0011BA342FBD170BD64461346002CF4D194
S21401B8C0F9E703461446C0E71A46A446E0E700BF78
S21401B8D088420ED98B1883420BD900EB020C002A42
S21401B8E06ED0624613F801CD994202F801CDF9D126
S21401B8F070470F2A0FD8034602F1FF3C002A5FD09B
S21401B9000CF1010C013B8C4411F8012B614503F845
S21401B910012FF9D1704740EA01039B0751D1A2F1EB
S21401B920100301F1200C70B523F00F0501F1100E84
S21401B93000F110041B09AC445EF8105C0EF1100E09
S21401B940103444F8205C5EF81C5C44F81C5C5EF81D
S21401B950185C44F8185C5EF8145CE64544F8145C20
S21401B960EAD1013312F00C0F02F00F0C01EB0311B8
S21401B97000EB031329D0ACF1040C1C1F8E462CF0EF
S21401B98003064FEA9C0C1E445EF8045B44F8045F11
S21401B990B442F9D10CF1010402F0030203EB840373
S21401B9A001EB840102F1FF3C4AB10CF1010C013BB1
S21401B9B08C4411F8012B614503F8012FF9D170BDB4
S21401B9C0704702F1FF3C03469AE76246EAE700BF8A
S21401B9D02DE9F04F82468E463F4875461EF801BB5C
S21401B9E010F80B4014F00804F7D1BBF12D0F5BD013
S21401B9F0BBF12B0F6FF0004904BF9EF800B005F1B4
S21401BA00020E33F0100010D1BBF1300F04D0002B22
S21401BA105ED10A231F4609E09EF8000000F0DF0011
S21401BA2058284ED0002B53D108231F460025B9FBBA
S21401BA30F7F6284607FB16980EE0ABF1370C634580
S21401BA401DDD002D04DB864202D321D1E0451FDA3D
S21401BA504FF0FF351EF801BBABF1300CBCF1090FFE
S21401BA60EDD9ABF1410CBCF1190FE6D9ABF1610C84
S21401BA70BCF1190F03D8ABF1570C6345E1DC6B1C25
S21401BA800AD004B140420AB1CDB91160BDE8F08FC9
S21401BA9007FB00C00125DDE72223CAF800305AB1B2
S21401BAA00EF1FF314846F0E79EF800B04FF000492E
S21401BAB005F1020E0124A4E74846BDE8F08F814651
S21401BAC0EEE710239EF801B00EF1020E1F46ADE719
S21401BAD010231F46AAE700BFED750400242B02D8E9
S21401BAE0012B00D074E710B500F02EFA1623036080
S21401BAF0002010BD10B5242A084C1346246807D828
S21401BB00012A05D00A4601462046BDE810405FE7F7
S21401BB1000F01AFA16230360002010BD0C690020FD
S21401BB2010B5242A084C1346246807D8012A05D0E4
S21401BB300A4601462046BDE8104049E700F004FAEF
S21401BB4016230360002010BD0C690020844641EADC
S21401BB50000313F0030349D1403A23D30B68036073
S21401BB604B6843608B688360CB68C3600B69036175
S21401BB704B6943618B698361CB69C3610B6A03625D
S21401BB804B6A43628B6A8362CB6AC3620B6B036345
S21401BB904B6B43638B6B8363CB6BC363403040312A
S21401BBA0403ADBD230320BD30B6803604B684360FC
S21401BBB08B688360CB68C36010301031103AF3D2C3
S21401BBC00C3205D351F8043B40F8043B043AF9D251
S21401BBD0043208D0D2071CBF11F8013B00F8013B24
S21401BBE001D30B8803806046704700BF082A13D331
S21401BBF08B07B1D010F00303AED0C3F10403D21A01
S21401BC00DB071CBF11F8013B00F8013BA4D331F858
S21401BC10023B20F8023B9FE7043AD9D3013A11F8D8
S21401BC20013B00F8013BF9D20B7803704B78437067
S21401BC308B78837060467047024B0146186816F091
S21401BC400EBD00BF0C690020024B0146186816F0B5
S21401BC5009BD00BF0C690020CAB384460B4630B547
S21401BC6004460843800719D09CF800000C78A042CF
S21401BC7012D150B3012A28D0E64603E01CEB030F8D
S21401BC8023D010B31EF8010F11F8014FA2EB0E03DB
S21401BC90A04203F1FF33F1D0001B30BD032A07D8C1
S21401BCA0E2E7043A11D01EF0803F0ED1032A10D9E4
S21401BCB02068194653F8045BA446A0F1013E0434FB
S21401BCC0A8422EEA000EECD0CEE7002030BD10468A
S21401BCD07047A4461946C7E780EA010C1CF0030F1B
S21401BCE037D110F0030C20F0030021F0030150F8C7
S21401BCF0042B08BF51F8043B0ED08CF0030C6FF0F8
S21401BD007F434FEACC0C23FA0CFC51F8043B42EA81
S21401BD100C0243EA0C0300BFA2F1013C9A4201BFA8
S21401BD202CEA020C1CF0803F50F8042B51F8043B1F
S21401BD30F2D04FEA02604FEA1222012828BFB0EB88
S21401BD40036F08BF1B0AF4D003F0FF03000EC01AEE
S21401BD50704710F0030F0AD010F8012B11F8013BC1
S21401BD60012A28BF9A42F4D0A2EB030070474DF88F
S21401BD70045D50F8042B01F0030521F0030151F88E
S21401BD80043B022D26D04DD822F07F45B5EB132F6C
S21401BD90A2F1013C2CEA020C0DD11CF0803C08BF3C
S21401BDA051F8043B0AD185EA0205B5EB036F0CD1C5
S21401BDB050F8042BE8E74FEA13235BE03CF07F4C96
S21401BDC054D10B784FEA126554E04FEA126503F03E
S21401BDD0FF034FE04FEA0245A2F1013C4FEA154549
S21401BDE02CEA020CB5EB134F18D11CF0803C08BFAF
S21401BDF051F8043B07D185EA0205B5EB034F09D19B
S21401BE0050F8042BE6E75FEA0C4C2FD10B884FEA7B
S21401BE1012452FE04FEA03434FEA12454FEA134318
S21401BE2028E000BF02F0FF05B5EB136FA2F1013C5D
S21401BE302CEA020C0DD11CF0803C08BF51F8043BE3
S21401BE400AD185EA0205B5EB032F0AD150F8042B77
S21401BE50E8E74FEA13630DE012F0FF0F06D051F842
S21401BE60043B4FEA122523F07F4303E04FF0000026
S21401BE7020BC704705F0FF0203F0FF00012828BF31
S21401BE80904204BF2D0A1B0AF4D0A2EB000020BC8E
S21401BE90704700BF08B5064B044613B1002100F0F9
S21401BEA0AFF8044B1B6803B19847204614F010FE08
S21401BEB001C00100D4510020002301461A4618464D
S21401BEC000F048B8032A30B415D941EA0004844684
S21401BED00B46A40704D0541E0FE0043A032A08D9DF
S21401BEE01946604653F8044B5CF8045BA542F4D04F
S21401BEF0F1E760461946541E7AB1431E013902190C
S21401BF0001E09A4209D013F8010F11F801CF6045FC
S21401BF10F7D0A0EB0C0030BC7047002030BC704757
S21401BF2038B5074D074C2C1BA41005D0013C55F81D
S21401BF30043D9847002CF9D1BDE838401EF0C6BF35
S21401BF40A86C0020A46C0020014B1868704700BF45
S21401BF500C690020F0B5264C83B006460F462568CE
S21401BF6005B36C681F2C3FDCA6B1D5F8880048B332
S21401BF70D0F800114FF0010C40F82420022E00EBFF
S21401BF8084020CFA04FC4CEA0101C0F80011C2F864
S21401BF90803010D0631C002002346B6045F824709A
S21401BFA003B0F0BD13491448216010B10068C1F810
S21401BFB08800104DD5E7D0F8043143EA0C03C0F8E9
S21401BFC00431E7E70D49CDE9002369B14FF48470E8
S21401BFD0FFF732FE40B100216C68C0E94011DDE98F
S21401BFE00023C5F88800C5E74FF0FF30D8E700BF4B
S21401BFF064520020D85100200000000039BC010026
S21401C0002DE9F04FDFF8B49083B0D9F8006096B30D
S21401C010884601907568D6F888706C1E2BD4013559
S21401C02007F1800B06EB8505B8F1000F26D1736882
S21401C0302A68013BA3423BD000232B60BAB1D6F855
S21401C04004A05FB30123D7F80011A3400B4225D00B
S21401C050D7F8040157F8241003422BD101989047D2
S21401C0607368D9F8002053451ED1B2421CD1013C59
S21401C070043D631CD8D103B0BDE8F08F4FB15BF827
S21401C08024304345D3D0013C043D621CF3D0002F3D
S21401C090F5D1013CEFD3013CFBD2ECE79047736846
S21401C0A0D9F800205345E0D0002AE4D01646B1E77F
S21401C0B07460C3E708469047D2E700BF6452002089
S21401C0C0431E033306D8044B984228BF18466428FB
S21401C0D038BF6420704700BF40420F0038B5194B87
S21401C0E005461B680C4603B1984744B1236833B133
S21401C0F01B68013303D0E3680BB1A3684BB91AF090
S21401C100A5F900204FF4C172412100F0FFF921206A
S21401C11038BD204602F04AFC00230B4A85F83C3124
S21401C120C5E93743C2E9003363694BB1074A422187
S21401C13010684FF4D272C31A5842584100F0E6F91B
S21401C1400020E5E7D4540020806500203855002003
S21401C150F8B504461EF0A9FB002607460E4B1B68E1
S21401C16093B19E68AEB196F82420D20711D4354615
S21401C1700FCC0FC50FCC0FC523682B6096F8243063
S21401C18043F0010386F8243038461EF089FB30461A
S21401C190F8BD1B68E4E700BF6069002010B50446DF
S21401C1A018B9054B054A136010BD00F0D9FCD4F848
S21401C1B0E830002BF6D1F4E7F75B03005C6900205A
S21401C1C0014B1868704700BF8065002008B502461D
S21401C1D00868FFF775FF08604868FFF771FF486059
S21401C1E08868FFF76DFF8860C868FFF769FF0B690D
S21401C1F0C860581C03D00B48834228BF03460B6116
S21401C2004B69581C03D00748834228BF03468869F8
S21401C2104B61FFF755FFBDE808408861104601F005
S21401C2207BBC00BF40420F00D0F8E0302DE9F04162
S21401C23005460C4613B1C38D8B424CD0D5F8DC3085
S21401C240002B4BD09E68002E48D0D868002845D0D9
S21401C250013800B200281ADB002106E0128A591CB8
S21401C260A24217D209B2884211DB0B1803EBD37333
S21401C2705B1003EBC30206EB8202B2F80EC003F1B9
S21401C280FF3EA445EAD90FFA8EF08842EDDA212066
S21401C290BDE8F0814FF6FF7299B29142F7D09BB29A
S21401C2A003EBC30306EB83062846B6F9122095F87E
S21401C2B03011D5F8F080EEF709FE0746B8F1000F09
S21401C2C004D00023324628461946C047EC85C5F8F7
S21401C2D0E06085F839710020BDE8F0810E20BDE8E8
S21401C2E0F08100BF2DE9F04782B004460F4616469E
S21401C2F001F086FE002863D14F4D2B68D4F8DCA0F0
S21401C300D4F8E0800BB1534576D04FF00009AF600A
S21401C31001F09EFE0128074665D1204619F0D5FF9B
S21401C320002851D12B68DAF80010D8F8002013B194
S21401C330186888426BD0204619F079FFC5E900A835
S21401C340D4F8F0508DF80760002D67D00022204603
S21401C35011460DF10703A847204600F0EDFF0546FC
S21401C360B9F1000F0FD076B9D4F88C300BBB012F82
S21401C37005D025B1314B002103205B68984728463C
S21401C38002B0BDE8F087B5FA85F040F207523321D6
S21401C390400900F0BBF83146204601F00BFA284B65
S21401C3A005461B68414620469847D4F88C30002B3A
S21401C3B0DDD000224FF40073204600F0E1FBD6E703
S21401C3C000231D4D6B6098E794F82530DA07A9D550
S21401C3D0D4F894305B05A5D51A4B012200212046DE
S21401C3E01B6898479EE70021012000F001FC01F040
S21401C3F02FFE0128FBD190E76B68002B85D04345C3
S21401C40083D1AB689F4215D04FF001097FE7696879
S21401C41011B10968914291D059688CE794F82A10B5
S21401C42094F839313246994228BF1946204600F021
S21401C430D1FE91E70025A2E780650020686900200B
S21401C4405C690020D8540020F8B50F4605461EF05A
S21401C4502CFA394606462846FFF7E6FE044620B182
S21401C46030461EF01DFA2046F8BD01F0A7FD224613
S21401C47039462846FFF736FF04460028F0D12846FD
S21401C48019F023FF0028EBD095F8253013F00103AF
S21401C4900DD0D5F8942052050DD5B5F82A21BA420B
S21401C4A005D0B5F82C31DB1BB3FA83F35B09034ADD
S21401C4B082F8C430D4E72346F9E700BF001E00B077
S21401C4C013B50446694619F0C4FC204619F008FE67
S21401C4D0FF28024606D020469DF80010EEF774FDB0
S21401C4E002B010BD0048FBE70080FFFF38B5044DE1
S21401C4F0044C054B286021601A601DF0D1FE38BD42
S21401C50068540020646900206C54002010B550B9AE
S21401C5100548064B0160064802601868054B18601E
S21401C5201868FFF7E3FF10BD64690020C4550020BA
S21401C5306C540020685400202DE9F0418AB001AC0B
S21401C54005460B462746194A02F1200C2646106876
S21401C5505168083203C662453446F7D1002B08BF3E
S21401C5603B46002710681C463060384603F10C062F
S21401C57090B95FFA87F842462846218819F0A8FE46
S21401C58050B942462846E18819F0B3FE20B9424622
S21401C5903146284619F0BFFE0137032F06F108067B
S21401C5A004F10204E4D10AB0BDE8F081107704007A
S21401C5B0F0B589B005460E4619F0BCFE044600BB30
S21401C5C001AC06F10C070FCF0FC497E8070084E80B
S21401C5D0070001A92846FFF7F9FD2846311D1AF084
S21401C5E083F8044648B92846074901F057FA044635
S21401C5F018B9284601F0C6FD044628463168FFF7FB
S21401C6009BFF204609B0F0BD08770400014919F0E8
S21401C61073BC00BF55E1010070B5164E03280446F1
S21401C6200D4633781ED023FA04F202F00102AA4224
S21401C6301DD053B10122A240A54023EA02032B4399
S21401C640DBB233704BB1012070BD2DB10A4B012016
S21401C6501B6898473378EDE73570074B00201B6859
S21401C6609847F0E79A07DED003F0FC03E9E70020DD
S21401C67070BD00BFCF620020AC54002038B5044620
S21401C6800D4605F077FD60B101F0C6FC48B9012DF5
S21401C69007D8012019F0F9FD0D4B1B6823B15B6823
S21401C6A098470C4B1C7038BD1EF059FA0A4B1A6895
S21401C6B0801A18601CF06EFF4FF47A72074B1B68E5
S21401C6C002FB003019F016FC012001F0ADFCE8E792
S21401C6D0D0540020716C0020A4540020A8540020DF
S21401C6E0F8B505460C461EF0E0F8104F06463B78B6
S21401C6F033B1012D04D01CB90D481CF09DFE3C70D1
S21401C70021462846FFF788FF0A4B04461B783BB9AB
S21401C7103B782BB919F0ADFD10B1074B1B68984754
S21401C72030461EF0BDF82046F8BD00BFD06200209E
S21401C73080540020CF62002068690020054A0B461D
S21401C740117831B100211170034A0121526818781D
S21401C75010477047D062002068690020124B0239EA
S21401C760012910B518701ED805F004FDD8B101F0E6
S21401C77053FCC0B101F034FAA8B90C4B1C6834B1B3
S21401C78023689847BDE81040002019F07EBD19F0D7
S21401C790AFFB074B18601EF0E2F9064B1860204607
S21401C7A001F042FCEEE710BD716C0020D054002071
S21401C7B0A8540020A454002038B5044680B11EF0C9
S21401C7C074F80121044608461CF0DAFA01210B4AE6
S21401C7D0084616F018F82046BDE838401EF060B846
S21401C7E01EF063F80546214601201CF0C9FA012017
S21401C7F02146024A16F007F82846EDE7D54C040014
S21401C800F0B585B01EF051F8344D04462B7823B1AF
S21401C81033481CF011FE002852D11CF097FE02AAE4
S21401C82003A919F010FD0346002838D019F01FFDA2
S21401C830029B98421CD100202A4B03991B682A4E62
S21401C8409942307020D90027C91A012324482B7039
S21401C850264A3346CDE900771EF05DF9002837D128
S21401C860234A1378D90701D53178F9B1204611E06A
S21401C87019F0FBFC029B984228D000231846194960
S21401C880194A0968137003910121FFF7C5FE0023B9
S21401C89020462B701EF004F8002005B0F0BD20469F
S21401C8A02B701DF0FDFF212005B0F0BD03F0FE0347
S21401C8B01370002BDAD10F4B1B6898472046E9E727
S21401C8C020461DF0EDFF0E2005B0F0BD0220B3E7B7
S21401C8D0032320462F703370F3E700BFD062002099
S21401C8E080540020A0540020706C00203DC7010039
S21401C8F0CF620020AC54002038B51DF0D6FF0F4D96
S21401C90004462B789BB90E4A0E4913700E4B0F4AFC
S21401C9100F481A600F4A5A60EFF782FF0E490F4818
S21401C920EFF77EFF0E4B0F4A1A6001232B70F0F7CC
S21401C93081F820461DF0B4FF002038BDD1620020EA
S21401C940D0620020347704006869002001C8010025
S21401C95070540020E1C601003C77040078540020A2
S21401C960AC540020B9C701002DE9F0438F7880460A
S21401C9700F2F0C4685B003D9212005B0BDE8F08302
S21401C98027B90123374A00201370F6E70D784E7851
S21401C990EDB9002EF0D194F90310E08803F00AF8FF
S21401C9A02128E9D055EA0603A088DFF8C89013D0FD
S21401C9B003F064F84FF60403B9F8002001469A42E2
S21401C9C04BD1AE42334638BF2B4600262DE0082D0C
S21401C9D0D2D8082ED0D8DEE703F050F84FF604057B
S21401C9E001464FF60500204A136E9BB2AB4208BFC4
S21401C9F00346B1F5803FA9F800300FD90223082578
S21401CA00136680230126C2F880302B4649084FF66C
S21401CA10FF720139914228BF114608E080230126A2
S21401CA2008251666C2F880302B460029EFD1002271
S21401CA3002920122013FFFB2009201972A4608F1B5
S21401CA40F80002F0B7FE1EB14FF48012074B5A658C
S21401CA50074BA2681A60022394E703480266A9F806
S21401CA600030AEE7D262002000C001B800D001B8A5
S21401CA70B8540020F86B002010B50446D0F81821F1
S21401CA800B4B4FF40061C3F8A82090F82420D20184
S21401CA9002F4006205F0D2FA94F8243013F0100F75
S21401CAA04FF4007314BF034A034A136710BD00BF57
S21401CAB0001E00B0001002B8002002B8431C07D0C8
S21401CAC06FF0FF02034B10401A62A3F58053186201
S21401CAD0704700BF00E000B8F8B504460F4616469A
S21401CAE01DF0E3FE0546A047044620B128461DF08A
S21401CAF0D7FE2046F8BD04F07FFC04220549D1F894
S21401CB00D83E23EA07033343C1F8D83E024B1A67DF
S21401CB10ECE700BF001000B0002002B800F01803D8
S21401CB20182B0AD003070AD440F2011310F01000A4
S21401CB3018BF1846034B186570470020FAE7012016
S21401CB40F8E700BF001F00B0044B1868830654BF07
S21401CB50C0F30F204FF6FF70704700BFA0550020AE
S21401CB6038B10368044A002B08BF1346034A136012
S21401CB707047014BFAE700BF3F5F0300746900206E
S21401CB8010B4D0E9544122400B4052EA030104D0CC
S21401CB9003495DF8044B096808475DF8044B704784
S21401CBA0746900200F2938B505460C460ED801F0E9
S21401CBB04FFA01280CD1074A2846D36B23F00F03FE
S21401CBC02343D36319F0C5FB002038BD2120FCE7C1
S21401CBD00220FAE7001F00B0014B186C704700BF37
S21401CBE0001F00B0014B002019647047001F00B001
S21401CBF003282DE9F347884655D82C4B13F80090A7
S21401CC002B4B1E5C2B4B13F800A01DF04EFE074667
S21401CC1004F03EFB054640B100230022CDE9003377
S21401CC2001200023002104F079F904F039FB48B112
S21401CC3000230022CDE90033002000234FF40041F9
S21401CC4004F06CF96EB31C4BDC6C04F008041B4B4F
S21401CC503146DC64484604F02DFC524631464846CF
S21401CC6004F092FC164BDC646DB1164B1868D0F8D4
S21401CC709410F83003F06EFA13490868FFF71EFFA8
S21401CC804FF0FF330B60B8F1000F04D00F4B0021BB
S21401CC9003205B689847384602B0BDE8F0471DF0B0
S21401CCA0FFBD3446D3E702B0BDE8F0874C770400F9
S21401CCB04877040044770400004000B8006000B8DC
S21401CCC0005000B8C4550020706900206869002033
S21401CCD00F4A136F13F0A00F15D1506F10F0040018
S21401CCE013D10C4BD3F8D83E23F07F4323F0FF0338
S21401CCF05BB1D368C3F30362092A07D0B2F10C0013
S21401CD0018BF01207047002070470120704700BF00
S21401CD10000002B8001000B070B50D46064620B9F6
S21401CD201A4B1B68A3B10E2011E001F091F90128FE
S21401CD3029D1174B93F90040C4F11C04641BC4F1BC
S21401CD401C03002BB8BF5B42232B0CDD212070BDDA
S21401CD5081EAE173A3EBE173DBB2232BF6D80C4B2C
S21401CD6019700020F3E786F828501DF09EFD094A49
S21401CD70E402D36904F4FF2423F4FF231C43D461A3
S21401CD801DF08EFDEDE70220E1E700BFC45500204F
S21401CD90D362002000C000B818B9034B93F9000015
S21401CDA0704790F928007047D362002010B50446FA
S21401CDB019F08BFA10B1012001F0D4F92046FFF7E3
S21401CDC05BFE1DF072FD0A4A0121D2F8A03004462E
S21401CDD023F02003C2F8A0300222064B08469A60D0
S21401CDE0054B5B68984720461DF05AFD002010BD94
S21401CDF0001E00B0001002B868690020064B5A6A8F
S21401CE00920207D4D3F8803013F4706F14BF012058
S21401CE100020704701207047004001B8F8B50E4663
S21401CE20D0F8943002EA010423EA01032343C0F850
S21401CE309430464A01F00B0323EA0401D1642340EF
S21401CE40A2F58052D3647207054610D50121FFF77B
S21401CE50D5FF60B104F0D0FA4FF4007314F0040F5C
S21401CE6014BF3B4A3B4A536204223B4B1A67F30604
S21401CE7006D514F0100F14BF00221B22374B5A653B
S21401CE8037061DD5200616D54FF40012304B1A6210
S21401CE90012203F58053C3F800211DF006FD0E2183
S21401CEA00746032003F09EF840F201222B4B38463A
S21401CEB0DA621DF0F5FC214605F1F80003F04AF9A7
S21401CEC0F10503D5E2052AD503F05CF8B30503D5D1
S21401CED0A70527D503F062F816F48C6F1DD014F45D
S21401CEE0806224D095F82530DC070CD5EA8DB5F89C
S21401CEF02A31934219D0B5F82C31981A434243414E
S21401CF00174A82F8C430D5F8E410284619F018F804
S21401CF108022144BD864144B1A610020F8BD03F02C
S21401CF202BF8D3E703F034F8D6E70123E8E77105D9
S21401CF30E9D595F82530DB07E5D5094B114683F889
S21401CF40C4200A4B28461B689847DCE7006000B8F7
S21401CF50005001B8006001B8002002B8004000B8D7
S21401CF60001E00B0001F00B0000002B8D854002018
S21401CF70014B1868704700BFC454002037B51DF038
S21401CF8094FC002401230022CDE900340023054649
S21401CF901946104603F0C2FF022002F0E7FA064BDC
S21401CFA021461C60054B02205B68984728461DF009
S21401CFB077FC204603B030BDCC54002068690020C1
S21401CFC02DE9FF4102290D4616469846039004D1E5
S21401CFD0FFF7D4FF04B0BDE8F0811DF066FC1E4FDC
S21401CFE004463B683BB1B34205D01DF059FC002313
S21401CFF021203B60EEE7194B0022C3F800803E601B
S21401D000002301264FF0000810461946CDE90066B8
S21401D01003F084FF124B022083F8008002F0A6FA88
S21401D02043462A46022003A902F0BEFA0D4B039A94
S21401D0301A6008B92046D8E70B4D2B689847212877
S21401D04004D020461DF02CFC0020C3E731466B6857
S21401D05002209847F5E700BFCC540020C8540020B2
S21401D060D5620020C454002068690020044B5B6E22
S21401D0705B054EBF0120034B187800F00100704796
S21401D08000C001B8D56200200A78022A11D0101F0C
S21401D0904242424152004B781201022B0BD0191F1B
S21401D0A04B424B415B000549054842EA8312FFF7B4
S21401D0B013BD0122EFE70123F5E700BFF0FFFF00F4
S21401D0C099E001000B78022B10D0181F4342434110
S21401D0D05B004A78022A0BD0111F4A424A4152008D
S21401D0E00F21044843EA8202FFF7F6BC0123F0E76A
S21401D0F00122F5E7C5E001002DE9F8430E78044664
S21401D100042E0D4690F830810BD100275FFA87F97F
S21401D110484601F07DFD08B14E4602E00137042F76
S21401D120F4D1304601F074FD002849D094F830312E
S21401D130B34209D1AA88D4F8A8309A4204D16A88A1
S21401D140B4F832319A4238D084F83061AB88304630
S21401D150A4F834316B88A4F83231AB8804F598759D
S21401D160C4F8A830FF2384F82B3019F0A3F984F80B
S21401D1702A00284601F078FC18BB284601F03EFD3F
S21401D180F8B9D4F8E03053B194F83011414506D0DF
S21401D1902046B3F91220EDF799FE84F839012046AE
S21401D1A001F09AFE0949A4F834010123084AD1F88E
S21401D1B0FC1004F1F80003F0AFFC0020BDE8F88392
S21401D1C021200C2384F83031F8E700BF001F00B09F
S21401D1D0581F00B0F8B5054690F830010C460C28EB
S21401D1E0164623D0FF2923D01AB14FF0FF32114B38
S21401D1F01A6019F05FF9074695F8300101F068FDED
S21401D200844228BF0446E4B2BC4238BF3C46E0B282
S21401D21085F82B0001F002FEFF280CBF2124002414
S21401D22016B9284601F068FD2046F8BD0224FBE742
S21401D2302124F9E77869002010B590F830310446CA
S21401D2400C2B43D0D0F8E03080F82A10D3B3D0F8B6
S21401D250F020CAB990F839318B421BD30022204600
S21401D260FFF7B8FF40BB1A4B1B78022B23D820468A
S21401D27001F032FE17490123174AD1F8FC1004F1D8
S21401D280F80003F049FC16E0B0F94220B3F9123079
S21401D2909A42E3DD0022204694F83911FFF79AFFFF
S21401D2A050B9C4F8E000204618F04DFD4FF6FF7364
S21401D2B09842014601D1002010BD2046BDE810402D
S21401D2C0FFF7C2B8FF2380F82B30F4E70220F3E71C
S21401D2D0FC6B0020001F00B0581F00B0F0B51D46C3
S21401D2E0144B04461B780F46164685B05BB1D0F842
S21401D2F0E030E3B102AAB3F912300092002214F032
S21401D300E4F905B0F0BD02A918F0A3FD9DF80810D8
S21401D3103A462046EDF7DAFD014626B92A4620466A
S21401D320FFF758FFEDE72046FFF786FFE9E71846C7
S21401D330E7E700BF9A4E0400D0F89C30012B01D1DC
S21401D3400020704770B5044665498CB019F0E7F8BF
S21401D350D4F8E0600146E58DC4F8E40026B13368F0
S21401D36013B15B68002B71D11DF09FFA1DF098FA7E
S21401D3700123D4F8E4108DF80630B389D6E90120EC
S21401D380EB1A9BB200FB03225648ADF80430036843
S21401D39000928B4207D0204618F0D2FD80225249D7
S21401D3A0524BC8641A61514D00F052FE0128FBD160
S21401D3B0AB689E06F8D420469DF80620009906AB79
S21401D3C003F0E6F800283ED100F042FE0128FBD12A
S21401D3D0464A136FD801FCD493689906F9D4684677
S21401D3E006A903F08DFA054668BBE28D404B5A64E8
S21401D3F094F8243060F3410384F8243000F0EEFF03
S21401D400D4F8E0305969431E0E68DBB2FD2B029654
S21401D41022D9F31C34D84B68FF2803935ED101262A
S21401D420DA1C25D8024602A9204618F0A1FFE6B963
S21401D430D4F8543199053FD494F8243043F00203CC
S21401D44084F8243011E002200CB070BD1A68032A5B
S21401D4508AD99B6A5B0E8EE74B6801280393DED060
S21401D4600246204602A918F083FF00200CB070BDCA
S21401D4700133204B5B6816D0DA1C23D80393D1E71F
S21401D4801C4B01361B6818BF0126DD1C06D802930B
S21401D4904B68FF280393C3D00020C3E7FF284B68DF
S21401D4A019D00393C3E7DD1C0FD80246204602A914
S21401D4B0039318F05DFFBBE720464FF4803119F067
S21401D4C0DFF8D2E7FF28B2D1E6E7FF28B0D1002285
S21401D4D0204602A9EDE701200393A1E72A46C0E70B
S21401D4E0FC1F00B0B4540020001F00B0000002B8BA
S21401D4F0008001B88069002010B50C4619B118F0FB
S21401D500E4FE00B10434204602F0B8FA024B404271
S21401D510C3F8C80E002010BD001000B0838E70B591
S21401D52093420C4615461CD3836C8B4208BF0024DD
S21401D5301DF0BBF94FF49C530B490646CA68C2F36B
S21401D5400362D340DA0702D50B6F9B0304D4012292
S21401D5502946204601F016F830461DF0A1F90020B4
S21401D56070BD2120FCE700BF000002B82DE9F84F8E
S21401D570064615460B4611B92120BDE8F88F002A4C
S21401D580FAD0032905D8002201F05EF903460028E7
S21401D590F2D01C889978B4F5804F01F0070080F02E
S21401D5A0C580A0F1070C1A7993F805A0DF88DCF195
S21401D5B0000343EB0C0305282B7394BF0023C1F330
S21401D5C00013C1F3801C6B738B0985F810C003F040
S21401D5D00203C1F3C00C43EA0C03C1F340116B74A0
S21401D5E0A974AF82002A40F0828096F81E31013B72
S21401D5F0DBB2EB74D6F89430DF0600F18380063890
S21401D60001287FD8B6F81280F76908F1FF38484B31
S21401D610083C04EA08045B6D3B5D0134802B0EBFB9
S21401D6206FF07F03323B5BB2AB730023AB6096F8BF
S21401D630279004EA0804B9F1000F61D1631D03EADB
S21401D64008035A1C02EA0802BA5CFB5C43EA02239E
S21401D650D9040FFA83FB4CD5D6F8E43013B11B6816
S21401D660022B05D841F24D724C210020FEF74EFFE9
S21401D670D6F8E420CBF30B0392F82420DB000AB1A2
S21401D680B3FBF2F39A4508D83BB1CAEB0A2ABAFBB8
S21401D690F3FA6FEA0A0A5FFA8AF9D6F8EC3023B190
S21401D6A0484695F90E1098478146631C85F80F90F9
S21401D6B003EA0803F95C013303EA0803FA5C013361
S21401D6C003EA080341EA0221FA5C013303EA08038C
S21401D6D0F85C41EA0241002341EA00616A7C304677
S21401D6E003F0D8FA06232860AB71002045E7531EE5
S21401D6F07EE717F804904FEA49095FFA89F9CCE703
S21401D7009946D2E700230020EB730A4B5A69C2F30D
S21401D7100723120448BF63F0FF035AB212F1800FC9
S21401D7201CBF323B5AB2AA730346DCE7022024E749
S21401D730004000B800C000B838B5148811F00305E1
S21401D7404FEAC40422D13F2C20D9B4FA84F4C4F1A0
S21401D7501903DBB2052B01D8192C15D0052B28BFD0
S21401D760052301240633DBB29C40C4F3CF031380A8
S21401D77003828161448700F02DFF054A631E23431F
S21401D780C2F8A430284638BD2B46EAE72125F9E73A
S21401D790001E00B011F5004F1FBF01F30E01044B30
S21401D7A0C1F30E01002014BF99642120704700BF09
S21401D7B0008001B8F8B504460E4619B990F8243031
S21401D7C05A063FD44FF6FF73618ED4F8E47099423F
S21401D7D004D0314B1B680BB1204698472F4D2B6860
S21401D7E0BB424DD02E4B1B683BB11FB13A68002A95
S21401D7F048D0BF683946204698470727204601F09B
S21401D8006BFB002E32D006270126264B94F92820E2
S21401D81093F900302449C3F11C039B1ACA69DB0241
S21401D82022F4FF2203F4FF231343CB61D4F8E43040
S21401D8301E4A2B601E4B976720461E7018F089FD06
S21401D8400020F8BD4FF6FF71144DD0F8E4702A6839
S21401D85066F386139742418680F8243017D0104B22
S21401D8601B68002BC1D101F037FB072711493B4646
S21401D870114AD1F8FC1004F1F80003F04DF9C2E7A3
S21401D8800127BBE71746204639469847B5E701F01A
S21401D89023FB0127EAE700BFC0540020B454002050
S21401D8A0BC540020D362002000C000B8006000B85D
S21401D8B0D4620020001F00B0581F00B0054A12684D
S21401D8C01AB190F81E1119B91047084602F0AABB02
S21401D8D001487047B054002000FEFFFF344B2DE98D
S21401D8E0F7431C6801F4007900F00103174653EA78
S21401D8F0090206460D4635D04FF000083BB300231B
S21401D900002200210120CDE9008803F007FB042056
S21401D91001F02CFE41462046FFF7D0FF012241468A
S21401D9202086104618F0C1F9D4F8941004F1F800D6
S21401D93002F010FC1F490868FFF7C0F84FF0FF33EC
S21401D9400B6094F8243043F0040384F82430B9F1D2
S21401D950000F07D00121204618F092FE25F400752D
S21401D96006430D432B4632462046FFF709F9FB07CF
S21401D9700FD51149114A0868002113681160012169
S21401D9800F4A117003B198470E4B002102205B68C5
S21401D990984717F00E0F08D04FF409723B2100206C
S21401D9A003B0BDE8F043FEF7B1BD03B0BDE8F083B8
S21401D9B0C455002070690020C8540020CC540020B3
S21401D9C0D56200206869002008B548220021024877
S21401D9D0FDF72CFF002008BDDC1E00B073B57821D2
S21401D9E06422A0F8141182210C23C0E94112C0E977
S21401D9F04322C0F8002107224FF0FF35002680F8A9
S21401DA0030314FF6FF730446C28700F14C02826440
S21401DA101E4AC385A0F8403080F82C304386426306
S21401DA20038780F82860C0F8A850458580F82650FE
S21401DA3003F03EFC2046FFF7C7FF94F92810204666
S21401DA40FFF76AF9602340F6FF71114A2046D36456
S21401DA5002F11C42D162D1650E4A2946D3644022A6
S21401DA600D4B1A67D4F89420FFF7D8F90E2300223D
S21401DA70CDE9003340F202231046194603F04EFA70
S21401DA8001F0E2F8304602B070BD00BF4000FFFF73
S21401DA90004000B8005000B8002002B810B50C468F
S21401DAA0FFF792FFBCB1A378082B16D8E278082AB4
S21401DAB013D843EA021313F0FF030CBF194661683B
S21401DAC0074AC2F8DC10217882F82011617882F8C2
S21401DAD0233182F82111002010BD2120FCE700BF70
S21401DAE0001E00B0012A10B512D8032B10D803EB84
S21401DAF082020123074C934094F82201DBB221B144
S21401DB000343002084F8223110BD20EA0303F8E71E
S21401DB102120F9E7001E00B0034670B50C68B0F886
S21401DB203421013408BFD3F800418D6808BF0C606A
S21401DB304C68F830013404BFD3F80C414C606E1CBD
S21401DB403CD1D3F80841CE688C60751C3CD1D3F823
S21401DB5004510E69CD60013604BFD3F8F8600E613A
S21401DB604E69013604BFD3F8FC604E618E690136FA
S21401DB7004BFD3F810618E618E695EB35A32B24229
S21401DB8038BF32460E688A6116B15A2E38BF5A26F9
S21401DB90C3F808414C68C3E94065C3E943420A69D2
S21401DBA0C3F8F8204A690C49C3F8FC20D1F8FC10E8
S21401DBB007230A4A02F0B0FF002070BD02F15A04A2
S21401DBC0AC4238BF2C46BEE702F17805B54238BFF5
S21401DBD03546BEE76422D5E7001F00B0581F00B0E7
S21401DBE070B51CF062FE04460B4E00F031FA0128B7
S21401DBF005D020461CF054FE0225284670BDF36869
S21401DC0013F0706FC3F30365EFD1B36ADB06ECD58F
S21401DC1020461CF045FEF0E7000002B838B51CF0BF
S21401DC2044FE4FF6FF710A4A13888B4203D11CF05B
S21401DC3037FE0E2038BD074C074D1B046566A4F55C
S21401DC408054636611801CF02BFE0020F2E700BFB3
S21401DC50FA6B0020006001B80000FFFF2DE9F743D2
S21401DC6004460F4615461E46FFF732F830B3A38A20
S21401DC7023B3204618F02FF978B9002E40F0F28031
S21401DC80794BD3F8D83E03F03002102A00F0EA8030
S21401DC9003F0C003402B00F0E580DFF80082D8F8DF
S21401DCA01430D90740F1DE801CF0FFFD0646032044
S21401DCB001F058FD30B130461CF0F2FD022003B0F1
S21401DCC0BDE8F083D8F8142012F00608F3D13046E8
S21401DCD01CF0E6FD644B4FF400612046D3F8D89E55
S21401DCE0D3F8AC6E04F0BEF940B14FF400720121D6
S21401DCF05E4B08461A67424617F0D7FF94F8253060
S21401DD00DA0707D5D4F894305B0542BF4FF40022FA
S21401DD10574B1A6739462046FEF796FB524BC3F817
S21401DD20D89EC3F8AC6E0028C9D194F82430980662
S21401DD3001D4002D57D0C5F3400003F023FB022386
S21401DD4015F4807F1BBF0021494A484A136717BF55
S21401DD50484A13675161136303F04EFB4FF4806327
S21401DD6015F0040F14BF444A444A15F0400F53629D
S21401DD704FF004023D4B28461A674FF0400314BF8C
S21401DD803F4A404AC2F88830FEF7C8FE204618F0DF
S21401DD90CCF938B14FF4807315F0010F14BF344A33
S21401DDA0324A1367A90647D54FF6FF72B4F84030DA
S21401DDB093420FD0344A3549526E100CC2F3011209
S21401DDC00132B3FBF2F308802B4A2C4930481B047E
S21401DDD048665366003D18BF012594F8243065F364
S21401DDE0451384F82430204618F06FFAF0B1204627
S21401DDF018F09BF9D0B14FF40031204604F032F907
S21401DE00431C03229BB2234801A918F016FB9DF878
S21401DE10042002F00703052B9DF8053015D11207E3
S21401DE200DD443F480731C4AC2F8B830002003B006
S21401DE30BDE8F04318F00EBBFFF7F0FECAE713F09B
S21401DE40040F09D19DF80630EBE703F03002202AD3
S21401DE5005D113F0010FF4E74FF48073E3E79DF863
S21401DE600630E0E70E202AE7001000B0002002B8D6
S21401DE70001002B800400054005001B8006001B81C
S21401DE8000D000B800E000B8004001B8FA6B0020EE
S21401DE900000FFFF08400054001E00B000C001B89B
S21401DEA02DE9F3410646884615461F461CF0FDFC43
S21401DEB00446032001F056FC38B120461CF0F0FC65
S21401DEC00E24204602B0BDE8F081042001F04AFC91
S21401DED00028F2D120461CF0E3FC01232A464146E5
S21401DEE03046FFF7BBFE04460028EAD1DFF8C880BB
S21401DEF05FB388F8000039463046FEF735FD002846
S21401DF004CD198F80030012B1CD02022244B1A67E4
S21401DF10244BDB6CB3F5817F1FD2012018F0DBFAAE
S21401DF201CF0C3FC204B06461B680193CBB901F0DD
S21401DF3093FC15F0800526D101F0E0FC284603F09D
S21401DF40F5F925E003F008FABBE798F80030012B55
S21401DF50F8D0002BD9D12124B3E78022134B1A61C4
S21401DF60DBE7042001F002FB00230122042001A9C3
S21401DF7001F01AFB0028DAD103F056FA21243046C4
S21401DF801CF08EFC9DE70022094B9A6701F0B6FC57
S21401DF90084B01215B6800209847F0E7044690E7AC
S21401DFA0001002B8001F00B0B8540020000002B8EC
S21401DFB000C001B868690020D262002008B50C4B89
S21401DFC0D3F84C114B1C12D011F080410FD1094BE4
S21401DFD01B6813B10320FEF70BFE4FF080624FF46F
S21401DFE00071054BDA67054AD16201225A6108BD04
S21401DFF00080E00FC4550020001002B8004000B8B1
S21401E0004FF40022034B186F03F500531A67C0F351
S21401E010C0407047000002B8024B586900F001008A
S21401E020704700BF00C001B8084B5A69D10707D531
S21401E03008B901F077BA5B69DA0706D401F064BA69
S21401E0405B69DB0701D40028F8D1704700C001B82E
S21401E0500F4BDB68C3F30363013B0B2B0FD8DFE8E1
S21401E06003F006060C06060606080A08080802203B
S21401E0707047042070470520704703207047054B02
S21401E0805B6913F0060F0CBF01200420704700BF28
S21401E090000002B800C001B8094AD368C3F303639D
S21401E0A00B2B08D06FF49050184100F0010080F05F
S21401E0B0010040007047106F10F48030EDD17047BA
S21401E0C0000002B80C4AD368C3F30363062B07D8D3
S21401E0D0042BD8B20BD8C31E584258414000704793
S21401E0E0072B06D1D2F830010028ECD17047022068
S21401E0F070470020704700BF000002B8094BDB687C
S21401E100C3F303639A1E012A8CBF00220122012B4E
S21401E11002701EBF4FF4026222FA03F303F00103FA
S21401E1200B707047000002B8094AD368C3F3036353
S21401E130032B01D0072B08D1536FDB0605D4906F54
S21401E14080F00800C0F3C00070470020704700BF91
S21401E150000002B8024B0022196818F097B800BFF9
S21401E160B0770400024B1B6803B11847704700BF25
S21401E170E4540020024B1B6803B11847704700BFE8
S21401E180E054002010B5FF224FF6FF71044618F048
S21401E1909FF868B9FF224FF6FF71204618F0A9F8DC
S21401E1A030B92046BDE81040FF22024918F0B3B846
S21401E1B010BD00BF547704002DE9F0411C46184BF2
S21401E1C005461E680F46904646B1306801F01CFEB3
S21401E1D0F3681BB1B368186801F016FE114B1B6893
S21401E1E02BB1DA681AB19B68186801F00DFE9DF82C
S21401E1F01830640744EA08425B0503F0BC6342EA50
S21401E200C7621A432846084942F4C87203F016FF4B
S21401E210002228461146FFF781F90020BDE8F0816B
S21401E220AC770400B07704009007E12D08B5FFF73E
S21401E2307BFF88B1094BDA6912030DD5186F10F40C
S21401E240003009D19B6F13F0100F4FF010030CBF75
S21401E250034A044A936708BD0220FCE7000002B89F
S21401E260001002B8002002B838B50446F8B1124AC8
S21401E270D3691B031DD5556F104BC5F38115032DAF
S21401E280B3F8B4300DD10822083B9BB221460C48A6
S21401E29018F0D3F80020084B25729B6F1B0A637297
S21401E2A038BD022D05D1023B2A469BB2EEE721205E
S21401E2B0F6E70220F4E700BF000002B8001E00B037
S21401E2C038400054431EDBB2FD2B14D9FF280B68DF
S21401E2D001D14A68134313F0802F1EBF42F2010298
S21401E2E0074BC3F8282251F82020054BC3F85022CB
S21401E2F0C3F8542270470128F5D10023E9E700BF8F
S21401E300004001B8F0B585B06D460E460F4B074686
S21401E31014460FCB85E80F000D4BD3F8480200904A
S21401E320D3F84C2201923EB1631EDBB2FD2B0AD913
S21401E3303060FF2C00D1726022462946384618F01C
S21401E34017F805B0F0BD012CF4E700BF5C770400B8
S21401E3500080E00FF0B585B06E460D4B07460D46C2
S21401E3600FCB86E80F0000F039F831460446024626
S21401E370384618F076F94DB140B9FF2C1BBF04ABF7
S21401E38003EB8404009B54F8103C2B6005B0F0BDF1
S21401E3905C77040030B50C4B0546187085B0082331
S21401E3A080B90A4AC2F8FC3351B96C46084B0FCB08
S21401E3B084E80F00074B2A4621461868FFF7A2FF9C
S21401E3C005B030BD044AEDE7726C0020001002B8BB
S21401E3D06C770400C4550020002002B8014B187861
S21401E3E0704700BF726C0020124BD3F8E020D203B6
S21401E3F01ED54FF480321049C1F8E020A1F58051B6
S21401E400C1F8EC201A6CD1B2C2F30722C3F880100F
S21401E410C3F880200422C3F880200022C3F880209D
S21401E420C3F88020C3F88020C3F88020C3F880207A
S21401E430704700BF0040005400600054F0220A4BB1
S21401E44001219A64A022A3F580539A64074B826C3B
S21401E450C3F8C010FC21C3F89810C3F89C204FF4F1
S21401E4600052C3F8BC207047006000B8004000545A
S21401E470F8B50D46174606461CF017FA0123042187
S21401E480084C094A2363A760E6602561C2F8E010DC
S21401E490064AC2F884311CF003FA0DB10223236345
S21401E4A0F8BD00BF004000540060005400E100E0E9
S21401E4B00222024B58611A63704700BF00400054A5
S21401E4C00122044B1A6640F6FF729963D863DA6537
S21401E4D0704700BF004000542DE9F04F042A05465E
S21401E4E00B4683B039D901260978141F81615A7801
S21401E4F003F1040982619A788261DB78836103689B
S21401E500D0F808B003F0070306339E4006F1FF3A41
S21401E5100AEA0B084768A6EB0802944247F0005740
S21401E5200ED84946224607EB0800FDF70FFB46EAE0
S21401E5300A0604EB0B023240AA6003B0BDE8F08F76
S21401E540494607EB08000192FDF700FB019A3846A1
S21401E55009EB0201A21B4244E7E7013A032AECD881
S21401E560DFE802F00B08050213F8012B826113F8AD
S21401E570012BAA6113F8012BAA611B78AB6103B0CA
S21401E580BDE8F08F38B50C46154601460F4B60B115
S21401E59001220F48C3F8C0202246FFF79DFF1DB198
S21401E5A004220A4BC3F8C02038BD64B1D3F8A420B6
S21401E5B0A24284BF0122C3F8C0200222C3F8A040B1
S21401E5C0C3F8C020EBE70122FAE700BF0040005481
S21401E5D09840005438B504461CF067F901211A4AE0
S21401E5E0638F054611663BB3B3FA83F3C3F1190390
S21401E5F0DBB2A069C2F8901093660723D066C2F812
S21401E6008C304FF4A02302F50052C2F8E030A2F598
S21401E6108052C2F8EC3000220C4B1A600C4B1B6F78
S21401E6205B0209D54FF480020A4B04F1F8001A6721
S21401E630D4F8941001F08EFD4FF4E0232846E363EE
S21401E640BDE838401CF02CB900400054E8540020C6
S21401E650000002B8002002B82DE9F84305460C4632
S21401E660B1B1D0F81880478F1CF01FF9B5F83CC03F
S21401E670791E01EA0C0323F00702032C0646DFF895
S21401E680F8E042445CD1DEF8004024B91CF008F9F9
S21401E6900E20BDE8F88324F00104DEF8000020F027
S21401E6A00100A04251D10023CEF8003023889442C5
S21401E6B06FEA43436FEA534323803CD1EB8F08EB69
S21401E6C007091846083880B202F108044C4528BFED
S21401E6D04446082804D9B4F800E0BEF5804F3ED27F
S21401E6E063440F431B1A3B409BB2AB87E8871188F4
S21401E6F094781C4AC1F30C0151645367C2F88C002C
S21401E7004FF48022184B04F00704C3F8E0200122DE
S21401E710164BC3F88421FFF767FE042C0BD14FF488
S21401E7208002134B05F1F8001B6F124B1A67D5F8E0
S21401E730941001F00FFD30461CF0B2F80020A8E757
S21401E740601E012898BF1446A7E7E88F4344E31AE2
S21401E75048BFDB1908389842A8DC304696E72246BF
S21401E760B0E700BF004000540060005400E100E044
S21401E770000002B8002002B8E8540020144B10B57F
S21401E7801968CA8F8B8F488F13440138073B8C69F1
S21401E790034023F007031C4402F108030D4A9BB211
S21401E7A0CB87C2F88C304FF480220B4BC3F8E020A5
S21401E7B001220A4BC3F88421A07800F00700042840
S21401E7C003D1074AD3681B03FCD4064B1C6010BD5B
S21401E7D0C4550020004000540060005400E100E0F1
S21401E7E0000002B8E854002010B5064C216839B183
S21401E7F0CB0703D4044B1868FFF72EFF00232360D2
S21401E80010BD00BFE8540020C45500204FF48032EC
S21401E8100B4B0C49C3F8EC20A3F50053C1F8E020DC
S21401E820D3F888109A6E012302F00702063293404D
S21401E830C1F30C01083B994201D8FFF7D5BD7047DB
S21401E84000600054005000542DE9F04780460C4605
S21401E85016468769458F1CF028F8B8F83C2005F164
S21401E860FF3C02EA0C0323F00701032C82463944DD
S21401E870B8F83E0019D1494C24689CB90244073ABD
S21401E88002EA0C0222F00702BC183B44E31A48BF16
S21401E8905B19834210DB50461CF002F80024204628
S21401E8A0BDE8F08724F00104EFE7012C02D0022C2A
S21401E8B0EBD108380C46E8E7002E3DD08C423FD11C
S21401E8C0374AD2F844903649B8F81270D1F8882001
S21401E8D0C2F30C02934247DA2588B5F5804FDAD2A7
S21401E8E0A378C5F30C0503F007037A1EA5EB09050B
S21401E8F03A43052B337005EA02052DD82DB2E843BD
S21401E90040F241420421C00FFDF700FE7580E37816
S21401E9103374D8F81C207B1E03EA0903D118B160B2
S21401E920A9B213FA85F5AF422FBF0023FF1AB780AD
S21401E930F26024BFB180F36050461BF0B1FFAEE732
S21401E940A4F10802974284BFED0802EBC502B2F8B3
S21401E9500090C9F30C09B6E7124B5B6D003B18BF7C
S21401E9600123A5EBC305C9E70B6C7A1EA3EB0903CC
S21401E9703A431A400C4915B2002DCB680BDCC3F3A1
S21401E9800363D81E43424341DB0033708B6F7280B2
S21401E9901B0A3374BDE70823F7E700BFE8540020DD
S21401E9A000400054004000B8000002B8054BA82201
S21401E9B0D3F84C013121431C0CBF0120C0F38070F9
S21401E9C0FDF7A4BD0080E00F38B5094D0446286860
S21401E9D040F69702003818BF01202B21FDF796FD5F
S21401E9E0FA235C432B680A20B4FBF3F4604338BD7A
S21401E9F01C550020174B30B51A68431C164B22D005
S21401EA00B2F1407F1FD3154D00F03F04D5F8002129
S21401EA1022F03F021443C3F8C84001F03F042243EA
S21401EA20C3F8D020D5F804310D4A1A400D4B03EA3D
S21401EA30500003EA510110431143074BC3F8CC00C1
S21401EA40C3F8D41030BD00200146C3F8C800C3F88F
S21401EA50D000F2E70080E00F001F00B0000002B80F
S21401EA601FF087E1E0FFFF7F73B5574E044631780C
S21401EA7019B91C225548FCF7D9FE2378544A6188F7
S21401EA80137051804FF0FC62524CFF21C4F8FC20F9
S21401EA904FF47F02C4F808214F4A022B4F4D1170E4
S21401EAA033D1042307224E49C4F8FC23C5F8FC33AE
S21401EAB0C4F800114FF4C071C5F80011C4F8FC2366
S21401EAC04FF48052C5F8FC33C5F870214FF400525C
S21401EAD0C4F87021C4F808314FF4FF13C4F8FC30B1
S21401EAE04FF4BB13C5F8FC308023C4F8703148F2EC
S21401EAF0C8023C4BC3F8D8203B4B3C4A0020C3F825
S21401EB00C02F0123337002B070BD394A012BC4F8FF
S21401EB100021384B27D14FF4C072C5F80021D3F835
S21401EB203802D3F83C12FFF765FF0723C4F8FC331D
S21401EB300223C5F8FC334FF48053C5F870314FF407
S21401EB400053C4F870310423C4F808310DEB0300F8
S21401EB50ECF7F4F89DF80530023B012B9CBF8023AF
S21401EB60C5F87031C3E7244AC5F80021D3F830024E
S21401EB70D3F83412FFF73EFF0723C4F8FC33012312
S21401EB80C5F8FC338023C4F870314FF4805301A8D4
S21401EB90C4F87031ECF7D2F89DF80530012B05D199
S21401EBA09DF8043053B948F25D1309E0FBD9023BE6
S21401EBB0012B9CBF4FF40053C5F8703148F258132F
S21401EBC0084AC2F8D83097E7D6620020C41F00B0C2
S21401EBD0FC6B0020002002B8766C0020001002B802
S21401EBE0C0F10F00001F00B0001000B0F05400206C
S21401EBF0C0F70F000080E00FC0F60F00034B1A6845
S21401EC0002609B8883800020704700BFFC6B002059
S21401EC1010B5044601F026F80A4BD3F8F83724B9A4
S21401EC2083F40023C3F3C04010BD012C05D113F4B7
S21401EC30C02F0CBF01200020F6E7A31E5842584102
S21401EC40F2E700BF000002B86FF07F42154BD3F821
S21401EC50FC37934208D0144A03F03F031370F123A4
S21401EC60124A1370124A13701249134B09781A6824
S21401EC70A9B1B2F1A06F12D3D3F850120F4A104BBC
S21401EC80B1F1FF3F18BF13460E4A136041F66A0200
S21401EC900D4B1B68B3FBF2F30C4A13607047084B2D
S21401ECA0F2E700BF000002B8776C0020786C002005
S21401ECB0796C0020756C00200080E00F5082E00F18
S21401ECC090770400EC540020385500201C55002095
S21401ECD0012807D0022802D030B100207047034B2C
S21401ECE018787047024BFBE7024BF9E7776C002078
S21401ECF0786C0020796C00200023F0B590F8304144
S21401ED0085B002462046CDE90133CDF80B30FFF73A
S21401ED10DFFF92F82B30411EC9B28B4228BF0B464B
S21401ED20002C3CD0012C38D1042418464FF00F0C8F
S21401ED30384E0DEB0405B0FBFCF7F75D013CC01B3C
S21401ED40C0B2814238BF00206055002CF3D10524A3
S21401ED500F278DF80830B3FBF7F0305C0344DBB2C5
S21401ED608B4228BF0B462B5501340B2CF3D10F26B3
S21401ED7002F1A800D43215F8013BB3FBF6F14C1CA6
S21401ED80C1EB01115B1A0133DBB2E4B21B0443EAA7
S21401ED90045340F8043F8242EDD105B0F0BD04248F
S21401EDA018464FF00F0C1C4F0DEB0406B0FBFCF59C
S21401EDB0EDB27D5D013C401BC0B2814238BF0020F0
S21401EDC0A055002CF2D105240F258DF80830B3FB91
S21401EDD0F5F0385C0344DBB28B4228BF0B46335553
S21401EDE001340B2CF3D10F2502F1A804D43216F806
S21401EDF0013BB3FBF5F1481CC1EB01115B1A013372
S21401EE00DBB2C0B21B0443EA005344F8043FA242FB
S21401EE10EDD1C2E7897704007C77040038B5284B2A
S21401EE2005461A7827490C2A02D1FF20087038BDFA
S21401EE30104617F03FFB04461046FFF749FFA8426D
S21401EE4028BF2846C0B2A04238BF20460B78C0B2C1
S21401EE508342ECD0087088B1431EDBB2022A1A49FD
S21401EE600ED14FF0FC62C1F8FC20A1F50051D1F89B
S21401EE70FC2042EA4353C1F8FC30D8E70346EDE7ED
S21401EE80124A134C1268AC32C4F8C02F4FF47F02FA
S21401EE90C1F808210F49CA6FD202C8D40F22B3FBAA
S21401EEA0F2F2551CC2EB02129B1A0133D1F808414B
S21401EEB01B0443EA05532343C1F80831B7E700BFF3
S21401EEC0FC6B0020766C0020002002B8C4550020A0
S21401EED0001000B0000002B82DE9F04F90F8305154
S21401EEE00646D0F8A82087B035BB1F2A38BF1F2298
S21401EEF0093A4C24844B85481B6A96F82B10C3F3B9
S21401EF008213DC400368DFF82CA29342DFF82882E4
S21401EF107F4B04F0010414D11F78A74211D19AF84F
S21401EF200070AF420DD17B4F3F788F4209D1B8F8C0
S21401EF30040007B0BDE8F08F032A38BF0322023A67
S21401EF40D7E7026098F800001C70FFF7C1FEFF29A2
S21401EF5024D1284617F0AEFA07466F493CB3D6F8D7
S21401EF60E4702FB13B68082B40F2CB8097F83870DD
S21401EF701DBB0B6840F27121B3FBF1F35343192219
S21401EF80B3FBF2F339462A4605A8059317F068FA4B
S21401EF9002023C04059842F0110988E0471E8F42A0
S21401EFA028BF0F46012F38BF0127FFB2D5E7012D35
S21401EFB029D0022D01D0B5B327460B6840F2712146
S21401EFC0B3FBF1F353431922B3FBF2F339460122A3
S21401EFD007EB072405A8059307EB042417F040FA6E
S21401EFE07F00032F38BF0327020242EA001242EADB
S21401EFF00009033F00F01F0007FA00F0FFF7E4FCEA
S21401F00000F5FA6758E00F23B7FBF3F3581CC3EB80
S21401F0100313FB1A0133DBB2C0B21B0443EA0053ED
S21401F020C3F30747C9E70C6840F27121B4FBF1F45A
S21401F0300F2354431922B7FBF3F3B4FBF2F437481A
S21401F040374A0068A2FB0412013350FA83F313F81F
S21401F050013C0392A3F140012A4603A8019317F04D
S21401F060FFF9039F2F4AE41BA2FB041200903021F4
S21401F070049204A82A4617F0F3F9DDF810B0814689
S21401F080A4EB0B0401220594102144F2100405A8F8
S21401F09017F0E6F9009B1A02019B42EA091244EABC
S21401F0A00344059B42EA000907EB0B001844FFF7EF
S21401F0B08BFC00F50C57283740F6FF711A4B384683
S21401F0C0C3F8C010A3F58053C3F8C090A3F58053CE
S21401F0D0C3F8C440154C276001F0B0FC4FF47A72B7
S21401F0E0134B4042986523680A49B3FBF2F3A8F82C
S21401F0F0043096F82B30B7FBF2F08AF800500B700C
S21401F10017E7002734E700BF004001B87869002000
S21401F110D7620020736C002038550020EC54002084
S21401F12069C2F568911E856B006001B82055002004
S21401F130001F00B0746C0020FC6B0020014B18709F
S21401F140704700BF756C002010B5044603F012F836
S21401F15078B1174B1B786BB964B1164B1B784BB162
S21401F160154B1B78013B012B04D84FF40042134B7F
S21401F170DA6710BD124BDB6F1B04FAD41BF095FB4C
S21401F1804FF400420F4B0446DA67A3F5A0435B68D1
S21401F1902BB1FEF741FF10B1022017F09CF90222B5
S21401F1A0094B2046BDE81040C3F884241BF078BB09
S21401F1B0D8620020D962002024550020002002B821
S21401F1C0000002B8001002B800D003500122024B22
S21401F1D000201A70FFF7B8BFD86200200022024B49
S21401F1E001201A70FFF7B0BFD8620020F7B50646B7
S21401F1F0504C00F037FD504B2578504F1E7085BBA4
S21401F2002846FFF7A1FF2378013B012B19D8E37BA2
S21401F21001A88DF80430237C8DF80530E8F7AEFFA1
S21401F220C7F884544FF6FF72454BC3F88420F82282
S21401F230A3F58053C3F884200022404BC3F88424EE
S21401F2400DE04FF6FF723E4BC7F88454C3F8842096
S21401F250F822A3F58053C3F88420C7F88454394BA9
S21401F2605BE00020FFF770FF2378013B012B08D8F5
S21401F270E37B01A88DF80430237C8DF80530E8F790
S21401F2807DFF0023C7F88434002ECBD062685AB3C2
S21401F2902D4B1B6803EB5203B3FBF2F3013B1B023E
S21401F2A043F0F80326782649022E284A1ED0032E5C
S21401F2B04FF6FF75214826D0012E34D143F00203C4
S21401F2C0C1F88450C2F884300723C0F88434E37B45
S21401F2D001A88DF80430237C8DF80530E8F722FF6D
S21401F2E00120FFF731FF17E0F823DBE74FF6FF7049
S21401F2F043F00103C1F88400C2F8843006220F4BA4
S21401F300C3F88424E3E743F00503C1F88450C2F848
S21401F31084300423C0F884340D4B4FF08042002023
S21401F320DA6703B0F0BDC1F88450C2F88430002318
S21401F330F0E700BF24550020D962002000C003502A
S21401F340006000B8002002B838550020005000B810
S21401F350001002B8F0B5294F06463D4604460FCECA
S21401F3600FC5336885B02B6000F07CFC0022244B6F
S21401F370C3F88424A17A627A42EA0142C3F890244F
S21401F380217CE27B42EA0142C3F88C24217B627B2A
S21401F39041EA0240C3F888043B78032B2AD8DFE809
S21401F3A003F022020C178DF8041004218DF80520B5
S21401F3B00DEB01000022E8F781FEE37B00228DF8C9
S21401F3C00830237C042102A88DF80930E8F776FE80
S21401F3D0637A01228DF80C30A37A042103A88DF8F4
S21401F3E00D30E8F76BFE074B187805B0BDE8F04026
S21401F3F0FFF7FCBE212005B0F0BD00BF245500205C
S21401F40000C00350D9620020034BDB6F002BBCBF4A
S21401F410024BC3F888007047000002B8004000B8ED
S21401F4202DE9F04717F0BBF84FF47A762D4BB0FB79
S21401F430F6F618604FF4FA73734307462A48190E16
S21401F4401B021818294A4FF0000341F10001FBF78F
S21401F45081FE274BA0F5807205461A6320B9482223
S21401F4602B21FDF753F801254FF47A724FF0000A6D
S21401F4706A43534650083102FBF76CFE1C4B1D4A8B
S21401F480B7F57A7F9A601C4B4FEA056819601B4BEB
S21401F4908946044618604FEA152505D29B222B2182
S21401F4A05046FDF733F801264FF47A73A8FB0301A3
S21401F4B003FB05117308C01841F100010023324611
S21401F4C0FBF748FE0E4B023419600E4B49F100095A
S21401F4D0A408186044EA8974054B013C9C63BDE8A6
S21401F4E0F08700BF3855002020A1070040420F00DA
S21401F4F000C001B802110100485500204455002003
S21401F500405500203C5500201022044BC3F88421AE
S21401F5105A600122024BDA60704700BF00E100E04A
S21401F52000C001B81022064BC3F88421C3F884201A
S21401F530BFF34F8FBFF36F8F0422024BDA60704721
S21401F54000E100E000C001B810B50446A242A2EBFB
S21401F5500000A3EB010104D2034B01399B6B01337D
S21401F560184401F0030110BD00C001B838B50125EB
S21401F5700A4B02019D504FF480730446084A8340AB
S21401F58053661BF092F9074AA540137823EA050350
S21401F5901370BDE838401BF083B900BF00E101B825
S21401F5A000E001B8E26200202DE9F84F1646054654
S21401F5B08A461F461BF079F9022E00F0908080469D
S21401F5C01BF080F9594B5A4AD3F82090147D5A6E95
S21401F5D0E4B2520744BFD3F82090013404F0030488
S21401F5E01BF06BF94846214600F036FA8446DAF8F5
S21401F5F00000012E04BF01306044ACEB000C08BFD4
S21401F600CAF80000BCF1804F7DD300F037FA81457F
S21401F610A1EB040188BF454BDFF834C188BF01F177
S21401F620FF3101F0030188BF9B6BA0EB090E0CF8BC
S21401F6300510A1B1F90742BF41F61F723D4B5A674B
S21401F640BA0742BF3B4B3C4A5A677B0742BF002280
S21401F650364B9A673C0742BF0022344B9A65112409
S21401F6604FF0010A314B05F11002120103EB051BA5
S21401F670CBF80C0131499C501A6A0AFA05F4586E07
S21401F6800B78A2EB0902E4B2234372450B7025D333
S21401F6904FF48073AB40034220D11CF80520002AAA
S21401F6A040D10EB3264AF807536607D541F61F71B7
S21401F6B040F201101F4B596750675967B90706D5C5
S21401F6C01C4B1D4A1E491F485A6748675A677A07E6
S21401F6D042BF01221C4B1A613B071AD440461BF05D
S21401F6E0DFF80120BDE8F88F184A2D0142F805A081
S21401F6F042F89C3C1BF0D9F810490B7823EA040326
S21401F7000B701BF0CDF840461BF0CAF80020BDE890
S21401F710F88F2120FFF778FE4FF48032034B4046E6
S21401F720DA60DCE7064A40465366D8E700C001B80F
S21401F730A855002000E001B800001F1FE26200206B
S21401F74000D001B800000101000002B800E101B8D4
S21401F750DA620020024B1878003818BF0120704783
S21401F760E2620020034B10300001185800F001003F
S21401F770704700BF00C001B870B50646FEF74CFCE6
S21401F780044608B1FFF7CEFE0023084D3046AB61B4
S21401F790EB612B6200F072F9054BC9B2197528624C
S21401F7A00CB1FFF7B1FE002070BD00BF00C001B86C
S21401F7B0A85500202DE9F0419DF818800D46B8F1B6
S21401F7C0000F08BF0022214EB5F5803FB1680746FD
S21401F7D021F4700141F4A001B1609DF820409DF82C
S21401F7E01C104FEA042444EA016444EA031444EA80
S21401F7F0084444EA02044FF0180140F2E9222CBF03
S21401F800002001207465FCF781FE3564B8F1000F15
S21401F8101AD00F4BBC68D3F888305A2C38BF5A24FC
S21401F8205B0606D500F0F0FB18B10A4BB3FBF0F30C
S21401F8301C44204600F022F90130854238BF0022E0
S21401F840024B34BF5A645864BDE8F08100C001B869
S21401F85000C000B800093D00214B10B51A6E1A66AB
S21401F860596C59B11F49C96800292EDB596D4FF0F3
S21401F870FF3301F00F018B409A4326D1102420203C
S21401F880FFF7C2FD184B9C6002F088FB2022174B45
S21401F890C3F8842101F0F4FC48B1002200200821BD
S21401F8A0FEF71CF8124B5C66A3F580531C670D4AE5
S21401F8B0D36803F07063B3F1807FF9D9084B0D4A22
S21401F8C05A6741F201429A6710BD01F0D9FC00283F
S21401F8D0F4D0094B064A5366A2F580521367EDE74A
S21401F8E000C001B8000002B8001002B800E100E054
S21401F8F000E001B8011B01181000002008B5212006
S21401F900FFF782FD4FF48032014BDA6008BD00BF7D
S21401F91000C001B8F8B5184D04462B6A1B0426D55D
S21401F92000F0E6FB2B6AA0FB044613F0787F4FEA53
S21401F9309367C3F34450C3F3044505D140F25A42DA
S21401F9402B21FCF7E3FD0120AD01B5FBF0F010EB38
S21401F950871005D140F25F422B21FCF7D7FD01202D
S21401F9600246002320463146FBF7F4FBF8BD00F0C3
S21401F9704BFBA0FB0401F9E700C000B802460120DA
S21401F98030B50B4CA0F12003C0F1200524FA05F593
S21401F99004FA03F32B4304FA00F595428B4100D396
S21401F9A030BD0F2801D00130ECE7FF20F8E700BF9B
S21401F9B040420F0010B50C46FFF7ACFFC30943EAFF
S21401F9C04163C01A61EBD111FFF7D8FFFF2814D0AD
S21401F9D00F220C4B40F01000C3F88820A3F580538B
S21401F9E0C3F88800A3F580531B6ADBB2802B06D0D0
S21401F9F02046BDE8104000F067BB212010BD022064
S21401FA00FCE700BF00E000B838B51AF05BFF084B12
S21401FA10084A1D6A147D5A6EE4B2520744BF1D6A35
S21401FA2001341AF04AFF284604F0030138BD00BF2E
S21401FA3000C001B8A85500200346064A103302EB61
S21401FA4000111B01D1F80C01D158C1F3400116F089
S21401FA504DBD00BF00C001B8064B1B68434303EB16
S21401FA608171054B1B68A3FB003013F1004341EB8A
S21401FA7000007047405500203C5500200C4A20F0FD
S21401FA804043014610B5002014684FF00042E4FBE5
S21401FA900320084A890F126802FB0300064B9B6B82
S21401FAA0984204D901330131C01A01F0030110BD97
S21401FAB0445500204855002000C001B8044B01F011
S21401FAC0F071103041F0030100011950704700BF7A
S21401FAD000C001B808B52220FFF796FC4FF480223B
S21401FAE0014BDA6008BD00BF00C001B808B5064B7F
S21401FAF04FF030401A6805499200FCF727F8BDE838
S21401FB00084001F0E3B800BFCC770400D0770400CA
S21401FB1070B50C68651C15D0C4F302669E42C4F32A
S21401FB20074530D1A4B294422DD804EB8506B242E3
S21401FB3029D2141BA50824F003040E59340F04D04F
S21401FB40012C08D00022212402E06B1C51F823204E
S21401FB50C0E9002470BD0E4C34F8133042EA03436A
S21401FB601A686B1C51F8234001EB83014B68224055
S21401FB705E4036F0704404D11B0F032B04BF8B6824
S21401FB801A430024E4E7013501EB8501C1E700BF14
S21401FB90A477040007B501A8EBF7D0F84822164B66
S21401FBA05A65164AD2F8D43023F4FC33C2F8D4305E
S21401FBB0134B1B689DF80530023B012B19D84022D8
S21401FBC0104BC3F8FC23104BD3F85C32DBB2FF2B8F
S21401FBD000D10623094A1B03D2F8FC139BB20B4340
S21401FBE0C2F8FC33D2F83021084B1A6003B05DF836
S21401FBF004FB00F0E7FEECE7008001B8000002B865
S21401FC00002000B0001002B80080E00FDC54002095
S21401FC1000224FF400710F4B10B51A675A679A67A6
S21401FC200D4AD162012102F5E8325161DA6812F01B
S21401FC30706FFBD14FF0304201245A6602F5FC5238
S21401FC4008329C66DA64054B1B689847044B5C6176
S21401FC5010BD00BF000002B8004000B87C6900205B
S21401FC60002002B801230F4A0F49C2F880328A6A7F
S21401FC7022F002028A620D4A53600D4A53600D4A11
S21401FC805360A2F580425360A2F54042536002F5EC
S21401FC90C032536002F580425360A2F500425360C1
S21401FCA0704700BF0080005000C0005000D000B870
S21401FCB000500054005001B808B5FFF7D3FF0E4BB3
S21401FCC00E4ADA6700F076FEFFF764FF03220C4B5C
S21401FCD0C3F8E020012203F54043DA674FF460726F
S21401FCE05A614FF40072DA67FEF778FBBDE8084008
S21401FCF00021FEF74FBB00BF000002B80048F0002D
S21401FD00005001B82DE9F04F054687B002900F4626
S21401FD1057F8044B631C06D1029B2C60E81A80102E
S21401FD2007B0BDE8F08F5FEA147B18BF0123344AA1
S21401FD30C4F3016108BFC4F3074332F81120A4B22B
S21401FD404FEAC30A2F4844EA02440AF104022A444D
S21401FD5082421BD20722CA4002F0010201929A0097
S21401FD6004EB830303930123B94603FA0BF808F067
S21401FD70940305F1080604920593039B09F104090F
S21401FD80A34208D1049955443944C0E71D4A954217
S21401FD90E0D80020C4E7059B53B918F0420F19D1EB
S21401FDA018F0280F0BD146F8084C59F8042C21E01E
S21401FDB04FF4206232210020FCF7A8FBF3E740F65F
S21401FDC0042232210198FCF7A1FB04F5805246F883
S21401FDD0082CEAE740F60D2232210198FCF796FB43
S21401FDE004F50052BBF1010F46F8082CDDD159F895
S21401FDF0042CD24346F8042C04340836BDE700BF71
S21401FE00A4770400003000B0F8B50546F0B100262E
S21401FE10154B34461F46154953F8042BBAB9A000B2
S21401FE2000F13040294600F50150FFF76BFF30B96D
S21401FE3040F6AE323621BDE8F840FCF767BB0C4B06
S21401FE400134044447F8265023F81640F8BDAA4268
S21401FE50FCD001360C2E02D031F81640DCE740F615
S21401FE60C83236210020E6E74C550020AA5B002068
S21401FE70AC5B002070B50446A8B1C1B1384A52F84F
S21401FE80043B984215D1002336498A689206FCD471
S21401FE909B00354A03F1304303F50153C2F8B030F5
S21401FEA02022324B9A6070BD01330C2B02D1304DAB
S21401FEB012E0012352F8041BA142F5D12D4A32F873
S21401FEC01330E1E704D16268C3E90012083403E0A5
S21401FED0012A01D1043419602268531CE3D0C2F30D
S21401FEE0016335F81300110C93B211F0FE0F43EACB
S21401FEF0004360680DD00434CAB2022A2168E1D9F1
S21401FF00D4E90160033AC3E9001698600C340C3357
S21401FF10F3E7120F072AD9D8DFE802F00704090D24
S21401FF201013181DC04303F500531860CEE71A6876
S21401FF3042401A60CAE703F58053F6E716F0CBFA9B
S21401FF40C4E7012203F580538240F2E7012203F55C
S21401FF5000538240EDE71A6830EA0202FBD1B5E7AA
S21401FF604C550020000002B8001E00B0001002B878
S21401FF70A4770400AA5B00200122014BDA677047D0
S21401FF80001002B80122014BDA677047002002B860
S21401FF904022014BDA677047002002B84022014B2D
S21401FFA0DA677047001002B80B4B1B68D3F8E430D1
S21401FFB023B11A68022A01D9186A7047074B9A6D4D
S21401FFC090B238B1064BC2F307421B68DB085343B5
S21401FFD0B3FBF0F0704700BFC4550020004001B8E5
S21401FFE038550020064BDB68C3F30363984206D1FD
S21401FFF0044AD36B23F0F00343EA0111D16370473F
S214020000000002B8001F00B0054B1B68D3F8E430AE
S21402001013B11A680A2A01D8FFF7C6BF186C7047D0
S214020020C45500202DE9F743064616F04DFA002483
S2140200308046DFF890901AF038FC0DF1070105466D
S2140200400DF10600FEF75AF89DF806308BB9721CC1
S21402005029D016F039FAA0EB080428461AF020FC3C
S2140200609DF8063013B99DF807303BB3A642E2D896
S21402007024E0D9F80C3013F4603FE8D0D9F8100029
S21402008016F08FFA731C074603D016F01DFAA0EB83
S214020090080428461AF004FC17F5007FE0D038461C
S2140200A003B0BDE8F08328461AF0FAFB9DF8063046
S2140200B0002BC0D19DF80730002BBCD1004FEEE7D5
S2140200C000FEFFFF00C000B810F1800F04D04D28DC
S2140200D0CEBF7F20323040B2FF22044BC0B21A623B
S2140200E0A3F5805318620020704700BF00E000B8F6
S2140200F00B4A10B5136E0B4C116E03F00703E35C4C
S214020100C1F3CD0101FB0333126E0748C2F3454229
S21402011002FB033300688001B0FBF3F010BD00BFA2
S214020120004001B89C77040038550020084910B5F5
S214020130D1F89C3040B11C46CA68D1F89C309C422B
S214020140F9D1C2F30362027003F00F0010BD00BFC4
S214020150000002B8094B01F080011B6F03F4800314
S2140201600B4309D14FF40012054B1A62837F1BB171
S2140201700122044BC3F80021704700BF000002B8FA
S214020180006001B8005001B82DE9F04F404F80469C
S21402019085B038680C4615F09EFE20B9002420462D
S2140201A005B0BDE8F08F224600214046FBF73EFB35
S2140201B0384B5D6915F00105F0D1FCF701F80646EB
S2140201C00028EBD03F68384615F0BDFD4FF6FF73AA
S2140201D0984234D04FF060512F4E304B304AD3F80D
S2140201E02090D6F88C3011624FF00061A2F5805252
S2140201F0116224220421C6F88C202A4A4FF4804B2E
S21402020091604FF480520027DFF8A4A0CAF868B0C5
S214020210F262A7421ED30421234A9160A2F5F0326D
S214020220C2F88C304FF060521D4B1A6209EA020384
S2140202301E4A13624FF480421D4B9A66AFE7314660
S214020240384615F024FD01463846FCF7FDF800282E
S214020250C0D0A3E7B26E5104FCD5B268D205F9D578
S214020260CAF868B0D6F890200135012D0392D0D98D
S214020270E21B042AA8BF042208EB070003A9019385
S2140202800092FBF763FC009A019B3A4497B2C0E7E0
S214020290C4550020000002B8004000B8004001B873
S2140202A0006001B8001002B8002002B8005001B881
S2140202B0006000B84FF604014FF60502044B012019
S2140202C01B6C9BB28B4208BF1346024A13667047EA
S2140202D00080E00F00C001B82DE9F74F81460F46B7
S2140202E04FF0FF35FFF790FB002601908A462C461A
S2140202F03046DFF8D8B006F110031B015BF8033076
S21402030003F00308B8F1010F15D13046FFF794FB4E
S21402031002460B4601985146FFF716F9DBF86430A1
S21402032006F10802D340DB0739D5002F40D000255E
S2140203302C463E6040460136082EDCD160B3234A86
S2140203400027D2F808C0916B0CF440330131A4FBAD
S2140203500141641941F10001B3F5003F30D1536BFE
S2140203600CF4405C013347F10006BCF5805F22D1F5
S214020370156B15F5807505FB06F647F1000203FBC3
S2140203800266A5FB03323244594304FB0212A3FB66
S21402039004341444C9E9003403B0BDE8F08FA8421F
S2140203A071EB0403C6D207B13E6005460C46C1E7B0
S2140203B03D463C46BEE7320242EA13621B02E3E7D0
S2140203C0136B13F5807347F10002DDE700C001B836
S2140203D008B516F0FAF8044B5A7C01230232934011
S2140203E0024A536108BD00BFA855002000200058ED
S2140203F02DE9F34105460F4668461146FFF76CFFA6
S2140204000646B0B1AFB1DDE900321B0A43EA026329
S214020410A5FB0384094B120A05FB02441A6812B9AB
S21402042016F0BDF80246002340462146FAF792FE31
S2140204303860304602B0BDE8F08100BF3855002073
S21402044037B50446FFF70EFCE17822791B4841EAED
S2140204500243C0F8CC34E579A37943EA0543C0F8F1
S214020460D03423784BB18DF8041004218DF8052082
S2140204700DEB01000022E7F721FE63785BB1042151
S214020480A37900228DF80430E3790DEB01008DF894
S2140204900530E7F713FE227801235AB1084AC2F85C
S2140204A0C834627802233AB1054A0020C2F8C8343A
S2140204B003B030BD034AF2E7024AF6E700C0035033
S2140204C000D0035000E0035070B52C4B0C461A784F
S2140204D012B92B4A926D1A702A4AD26F52054AD521
S2140204E01D78294B05F00F06B0FBF3F040434FEAA8
S2140204F0151505D140F27C622B21FCF707F8012086
S214020500224A0A217243B2FBF0F34843B3FBF1F6E8
S21402051002EB5002B2FBF0F201FB1633042BD2B20E
S21402052007D8C3EB8310C3EB80035BB283B96DB20B
S21402053017E0C3F10B0303EB8303DBB2B3FBF1F368
S2140205402B44DDB20F2DF2D9013AD2B2053DEEE7C9
S214020550053B5BB293FBF1F31D44EBB26DB2002D8B
S21402056004DB002042EA0512226070BD0132053328
S214020570D2B25DB2F5E70220F7E700BFE3620020E1
S214020580008001B8000002B8403B25008096980023
S2140205904FF0000C2DE9F84FA2FB017BC84EDFF8A6
S2140205A05CE3BE1999466BF10003B6457CEB030388
S2140205B008D240F23E220E216046FBF7A7FF022039
S2140205C0BDE8F88FD0F8E4A00C461546BAF1000F45
S2140205D004D0DAF80030032B00F21B81B94BBA4A7A
S2140205E09B6BD2F8FCA0C3F31408B84BD3F8EC30DC
S2140205F05E00B64B48BF48F400181B6E48EA4568D2
S21402060058074EBF4FF440039B0503F0E07348EAD9
S214020610030818F0C9FA012D0646D0D10028CED01C
S214020620AB4B984200F0048103F5122303F5F863FE
S214020630984200F00381A74B984200F02F810025D4
S21402064002462B4600204FF00071FAF783FD2B4638
S214020650013007FB03F3C8F3130100FB0B33A1FBC6
S2140206600662A7FB007001FB0522034420339B09A8
S214020670C9F80030F60C984B46EA423618F4801F4A
S2140206801C6008BF7642954B954DC9F81440344419
S2140206901E602C60BAF1000F00F0B9800023914969
S2140206A0C8F381528A5C194618F0807F18BF640826
S2140206B0002EB8BF764292066008C2FB06012246AA
S2140206C0FAF748FDDAF800300E2B08D97F4B7D4A40
S2140206D0926BD969D3F80C31C90600F1D68018F4AA
S2140206E0001814BFC42240F207127F49C0F3130059
S2140206F0A1FB04614FEA511102FB01F1C9F80400A3
S214020700DAF818004FF4FA73B1FBF0F118BF4FF0A5
S214020710000801FB03F3A4FB0262FA33A3FB0030DA
S21402072004FB0822B342904138BF0131C9B241F4FA
S214020730006CC9F808C000297ED0DAF81C00A1FBBC
S214020740003624B1B4FA84F20E2A40F38880E2031B
S214020750002E77D1B2FBF3F2530003FB0113A3FB87
S21402076000764FEA044EBE454FEA144474EB060682
S21402077009D34E003344A0FB0371BE4574EB01015E
S21402078002F10102F6D2C2F30E024CEA023C4CF02F
S2140207900063C9F8083018F007FA2B68002B00F03F
S2140207A08880B3FA83F4D4F102044CBF1C4623FAC1
S2140207B004F44E4B9C4288BF6408002846D0B4FB23
S2140207C0F0F3642100FB134201FB02F2904244D88C
S2140207D05A1E52085B08013B120242EA0313C9F88A
S2140207E00C3018F0ADF900285CD0B4FBF0F26421AE
S2140207F000FB124401FB04F4A0425ED8531E5B08C1
S2140208005208013A1B0243EA0213C9F810300020CC
S214020810D6E6042BDAF828807FF4FBAE18F0807F49
S2140208200CBF08F0E0734FF4400328F0E078EEE6E1
S21402083000232F481D460CE72120C1E600232D4841
S2140208401D4606E70B46002289E7044640F2C242EE
S2140208502B210020FBF75AFE2346013BB8E7C2F1E4
S2140208600F0702F1110E06FA0EFEFB4043EA0E03D4
S214020870A7F1200E26FA0EFE43EA0E03FE400133CF
S21402088004FA02F246F1000662E702F4801203F46A
S21402089000131A4308BFC0F5801020E7002316484D
S2140208A01D46D6E640F2E5422B21FBF72FFE621EDE
S2140208B0A4E70028C9D01C46CFE71446F7E700BFD6
S2140208C0006CCA88008001B8001F00B0004001B862
S2140208D000F04902005A620284550020805500202A
S2140208E07C550020B4770400D34D62103FBE4025ED
S2140208F00A3BB2DF313641DCD694BFD6807C814AD1
S21402090010B50B46044686B039B98279016821488B
S2140209106B460068FFF73CFE6B461F4A1968516338
S2140209201E4AD2F8FC2062B35A6842B11C4A1D49DC
S214020930C2F80C115968A2F58052C2F80C119A68D6
S21402094042B1174A1849C2F8EC109968A2F58052CB
S214020950C2F8EC101549D868D1F8642122F4EE6288
S2140209600243C1F86421D1F85C21186922F4EE62D0
S2140209700243C1F85C21A1F5FF4158692839FFF707
S214020980A3FD0020A2880A4B9A6203F5A0331864DE
S21402099006B010BDC4550020008001B8001F00B08C
S2140209A0006001B8FFFF0F00FFF8FF0F000002B85B
S2140209B0004000B84FF48062014BDA67704700BF10
S2140209C0001002B84FF48062034BDA67034B1B78C1
S2140209D00BB1034A93657047002002B8E362002019
S2140209E0008001B840B10368012B05D90069034BAA
S2140209F0002808BF1846704700487047BC770400B6
S214020A0010B590B10468012C0FD902696AB1116859
S214020A10094B102C196051685960916888BFD268DA
S214020A20996094BFD960DA6010BD10220021024896
S214020A30FAF7FCFEF8E700BF8C550020084BC117FA
S214020A401A68A2FB000302FB013310F1807043F127
S214020A500003400E40EAC310803820EAE070704778
S214020A609C5500200722164B70B5DA66154B164ABF
S214020A701D68164BEC08E005C0184FEA153141F127
S214020A8000010023FAF766FB114B124E18604EF671
S214020A906020FFF7D3FF4042C6F884000E48FEF7F8
S214020AA0EDFF024658B1E301500818184FEA1571D7
S214020AB04FF0000341F10001FAF74CFBF06570BD00
S214020AC0000002B83855002065CD1D00B2E60E00C3
S214020AD09C550020001F00B040420F0010B504468F
S214020AE098B10B4BD3F8FC00FFF78AFF4FF47A73EA
S214020AF003FB04F0074BA0F6AC50DA689B68104480
S214020B00C01ABDE81040FFF799BF4EF66020F8E71E
S214020B10001F00B08C5500202DE9F8430546084614
S214020B2014461E46FFF76CFF0DB306F0020716F0DA
S214020B3004061ED1DFB14FF47A706B685843002B5F
S214020B4040F08C80FFF77AFF60626B69002B00F042
S214020B508C804B4AD0684FF47A7202FB0300A0F5F1
S214020B6003501038FFF76AFF2062002E57D1BDE807
S214020B70F8832869002868D04FF47A735843404BAC
S214020B80A0F6AC509B68C01AFFF758FFE061A88B2E
S214020B9000285DD04FF47A735843394BA0F6AC5018
S214020BA09B68C01AFFF74AFF2061364BE968D3F804
S214020BB0008000294FD04FF47A735943304BA1F688
S214020BC0AC519A685B68891AC91A2F4BC8171A68FB
S214020BD0DFF8BC90A2FB011302FB003311F1807117
S214020BE043F10003490E41EAC3118039274B616184
S214020BF0DB6EA361D9F8003053B1404615F065FBB1
S214020C0030B12246D9F800301D49D8F8D8009847A6
S214020C100021A869FFF762FFA062002F8BD1A868A7
S214020C2030BB47F23050FFF709FFA0604FF47A70EE
S214020C302B6858432BB1124B1B6803F51C53103319
S214020C401844FFF7FBFEE06091E74EF660209BE754
S214020C504EF66020A6E74EF66021B6E7084B1B6804
S214020C6003F51C53103318446CE747F2305079E70B
S214020C704FF47A735843A0F503501038D3E700BFF9
S214020C808C550020C45500209C550020001F00B043
S214020C908855002038B5054608461C4615F037FC30
S214020CA00246D5F8E400FFF79DFE4368A018002B25
S214020CB0044AA8BF4FF4FA721A44034B92FBF3F2AB
S214020CC0104438BD0CFEFFFF18FCFFFF70B5124C37
S214020CD088B001AD0FCC0FC594E8070085E8070081
S214020CE08C2200210D48FAF7A1FDD42200210C48DF
S214020CF0FAF79CFD0B4B0C4A5A6301F04DFA0B4B6C
S214020D001B783BB1044E01AD0FCD0FC695E8070028
S214020D1084E8070008B070BDC41F00B0A01E00B073
S214020D202C1F00B0001F00B010111111D662002057
S214020D3008B519F0BAFD0E4B1A78A2B90D4A126818
S214020D4012F4843F0FD10C4A1021D1671B7863B985
S214020D50084B1B68DB0508D4074B2022DA67BDE880
S214020D60084019F09DBD054AEEE7044BF5E700BFC3
S214020D70E9620020A0150020002002B8001002B888
S214020D800A4B197801F0FF0229B1002119700849AF
S214020D909202C1F8B420597801F0FF0229B100216D
S214020DA059709302024AC2F8B8307047E4620020D3
S214020DB0005000B8064BD3F8D80E064B5B6F1A01EC
S214020DC003D4054B9B6E1B0401D500F5807070475B
S214020DD0001000B0000002B8004000B810B519F0CC
S214020DE064FD0E2104460320FFF7FCF840F20122C0
S214020DF0034B2046BDE81040DA6219F051BD00BF31
S214020E00004000B808B519F050FD4FF00042224BE2
S214020E10C3F88020BFF34F8FBFF36F8F0122C3F852
S214020E208420BFF34F8FBFF36F8F0222C3F8842054
S214020E30BFF34F8FBFF36F8F0422C3F88420BFF334
S214020E404F8FBFF36F8F0822C3F88420BFF34F8FF4
S214020E50BFF36F8F1022C3F88420BFF34F8FBFF308
S214020E606F8F2022C3F88420BFF34F8FBFF36F8F9C
S214020E704022C3F88420BFF34F8FBFF36F8F4FF427
S214020E808072C3F88420BFF34F8FBFF36F8FBDE825
S214020E90084019F005BD00BF00E100E008B519F0F2
S214020EA004FD4FF00042094B1A6001225A600422E8
S214020EB05A6008225A6010225A6020225A60402243
S214020EC05A60BDE8084019F0EBBC00BF00E100E044
S214020ED0012370B5074C2370074B1E68074B324040
S214020EE0D3E9005319402840FCF7F8FC002323708E
S214020EF070BD00BFE7620020A4550020A0150020A8
S214020F000022044B1A70044B197811B11A70FFF7BD
S214020F100FBF7047E8620020E96200202DE9F04723
S214020F20DDF820A003EA0108099B06460C4602EA01
S214020F30000703EA0A09BAF1000F40F04E81031FC8
S214020F400B4300F00E81052871F1000380F0E48067
S214020F5050EA010300F06081431E0B4300F0248137
S214020F60FFF750FFAD4AD2E9005323EA040325EA0D
S214020F7006053D4343EA0807A94BC2E900571E6827
S214020F80DFF8F48226EA0A0646EA09061E60FFF73A
S214020F90CFFE15F02A4F14BF48F202034FF4004367
S214020FA0A04AB007D26EA04848BF43F4005383EA73
S214020FB0020122EA0302C2669C4A0B408166D3669D
S214020FC0C5F380421203290348BF42F48072EB063F
S214020FD048BF42F40052964BAC0648BF42F4007239
S214020FE06806D3F80C3248BF42F48062290648BF2E
S214020FF042F400628F4882EA030123EA0203C0F841
S2140210000C328D4B0A40C7F34024A404C0F80812E1
S214021010C3F80C22EA0448BF44F48034AB0348BF4A
S21402102044F48014A80748BF44F4800415F4001F53
S21402103006D0D8F8000015F09EFB08B944F4002448
S214021040E90248BF44F40034FA0648BF44F40004F8
S21402105073077A4B48BF44F004041A6A44F4001437
S21402106084EA020323F0010375491A400A621C400F
S214021070CB61744B16F0010F1C62734B734A18BF98
S2140210801A46734B7C071B6F48BF42F000627148DA
S21402109082EA030123EA020303676F4B0A404166B2
S2140210A01A676E4A05F00103516CA0F5803081EA9A
S2140210B0030221EA0301416482631A40684B280254
S2140210C05A64D8F8002048BF664B92F8F62058BFFC
S2140210D0654B690748BF43F4806322B115F4C06FBD
S2140210E018BF43F480733207604A48BF43F0004398
S2140210F0D2F8EC105E4883EA010222F4A0221140E4
S214021100C0F8EC101340C0F8E0205A4ABDE8F04799
S214021110C2F8EC30FFF7C2BEA0F580630B4306D0E0
S21402112020F48063A3F500730B437FF419AF19F024
S214021130BCFB3A49D1E9003223EA060322EA04025A
S21402114042EA08023B43C1E900324B4A126892F86F
S214021150F610474A09B313F4C06F1ED04FF48073DB
S21402116011E019F0A2FB2D4AD2E9003123F0040364
S2140211703B4341EA080157EA0807C2E900314FF447
S21402118080633B4A0BD0C2F8E030A2F58052C2F828
S214021190EC30BDE8F04719F083BB4FF48073C2F819
S2140211A0EC30C2F8E030F4E719F07FFB1B4AD2E9D4
S2140211B0003123F001033B4341EA0801C2E9003152
S2140211C001232E4A57EA08071BBF9363A2F58052F3
S2140211D05364536408BF9363DBE750EA01037FF46A
S2140211E0BFAEBAF1010F7FF4BBAE19F05EFB0C4A3C
S2140211F0136823F0010343EA090313604FF4806384
S214021200144AB9F1000F04D05366A2F58052136750
S214021210BFE713675366BCE7BDE8F087A01500205A
S214021220A4550020004000B8006000B8005000B886
S214021230004001B8006001B8005001B8000002B8D2
S214021240002002B8001002B8041C000304180003B1
S21402125000C001B800E001B800D001B800C000B874
S21402126000D000B80D0A0A09090A0A09004000540B
S2140212700060005400500054C455002000E000B83E
S214021280024B5868C0F3C000704700BFA01500208C
S214021290024B186800F00100704700BFA01500203E
S2140212A0024B5868C0F3C030704700BFA01500203C
S2140212B010B50446FEF700FDFFF7A4FD2046FDF735
S2140212C0BDF8FEF7A5FCFEF7ABF8FEF71DF9FFF733
S2140212D0C9FB13490723134AD1F8FC1004F1F8009E
S2140212E0FFF71AFC4FF080710020FEF7E7FB4FF085
S2140212F000720D4B4FF400110120C3F80021FEF7D7
S214021300DDFBFEF7D7FF20B940F292321421FBF73D
S214021310FDF815F063F9BDE810400120FDF766BF41
S214021320001F00B0581F00B000D001B88023074A43
S2140213301367082340B11367054AD2F8A03023F09A
S2140213402003C2F8A0307047024AF4E7001002B841
S214021350001E00B0002002B810B519F0A6FA01214E
S21402136004460020FFF7E2FF044B1961044B5B685A
S21402137098472046BDE8104019F092BA000002B81D
S21402138068690020F8B5194C0546207840F2E44218
S214021390B0FA80F03E214009FBF7B8F855B96078FC
S2140213A040F2E442BDE8F840B0FA80F03E2140093F
S2140213B0FBF7ACB84FF440660D4F0E4DD7F8B4307D
S2140213C040F2E442C3F381232370C5F8B460607828
S2140213D03E21B0FA80F04009FBF798F8D7F8B8300B
S2140213E0C3F381236370C5F8B860F8BDE4620020D9
S2140213F0004000B8006000B8F8B5084C084D236FEE
S2140214000423084F2B67236F5B0300D4F8BD042622
S21402141002203E6715F05FF82E67F4E7000002B878
S214021420001002B8002002B8A82238B51A4B1D6F69
S21402143003F500531A6710229A60A3F5804302F15F
S21402144000521A675A66FFF79BFC144B1B7813B9B7
S2140214500320FEF78BF80024114B9C67FFF7CCFFA6
S214021460104A114BD2F8D81E0B40C2F8D83E0422BE
S2140214700E4B1A670E4BAA06C3F8AC4008D503F506
S2140214808073DB6CB3F5817F22BF8022024B1A6128
S214021490BDE83840FCF7C2BB000002B8E662002096
S2140214A000C001B8001000B0DF0000FF002002B844
S2140214B0001E00B010B549B930B3164AD3681B0EE9
S2140214C013F00E0F20D193689A061DD4FFF786FC00
S2140214D0104C0020FEF72AFE032801D0092805D169
S2140214E0636FDB03F5D4E36D0C2BF2D9FFF784FFB1
S2140214F04FF40072084BDA62012203F5E8335A61B0
S214021500042203F580531A674FF4C062034BDA6273
S21402151010BD00BF000002B8004000B8006001B86D
S21402152008B503210920FEF75DFD2022014B1A6152
S21402153008BD00BF000002B838B5054619F0B5F977
S2140215400E4B04461868FDF745F835B1FFF7D8FC90
S2140215502046BDE8384019F0A3B9094B1B78002B8A
S214021560F6D0084B1D78002DF2D1FFF7C9FC2A46AB
S2140215704FF480400021FFF7ABFCE9E7C45500209A
S214021580E8620020E76200202DE9F84F5C4B064631
S2140215900D4614461B6F002A40F0AE8013F0A00FD3
S2140215A014BF4FF001094FF00009FCF737FBA023E8
S2140215B04FF0000ADFF868810320C8F87030FDF7A4
S2140215C0D5FF0420FDF7D2FF4E4FFFF799FC4E4B96
S2140215D04FF0040B7B67C7F878A0FFF70DFF4B4B65
S2140215E04FF48071D3F8A020494842F02002C3F895
S2140215F0A020FF22C8F80820414A1161D0F8D82E50
S21402160044491140C0F8D81EC8F870B0C3F8ACA060
S2140216107B6913F0060F04D0FEF75CFA5846FDF716
S214021620A5FFB9F1000F08D04FF400623A4B1A67D3
S2140216304FF40042A3F5E0339A6666B1374BDB6C93
S214021640180701D4FFF7CAFBFFF76AFF0420FDF76D
S2140216508DFFFFF795FB2A4B5A69D10747D5DA6803
S21402166012F0706FFBD12E4B2E4A1A672E4AD36B9E
S21402167023F0F003D36315B12046FFF75DFF2B4B33
S214021680D3F84C315A1C01D05B0002D50122244B00
S2140216905A6164B3214BDA6E03F500539A6603F57A
S2140216A0D0331B6A1E4A23F00103D361204BD3F8C2
S2140216B00C1203F50053C3F8081203F50053D3F8CF
S2140216C0841003F5005399671A4BD3F8EC1003F510
S2140216D00053C3F8E010184B596C03F50053996396
S2140216E0164903F5803359664FF608431367002000
S2140216F0BDE8F84FFCF736BD4FF0000955E700BFCE
S214021700000002B800C001B800000101001E00B0CF
S214021710001000B0DF0000FF001002B8004000B862
S214021720002002B810003000001F00B00080E00F5A
S214021730004001B80040005400C000B85000002F1E
S2140217409B4B2DE9F04F9F6EDB6E85B01F40994B89
S2140217509F66994BD3F8E050D3F8EC301D40974B78
S214021760C3F8E050964BD3F80822D3F80C3202EABC
S2140217700309944BC3F8089203F52043DA691B6AFF
S21402178002EA0308904B08F47702DA618F4BD3F82B
S2140217900422D20605D4D3F80431C3F30016DB06BE
S2140217A051D519F082F88A4B5A695E6E1B6F12F099
S2140217B0060F06EA0306874A26F0007314BF4FF0A8
S2140217C0010A4FF0000A23F400637407536604D537
S2140217D0814A137D0133DBB2137519F061F8002FCD
S2140217E000F0E28017F4004300F0D38019F05DF8B1
S2140217F00146FFF7DFFA0446784BD3F800B0DBF871
S2140218000020DBF800309A42FBD0DBF800209A4238
S214021810FBD0FFF7CFFAA04217D1084619F040F8DE
S2140218206F4B1C606F4BD3F870B01BF4E0520ED1B6
S21402183024F07F4424F0DF040CB9FFF7F5FD4FF0E7
S214021840807B002414E0B246C9E70446D7E701923B
S214021850FFF7EAFD5C4B019A1BF480541A6740F0CE
S2140218609A801BF4806F0CBF4FF0805B4FF0806B4A
S214021870B80715D55B4A5448126F02F460410167F7
S214021880002900F08B80110400F18B8012F4005FB7
S2140218900CBF4FF000524FF0006200244BEA020BDE
S2140218A0C7F340377F00504A2A40002A4AD015F430
S2140218B0206F0AD040F6A31206210020FAF726FE71
S2140218C00020FFF739FE25F48025EB0506D5FF211B
S2140218D03D4A4BF4C06B9160FFF780FA15F0090F92
S2140218E00AD040F6B81208210020FAF70FFEFFF7DA
S2140218F017FE0121304A116315F0106F0CD040F626
S214021900C11209210020FAF701FEFFF709FE0022A4
S21402191011461046FCF736FE15F4202F0AD040F684
S214021920C91207210020FAF7F1FD0020FFF704FE96
S21402193025F48025E80301D5FCF768FF002DB8BF23
S21402194047F0080769070DD51B4AD26A12F4005FF2
S2140219504FF4005217BF19492449CA624BF4000BD0
S21402196008BFCA626A0548BF4BF0040B15F4802311
S214021970019300F0A480FCF701FF0138062837D84F
S214021980DFE810F028012B0128012E013101340175
S21402199034019B4655E74FF0804B52E74FF00072FA
S2140219A07BE74FF0004278E7BB463C467BE700BF4A
S2140219B0004000B8006000B80040005400600054C8
S2140219C0004001B8006001B8002002B800E100E063
S2140219D000C001B800E001B8A85500205077040006
S2140219E0A0550020000002B8090B0B8900500054D5
S2140219F040F6FA1203210020FAF788FD01218548F5
S214021A00826ED0F8883002F00702063201FA02F23D
S214021A10C3F30C0CA2EB0C0292B2072A12D97E4A2E
S214021A20126F53020ED47D4B826B806D5B6D5BB181
S214021A3002F0070206329140C0F30C00091A89B27E
S214021A40072901D84BF4007B754A1278002A36D053
S214021A50704AD2F8E02012F4A02F30D1714A7249AF
S214021A6012789AB9F20411D40A787AB14FEADB02F4
S214021A706E4842EA447282F00102D0F8D80E02F0B2
S214021A800102520020FA02F2930718D10420FDF751
S214021A906DFD674A67485067FFF732FA62490A786F
S214021AA04AB9654A127832B1644A654912680BEA45
S214021AB002020A4201D14BF4804B26F48056B9F159
S214021AC0000F1DD019F4805F18BF4BF4802B19F459
S214021AD0807F18BF4BF4002B19F4005F18BF4BF041
S214021AE0100B19F4007F18BF4BF0200B19F4806F0F
S214021AF018BF4BF0400B19F4006F18BF4BF0800B69
S214021B00B8F1000F48D018F4001F0AD04D4A1368E7
S214021B103BB1414A4C48116F00680022C1F3C061D4
S214021B20984718F4802F18BF44F4007418F4803FC6
S214021B3018BF4BF4805B18F4801F18BF4BF4003BB1
S214021B4018F4800F18BF4BF0020B18F4003F18BFB2
S214021B504BF4801B18F4000F18BF44F0100418F45E
S214021B60002F19D0394AD2F8A02012F0C00F13D095
S214021B702949CA68C2F30362032A01D0072A05D19B
S214021B804A6FD00602D48A6F120732D54FF400216C
S214021B902F4A28F40028D161002E00F01B8133055D
S214021BA040F18F802B48DFF88890C2782A49002AB5
S214021BB058D04FF40063013AD2B24B66C27032B9C3
S214021BC0264A1278C2B140F60141254A51670022E0
S214021BD0002173E04BF4803B10E74BF4006B0DE7FB
S214021BE04BF4806B0AE74BF4807B07E74BF0080B5D
S214021BF004E74BF4001BCFE7D9F8782012F4A05F75
S214021C0015BF4FF4807240F60142C9F85820C9F851
S214021C107820DCE700400054000002B8004000B81C
S214021C20E9620020E8620020EB620020001000B0AB
S214021C3000C001B800000101EA620020A0150020E1
S214021C40088D0100D8540020C4550020001E00B0A4
S214021C50002002B8DA62002000E001B8E662002046
S214021C6000D001B80320FDF781FCD9F81420A84B58
S214021C7012F0060F04BF41F61F72A649A64808BF17
S214021C804A674FF40061A34A5166D9F8142012F04D
S214021C90060208BFC9F878205A8A12F4006162D098
S214021CA022F400625A82027802F0FF09002A5ED10C
S214021CB0FDF710FFFFF7B8FB4A4620214BEA020B5E
S214021CC00C43B00009D52E20FDF79EFB4FF00051C5
S214021CD0904A44F0080411675166F10606D52B2097
S214021CE0FDF792FB10218B4A1167516616F0306F92
S214021CF005D1F20463D5BAF1000F00F0C0803301BB
S214021D0017D52920FDF780FB844A526C12B11021A8
S214021D10834A9160FFF7B4FA48B1824A82487D4905
S214021D204A66026700F54050C068400422D444F078
S214021D30040416F0007A28D00420FDF717FC2720AA
S214021D40FDF762FBFFF770FB4FF00071714A5166B8
S214021D50764AD2F8D82E520679D40221704A916079
S214021D6044F0020428E002784FF40052A6E74FF44B
S214021D7000422DE70A6720204A66FDF745FB2D2024
S214021D8044F00C04FDF740FBD3E716F0807FDFF843
S214021D908C9147D00420FDF7E9FB2820FDF734FBA1
S214021DA0D9F87820002A3AD1FFF73EFB594A5D4916
S214021DB044F00104116751660021584A9165720584
S214021DC008D55B498A78002A00F0D880013A8A70E2
S214021DD000221743574AD2F8A020130603D55846C6
S214021DE02146FCF7C7F93A4658462146FFF770F8EF
S214021DF0019B0BB1FCF7F8FC01224F4B05F00435B2
S214021E00C3F8E0504D4B18F4002FC3F884211EBFD0
S214021E104FF40022424BDA6105B0BDE8F08FC9F8F4
S214021E2078A0C3E7F104C7D50420FDF79FFB444A18
S214021E30C9F87420FDF74EFED9F8642012F0407FF0
S214021E40BAD12A20FDF7E0FAFFF7EEFA80E7394A20
S214021E50D2F8A0108B0683D402203A4988603A4909
S214021E60096891F82510C8077FF57AAF92F8C42062
S214021E70002A3FF475AF8021344A116170E7344A74
S214021E801268013202D04BF0010B98E728490A7912
S214021E9052B1013AD2B20A7112B9234A2D49516798
S214021EA000224BEA020B8AE70420FDF75FFB0320C1
S214021EB0FDF75CFB194A2249516718F0F6FC814689
S214021EC00DF10F00FEF732F9234A824612780AB164
S214021ED0FEF784FFBAF1030F0ED1DFF870A00020E0
S214021EE0FEF724F9032807D1DAF87420D103F6D4D2
S214021EF0DAF85C200C2AF2D99DF80F20032A2FD19B
S214021F000121164A4846117018F0CAFCC8E700BFFD
S214021F10A855002000E001B8E662002000C001B823
S214021F20002002B81000002000D001B8001000B057
S214021F30DA620020001E00B00060005400E100E0FB
S214021F4000000101001002B8C4550020000002B8CB
S214021F50706900200000010DEC620020E86200209B
S214021F60094AD2F8E02012F4A02FC9D1FEF7C8FF22
S214021F70484618F095FC4FF4804292E70220FDF79F
S214021F80F5FA012225E700BF004000540122024B69
S214021F901A62DA61704700BF002002B80D4B10B516
S214021FA0DC691A6A14400C4A24F47F01D161E20704
S214021FB006D5D9684FF0FF30C1F3036114F018FB61
S214021FC0630706D5BDE81040042200200021FEF774
S214021FD07FBF10BD000002B8002002B80C4A08B548
S214021FE0936B526C13400B4A9363DB070FD50A4B75
S214021FF040F663421878122100F00100FAF786FADA
S214022000BDE80840002201200021FEF761BF08BD9E
S21402201000C000B800E000B8A0150020054AD2F8BB
S2140220208430DB07FBD4936FD2F884201340024A35
S21402203093677047008001B800A001B870B51446D7
S2140220400D4618F032FC064BD3F8A06074402C40C4
S2140220507440C3F8A04018F023FC06EA050070BDE1
S214022060001E00B0034BD3F8A03099430CBF0120EA
S21402207000207047001E00B02DE9F04117460A43C3
S214022080012A1D469DF818409DF81C60DDF8208048
S21402209029D8B44227D2082E25D8032B23D8B8F144
S2140220A0000F20D00A460021FBF71CFDFF21EB00A3
S2140220B09940C943DFF834C008F1FF38FF00E2B2A6
S2140220C0964202D80020BDE8F0813D190CEB85054A
S2140220D0D5F8E02018F8010F0A4098401043C5F8DA
S2140220E0E0000134EBE72120EDE700BF001E00B060
S2140220F0034B1868034B002808BF1846704700BFFA
S214022100C0550020A09804002DE9F843DFF860903F
S2140221100646D9F8008008461746B8F1000F03D0E5
S2140221200E242046BDE8F88306B3336801331DD17A
S214022130E1B1FAF70DF805460028F1D0C9F800001B
S214022140FAF72CF8284613F067FD044640B14046DD
S214022150C9F80080FAF722F8284613F058FDE0E79F
S2140221603560002FDDD02846B847DAE72124D8E7C5
S214022170C4550020024B1868003818BF012070476B
S214022180C4550020002108B5024B08465B689847F4
S214022190002008BD686900200523064AA2F84A30D6
S2140221A092F8493003F0010363F0730382F8493072
S2140221B0704700BF001F00B00023F0B585B0CDE920
S2140221C001330393124B134D1B78134E8DF80430D4
S2140221D018F078FB2A78337804469A420F4F0CD0D0
S2140221E03178386801AA297014F037FA50B140F6EF
S2140221F008210B4818F05BFC04E0386814F00DFA6E
S2140222000128EDD0204618F058FB05B0F0BD00BFFF
S214022210516C0020826C0020836C0020E055002068
S214022220DA4C0400F8B52B4B1B7823B140F6FC3190
S214022230294818F03CFC18F045FB284B07461C883A
S21402224014F0060409D001214FF4807017F094FBB5
S2140222503846BDE8F84018F030BB21464FF480708F
S21402226017F08AFB204600F09DFF022808D1802244
S2140222701B4B8021186813F099FDFFF79DFFE7E7D7
S214022280204600F08FFF054638B1012807D040F6F9
S2140222903141114818F00BFCDAE70246E8E7FF2264
S2140222A00F4E104B30681A70FFF76CFF306814F050
S2140222B0B4F90128CCD02A462946306814F0AFF982
S2140222C021462C2017F084FB21460A2017F080FBBB
S2140222D0BEE700BFF2620020DA4C0400C65B0020B4
S2140222E0E0550020826C00200021014818F08AB9CF
S2140222F0E86900207F2837B5044610D14FF6FF73F1
S214022300022217480DF10601ADF80630EAF7D6FEAE
S214022310BDF80640E2054CBF6FF04A0464B218F0FE
S214022320D1FA104B05461C700F4B1B88DB0710D5E5
S2140223300E4B1B78002B0E4B0CBF21466FF07F0115
S214022340186813F058FD20B140F67861094818F075
S214022350AEFB284603B0BDE8304018F0AEBA00BF68
S214022360641002C07A6C0020C65B0020F362002074
S214022370E0550020DA4C040010B50FF0A2F960B167
S2140223800FF0A1F90B4A80B141F20D03BDE81040EF
S21402239041F20D01074817F041BC074B1A781B792A
S2140223A09A4204D100220023F0E70D23EEE7034A07
S2140223B0F9E700BF400D0300516C0020488D010074
S2140223C0F8B5164E0D46337802F0010423B140F2FA
S2140223D0C531134818F06BFB124B134F1D60134D9B
S2140223E0A4B1134B997801B10121202017F0C4FA49
S2140223F02B783B700F4B1C780F4B00211C7004236C
S21402240033700E48BDE8F84018F0FCB8214620208C
S21402241017F0B2FA2B783B70EEE700BFF2620020AC
S214022420DA4C0400D0550020EF620020846C0020B5
S214022430D4550020F0620020F1620020E8690020F6
S2140224402DE9F84318F03EFADFF8A0810546B8F801
S2140224500030614C13F4807F03D0237873BBFFF700
S214022460E1FE0021084617F0B3FA5C4B1A78FF2A01
S21402247013D01A7802F0FF0632BBFF221A702378B6
S214022480052B0AD100232846237018F016FA304688
S21402249014F073F918F016FA05462378504E062BF8
S2140224A009D13378FF2B06D03378022B15D10021C1
S2140224B04C4818F0A7F8FF2333702BE000214FF4A6
S2140224C0807017F059FACCE71A78012A4FF0FF020B
S2140224D014BF33264C261A70D4E7337813B13378F8
S2140224E0012B22D117F0E8FA07463E4896F80090EC
S2140224F001F0CEFBFF235FFA89F9337077B1B9F1A9
S214022500010F44D16421374884F8009018F07AF815
S214022510FFF752FE284618F0D0F906E02846277044
S21402252018F0CBF9384614F028F9B8F800301B0634
S21402253005D50021802017F01FFA12F031FC01F0B9
S214022540E3FA294E308000B32778012F42D117F0E4
S2140225506DFF054610B3013018F087FB00F44060AB
S214022560B0F5006F1AD104223946284617F09EFEAF
S214022570284418F07AFB4FF6FF7398420ED10020DB
S214022580318800F0F1FC00233380BDE8F883002395
S2140225902846237018F091F93F20C4E7114801F04D
S2140225A077FB002108462170012500F08FFC237876
S2140225B00BB9FFF737FE0020318800F0D5FC002368
S2140225C03380002DE1D020780028DED1BDE8F84324
S2140225D014F00BBA0025EAE7F2620020816C0020B4
S2140225E0806C0020E8690020C45B0020C65B0020E7
S2140225F008B513460A461946064B186813F088FCB7
S21402260030B1BDE8084040F2F441034818F04FBA32
S21402261008BD00BFE0550020DA4C040008B513469A
S2140226200A461946064B186813F06CFC30B1BDE832
S214022630084040F2FB41034818F039BA08BD00BF13
S214022640E0550020DA4C0400024B1878431E58422C
S21402265058417047F262002008B5064B1B7823B13A
S21402266040F22551044818F022FAFFF7DBFD00205D
S21402267008BD00BFF2620020DA4C040008B5054B24
S21402268001EB81011868490013F0B7FB002818BF58
S214022690212008BDE055002008B5044B1868F9F75C
S2140226A00FFF0A2390FBF3F040B208BDE05500206E
S2140226B0014B1878704700BF836C002008B5044BA6
S2140226C0186813F005FBB0FA80F0400908BD00BF99
S2140226D0E055002038B5124D0C462B78012B04D954
S2140226E040F246510F4818F0E2F921460020FFF763
S2140226F0E5FF90B10C4B1C702B785BB9FFF792FD8F
S2140227000A4B93F900100A4BC901186813F049FBEB
S214022710002038BDFFF750FDF2E72120F9E700BFA1
S214022720F2620020DA4C0400836C0020F46200207F
S214022730E055002008B5074B186813F0C7FA30B109
S214022740054BB3FBF0F083B20BB1184608BD01206F
S214022750FCE700BFE055002040420F002DE9F3479A
S2140227605C4E012018F0A0F93388990704D440F68D
S2140227703F41594818F09BF9DFF8808198F80030FD
S214022780053B012B04D940F64141534818F08FF916
S214022790524F3B6823B940F644414F4818F087F938
S2140227A0348814F0200478D00121222017F010F982
S2140227B04FF47A74FFF7BEFF3B681B780933434336
S2140227C004EBC30498F80030A5B2062B0BD117F021
S2140227D03BFD0446FFF7AEFF602358430C2303FB82
S2140227E00400284485B2D7F800903D4B99F8008043
S2140227F01C7808F1FF381FFA88F8002C52D133886B
S2140228005A0505D409F1010018F02FFAC0F3401456
S2140228103449354A887812784B7812FB00F2334FE7
S21402282093423B70A4BF9B1A3B703B78CA78BD604C
S214022830934238BF13463B700EF04BFF002833D04E
S2140228400EF045FF012814BF102508252543002356
S214022850DFF8ACA00093802243464946DAF800002F
S21402286013F0FDFA20B14FF43B611B4818F01FF934
S2140228701F4BDAF8000019781E4B197033889B0636
S21402288014D52A461C4B009713F0E5FEC0B900206B
S21402289002B0BDE8F04718F007B92146222017F02B
S2140228A097F887E70024B3E72546D0E72A460F4B7A
S2140228B013F0CFFE014618B9252017F089F8E6E78F
S2140228C02146262017F084F840F6F431024818F024
S2140228D0EEF8DCE7C65B0020DA4C0400D055002098
S2140228E0F5620020516C0020EF62002098690020FB
S2140228F0836C0020826C0020D4550020F2620020F7
S214022900E0550020184B10B51B889B0704D440F6F0
S214022910A661164818F0CBF8154B1B78053B012B21
S21402292004D940F6A761114818F0C1F8114B1B688C
S21402293023B940F6A9610D4818F0B9F800240E4BE9
S2140229400E4921201C7017F043F8014618B9BDE85D
S2140229501040FFF703BF022804D12046BDE810400E
S21402296017F0CCB810BD00BFC65B0020DA4C0400DE
S214022970F2620020D0550020ED6200201D2B0200DE
S214022980F8B55A4C23889A0704D54FF43E71584836
S21402299018F08DF8574801F07BF917F093FF23885B
S2140229A005465B070DD54FF0FF3013F09FFA524BEA
S2140229B01B68C01AB0F5717F03D90021042016F0F7
S2140229C0DBFF28464D4D17F078FF2B78042B32D1CB
S2140229D017F078FF238806465F0708D5454800218A
S2140229E017F010FE3046BDE8F84017F066BF17F045
S2140229F064FF17F067FF424B06461B78414F13B938
S214022A00238859050FD50523012102202B7016F0C5
S214022A10B3FFFFF777FF304617F04FFF3B68DA78D1
S214022A20394B1A70F8BD3868013018F01EF9820664
S214022A30E9D50623E8E7062B4DD1344B1B78FF2B4E
S214022A40F0D1334E0EF047FE3378002B3DD017F010
S214022A5039FF238805465B0705D52648002117F06F
S214022A60D1FD2846BFE717F028FF3378013B3370C5
S214022A7017F028FF04460121022016F07DFFFFF71B
S214022A8041FF20461F4C17F018FF2068013018F04F
S214022A90ECF800F44060B0F5006F13D12468012111
S214022AA00422204617F002FC204418F0DEF8014605
S214022AB0184B04201A783378D21AD2B2BDE8F840FE
S214022AC018F09CB84FF6FF71F2E740202B70BDE875
S214022AD0F84013F052BE012BA4D100232B700E4BEC
S214022AE01868FFF74FFB3F20F1E700BFC65B0020E8
S214022AF0DA4C0400E8690020CC550020F26200207F
S214022B00F5620020D0550020EE620020806C002086
S214022B10EF620020846C0020E055002008B50A4BC6
S214022B201A7882B9012210281A7004D040F69D61E4
S214022B30064817F0BCFF0021202016F01DFFBDE856
S214022B400840FFF70BBE08BDED620020DA4C040019
S214022B5008B5094B1B88DB0604D440F2C35107486C
S214022B6017F0A5FF1020002116F006FF044B186888
S214022B70BDE8084013F066BDC65B0020DA4C0400D0
S214022B80E0550020012208B5074B1146186813F0DD
S214022B9046FD00212C2016F01BFFBDE80840002150
S214022BA00A2016F015BF00BFE0550020014B400872
S214022BB0185C70477C6C002008B513460A46194616
S214022BC0064B186813F0AAF930B1BDE8084040F683
S214022BD0E941034817F06BBF08BD00BFE05500206F
S214022BE0DA4C040008B5044B186813F016FD0138D9
S214022BF018BF012008BD00BFE055002070B505468D
S214022C0017F060FE0E4B0F4E1B880446DA0735702F
S214022C1008D50D4B0D4D1B78012B08D901212868CC
S214022C2013F0A5FD2046BDE8704017F046BE1BB166
S214022C300EF045FDC305F1D4317881F00101EEE7CF
S214022C40C65B00207B6C0020F3620020E05500206B
S214022C500C4B10B51B880446DB0711D5FFF78CFB1F
S214022C60094B84F0010208211868D20013F09EF87E
S214022C7030B1BDE8104040F63671044817F017BF71
S214022C8010BD00BFC65B0020E0550020DA4C0400F1
S214022C9008B5044B0146186813F04BF9003818BF04
S214022CA0012008BDE055002010B50A4C23787BB100
S214022CB0FFF768FF0021042016F05EFE00210220C6
S214022CC016F05AFE00232370BDE81040FFF7AABA9A
S214022CD010BD00BFF262002038B5094800F0E8FCDB
S214022CE00024084D95F84430E0B2834200D838BD3F
S214022CF005EBC000043000F0DBFC0134F2E700BF55
S214022D0084560020E455002008B5104602494822A1
S214022D10F8F71CFF002008BD3C56002008B5054801
S214022D2018F035F8014620B9BDE80840014817F00A
S214022D3069BC08BD086A0020002238B51C4B15463F
S214022D401C461A700132082A5D609D8043F8085FAF
S214022D50F8D1482200211748F8F768FD4FF6FE73AF
S214022D60A4F868306FF48033E365134B00211A88A9
S214022D70124B1868F8F75AFD114BC4E91255C4E90C
S214022D80283584F8445084F85050656584F8A85075
S214022D90E9F7FEFCFF220B4B012118700A4B0020BC
S214022DA01A70E1F771FE0020FFF7B8FF002038BD69
S214022DB0E45500203C560020F46B0020C868002032
S214022DC00000FFFFF66200203C63002010B5AC2432
S214022DD0084B04FB0030836C53B990F850403CB962
S214022DE031B1C0E912122046FFF798FF204610BD07
S214022DF02120FCE7E4550020AC2370B503FB00F568
S214022E00094E731993F850405CB920460BF022FF26
S214022E10735D204643F002037355FFF77FFF20469B
S214022E2070BD0120FCE700BFE4550020AC235843E8
S214022E30024A135C23F0030313547047E455002040
S214022E4070B516461F4A04461278C2BBAC211E4D08
S214022E5001FB00518A6C92BB91F850203AB1022BCA
S214022E602DD191F84410072907D91C2026E091F8A5
S214022E7044100729F9D8012B08D0AC2000FB0450D7
S214022E80CA00011D0C30F8F723FD0021AC2303FB1A
S214022E9004F000249DF8143000EBC1012944CB71E4
S214022EA0049B8E808B602B1893F8442020460132B8
S214022EB08C7183F84420FFF731FF204670BD012055
S214022EC0FCE700BFF5620020E4550020F8B5234B6E
S214022ED004461B780F46002B3ED1AC23204D03FB45
S214022EE00053B3F8A03023B940F245311D4817F01D
S214022EF0DEFDAC2202FB0452D2F8A46036B192F890
S214022F00A33039460020B2F8A020B047AC230021F7
S214022F106343EA18A2F8A010C2F8A410482192F857
S214022F20A82001FB02322A44D2F89820964213D0F7
S214022F30EB5C9B070CD5AC226243AB5C204623F0CD
S214022F40020343F00103AB54BDE8F840FFF7E6BEC8
S214022F500BF0A2FE0028EED1F8BD00BFF5620020FD
S214022F60E4550020314D04002DE9F04F89B005905C
S214022F7008460D4617F05AFA044618B9212009B039
S214022F80BDE8F08F284617F06DFAC0B20838215C0B
S214022F90221892F802A00491D178526827780392F8
S214022FA00022B4F80130ADF81E20434A029192F88E
S214022FB000B0BBF1000F08D0404B1B681BB1204687
S214022FC04FFA8AF298470020D9E703F00703022B4C
S214022FD070D0013409225946204617F067F9023F9D
S214022FE03F1A3B0606465FFA87F8C7D4344FD7F82F
S214022FF09090B9F1000F27D100210DF11E0B434628
S21402300022460846CDF800B00BF05CFDC3B205467A
S214023010002B4BD1BDF81E0013F0F3FBE0B9BDF850
S2140230201E0013F0D7FC8146BDF81E0013F0E9FB24
S214023030F0B906EB080201232146584692B200F088
S2140230407BFDD0B119209AE75B465A4601212846F5
S214023050C8470028D0D191E7D7F89430BDF81E00B3
S214023060002BDCD0A11998470028D8D1022086E789
S21402307042464846A119F8F769FDBDF81E0017F04A
S214023080D5F9029B059A0372049B80F809A0837205
S214023090039B1BBAC360AC2303FB027393F8502056
S2140230A0BDF81E0022B1DB6C03B19847E8B266E7B2
S2140230B0BB6FF9E7012062E7F5620020C8550020E1
S2140230C0E45500202DE9F84308460F46164602F15D
S2140230D0010913F084FC8046384613F08BFB042863
S2140230E056D1384613F0AAFB48F661054FF6FF7232
S2140230F048F64103294C904208BF1D46B4F85C10BE
S214023100301D17F0B4FD384613F098FB0146B01D8B
S21402311017F0ADFDB4F85E1006F1080017F0A7FD33
S21402312006F10A04384615F01DF910B145F01005EF
S214023130ADB22946484617F09AFD384613F04AFCC7
S214023140424601462046F8F701FD3846012117F0AF
S214023150A5F94444074660B117F084F90546384697
S21402316017F064F9EDB201462A462046F8F7EEFC5F
S2140231702C440B4AA41B13780134591C1170F370AB
S21402318034703046BDE8F8430922012117F08EB8A4
S214023190484617F06AFD4C460546C3E7E45500204C
S2140231A0F6620020AC2210B548245043094B1A1888
S2140231B092F8A81004FB0100034493F87700022853
S2140231C006D092F850301BB9032818BF012010BD54
S2140231D00020FCE7E455002070B508B1012070BD60
S2140231E0234C94F8A850002DF8D12946B4F85C2058
S2140231F0FFF714FA29462846B4F85E20FFF7F8F9D6
S2140232002946284604F16002FFF7D6FC94F8773088
S214023210002BE3D0284694F85860FFF749FA864216
S21402322015D1002094F95A50FFF736FA854216D186
S2140232300020FFF7B7FF0446002016F0EDFF002837
S214023240CDD02146BDE870400020FFF705BA2846DB
S21402325094F85810FFF73EFA0028E2D0BFE70020A5
S21402326094F95A10FFF70AFA0028E1D0B7E700BF30
S214023270E45500200346AC2010B51446164A00FB5F
S214023280032292F8770002280CD1E07F022809D1A7
S21402329041B112490978012913D992F858102278B7
S2140232A091420ED118462178FFF708FA90B14822CB
S2140232B021460B48F8F74AFC002016F0ADFF08B985
S2140232C0002010BD044B93F8A8000028F8D1FFF7A1
S2140232D083FFF5E72120F4E7E4550020336200205F
S2140232E03C56002038B5AC230D4C054603FB004384
S2140232F000205A6DD86483F8500012B15865FFF763
S21402330027FCF5F75FFBFF281EBFAC2303FB054433
S21402331084F8A8000020FFF75FFF002038BD00BF3A
S214023320E45500207FB51D4C94F8A83023B1002048
S21402333084F8A800FFF750FF94F85A30B4F8A0605B
S2140233408DF80F3026B940F2FD21154817F0AFFB75
S214023350144B31461D6800202A46FFF7B3FEE46F81
S21402336002469CB10DF10F03019300232946304615
S2140233700093A04702462C7854B920462146FFF710
S214023380A5FD2046FFF7CAFC04B070BD0122F2E795
S21402339029460020FFF714F8F6E700BFE4550020A0
S2140233A0314D0400C868002038B5494B1C78002C03
S2140233B058D1484800F06CFC204616F02DFF002835
S2140233C050D0454C2378D90733D594F850201AB1FB
S2140233D023F00303237045E023F0010323700BF070
S2140233E043FC237805469A0701D50BF033FC2946A1
S2140233F000200BF049FA40B92378284643F001032F
S2140234002370BDE838400BF025BC0023482284F820
S214023410A33094F8A83084F8A25002FB0343D3F8F2
S2140234209830A4F8A000C4F8A430BDE83840FFF7EE
S21402343079BF94F84400B0B104F1A003251D95E8C5
S214023440030083E80300FFF76DFF94F84420284644
S214023450D20004F10C01F8F73BFA94F84430013B31
S21402346084F8443038BDA26C62B99B0711D5237824
S214023470002023F0020343F001032370BDE8384026
S214023480FFF74CBC0123A06484F8503090472378A1
S2140234909EE70BF001FC0028E9D194F8A83073B13E
S2140234A0F5F790FA94F85030002BDBD1FF2818BFBE
S2140234B084F8A800BDE838400020FFF78DBED4F897
S2140234C08C30002BECD098470028CBD1E8E700BF21
S2140234D0F5620020086A0020E455002070B5044614
S2140234E0002016F099FEAC235C430B4E351995F876
S2140234F050300BB1002070BD0028FBD0074817F0F3
S21402350046FC0028F6D1335D002BF3D195F8440033
S214023510B0FA80F04009EEE7E4550020086A002081
S21402352010B5084A034613F068FA14684FF6FF729D
S21402353003EB40039C42184603D9018802339142AA
S214023540F8D010BDA05600202DE9F047204F0546C2
S2140235503B88A3B3B0F90230002B30DBDFF87C8067
S2140235601C49D8F80000F8F7B7FB20B94FF4EA7107
S214023570194817F09CFA0026DFF85CA0DFF8609086
S2140235803A88B3B29A4204D84FF4EB71504617F019
S2140235908EFAD9F80030B2B253F83200D8F80010DA
S2140235A003EBC20468B943F83210A38828460133F5
S2140235B0A38013F022FAE38803EB4003E380BDE81E
S2140235C0F087F8F789FB01360028D9D1EDE700BF6E
S2140235D0C85B0020FE4C0400084D0400286A002048
S2140235E09456002038B5094C094D22682B689A4239
S2140235F004D94FF48771074817F059FA28682368E8
S214023600C01A20F0010080B238BD00BFA0560020CC
S214023610A8560020084D040038B5124C124D21461B
S2140236202846F5F77DF823680BB12B681BB9DE2117
S2140236300E4817F03CFA2A680D4B0E491A602368AA
S21402364023F0010313440B600B4B1A602AB9BDE842
S2140236503840F821054817F02ABAFFF7C3FF642856
S214023660F5D938BD985600209C560020084D040017
S214023670A4560020A8560020A056002038B5094CB3
S214023680094D22682B689A4204D34FF48A71074880
S21402369017F00DFA28682368C01A20F0010080B2DD
S2140236A038BD00BFA4560020A8560020084D0400CE
S2140236B02DE9F0411D4B04461B78012B24D10088CE
S2140236C016F096FE0546D8B10426DFF864802C462E
S2140236D017F0F8F807462046FFF736FF638843EAF6
S2140236E008036380A05B16F083FE0446384617F094
S2140236F0E4F81CB1B4F90230002BE9DA062E01D147
S214023700BDE8F0810626E2E7022BF9D117F0DAF8D7
S2140237100246208816F06CFE18B10388C3F30E0327
S21402372023801046BDE8F04117F0C7B8F7620020C4
S2140237300080FFFF2DE9F04F0024BA4B97B00646F3
S2140237401C8017F0BFF80123DFF8EC82B64F3B70FF
S214023750B8F80030A8F80040ADF81630B34B1B6836
S214023760019317F0AAF8B24B21461A88B14BD20041
S2140237701868F8F75BF80DF11600FFF799FF002EB0
S2140237803CD1DFF8B8924FF0000B0125D9F8004083
S214023790019B9C4239D3BBF1000F39D1002DF2D0E8
S2140237A0D9F80040DFF898A225462246019B9A42A5
S2140237B073D302230DF116003B70FFF779FF002E3C
S2140237C040F08F80D9F800603246AA4280F0A2808C
S2140237D0908816F00DFE18B10388C3F30E0393808B
S2140237E0D08816F005FE18B10388C3F30E03D38003
S2140237F01046FFF795FE0246E7E79847E3B256F80B
S21402380023300134002BF8D1BBE7BBF1000F3ED0CA
S2140238100BF1FF335FFA83FB16AB03EB8B0252F816
S214023820402CB2F9020051880028B1DA4B04AFD41A
S214023830924641F48040931D2AF8020F02933AF80A
S214023840020F16F0D5FDF0B1B0F902E0B0F802C0F2
S214023850BEF1000F17DB6FEA4C4C6FEA5C4CA0F827
S21402386002C00390FFF770FEBBF10F0F8FBF00255B
S21402387016AB039A03EB8B009EBF0BF1010340F8D5
S214023880402C5FFA83FB029B9A45D8D180E72046FC
S214023890FFF746FE22460446C3E7104613F0ADF88D
S2140238A08346B2F90200118800280AEA010108DA02
S2140238B0204616F093FD084381B204EB4B0402EB5C
S2140238C04B0510461180FFF72BFE02466EE798471F
S2140238D05FFA8AF356F823300AF1010A002BF6D172
S2140238E070E74FF0000AF3E73046FFF719FE82460C
S2140238F07EB1B6F902307188002B0ADA3088C0F33E
S2140239000E0016F075FD864203462DD1C1F30D0159
S21402391071805646AE42E7D3DFF81CA116F0D2FFFE
S21402392000210646504613F0B9F816F061FD05462A
S214023930002800F08780304616F0BFFF284613F0B6
S2140239405CF80646204616F049FD81467600324669
S21402395029462046F7F7BCFF002249460DF116001D
S21402396017F0EDF93444D9E71BD9304613F045F881
S214023970C1F30D01420071801846314692B2F7F744
S214023980A7FFC6E75046FFF7CBFDD146854203D9CF
S214023990B0F90230002B01DA824603E0FFF7C0FDE1
S2140239A0F4E7B146554507D9BAF80000C0F30E0051
S2140239B016F01EFD8245E5D3B9F1000F30D0B9F8F6
S2140239C00000C0F30E0016F013FD034638B9334666
S2140239D0CB46994513D8B1459BD0D946ECE7484625
S2140239E013F00BF8B9F802204946C2F30D02A9F803
S2140239F00220420092B21846F7F76AFFE7E7184637
S214023A000193FFF78DFD019B9B46854203D9B0F9D2
S214023A100230002B01DA0346DBE7FFF781FDF4E70D
S214023A20CB46DAE7CA5B0020F7620020A0560020E9
S214023A30C85B002094560020CC5B0020A4560020D1
S214023A400080FFFFBDF816303870A8F80030044B2F
S214023A5030461C6016F031FF17B0BDE8F08F00BF8D
S214023A60A05600202DE9F041054616F0C1FC0F468F
S214023A700446D8B117F04DF920B940F2FB41204870
S214023A8017F015F8284616F0EDFC05462046FFF717
S214023A9047FDBD42064609D004D840F203511848F5
S214023AA017F005F82588ED0B02D02781BDE8F081D6
S214023AB06780204612F0A1FF074604EB400816F086
S214023AC001FF104B1A68B2420AD1C3F8008016F002
S214023AD0F4FE2A464046BDE8F041FF21F7F7A6BEAF
S214023AE0A6EB0806B5B216F0E8FE072DF1D90023BC
S214023AF0083D44F81730C8F80430A8F80250D5E755
S214023B00084D0400A056002038B516F0DBFE002152
S214023B100546044812F0C2FF0446284616F0CDFEBB
S214023B20204638BDCC5B0020024B1888B0FA80F0E5
S214023B3040097047CC5B00202DE9F74F0446008809
S214023B401F4616F055FC88461546064617F0E1F85D
S214023B5020B940F2FE613F4816F0A9FF3388DB0B1E
S214023B60009306D033892B443381002003B0BDE88E
S214023B70F08F208816F076FC82463046FFF7D0FC9F
S214023B80019016F09FFEDFF8D0B0019BDBF8002014
S214023B9081469A421DD1FFF725FDA84204D2484627
S214023BA016F08BFE1A20E1E70AEB050373803FB19D
S214023BB0208816F03BFC2A4641465044F7F7C6FFDB
S214023BC03046FFF7ADFCCBF80000484616F075FE0F
S214023BD0CBE716F072FE208816F044FC28440099C3
S214023BE080B216F097FC06460028DBD016F01EFCC4
S214023BF08146208816F01AFC8246208816F032FC8F
S214023C00514602464846F7F7A1FF3046AFB116F0D6
S214023C100DFC0746208816F025FC2A464146384405
S214023C20F7F794FF0121208816F038FC012102469E
S214023C30304616F047FC268097E716F0F7FB8046DC
S214023C40208816F00FFC2A4639464044F7F7EEFD68
S214023C50E8E700BF084D0400A056002034210148C2
S214023C6016F025BF1C4D0400036910B55BB18268CF
S214023C70064B9A4201D1002010BD446916F010FF8F
S214023C80201AF9D5F7E74FF0FF30F5E75D3C020062
S214023C9082681C4B70B59A420446056819D116F024
S214023CA011FE236923B1A34206D100222A601A61BB
S214023CB0BDE8704016F001BE1A4611461269A242CD
S214023CC0FBD12A68A24208BF29600B610023236148
S214023CD0EEE7036993B198426E6803D19D210A48C4
S214023CE016F0E5FE2B46B44209D122699D4218BF62
S214023CF01A614FF0000308BF6A60236170BD334645
S214023D003669F0E75D3C02001C4D04002DE9F047E1
S214023D10074600254FF0010A154EDFF858808AB094
S214023D20347914B90AB0BDE8F087D6F8009087B99E
S214023D3000972A46B8F80010234603A817F08EF814
S214023D402246484603A9E9F7E5F92544EDB20836C6
S214023D50E6E7224603A94846E9F7B0F9CDF800A0FF
S214023D6023462A46B8F8001003A817F077F8ECE7BF
S214023D70CC980400CE5B00200148FFF799BC00BF38
S214023D80CE5B00209C46174BF7B5054608461988B9
S214023D90164611B1144B1C78CCB101466246304629
S214023DA0BDB103B0BDE8F040E9F788B91C44E4B2FF
S214023DB008373B79002BF0D03A689642F6D185F068
S214023DC001052246009517F049F803B0F0BD074FEB
S214023DD0EFE7E9F79FF9B0B203B0BDE8F04010F0A4
S214023DE0E3BF00BFCE5B0020856C0020CC980400A9
S214023DF010B5074C238843B10020FFF787FF002049
S214023E00FF22044B20801A7010BD0220FCE700BF80
S214023E10CE5B0020856C0020142810B518D8082820
S214023E2005D111F02AF8C401E4B2204610BD0E28CE
S214023E3002D111F025F8F6E7064B53F82040002C85
S214023E40F3D00A282478F0D105F0A0FE0443EBE76D
S214023E50FF24EAE71C990400014BB3F86800704798
S214023E60E4550020004870474E560020014B187853
S214023E70704700BF71620020014B1870704700BF88
S214023E8071620020194B022810B5187002D004384F
S214023E9001281BD8164B1B78042B03D0002115488B
S214023EA016F0B0FB144B1B689A001BD513F0805F0C
S214023EB040F6114418BF4FF44164204611F077FBD8
S214023EC090B92046BDE8104010F06CBF0948FFF7D5
S214023ED0DFFE0A48FFF7DCFE162413F00BF811F09B
S214023EE060FBEAE71524E8E710BD00BF7562002014
S214023EF0766200202C6A002064480020D04700200A
S214023F00024B187800F00F00704700BF7562002061
S214023F10034B187800F00F00831E58425841704732
S214023F207562002008B512F0D0FFC0B112F0E6FFAD
S214023F30A8B10AF0A7FF90B90A4812F078FD70B14E
S214023F40094812F074FD50B110F09FFF38B111F01D
S214023F5030FB20B9BDE80840044812F019BE002024
S214023F6008BD00BFD05B0020025C0020AC560020DB
S214023F7030B505460C4693B081B910B9002013B08F
S214023F8030BD1023214A69460120FFF7FBFE9DF84B
S214023F9005305A1E052A28D91720F0E718220021D4
S214023FA02046F7F743FC002DEBD1FFF7B1FF30B305
S214023FB010F036FE6A4601460020FEF7A5FEBDF862
S214023FC00430204623819DF80230A3729DF800300B
S214023FD0E37213F019F9002304F11401237304F1B8
S214023FE0100003F0CBFDE081C8E7094A9DF80410F3
S214023FF012789142D0D12B70002CD6D1BEE7054B59
S2140240001B78033B022BD3D9C6E700BF64EE010040
S2140240105C6C00207562002030B593B005460C46F5
S214024020FFF776FF20B90C4B1B78033B022B10D808
S21402403010F0F6FD6A4601462846FEF765FE0020A9
S2140240409DF80230607023709DF80030A37013B0A4
S21402405030BD1720FBE700BF75620020054B1878BD
S214024060012805D000F0FD00A0F131035842584166
S214024070704700BF756200201FB50146002201A8E6
S21402408016F090FB064801A916F0B6FE20B116F00F
S214024090CDF94089C0F3400005B05DF804FB00BFCF
S2140240A0026C002030B585B00D460022014601A8FC
S2140240B016F078FB084801A916F09EFE50B116F0DD
S2140240C0B5F90446014608222846F7F701FC60893E
S2140240D0C0F3400005B030BD026C0020F8B50546BE
S2140240E0F8B100210F4816F024FE0446A8B10D4F81
S2140240F0204616F09BF9064616F040FB830705D4C9
S214024100082229463046F7F7DDFE38B12146384602
S21402411016F033FE04460028EAD10024201E18BFFB
S2140241200120F8BD026C002010B50C460146064878
S21402413016F062FE30B116F079F943891C4214BFBC
S2140241400120002010BD00BF026C00201FB51446DF
S214024150024601A816F026FB074801A916F04CFEF7
S21402416040B134B116F062F9142201462046F7F740
S214024170AFFB012004B010BD026C00201FB5014643
S214024180002201A816F00EFB094801A916F034FE1B
S21402419058B116F04BF94389024613F0020004D0D8
S2140241A0507B80F00800C0F3C00005B05DF804FB49
S2140241B0026C0020F7B59DF824400D4601949DF848
S2140241C02040064600941F4614F0BBF84FF6FF71D7
S2140241D08842044610D0BB0711D4284600F056FF8A
S2140241E0204616F030FEFF281FBF084A32F810306D
S2140241F023F4804322F81030204603B0F0BD024676
S2140242002946304612F05AFDEAE700BFA05B0020BE
S21402421073B50E460146144816F0EEFD0546D8B1B3
S21402422016F004F943890446334012D09B0736B28F
S2140242300BD5002E09DAA17B437B0289007B019114
S214024240012100912146FFF7B5FF638923EA0603A1
S2140242506381628912B1012002B070BD294602480C
S21402426012F03BFCF7E700BF026C00200148FFF7A4
S2140242701FBA00BF026C002013B53E4C0DF0E3FFE0
S214024280D4F8FC311020C3F307430193FFF7C4FDB3
S214024290000650D50020FFF7BFFD01064BD5019B57
S2140242A0802B3ED1236A9A0704D440F61544204652
S2140242B002B010BDE3699B07F7D52F4811F0A5FCA5
S2140242C0012012F075FA0DF0D1FF04460028EED157
S2140242D000F042F9294812F035FC00F099F9E8F7A7
S2140242E057F80DF0AFFF08F003FF08F055FFF4F79C
S2140242F061FAF4F7FFFAF4F719FB03F0DBFD10F0AE
S214024300BEFD10F0BFFD11F057F91D4814F022F85B
S21402431006F08CFA11F013F90028C8D011F011F942
S214024320C5E7019B812BC0D1D4F80C315B00BCD50C
S214024330D4F80C31BFE71020FFF76EFD0006BCD4A0
S2140243400020FFF769FD0106B7D5019B802B05D13A
S214024350084B1A6AD207A8D5DB69ACE7019B812B0A
S214024360A3D1044BD3F80C21002A9EDAD3F80C31E1
S214024370A1E700BF0080E00F690345ECAC560020C1
S2140243807940020010B512F0B2FD70B301F0E0FA07
S21402439080F00104E4B20020FEF724FC44EA800424
S2140243A024B212F092FD10BB02200443164816F007
S2140243B0EEFC44EA4014154816F0E9FC24B244EA3E
S2140243C00014134816F0E3FC24B244EA80141148A1
S2140243D016F0DDFC24B244EA40240F4816F0D7FC5F
S2140243E024B244EAC02080B210BD0124D3E70B48B1
S2140243F012F01DFB0028D7D0094812F018FB80F0F7
S2140244000100C0B24000D0E76C6A0020506B00206A
S21402441068480020D06A0020306B0020D05B002065
S214024420025C002008B501F07FF8FEF709F8144890
S21402443012F0FDFA08B904F025FF124812F0F7FA56
S21402444008B906F0DDF902F095FF0F4812F0ACFB52
S2140244500E4B1B78043B022B09D80D4816F097FC2E
S21402446028B1FFF78FFF102801D107F0E1FC10F00A
S2140244700EFD12F032FCBDE808400648FFF75AB9B6
S214024480D05B0020025C0020AC5600207662002042
S214024490506B002094990400014B1868704700BFC7
S2140244A0E05500204FF6F77370B5984204460D4665
S2140244B086B043D812F01FFCA04207D1082220493A
S2140244C02846F7F705FA002006B070BD1D4EB6F86E
S2140244D06830A3420AD10022082106F16A0012F0CF
S2140244E098FB18B9082206F16A01E9E784B10023AD
S2140244F0012219462046009308F05CFDFF2811D1E0
S2140245002946204608F000FF80F00100C0B2DBE733
S2140245100D4B1B689B07EAD4284606F0FBFD0028D5
S214024520E5D0D0E702A913F0B7FD0028E8D1DDF800
S2140245300D302B60DDF811306B60C4E70120C3E755
S214024540F8620020E455002064480020014B1870F1
S214024550704700BF5C6C002010B5054C082221464F
S2140245600448E8F7ABFD204612F0FFFB10BD00BF83
S214024570F862002034B608C000487047F86200208F
S214024580082208B50349F7F79DFCB0FA80F0400907
S21402459008BD00BFF8620020014B1870704700BFCC
S2140245A069620020F7B50D46044616461F460021EE
S2140245B0284601F061FD0B4B002183F859402A463C
S2140245C03346204600970AF03FF9014630B10222F0
S2140245D0204603B0BDE8F04000F006B8012003B064
S2140245E0F0BD00BFE455002013B513460C461AB1C1
S2140245F0022A0CBF134601230021044A01910092AD
S2140246002246FEF71DFC02B010BD00BFD16F0300AC
S21402461000B5002093B0FEF78FFB1E4B188813F0F0
S2140246209AFE1D4B1D491A7800200AF091F9342291
S21402463000216846F7F7FAF80B238DF800306FF47E
S214024640803301934FF6FE73ADF8103003238DF8D6
S2140246501D30134B134A0893134B10680993134BE0
S21402466051680D93124B6A460E93124B0F93124BE0
S2140246701093124B119302AB03C300210846FEF7B8
S214024680F9FD6A4601210020FEF7F4FD13B05DF83D
S21402469004FB00BFEE6B00206B6C0020305D040054
S2140246A0B94A0200F86200206D6D0300A17702008D
S2140246B0614C0200CD860200D16F0300D173020066
S2140246C0014B1878704700BF00630020014B188822
S2140246D0704700BF066C00202DE9F74F8146104652
S2140246E00E46904616F0C1FADFF840B105469BF832
S2140246F0003033B94A4B1B681BB94A4B1B68002B68
S2140247007FD015F4406A05F040071BD19FBBB5F574
S214024710804F61D24FF48074B9F1400F73D0B9F173
S214024720800F63D0B9F1100F6BD100239BF8000005
S2140247303D4AD9B2884264D932F8021B0133A142FB
S214024740F7D166E008F1030016F08FFA4FF6FF7312
S214024750984214BF0124022487B1052705F440437A
S214024760B3F5004F44F0080425D0B5F5804F24D2A7
S21402477044F4807421E054460327EFE7B5F5804FF2
S2140247804FF00507F4D3BAF5406F14BF0220082095
S2140247903844404416F069FA019012F0C9FA019BB7
S2140247A005F4404598420CBF44F0080444F0040463
S2140247B0B5F5004F01D144F08004BAF5006F0FD171
S2140247C008EB070016F051FA054612F094FAA842D2
S2140247D0A2D144F010049FE7544603270220D7E7ED
S2140247E0BAF5406F08BF44F0200495E70C4B1B68EF
S2140247F03BB10022D1B233F8110033F9111000296F
S21402480003DA002008E0074BF1E7A04202F10102BA
S214024810F0D106B13480012003B0BDE8F08F00BFAE
S214024820BC560020C0560020205C002039630020C1
S214024830034B1A78022A04BF09221A70704700BF77
S214024840016300200C22034B1A211A700320002257
S21402485001F090BD016300200C2208B5054B1A2119
S2140248601A700022104601F085FD0022024B1A60E3
S21402487008BD00BF01630020C85600200C2270B598
S2140248800D4B05461E781A7030B93046BDE87040AA
S21402489000221A2101F06EBD084B1C78E1B21A29DB
S2140248A0F3D825FA04F3DB0703D54422304601F099
S2140248B061FD0134F2E700BF01630020876C00202F
S2140248C00C22024B1A7010F06DBE00BF016300206E
S2140248D0F0B50C8805460E468BB0E4B94FF6FF7766
S2140248E0ADF8247010F073FE10B902200BB0F0BDC4
S2140248F0CDE90340CDE90544134A0294B2F85C3090
S2140249006032019300923B464CF60101FF2009AA51
S21402491013F03CFD3080284612F033FB0B4C70B18E
S214024920237863B1013BDBB22846237012F029FBE1
S21402493038B12078B0FA80F04009C0B2D6E7052335
S214024940F2E70120F9E700BFE4550020866C00205C
S214024950034B11461B6803B1184710F0E3B900BFBA
S214024960C85600200C22024B1A7008F039BF00BF4E
S214024970016300200148FEF79BBE00BFD25B002009
S2140249807FB505460C46164615F07AFF00286BD111
S214024990062D03D85223EB40DB071AD4B4F1006F7E
S2140249A005D3E30E1C3B032B18D94F202EE0002222
S2140249B02F4B1A602F4B1D7012F051F903460A2D29
S2140249C054D8DFE805F02D183E49182518535341F0
S2140249D0360002F0A3F8B4F1006FE2D20022244BB4
S2140249E0042D1A60234B1D70E6D1022001F0B6F9A1
S2140249F012F035F90346012202921F4A01921F4A1B
S214024A0000921F4A314620460AF078FA04B070BD7A
S214024A10314620461B4A04B0BDE870400AF056BA3A
S214024A2031462046184B194A04B0BDE870400AF0D9
S214024A3031BA00220292164A0192104A0092154A90
S214024A40E0E702220B4B1A7000221046124904B00D
S214024A50BDE87040FEF7BAB9002202920F4A0192F0
S214024A60064A00920E4ACDE74D20CFE70120CDE759
S214024A70C8560020016300207D480200B94A0200A1
S214024A80BD6F030065490200594802005149020001
S214024A90C1480200D14802003148020045480200DF
S214024AA07F6F030008B50AF059FA0C22014B00206A
S214024AB01A7008BD01630020F0B585B0ADF8060097
S214024AC018B97621644815F0F2FFBDF8060011F019
S214024AD091FE0446BDF8060011F08CFE082846D06A
S214024AE00C2CBDF8060042D111F074FF074616F0F2
S214024AF0BCF80DF10F010646BDF8060010F0B0F93D
S214024B00002879D009220021384615F0CFFB9DF8FF
S214024B100F301033C518BDF8060015F0A3FCEDB231
S214024B20854269D22946BDF806000AF025FB06F43E
S214024B304C4416F44066054614D0F81C16F095F858
S214024B404FF6FF73984208BF44F04004B6F5006F74
S214024B5008D1781D16F089F84FF6FF73984208BF01
S214024B6044F010049DF80F305BB3072D44D1BDF816
S214024B70060011F035FE0446BDF8060011F03AFEB6
S214024B80082817D0A30615D524F0200189B2BDF84F
S214024B90060011F010FEBDF8060011F01BFF002102
S214024BA0092215F083FB00F1100189B20DF106000F
S214024BB013F015FD0022BDF80610284816F0BFF8BF
S214024BC01AE0082D16D8BDB1013D072D14D801A351
S214024BD053F825F0314C02003D4C0200F94B02001E
S214024BE0FD4B0200F94B0200494C02006F4B0200DB
S214024BF04F4C02007C2D24D005B0F0BD24F488442E
S214024C00A4B2B4F5084FF7D1BDF8060011F0EDFDD9
S214024C10BDF8061013F0A4FB0028A8D0BDF80600C5
S214024C2011F03BFE00220146022015F0E7FFE3E703
S214024C3024F48064A4B2B4F5484F97E7B4F54C4F19
S214024C4094E7B4F54C4F92D04CF6500301E04CF684
S214024C5040439C428AE700BF2A4D0400D05B0020F6
S214024C602DE9F7430F4690469946064615F0DEFBB9
S214024C700446304615F0F6FBC5B2083D2C44E178F2
S214024C80094BA2781970094B31461A700020434628
S214024C903A46CDF800900DF061FF003818BF0120AB
S214024CA003B0BDE8F08300BF1B6300201A63002038
S214024CB02DE9F04FDFF84081DFF8409198F80020A8
S214024CC099F8003006469A4285B004D340F219118C
S214024CD0424815F0ECFE30460DF10F0115F07AFD54
S214024CE020B14FF48E713D4815F0E1FE98F8007041
S214024CF09DF80F403D1B15F0FF0530D04FF0FF3CEE
S214024D00374B01211B78A140184699F800304FF620
S214024D10FF790CFA03FC0023324A01F1FF3E0193AD
S214024D20C1F1000A9DF80430984243D8122004FBD1
S214024D3000002D4BA0F1120105EBC50252001944EA
S214024D4004F101091844F6F7C3FD4FEA890927481A
S214024D50A9F104010144AA004844F6F7B9FD224924
S214024D6004EBC40201EB420321F81260204A013729
S214024D7012784FF6FF71DA731A745A7412025A8056
S214024D801C4A0D2012781A7110225A7100229A7348
S214024D90C3F80620C3F80A20144B43F8242088F8E8
S214024DA0007015F02BFF0EB913F039F9204605B046
S214024DB0BDE8F08F13884B450AD053680AEA030B06
S214024DC003EA0E030B4403EB4B0343EA0C03536064
S214024DD0019B083201330193A4E700BF3D4D040056
S214024DE0686C0020344600206C5B002030460020B1
S214024DF01B630020026300206F620020666C0020A6
S214024E0010B5074C2046FEF743FF04F06BFB02F09A
S214024E10DDFE2046BDE810404FF47A5115F0F2BB95
S214024E202C6A00202DE9F041074600250A4B0B4E5E
S214024E3093F80080ECB2A04503D8FF242046BDE8D4
S214024E40F08108223846B11DF7F73CF801350028F4
S214024E50F4D01236EEE700BF6F6200206C5B0020D3
S214024E6007B50DF1070115F0B5FC30B19DF8073016
S214024E70034803EBC30300EB430003B05DF804FBF7
S214024E806C5B00202DE9F843294E044633785D1EFC
S214024E902D1A8342EDB204D84FF4A171254815F0BD
S214024EA006FE0123A3404FF0FF305F1E3B44002165
S214024EB04FF6FF7E6FEA03081F4A92F800C01F4AA9
S214024EC0127890401E4ACBB29C4523D8BDB127B279
S214024ED004EBC4041B48640005EBC50204F112018E
S214024EE0014452002044F6F7F3FCBF001648AA001D
S214024EF0391D014402F0FC023844F6F7E9FC337827
S214024F000022013B33704FF6FF71BDE8F8430E20D6
S214024F1015F074BE1388734507D0536808EA030970
S214024F203B4003EB59030343536008320131CAE79F
S214024F306F6200203D4D0400686C0020666C002005
S214024F40344600206C5B00203046002010B50A4C28
S214024F50207858B9094B1B781A2B03D9992108488F
S214024F6015F0A5FD0322074B1A7010BD0138C0B21A
S214024F70FFF788FFECE700BF6F620020666C002038
S214024F803D4D04006B6200202DE9F047054615F002
S214024F9049FFFF28044624D1DFF884901E4B99F877
S214024FA000201B789A422BD22846BDE8F047FFF72E
S214024FB07FBE38883B79504518D86F2B4FEA1312BC
S214024FC014D85B0710D0123708F1010899F80010C0
S214024FD05FFA88F6B142ECD80023104ADEB28E425F
S214024FE014D32046BDE8F087022AECD913F088F9DC
S214024FF00028E8D129463046BDE8F04712F002B84C
S2140250004FF000084FF6F77A044FDFE710790133C6
S2140250108F28EFD81232E1E7666C00206C5B002026
S2140250206F6200204FF6F773984210B514D8FFF758
S214025030ABFFFF2810D0134C00B200EBC00004EB0D
S21402504040040DF09DFF104938B962880B7802EBD8
S2140250500313A3EB1213638010BD227C637C0978D2
S2140250609A42E2732374617407D98B4203D21346C1
S2140250708B4228BF0B461B02EDE78A42F8D3134643
S214025080F9E700BF6C5B00201B6300202DE9F041AE
S21402509006460F4600240E4DDFF8388098F800309A
S2140250A0A34201D8BDE8F081082229463046F6F729
S2140250B009FF40B935F8063CBB4204D02046FFF74C
S2140250C0E1FE013CE4B20134E4B21235E6E700BF89
S2140250D0725B00206F620020F8B5054608460E4651
S2140250E0FFF7A0FEFF2830D01D4B294653F820704C
S2140250F03046FFF7CBFF2846FFF746FFFF28044659
S21402510025D113F018F9FF280AD1164C207838B1A9
S2140251100FF089FD2378B0FBF3F202FB1300C0B256
S214025120294611F06FFF044623B20F4D03EBC3036B
S21402513005EB430508223146A81DF6F7C9FB2B7975
S214025140204603F00F032B71F8BD0027D3E7074B69
S2140251501B78002B18BF0027014B43F82070E3E7AB
S21402516030460020666C00206C5B0020886C0020B5
S21402517038B50B4B04461B780D46834204D840F2E2
S2140251805A21084815F093FC074804EBC40400EBC8
S21402519044002946BDE8384008220630F6F798BB98
S2140251A0666C00203D4D04006C5B002070B5044622
S2140251B008460E4615F036FEFF28054610D0204655
S2140251C0FFF730FEFF2807D0084B1B7823B9084BA1
S2140251D053F8202043F8252021462846FFF7C8FF2B
S2140251E031462046BDE87040FFF750BF886C00206D
S2140251F0304600202DE9F843002480460127264643
S214025200114DDFF84C9099F80030A34210D83E4377
S2140252100134E4B21A2C4FEA470705F11205F2D11F
S2140252204FF0FF30094B1B7898403043BDE8F883B7
S2140252302B884345EBD0284611F02DFF0328E6D8ED
S2140252402B796F2BE3D8E3E76C5B0020666C0020BB
S2140252506F62002010B5084C00EBC00004EB40045F
S21402526023795B0707D1204611F015FF237923F037
S21402527007031843207110BD6C5B00200022084B08
S2140252801878084BD1B2884203F1120300D870474F
S21402529013F80D1C013221F0100103F80D1CF1E782
S2140252A06F6200206C5B00202DE9F0470226122771
S2140252B0DFF85C90DFF85C8099F8004000250CE08F
S2140252C007FB05F338F803A00021504611F0F8FE5C
S2140252D010B15CB1013CE4B2013599F80030EAB293
S2140252E09342EDD8A34204D14FF6FF7A5046BDE86A
S2140252F0F0870FF098FC99F80030012EA3EB040318
S21402530090FBF3F202FB1300C4B2EDD00126D5E700
S2140253106F6200206C5B0020034B00211A78034862
S2140253209200F6F783BA00BF666C00203046002073
S21402533010B5134B0C461B7886B0834212D911491E
S21402534000EBC00001EB4001082220460631F6F7CA
S214025350BFFA00220821204611F05BFC80F0010013
S214025360C0B206E0C01A01A9C0B212F0EDFF10B139
S214025370002006B010BD01AB03CB20606160E8E7F9
S214025380666C00206C5B002008B5074B024653F89B
S21402539020308B4206D915204FF6FF7115F02EFCF1
S2140253A0002008BD0120FCE730460020024B0131F8
S2140253B043F82010704700BF304600202DE9F3471F
S2140253C081460C4600272A4EDFF8ACA09AF8003039
S2140253D0FDB2AB4210D86946204612F0CEFFC0B3EB
S2140253E0082269464846F6F76DFD90B349462046C0
S2140253F012F00CF9FE2537E006F1060808224146AF
S2140254004846F6F75FFD90B94FF6FF739C422BD0E5
S2140254103388A34228D0204615F015FDFF2814D164
S2140254204946204602B0BDE8F047FFF755BE14B91C
S21402543012360137CAE73388A342F9D1002208217F
S214025440404611F0E6FB0028F2D12846FFF71AFD87
S214025450CCE74946002015F0F4FCFF28054603D0A9
S214025460044B1B780344DDB2284602B0BDE8F08741
S2140254706C5B0020666C00206F6200200F4B1B786E
S21402548083420CD8C01A0E4AC0B232F81030D90481
S21402549011D443F4805322F8103001207047094B90
S2140254A000EBC00003EB40035A79D10603D442F066
S2140254B010025A71F1E70020704700BF666C0020A8
S2140254C0A05B00206C5B0020F0B5134B06461B78F1
S2140254D0FBB100251148DFF84CC090F800E01048F8
S2140254E007781F44E8B2864501D80020F0BD7C1B31
S2140254F094FBF3F003FB10440CEBC4003CF834407E
S214025500B44204D1002AF1D184788C42EED001351F
S214025510E8E71846EAE700BF686C0020504800201B
S2140255206D6200203446002070B50CF07DFE142516
S2140255300F49104E0B78328830809B1A03449BB278
S214025540B3FBF5F405FB14330B700B49E2B20B7890
S214025550934292BF00239B1ADBB2032A0B7088BFCA
S214025560002306499EBFD2000B68D3400B6070BD75
S21402557004630020D45B00206C62002050480020A8
S214025580084B1868084BC2B21B789A4208D2074BDF
S214025590C0F307201B78984234BF002001207047D2
S2140255A00120704750480020686C002003630020EA
S2140255B0F8B505461746FFF7E3FF064610B9184B3F
S2140255C01A783AB9212001224FF6FF7115F016FB20
S2140255D00020F8BD1348DFF854C003780133B3FB4C
S2140255E0F2F402FB143303700F48DCF8002000EBE1
S2140255F0C30420F8335002F10132A1703846CCF8C9
S2140256000020FFF7F7FDE670606011F074FBA84219
S21402561001D10120DDE7E3780133E370F9E700BF4B
S214025620686C00206D62002034460020504800203E
S21402563010B50B4C0B4A2378063B13700CF0F4FDA6
S2140256400022094BFF211880084B09481A6022786D
S214025650D200F6F7EBF80422064B1A7010BD00BF14
S214025660686C002003630020D45B002050480020B2
S214025670344600206C6200202DE9F843074615F0F8
S2140256800FFA05461A4815F082FB1A4B48B31C68F7
S2140256903C1B2C44A4B20022174BDFF864901B7804
S2140256A0164D99F8006005EB03155FFA82F8464539
S2140256B009D9AB8805F11000A34215D9B21A2946BA
S2140256C01201F6F705F9013689F80060AC80B8F1E8
S2140256D0000F03D13946064814F094FF2846BDE869
S2140256E0F8833C461D60D6E705460132DDE700BF7B
S2140256F04C6A0020CC56002006630020304500206D
S214025700076300202DE9F74F15F0CAF94FF0000E97
S214025710284D294F2978294C97F800A004EB01134D
S21402572003EB0A120092F3465246DFF898801FFAFD
S21402573080FC0646B8F80000ACEB0009A0EB0C00B3
S2140257401FFA89F901900098984217D1BEF1000F0E
S21402575000D02970524503D200203A70FDF7DEFAD7
S2140257603B7823B32B78164804EB0314A188C8F8B9
S214025770006003B0BDE8F04F14F044BFB3F804C0B5
S214025780CC450FD84FF0010E93F802C001310CF150
S214025790FF3C013AA3F804B083F802C0C9B2D2B201
S2140257A01033D0E701988444A3F804C0F8E703B0A6
S2140257B0BDE8F08F06630020076300203045002016
S2140257C04C6A0020CC5600207FB56C461E4B1F4DFF
S2140257D01E78013EF6B21E7095E80F0084E80F00B0
S2140257E01B4B28461A7805F1100132441201F6F7CF
S2140257F06FF89DF8026016F00F0511D1BDF808008B
S21402580009F02CFE360918BF29464FF00002BDF8F3
S214025810000008BF039904B0BDE8704002F022BD44
S214025820BDF80400FFF728FF0346828804ADADF8F2
S2140258300420224603CAAA4218605960144603F19D
S2140258400803F6D104B070BD066300203045002080
S21402585007630020F8B50024084D094F094E3B782F
S2140258603178E2B20B449A4204F1010400DBF8BD3F
S2140258702846FDF71DFF1035F1E700BF3045002032
S214025880076300200663002070B5134B06460D46DC
S214025890104612491A78124B09781B780B44934229
S2140258A006DB1F204FF6FF7115F0A8F9002070BD29
S2140258B0FFF7E2FE013506808570044615F0EBF828
S2140258C0E08009F0D1FD40F602432081E36000202B
S2140258D0FDF724FA0120EAE7656C00200763002042
S2140258E0066300202DE9F84386460023144FDFF8AE
S2140258F05C803E7898F8005012497219DCB29442E5
S2140259001CDA4FEA041C31F80C900133F14501EB26
S2140259100410F3D1631CD21A0CF1100C120161446C
S214025920F5F7D6FFA5428BBF05F1FF3506F1FF3628
S21402593088F800503E700CB9034B1C70BDE8F88323
S2140259400763002030450020056300200663002020
S214025950044B054A1B781278D3420CBF0120002064
S214025960704700BF0663002007630020024B1878CA
S214025970003818BF0120704706630020002108B5D2
S214025980084B09481970094B1970094B1970094BD5
S2140259901A781201F5F74AFFBDE808400648FEF7F6
S2140259A077B900BF07630020304500200663002059
S2140259B005630020656C00204C6A002010B50B4C75
S2140259C023784BB10A4802F03BFD58B1084B01213F
S2140259D0188811F082FA08B9002010BD0122054B82
S2140259E01A70FAE7FFF7F0FEEAE700BF0663002048
S2140259F0304500200563002010B50E4B1B78BBB166
S214025A000D4C238883424FF0000311D10B4AE1600C
S214025A10137049B9A3781033A37011F028FD18B992
S214025A20A37823F00F03A370FFF7CEFE012010BD6C
S214025A301846FCE706630020304500200563002078
S214025A4070B592B00C4606460FF0EAF8E17A0546C3
S214025A500020FCF733FE28B394F90A0011F0E4F8AC
S214025A6010BB134BE27A294683F85820A27A83F8B1
S214025A705A206A46FDF748F94FF6FE739E420CBF5F
S214025A804FF6FF7323896A4629460020ADF8066062
S214025A90ADF80430FDF7EEFB40B92289054B5A807B
S214025AA012B070BD5520FBE75620F9E72120F7E734
S214025AB0E4550020D056002010B5044601460822C0
S214025AC00948F5F705FF237B022B0AD8002B14BFE3
S214025AD03122012205490B7017234B61044B1A70C1
S214025AE010BD00230122F5E7D4560020D056002030
S214025AF075620020014610230120014AFEF742B9D2
S214025B0064EE0100014B5861704700BFD05600207A
S214025B10014B1878704700BFD056002010B5054CD0
S214025B202378112B03D0E221034814F0C0FF41234F
S214025B30237010BD75620020484D0400064B0146D6
S214025B401B78042B04D1054A137E0533137670475F
S214025B50034814F057BD00BF76620020D0560020DE
S214025B606C6A002008B50648FDF7A2FD0548FDF759
S214025B709FFD0FF081F9BDE8084000F0EBBF00BFC3
S214025B80D05B0020025C0020064B1878332806D033
S214025B9000F0EF00A0F1430358425841704701203D
S214025BA0704700BF75620020002208B5074B4FF60B
S214025BB0FE701A7011F0ABF84FF6FF7011F0C4F8D1
S214025BC0034B5869BDE808400FF0ECB87562002038
S214025BD0D056002008B5064B187838B10548FEF7AF
S214025BE043F84FF47A73B0FBF3F0C0B208BD00BFBF
S214025BF06A620020104800202DE9F0438BB0074669
S214025C00154698460E469DF8489049B9104605AC8A
S214025C1015F019F9214612F097FB172818BF2646E9
S214025C20B9F1000F0AD1124B1B781BB9284612F0A5
S214025C30A8FBD0B92846FEF7A1FA02E0284612F0E1
S214025C40A0FB80F00104E4B29DF850302A4602938D
S214025C509DF84C303146CDE90093384643460394CE
S214025C6011F07FFA0BB0BDE8F0834C46ECE700BFBC
S214025C70716200200022014B1A767047D05600202F
S214025C8008B50020FEF788FC0023024AC2E9013369
S214025C90538008BDD056002010B5144B1B78033B2A
S214025CA0012B16D8124BB3F868204FF6FF739A42B0
S214025CB00FD10320FEF7E6F801F052FFFFF7E0FFF0
S214025CC0002014F0A9FA78B1BDE81040002010F0C8
S214025CD08FBEFEF7C7F80446FEF7BEF8014620461A
S214025CE007F01AF80220E5E710BD00BF7662002032
S214025CF0E455002008B5114A114B58611378032B5E
S214025D001BD0D3B1332B01D0432B10D10D4B1B78B4
S214025D10033B012B05D803231370BDE808400FF0A0
S214025D2041B80FF03FF8BDE80840FFF7B5BF2123A2
S214025D301370BDE8084001F07DBD08BD7562002005
S214025D40D05600207662002008B50348FDF7A0FF73
S214025D50FFF796FF022008BD1048002038B5114D07
S214025D6004462B78834218BF28700FF028FC80B1B7
S214025D7024B920460FF025FC02220DE001200FF088
S214025D8020FC2B781A1F012A05D9062BF4D10322F0
S214025D9002E0002CF5D10122BDE838400021084679
S214025DA011F01FB97662002030B5044685B0684609
S214025DB00D46FFF79FFE94B100212846144A01F0D3
S214025DC0F3FE144B20681B7861688DF80430124B82
S214025DD01B788DF8053002AB03C305F071F90F4B43
S214025DE093F8582093F85A308DF803208DF8023035
S214025DF010F09EFFADF8000010F07DFF1023ADF806
S214025E00060069460020064AFDF7BCFF05B030BD15
S214025E1000F8FF075C6C002076620020E455002044
S214025E2064EE010010B5104B04461A780F4B0020A2
S214025E3083F8582014F0F0F910B1002010F0D8FDC5
S214025E4000210846FFF7B0FF0FF0ABFB2046FDF738
S214025E5049FA40F617400EF0A5FF0023044A1380C5
S214025E60044A138010BD00BF08630020E4550020DA
S214025E70AA5B0020A85B00201FB504466846FFF711
S214025E8039FE54B100238DF80530102369460020F0
S214025E90064AFDF777FF04B010BD10F02CFFADF8F0
S214025EA0060010F045FFADF80000EEE764EE0100D4
S214025EB010B5014604460020FCF700FC90B10C4BDE
S214025EC01B78023B032B0FD80A4B1C7014F0D8FC2D
S214025ED060B9094A0949FCF779FF003818BF012062
S214025EE0800010BD5520FCE70220FAE74D20F8E7B7
S214025EF0756200200863002075870200255E020096
S214025F00F8B5064614F0BCFC044668B914F084F9E9
S214025F1050B1064D204695F8587085F8586010F036
S214025F2067FD10B185F858704D20F8BDE455002085
S214025F302DE9F04180461846033B012B0E461746D4
S214025F4002D918B1212438E0FFF708FF274B1D7845
S214025F50022D08D0032D46D1B8F1000F03D1244BF1
S214025F601B689B073FD43320FDF78CFF01F096FA9F
S214025F70B6F1006F34BF1F4B052231464FF00600C4
S214025F8038BF1A78FEF7FCFC044628BB1A4D287365
S214025F90012000F017FE10F0CBFE68802846B8F10C
S214025FA0000F0DD0022300F8043B11F02DF96C739C
S214025FB02F61394630460EF039FE2046BDE8F081A4
S214025FC0012300F8043B11F01FF96C732F61394668
S214025FD030460EF02AFEF0E72846FDF753FFB8F1EA
S214025FE0000FF4D0E5E70224E7E700BF7562002061
S214025FF064480020896C0020D0560020034B187895
S21402600018B9034B034A1B78D05C704774620020B1
S21402601076620020789A040038B5437B0446DB0794
S21402602003D590F909000FF0BBFA00250F4B83F851
S21402603059502079FFF764FFFFF7E0FF6188248854
S214026040034622462846FEF7ADFA044620B117203C
S214026050FFF750FE204638BD1723054DC8210548D8
S2140260606B6114F0CFFA03232B76F3E7E455002096
S214026070D05600206C6A0020F0B51A4D06460C4633
S21402608093B0A5F8680005F16A0729BBC5F86A103F
S21402609079600EF0C5FD6A4601460020FCF734FE24
S2140260A0D5F86A30ADF81060CDF812307B68CDF8BE
S2140260B016300EF0B5FD6A4601460020FDF7DAF806
S2140260C04FF6FF73B5F86800984203D014B106493C
S2140260D00EF0AFFD13B0F0BD08223846F5F7F8FB18
S2140260E0D7E700BFE45500204E5600202DE9F041C8
S2140260F0DFF8B8801F4698F8003005460C4616466C
S2140261001BB102252846BDE8F081531E052BF8D8A0
S21402611014F0B6FB0028F4D13B7B032B14D14FF6C8
S214026120FE739C4212D1012E09D0022EE9D110F044
S214026130E2FD4FF6FB73984203D810F0DCFD0446EE
S21402614004E011F033FAFAE7012EDAD0EDB9394657
S2140261502046FFF775FC05460028D3D198F8003094
S214026160332B03D0532B1CBF0E4B18613046FFF760
S214026170F5FD00214FF6FF70FFF77EFF0A4B1B78F6
S214026180002BBFD012F0E3F8BCE7397B721ECB1EA1
S214026190594259415042504105F07CFF05460028BD
S2140261A0D5D0AFE7D05600208A6C0020756200205A
S2140261B02DE9F04105460F46904610F09CFD6B7B9C
S2140261C00446DB0703D595F909000FF0E9F910F04C
S2140261D092FD384B384E188010F0AAFD374B1880C7
S2140261E0FDF73AFE364B1880FDF73CFE08220146C4
S2140261F03448F5F76DFB10F040FD334B18702879E4
S214026200FFF77EFE00216888FFF736FFFDF726FFC0
S21402621060B14FF6F672631E9BB2934206D911F036
S214026220C5F9B6F8683004468342F8D0204610F026
S2140262306EFD288810F088FD4146B6F86800B8471B
S214026240044628B91920FFF755FD1920BDE8F0814C
S214026250B6F8681010F008FB00231C4D86F859307B
S2140262602B7803F0FB03022B02D0204610F069FFC6
S214026270002220461146FFF707FB0446B0B117235B
S2140262806B61134B1B78042B09D1C821114814F0FB
S214026290B9F903232B7684F00100C0B2D6E74FF497
S2140262A016710C4814F0AEF90023F3E71720FFF737
S2140262B021FDF0E7DA5B0020E4550020D85B0020E1
S2140262C0D65B00200963002011630020D056002010
S2140262D0766200206C6A0020F0B50C461E460B461D
S2140262E02049074689B004F1140053F8045B834240
S2140262F041F8045BF9D11B8802AD0B80D4F80E007E
S214026300D4F81210238803C5ADF8103023798DF81F
S21402631012208DF8133000233A468DF814304FF6CB
S214026320FE71012002ABFFF7E1FEC8B902A8FFF733
S214026330C3FB237B4BB10C4D0C4B01AA2946012013
S21402634001930FF00BF92A781AB92046FFF764FE7C
S21402635003E020460199FFF72BFF08B9044B1E7095
S21402636009B0F0BDDC5B0020D05600201F7203008F
S2140263701263002001232DE9F341304E05460F46F5
S21402638000202F491446737300F0EAFB0FF00AF957
S214026390DFF8AC8038B9012D01D9042D0FD1214682
S2140263A038460EF0C3FC1020002111F0E8FF00284A
S2140263B03CD0002002B0BDE8F041FCF7AFBC002C98
S2140263C0F1D1204B1B78212B03D0062B01D0532B67
S2140263D002D101F02FFAE6E7FDF740FE0028E2D0F0
S2140263E000F0EAFB28B9307BC0F11800FFF782FC08
S2140263F0D9E7154B41462046019300F0B1FB20B188
S21402640040F61901114814F052FB01AA0B4998F8FC
S2140264100C000FF0A3F832781AB90948FFF7FCFD12
S214026420C1E701990648FFF7C3FEBCE7FFF79EFAED
S2140264300028BED102B0BDE8F08100BFD0560020D1
S214026440DC5B0020756200201F720300484D0400CA
S2140264501FB5144B04461B88DB0707D44FF6FF70A4
S2140264600021FFF709FE002004B010BD0A230E4AE1
S214026470012001A9FDF786FC4FF6FF73BDF80C203C
S2140264809A42EBD00822FF2101A810F0C2FB002896
S214026490E4D10CB90120E7E7BDF80C0001A9FFF72B
S2140264A0EBFDF7E7F45B002026E1010038B50C4669
S2140264B0154610F02CFC02F053FF29462046FFF743
S2140264C0DBFD00F079FB48B1054BDB790E2B28BFCC
S2140264D00E230133DBB2034A137038BD0123FAE7F9
S2140264E0DC5B00201E63002038B51D46FFF7FEFD6C
S2140264F00446C8B92B7B2846032B03D1BDE8384097
S21402650010F0A1BEFFF7D8FA084B25469C8110F082
S214026510B4FB0121064B81401A780620FEF730FABA
S214026520044608B1034B1D70204638BDD0560020E5
S214026530896C00207562002030B5012087B0FFF715
S21402654087FF6B460446144A1068516803C384B931
S21402655004F0C4FD02A8FFF7CDFA4FF6FF752246F7
S214026560BDF80E002946FFF7A1FF0EF066FB07B046
S21402657030BD6B46094AD2F86A00D2F86E10B2F8FD
S214026580685003C304F0AAFD02A8FFF7B3FA6A46EE
S214026590BDF80E00E6E700BFDCD50300E455002098
S2140265A037B5324B04461B781BB10224204603B093
S2140265B030BD14F065F90028F7D100F00DFB14B1D8
S2140265C022882B4B1A8000210DF10700FDF7D0FC24
S2140265D0002848D110F009FE04460028E6D1254DD1
S2140265E09DF80700FFF7BAFB2B78033B012B27D851
S2140265F02046FFF72DFF18B3FFF79EFF00F0FCFEC4
S214026600FFF74AFB012010F002FB48B9184B1B8823
S2140266109A0707D52346052201201749FFF788FC6B
S2140266200446C3E7154D022329460120144AFDF706
S214026630A9FB2B885B07B9D5204600F0F1FEB5E72B
S2140266402B78053B012BB1D8FFF776FFFFF724FB2B
S2140266502B78052B0CBF04200520FDF713FC012028
S21402666010F0D5FADCE71724A0E700BF7562002019
S214026670F45B00207662002000F8FF07A65B00208D
S21402668027E101007FB50024184E194D3278E3B297
S2140266909A4201D804B070BD4FF6FF73B5F8682071
S2140266A09A421AD0134B1B88DB0714D5124AB5F848
S2140266B0683010685168ADF80C3001AB03C30F4A5E
S2140266C00A23002001A9FDF75DFB022300200C4AE5
S2140266D00C49FDF757FB0134D8E70022082106488B
S2140266E010F097FA0028F6D1DCE700BF676C0020AE
S2140266F0E4550020F45B00204E56002026E10100FF
S21402670027E10100A65B002010B500F0C7FE01F0ED
S21402671013FCD8B10E48FDF7BBFA0E480E4C017AB0
S2140267200E30FFF741FB23781BB100F0F7F9002388
S21402673023700022094B1A73FFF7AEFA07F0B8F976
S21402674000F012FFBDE81040FFF79CBF10BD00BF6F
S2140267506C6A0020DC5B002012630020D05600200A
S21402676010B52548FDF794FA01F0E6FB30B1234B4D
S2140267701B781BB9BDE81040FFF7C6BF01F0DCFB73
S21402678078B11F4C237E83B1C8211B4813F03AFF11
S2140267900021237E0846013B2376BDE81040FCF725
S2140267A02BBBFDF75BFC0028EBD1FDF757FC154B26
S2140267B01B7858B9112B03D003F0FD03412B19D1D6
S2140267C0BDE810400E4B5869FFF794BA332BF7D149
S2140267D00D4B188810F09BFA0C4B188810F0B4FA80
S2140267E00B4B0C491888FFF747FC0B4B1878FFF742
S2140267F087FBE5E710BD00BF6C6A002071620020CF
S214026800D056002075620020DA5B0020D85B00209C
S214026810D65B002009630020116300202DE9F04FAB
S2140268200F4685B002AD044629463846914612F018
S21402683038F84FF0000B82463846CDF804B010F018
S214026840C9F84678022C804606F0020609D85CB1E2
S214026850FDF704FC0446002848D1754B01241B783A
S21402686065E0043C022C3AD9FDF7F8FB384610F0F6
S2140268702AF800240546A046DFF8D8A1384610F0CC
S214026880A9F850F809300DF10500019314F0EDF95E
S2140268909DF807B00746B8F1000F4DD1BBF1000FC7
S2140268A05BD0DFF88C9199F800300BB1002E63D0E4
S2140268B0002C61D05F4B1B78022B5DD1BBF1000F21
S2140268C053D1384610F023FA58465946FFF76CFA69
S2140268D007F0EEF840F607400EF064FA34E010F0E7
S2140268E078FCFDF7BBFB0446F8B15C464EB1524B52
S2140268F01B78012B02D0043B012B0BD805B0BDE858
S214026900F08F4B4B1B782BB14B4B1B7803F0FB03E2
S214026910022BF3D0BAF1000F404608BF002511F053
S214026920B3FF4FF001088246A8E7414B1B78002BC5
S214026930F0D0002EEED1E1E7BAF1000FAED050460D
S214026940FDF71EFE0028A9D1002013F065FC0028E2
S214026950D4D0002010F04CF8D0E74FF6F7739F42E1
S2140269609FD91720FFF7C6F9EEE7FDF777FB48B188
S2140269703248FDF78DF9F4E7FDF770FB10B1BBF175
S214026980000FF5D1FDF76AFB0028DDD02846FEF79A
S21402699049FAFF28DFF89CA0294C03D09AF8003069
S2140269A0012B04D12946B4F86800FEF795FBFEF7E2
S2140269B051FC2A463846B4F86810FFF777FD214B9B
S2140269C0214A93F906301B0213809AF80030012BF5
S2140269D019D0312B14BF432311238AF800301B4BE6
S2140269E01648196813F00EFE00F006FD0023124C3E
S2140269F099F80010237641B9104813F003FE40F6CA
S214026A001B436361A0E71123E7E7B8F1000F03D049
S214026A1016B1FFF779FEF2E70D4B1B78042BEED189
S214026A200521064813F0EEFD09232376E7E700BFAB
S214026A307162002075620020D05600206C6A002029
S214026A40E4550020DC5B0020F25B00208C6A00200C
S214026A5076620020F862002070B508468CB00D46BB
S214026A600FF0B8FF09220021064613F01FFC044669
S214026A7028460FF028FF052228460DF10F0304A929
S214026A800EF0E2F902281BD09DF80F3029461C446E
S214026A900023E4B204F11002365D01200093D2B264
S214026AA00CF05CF860B1022E0AD1064B1B78012B63
S214026AB006D1054B187818B922462946FFF7AEFECE
S214026AC00CB070BD75620020D056002008B5084B89
S214026AD0187050B1074B1B883BB14FF47A710648C9
S214026AE0594313F08FFD002008BD0120FCE700BFCC
S214026AF068620020086C002030470020014B188096
S214026B0000207047086C002008B5FDF7C1F8002287
S214026B10014B1A7008BD00BF6862002010B5002441
S214026B20044B05481C80054B1C70FDF7B1F8204647
S214026B3010BD00BFF65B0020906A002013630020A1
S214026B4008B50348FDF7A4F8BDE80840FFF7E6BF1E
S214026B50906A00200148FCF7ABBD00BFF65B002040
S214026B60F7B5134B04461B780E46EBB183421DD98C
S214026B700021104814F0DDF8002501460D4F09B932
S214026B80012009E0AC4209D10024162322463046F1
S214026B90009414F063F9204603B0F0BD384614F0B2
S214026BA0ECF801350146EAE71820F5E72720F3E777
S214026BB013630020F65B0020014B1878704700BF75
S214026BC01363002025289DBF024B18700020212049
S214026BD0704700BF8B6C0020012307B51846064A93
S214026BE00DF10701FDF7CEF89DF80720034B1A704A
S214026BF003B05DF804FB00BF29E101000A6C002027
S214026C0084B010B502AC84E80F00082224480DF1C7
S214026C101601089CF5F756F938BB9DF815309B0708
S214026C2005D4204B1B7803F0FD03312B23D11E49DC
S214026C306378097803F00F028A4203D0012928D12B
S214026C40022A18D12278B2B91B09022B13D194F961
S214026C500230002B21DB154BB3F86820BDF80A3052
S214026C609A4208D1FEF790FF06E0002208210C485F
S214026C700FF0CFFF20B90020BDE8104004B07047E7
S214026C800B4BBDF808205B889A42C6D0002BC4D0B6
S214026C90F1E70229EFD1012AD3E70120ECE700BF92
S214026CA0D4560020756200205C6C0020E45500205B
S214026CB0D056002084B02DE9F0478EB016AC84E89A
S214026CC00F00DFF868C1564BBCF802009DF85D90D5
S214026CD010F001049DF96220BDF870E09DF875A0E1
S214026CE09DF976709DF878509DF97A109DF95E8030
S214026CF09DF860601B782FD09DF87D00C0F340049D
S214026D00C0F38000002B44D0464B1B78012B02D1E7
S214026D10002C00F08280C0B19CF800301E335BB2BB
S214026D20BB42ACBF002701279845D4BF00230123EE
S214026D30BB4209D18A4208DB0CD1A81BC0B280280C
S214026D408CBF0020012000E038460EB0BDE8F047B8
S214026D5004B070470020F8E710F0020F18D0C3B155
S214026D60490814BF01200020520814BF0123002343
S214026D708342EAD1AB1BDBB2802B0AD9AE42E9D101
S214026D80B84506DB49D1CA4594BF00200120DCE79E
S214026D900BB90120D9E7AE4216D002AC1CAF0FCF1A
S214026DA00FC497E8030044F8040B2180DDE91A01BA
S214026DB016AB0090ADF804100FCB0EF0C8FB0028FF
S214026DC0E7D1AE42B9D1C0E7BDF8583073451ED000
S214026DD008AC0DF1700CBCE80F000FC49CE8030071
S214026DE044F8040B2180104C638873450FD10822A7
S214026DF0211D0DF12E00F5F765F8024638B9082177
S214026E00201D0FF006FF10B96388002BC1D1B845CC
S214026E10BFDBC2D1CA45BCD8BFE7204695E700BF54
S214026E201363002075620020D05600200A6C0020F2
S214026E3084B02DE9F04F8FB06A4E18AC08AD84E8E6
S214026E400F00162200212846F4F7F0FC33783BB9EF
S214026E500024654B32781B789A4239D2002726E006
S214026E600021624813F065FF00270446B846DFF8A3
S214026E707C91002C45D13FB1224639465B480FF043
S214026E802CFE3378013B33703378002BE0D00021A0
S214026E9056484FF0000913F04CFF4F468046CA464C
S214026EA0DFF848B1B8F1000F6CD1002FD1D016210F
S214026EB0002218A80FF0A9FD014648B1002F00F0E5
S214026EC08B80224649480FF0C0FD33780133337079
S214026ED0454B32781B789A4207D9444800220188EB
S214026EE00FF0FBFD3378013B33703378012B03D16F
S214026EF03F49404813F086FB0FB0BDE8F04F04B0A0
S214026F0070470022214616232846CDF8008013F04B
S214026F10A5FF1622294618A8F4F7D4FF0028EBD0BE
S214026F209DF864209DF824309A4225D1BDF8602051
S214026F30BDF820309A421FD108220DF12E010DF124
S214026F406E00F4F7BFFFB8B902AF0DF1600CBCE8F3
S214026F500F000FC79CE8030047F8040B39800EABFE
S214026F6013E903000090ADF8041095E80F00FFF750
S214026F70A1FE0028C0D027462146484613F0FDFE53
S214026F80044676E71623002241462846CDF800A09E
S214026F9013F064FF02AF0DF1600CBCE80F000FC7E0
S214026FA09CE8030047F8040B39800EAB13E9030094
S214026FB00090ADF8041095E80F00FFF77BFE074639
S214026FC020B1B9F1000F04BF4446814641465846F7
S214026FD013F0D3FE804665E73A46044813F0AFFE48
S214026FE073E700BF136300208B6C0020F65B002063
S214026FF020BF0200906A00202DE9F04F00210446CF
S2140270009FB00DF14008162240460E91CDE90C11B4
S214027010CDF83B10F4F70AFC052220460DF11F03BB
S21402702016A90DF011FF0228074600F0F28020464E
S2140270300FF0D0FC064613F018FE8146F01C13F043
S21402704014FEADF84000701D13F00FFE012FADF8D0
S2140270504200204640F0E0800FF0BCFC0546204689
S21402706013F0E4F90D3502232D1A00932146434608
S2140270700820EAB20BF072FD002800F0CA80204613
S2140270800FF0ADFC012F83469DF84D3040F0DC80BA
S21402709000252F4643F001038DF84D3016AE338897
S2140270A0022B4DD1F1782046023108F065F81B28F4
S2140270B046D1F1782046033108F05EF819283FD110
S2140270C0F1782046043108F057F84A2838D14FF0B4
S2140270D0050AF17820460131514408F04DF8F1785E
S2140270E005905144204608F047F8059B00EB032024
S2140270F083B200F03F02932B059240F09580002366
S214027100F778214602375744FFB23A4600930CA856
S2140271100F2313F0A3FE07F10F01204611F09AFA8F
S21402712007F111010546204611F094FAADF8420027
S214027130059B023353445FFA83FA33795345C8D822
S21402714006360DF17603B342A9D19DF84D20C5F35C
S214027150C03363F3410220468DF84D200FF0D1FB79
S2140271608DF8440020460FF0C1FB8DF845002046FE
S2140271700FF0C1FB9DF83230BBF1190FC3F3C30207
S2140271808DF84720DDF833208DF84600CDF84E20E6
S214027190DDF83720CDF8522094BF00229DF83E201D
S2140271A08DF8482003F003028DF84A209DF84D2002
S2140271B0DB0963F38202694B8DF84D201B78022BA4
S2140271C056D1BDF840600FF0B3FD864250D108A8F4
S2140271D010F01AF8BBF1190F47D908220DF14E012B
S2140271E008A8F4F76FFE00283CD1B9F5004F02D08C
S2140271F0B9F5624F0DD140F6FF7325F440459D4226
S21402720007D1002208210DF14E000FF002FD0028E2
S2140272103ED01FB0BDE8F08F0FF0DCFB05462046DF
S21402722013F004F907351EE7412B81D1F178204689
S2140272300231514407F0A0FF494B1B78C3F1B30358
S21402724018448DF8490073E76FF30003F01D8DF8BC
S2140272504D3013F00AFD0CA90546204610F026F81C
S2140272600B2772E700F058FDBFE700F055FDD0E7A8
S214027270B9F5004F02D0B9F5624FCAD140F6FF7396
S21402728025F440459D42C4D1BBF1190FC1D9B8E7D8
S214027290BBF11A0F06D007F11F0142462046C9B2BB
S2140272A00EF05BF92F4C304D637BDBB12B78012B54
S2140272B01DD1012323730CAB029314AC94E8030094
S2140272C00090ADF8041098E80F00FFF799FC90B113
S2140272D094E803000090ADF8041098E80F00FFF75A
S2140272E0A7FD08E0FCF7BAFE0028DFD0E1E703F0CE
S2140272F0FD03042BDDD02B78012B01D0042B88D183
S2140273001A4BDDF84E001B78DDF852108DF822304D
S214027310BDF84030ADF820309DF84D30C3F3400341
S2140273208DF823309DF8313003F00F038DF82C30A2
S2140273309DF848308DF82D3009AB03C30C4B1B6803
S2140273401BB1414608A8984763E79DF946209DF879
S214027350451008A80DF0E8FC5BE700BF7562002048
S2140273601A630020D0560020016300201963002013
S214027370C456002010B513F093FB114B1B78022B5A
S2140273801CD1104A1468A04218D00F4910600A682F
S214027390121B10440D4A086012786AB1013A9340F3
S2140273A03C2253434FF47A725343984206D9BDE8BF
S2140273B010400320FCF766BD0A23F3E710BD00BFAA
S2140273C0756200205C48002058480020586C002057
S2140273D0064B1B88DB0708D50022054B43F8202006
S2140273E0044A135C63F00F0313547047F85B0020E3
S2140273F0AC4600203A62002008B513F051FB00228A
S214027400024B1860024B1A6008BD00BF5C480020A1
S21402741058480020014B1868704700BF58480020A3
S21402742008B50C48FCF734FCFCF772FD80B10A4B39
S2140274300322B3F8681001200EF0AFF84FF47A7109
S214027440064B04481B885943BDE8084013F0DAB8D7
S21402745008BD00BFB06A0020E4550020EC6B002097
S214027460014B1880002070470E6C0020044A054B22
S2140274701870138823F00303184310800020704707
S214027480F85B0020596C0020034B1888C0F30E00EE
S214027490003818BF01207047A65B002008B5FFF72A
S2140274A0F3FF30B1002004490223044A0880FCF7A7
S2140274B069FC002008BD00BFA65B002027E1010092
S2140274C0024B1888C0F30E00704700BFA65B002070
S2140274D00023084A01201370074A08491370084B14
S2140274E0084A1B7843F0040313800223064AFCF77B
S2140274F049BC00BF1663002015630020A65B00206F
S214027500596C0020F85B002027E1010030B501210C
S21402751000240B2385B0104D019400918DF80C3099
S2140275208DF80D000323B5F8680003AA8DF80E4007
S21402753011F049F968B1B5F868100FF074FF40B160
S2140275400522064B64211A70054B06481C7013F080
S21402755059F805B030BD00BFE45500201563002081
S21402756016630020D06A0020064B1B78033B012BD3
S21402757006D8054B1B781BB9044B1878FFF7C6BF15
S214027580704700BF7662002014630020586C00200B
S21402759010B51548FCF77CFB144B1978F9B9144A58
S2140275A013787BB1013B1370124B1B78042B02D16C
S2140275B00846FBF721FCBDE810404FF496710A48D6
S2140275C013F020B80C4A128802F00302022A0AD1EB
S2140275D0BDE81040032201200849FEF7A9BCBDE819
S2140275E01040FFF7C1BF10BDD06A0020166300200E
S2140275F01563002076620020A65B002000F8FF07D5
S214027600084B1A785AB10223013A93404EF660228A
S214027610534303210448B3FBF1F112F0F3BF42F2E5
S2140276201073F6E7586C0020D06A002070B5054645
S2140276301748FCF72DFB0122164B28461A7011F04C
S214027640E6F8411C044689B2284607F095FDA11CBF
S214027650064689B2284607F08FFD0F4C022320808B
S214027660214600200D4AFCF78DFB86B9238803F0DD
S2140276700303022B03D1FFF7BFFEFFF7C1FF2388E8
S2140276805B0704D5BDE870400548FFF7C9BE70BD6C
S214027690D06A002016630020A65B002027E10100C6
S2140276A0B06A00202DE9F0431F4C0546238889B0B6
S2140276B0002B33D01D4E00214FF4807010F03FFE99
S2140276C03378DB0728D50121208812F0E7FE07462B
S2140276D020880FF07FF9023013F0C7FA05A980461A
S2140276E0208811F07BF93378384613F0020F104BDE
S2140276F018BF0025B3F8009012F0B4FE06463846CE
S21402770012F094FEF6B20290424606212846CDE9D1
S214027710009605AB0DF0C4FA00232380054809B095
S214027720BDE8F043FCF7B4BAFE5B00201763002006
S214027730FC5B0020F06A002010B5044640F62140AB
S214027740FFF7B0FF01214FF4807010F0F8FD78B11A
S2140277500022084B1C80084B1A7007F085FEBDE815
S2140277601040064B1880064B0648198812F04ABF8E
S21402777010BD00BFFE5B002017630020FC5B0020EC
S214027780EE6B0020F06A0020044A137818B943F022
S21402779001031370704743F00303FAE717630020F0
S2140277A0044B1B781BB9044A1380FEF707B9002066
S2140277B0704700BF05630020FA5B0020042230B544
S2140277C001F0400387B0002B054614BF01240024B5
S2140277D08DF80C208DF80D1004D004A910F0CDFD04
S2140277E010B304ABCDE9004301210223284603AAC5
S2140277F010F0E9FF0446C8B10D4BB3F868100FF05D
S21402780033F84FF6F7739D4209D9322202212046F9
S214027810FEF73AF880F00100C0B207B030BD294644
S21402782020460FF000FEF5E70120F6E71920F4E700
S214027830E455002010B5FFF731FE04F031FA0FF0E0
S2140278407EFC002010F091FD13F01AF808B1FDF747
S21402785029F9204C2378532B12D1032323700023BB
S214027860FF2219460120FEF763FB002012F0D4FC2B
S21402787010B100200FF0BCF8BDE810400DF091BE2C
S214027880062B01D0212BF0D10120FEF7F5FA4FF698
S214027890FE700FF03CFA4FF6FF700FF055FA00201C
S2140278A0FEF752FA0020FEF759FAFEF7E9F900F061
S2140278B029FB0DF079FE2378212B02D1FEF774F90D
S2140278C0D3E70020FCF7DEFA00214FF4004010F068
S2140278D026FBCAE77562002010B50A4C0A48FCF778
S2140278E0D7F92378062B02D10120FEF7C5FA2378B2
S2140278F0062B01D0532B03D1BDE81040FFF79ABFE9
S21402790010BD00BF75620020106B00202DE9F04705
S214027910DFF8C08004460E461746FFF7BFFD98F80C
S214027920005015B90220BDE8F087212DFAD028486C
S21402793013F02DFA0028F5D114F02004394630460B
S214027940DFF894A0DFF8949005F00F051BD00DF039
S2140279506FF9012D8AF80070A9F8006029D1212359
S21402796088F80030FFF766FF0020DCE7212388F85E
S2140279700030FFF75FFF00214FF6FE70FEF77CFB3C
S214027980FEF780FEF0E70DF052F9012D8AF800703E
S214027990A9F80060EAD0062321464FF6FD7088F863
S2140279A00030FFF70BFF40F22621094812F02AFEAC
S2140279B0E1E7532321464FF6FD7088F80030FFF7C3
S2140279C0FDFE40F22621024812F01CFECCE700BF64
S2140279D0106B00207562002018630020106C0020D7
S2140279E0F8B50D460646511C284607F0C5FB044668
S2140279F028460EF0EFFF0546023013F036F9154B17
S214027A0007461B78022B02D0043B012B21D8124BCF
S214027A101B68580201D5A1061BD5620619D50F4B65
S214027A20B3F86830B34214D16B781B070DD52846DD
S214027A3010F02AFFFCF7A4FD58B1314604F02000EE
S214027A400122BDE8F840FFF761BF0FF054F9B842D3
S214027A50F3D0F8BD7562002064480020E45500208B
S214027A6073B504460D4613F0EEF9FF28034625D0FB
S214027A70134A12784AB1134A32F81020520404D537
S214027A8010F064FC002002B070BD184610F06FFCC7
S214027A906946064610F071FC40B1FCF7E7F928B1DA
S214027AA0002302226946304605F0DCF8204645F0FF
S214027AB0400102B0BDE87040FFF780BE0120E2E759
S214027AC071620020A05B002038B505460EF082FFEA
S214027AD00446284610F09BFE411C89B2284607F051
S214027AE04BFB42060DD563781B070FD5204610F0D8
S214027AF0CBFE0146002013F0A4F9BDE8384010F092
S214027B0025BC0348BDE83840FFF7E6BE38BD00BFD7
S214027B10106B002038B54FF6FF75A842044617D002
S214027B200FF006F9A04213D04FF6FD72094B1988E2
S214027B3091420DD9084A1288AA4201D0A24207D120
S214027B401C804FF47A71BDE83840044812F05ABDE2
S214027B5038BD00BFF66B0020126C0020F0470020F4
S214027B6008B50448FCF794F84FF6FF72024B1A80E9
S214027B7008BD00BFF0470020F66B002037B505466B
S214027B800C46082369460120064AFCF7FBF815B1A5
S214027B909DF806302B700CB1009B2360BDF80400E4
S214027BA003B030BD25E1010007B508238DF80600B5
S214027BB0ADF80410009269460020034AFCF7E2F88A
S214027BC003B05DF804FB00BF25E10100024A13780A
S214027BD00BB1013B137070476662002008B50FF0C8
S214027BE0B3F800214FF6FF72054B08461A80FEF7DF
S214027BF0DBF8BDE8084040F616400DF0D3B800BFEB
S214027C00F66B002008B5FCF743F80A4B1B78023BDC
S214027C10032B08D84FF6FE73074A108898424FF691
S214027C20FF7301D1138008BD9842FCD0BDE808401E
S214027C30FFF7D4BF75620020F66B002010B5084B24
S214027C401B78042B0AD00FF056F80021044608468B
S214027C50FFF794FF231A5842584110BD0020FCE754
S214027C6076620020F0B5002689B00546CDE90566A5
S214027C70ADF81C6010F0CBFD0A23024604462946E6
S214027C80009605A813F0EAF89DF815309DF81470D2
S214027C901F2B27D803A80FF0B7FA08220DF11601FA
S214027CA003A8F4F70FF90646E0B9092F1CD1FFF72F
S214027CB0C5FFB8B1144B1B78A3B1144B1A884FF604
S214027CC0FD739A420ED9124C124A23780433DBB261
S214027CD023701278013AB3EB820F03DD58B20BF031
S214027CE01BF9267009B0F0BD0A34E4B221462846D4
S214027CF007F042FA0FF01BFB611C284610F0AAFCA4
S214027D00FFF708FFEEE700BF6C6C0020F66B002062
S214027D1066620020576C002038B5134B1B78033B75
S214027D20012B20D9114B4FF6FF711B78ABB1104DCA
S214027D302B888B4217D10EF0FBFF4EF660210446CD
S214027D400C4812F05FFC4FF6FE7322462B80002191
S214027D50BDE8384009200FF0F8BA074A13888B426C
S214027D601CBF0133138038BD766200206C6C002085
S214027D70F66B0020F0470020A25B002008B50448FE
S214027D80FBF786FFBDE8084000210846FBF734B83B
S214027D90306B002010B5044661B1FF210EF0BBFD2A
S214027DA0002120460EF0BDFD0EF0FEFC01462046E8
S214027DB00EF0BDFD2146BDE810400022014812F03B
S214027DC0BEBF00BF025C00202DE9F0410D461746FB
S214027DD004460EF0FFFD06782846FCF74DF92946C4
S214027DE0804620460EF040FD0EF085FFA84206D1E2
S214027DF020460121FFF7CEFF0120BDE8F08128468C
S214027E00B8F1000F0AD0FCF7B9F950B9144B3A464C
S214027E102046BDE8F0411978FDF736BD10F0B1FAFC
S214027E20F3E706F00306012E08D00EF064FF0023E7
S214027E302246294602F042FA0028D9D120460EF000
S214027E40CFFC430505D52046BDE8F04100210FF0E2
S214027E5044B8204610F080FAB0FA80F04009CCE729
S214027E60566C002010B586B0044610F0D0FC104BBD
S214027E700246186819790290D3F805005B7A013237
S214027E808DF8143000238DF80C10049021460093D0
S214027E9092B2052304A812F0E1FF052204A902A863
S214027EA0F4F710F8B0FA80F0400906B010BD00BF33
S214027EB0F099040008B511480EF049FE104B1B78E5
S214027EC0012B06D8FF2010F01AFAFDF7B1FB10F0CE
S214027ED035FAFDF73BF801F091FCFFF7F9FA10F0DE
S214027EE00EFE07F0F1FDFDF749FD07F03DFB0CF035
S214027EF0A1FEBDE8084002F0D3BC00BFAC5600208D
S214027F003362002008B5F0F75DFDFF2803D0094B69
S214027F101B78012B06D9002010F0F1F9FDF788FB3B
S214027F2010F00CFAFDF712F801F068FCBDE8084004
S214027F3002F0B6BC33620020064B1878112806D031
S214027F4000F0FD00A0F1410358425841704701205D
S214027F50704700BF756200202DE9F8430446FDF71E
S214027F600FFB18B100263046BDE8F8834FF6FF78BF
S214027F70184BB3F868104145F4D020460EF074FC56
S214027F80154B022120461A88FDF77EFC064600287D
S214027F90E8D020460EF01EFD90F807900546043005
S214027FA012F063FE07460EF0A6FE49460246384623
S214027FB0FDF7FEFAA81C12F058FE404502D12046F4
S214027FC0FFF7BAFB2B789B07CDD101212046FFF79E
S214027FD0E1FEC8E7E4550020005C0020F8B507463D
S214027FE00EF0F8FC0546043012F03FFE0646A81CCA
S214027FF012F03BFE0446304612F025FF3046FCF7F0
S2140280003BF82B789B0701D10EF075FEAB790BB9C6
S2140280100320F8BD0EF06FFEA0420CD10EF06BFEF0
S2140280200446094B214638461A78FFF7CDFE00284B
S214028030EED00020EDE7054B1B78052B1CBF044B4A
S214028040B3F86840EDE700BF005C002076620020CF
S214028050E45500202DE9F041064610460D4610F084
S214028060D6FBA0F11004E7B256FA84F42146EA1BC6
S21402807004F10E00F3F72CFC2823DFF84480F355B6
S21402808098F80030637301F0CDFB611C02460120B4
S2140280900DF09FFA08220949601DF3F719FC98F8BB
S2140280A000000FF098FF05F10E0130463B46002215
S2140280B0C9B201F069FC1220BDE8F081F862002026
S2140280C0706200202DE9F04F87B004460EF082FC65
S2140280D0064620460EF0E1FB0746301D12F0C5FDAF
S2140280E08146B01C12F0C1FD384696F807A012F081
S2140280F0B3FE33789A075FD12146042001F04CFD87
S214028100002859D0204610F082FB0146204607F090
S21402811033F8830750D1204610F079FB01462046FB
S21402812007F02AF810F00303039345D12046FFF721
S21402813099FE002840D0204610F03FFC451C204601
S21402814012F090F9EDB205F10A0B83455DDA304A7A
S21402815004AB1068516803C3691C204607F00CF88C
S21402816029468046204607F007F800EB08205946C5
S2140281701FFA80F8204606F0FFFF8346039B21463F
S214028180AA1C009304A8082312F068FE20460EF0EC
S21402819084FB5A4641460DF00EFA0122404604A9D7
S2140281A00FF04FFA88BB022007F032FC013003D1F1
S2140281B0404604A9F0F7CEFC0EF09DFD48453A462F
S2140281C0514607D10EF09FFFF8B907B0BDE8F04F51
S2140281D00FF0EBB948460EF096FFB0B90D4B1B7880
S2140281E01BB9394648460FF0F6F83A465146484615
S2140281F0FDF7DEF948B1317811F0030105D12046CA
S21402820007B0BDE8F04FFFF7C5BD07B0BDE8F08F79
S214028210DCD503006C62002038B5114D2B78023B8A
S214028220012B18D80DF0C9F90446B0B9FFF7A2F829
S2140282302B78032B07D12346FF2221460120FDF788
S21402824077FE012038BD21462046FAF7D5FD0038D4
S21402825018BF0120F6E71720F4E70220F2E700BF76
S214028260756200202DE9F74305460E4614460EF0C9
S214028270C1FA0C2828464AD10EF0ACFB092200218E
S21402828012F014F800F11001C9B2284606F074FF85
S214028290042813D07C282BD0012840F0AC8046B9A5
S2140282A01321284610F0D6F903B0BDE8F0430EF0CD
S2140282B04BBD03B0BDE8F043FDF7DCBC5B4B1B785F
S2140282C0022B40F0988046B9FFF7FAF8C3070AD5A2
S2140282D0FFF792F8002C08BF3F26304603B0BDE8F1
S2140282E0F0430CF0C3BCFFF7CFF80028F0D0F1E75C
S2140282F0284612F0B7F80446284612F097F80246C7
S2140283003046E1B203B0BDE8F0430CF0ADBC0EF06F
S21402831061FB8046043012F0A8FC074608F1020012
S21402832012F0A3FC4FF6F773984204460CD8404A64
S214028330138801339BB213800BB93E4A13801EB1D9
S2140283403C4A13880133138098F8009009F0030919
S214028350B9F1010F1DD1284610F059FA01462846F8
S21402836006F00AFF0B2809D00D2807D0042842D1B0
S214028370284603B0BDE8F043FFF7A6BB2E4B1B789A
S214028380042B38D10021084603B0BDE8F043FAF7C3
S21402839033BDB9F1000F2ED13146284603F05EFDFB
S2140283A04EB34FF6F7739C4225D898F801602046E4
S2140283B016F0040622D10FF0B2FF054620467DB124
S2140283C00FF0DFFF034600BB0C2200902146384622
S2140283D00FF0CFF90C22002339462046009308E01E
S2140283E00FF0CFFF0346C8B9144A00901278214610
S2140283F038460FF0BEF903B0BDE8F0830FF0C1FFB8
S214028400034678B90B220090F1E70622334621464E
S214028410384600960FF0ADF90622DCE72B460095AB
S2140284200622E4E74B46CDF80090F9E77562002095
S214028430AA5B0020A85B0020766200208D6C0020DC
S2140284402DE9F04F05888BB0044628460EF0C2FA96
S2140284500746043012F009FC8146B81C12F005FCEF
S21402846005A98046284610F01CFA284610F0CFF9D7
S21402847001460646284606F07FFE3B78824603F013
S2140284800303012B0CBF83464FF0FF0B12F003FBD6
S214028490E388019002930EF02EFCFB79009048468A
S2140284A0039300F081FF002876D1404600F07CFF5F
S2140284B0002840F08880FDF72BFB8046FBF7CEFDB8
S2140284C010B9FFF739FD30B1A8F104085FFA88F851
S2140284D0B8F1020F1BD90BF0FD03042B00F0B3809A
S2140284E0FFF72AFD20B10AF0030ABAF1010F0ED0F7
S2140284F0FBF70EFD28B9714B1B7803F00F03062B12
S21402850068D16F4B2846B3F868100EF0ADF9BBF190
S214028510010F63D128460EF091F94FF6FF73984289
S21402852040F0918000233146284607AA0FF0FFFE4E
S2140285300746002842D042799DF82530934209D951
S214028540711D284689B206F02BFEA37823F00F038E
S2140285500233A3700CF067FB7E23B0FBF3F202FB40
S214028560130303F58073A3809DF8263013F0180FCB
S2140285700AD0A3781B0707D1009B4B4504D0484678
S2140285807A7905A90CF084FB9DF82700003818BFFD
S21402859001200BB0BDE8F08F28460EF01BFA023021
S2140285A012F063FB4FF6F773984207D9039B2BB979
S2140285B02846FFF757FC00287FF477AFA37823F00E
S2140285C00F03A37008E0404612F046FC00287FF432
S2140285D072AFF3E72823A3800020DAE7BBF1020F8D
S2140285E054D10123314607AA28460FF0A0FE804642
S2140285F00EF081FBBDF8223098421FD1B8F1000F71
S214028600DCD00122B8F80230314628460FF08DFE43
S2140286102C4A13780133DBB2FB711370B8F80230C0
S214028620BDF81E209A421FBFA37823F00F03023321
S214028630A3704FF4C873A3800120AAE7184612F06D
S2140286400BFC0028DAD128460EF0F8F812F0A4FB4C
S214028650012808BF1C4BA27809BF1B78FA2303EB3C
S214028660830303EB830302BF9B00FA339BB2120918
S214028670A4D1DDE90121521A92B293429ED30CF0A4
S214028680D2FA00F01F001030A080D5E7BBF1030F2E
S214028690D9D1009B4B45D6D1711C284689B206F02B
S2140286A06BFD0C28CFD1FCF7FFFD4FF6FF73984207
S2140286B00146C8D028460EF0D7F8C4E775620020F7
S2140286C0E455002073620020656C00202DE9F0411D
S2140286D005460C460EF08EF8082802D10120BDE8A9
S2140286E0F081201D12F0C1FA0646284694F807804B
S2140286F00EF0D3F8074628460EF072F8010612D599
S214028700184B1B78042B0ED1174B1B78022B0AD161
S214028710164BB3F868204FF6FF739A4203D0002137
S2140287200846FAF769FB124B1B78002BD6D1A01C21
S21402873012F09BFA4FF6F773984202D86378DA077C
S2140287400DD523789B070AD13A46414630460EF0AD
S214028750DAFC80F00100C0B200F00100BFE70120A1
S214028760FAE700BF7662002075620020E45500201A
S2140287701D6300202DE9F04F9DB004460EF03AF836
S214028780054620460EF036F8082869D14FF4004315
S2140287902046ADF85030ADF85C4011F063FEBDF8EF
S2140287A05C20A0F11005EDB21046102300210095C2
S2140287B00FF03DFF294617A80FF011FF204611F0D3
S2140287C035FE0AF0BFFB002321461A460C20009312
S2140287D00AF0C4F998B3204611F028FE14A90246FE
S2140287E01020FBF779FF0501204611F01FFE14A9A1
S2140287F002464020EDB2FBF76FFF10B120460CF0A8
S2140288001BFA204611F012FE14A902468020FBF73E
S21402881063FFB8B99DB1102517A805F067FF20467B
S214028820BDF8507011F01EFE0646204611F0FEFD01
S21402883029460090F3B2384617AA0CF093FA1DB0F8
S214028840BDE8F08FBDF8503017A8ADF85E40ADF821
S2140288505C300CF0AAFE0028DCD145F08005DBE790
S21402886020460EF007F8B0F5006F40F0058120466E
S2140288700EF013F80646042D40F0018120460DF056
S214028880AFFF80F40060C0F3C020002231464000F3
S21402889012F0B4F9944B1A78022A0DD0FFF74CFB6B
S2140288A050B902F0FD03312B06D0043A012A03D94F
S2140288B08E4B1B78002BC2D02146022001F06CF9A9
S2140288C005900028BBD02046ADF846400EF082F850
S2140288D00446BDF846000DF0E0FF0646201D12F0E5
S2140288E0C4F9A31C83461846039312F0BEF912A9D4
S2140288F00746BDF846000FF0D4FF63780690BDF831
S214028900460094F8008008930FF081FF63780546CE
S21402891008F0030830460C93FBF7AEFBB8F1010FE4
S2140289200CBF032302230E93714B08BF4FF00B09B3
S2140289301E80237818BF4FF00A0903F03C03082B69
S2140289400D907FF47CAFBDF8460011F08BFDA84277
S2140289507FF675AFB8F1010F03D023789B077FF43B
S2140289606EAF644BB3F86830B3420DD1624A634BC4
S214028970B2F9001093F90030002900F0A58001EB4F
S2140289800313A3EB211313804FF0010AA5F1100382
S214028990DBB20A938DF8453010224846BDF84610E1
S2140289A0CDF800A00DF145030AF0D8F800283FF4F0
S2140289B046AF089B13F00203099300F00981504B5F
S2140289C01B78002B3FF43BAFBDF8469048460FF0AD
S2140289D01EFF002307904846CDE917331993ADF8DA
S2140289E068300DF05AFF079B039003F10E014846CC
S2140289F089B20FF0DFFE002870D000234946079A9E
S214028A00009317A80E2312F029FA50460DF15D01C5
S214028A100CF0EDFD9DF869300B9004939DF85C30E8
S214028A20282B5BD10DF16100FBF7AAFD0F90002801
S214028A3054D104980FF0CFFA0F9B002866D1314B21
S214028A40049A1B78D31A1C0648D404F059F95045E8
S214028A503CD112F025F82C4E0546346824B104F0B9
S214028A6055F92C1B844239D30023FF221946184697
S214028A70FDF75EFA356031E04FF6FD76FBE64FF61F
S214028A80FF70301A18BF012000223146400012F053
S214028A90B5F80C2D0DD12146012001F07DF80028F5
S214028AA03FF4CDAE214600201DB0BDE8F04FFDF7E5
S214028AB0D3BF2DB920461DB0BDE8F04FFEF79CBAD5
S214028AC0042D7FF4BCAEE5E61B025CE704F018F961
S214028AD0022803D104F0F6F80028BAD000221920A2
S214028AE0039912F08BF8AAE6756200201D63002037
S214028AF01E5C0020E4550020F25B00201A63002072
S214028B007162002070620020F45600201021484650
S214028B10079ACDF800A00FF0AEF80028DED0BB4BC7
S214028B20049A1B78934240F0AA8003990DF16102E1
S214028B3014A811F037FE012114A8FBF7F5FA8246B5
S214028B4048F2030114A8FBF763FBBAF1000F03D047
S214028B50082114A80CF0EEFC48460FF076FE0399A6
S214028B600DF16100FCF72AFCFE288246B6D0FF28EB
S214028B700AD1039812F056F9FF28824600F0878041
S214028B800DF16101FCF7F4FAA04B049A1B789342AC
S214028B9000F0A38050460B99FCF7F6FB00283FF442
S214028BA04EAE50460B99FCF701FC237898070FD17E
S214028BB048460FF02CFE0146484606F0DDFA00F065
S214028BC00300012804D103980DF16101EFF7C2FFFB
S214028BD0BDF846000DF004FE010440F185802046F3
S214028BE012F043F840F4007189B2204612F03FF8C2
S214028BF000224FF40041BDF846000DF0E2FDDDF81C
S214028C001490012310220093BDF846100E980DF121
S214028C10450309F0A3FF00283FF411AE032866D1EE
S214028C20204612F022F840F4007189B2204612F073
S214028C301EF8304612F010F9002840F0B680DDF833
S214028C401490B8F1010F40F0B6800320BDF846102C
S214028C5000F0A2FF002840F0AE802946BDF846008C
S214028C6006F08AFA0F2801467FF6E9AD4FF6F7734B
S214028C709F423FF6E4AD30460EF01AFCDFE5504662
S214028C80049903F085FA00287FF44FAF26E723788D
S214028C9003F00303012B08D148460FF0B8FD014646
S214028CA0484606F069FA082892D0594B1A78594B6A
S214028CB01B789A4209D20DF161010398FCF70CFA6F
S214028CC0039812F0AFF882465EE7A01C11F0CDFFC3
S214028CD04FF6F7739842EED900E75046FCF7CEFB04
S214028CE000283FF457AF5CE74FF0000989E73046AB
S214028CF012F0B2F80028A4D0099B002B57D1B9F184
S214028D00000F52D1B8F1010FBDF846009DD029469A
S214028D1006F032FA8246DFF8089199F80030002B06
S214028D2054D00DF0E8FF87427FF489ADB8F1010F09
S214028D307ED1BAF1070F75D8BAF1050F7FF67FAD6F
S214028D40354B1B78022B02D0043B012B03D899F833
S214028D500030002B41D00C9B9A0640F1B4800D9B4C
S214028D60002B40F0AC80304612F06DF8FF2840F041
S214028D70A6805E457FF463AD069B002B00F09D80C7
S214028D8012AB46F204020124ADF85C2001932146A0
S214028D9002233046009417AA0FF015FD00283FF470
S214028DA04EAD21460EF099F849E5DDF814903046AE
S214028DB00FF0CFFA45E72946BDF8460006F0DCF983
S214028DC0099B824613B9B9F1000FA4D0124B1B7847
S214028DD0022B02D0043B012BBDD8304600F0E4FA49
S214028DE0814600287FF42BAD0DF085FF864225D103
S214028DF00A4BB3F868400DF07EFF4B4601460D2243
S214028E002046CDF800900EF0B4FC18E57062002003
S214028E106F620020666C002075620020E455002018
S214028E2071620020AAF10E03DBB2012B88D906E597
S214028E300AF00303012B7FF402AD81E7304612F0FD
S214028E400BF858B90DF074FF4FF6FF73984205D031
S214028E5011F016FD10B93046FCF7E4F8304611F072
S214028E60FBFF88B10DF064FF4FF6FF7398420BD0FC
S214028E7011F006FD40B9B8F1010F02D1BAF1060FA2
S214028E8002D030460FF064FA069BA3B919460122B7
S214028E9058460EF0D6FB814600287FF4D0AC20461A
S214028EA00FF0F2FC4A46014638460EF0CAFB00288E
S214028EB03FF451AFC3E412A9E9E7069B61E7637882
S214028EC023F0200363704FF6FC739F423FF4B7AC67
S214028ED04FF6FD739F4204D1B34B1B78042B3FF42D
S214028EE0AEACA3790BB1013BA37163785B0727D5C0
S214028EF00023584617AA14A917930FF00AFA1798D0
S214028F00F0B10FF0FFF98146384611F09CFF179A30
S214028F100146137903F03000102806D003F00C0047
S214028F2008281CBF23F00C031371137903F03303D4
S214028F30202B05D1FF2903D0012248460FF0F1F974
S214028F40304611F080FFFF281EBF0022974B43F8E1
S214028F502020089B03F001094FF6F7739F4200F2A8
S214028F60F980B9F1000F40F00181314658460EF003
S214028F7032FA0DF0C0FE874200F0C680384611F085
S214028F806BFF002841D0B8F1010F27D1BAF1010FCB
S214028F9017D14A462946BDF846000FF0C5F93846AD
S214028FA011F05AFF824B1B78002B72D1584611F0F3
S214028FB053FF002866D1384611F04EFF002861D1D3
S214028FC03DE4384611F048FF50B3BAF1030F27D1FB
S214028FD02946BDF846000EF004FC30E4384611F08F
S214028FE03BFF38460FF0CDF9002847D0002339461C
S214028FF05846BDF8462001F061F900283ED000210F
S214029000BDF84600FEF7C6FE19E4384611F024FF06
S21402901018B1B8F1010FD8D0E3E7B8F1010FE0D1EB
S214029020634B1B78002BC1D0BAF1050F31D10DF07E
S21402903062FE8DF85C000DF05EFE000A8DF85D00A3
S2140290400123022217A90DF14600FAF775FD002842
S2140290507FF4F5AB691C89B2BDF8460006F07AF8D3
S2140290600378013303706378590715D40DF043FE75
S214029070834522D0002239461C2032E54C4B1B7811
S214029080002B93D0B8F1010FCED063785A0714D5CF
S21402909002E06378580718D5BDF8464020460FF020
S2140290A078FB411C89B2204606F054F80378B8F1E2
S2140290B0010F03F1FF33037004D0BDF84600FEF73C
S2140290C08DFF09E0BAF1050FD0D0BDF84600FEF7D5
S2140290D085FFBAF1030FCDD00228CBD10021584626
S2140290E017AA0FF019F930B10379468003F03C0352
S2140290F043F04003037100232E4A00933946584634
S21402910012780EF036FBB5E7B8F1010F7FF477AFB1
S2140291100AF1FF330C2B00F2868001A252F823F0EC
S2140291208191020081910200D18F02009791020084
S214029130B99102003F880200DD910200ED91020023
S214029140F9910200F99102003F8802000F92020094
S2140291501B920200B8F1010F71D0B9F1000F08D1CD
S214029160BDF84600FEF7AEFFFFF769BBB8F1010F88
S214029170CED0237A03F00303012B7FF460ABEFE734
S214029180AAF102035A422946BDF846005A410FF098
S214029190CBF8FFF754BB2A465846BDF84610FEF7F2
S2140291A01FFCFFF74CBB00BF76620020AC460020D7
S2140291B06A6C00208D6C0020691CBDF8460089B2DE
S2140291C005F0DAFF0235EDB20246BDF846305846E3
S2140291D0009512A906F0D4FDFFF731BB01200A9ACA
S2140291E0BDF84610FDF71AFBFFF729BBBDF846008F
S2140291F00FF0A0F8FFF723BBBDF84600FEF732FDDE
S214029200FFF71DBBBDF84600FEF72CFDA8E7BDF82C
S2140292104600FEF70BFAFFF712BBBDF846000CF04D
S214029220BEF9FFF70CBB2B4622465046BDF8461049
S2140292300CF08BF900287FF402AB51461BE50AF1CD
S214029240FF330C2B3FF6FBAA01A252F823F000BF15
S2140292508191020081910200D18F02009791020053
S214029260B99102003F880200DD910200ED910200F2
S21402927005920200059202003F8802000F92020049
S2140292801B92020010B5002111480DF007FC04469F
S214029290E8B10DF02BFB0F4B187020460DF02BFBA0
S2140292A00D4B187020460DF02CFB0C4B1870204608
S2140292B00DF02CFB0A4B1860012011F0F5FB20463E
S2140292C0FFF758FABDE81040002011F0EDBB10BDC4
S2140292D0D05B00201B6300201A6300201963002065
S2140292E0EC56002070B5144E044633680D46BBB1EA
S2140292F00DF080FA0C2813D120460DF06BFB0922E4
S2140293000021044610F0D2FF235C042B08D10B4C3C
S21402931025B10B4B22781B789A4203D30023237085
S214029320002070BD0748316811F06CF923780120DF
S21402933001332370F5E700BFF05600201C630020BF
S2140293408C6C0020306B0020014B93F901007047B3
S214029350F25B0020014BB3F868007047E45500202A
S21402936070B500240D4D2C70EFF706FAE6B2B04247
S21402937008D800220A4B1A700A4B198801B11A80C3
S214029380012070BD304611F064FDC30748BF2B783C
S21402939004F1010444BF01332B70E5E76E6200203E
S2140293A067620020A45B002038B50B4B05461B788D
S2140293B073B101335C08094B188811F037F80023A3
S2140293C030F81320AA4205D00133DAB2A242F7D30C
S2140293D0002038BD0120FCE767620020A45B002065
S2140293E030B5054685B008460C4611F02EFDFF281E
S2140293F00CD00EF0DBF8012200210346CDE9011263
S214029400009221462A460720FCF7F6FB284611F072
S2140294101AFDFF2804460FD011F01BFDC2070DD51A
S214029420204611F016FD830708D40B4A32F8143092
S21402943043F4806322F8143005B030BD0EF0B6F85F
S214029440012200210346CDE90112009207202A4696
S214029450FCF7D2FBF0E700BFA05B00204FF6FA72E3
S214029460431E9BB2934270B504462AD8FFF79CFF70
S21402947038BB194B1B78042B23D0204611F0D2FCA4
S214029480FF2801D0FBF7FEFC20460EF03DFF08B198
S2140294900EF034FF2046114E03F0ACFE20460BF0D1
S2140294A0F5FB31780E4D69B1288810F0BFFF0546EE
S2140294B001461E220230F2F70BFA2C8033781E2B5E
S2140294C007D970BD202011F025F828800028EBD19E
S2140294D0F7E702333370F4E7766200206762002013
S2140294E0A45B0020044A13782BB1013BDBB2137055
S2140294F00BB9024A1380704767620020A45B002003
S2140295000148FAF7D5B800BFA45B00202DE9F04762
S214029510804617460D468CB061B903AE00211B4843
S21402952011F007FC4FF000090446DFF860A01CB9F2
S21402953020461DE00E46F1E700222146242330464F
S214029540CDF8009011F08AFC082241463046F2F728
S214029550B9FCA8B9337C9BB96FB945B92A462146EE
S2140295600A480DF0BAFA0A4A1388013B1380012012
S2140295700CB0BDE8F0873B88B28953405B06ECD559
S2140295802146504611F0F9FB0446D0E7065C00205F
S214029590045C0020024B1888003818BF0120704770
S2140295A0045C00202DE9F04330488DB0FAF770FBDA
S2140295B011F076FA2E4D2B68C41A4FF47A73B4FB68
S2140295C0F3F4A4B214B111F06BFA2860294F4FF6E7
S2140295D0FF763B88DFF8A080ADF80A3000233B8098
S2140295E000210DF10A000DF059FA054658B9224B32
S2140295F01B882BB14FF47A711C48714311F002F8A4
S2140296000DB0BDE8F0834FF0000924234A462946F0
S214029610CDF8009003A811F021FCBDF81A30A34241
S21402962094BFDB1A1B1B9BB2ADF81A3063B9BDF8A8
S21402963018301B0602D508980BF095FDB8F80030D6
S214029640013BA8F80030CBE79E4228BF1E46012306
S2140296504A462946009303A8242311F0FFFB4A46F4
S2140296602946384611F06BFBBAE700BF9047002048
S214029670F8560020065C0020045C0020F0B5044684
S2140296802E4A8DB01068516801AB03C3A378012B34
S2140296904FD1162200210DF11A00F2F7C7F8D4F8BE
S2140296A02110D4F81D0003AB03C32388190644BF58
S2140296B062680892DA050BD5221D08AE04F114077B
S2140296C0354610685168083203C5BA422E46F7D1AD
S2140296D0ADF8183013F0040318BFA3690593EFF72B
S2140296E063F80023ADF81A00082201A903A88DF832
S2140296F01C30F2F7E7FB18B106A903A80EF0F1F941
S2140297000022242103A80DF080F9044698B1002017
S214029710FFF748FF00222146094811F010FB094ACC
S2140297200020138801331380FFF73CFF00200DB0A2
S214029730F0BD0220FBE71920F9E700BFDCD50300E5
S214029740065C0020045C0020F7B5044600200E46A6
S214029750FFF728FF104B1B88A34202D8212003B034
S214029760F0BD00210D4811F0E4FA002501460B4F2A
S2140297700029F3D0A54208D10024242322463046ED
S214029780009411F06BFB2046E9E7384611F0F5FA33
S21402979001350146ECE700BF045C0020065C0020B1
S2140297A00148F9F785BF00BF065C0020014B188808
S2140297B0704700BF045C002070B50C4611460E4A86
S2140297C023781278064613F0200542EA0302227036
S2140297D018BF611D0822F2F77BF8002D0CBF05208A
S2140297E00D20D4F80130B3602378337303F01803E6
S2140297F0082B08BF013070BD71620020042307B534
S21402980001200DEB0301054AFAF7BCFA019B044A54
S2140298101B03136003B05DF804FB00BF63E5110091
S2140298205448002010B5064C2368C3F30B0313B943
S2140298300448E3F733FC2068431C236010BD00BFD6
S2140298405448002063E51100014B1868704700BFBA
S2140298505448002007B50020054B064A186004232A
S2140298600DEB03010190FAF78DFA03B05DF804FBE5
S2140298705448002063E511007FB511230A4A0120EF
S21402988001A9FAF77FFA094B9DF814201A70084BC3
S2140298901B780BB1052B05D10BF0C4F9012007B0DC
S2140298A05DF804FB0020FAE779EB01007062002005
S2140298B0716200202DE9F04F0646CBB0884600883C
S2140298C00121174610F0EAFD2E4B3A463188ADF8D4
S2140298D0160006A80EF0A4F90DF1280B5A464146CA
S2140298E0C41930880EF026F9E4B208EB0003A3424E
S2140298F008BF044605464FF004091CBFA4EB080443
S214029900E4B223465A460121CDE900090BEB050ACB
S214029910CDF808B02D1B06A8EFF776FBEDB20BEBE1
S21402992004030093019523465A46414630880EF0BA
S2140299302FF934883946204605F01EFC394600F0D9
S214029940F802204605F02CFC0121308810F0A6FD16
S21402995001234A46514680B10DF11600FAF7ECF89B
S21402996001210446BDF81620308810F0ABFDB4FA8B
S21402997084F040094BB0BDE8F08F3046FAF7DCF8C9
S2140299800446F4E7F86200202DE9F04FC9B0044619
S21402999088469246C118224A04A81F46FFF70CFFC3
S2140299A04FF00409C519EDB208AB0293A5EB0A0BFA
S2140299B0A8EB0A035FFA8BFBA8EB0506DBB2F6B24E
S2140299C004EB0A02009301215B46CDF8049004A83A
S2140299D0EFF71AFB06F590730DEB03025A44A2F555
S2140299E08072136808A844F80830E35D324623F014
S2140299F00703E3552C442146F2F7A8F808ABCDE955
S214029A00019308AA00230121009604A8EFF7FCFAA6
S214029A103246204608A9F2F799F849B0BDE8F08F19
S214029A20F8620020F8B506460EF0C7FF811C054610
S214029A3089B230460EF0BEFEF0B1EDB12946304690
S214029A4005F09AFB1228074616D80C4B691C1C5CBC
S214029A5089B2304605F090FB2C44052FE4B205D1BE
S214029A60052809D8064B1B5C1C44E4B22146304646
S214029A70BDE8F8400EF09EBE0020F8BD329A040003
S214029A802C9A0400F8B505460EF0C1FE0446284698
S214029A900CF0A0FFA11C074689B228460EF08AFEEB
S214029AA000283ED0002C3CD02146284605F064FB18
S214029AB00646611C284689B205F05EFB0F2E30D89A
S214029AC0194B9B5DE118731E89B2092B0ED8DFE88D
S214029AD003F009050D0D120D0D181E1EC40644BF17
S214029AE0083189B2820601D5083189B22846BDE816
S214029AF0F8400EF05FBE7B78DB0612D501EB400124
S214029B00F3E700F01F0000EB40000144EDE71F28DA
S214029B1005D8092E0ABF4000022080B2F5E7C82801
S214029B20E4D00020F8BD00BF459A0400F8B506460A
S214029B300CF050FF09220021054610F0B7FB00F199
S214029B401004284611F091F8E4B207462146304642
S214029B5005F012FB0546304610F084FCBA05A0EB71
S214029B600403DBB20AD47C2D0AD0082D0AD8064A92
S214029B70505D98428CBF00200120F8BD1220F8E705
S214029B800320F6E7FF20F4E7569A0400014B187804
S214029B90704700BF8E6C002038B5114B04461B7808
S214029BA008469BB9012038BDA24205F101050FD136
S214029BB003EBC1035B6898470028F3D11E202246B8
S214029BC04FF6FF7111F01AF80020ECE70025054B5E
S214029BD0E9B213F83120002AE6D11446EEE700BFB8
S214029BE08E6C0020FC9904004FF6FF7307B5022224
S214029BF00DF106010348ADF80630E3F78BFA03B021
S214029C005DF804FB603202E0002307B5ADF80430CD
S214029C10134B984221D10B88DA0703D5232003B0D1
S214029C205DF804FB9B0748BF4FF47F434FF00202E8
S214029C300C480DF1060148BFADF80430E3F73EFAD2
S214029C404FF6FF73BDF806209A42E7D10222054876
S214029C5001A9E3F75FFA0020E1E72120DFE700BF72
S214029C601FD1BACA603202E0002313B50222038073
S214029C7004460DF106010F48E3F720FA2D2801D01D
S214029C80112805D14FF6FF73ADF80630FFF7ACFF8B
S214029C909DF80630BDF806201BB1238843F0010369
S214029CA023800020FF2A82BF238843F002032380FA
S214029CB002B010BD603202E0034B1B78002B14BFCB
S214029CC0442056200E307047716200202DE9F04F76
S214029CD08DB0179C06468946CDE90223BDF858701A
S214029CE0D588ADF816103CB9EC0605D500970BF0F2
S214029CF0CAF80DB0BDE8F08FC5F380242B054FEAF5
S214029D00043448BF44F40064A80511D544F0800426
S214029D100A2E00F26981DFE816F09A002F0017007B
S214029D20370067016701370010009A0037009E006F
S214029D30E90548BF44F04004EAE74FF001084FF057
S214029D40020B4FF0000A14E008A95FFA89F00EF041
S214029D50A3F9DDF82500DDF8291006AB03C3A44BF2
S214029D6033F81930ADF816304FF00008C3460DF13F
S214029D70180A002F5DD125E006AA0DF116015FFA3A
S214029D8089F003F017FAEFE74FF6F773994540F2BA
S214029D902B8115F4026F40F02781964B1B78022B1D
S214029DA003D0043B012B00F2218147BB032E4FF068
S214029DB001080CBF4FF00C0B4FF0080BBA4624F408
S214029DC0C074A4B28C4B18884FF6FF73984206D024
S214029DD08A49FAF767FB10B124F48054A4B2039BB5
S214029DE038460093BDF81620534644F4027105F037
S214029DF0EBF9ADF82000002838D1192079E738466B
S214029E0010F030FB0246FFF757FF032E08BF01385B
S214029E10824201DD38206CE7032E4FF001080CBFAA
S214029E204FF00C0B4FF0080B4FF0000A24F4C074EE
S214029E30A4B2029B1B889BB91A4639460620009399
S214029E4008F0AFFE0028BDD140F6014051E74FF0C2
S214029E500008C34675E74FF001084FF0030B70E7A2
S214029E60002339461A4607200093E9E74FF6FF73A8
S214029E70614A118899421CD00CF0ACFD03465E4A3A
S214029E8004301188039310F0F2FE5D49039B0978B3
S214029E9014F4805FD9715949574A1FBF0868986001
S214029EA04868D8604FF6FF7313804FF0FF330B609D
S214029EB04B605946029A08A805F03AFA00289CD048
S214029EC0504C2378002B3CD1A7B1384610F0CAFA82
S214029ED00746BDF8200010F0C5FA23780744002B89
S214029EE014BF12220022EB1003F0040317443B4473
S214029EF0842B8FDC15F400570AD0BDF8204020468C
S214029F000CF06EFC40F4806189B220460CF053FCE3
S214029F10A6F10803012B05D801221021BDF8200066
S214029F200CF04FFC179BBDF8204043B32046BDF80B
S214029F3016100CF099FCBDF82030179A00201380FA
S214029F40D7E6AA06C0D56B0103F020030A2E14BF7B
S214029F5043F0010363F07E03DBB2B8F1000F08D0D2
S214029F6000215246009108A800F082FE0028ABD0DD
S214029F70BFE61A46514608A80DF07DFFF6E72046D2
S214029F800EF045FC179B024621460420009308F07B
S214029F9008FE00283FF458AF0A2E18D84FF4D963AB
S214029FA0F340DB0713D5072E0AD00A2E08D0BDF8D9
S214029FB020000DF020FA80F00100C0B2800098E682
S214029FC008A80BF0CFFA0028F1D0042091E617B1CA
S214029FD025F04005ADB22B463146BDF820005FFAAB
S214029FE089F201F07DFE84E6012082E6162080E6F4
S214029FF0D45A002075620020146C00208F6C00205A
S21402A0002863002071620020F7B50F469DF82810DD
S21402A0100446DDE90B061D46F1B94FF6FF739C4276
S21402A0201CBF174B1C804FF000041CBF154B1A7048
S21402A030BDF8240005F012FA00232A46CDE90043B3
S21402A040394606209DF82030FFF740FE10B90EB1C3
S21402A050AB7A337003B0F0BD78B14FF6FF739C4213
S21402A0601FBF074B1C80074B1A7000220CF0CDFC5A
S21402A07004460028DCD11920ECE72120EAE700BFDD
S21402A080146C0020286300202DE9F04788469DF8CE
S21402A0902810074616461D469DF820A0BDF82490B7
S21402A0A00B9839B158B300220CF0AFFC044610B935
S21402A0B0192025E00C464FF6FF739D421FBF114B39
S21402A0C01D80114B83F800A04FF6F7739E4208D806
S21402A0D00E4B4FF6FD761A784FF6FF73002A18BF1E
S21402A0E01E46484605F0BAF900233A46CDE908432B
S21402A0F031464346BDE8F0470320FFF7E7BD21207F
S21402A100BDE8F087146C002028630020326200202D
S21402A1102DE9F04786B09DF838600546DDE90FA8C0
S21402A1200C4617469946B6BB374B1B78022B1DD1F9
S21402A13025BB4FF6F7739C4214D80026484605F016
S21402A1408DF900233A46CDE900632146FF232846CF
S21402A150FFF7BCFD38B9B8F1000F04D0BB7A88F817
S21402A160003000E0012006B0BDE8F087043B012B7A
S21402A170DED908460BF0F3F910B31DB3022D31D128
S21402A180EEF7F4FAA042EDD9204B33F814204FF63E
S21402A190FD739A4219E0BAF1000F32D01A4B1B78BF
S21402A1A0022B05D1FFF788FDB042E6D23820DAE767
S21402A1B0043B012BF6D908460BF0D1F90028F1D161
S21402A1C01620D0E74FF6F7739C42CBD8002EB4D0B9
S21402A1D03146002250460CF018FC06460028ADD147
S21402A1E01920C0E7012DBDD104AA0DF10E01E0B27F
S21402A1F002F0E0FF064B1B78A342B3D9BDF80E204F
S21402A200C5E72120AFE700BF75620020D45A0020C0
S21402A210606C002030B5104B87B005460C461868B7
S21402A220596803AA03C298680C4910609A88DB88AA
S21402A23052BA23F04003ADF812300023CDE90043B2
S21402A240ADF81020FF23098803AA0720ADF80E50A8
S21402A250FFF73CFD07B030BD125C00201E5C0020FC
S21402A26038B50C461146124A124D108022682A60F2
S21402A27062686A60A268AA60E288500616D5EA8812
S21402A280520613D561B1002218460CF0BEFB0146F9
S21402A29050B16088FFF7BEFF0522074B1A7038BD23
S21402A2A008460EF0F5F9F2E71920F5E70220F6E780
S21402A2B01E5C0020125C0020386300202DE9F04F5F
S21402A2C0074689B0104615461C468A460EF09FFA87
S21402A2D00146284604F050FF064628460CF07AFB54
S21402A2E0043010F0C2FC80460CF005FD804550D0CC
S21402A2F0B2074ED1DFF8AC80284605A9B8F800B000
S21402A3000EF06CFB9DF81930A8F8007003BBBDF880
S21402A3101430EBB928460CF05DFB023010F0A5FCB9
S21402A3204FF6F773984294BF4FF000094FF00109B9
S21402A33001230134E4B22A463846CDF8009005A936
S21402A340039303F001FC039B40B901339C421ED2E7
S21402A3500020A8F800B009B0BDE8F08F022CF8D1B2
S21402A360012BF6D10C4A0D4BA3F800A01378591C0A
S21402A37011700B4A7F3B16F00C01137007D1BDF823
S21402A3801A305B0603D5BDF81600FFF743FF02231B
S21402A390D1E70020DFE700BF73620020146C0020C4
S21402A3A0286300201E5C00202DE9F04FABB00F465C
S21402A3B0ADF81E000CF00EFB00F1020A06465046EF
S21402A3C010F053FCBDF81E40054620460EF01FFA5C
S21402A3D00146204604F0D0FE814600F00308301DF8
S21402A3E010F043FC414C20800CF085FCA8422DD096
S21402A3F04FF6F7739D4229D87378DA0726D4284693
S21402A4000DF0BFFF30B101232946BDF81E2020887B
S21402A410FFF754FF0CF06FFC344B1B8883420FD1BE
S21402A420BDF81E4020460EF0F2F90146204604F022
S21402A430A3FE10F00C0103D1BDF81E0001F00EFDC4
S21402A44000222B4B1A602BB0BDE8F08F2949BDF8CD
S21402A4501E000EF0C3FA2849BDF81E000EF021FABF
S21402A4600028254B08BF0023214ABDF81E001360B2
S21402A4700CF03CFA214B1870BDF81E000CF03BFAAB
S21402A4801F4B1870BDF81E000CF040FA1D4B1860EA
S21402A49000238DF82230002F3AD0164BDB889B061D
S21402A4A036D5194B1B689D071ED4B8F1010F14BF91
S21402A4B0082318230DF12202009200220DF11E003D
S21402A4C0114600F0D5FB18B3B8F1010FA2D10F4B1D
S21402A4D01B78112B9ED10DF06DFD00289AD140F607
S21402A4E01D40FBF70FFB95E70823E3E71E5C002001
S21402A4F000570020125C0020206300201B6300200F
S21402A5001A630020EC560020644800207562002082
S21402A510504610F0AAFB8246BDF81E000FF0A2FFBE
S21402A520A0F11005EDB22A4631460AA8F1F70EFB55
S21402A530FF238DF82F304FF6F7739A4540F2DF80EF
S21402A540B8F1010F00F0E780B8F1020F00F0468183
S21402A550B8F1000F7FF45EAFA44DBDF81E00EB8885
S21402A560ADF8240004930CF035FABDF824600746D3
S21402A57030460EF04CF90146304604F0FDFD8DF8EB
S21402A5802300B81C7E7810F070FB07460CF0B3FB75
S21402A59006F00106B4F8009003906C88002E7FF453
S21402A5A039AF4FF6F77A4246494657458CBF0620E2
S21402A5B0082010F023FBBDF824B058460EF027F909
S21402A5C05946024643460420CDF8008008F0C6FAF3
S21402A5D0574583460AD8B5F90620EB88002A05DBDC
S21402A5E0580603D541462046FFF714FEBBF1000F7E
S21402A5F03FF410AF2B88002B5AD16B79002B57D122
S21402A6004FF6F7730DF126019F42BDF8240094BF62
S21402A6104FF0000B4FF0010B0DF09DFDDFF8D8A1B7
S21402A62000F1FF38BAF800301FFA88F10593EB887C
S21402A630BDF82600069304F09FFD069B0499019040
S21402A640009322465B460598C1F340110AF094FF38
S21402A65000283FF4DFAE042306200093BDF8261040
S21402A660624B5FFA88F208F079FA00283FF4D2AE1D
S21402A67048F202036A889A4205D1BDF82410BAF855
S21402A680000000F025FF594D09AA29460DF12300C6
S21402A6900AF070FF034600287FF4BCAE2104BAF825
S21402A6A00000BDF8242060D5234629460DF068FD3B
S21402A6B09DF823304D4D03F00C030C2B75D12889E1
S21402A6C00DF029FD00283FF4A5AE039B0020298942
S21402A6D04B4514BF0226032602F044FC444B187076
S21402A6E04FF6F7739F42BDF8240075D8A4F13802DE
S21402A6F05342534132463D4904F036F88AE6B8F1F1
S21402A700020F6BD0394BB3F90630002B26DAB8F1BC
S21402A710010F7FF41DAF0CF0EEFA238883423FF45C
S21402A72079AE0520BDF81E10FFF736FA00283FF472
S21402A73071AE2E4AD3885B0607D50023CDE90033D7
S21402A7400A20FF232188FFF7C1FA3A469DF82230F5
S21402A7502188BDF81E0002F01DF85BE629460AA80D
S21402A76000F070F80028D2D054E60221DFF88C8080
S21402A77088F800102946CDF800B003F0E5F9132C4E
S21402A78096D0EB885D0493D41A4B1B78D80703D572
S21402A79098F80020022A8BD099077FF53BAE98F8EE
S21402A7A00030012B7FF436AE82E700222B79124866
S21402A7B000936B791146008802F0FCFB0C4B187074
S21402A7C09DF8233003F00C03082B89D1039B4B45DD
S21402A7D014BF0426052683E701238BE74846BDF807
S21402A7E01E20024901F0AEFA14E600BF125C0020F9
S21402A7F037630020366200201E5C0020296300209A
S21402A80010B5002108480CF049F9044650B101463B
S21402A8100420FFF7C1F928B12046BDE81040012107
S21402A820FFF7C2BD10BD00BF025C0020034BFF2134
S21402A8301A7803489200F0F7F9BF00BF616C002057
S21402A8401C45002070B5451804464FF0FF31AC4257
S21402A85012D1104B10481A7805460023934211DB9A
S21402A8600E4C2078431CB3FBF2F602FB163345F877
S21402A8702010237000200CE014F8010BE1F79EFD77
S21402A8800146E4E750F8044BA14201D00133E5E764
S21402A890012070BD616C00201C4500202A63002048
S21402A8A0042307B501200DEB0301054AF9F76AFAFE
S21402A8B0019B044A1B03136003B05DF804FB00BF50
S21402A8C023E11100FC560020014B1868704700BFB8
S21402A8D0FC560020014B1868704700BFFC5600204B
S21402A8E010B5064C2368C3F30B0313B90448E2F70A
S21402A8F0D5FB2068431C236010BD00BFFC56002019
S21402A90023E111002DE9F04F93B003930023DDE914
S21402A9101C79069399F8003083460DA804930E46D8
S21402A92015460AF0B7FA99F8003013F003043ED041
S21402A930039B0DF1250A8DF82430002208213846A3
S21402A9400CF067F9002870D028880CF043F899F8C4
S21402A95000301C074CBF0430023010F086F907A9FD
S21402A9608046F9F79FFB9DF824300446980633D5B7
S21402A970288806F10D010DF01DFFA8B100230093F3
S21402A980384608232988721D10F068FA99F80030B4
S21402A99003F01803182B4AD1B8F1000F47D0A94B81
S21402A9A0B3F86830434542D040F60A4327E0288889
S21402A9B0711D0DF0FFFE0028F6D0009405233246E6
S21402A9C0298809A810F04AFA9DF824300DF1240AC5
S21402A9D003F018030393B0E714BB39464046F9F771
S21402A9E061FD0028D2D099F800309907DCD04023C8
S21402A9F02246214640460DF06AFC40F6094399F885
S21402AA00002012F0030440F0F780288803930BF02E
S21402AA1044FF224601461A2010F0F0F8039BEBE0B2
S21402AA2007AB03CB38607960B0E74FF6FF780AF0E1
S21402AA3086FD044620B104213846F9F74FFB04464A
S21402AA401E9B002B5AD009231E990DA88DF8343070
S21402AA500AF09AFB209B0BB1209B0693039B002BCC
S21402AA6040F08E800DA8EEF731FB99F800309A0779
S21402AA7000F09880FFF734FF5146024601200AF0A4
S21402AA80A8FD99F800309B0710D5594628880DF086
S21402AA906BFF0BF1090350FA83F35FFA83FB594607
S21402AAA028880DF038FF00EB0B06F6B299F8003056
S21402AAB013F0C20F0AF104030DD09DF82420624958
S21402AAC042F020028DF824200A68CAF804204A6858
S21402AAD05A600AF10C03012209A800921B1A324698
S21402AAE029889BB210F0BAF9324659462846FEF734
S21402AAF0E1FE002800F0A48000237DE01F9B5BB1EE
S21402AB009E460DF1340CBEE80F00ACE80F00DEF8EE
S21402AB100030CCF800309DE7049B594603F0200332
S21402AB202888049304F028FB10F0030F0CBF0123BF
S21402AB3000230593049B059A003B18BF012342EAB3
S21402AB40430300930DAA06AB38461F9900F0FEFA9F
S21402AB50049A034682B1002880D0059B0DAA009372
S21402AB60384606AB1F9900F0F1FA034699F8002022
S21402AB7022F0200289F80020002B3FF46FAF3EE758
S21402AB80039B102B06D1BDF8363043F00103ADF817
S21402AB90363067E7039B182B4FD1BDF8363043F0AB
S21402ABA00203F4E701200DF125010AF020FD99F8D1
S21402ABB00030824613F0040F288821D1069B1BB36F
S21402ABC0002C35D00BF069FE00220146162010F04C
S21402ABD015F884B17FB14FF6FF7398450BD000236A
S21402ABE00DA91A4638460AF0E0FB394640469DF85B
S21402ABF035200AF0BAFC0123184613B0BDE8F08FE0
S21402AC00002CDFD1104F01E0002CDBD100233246AE
S21402AC10009359463B460DF02EF800283FF4C4AE8A
S21402AC20002C3FF469AF069A0AF10103136063E74A
S21402AC301B685345C6D80124E8E740F60A43DBE71B
S21402AC401923D9E7E4550020F8620020002307B54F
S21402AC50054A0648136004220DEB02010193E2F74F
S21402AC6059FA03B05DF804FBFC56002023E11100FC
S21402AC702DE9F04F0446B1B000888DF82F30164605
S21402AC808A460DF0C4FD0146814620880DF043FE3B
S21402AC9000EB090820880DF090FE00239DF82F5047
S21402ACA05FFA88F815F001070790ADF8363008D13C
S21402ACB001460DF1360220880DF036FD08B1ADF8DA
S21402ACC0367016B9CDE90E660EAEFEF763FC18B105
S21402ACD045F020058DF82F500023CDE9033302936B
S21402ACE00DF12F03CDE900632246534641464846FE
S21402ACF0FFF708FE0546002800F043819DF82F3036
S21402AD0013F0010746D1B44A23F0200310685168B5
S21402AD108DF82F3010AB03C3184600F0FBF905463A
S21402AD20FEF744FDBBB2984200F2B7803A9B13B1DD
S21402AD3000233A9A1370BDF83630CBB10121208831
S21402AD400FF0ACFB27880546002800F04F81012152
S21402AD5038460FF0A3FBBDF83670054638460FF0AE
S21402AD6081FB002300903A46194628460DF05FFC08
S21402AD700023CDE9033302930DF12F03CDE90063DF
S21402AD802246534641464846FFF7BCFD0546002884
S21402AD9000F0F7809DF82F3003F01103102B40F0DF
S21402ADA003818E4B1B78432B40F0FE808C4B1B6836
S21402ADB05B0640F1F980208808F105010DF0FAFCE7
S21402ADC08346002800F0F0804146208804F0D4F93B
S21402ADD0844B10F0200F08BF1E4612A800F09AF906
S21402ADE00822314612A8F1F76DF8002800F00E810D
S21402ADF0314612A80AF082FB012326AE00933246A1
S21402AE00002314A912A800F0A1F9002840F0CC8073
S21402AE1012AB0DF12F07CDE9036002900093224694
S21402AE205346414648460197FFF76CFD002800F05E
S21402AE30EF80BDF89A30102043F0080318AA14A930
S21402AE40ADF89A300CF0EEFD002840F0AD8012AB63
S21402AE50CDE90360CDE90170009322465346414690
S21402AE604846FFF74FFD0546002840F09D8018AB88
S21402AE704FF49071002012AA00F0D4F84FF000515F
S21402AE8000200DF04CF8BBF1000F00F08C804FF064
S21402AE90805100200DF043F885E018AB14AA26A9CD
S21402AEA0F8B20AF0D7FA002840F09480082210A9D7
S21402AEB027A8F1F707F88346ADB19DF8A53013F041
S21402AEC0020F08930FD0082212A927A8F0F7FAFF5C
S21402AED048B9089B590706D53A9B13B101233A9AFB
S21402AEE01370089507E03A9B002B61D1BBF1000F67
S21402AEF070D1002308930DF1740C14AB0FCB8CE8C1
S21402AF000F00BDF83630CBB1012120880FF0C6FA0B
S21402AF10B4F800B000284FD0012158460FF0BEFA10
S21402AF20BDF836208346104609920FF09BFA00239E
S21402AF301946099A009058460DF079FB2A4B0DF1F6
S21402AF40740B0493002303930DF12F03CDE90063E2
S21402AF502246534641464846CDF808B0FFF7D2FC93
S21402AF60002837D1002D33D012AA5B464FF48271E7
S21402AF704FF4005000F056F8089B13B126A80AF0CA
S21402AF8084F8174B1B689A070DD4FEF703FB50B1E3
S21402AF90114A18AB1068516803C3002226A918A8E4
S21402AFA00CF063FD68BB0025284631B0BDE8F08F83
S21402AFB000233A9A137099E7BDF836200A90104695
S21402AFC009920FF04FFADDE9092307990090B2E7DC
S21402AFD02A46CAE70137A3E6DCD5030075620020DD
S21402AFE0644800204E56002060480020BDF836B067
S21402AFF058460FF037FA2B4600905A4638460799BD
S21402B000B4E626A918A80CF06CFDC6E78346F3E65C
S21402B01014AB2DE701461A230120014AF8F7B2BE07
S21402B02024E10100F0B5164691B0074609A80D4680
S21402B0301C46FFF7EFFF3EB1336845F04005CDF8FA
S21402B04026307368CDF82A301B4B1A6822EA0702AC
S21402B05042EA050119604B040DD5BDF824200B0AFF
S21402B06003F4E243C9B222F4E3420B4322F07F0226
S21402B0701343ADF824301A230020104A09A9F8F722
S21402B08081FEB4B104A809F005FF02236A468DF8D2
S21402B09010301546234604F11006144618685968FF
S21402B0A0083303C4B3422246F7D1294604A80AF05D
S21402B0B06BF811B0F0BD00BF6448002024E1010027
S21402B0C047F2FF10044B196841F48042014041F4F4
S21402B0D080411A600CF023BF6448002000B589B096
S21402B0E0FEF7CAFB01A8FFF795FF0948BDF8042042
S21402B0F00168130221F0FF0103F4E2030B43D2B20C
S21402B100134343F48043036009B05DF804FB00BFB9
S21402B1106448002010B50C4B0446186888B08307B4
S21402B12006D54FF0FF3323600120636008B010BDE0
S21402B13010F04000FAD001A8FFF76CFFDDF80630E9
S21402B1402360DDF80A30EFE7644800202DE9F04F6F
S21402B15099B081460C461E4617469DF88880A2B1D5
S21402B1601546284609F096FE18F0020B0FD004B9D1
S21402B17011AC6B462246294648460AF049F90EB1FA
S21402B1800023336019B0BDE8F08F0CADE9E76B46DB
S21402B1902946484604AA0AF008F96B7808F001081E
S21402B1A0FF2B25D000287AD154B104AB08AF1A463B
S21402B1B003CABA4220606160134604F10804F6D15D
S21402B1C026B16A78374B03EB82033360B8F1000F7F
S21402B1D001D10020D6E7BDF80030D906F9D41820F0
S21402B1E04FF6FF716A780FF009FD40F60E40C9E788
S21402B1F0DFF8B8A0DAF800302EB19A0756BF2A4A0E
S21402B200C6F800B0326003F03003102B01D0202BBA
S21402B2101ED111A8FFF7FEFE082248460DF1460190
S21402B220F0F750FE28B1DAF8003003F04403402B62
S21402B2300ED0B8F1000F0ED108A80CF074FE02234F
S21402B2402B70C4B9002FC4D0281DFFF763FFC0E7D8
S21402B25040F60A4096E7DAF80030DB03ECD508A899
S21402B2600CF061FE02232B70BCB9002FB7D0281D4C
S21402B270FFF750FFB3E7002608AB0CAF1A4603CA27
S21402B280BA4220606160134604F10804F6D1281D14
S21402B290FFF740FF002E9CD0A1E70126ECE72D2009
S21402B2A070E700BF78440020604800206448002011
S21402B2B049B9084B197849B14EF66023594328B16B
S21402B2C005480FF09FB941F28831F8E70248F8F7CF
S21402B2D0DFBC00BF34620020B047002070B586B0E5
S21402B2E00546F8F7C3FD10B9022006B070BD01A8E6
S21402B2F0FFF710FF06460028F6D08DB92E4B1C68C5
S21402B30014F0020406D02D4B1B78112BECD12C4BDB
S21402B310B3F868404FF481630221ADF80C3023E0A5
S21402B3202846F9F72DF90028DED1234B1C6814F0C5
S21402B330020406D0214B1B78112BD5D1204BB3F833
S21402B34068400822294601A8F0F7BCFD0028E1D093
S21402B3504FF4027300260A21ADF80C302B68CDF8A4
S21402B3600E306B68CDF81230002203A80BF04DFBAE
S21402B370024608B91920B8E70F4B196801F03003E6
S21402B380102B17D0202B14BF01230323490001F0F2
S21402B39004010B432046002100F0F4FF0028E9D008
S21402B3A000210120FFF784FF16B10122054B1A7017
S21402B3B000209AE70323E9E764480020756200202C
S21402B3C0E45500201F63002030B500251D4C85B0D3
S21402B3D0CDE90055F8F75CFC23784BB31A491B48B5
S21402B3E00A780078904223D90132012B0A700ED1D6
S21402B3F02A464FF4A071284602F0BEFAC0B2B8B987
S21402B40041F2883112480FF0FDF805B030BD022B2C
S21402B41009D1284602A9F9F745F80028EED102A874
S21402B420FFF75CFFEAE7032B02D101F065F9E5E7D7
S21402B430002108462170FFF73BFF0421684609F009
S21402B44097FCE2E72B6300202C630020976C002019
S21402B450B047002070B5194A194D04465168106865
S21402B46086B02E7801AB03C31EB10224204606B076
S21402B47070BDF8F745FD0228F7D103A800F0E8FDF5
S21402B480082201A90DF10E00F0F71CFDA0B10D4B2C
S21402B49032464FF4A07130461C7002F06DFA044634
S21402B4A00028E3D10123084A41F2883107482B706D
S21402B4B013700FF0A7F8D9E72324D7E75F9A0400A2
S21402B4C02B630020976C00202C630020B0470020DE
S21402B4D0F0B50C4600219BB02B4F0646492207A822
S21402B4E00691F0F7A3F93B78012B34D19EBB0DF100
S21402B4F00E0120460CF02FFE0546BDF80E000EF09B
S21402B500B1FF441BE4B2BDF80E1023462A4600964D
S21402B51006A80FF0A3FC304604A9F8F7C3FFD0B97B
S21402B520CCB19DF81920B2B9BDF8233003F47E439E
S21402B530B3F5285F1ED3B3F5385F0ED31349BDF8B3
S21402B5400E000B6843F400030B60294609F0F0FF77
S21402B55018B104233B701BB0F0BD01220C4B04A8AB
S21402B5601A70FFF7BBFE41F288310A480FF04AF81C
S21402B5700223EFE711463A70FFF79AFE1E2104A84F
S21402B58009F0F6FBE7E700BF2B63002064480020C3
S21402B5902C630020B0470020014B1870704700BF94
S21402B5A02C630020014B1878704700BF2B630020E5
S21402B5B0014B1870704700BF2B6300202DE9F04F37
S21402B5C00446408891B00E298846ADF81A0074D019
S21402B5D094F80890A7790BF0FDF909A90546BDF87D
S21402B5E01A00E6790DF0FAF9BDF81A000BF0F8F831
S21402B5F0430542BFBDF82A3043F40053ADF82A3063
S21402B600E379D80642BFBDF82A3043F48053ADF83A
S21402B6102A30BDF82A30990613D5022F52D10CA92A
S21402B620207A0CF039FDDDF83500DDF8391007AB6D
S21402B63003C307AA0021042300910DF11A00FFF7A5
S21402B64017FB0121BDF81A000EF028FF022F8246D2
S21402B65044D1454B33F81950B8F1000F79D0BDF8F4
S21402B6602A305A0675D54FF6FB72954271D83F4A74
S21402B670B2F86820AA426CD0DB0502D528460CF048
S21402B68051FEBDF82A30D80463D5002F33D1BDF859
S21402B6901A000BF0A5F8C10663D548F23403BDF8CC
S21402B6A026209A4209D1324E3078FF2805D003224E
S21402B6B02946FCF72BF9FF2333700023236011B0D1
S21402B6C0BDE8F08F012F01BF237A2A4A03EB43031A
S21402B6D002EB830314BF00229A1CABE7012F05D1AD
S21402B6E00C2303FB09F3234AD55AB5E7A81C0FF02F
S21402B6F0BCFA0546B0E7284601F07CFDBDF81A0004
S21402B7000BF06EF8C206C8D46389504605930EF055
S21402B710A9FE834650460EF089FE059B02905FFA0C
S21402B7208BF04A46394601900093404609AB09F031
S21402B730B7FAB8F1000F14BF0B20092016F0030267
S21402B74018BF02F1FF32294618BFD2B20FF056FADE
S21402B750A3E7BDF81A000BF043F8C3069DD4002FEA
S21402B760D2D1A946D0E700BFD45A0020E455002023
S21402B7709B6C0020145A002038B500240F4B104D45
S21402B7802A78A24205D8C2B9BDE838400D48F8F773
S21402B7907FBA598869B9013AD2B2A2422A70EFD06A
S21402B7A0121B184603F110011201F0F791F8034636
S21402B7B0E6E701341033E4B2E2E738BD7C44002009
S21402B7C02F630020506B002070B51A4B1A4A1D7862
S21402B7D00023DCB2A54200D870BD14466688013349
S21402B7E0864202F11002F4D1E379A588E16003F003
S21402B7F040028DB9CAB123F00403E3710BF0EAF8F4
S21402B800037803F07F03037021880029E4D1BDE8A2
S21402B81070400A480EF0F6BE00216580A180002A1C
S21402B820E9D1BDE87040FFF7A7BF2046FFF7C6FE86
S21402B830F7E700BF2F6300207C440020506B0020F7
S21402B8402DE9F047044686B040880F4615460BF0B1
S21402B850C1F8A3798046082B52D8DFE803F0052EFC
S21402B860185151515151050002300FF0FEF9002DCA
S21402B8704ED06946F8F716FE002841D1684601F018
S21402B88063FDB0FA80F0400906B0BDE8F08702A971
S21402B890207A0CF001FC6B466E46DDF80D00DDF8F2
S21402B8A01110334A03C3237A32F81390314AD05C1C
S21402B8B075B131460CF014FCE6E7237A2E4903EB09
S21402B8C0430301EB830231F82390907A961CEFE74C
S21402B8D04FF6FB7AD14515D930460CF04BFD4FF6A4
S21402B8E0FF739842054615D00146304601F09EFC8D
S21402B8F0554508D9E379DA060ED440F62243E360CA
S21402B9000020C1E74D46294608F102000FF0AFF9C4
S21402B9100120B9E74D46EDE74FF6FC78454512D1D2
S21402B92003F00C030C2B1CD1DFB130464FF6FD7131
S21402B93001F07CFC40F61F412046E160FFF73EFE28
S21402B940FFF71AFFDCE74FF6FD739D4209D100238D
S21402B950304619461A4602F0DBF84146304601F0F8
S21402B96065FCE37943F00C03E37140F62343C6E734
S21402B970D45A00203B620020145A002073B50446B5
S21402B98040880E460BF026F802300FF06EF909F0EA
S21402B990E6FD18B1A11C201D09F0E6FDE6B1E57929
S21402B9A00135EDB2E57115F0400514D0ECF7D8FE7E
S21402B9B00122054600212046FFF742FF18B1394B07
S21402B9C01B882B449DB2384B1B78042B01BF354B8A
S21402B9D01B885B199DB22580002231462046FFF760
S21402B9E02FFF20B360880AF0F5FFE2792F4922F094
S21402B9F00C03E3710B7805460133DBB20B70C3719F
S21402BA002B4BA61C1B780BB3E37998061ED5294947
S21402BA10097871B159060CD592070AD5002204237B
S21402BA20114630460092FFF723F910B1E06002B0EB
S21402BA3070BD00220123114630460092FFF718F926
S21402BA4020B1E37943F00303E371EFE7304609F0F0
S21402BA5089FD0028EAD16088FCF7C0FA0328E6D8F8
S21402BA60DFE800F0020D1D19E37943F00403E371E9
S21402BA701B06DCD5104B1A78104B1A70D7E740F627
S21402BA802443E360E37943F00803E3712B7803F081
S21402BA907F032B70CBE740F62543E360C7E740F60B
S21402BAA02643FAE7EE6B00207662002073620020DF
S21402BAB071620020986C0020396200202E630020FC
S21402BAC02DE9F74F06460EF0E6FF5F4B0546B3F844
S21402BAD0009018805D4BA0EB09041B78A4B2A34229
S21402BAE098BF00234FF000084FF6FF7788BF1B1B56
S21402BAF0564A88BFDBB21370DFF864B1A9EB0003C5
S21402BB000093534B5FFA88F2197891420ED80EB121
S21402BB10FFF732FE4FF6FF739F4200F08E803946E3
S21402BB204C4803B0BDE8F04F0EF06CBDBBF80220E7
S21402BB30002A3CD0484B9BF807201878BBF800A098
S21402BB40042818D00020BAF1000F08BFA2462044ED
S21402BB50504523D2BBF80010009B1944ABF80010E6
S21402BB60002E4ED002F04802482A4AD100215846FA
S21402BB70FFF704FF45E00192F8F704FC30F01003EB
S21402BB80019ADFD1FBF746FC344B019AB3F800C0AA
S21402BB908445D7D9ACEB000080B2D4E702F00C00A3
S21402BBA0042807D10022ABF800200BF1100B08F195
S21402BBB00108A6E7510602F0030C02F008000ED5B3
S21402BBC028B3BCF1030F25D1DEB1DBF80C105846C2
S21402BBD0002908BF4FF44261FFF7F0FC11E040B3C2
S21402BBE0BCF1010F25D11206EED44FF4C862ABF8B1
S21402BBF000209BF8072022F0030242F002028BF894
S21402BC000720BBF80020974228BF1746CDE703203F
S21402BC108445D9D213060ED50C4B1A780AEB0200CD
S21402BC20844208DA4A44521B0AEB0201ABF80010BF
S21402BC30E7E70120ECE7012199E7064803B0BDE8F3
S21402BC40F04FF8F725B800BF085C00202E630020EE
S21402BC502F630020506B002076620020EE6B0020DF
S21402BC607C440020F8B500250A4E0B4F3378ECB220
S21402BC70A34204D8BDE8F8400848F7F719BD07EB19
S21402BC800414A01CF7F714FD201DF7F711FD01356B
S21402BC90ECE700BF2F6300207C440020FE5B002000
S21402BCA070B500240B4D0C4E2B78A34208D81B1BF4
S21402BCB0DBB22B706BB9BDE870400848F7F7E8BFF7
S21402BCC006EB041040F621410134FFF777FCE4B29C
S21402BCD0EAE770BD2F6300207C440020506B0020F2
S21402BCE0F8B5154EDFF858E035789EF800E0134FA9
S21402BCF0AE454FEA051C07EB051419D0002503F4E0
S21402BD00835343EA1323A1712272E371608027F8FA
S21402BD100C50A58003F0A8FB40F60243E36033789C
S21402BD206081013328463370FFF7CAFE2846F8BD05
S21402BD3040F60340FBE700BF2F6300207C44002050
S21402BD405F6C00202DE9F04F344B0D461C781746E9
S21402BD5085B05CB9B1F90680DFF8C890DFF8C8A0F4
S21402BD60DFF8C8B099F80030A34202D805B0BDE8A3
S21402BD70F08F0AEB0416B08800B9708801A90CF09F
S21402BD802DFEAA7A9DF80E309A4244D1B8F1000FE1
S21402BD900FDA297A9DF80C202B89914209D820487F
S21402BDA000780844824236DA521A1B0A1341D9072F
S21402BDB031D538460CF001FEBDF80A3004469A0624
S21402BDC002D5EB889B06D1D5F37903F00C03042B3E
S21402BDD008D17088F9F786FD00237288194618463E
S21402BDE00CF0C2FA00213046FFF7E8FBFFF7C4FC6E
S21402BDF038460EF037FB844208D2337A01228BF89B
S21402BE00003029460023384602F0AEFCB8F1000F97
S21402BE10ACDA0024A6E70134E4B2A3E72D630020DF
S21402BE205E6C00202F6300207C44002037630020D5
S21402BE3008B50EF030FE074B1B88C01A80B2B0F56C
S21402BE40807F05D9BDE80840002103480EF0DABB22
S21402BE5008BD00BF085C0020506B00202DE9F047AB
S21402BE6088B004460D460CF0D2FC0146204603F08C
S21402BE7083F910F003035FD110F00C0F06D12946A8
S21402BE80204608B0BDE8F047FFF79EBC20460AF001
S21402BE90A7FCC30638D420460CF0B9FC014620465F
S21402BEA003F06AF9064620460AF094FD8046023000
S21402BEB00EF0DBFE05A9074620460CF08FFD06F0C5
S21402BEC00C0698F801300C2E0CBF4FF003094FF009
S21402BED00609012113F0010F204618BF4FF003098F
S21402BEE00EF0DCFA174B80461B88A3420FD1B5FA38
S21402BEF085F04009FBF748FC20460AF09FFC00222A
S21402BF00014607200EF07AFE08B0BDE8F08703F07F
S21402BF10ABFA824640460EF0A5FA064640460EF0BA
S21402BF2085FAF6B202903A4649462846CDE900A678
S21402BF3005AB08F0B5FEDFE7012BE5D110F00C0FDC
S21402BF40E2D19CE7FE5B0020002210B5094B1C786C
S21402BF50094BD1B28C4201D8002010BD197A814219
S21402BF6002D19979022902D010330132F1E7012079
S21402BF70F3E700BF2F6300207C4400200146002226
S21402BF8010B5084B1C78084BD0B2844201D800206A
S21402BF9010BD187A884202D198790128F8D0103359
S21402BFA00132F1E72F6300207C440020002210B407
S21402BFB00A4B1C780A4BD1B28C4203D85DF8044B6C
S21402BFC0FFF7DABB197A814205D19979012902BFB6
S21402BFD000211980598010330132ECE72F630020CC
S21402BFE07C440020024B1878003818BF01207047A6
S21402BFF02F630020044B1B6813F0300F03D0202160
S21402C00030200BF08CBF704764480020002310B528
S21402C010044608491A4601EA00414FF07F60FFF7DE
S21402C02001F8E30703D5002130200BF078FF00204B
S21402C03010BD00BF00007207044B5B8823F47843F0
S21402C04023F08D0303800020704700BF6448002061
S21402C05008B500220346C3F80220C3F806200B4A9E
S21402C06002301268D1B212F0200F18BF41F0100150
S21402C0701980930701D4FFF74DF8054B1B78023B56
S21402C080032B8CBF1720002008BD00BF6448002089
S21402C0907562002038B505460C46FDF7EDFB98B1F3
S21402C0A00E4B187878B10E4B1B681A040FD58CB15C
S21402C0B013F0420F00D17DB103F44073B3F5407F15
S21402C0C00CBF0020232038BD40F60840FBE740F6B0
S21402C0D00B40F8E72046F6E72320F4E771620020DB
S21402C0E064480020F0B504468DB007A80D461646F3
S21402C0F008F0D0FE1022002103A8EFF797FB5CB1F0
S21402C100234603AC03F11007224618685968083321
S21402C11003C2BB421446F7D1012703A986EA0703E6
S21402C12007A88DF81C708DF81D3009F01EF880EAFD
S21402C130070401A8E4B2EDF727F8B6B101A88DF816
S21402C1400650EDF74DF864B1002303A907A88DF851
S21402C1501D3009F019F80C4B1B78432B01D1F9F767
S21402C160DBF80A4B1D700DB0F0BD01A88DF8075024
S21402C170EDF736F8002CF6D003A907A88DF81D7047
S21402C18009F002F8EFE700BF756200207062002037
S21402C190F0B5012593B007460DA80C4608F07AFEC6
S21402C1A005A90DA8ADF8345009F009F801A8ECF776
S21402C1B0EBFF09A90DA88DF835509DF8066008F02A
S21402C1C0FEFF0DA89DF8075008F08FFF70BB731B8B
S21402C1D0DBB2802B28D91FB1A64225D0A54223D197
S21402C1E005A90DA808F0D0FF03A8ECF7CDFF03A819
S21402C1F08DF80F60ECF7F4FF0122294609A8FFF735
S21402C20071FF0AF072FF01214FF400700CF097F8EC
S21402C210FDF71AFBB0F1004F01D9FDF71BFB044BEB
S21402C220187808F0A3FD012013B0F0BD0020FBE74C
S21402C2307062002070B50E46144605460320FFF7CE
S21402C240B7F946F004022946204608F0F7FF002216
S21402C250014B1A6070BD00BF60480020F0B587B081
S21402C260078805461022002102A8EFF7DFFA3E4BA8
S21402C2701B78002B76D1BC055ED407F08403842B92
S21402C28063D00022394C11461046FFF72BFF17F4F5
S21402C290045F276005F102061CD0B9040AD53046B1
S21402C2A002F09CFA00284ED1236823F4005343F48C
S21402C2B08073236030460BF0AEFE002842D108F0B1
S21402C2C0E7FD18B9236843F480332360236843F0FC
S21402C2D02003236022680DF1060042F40043236027
S21402C2E0FFF7AAFE12F4805FBDF8063031D043F0A5
S21402C2F02003ADF806302168334611F0400218BF1D
S21402C30005F123024FF07F60FEF78CFEBDF8063083
S21402C310DA0703D5002130200BF001FE23689B05C7
S21402C32006D5012295F8221005F11200FFF7DAFE73
S21402C33000200F4B186006E005F112000BF06BFEB2
S21402C34000289AD0292007B0F0BDB80799D5232037
S21402C350F9E723F02003ADF80630FDF77BFAFEF787
S21402C36075FCC8E70220EEE77562002064480020EC
S21402C37060480020024B1868C0F30050704700BFA8
S21402C380644800202DE9F04F0646894610460021F3
S21402C39089B01546984602F0EFFE102807460AD8DE
S21402C3A06A4B0341DB0706D4C8F340049DB900205C
S21402C3B009B0BDE8F08F664B1C78002CF6D0FFF76C
S21402C3C0D9FF00280CBF4FF4F0744FF4D074FC4031
S21402C3D004F00104EAE74FF0000A18F0010F534692
S21402C3E0524629464FF00500CDF800A00CBF4FF08C
S21402C3F0080B4FF4027B06F0D4FB0028D7D0C823E4
S21402C4003246009359465346284602F0DDFEADF802
S21402C4100E000028CBD018F0080A4AD14FF6F77360
S21402C420A7F10F02D2B29E428CBF09230123012A32
S21402C43001D843F04003474A8DF810301378591C50
S21402C44011708DF81130002C4FD09DF81030052F4A
S21402C45043F020038DF8103033D03F4B1D78002D6B
S21402C4605AD04FF6F77300259E424FF00F0248D976
S21402C470012304A90DF10E00F7F75EFB002896D102
S21402C480002C4DD1BAF1000133463A4618BF0121BD
S21402C490BDF80E00CDF8009009F06BF8ADF80E006E
S21402C4A0002884D018F0040F4DD031460AF0BBFFA6
S21402C4B07EE749460DF10E000BF066FF0028ADD16F
S21402C4C075E70121BDF80E000DF0E8FF012102F02C
S21402C4D053FE0123834013F0620F1CD11E4B1B78C0
S21402C4E0E3B14FF6F7731825BEE71B4B25461B78BC
S21402C4F00222002BBCD04FF6F7739E42B8D8052F07
S21402C500B6D0BAF1000FB3D19DF8103043F0400315
S21402C5108DF81030ACE710250F22A9E71825FBE7A7
S21402C520BAF1000F0AD002234A46009029460DF1BE
S21402C5300E00FEF79DFB0028A4D038E741235246A2
S21402C540CDF800A0F2E70AF056FF31E79FFEFEFFA5
S21402C5507162002072620020656200202DE9DF43CE
S21402C5601E46144B80461B680F469B0791460A9C44
S21402C5701BD4204614B108F0E6FFC0B20622CDE96D
S21402C58002403B460020CDE900890B490CF0BFF87B
S21402C590024650B10021002E0CBF01230323084699
S21402C5A004B0BDE8D043FFF7EDBE002004B0BDE8FE
S21402C5B0D08300BF64480020564D04002DE9F04F9A
S21402C5C08DB081468A461F4693469DF85C803AB9EE
S21402C5D003A8FEF79FFDB0BB00200DB0BDE8F08FAC
S21402C5E015460022232110460AF00FFAADF80A007B
S21402C5F00028F1D00DF01AFF0523044618F0100F9C
S21402C60000F8023B677020D011220021EFF70EF9E6
S21402C61004F11306032F4FF0080237D1594630466D
S21402C620EFF756F9C8F3801306F10905337208F0DE
S21402C63086FF00283ED000232B706B700123033543
S21402C64005F8013C36E003ADCBE701261022169929
S21402C650EFF73EF906FA07F313F0620F02D104F180
S21402C6601206D7E707A808F015FC05A88DF81C6087
S21402C670ECF78AFD9DF8162018F0200F9DF817306B
S21402C68008BF134604F11306A374C3E751463046A7
S21402C690EFF71EF9012306F10802121B2846009343
S21402C6A0BDF80A10082392B20EF0D8FB042F06F14A
S21402C6B01005BCD02D1BA9B20DF10A000BF08FFF9E
S21402C6C0002889D118F0040F0BD048460EF0BBFBA9
S21402C6D0FF281FBF074A32F8103023F4804322F89F
S21402C6E01030434651464846BDF80A20FFF74AFE38
S21402C6F073E700BFA05B002070B5032690B08DF8EC
S21402C7000760F7F7B3FB18B90224204610B070BDD5
S21402C71002AD2846FEF7FEFC0028F5D01B4B1C682F
S21402C72014F00204F0D140F20F43194AADF8243057
S21402C730136804A8CDF826305368CDF82A3008F0DE
S21402C740A9FB95E8030005AB83E80300062304A8CB
S21402C7508DF81D308DF81060ECF7B8FC01210DF154
S21402C7602E020DF10700ECF709FC22461A2109A851
S21402C7700AF04BF9024608B91924C6E701232946EE
S21402C7802046FFF7FFFD0028BFD1F5E764480020EA
S21402C790F86200202DE9F04F04460D46002191B0C4
S21402C7A01F2208A89B460791EFF740F820460CF098
S21402C7B02EF80146204602F0DFFC8DF811002046D6
S21402C7C00AF008F99DF81130467899068146C6F3B4
S21402C7D04006204648BF46F002060CF0EEF88046B9
S21402C7E020460DF03FFE0022A0EB0803DBB2232B0F
S21402C7F028BF232300922146424607A80EF02EFBAE
S21402C80000283AD1A24B9DF81C701B789DF81DA0FB
S21402C810B3B3FFF7AFFD00280CBF4FF4F0734FF42D
S21402C820D073FB40DA072BD5B30729D4082F22D1C1
S21402C830BAF1040F21D1FBF77FFBF0B90123424680
S21402C8400093214605200DF1110306F087F9A0B1E9
S21402C850053F0D2F11D8DFE817F024001000AF01B6
S21402C860BC01C501100010001000100010001000DE
S21402C870CB01F901F901052F07D011B0BDE8F08F01
S21402C880102F05D1BBF1000FF7D0FBF755FBD5E70C
S21402C890FBF752FB0028D1D0052FCFD0112FCDD0D9
S21402C8A0EBE7BAF1050FE8D8204609F0F6FF02904A
S21402C8B009F102000EF0D9F982460DF11200FFF7D7
S21402C8C0BBFB01239DF81D8003FA08F313F06203F5
S21402C8D003932DD0BDF812309D0722D5B407CCD5D0
S21402C8E0FBF72AFB0DF11E000BF095FBB8F1030FC8
S21402C8F004469DF82EB02FD10DF12F050AF0FBF954
S21402C900824540F03181032EB7D19DF836100DF1E5
S21402C9101E02003918BF01210DF12E0008F034FE68
S21402C920ABE7FBF709FB0028DCD1002EA5D0D9E740
S21402C930FBF702FB68B10DF11E000BF06CFBB8F1C1
S21402C940030F04464FF0000B40F082800DF12E05D7
S21402C950D4E7002E91D0EEE74E4B1B6898072AD5F7
S21402C960FF2208210DF137000AF053F9814610BB69
S21402C970034601460DF137020220FEF753FB0AF08A
S21402C980BAF982450DF137070DF12F0523D04FF680
S21402C990F7739A4540F2ED800022082128460AF0F5
S21402C9A038F9002800F0E580002259460DF11E00F5
S21402C9B0FFF798FB61E70DF137070DF12F053846B3
S21402C9C00BF0D5FA002848D00AF095F9824540F0D7
S21402C9D0CC804FF000092846F7F7D2FD002800F079
S21402C9E0C480B8F1010F5BD0B8F1040F7FF445AFF5
S21402C9F00BF0E0FA10B1032E7FF43FAF002C7FF469
S21402CA003CAF3A4602210DF11E00FFF713FC224B03
S21402CA101B7863B1FFF770FEFEF7C4FD022806D14D
S21402CA200120FEF7B9FD01210846FEF741FC1B4B2B
S21402CA301B78022B20D10321384608F099F9FEF71D
S21402CA40B1FD014600287FF418AFFEF731FC14E76B
S21402CA500DF136070DF12E05B1E7104B1B78432B6F
S21402CA607FF40BAFB8F1010F7FF407AF0AF043F97A
S21402CA7082457AD1C146AEE7412B7FF4FEAE054B26
S21402CA801B6859057FF5F9AEF9F73EFEF5E600BFDD
S21402CA9071620020644800201F6300207562002037
S21402CAA06C4D2B78022B22D02B78412B3FF4E5AE2F
S21402CAB03CB9FBF741FA594602460DF11E00FFF754
S21402CAC011FBFBF739FA00283FF4D7AE0BF072FAE7
S21402CAD0614C98B123681B0502D42B78432B0DD1E9
S21402CAE0B0070BD440F61A40F9F70CF8C5E60BF07F
S21402CAF061FA0028D8D0B207D6D4BEE6206810F075
S21402CB00020002D102990BF014FC2B78112B16D1DD
S21402CB102368590513D50020FEF7E0FB04460028DB
S21402CB207FF4ABAE0AF055FB40F61C40F8F7EAFF7E
S21402CB3021462046FEF7BCFBF8F7F0FF9DE6B2075B
S21402CB4001D5FFF757FAB9F1000F9DD008F0A0F90A
S21402CB5018B94FF480310BF0E2F900223F4B384609
S21402CB601A600BF0FBF98FE70027039B002B7FF47C
S21402CB700EAF4FF6FF73284605A9ADF814300AF03B
S21402CB80ADF820B128460AF08AF8ADF814004FF640
S21402CB90FF73BDF8140098423FF46FAE002C0CBF32
S21402CBA00423152301930DF11E0300933A464346D0
S21402CBB02946FFF703FD60E60DF11D00F7F7E0FCDE
S21402CBC000283FF45AAE022229460020FAF79EFEBB
S21402CBD053E6F3077FF551AE3246284607A90BF017
S21402CBE0D2FB4AE69DF81D100120FFF7D1FA44E673
S21402CBF0184B1B78022B20D1002D7FF43EAE05A8E1
S21402CC00FEF788FA00283FF438AE154B1D709DF8E3
S21402CC101D30002B14BF64246524FEF7C3FC0328D2
S21402CC2006D128462946FEF743FB2846FEF7C0FCF7
S21402CC30214605A808F09CF81FE6043B012BDBD929
S21402CC40284608F08CFC0028D6D116E6204608F0C6
S21402CC5088FC12E6756200206448002060480020C6
S21402CC601F6300202DE9F34105460E4617469846F7
S21402CC700BF0A0F9044640B101233A463146284655
S21402CC80CDF80080FFF76AFC04460BF093F930B14A
S21402CC90FFF770FB78B10A4B1B689B010BD400238D
S21402CCA03A4631462846CDF80080FFF757FC002C5E
S21402CCB00CBF0446012404F0010002B0BDE8F08176
S21402CCC06448002070B58AB005A808F0E3F802238D
S21402CCD001AA15468DF81430084B03F110061446C7
S21402CCE018685968083303C4B3422246F7D1294666
S21402CCF005A808F03AFA0AB070BD00BF679A0400A9
S21402CD00014B1878704700BF996C0020014B1888B9
S21402CD10704700BF166C00204FF6FF732DE9F043F4
S21402CD20994280460D4685B00BD000274FF6FD7916
S21402CD301C4EEBF71BFDFCB2A0420BD84FF6FF7061
S21402CD401DE0F7F71DFC0028EFD005B0BDE8F04364
S21402CD5009F0D1BF36F814304B4517D8694620463D
S21402CD600BF05EF9082241460DF10500EFF7AAF82E
S21402CD704FF6FF7360B99D4204D136F8140005B031
S21402CD80BDE8F08326F814500BF024F90137D0E7FB
S21402CD909D42FBD036F81430AB4208BF26F81490FA
S21402CDA0F4E700BFD45A00202DE9FF4706460F4697
S21402CDB000254FF6FD79DFF83C80DFF83CA0EBF764
S21402CDC0D5FCECB2A04202D804B0BDE8F08738F831
S21402CDD014304B450CD8694620460BF021F9082240
S21402CDE031460DF10500EFF76DF808B90AF8047040
S21402CDF00135E4E7D45A00203B620020014B33F8A9
S21402CE0010007047D45A0020F0B5064600250D4F94
S21402CE1085B0EBF7ABFCECB2A04201D805B0F0BD92
S21402CE2037F81430B3420BD1694620460BF034F97A
S21402CE309DF80030022B1CBF4FF6FD7327F8143006
S21402CE400135E6E7D45A002030B585B004460D46D3
S21402CE50EBF78CFCA0420FD9084B33F814204FF6A0
S21402CE60FD739A4208D8694620460BF015F9294602
S21402CE700DF10500FFF750FF05B030BDD45A002073
S21402CE8030B585B00446EBF771FCA04219D92046AE
S21402CE90FFF75AF80546B0B9694620460BF0C0F8C7
S21402CEA09DF800302BB1694620468DF800500BF0F5
S21402CEB0D5F84FF6FF720020044B23F8142005B075
S21402CEC030BD2820FBE740F60440F8E7D45A00209D
S21402CED02DE9F0410B7805460E461BB9BDE8F04138
S21402CEE0FFF7CEBFEBF742FCA84231D92846FFF740
S21402CEF02BF878BB374617F8058B4FF6FF71384686
S21402CF00FFF70AFF0446384600F01EFAB0FA80F031
S21402CF104009B8F1000F15D0B8F1030F15D04FF63F
S21402CF20FF724FF6FD73944208BF1C460B4B314608
S21402CF3023F815400A4B585528460BF08FF8002068
S21402CF40BDE8F0814FF6FF74F0E74FF6FE74EDE7AA
S21402CF502820F5E740F60440F2E700BFD45A002046
S21402CF603B6200202DE9FF410D4604464FF6FE784F
S21402CF700F4F0E0AEBF7FAFBA04204D8FF24204616
S21402CF8004B0BDE8F08137F8143043450CD1694649
S21402CF9020460BF045F89DF80520EBB29A4203D1E5
S21402CFA09DF80630B342EAD00134E4B2E2E700BFAD
S21402CFB0D45A00202DE9F04F0C4617469846002515
S21402CFC04FF6FD7B87B09DF840A0DFF85C9001909D
S21402CFD0EBF7CCFBEEB2B04201D8FF2616E039F8EA
S21402CFE016205A451ED8304602A90BF019F83FB94A
S21402CFF09DF80920424515D19DF80C20524511D1C5
S21402D00044B939F81620019B9A420BD1304607B034
S21402D010BDE8F08F082220460DF10D01EEF752FF13
S21402D0200028F3D00135D3E7D45A002010B51446B1
S21402D0300AF0F6FF2046BDE8104008220149EEF746
S21402D04047BC00BFF86200202DE9FF470746154699
S21402D0500846082224491E46EEF734FF04460028F6
S21402D0603FD14FF6FF7ADFF88490EBF77FFB5FFA4B
S21402D07084F880450BD385B3384605F030FE01258B
S21402D0800C9B18700120357004B0BDE8F08739F8A3
S21402D090183053451FD0694640460AF0C1FF7A78D9
S21402D0A09DF801309A4216D17A88BDF802309A422B
S21402D0B011D13A799DF804309A420CD108220DF12A
S21402D0C00501781DEEF7FEFE28B9002DD7D14046A1
S21402D0D005F020FED3E70134C7E7FF2005F01AFE6D
S21402D0E0CEE70020D0E700BFF8620020D45A002026
S21402D0F0F0B50025154E164F85B0EBF737FBECB2B0
S21402D100A04201D805B0F0BD694620460AF088FF65
S21402D1109DF80030032B06D90023694620468DF879
S21402D12000300AF09BFF9DF8002062B14FF6FD73B7
S21402D1304FF6FE71032A08BF0B4626F8143000236A
S21402D14001353B55D9E74FF6FF73F6E7D45A002070
S21402D1503B620020F8B50E4604464FF6FF770C4BAE
S21402D1600C4D1B7803EB430305EB8305A54202D85F
S21402D17000242046F8BD2388BB4206D0082231464A
S21402D180A01CEEF79FFE0028F3D00C34EEE700BF9B
S21402D190606C0020145A0020044BFF211A780448C1
S21402D1A002EB42029200EEF741BB00BF606C002029
S21402D1B0145A0020F8B504460C4B0D461B78104650
S21402D1C0A3420DD90C27022117FB04117C43084EFB
S21402D1D008223144EEF77CFB335B00202B80F8BD3F
S21402D1E00023136053604FF6FF73F6E7606C00206F
S21402D1F0145A002038B504464FF6FD75FFF704FEB4
S21402D2000022084B1878084BD1B2884200D838BDA5
S21402D21033F80C1C0132A14208BF23F80C5C0C3315
S21402D220F2E700BF606C0020205A002070B5054669
S21402D2300E460846FFF7DEFF31462846FFF76CFD2E
S21402D24029460648FFF786FF00B970BD044624F853
S21402D2500C6B0AF0BFFE29462046F3E7145A00205C
S21402D26010B5082286B023490446EEF72BFE20B9F5
S21402D27006B0BDE8104009F03EBD082220461E4911
S21402D280EEF720FE20B91D4BB3F8680006B010BDBD
S21402D2900023012221464FF6FF700093FFF78AFE15
S21402D2A0FF2806D0164B33F810004FF6FB73984251
S21402D2B0ECD903A8FEF7CCFE58B9BDF80C305B06D5
S21402D2C007D5082221460DF10E00EEF7FBFD0028D9
S21402D2D0DCD021460B48FFF73DFF40B14FF6FB720C
S21402D2E04FF6FF730088904288BF1846CEE74FF687
S21402D2F0FF70CBE7F86200204E560020E45500206F
S21402D300D45A0020145A002070B5002204464FF664
S21402D310FB7608460A4B1D780A4BD1B28D4201D8DD
S21402D320002009E01988B14207D8A14205D1082297
S21402D330991CEEF7CDFA012070BD0C330132ECE7F2
S21402D340606C0020145A002037B5014605460E4888
S21402D350FFF700FF044640B1807A29460AF0C0FE75
S21402D36080F00100C0B203B030BD03460090012237
S21402D37029464FF6FF70FFF71DFEFF2816BF034B28
S21402D3802046185CE9E700BF145A00203B620020E2
S21402D3902DE9F341224B04461B780F46834215467D
S21402D3A038D9FEF7EBFDB8BB4FF6FD739D421D4E16
S21402D3B00ED004EB440326F823504FF6FF739D422B
S21402D3C01FD12046FEF7F2FD002002B0BDE8F08134
S21402D3D00DF10601384609F081FC4FF6FF72BDF8E2
S21402D3E006303846934218BF1D460C236343F55257
S21402D3F006EB0308FFF7A8FFB0FA80F0400988F8AA
S21402D4000A000C2303FB0460082239460230EEF7BA
S21402D4105FFAD9E72820D8E740F60540D5E700BFEF
S21402D420606C0020145A002038B504460D46FFF7FB
S21402D430BBFC21460448FFF78DFE00B938BD857255
S21402D44021460C30F7E700BF145A00200023074A93
S21402D4501370074A1370074A118801B11380064BEE
S21402D4601A880AB100221A80704700BF3163002072
S21402D470306300200E5C00200C5C00202DE9F04F8B
S21402D4803C4C1D46238887B00746884610469DF8C2
S21402D49040605BB952B10BF0BBF820804FF4FA61E2
S21402D4A0354807B0BDE8F04F0DF0ACB8DFF8D890BD
S21402D4B0B9F80040002C49D020460CF0D3FFC0F348
S21402D4C0470620460CF0B2FFDFF8C0A00296BAF874
S21402D4D00030DFF8BCB00193BBF80030044600937E
S21402D4E000222B46012025490BF011F9ADF8160053
S21402D4F0E8B1012504EB4606B4420DD1BDB9BDF82C
S21402D5001630A3B12A464146384600F06FF9ABF80A
S21402D5100050AAF800500AE0012321461A460DF1EF
S21402D5201600F6F709FB023405460028E4D000236D
S21402D530134AA9F800301378013BDBB21370002BB4
S21402D540ACD107B0BDE8F04FFFF780BF0D4C237893
S21402D55023B90DF095F908B90123237032462946FE
S21402D5600520F7F70DFA0028EBD1207007B0BDE8CA
S21402D570F08F00BF0E5C0020706B00205C4D040034
S21402D58031630020306300200C5C0020A85B002082
S21402D590AA5B002030B5154D87B02C889CB923466F
S21402D5A04FF4A07248F2380103A80AF075FE21462D
S21402D5B02046FAF7E3FA22460D4B009403A9FFF73A
S21402D5C05DFF07B030BD204609F004FA04300DF0C6
S21402D5D04CFB03A9044628880BF000FA00230093AC
S21402D5E020462A8803A900F0AFFAEAE70E5C00207C
S21402D5F000F8FF0737B5002001A9FAF7BFFA0D4C6D
S21402D600014623780C4D7BB10C4B019A1878FAF739
S21402D610CBFA2078F8F74CFC002323702B700848CE
S21402D620F6F736FB03B030BD2B78002BF7D0FFF7AA
S21402D630B1FFF4E733630020316300203263002039
S21402D640706B002008B50548F6F732F80448F6F77E
S21402D6502FF8BDE808400348F6F72AB80E5C00200B
S21402D6600C5C00200A5C00202DE9F04F89B0894648
S21402D6700446CDE905239DF84870139E30B316F88C
S21402D68001ABBAF1000F23D00AF1FF34A400E4B2D2
S21402D6903146012007F0ABFFC00E1BD1DFF838B1D0
S21402D6A03146012007F0A3FF9BF80050344422794C
S21402D6B0BDB1002F47D180234846CDE90277CDE998
S21402D6C000773E4A059900F091F83CE08246DFE793
S21402D6D05446DDE71B28ECD93146012007F087FFC8
S21402D6E0E7E7DFF8F880FF2A00EA08080BD142468F
S21402D6F0E379A179607901EB032189B209B0BDE82B
S21402D700F04FFAF751BA2E4909688B070AD5FE2A56
S21402D71035D101230135EDB2202D4FEA43030AD15C
S21402D720FF250AE0294628460792FAF727FA4845CF
S21402D730BFD1079AEBE79845ECD1224B1B78FF2B1B
S21402D74004D0AB4204D009B0BDE8F08FFF2DFAD06A
S21402D75029460020F4F7B2FF0028F4D09BF80030E8
S21402D7606479002BEFD1FFF771FE17484FF4105182
S21402D7700CF048FF154B8BF800501C70E3E7052AA7
S21402D78097D8BAF1010F94D8B8F1000F91D0002FB4
S21402D790D9D17379002BD6D00D49098821B9082B27
S21402D7A028BF08230B490B70434648461292DDE910
S21402D7B0051209B0BDE8F04FFFF760BE5C4D0400ED
S21402D7C0644800209A6C0020706B002032630020B0
S21402D7D00E5C0020316300203363002000F8FF0750
S21402D7E0014B1880FFF7D6BE0C5C00200CB42DE966
S21402D7F0F04F8BB014AA0E4652F8041B0746099245
S21402D800002940F08F80BDF85400ADF822000028B1
S21402D81000F0A18033794FF6F778002B40F086802F
S21402D82047458CBF4FF009084FF008084C4B1C7850
S21402D830FF2C40F08380B6F90230002BA9BF494B7B
S21402D840347A1C780134A2BFE4B21C7044F080041F
S21402D850DFF81CB12246002101F0A2FC9BF8003042
S21402D860BDF82200002B6CD0DFF808A14FF00009AB
S21402D870BAF8003007930CF0F5FD0546BDF8220015
S21402D8800CF0D4FDEBB2CDE90193FF23CDE90309F9
S21402D89000932246334639460798FCF7B5FB4FF607
S21402D8A0FF7305468BF80090AAF80030382D33D166
S21402D8B03246394640460DF1220307F058FE00284C
S21402D8C04BD04FF6F7739F4226D8B6F902307088CF
S21402D8D0002B21DA48F204022349244B4FF00008B9
S21402D8E0904214BF8946994609F005FA494603460E
S21402D8F08A220120CDF800800AF009FF814658B13D
S21402D9002246414601F04CFCFF2332463946404649
S21402D910CDE90098FCF7DAF928460BB0BDE8F04FDF
S21402D92002B0704701200AF0CFFE6EE7002347459B
S21402D9308CBF4FF006089846337177E7FF221A70BD
S21402D94086E7CDE900033246FF2339464046FCF718
S21402D950BDF90546AAE71925DEE70546DCE700BF5E
S21402D9609C6C0020356300206D4D0400624D04005F
S21402D97034630020105C002070B54FF4003300249E
S21402D9800546164688B0ADF81A100DF10F0204A926
S21402D9900593ADF81840ADF81C4004948DF80F407E
S21402D9A007F0C4FD9DF80F3028460193049B044AF5
S21402D9B0009305A93346FFF719FF08B070BD00BFF4
S21402D9C0664D040030B54FF48035002487B00395C9
S21402D9D0BDF82850CDE900128DF81030074A0346EC
S21402D9E003A9BDF82C008DF81140ADF81250ADF821
S21402D9F01440FFF7FBFE07B030BD00BF724D0400B7
S21402DA00B1F1006F2DE9F04314462CBF39223822BB
S21402DA108BB01D464FF00003ADF81E204FF4800277
S21402DA202CBF4FF001099946FF2C0646ADF81C3074
S21402DA300892ADF824304FEA11471FFA81F80FD149
S21402DA4009F06AFCB9F1000F19D1154ACDE90205B1
S21402DA5043463046CDE9007407A9FFF7C7FE1AE031
S21402DA60FE2C0AD109F058FC0130C0B209F05FFC66
S21402DA70B9F1000F12D00B4A02E0E8B2F8E70A4A00
S21402DA80CDE9030501233046CDE90174CDF80080C7
S21402DA9007A9FFF7ABFE0BB0BDE8F083034AD5E754
S21402DAA06A4D0400704D0400694D0400714D040077
S21402DAB04FF498124FF0806310B586B0CDE9032379
S21402DAC00023ADF8143009F016F90446F8F796FA72
S21402DAD0054B01900093054A234603A94FF6FD70B5
S21402DAE0FFF784FE06B010BDF8620020764D0400F3
S21402DAF008B5064B1B78022B02D0043B012B03D839
S21402DB00FFF7D6FF002008BD0220FCE77562002062
S21402DB1030B500244FF4806587B0CDE900128DF849
S21402DB201030084A034603A94FF6FD708DF81140DF
S21402DB300394ADF81250ADF81440FFF757FE07B045
S21402DB4030BD00BF7A4D04002DE9F04F99B00E4665
S21402DB5005460CA91046CDE90A329DF888700AF0EF
S21402DB60FAFABDF83090804648460CF07BFCB6F9CF
S21402DB7002300446002BB6F806A0B6F802B004DA65
S21402DB8000228D4B1A70002049E048460CF06AFCD1
S21402DB904045F5D3A4EB0804E3B2002F18BF4FF4B8
S21402DBA0A07A152B099328BF15230024013308F108
S21402DBB0FF324946DBB292B2009412A80DF04EF93B
S21402DBC06FEA4B436FEA53437C499DF84820086846
S21402DBD04968ADF83E300DAB03C3ADF84040ADF832
S21402DBE03C40ADF842A0ADF84420BBF1000F24D172
S21402DBF00DF14900F6F7C4FCA0B109F07CF85C46CA
S21402DC0080460DF151060DF149030A9A96F80090E6
S21402DC10012A2CD14FB384F0010404F0010019B09C
S21402DC20BDE8F08F0DF149000AF0A4FB4FF6FF7431
S21402DC30011B4C4280464C41E3E7BBF1010F57D132
S21402DC40BDF8498009F057F880450AD040460DA92C
S21402DC500AF093FB80F00104E4B20DF14B060DAB23
S21402DC60D3E7574B0DF14B06CFE70A9CD5E75FB3D8
S21402DC7044BBB9F1010F25D830D109F03CF809F0C0
S21402DC803AF82246804671784D4B029100210120D7
S21402DC90CDE900814B490AF03AFDADF8320088B171
S21402DCA024BBB9F1010F0CBF0D210C210DF132007E
S21402DCB00AF095FC024628B92846BDF832300FA96C
S21402DCC0FFF794FD0120AAE7B9F1010F04D1002C59
S21402DCD0D3D081227178D8E7002CFAD1B9F1010F9E
S21402DCE094BF002201227178D201CEE70C21DDE733
S21402DCF00A9B002B7FF447AF7388342B4BD1099BCA
S21402DD00092B7FF440AF002F7FF43DAF9DF95160A1
S21402DD103A46B41008210DF1490004F0200408F038
S21402DD2078FFA0B1284B1B78012B3FF42CAF274A73
S21402DD30274BB2F868201B68AA421DD0DA001BD512
S21402DD40C8232846234A0FA9FFF750FD1BE70DF10B
S21402DD504900F6F715FC0028E4D10DF149000AF057
S21402DD6009FB4FF6FF739842EAD02146F9F778FE90
S21402DD7003460028E4D1E4E75B0201D5002E08DA68
S21402DD8000232846134A0FA9FFF730FD124B1C70DA
S21402DD90F9E68D23D5E7099BCDE905A204930DF19B
S21402DDA04903CDE9028331462846CDE900790B9B2B
S21402DDB00FAA00F03DF8E6E629630020DCD5030052
S21402DDC0F86200207E4D040076620020E4550020B2
S21402DDD064480020C60204009B6C0020024B1878A0
S21402DDE040F08000704700BF35630020014B18806A
S21402DDF0002070471E6C00204FF6FF710346028813
S21402DE001B798A4217BF074901200A8041881EBF34
S21402DE10054A00201180FF2B1EBF044A0020137003
S21402DE20704700BF1A6C0020186C00203663002072
S21402DE302DE9F04FA1B09946BDF8AC302D9F0D9359
S21402DE409DF8B03004460E93BDF8BC3038460F93AA
S21402DE509DF8C0304E88884615469DF8A8B01093A7
S21402DE600CF003FF112E824671D808F044FF50458D
S21402DE7076D0062E10D14FF6FD72924526D0BBF113
S21402DE80000F10D100228023CDE900A229462046A9
S21402DE90BC4AFFF7ABFC06E0BBF1000F03D1032E32
S21402DEA007D8012E09D80022B74B1A7021B0BDE858
S21402DEB0F08F043E022EF6D8E4E780232946204659
S21402DEC0B24ACDF800A0FFF791FCECE7B04B1B7806
S21402DED05E074CD408F00FFF0026034632460120A8
S21402DEE0A84900960AF013FC3B79ADF866000F933A
S21402DEF00028DBD0DDE90E320D9803EB42090CF068
S21402DF00B1FA5FFA89F909F105085FFA88F88045DF
S21402DF10CCD241460D9801F02FF9109008EB40083C
S21402DF200D980CF09FFA8045C0DADDE90F321343F4
S21402DF30DBB2002B40F03482BBF1000FB6D1D846DC
S21402DF4042460421BDF8660001F02AF974E1904ABF
S21402DF503A2E127812D948F23B039E4207D013E0BB
S21402DF608B4A127850070BD5321F022A08D8B8F807
S21402DF70063043F48043A8F8063097E71B2E1DD8D8
S21402DF80B21E91B213295FD9109B494602930F9B8A
S21402DF903046CDE900B30E9A234607F0CEFA0F2894
S21402DFA084D10122784B1A70794B1B789B0740F17B
S21402DFB02783BBF1000F7FF479AFD8E7A6F11C01E7
S21402DFC01E29E1D801A050F821F000BF17E6020092
S21402DFD089DF020089DF0200ADDE020089DF02006F
S21402DFE005E4020005E4020089DF020089DF020080
S21402DFF089DF020089DF020089DF020089DF020072
S21402E00089DF020089DF020089DF020089DF020061
S21402E01089DF020089DF020089DF020089DF020051
S21402E02037E4020037E40200E9E5020089DF020075
S21402E03089DF02000BE6020089DF020067E60200C3
S21402E0407DE602008BE60200132A9DD801A151F854
S21402E05022F000BFA5E0020035E1020053E1020013
S21402E0606BE20200D5DE020089DF020089DF0200D1
S21402E07089DF020089DF020089DF020089DF0200F1
S21402E08089DF020089DF020089DF020089DF0200E1
S21402E09089DF020089DF0200AFE3020089DF0200A7
S21402E0A043E6020000231A938DF866300DF16603EC
S21402E0B022460E99484600931AAB07F038FA08F043
S21402E0C01AFE0646EAF75EFB162894BF4FF00209D0
S21402E0D04FF02209F7F792FF2E4B0746B3F800A03F
S21402E0E0FBF7EAFD2C4B80464FF6FF70B3F800B004
S21402E0F00AF0F8F8294B9DF866201988244B1B78FD
S21402E10013F002031CBF264B1B780B921A9ACDE91A
S21402E1100701CDE9093240232946CDE9019320467D
S21402E1200023CDE9058BCDE9037A1E4A0096FFF758
S21402E1305DFBBBE608F0DFFD1B4B1C4A1B88CDE9E6
S21402E1402A0300232946204621B0BDE8F04FFFF7F8
S21402E1504DBBBE781AA9731EDBB2EF2B304627D909
S21402E160F22E25D005F015FD822608F0C4FD002308
S21402E1702946CDE90003034A33462046FFF736FB1D
S21402E18094E600BF624D0400296300206D4D040032
S21402E190366200201E6C00201A6C0020186C0020CC
S21402E1A036630020844D04001C6C0020914D040050
S21402E1B005F0EFFC002856D008F09DFD9DF86C2077
S21402E1C09DF86E100492BDF86A2049000392BDF8CD
S21402E1D06820C9B2CDE901629DF86D20034652005F
S21402E1E0D2B208320A44009201200022C6490AF03E
S21402E1F08EFA9DF86D30ADF866008DF86330002813
S21402E2003FF454AE4FF0000801230DF163011A46A5
S21402E2100DF16600F5F790FC074600287FF446AE3F
S21402E2209DF86330FAB293420CD89DF86E308DF8A2
S21402E2306330B8F1000F02D0BDF8663036E04FF01A
S21402E2400108E1E74146304605F0A5FC0123ADF89A
S21402E2506400022219A90DF16600F5F76DFC01377C
S21402E2600028DDD022E683267FE708F044FD064636
S21402E27005F0B0FC3346009000220120A3490AF0C4
S21402E28046FA00283FF412AE00273E46ADF8680074
S21402E29005F0A0FC5FFA87F840450DD83246042107
S21402E2A0BDF8680000F07CFFBDF868300022294601
S21402E2B02046FFF79BFAF9E5404605F068FCFF2882
S21402E2C08DF866000BD0012301361A460DF1660161
S21402E2D01AA8F6B2F5F730FC00287FF4E7AD01374E
S21402E2E0D6E75046B7F8029005F051FCFF288DF8A5
S21402E2F0640000F0E2811AA905F04BFCBDF8683014
S21402E3004B4507D04FF6FF72914540F0D68119046F
S21402E31000F1D3819DF86D3012930E9B0533DBB26C
S21402E32013930F9B149300234FF0000911934B464F
S21402E33013E017934900139BC9B219440D9889B28A
S21402E3400AF088F94FF0000A179B159012995FFAA7
S21402E3508AF28A4216D309F10109149A5FFA89F100
S21402E3609142E6D39DF86E201292169A1392002BD3
S21402E37040F09581119B002B40F09F81109B1493D7
S21402E3800123D1E711999DF86400179305F003FC69
S21402E390159A179B0AF1010A824208BF0123D5E7A4
S21402E3A009F106095FFA89F3B046169386E1BD1CA9
S21402E3B029465046BC7A06F043FC012229465046BE
S21402E3C009F03FF9504609F0A1FF284609F0D2FFAE
S21402E3D03A88824207D04FF6FF72904203D00CF082
S21402E3E032FD09F0B3FF84F00804C4F3C0042146EA
S21402E3F02846FFF719F82146284621B0BDE8F04F17
S21402E40007F0C4B8BBF1000F7FF450AD12073FF51A
S21402E410AEAD33463A462946204601F08FF900282B
S21402E4207FF444AD842329462046394A21B0BDE80C
S21402E430F04FFFF7DBB90F9897F8008009F00EFD52
S21402E44000210746204601F0E3FC312EA7EB000729
S21402E450FFB240F0D5804FF0000A012053465246E4
S21402E460CDE9008A2B490AF052F9ADF86600002879
S21402E4703FF41CAD162251461AA8EDF7D7F91AA892
S21402E48008F0C2FE4FF0FF33DFF894B0CDE91C333C
S21402E4909BF80090B9F1000F02D14FF0010A55E047
S21402E4A01D4E33796F2B02D90026324625E05046A0
S21402E4B01CA9F6F73DFF0028F6D0184BB6F80090D8
S21402E4C0B3F86830B9F1000F2CD1003B18BF012316
S21402E4D05B0143F004038DF87A3002238DF87B301B
S21402E4E073881B0A49461EA88DF87D300CF0BFFBC8
S21402E4F0B8F1000F65D0002601220221BDF86600A1
S21402E50000F04EFE32461CE5954D0400624D0400B6
S21402E510C60204009D4D04006C5B0020E4550020FA
S21402E5206F620020B3EB090318BF01235B0143F0BF
S21402E53005038DF87A3002238DF87B300F238DF891
S21402E5407C30CDE70AF1010A5FFA8AFA0AF1FF3651
S21402E550F6B230460CF07DFCC307F3D59BF80030CC
S21402E56019EB030F04D009F101095FFA89F9E9E70B
S21402E570584B1CA918783044C0B2F6F7D9FE0028CA
S21402E58092D0304609F0F3FE814630460CF061FC2C
S21402E590C0070FD416238DF87A304F4B1B78013301
S21402E5A0DBB20F2B28BF0F238DF87C304B4B33F892
S21402E5B0163096E730460CF04CFC8107EAD412235C
S21402E5C0E9E7BDF866000BF04DFF1630B84292DC64
S21402E5D0012316221AA90DF16600F5F7ADFA0028F6
S21402E5E07FF464AC012660E712073FF5C0AC3B46F9
S21402E5F0224629460F9801F0F9F800287FF456AC17
S21402E600BBF1000F7FF452AC0CE7BBF1000F7FF4B6
S21402E6104DAC802307E708F06EFB50457FF446AC0E
S21402E620B81CF5F7ADFF00283FF440AC08F063FBDA
S21402E630064608F060FB2A4B2A4ACDE92A033346EF
S21402E64080E538460CF011FB09F04CFE00283FF43A
S21402E6502DAC2A90002329462046234A21B0BDE845
S21402E660F04FFFF7C3B84B462A4621460020CDE9B5
S21402E6702AB721B0BDE8F04FFEF7F6BF4B462A4652
S21402E68021460120CDE92AB7F3E75B464A462946EA
S21402E69020462A9721B0BDE8F04F06F07CBF012342
S21402E6A019A91A460DF16600F5F746FA00287FF416
S21402E6B0FDAB08F101085FFA88F8013605F08AFA20
S21402E6C05FFA86FA50453FF60CAEB8F1000F3FF4FB
S21402E6D033AC35E4666C00201E6300209E5B00208F
S21402E6E0F8620020A24D04006D4D0400F8B5164BEA
S21402E6F004461D88154B20F8025B196879B108227A
S21402E700EDF7E6F8124B0C201B78124EA372124B52
S21402E71019780023DAB2914205D8FF2209E0C4F83C
S21402E72002104160EEE7013300FB03F7F75BAF42EE
S21402E730F0D10A4BE2721B782373094B1B78637382
S21402E740084B1B682361F8BD1E5C002000570020A2
S21402E75037630020085A0020606C00201B630020EC
S21402E7601A630020EC560020F0B589B006460C4627
S21402E77015460AF022F90DF10A020146304609F062
S21402E780D3FF144F0346F0B901223A702288BDF82F
S21402E7900A102AB102460090072004F0DFF990B171
S21402E7A003A8FFF7A3FFBDF80A000BF05BFE0646C0
S21402E7B0BDF80A000BF03AFE21460090F3B2284656
S21402E7C003AA06F067FA0023034A3B70136009B0F7
S21402E7D0F0BD00BF3863002000570020142230B579
S21402E7E08BB005460DEB02011548DEF767FC10BB41
S21402E7F0BDF81430DA0720D413F0060FC3F3410233
S21402E80008BFC3F341220F4B0DF116019C5C68460C
S21402E8102246EDF79BF9BDF8263004F128026A4439
S21402E82002F8283C02341B0A02F8273C69462A46AC
S21402E830E0B209F0F7F80BB030BD2320FBE700BFCB
S21402E840703214E07F9A040010B58AB0ADF8262024
S21402E8500022CDE9052204920CAA02924FF6FF721C
S21402E8600446AC2101200192064A039004FB0122D1
S21402E870603200924CF620010DF1260209F086FD68
S21402E8800AB010BDE455002010B54FF6FF741E4ABC
S21402E8908AB0B2F86800B2F85E10A042ADF8260060
S21402E8A0B2F85C304FF6FD70ADF8241018D08142F5
S21402E8B04FF0000094BF48F660014CF66001CDE9C7
S21402E8C00500CDE90300CDE9010094BF09AA603234
S21402E8D000920DF12602042009F058FD0AB010BD80
S21402E8E081424FF000008CBF603209AA00928CBFB2
S21402E8F04CF6604148F66041CDE90500CDE90300DB
S21402E900CDE90100014AE6E7E45500204E56002014
S21402E91000B50E4B0022B3F85E308BB0ADF8243053
S21402E9204FF6FF73CDE90522CDE90322CDE9012298
S21402E93009AA00924FF400610DF126020720ADF8F5
S21402E940263009F023FD0BB05DF804FBE4550020E9
S21402E950202A10B5144614D8012A04D10C88B4F51E
S21402E960004418BF0124620030B10748ECF7B0FF3C
S21402E970064B00201C7010BD0548ECF7A9FF054B9E
S21402E980F7E72120F7E700BF205C0020396300206C
S21402E990605C00203A6300202DE9F04710461746D7
S21402E9A00CF063F9DFF814A1DFF814919AF800303E
S21402E9B099F800200546134302D10020BDE8F087EF
S21402E9C010F4406800F0400619D186BBB0F5804FBF
S21402E9D05CD24FF4807400239AF80000344AD9B20D
S21402E9E088425DD8002399F80000324AD9B288429C
S21402E9F0E3D932F8021B0133A142F7D155E0F81CE5
S21402EA000CF033F94FF6FF73984214BF0124022428
S21402EA1086B1052605F44043B3F5004F44F00804DA
S21402EA2024D0B5F5804F23D244F4807420E04446C7
S21402EA300326EFE7B5F5804F4FF00506F4D3B8F599
S21402EA40406F14BF02200820304438440CF00DF901
S21402EA50194B05F44045B3F85C3083420CBF44F0D2
S21402EA60080444F00404B5F5004F01D144F08004D4
S21402EA70B8F5006F0ED1B8190CF0F7F80E4BB3F8D4
S21402EA805E308342A7D144F01004A4E7444603262E
S21402EA900220D9E7B8F5406F08BF44F020049AE791
S21402EAA032F8021B0133A14299D1012086E700BF4A
S21402EAB0605C0020205C0020E45500203A630020C1
S21402EAC0396300202DE9F04F104685B01646984669
S21402EAD00CF0CBF85D4F00F00803B7F85C10044664
S21402EAE000F00709F01C02930391B7F85EB00CF031
S21402EAF0BCF806F1050A054650460CF0B6F8034681
S21402EB004FF6FF70854218D00399A1EB050CDCF195
S21402EB10000545EB0C056D004FF6FF718B420ED1DA
S21402EB2045F004050BF0ACFE029B6BB1B9F1000F89
S21402EB3011D0422005B0BDE8F08F0125ECE79B45D9
S21402EB4008BF45F00805EDE7B9F1030FF1D8DFE895
S21402EB5009F0021B795D0BF093FE08B9A807E8D509
S21402EB6024F00804A4B2B4F5004F05D0B4F5624F01
S21402EB7002D0B4F5404FDCD10025294697F8A820EC
S21402EB80002007F005FF3CE0D7F88030E3B900210B
S21402EB9032460846FFF700FFD8B948F6410224F08D
S21402EBA038039BB29342C4D10A2D49D0062DC0D158
S21402EBB097F87730023B012BBBD8F3F745FD0028C8
S21402EBC0B7D140F6040505E041463046984700288E
S21402EBD0DDD00825E20648BF45F08005A30648BFFB
S21402EBE045F4805505F00C03042BC6D1F01D0CF03D
S21402EBF03CF897F8A8303246009341462B4607F079
S21402EC009CFE08B30E9B1880002093E7A90705D147
S21402EC104FF6FF73B7F85C209A428AD104F4406339
S21402EC20B3F5006F0AD0B3F5406F82D10822504682
S21402EC300749EDF747F900287FF47BAF0C25C9E7B3
S21402EC400425C7E7432075E7192073E7E45500203B
S21402EC5044560020034B1A781AB1FF2A04BF00223A
S21402EC601A7070473C63002070B5084C084E237833
S21402EC70F55C1DB13E2107480BF019FFFF222378F1
S21402EC802846F2540023237070BD00BF3B63002069
S21402EC903C630020A64D0400034B044A1B78D05C5C
S21402ECA0FF3818BF012070473B6300203C630020FA
S21402ECB00023074A07491360074A1360074A13608E
S21402ECC0074A11600121074A1170074A136070470C
S21402ECD010570020178503000C5700200857002005
S21402ECE0906B00209D6C0020185700200E2A70B5ED
S21402ECF00C4606461546194603D9FFF7D9FF50209B
S21402ED0070BD012807D10020F3F7B8FCB0B1FFF7B9
S21402ED10CFFF2120F4E780220021224B1A70224BDB
S21402ED201960224B1B684BB134200BF0F3FB204BCF
S21402ED30188018B9FFF7BCFF0120E1E724F0FF6353
S21402ED4023F4FF231BB1FFF7B3FF4F20D8E774B9B4
S21402ED502046F3F7ADFC0124032510F0800F43B2E2
S21402ED601BBF00F01F039C409C4044F078440020E8
S21402ED70104B24F078441E700F4B10491D70104B38
S21402ED801C60104B1870104B1A68F4F71FF818B175
S21402ED90FFF78EFF0420B3E79DF810200B4B1A7086
S21402EDA0AEE700BF3D63002014570020085700203E
S21402EDB0A05C00204263002040630020B1F0020005
S21402EDC01857002041630020105700203E630020A1
S21402EDD07FB5244B00251A7801232348234903FADA
S21402EDE002F200781A440A60ADF80E5020B3984238
S21402EDF036D11F4C1F4B20781B680DF10E01984729
S21402EE001D4EBDF80E20307092B11C4B2946009361
S21402EE10284602230195F4F713F83278237822B1B4
S21402EE20012A12BF1B230133DBB2237004B070BD6C
S21402EE30013818BF0120F0E778235A43013A0A60E6
S21402EE4008220F490BF0ACFA0B49094A09781378E5
S21402EE5021B1012912BF1B230133DBB21370E5E790
S21402EE601846E3E740630020426300201C57002058
S21402EE7041630020906B00209D6C0020EDF00200A4
S21402EE800DA80300024B1868003818BF012070470F
S21402EE900857002037B505461C460BF0F1FC68B94A
S21402EEA074B1084B1A60084B0A461C6001232946B7
S21402EEB000930323FFF71AFF03B030BD4D20FBE794
S21402EEC02520F9E7045700200C57002013B5044606
S21402EED00BF0D6FC58B962B1074B1A6001230A46FA
S21402EEE0009321460323FFF701FF02B010BD4D2019
S21402EEF0FBE72520F9E700BF085700202DE9F0417F
S21402EF000446DDE906861D469DF820700BF0B8FC27
S21402EF1088B99EB1A2B10B4B01201A600A4B0A4671
S21402EF20C3F80080094B21461E602B460697BDE8B3
S21402EF30F041FFF7DBBE4D20BDE8F0812520FBE760
S21402EF402120F9E7906B0020105700200C57002074
S21402EF500148F4F7ADBB00BFA05C00202DE9F041EC
S21402EF600020F3F7A1FE114B114C1E68114B2088AE
S21402EF701D68114B114FD3F8008010B13978F4F7A1
S21402EF8071FD00203870FFF793FEF4F7ABF90EB16F
S21402EF904046B0473DB12088A84700232380BDE8FD
S21402EFA0F0410BF0FFBDBDE8F08100BF0C5700201A
S21402EFB0A05C00200857002018570020436300205A
S21402EFC0F8B52F48F4F764FE2E4B187830BBF3F7EB
S21402EFD06FFB2D4F06463B6803B32C4B2C4D1C682B
S21402EFE024B195F900301A461946A047294B1B68EA
S21402EFF083B1294C2378312B0CD8284B18880BF078
S21402F00015FA23785A1C22702A78C25423785A1C7E
S21402F0102270C65480232B7000233B60204C23783A
S21402F0201A2B22D81F4A1278012A09D100211E4A19
S21402F030156825FA03F0C007DAB20ED501B12270C0
S21402F0400020F3F735FB2178884212D10022174BB5
S21402F0501A70FFF7BDFE40B9F8BD0133D8B21A28C0
S21402F0604FF00101E5D90A442270BDE8F840FFF7E7
S21402F07075BF0020F3F72EFB0028E7D0F5E700BFA8
S21402F080946B00204263002014570020045700208F
S21402F0903D6300200857002043630020A05C002048
S21402F0A0416300209D6C0020185700203F6300201B
S21402F0B008B50B4B187880B90221F3F7CDFA094B45
S21402F0C01B782BB100214FF6FF720846F3F7A6FA1B
S21402F0D0BDE808400448FFF773BF00210846ECE786
S21402F0E0426300203E630020946B002038B5144B28
S21402F0F00C461D78012D21D181B90846F3F7D8FABE
S21402F100104A05FA00F013680F4923EA0003136059
S21402F11020462A46BDE838400BF042B90B4A13781F
S21402F1200133DBB2022B137004D9BDE8384008481D
S21402F130FFF746BFFFF74CFE0028F6D138BD00BFEA
S21402F14042630020185700200DA803003F630020EA
S21402F150946B002038B50C4605460BF083F9A042A6
S21402F16003D82D2103480BF0A2FC28460BF05EF9CB
S21402F170204438BDBA4D040070B506460D460BF065
S21402F18055F9044648B130460BF06CF9A84203D84C
S21402F190352102480BF08BFC605D70BDBA4D040051
S21402F1A070B50C46064615460BF05CF9A04203D82D
S21402F1B03E2104480BF07BFC30460BF037F900B1D9
S21402F1C0055570BDBA4D04002DE9F0438FB00746D1
S21402F1D00C4615461E469DF85880F8F755F920B19C
S21402F1E0F4F796FE08B144F400544D4B1B7813B95D
S21402F1F024F40074A4B2200509D546B9284604A909
S21402F200F5F750F9002846D024F40064A4B2ADF80D
S21402F2101840ADF81A5007F06EFD424BADF81C00D0
S21402F220B8F1000F02D01A78424501D293F8008056
S21402F2303D4AE105137848BF0DF1210103F10103B0
S21402F240DBB2137058BF08A922058DF81E808DF810
S21402F2501F3006D53368083141F8083C736841F818
S21402F260043CE30407D5314A0831136841F8083CE8
S21402F270536841F8043C0DF11808A1EB08005FFA48
S21402F28080F9002148460BF045F9064628B90020C9
S21402F2900FB0BDE8F08304AEB9E70BF0C7F84146FD
S21402F2A04A46ECF753FC30460BF0DCF88046304614
S21402F2B00BF0BCF80023024600934FF6FF700423BF
S21402F2C05FFA88F107F039FBADF80E000028DED0B1
S21402F2D040F201131C421AD14FF6F7739D4216D81C
S21402F2E00BF0C0F80DF10E010446284600F090FD22
S21402F2F0BDF80E000BF0B6F8E4B2A04207D9BDF88E
S21402F3000E0007F067FB437843F004034370BDF832
S21402F3100E003A4601210BF0D5F8BDF80E00B7E70D
S21402F320716200205A6C002073620020F86200208E
S21402F330F0B50829D58889B028D00C2926D0AE0485
S21402F34024D405F040030B43424C267816B105F050
S21402F350200423432FB2002FB8BF43F080030329B3
S21402F36020D11223AC068DF80430937A10D48DF88F
S21402F37005300DF1060401A9621A012392B2F4F7D0
S21402F380DBFBB0FA80F0400909B0F0BD0B46DBE7C4
S21402F39032228DF805308DF80420002EE9D00DF1CA
S21402F3A01304E8E70C298DF804300ABF1389537951
S21402F3B08DF80530548805BF1B0A8DF806308DF887
S21402F3C005300DF1070318BF0DF106031C70240A61
S21402F3D05C70148802399C70240ADC701479012946
S21402F3E01C7111D8917A002F597131DA02211289D3
S21402F3F09971DA71120A03F109041A72002EBAD050
S21402F400AB06B8D50534B6E7A9071AD4002F0CDA2E
S21402F410117A51B1917A59711189127A03F108045D
S21402F42092B102229A71D971E8E70B4C217801F168
S21402F430010C84F800C091729C1D002F5971DDDA10
S21402F440EAE7917A9C1DF8E70122090A9A71EAE72F
S21402F4509C1DD3E77162002072620020014B188067
S21402F460704700BFA25C0020014B1888704700BF9F
S21402F470A25C00202DE9F84307460BF011FB054677
S21402F4801B480BF084FC1B4B60B31C683C1B2C44D3
S21402F490A4B20022184BDFF868901B78174D03EBD6
S21402F4A0830399F8006005EB43055FFA82F8464548
S21402F4B00AD9AB8805F10A00A34216D90A23B21A62
S21402F4C029465A43ECF704FA013689F80060AC8004
S21402F4D0B8F1000F03D1394605480BF093F82846D9
S21402F4E0BDE8F8833C461D60D3E705460132DCE7FB
S21402F4F0B46B002020570020446300203A5B0020B3
S21402F500456300201FB5154A154C1378013BDBB244
S21402F51013706168206801AA03C221891180114A0A
S21402F5201278D21805D00A2320465A43E118ECF77F
S21402F530CFF99DF806301B070DD0BDF80C00FFF77B
S21402F54099FF03468288ADF8082001AA03CA1288EA
S21402F550186059601A8104B010BD00BF44630020D1
S21402F5603A5B002045630020002108B5084B094895
S21402F5701970094B1970094B1A7802EB8202520075
S21402F580ECF754F9BDE808400548F4F781BB00BF24
S21402F590456300203A5B002044630020646C002030
S21402F5A0B46B0020F8B50024084D094F094E3B788D
S21402F5B03178E2B20B449A4204F1010400DBF8BD52
S21402F5C02846F4F775F80A35F1E700BF3A5B0020E3
S21402F5D0456300204463002010B5064C207828B10D
S21402F5E0054807F023FF10B1034B188810BDFFF73C
S21402F5F089FFF3E7446300203A5B002008B50A4A15
S21402F6000346107860B1094A1088984209D121B998
S21402F6109378103323F00F039370FFF773FF0120E4
S21402F62008BD0020FCE700BF446300203A5B0020D0
S21402F6302DE9F74F00260BF033FADFF8F890B246C2
S21402F64099F80070B3463A46DFF8EC801FFA80FE5F
S21402F650B8F800C0344CAEEB0C039BB2019323788F
S21402F660324D009303EB830305EB4303ACEB0E0C26
S21402F6705FFA86FEBE4515D3BAF1000F01D0009B95
S21402F6802370BA422AD3002F37D00A222378C8F82A
S21402F690000002FB03532648998803B0BDE8F04FEA
S21402F6A00AF0B0BFB3F804E001998E4512D84FF0C5
S21402F6B0010A009993F802E001310EF1FF3EC9B249
S21402F6C0013AA3F804B083F802E00091D2B20A33FA
S21402F6D00136CDE7E644A3F804E0F8E789F800200F
S21402F6E04AB10A222378C8F8000002FB03531048E6
S21402F6F099880AF087FF237813B903B0BDE8F08F24
S21402F700FFF76AFF06460028F5D007F097F801468D
S21402F710304607F088FE20B100212888FFF76EFFEA
S21402F720E9E740F60241F8E7446300203A5B00202E
S21402F730B46B002045630020205700202DE9F041DD
S21402F74092F808801F4608F1FF33DBB2EF2B05461E
S21402F7500E46144688B00BD982238DF80E303146F9
S21402F76028469DF80E30204AFEF740F8012037E082
S21402F7700E22002104A8ECF759F8B4F809308DF8E7
S21402F7801180ADF81230E37A03F07F02032A08D024
S21402F790012B24D103238DF81030A389ADF8153040
S21402F7A00EE0032B14BF022301238DF81030E3680A
S21402F7B0CDF815302369CDF81930237D8DF8143035
S21402F7C0A7F121014A420DF10E034A410093214658
S21402F7D00DF10F0304A8FDF737FC0028BFD1002067
S21402F7E008B0BDE8F08100BFC60204002DE9F04F64
S21402F7F000241D7895B0CDE90201049223462246E4
S21402F8000120CDE90054404908F081FFADF81E0002
S21402F810F8B1A346264627460DF120090DF1380A0F
S21402F820E8F7A4FF5FFA84F8404516D83A46022164
S21402F830BDF81E00FFF7B4FC32460421BDF81E00D8
S21402F840FFF7AEFCDDE903100022BDF81E30FDF71F
S21402F850CDFF012015B0BDE8F08F4A4640460AA902
S21402F860FDF7E4FB9DF8282022B12DB1013DEDB253
S21402F8700137FFB20134D3E7BBF1000FF8D199E8A4
S21402F88003009DF829308AE803008DF84030BDF861
S21402F8902A30032A8DF841304FEA13238DF842307E
S21402F8A017BF032301238DF843309DF82C30DDF873
S21402F8B03110DDF82D0014BF8DF84C308DF8433032
S21402F8C011AB03C302980CBF4FF00E084FF0150899
S21402F8D008F0C4FA0590BDF81E000AF0C3FD0599AB
S21402F8E000EB080399420BDB0123424651460DF119
S21402F8F01E00F4F721F90028ABD10136F6B2B7E7BD
S21402F9004FF0010BB4E700BF9D4D040038B5054625
S21402F9100D4B0E481C88F4F7A7F9012D0CD10C4BA1
S21402F9201C88FA21614358B1884209D28408012C06
S21402F930204638BF012038BD022D08BF0224F0E75A
S21402F94002480AF05FFEF2E7365B002050470020CE
S21402F950345B0020012208B5054B06481A700021C8
S21402F9600AF050FEBDE808400020FFF7CFBF00BFF8
S21402F9705C620020504700201E4B73B51A8802F1C5
S21402F98008039BB2012B02D81B4B1B7823B902B08B
S21402F990BDE87040F4F77CB90024184B184D1C7073
S21402F9A0184B1C702B787BB14FF6FC73164E0093E7
S21402F9B0224623462146308808F076FC4FF6FD7331
S21402F9C02C70338001200FE0104B1046197807F098
S21402F9D028FD0028F6D10C4B1A884FF6FD739A4282
S21402F9E0F0D0012302202B7002B0BDE87040FFF772
S21402F9F08DBF00BF385B00205C6200205F62002083
S21402FA005D6200205E620020325B002060620020A1
S21402FA10012808B50AD002280CD020B9084B187065
S21402FA200848F4F735F94FF0FF3008BDBDE8084046
S21402FA30FFF790BF0020BDE80840FFF767BF00BF92
S21402FA405C6200205047002002280CD859B1064AB2
S21402FA5013780133DBB21370044A12789A4202D842
S21402FA600220FFF7D5BF70475E6200206162002069
S21402FA7038B5A0F61343012B04460D4615D80E4A98
S21402FA8013780133DBB213700C4A12789A420CD800
S21402FA904FF6FD720A4B00201988914201BF0022E0
S21402FAA01D80084B1A70FFF731FF29462046BDE835
S21402FAB0384005F0F3B800BF5F62002062620020A3
S21402FAC0325B00205D62002000234FF6FD71054A7E
S21402FAD01370054A1370054A1180054A1370054AC9
S21402FAE0137070475F6200205E620020325B002067
S21402FAF05D6200205C62002030B5094B02461B782E
S21402FB0033B1084B084C19780023D8B2884201D387
S21402FB10FF2004E0013334F823509542F5D130BD7E
S21402FB20636C002064620020125B00200022FF212A
S21402FB30044B05481A70054B1970054B1A7892004B
S21402FB40EBF774BE64620020165B0020636200203E
S21402FB50636C0020F7B58DF807100DF10701044617
S21402FB6003F068F8234B1D78002D41D02046FFF79E
S21402FB70C3FF214EFF283178204B05D1204A10784A
S21402FB8085422DD9451C1570884219D01C4A1B4D3A
S21402FB9092F800C00022D7B2BC450CD92F4697F87F
S21402FBA003E00132864505F10405F4D102B203EB07
S21402FBB08202D278FA7002B203EB8202D1703070FF
S21402FBC002B203EB820123F82240FF228A709DF8DC
S21402FBD00720FF2A02D003EB8203987003B0F0BD21
S21402FBE00A46104603EB8202D278FF2AF9D1CBE707
S21402FBF0FF20F3E7636C002063620020165B0020A0
S21402FC00646200202DE9F843FFF776FFFF280446DA
S21402FC1069D04FF6FF72354F03B2DFF8DC80344E00
S21402FC2027F8232098F80050A54202D10020BDE80C
S21402FC30F883337820B28100A34207EB800090F865
S21402FC4003E010D00023294A5FFA83F94D45944613
S21402FC5006D99CF803900133A14502F10402F3D1C0
S21402FC608CF803E001E086F800E0013DEDB22A1BC5
S21402FC70D2B2043192003944EBF72AFE88F80050DB
S21402FC803378FF2B04D0A34224BF03F1FF33337033
S21402FC9000214FF6FF70154BCAB2AA420CD30023BE
S21402FCA04FF6FF71134ADCB2AC42BBD2013332F8D4
S21402FCB023008842F7D1B5E79A78A2420BD1188082
S21402FCC0DA78FF2A04D0A24224BF02F1FF32DA70A9
S21402FCD001310433E0E7FF2AF2D0A24224BF02F148
S21402FCE0FF329A70ECE72D20A1E700BF165B0020DA
S21402FCF063620020125B002064620020F8B51C4B91
S21402FD0005461B78084673B3FFF7F6FEFF2804463F
S21402FD1029D02846FFF7F0FEFF2806D0154B164ED0
S21402FD201A780023D9B2914218D3FF212846FFF74A
S21402FD3011FFFF28014616D00546104F23B207EBE7
S21402FD40830237F823009678FFF704FFA84208BF1D
S21402FD50FF25FF2E214608D12846F8BD013316F8A6
S21402FD6023108142DED1FF25F6E73446E6E700BFE0
S21402FD70636C002064620020145B0020165B002087
S21402FD802DE9F04180460E461F46002386B001A8A4
S21402FD9014469DF830508DF80330FEF7A7FCADF8F8
S21402FDA004802EB13368CDF806307368CDF80A3079
S21402FDB038460AF03BFB0DF103034219214601A81F
S21402FDC004F078FF9DF8033093B931464046E8F7D1
S21402FDD0C1FE0E4B1B785BB10B2C09D8FF214046A7
S21402FDE0FFF7B8FE064605EB4404E4B2A54202D18C
S21402FDF006B0BDE8F0812946384608F02BFC3146AD
S21402FE00FFF7A8FE02350646EDB2EFE7636C002068
S21402FE1000232DE9F3470DF107028DF8073004465B
S21402FE200E4602F0F2FE9DF80730054663B92046FC
S21402FE30FFF762FE04465EB130880AF013FB5FFAF3
S21402FE4080F8FF2C45D10025284602B0BDE8F08791
S21402FE50B046F6E701320C2AF5D02DB207EB85053F
S21402FE60AD78FF2DF6D112F0FF0AECD04FEA4A0524
S21402FE700235EDB2002EE7D0304605EB080108F059
S21402FE80AEFB0028DFD1524641463088FFF788F99C
S21402FE900AF1FF3208F1010108F102093088D2B2F4
S21402FEA0C9B25FFA89F9FFF77BF924B207EB84043B
S21402FEB0A478FF2CC8D023B2494637F823203088CE
S21402FEC008F0D8FB0028BED109F102095FFA89F9C9
S21402FED0EBE725460022014FBFE700BF165B002076
S21402FEE008B5D5F7B5FDD5F785F900F04AFAD6F785
S21402FEF0D5FEBDE80840D4F729BF10B504460188F0
S21402FF000120D5F763FEE3880BB9C823E38010BD52
S21402FF1037B50446D5F768FE658885420ED8A188AF
S21402FF20E288814205D3431B5343491BB3FBF1F3DB
S21402FF309AB280B240EA024003B030BD0022F8E72F
S21402FF4070B50C46088800F04BF994F84430054624
S21402FF5083420FD004F11C06304600F07CF984F888
S21402FF60445000F07CF9618BA0643046BDE87040D6
S21402FF7000F06CB970BD38B5044690F8441083782A
S21402FF80826CCB1A59425941D4F74AFFE37893B1AF
S21402FF90257985B900F063F90346A268218A04F13F
S21402FFA01C009C1A8C4236BF52182946D11ABDE84C
S21402FFB0384000F04BB938BD09B100F0FDB800F08A
S21402FFC005B938B58388044603B3E3780088A17878
S21402FFD004F10C05A3B10023B1FA81F1E3704909DB
S21402FFE0FFF7EAFF4FF6FF72A388218993421CBFF0
S21402FFF003F1FF33A3802846BDE8384000F026B957
S2140300000123E370FFF7D8FFE188F4E738BD10B5A6
S214030010044681780088FFF7CFFF0123E3700023AF
S214030020A38010BD10B581780446B1FA81F100882B
S2140300304909FFF7C1FF0023E370A38010BDFFF754
S214030040F1BF70B50446054600262B4655F8040B4B
S21403005010B11B1B0C2B00DD70BD237C8680002B90
S214030060F3D0637C13B1FFF7D2FFEEE7FFF7DAFFB7
S214030070EBE7FFF7E6BF70B5044605464FF6FF7697
S2140300802B4655F8040B10B11B1B0C2B00DD70BD63
S2140300908388B342F4D04FF4FA724FF6FF731146D7
S2140300A0D4F712FFECE709B100F086B800F08EB87B
S2140300B010B50446C0600830D5F7FAFE21792088CB
S2140300C0B1FA81F14909FFF7EEFFA37943B121792C
S2140300D06088B1FA81F1BDE810404909FFF7E3BF34
S2140300E010BD00F0A9B80346184613F8012B8A4240
S2140300F001D0002AF8D1704710B53B2104460068AA
S214030100FFF7F1FF0022034603F8012B2068236064
S21403011010BD10B540B1421E0A24002012F8013F5C
S214030120303BD9B2092900D910BD04FB0030F5E7EE
S21403013008B500F07EF808B540F2BA420021102058
S214030140D5F7C2FC41F2E823584340F6FF7300F2AA
S214030150FF70B0FBF3F080B208BD50F80C3C23B13F
S21403016050F8041C30F80E0C18477047084619B1AF
S214030170FF21103002F070BC704773B505460E467B
S2140301806DBA1446D5F7CAFDADF804507EB1012CFE
S21403019004D0032C09D00022012101E022460221CB
S2140301A001A8D7F78BFF02B070BD0022F7E7042142
S2140301B032460DEB0100F4E707B540BAADF804008C
S2140301C001A8D7F7AFFF03B05DF804FB07B540BA45
S2140301D0ADF8040001A8D7F7D1FF03B05DF804FB20
S2140301E0002307B540BAADF804000DF1030101A8DA
S2140301F08DF80330D7F7EEFF9DF8030003B05DF8E4
S21403020004FB007800F0DF03552B07D0642807D0E3
S214030210663818BF4FF0FF30C0B2704701207047F2
S2140302200320704718B12D280CBF01200220704709
S214030230704708B502F002F808B500F083F8BDE889
S214030240084004F005BD50E9023018470A46083056
S214030250FF2102F0F8BBFF21083002F005BC08B509
S2140302600AF07DFCBDE8084009F094B913B50024F4
S2140302700DF107008DF8074003F09CFC40B99DF88C
S2140302800700033803288CBF0020012002B010BDEE
S2140302902046FBE72DE9F041044600274FF00C0EFD
S2140302A08F4202DB0020BDE8F0812078904204D123
S2140302B0002594F80780454502DB01370C34EFE749
S2140302C00EFB05F6D4F808C00CEB06003CF80660F7
S2140302D09E42E8D00135EEE7F0B585B005460E46FA
S2140302E01746D5F73BFE0446A0B131462846D5F758
S2140302F0EDFD83783A46002BA36831460293A37834
S214030300284601934FF0000300930CBF802340233D
S214030310E4F7BCFE05B0F0BD08B51288D5F71EFE9F
S21403032050B10279BDF80C309A4207D8816802981A
S214030330EBF7CEFA002008BD8620FCE78920FAE713
S214030340D5F710BF002004F0FFBC08B504F064FD29
S214030350002814BF0320002008BD10B50446FFF78D
S21403036085FF20B12046BDE81040DFF7D5BD10BDA0
S21403037008B5FFF77BFF18B1BDE80840DFF7BEBD41
S21403038008BD704708B502F043FAFFF7A9FDD5F795
S21403039055FF6420DFF7D0FD6420DFF7BDFD02F0D4
S2140303A039FAD4F701FD08F04FFDF8E7642230B5BB
S2140303B042F21075418AB0F87E305143848A681A37
S2140303C0834202FB04F40AD2A3420AD91B1B02FB94
S2140303D003F021446D1AB0FBF5F0C0B230BD1046F1
S2140303E0FCE70020FAE710B589B1632911D8642425
S2140303F0828A438A624304FB0323C3F51C531033E8
S21403040001FB03F0B0FBF4F0104480B210BD0846C5
S214030410FCE742F21070F9E738B5037B0446002B7D
S21403042036D0FFF71CFF217BE289022903D1238AFA
S214030430002B18BF1A466423534342F210721FBFA1
S214030440D4F88450401B5043B0FBF3F20129B4F8B0
S214030450883017D1134442F21072934228BF1346D2
S2140304609BB2A4F87E302046FFF7A0FFA37D83420D
S2140304700ED0A075082260784FF48171BDE838402D
S214030480FFF72ABF934201D39B1AE9E70023E8E765
S21403049038BD10B50446B430FFF7DDFE04F1DC00CA
S2140304A0BDE81040FFF7D7BE037BC189022B03D1FB
S2140304B0038A002B18BF1946642342F20F724B437C
S2140304C0DC30934298BF6421FFF7C0BE10B50446E4
S2140304D0FFF7A2FF237B23B12046BDE81040FFF7BA
S2140304E0E3BF10BD10B504464FF6FE71D6F748F8C5
S2140304F0B4F880302046A4F87E30FFF757FFA37D7C
S214030500834208D0A075082260784FF48171BDE855
S2140305101040FFF7E1BE10BDF8B50E46044615467B
S21403052000F18C073846FFF796FE29463846A4F8AE
S2140305307C60BDE8F840FFF789BEF8B504460D4673
S214030540FFF78DFE4FF6FE71A36F8D42227BA0EB65
S214030550030717D162B94FF6FF75B4F87C30AB4288
S21403056005D004F18C00FFF776FEA4F87C50F8BDA6
S214030570C72F1BD8C8331A1A29462046BDE8F840A9
S214030580FFF7CABFB4F87E60AE422CBF0226012630
S214030590B24211D14FF6FF76B4F87C30B34205D0A1
S2140305A004F18C00FFF757FEA4F87C60294620462A
S2140305B0BDE8F840D5F7E4BFC72FDBD9002AF5D04E
S2140305C02046D5F7DDFFC822D6E74FF6FF739942DC
S2140305D001D0FFF7B2BF70474FF6FF72B0F87C103A
S2140305E0A0F87C20FFF7F1BF42F21071FFF7A5BF1A
S2140305F00021FFF7A2BF4FF6FE71FFF79EBF4FF62F
S2140306000173994210B5044603D14FF6FE71FFF706
S21403061094FF638A2046322B84BF32236382A38AE5
S214030620322B84BF3223A382BDE81040D6F74EB8E0
S214030630032910B504462BD0007B30B9012903D01B
S21403064002290CBF0120FF2010BD032A07D8DFE8CC
S21403065002F00208101401291CD002291FD0FF2023
S214030660F2E70029FBD1B4F85C20012A12D0022A53
S214030670F4E704290ED00529F0E7042914D0052948
S21403068014D00029EBD1B4F85C20111F0129ECD853
S2140306900220D9E75A1E534253415800D4E7022B8F
S2140306A00CBF02200120CFE70020CDE70120CBE7D7
S2140306B030B587B005460C46D5F742FD012820D154
S2140306C01CB1611E4B424B4158006B784FF480724D
S2140306D08DF804304FF48273ADF806304FF481730F
S2140306E0ADF8083001238DF80B30002385F8900011
S2140306F001A8CDE903238DF80A408DF81430D5F709
S21403070057FD07B030BD41680346C978027B99B9E7
S2140307108168C97899B9002A08BF0321D6F714B9A6
S2140307209B7B002B0CBF01210221F7E79B7B002B51
S2140307300CBF02210121F1E7012AF1D17047012AFA
S214030740F4D17047042910B5044604D831B1BDE886
S2140307501040D6F77DB905290DD010BD037B552271
S214030760002B08BF0321A0F85C1040781221FFF786
S214030770B3FD2046EBE743681A8A83681A82E6E7E6
S214030780012303730378013343734FF44073C38128
S214030790032303740023A0F85C3080F8903070477E
S2140307A038B504460D4601B945890123E373FFF7BF
S2140307B056FDFA2202FB050020612089BDE8384079
S2140307C05043FFF7CABD10B50446806BD8B1E27834
S2140307D0022A04D0636B5B7972B984F83C3094F8D0
S2140307E03C306BB1FFF713FC60784FF60272BDE83E
S2140307F010400621FFF770BDB3FA83F35B09ECE7FD
S214030800FFF710FCF0E710BD10B50446406BD4F7B5
S214030810C3FB2046BDE81040FFF7D5BF10B504461E
S214030820406BD4F7DDFB2046BDE81040FFF7CBBF97
S21403083010B50446406BD4F7F9FB2046BDE81040DC
S214030840FFF7C1BF10B50446002206214078FFF724
S21403085043FDA378022B01D0FF2B04D12046BDE82D
S2140308601040D6F757BC10BD4FF60273994210B529
S214030870044601D1FFF7A7FFE378022B02D02046F8
S214030880FFF7A1FF2046BDE81040D6F743BC10B5DE
S214030890D0F8A4407CB103791BB14079D6F7FAFCB3
S2140308A048B9A3883BB932222046BDE8104001234D
S2140308B01146D4F709BB10BD10B50446FFF7E7FF92
S2140308C0A278237982B913B12046D6F709FD2046CC
S2140308D0D6F746FD03236078A4F86C305522BDE8AE
S2140308E010401221FFF7F8BC012B02D12046D6F7A1
S2140308F0F7FCA379012B02D12046D6F731FD01235D
S214030900E9E710B583780446ABB9FFF7C0FFA378D1
S2140309108BB9237913B12046D6F702FD2046D6F7C6
S21403092063FD04236078A4F86C305522BDE81040BC
S2140309301221FFF7D1BCB4F86C30022B0DD023790B
S214030940032B02D12046D6F7CBFCA379032B02D187
S2140309502046D6F705FD0023E4E72046D6F786FDB6
S214030960F9E7827883685AB9DB78002B14BF032330
S2140309700423A0F86C30552212214078FFF7ACBC54
S2140309801A7922B9DB78003B18BF0123F1E702236B
S214030990EFE77FB500239E6A0446B6F5804F0D4603
S2140309A00CD201A8D6F70EFF039B5B0506D5294696
S2140309B02046336C04B0BDE87040184704B070BDE1
S2140309C000239B6AB3F5804F05D21B6BB3F5804FAC
S2140309D001D29B6818474FF4817070471FB50023F8
S2140309E09A6AB2F5804F04D340F2011005B05DF861
S2140309F004FB126BB2F5804FF6D2012201A8CDE9B3
S214030A0002338DF80420D6F7DDFE039BDB03EBD51C
S214030A10029B1A0EE8D0012A03D1C3F307430A2B1D
S214030A20E2D900239B6A1B6B1B6C9847DEE708B56D
S214030A300AF052FAB0FA80F0400908BD134610B522
S214030A4042B103439B0707D10AF04AFAB0FA80F093
S214030A50400910BD0120FCE70020FAE700230360ED
S214030A60704703680B600160704710B538B132B148
S214030A7029B100230139D45C14B90023037010BDD7
S214030A808B42FAD200F8014B0133F4E7034638B140
S214030A900020814204D01A5C02B970470130F8E79F
S214030AA070474FF0FF31FFF7F1BF70B50C4616469F
S214030AB0054660B15AB151B1FFF7F3FF844206D938
S214030AC0211A32462844BDE87040FFF7CEBF70BDFA
S214030AD0FEE7FEE700239A4200D1704710B550F8B0
S214030AE0234041F8234001339A42F8D110BDD7F78B
S214030AF0C9BA4369426CD91C143AB1FBF2F103EB51
S214030B00C1000330B0FBF2F00230704738B505463B
S214030B100C46FFF7EEFF6A6CE31D143AB3FBF2F3E1
S214030B20013304EBC30402FB004038BD38B5054669
S214030B3044692146FFF7EAFF6A6CE31D143AB3FBE8
S214030B40F2F3013304EBC304204438BDF7B507467C
S214030B500E4600257C6CA819644280EA06031C40F6
S214030B6003D02C46204603B0F0BDFB6B01225B6925
S214030B7001A99847019B0133F4D10435EAE770B520
S214030B8005460C46D9F754F8EB6B2046BDE8704093
S214030B90DB68184770B50025044686B00562E3692E
S214030BA0AB4202D8206A06B070BD666C2068E36B61
S214030BB005225B6901A906FB0500984701A800F01A
S214030BC023FC00F046FC10B1236A0133236201358F
S214030BD0E5E738B50446456C006804F1400305FBB9
S214030BE00101E06B00F042FC05462046FFF7D2FF0A
S214030BF0284638BDF0B50546002687B0EC69013CAB
S214030C00B44203D80C46204607B0F0BD01B14C1ED3
S214030C106F6C2868EB6B05225B6901A907FB040070
S214030C20984701A800F0F0FB00F013FC0028EAD177
S214030C3021460136E2E7F0B504460D46466CE36B03
S214030C40006887B005225B6901A906FB0500984783
S214030C5001A800F0D9FB00F0FCFB20B101A800F0CE
S214030C60AAFB07B0F0BD29462046FFF7C3FF06469A
S214030C70676C2068E36B05225B6901A907FB060026
S214030C80984701A800F097FB431CEAD0B54238BF4B
S214030C900130E6E72DE9F0434FF6FF79D0F82480DC
S214030CA004460E46C84514BF45460025002787B0B0
S214030CB0E369BB4202D807B0BDE8F083E26B236862
S214030CC0606CD2F814C000FB0530052201A9E0478A
S214030CD001A800F099FB022806D0C8450CD1721C67
S214030CE029462046FFF775FFE3690135B5FBF3F2A6
S214030CF0013703FB1255DBE729462046FFF79BFF28
S214030D00B0F1FF3F14BF024632460132E8E70368FC
S214030D10F0B5CC1A436C0646B4FBF3F4002587B053
S214030D20F36937685A1E9542706C08D3706C336843
S214030D3000FB043007B0BDE8F04000F095BB01347B
S214030D40B4FBF3F203FB1244F36B05225B6901A9C0
S214030D5000FB0470984701A800F056FB00F079FBEF
S214030D600028E3D10135DBE710B423F00304224463
S214030D709B070A44436C18BF04325B4281EA0204B1
S214030D80234203D05DF8044BFFF7C1BF10465DF85E
S214030D90044B70472DE9F041D0E90A369E420446DB
S214030DA086B028D11422C369456802FB135528462A
S214030DB006B0BDE8F0812068676C331AB3FBF7F31F
S214030DC0E26B07FB0300D2F8148001A90522C04793
S214030DD001A800F019FB012804D0636C1D44013BF5
S214030DE03340ED1A31462046FFF791FF0646A36AC5
S214030DF0B342E0D1DBE70025F9E708B50830134630
S214030E00D1E90012D8F79AFE012008BD13B50C46A7
S214030E10002121760093616813462246D7F788FAA5
S214030E2018B1E37D03B1A07EA075A07D02B010BD0E
S214030E3073B5164600F108050C46284609680DF1F9
S214030E40070200F098F9032E06D16368834203D1A4
S214030E502846216800F076F9012002B070BDD01E46
S214030E60009B42424241187E824211D11A688A424E
S214030E700ED85A688A420BD35A6901325A61D3E9AB
S214030E80030282423FBF986840F8221001321A617B
S214030E900120704710B5032A029C07D1A26A53406B
S214030EA0626C5242134201D100F04CF9012010BD8E
S214030EB008B5C36800209847BDE80840D8F7C0BE09
S214030EC0012814BF0420022070B5002442431C707E
S214030ED0CC7D101D02F002024CB91AB1012220F09B
S214030EE003001A7000F108034868184470BD1AB16D
S214030EF0012220F003001A7000230C7E01F1200566
S214030F00DAB2A24201D30020F0E735F833205E1CA4
S214030F10824206D901EBC30300F10802D8691044E4
S214030F20E4E73346801AEBE773B5054690F842606C
S214030F301C4630460DF10303FFF7C2FFEB6B012E91
S214030F405B690DD1324601A998479DF8033013B16A
S214030F50BDF806300193BDF80430236002B070BDBF
S214030F600122214602B0BDE870401847F0B5054699
S214030F7000244868EB6B87B00E4601225B69029437
S214030F8002A908309847274695F84230012B40F0CF
S214030F90AC80632C00F2AB80612C08D805AB2246EC
S214030FA031462846FFF7C0FF9DF814305BB305AB08
S214030FB02246314628468DF81070FFF7B5FF95F8A0
S214030FC04230012B059B7FD14FF6FF72934256D0DA
S214030FD0082205A904A800F063FA059B9DF81010E3
S214030FE0C3F3072291424AD1DBB2029A1A44029211
S214030FF045E0DCD005AB224631462846FFF794FF92
S214031000BDF81430D2E795F84230012B39D1612C64
S2140310102ED822463146284603ABFFF785FF3146D6
S214031020284604AB621CFFF77FFF3146284605AB14
S214031030A21CFFF779FF102208230DEB02010DF126
S21403104007008DF8073000F02BFA102205A90DF1E2
S214031050070000F025FA039BDAB24AB99DF8072089
S214031060B2EB132F04D1DDE9043203EB0243029300
S21403107095F84230012B14BF012302231C4401348C
S21403108082E7302CF4D822463146284603ABFFF7D6
S2140310904BFF3146284604AB621CFFF745FF10237F
S2140310A020220DEB03010DF107008DF8073000F049
S2140310B0F7F9039B9AB2002ADAD19DF80720B2EB20
S2140310C0134FD5D1049BD2E70133D8D0102205A9FC
S2140310D00DEB020000F0E4F9059B9DF81010C3F336
S2140310E007429142CBD19BB27FE7312C81D902983C
S2140310F007B0F0BD13B500240194049C0094D7F701
S214031100F3FD02B010BD13B501240194049C0094B2
S214031110D7F7EAFD02B010BD00234FF0FF3230B51B
S21403112044689C4202D10023037230BD016801EB80
S214031130C30541F833206A600133F2E7C0E90012C1
S214031140FFF7EABF0023F0B545689D4210D0046858
S214031150DF0054F8332004EBC306B2F1FF3F08D098
S214031160C2F31302914204D14FF0FF33E35173608D
S214031170F0BD0133E9E70023F0B545689D4202D18F
S2140311804FF0FF300EE00468DE0054F83340671C6F
S21403119009D0C4F31307B94205D1240D14700368AC
S2140311A033445868F0BD0133E8E7704770B59400E0
S2140311B0224605460E4609F093FE431C0AD058B94C
S2140311C0224631462846EAF77DFE002814BF3D2016
S2140311D0002070BD6E20FCE77120FAE713B50446C5
S2140311E001A8D9F7ABFD9DF8063023804FF4807332
S2140311F06380D9F7B1FD6060002002B010BDD9F757
S21403120021BD08B5D9F712FD002008BD10B5044668
S21403121044EA010313F00303084609D1934201D1BC
S214031220002010BD54F8231040F823100133F5E7CF
S21403123021469200EAF78AFCF2E710B5044609F065
S2140312404BFE431C10D088B9D9F786FD234620F001
S21403125003002044984201D1002010BD53F8042B0C
S2140312600132F7D03E20F8E76E20F6E77120F4E768
S214031270704713B50023044601461B220DF10700F1
S2140312808DF8073000F00CF922689DF80730B3EBB1
S214031290D26F0CBF0120002002B010BD13B500238F
S2140312A00446014620220DF107008DF8073000F0B2
S2140312B0F7F80DF107001A22211D00F0F1F8626815
S2140312C09DF80730B3EB926F0CBF0120002002B0ED
S2140312D010BD0068431C584258417047006810F020
S2140312E07E0F0CBFC0F3C160002070470068C0F3D8
S2140312F0D3107047006800F07F0001288CBF0020E1
S21403130001207047036813F07E0F14BF04200820E3
S2140313107047036813F07E0F03D1406820F07C40CB
S214031320704713F078001CBF03F07F03D81F704785
S214031330006800F07F007047032809D0022803D115
S214031340C1F10201C8B2704700290CBF0720002074
S214031350704737B5054601F10C0443696946012217
S21403136020469847BDF80030012201932046AB691A
S21403137001A9984703B030BD37B501F10C044369A2
S214031380012269460546204698474FF6FF72009BA2
S21403139099B291420DD16FF30F0343F4254343F003
S2140313A0A503019301222046AB6901A9984703B020
S2140313B030BD0020FBE737B5044600251B22011D80
S2140313C00DF107008DF8075000F06AF860689DF885
S2140313D00720B2EBD06F03D120F0784003B030BDC6
S2140313E00DF107001B2204F108018DF8075000F0E9
S2140313F057F8A0689DF80730B3EBD06F01D1C04310
S214031400EAE74FF0FF30E9E74BF29A22036810B59C
S214031410B2EB134F044613D19BB2012B13D1FFF744
S214031420CAFF01300CD04FF6FF72E068B2EB104FE4
S2140314304FEA104309D180B2C01A18BF012010BD6D
S2140314402368013303D00420F9E70220F7E70320DB
S214031450F5E701288CBF00200120704703380128D8
S2140314608CBF002001207047143070472DE9F041EF
S21403147005469846036908460E46174698470446A7
S21403148038B943463A4631462846D8F749FC044617
S21403149018B131462846FFF75CFF2046BDE8F081C9
S2140314A01F2A0B689EBF4FF0FF3191408B435908AC
S2140314B001F055315B1A03F033319B0803F03333E5
S2140314C00B44017803EB13130A444FF0013103F086
S2140314D00F334B43A2EB13620270704708B507F055
S2140314E05BFBBDE808400021D8F724BD022103209A
S2140314F0D8F71EBF704770477047704770B50546EC
S21403150014460E4609F0D1F92B685C4034405C4023
S2140315102C60BDE8704009F0C3B910B5002422B1B1
S214031520032A0CD00360047110BD11F4000218BF27
S2140315304FF07F4221F07F4313430C0EF2E721F076
S214031540FF03CCB2EEE730B5012400F580534568BF
S2140315505C60CB784A785B0443EA02230A78134339
S2140315608A78120402F480321343C0F89830EB07EB
S2140315705CBF00F50050446030BD70B501260C46D4
S214031580054600F500535E600B78497803F00703C1
S21403159043EAC103E17843EA0123A178090101F094
S2140315A030010B430367C36AA17923F48B3323F417
S2140315B0807343EA01432179090201F4E0610B4396
S2140315C06179090301F480510B43C3621146FFF7A7
S2140315D0BAFF05F580535E60E37903B1EE6070BD34
S2140315E008B50A6FC96F02F00702FFF796FF08BD3A
S2140315F013B5044601A8D9F7A1FB042C04D8DFE8E9
S21403160004F0061603101300002002B010BD40F2CB
S2140316109C4040F2BA439DF80520012A08BF1846AD
S214031620F3E740F6B830F0E74FF41660EDE740F224
S214031630E240EAE74FF050234FF400321A67704750
S2140316404FF0B0435A6812B19A6A002AFAD170472B
S21403165070B5054614460E4609F027F92B685C401C
S21403166034405C402C60BDE8704009F019B9012293
S214031670417803788A4030214B4342F2100103F14C
S214031680A04303F570335A50704721FA00F2D2078D
S21403169030B5034600F0FC040FD500220132D2B267
S2140316A0042A02D14FF0FF3008E0831803F0030347
S2140316B0234421FA03F5ED07F0D4184630BD002085
S2140316C070470020704700207047002070470120B5
S2140316D07047012070470F207047EBF70DB90023C2
S2140316E007B5CDE90033012369464FF0FF308DF887
S2140316F0023004F058FB03B05DF804FB002070478B
S21403170010B508B9212010BD0029FBD0036813F0DB
S214031710704205D1C3F30E030B607BB10020F2E7E2
S21403172003F05044B4F1004F05D0B2F1304F02D06D
S214031730B2F1404FE6D103F07F03EDE74368002B99
S214031740E0D00B60EAE737B50C46054610B9212012
S21403175003B030BD0029FAD0002301A90193FFF797
S214031760CFFF0028F4D12968019A11F0704102F1E5
S214031770030222F0030201D12260E9E7AD68B1F16A
S214031780004FC5F38033C5F3403504D103EB45035F
S21403179053432360DCE7B1F1204F01D12B44F7E735
S2140317A0B1F1304FFAD0B1F1404FF7D0CFE737B5AC
S2140317B00C460546002800F08780002900F0848048
S2140317C000230B60036803F070430B60C26822B10A
S2140317D0032A79D143F080630B60AB689A0149D43E
S2140317E003F08073EA680AB9002B6DD1226822F0F1
S2140317F0407213432360EA68032A05D12A69F62A4E
S21403180062D962F317432360AB681B0442BF2368A5
S21403181043F400432360EB68032B1FBF23682A6847
S21403182062F30E0323602B68AA68002B2ADB12F4EC
S214031830C84F49D12B6803F0704303F10043B3F15B
S214031840804F05D2530542BF236843F48063236069
S2140318500023284601A90193FFF752FF40B92B68DE
S21403186013F070421FD12368019A62F30E032360BC
S21403187003B030BD03F04073B3F1407F18BF4FF0A1
S2140318800073AFE7500402F4005105D4E1B12368B6
S21403189043F400532360CDE7236843F48043236077
S2140318A00029C7D0F3E703F05043B3F1004F05D048
S2140318B0B2F1304F02D0B2F1404F05D1019B5A1E10
S2140318C0236862F30603D2E72120D1E738B131B1AA
S2140318D001234B604FF0005300208B60704721209C
S2140318E0704737B50C46054608B9212016E000298F
S2140318F0FBD001234B60C368A3B901A90193FFF78B
S21403190022FF58B9019B6A699A4209D32A69002AB9
S214031910EBD0226043F000530020A36003B030BD39
S2140319201D20FBE7032BE0D10023F5E7436813B93B
S214031930416070475B685A68012AFBD1596070475B
S214031940FFF7DCBE08B5FFF7D9FE002814BF6FF01B
S2140319509200002008BD1346428870B50732072A56
S2140319600C464FEAD20101D0A14222D1466805882F
S214031970202218460021E9F759FF360A0346DEB946
S214031980BCB141F20102954205D0B5F5885F02D09D
S214031990B5F5905F02D100205C6070BDB5F5105FB1
S2140319A00DD1182C03D0202C01D0102C01D11C6093
S2140319B0F1E76FF08600F0E76FF08B00EDE76FF06E
S2140319C08500EAE7F0B51C46436806461B0A0F4641
S2140319D0154689B035D122462946FFF7BCFF68B9BC
S2140319E0EB1C23F00303C4E90307636145B9202214
S2140319F000212046E9F71AFF6FF0860009B0F0BD14
S214031A00014620226846E9F711FF6A462946304612
S214031A10FFF7A1FF0028EAD12368009A9A42E6D18D
S214031A206368019A9A42E2D1A368029A9A42DED187
S214031A30A369069A9A42DAD1E369079A9A42DDD0F5
S214031A40D5E76FF08B00D9E7D9F7C0BCD9F7DABD75
S214031A5070470020704700207047C36819448368A6
S214031A6053F8210030F8023B13607047012310B58A
S214031A7080F888300378044653B100F061FA2146B3
S214031A802046D9F7B1FE2046BDE8104000F04DBA17
S214031A9010BD38B50D460446D9F78EFE6B68204652
S214031AA0C4F8B032A96800F096F94FF0FF33204629
S214031AB0C4F8B432FFF7CDFF38BDD0F8B43210B552
S214031AC00133044601D0002010BD00F0BCFAC4F870
S214031AD0B4020130F7D194F8B80280F00100F3E7BE
S214031AE008B5D9F7A5FE08BD0A7801382D2A0ABF1E
S214031AF0012200228918D9F7F7BE07281BD8DFE88A
S214031B0000F0060A0D101315041701207047002273
S214031B100820D9F7E9BE00221020FAE70022202089
S214031B20F7E70820FFF7E0BF1020FBE72020F9E7E0
S214031B300846D9F73BBF002070472DE9F74307282F
S214031B400C46DDE90A7690461D4608D80138062875
S214031B500AD8DFE800F01D27303A44574A00212808
S214031B6050D003B0BDE8F083002220461146E9F7C3
S214031B7029FE3368C0B205EB83013A6845F82300B3
S214031B80013348F8221033603B6801333B60E8E7D3
S214031B90002220461146E9F715FE336880B205EBAE
S214031BA08301EAE7002220461146E9F70BFE336875
S214031BB005EB8301E1E7002220461146E9F7B0FF73
S214031BC0336840B205EB8301D7E70022204611466F
S214031BD0E9F7A6FF336800B205EB8301CDE70022E1
S214031BE020461146E9F79CFFE1E7002389461E4697
S214031BF01D468DF8063019F8013F7D2B06D125705A
S214031C002D0A65703B6848F82340BDE7202BF2D0C9
S214031C1006F00102013612B98DF80430EBE7102204
S214031C20002101A88DF80530E9F77AFF631901351D
S214031C309870ADB2DFE72DE9F04F9B46002385B0E1
S214031C408B45814688469246CDE902336BDC1A46BD
S214031C501E4619F80340212C09D81F2C04D8103C23
S214031C60072C98BF012200E001260133F1E7FF2C81
S214031C70FBD15B4436B1013B43450ADD2B2005B05F
S214031C80BDE8F08F62B1013B4345F7DC3546374686
S214031C9002E000252F462E46454504DB0020EEE7EE
S214031CA09845F3D0EAE75D453BDB19F80730202B70
S214031CB018D109EB07035B78FF2BDFD1CEB920469B
S214031CC05AF82510FFF719FF78B303AB019302AB5D
S214031CD000932046DDE90E235AF82510FFF72DFF63
S214031CE00135D9E7212B0ED109EB07035B78FF2BD0
S214031CF0C4D1029B5AF825200E99012641F82320C9
S214031D0001330293ECE7A3F11004072C02D91C4617
S214031D100137D3E709EB07035B78FF2BAED1E4B2B9
S214031D20CCE70624CAE72120A9E72620A7E72DE962
S214031D30F04F07460E4615469846044685B0DDF82E
S214031D404490DDE90FAB206808B3DAF80020D8F832
S214031D5000108A421BDA0E9B53F82210D6F7C6F8F9
S214031D6048BBDAF800200132CAF800206268117B0B
S214031D70FE291BD10E9B1068012100932A46434679
S214031D80CDE902B9CDF804A0FFF7D1FF04462B78BE
S214031D9043B999F800302BB97EB101233C4689F844
S214031DA000302B70204605B0BDE8F08F01238BF87A
S214031DB000302B70EBE70C34C5E73446F2E710B57A
S214031DC00446236803B910BD237A13B92046D9F70E
S214031DD023FE0C34F5E710B541B10A7932B9012474
S214031DE09C300C71FEF73DFE204610BD0020FCE73C
S214031DF02DE9F041BAB005460AAA084603A900F041
S214031E005FF90446B0B90DF10A0301930DF10B0314
S214031E108DF80A0000930AAA284604AB03A9D9F74B
S214031E20ABFF9DF80A20B2B19DF80B2048B12AB14A
S214031E30D9F7F2FD20463AB0BDE8F081FFF7BFFFC1
S214031E40F8E7D5F89C50002DF4D0A86808B1FFF742
S214031E50B6FF2D68F7E700B346681AAB06F10C0821
S214031E602AAF01934046049B039900970AAAFFF7FB
S214031E70E2FE04460028DDD1039B05A8CDE906371C
S214031E80049B0595CDE90838DBF73EFA05A83368C9
S214031E90984705A800F03FFDCCE72D24CAE710B508
S214031EA00446AC30E9F7BEFB04F1AB031A18002076
S214031EB0934200D110BD13F8011F0029FAD00A2956
S214031EC008BF0130F4E70023F0B50B601360064645
S214031ED0D0F8AC0278B196F8AC0060B1012406F1F4
S214031EE0AC07D6F8AC02844210D306F1AC00B3F5C7
S214031EF0007F10D30120F0BD0D6801350D60156815
S214031F0001351560F85C01330A2802D0B3F5007F6B
S214031F10F2D30134E5E7C15C0A29EBD00029E9D006
S214031F201168013301311160E1E710B50021D0F8E3
S214031F308C200446E9F77AFC0023C4E9243310BD59
S214031F4073B5044600F1AC0580212046FEF79EFDDE
S214031F504FF4007106462846FEF798FD0136C0F595
S214031F600070864220461FD8E9F75CFB06462846E3
S214031F70E9F758FB01362946421CA819E9F7A8FCDD
S214031F802046E9F74FFB214602462846E9F7DEFDE1
S214031F902046E9F747FB0A23204480F8AC300023A9
S214031FA0C4F8AC3202B070BDFFF779FF01AAC4F8DB
S214031FB0AC0269462046FFF786FF0022009B2344B7
S214031FC083F8AC20C0E773B50D460446FFF767FFFA
S214031FD06B1C19D1D4F8AC3213B1013BC4F8AC3244
S214031FE000252046E9F71EFBA84215D82046FFF732
S214031FF09CFFD4F8AC322BB16946204601AAFFF702
S21403200062FFA0B902B070BD012DFBD1D4F8AC328B
S2140320108342F7D20133E1E7082000F023F82020BB
S21403202000F020F8082000F01DF80135D9E7009DE0
S21403203004F1AC06019BAB42E4D9715D2046D9F7A7
S214032040C9FF0135F6E707B500200DF1070100F0DB
S214032050E7F820B99DF8070003B05DF804FB4FF0DE
S214032060FF30F9E710B5C1B20446002000F0C8F807
S21403207000280CBF20464FF0FF3010BD0FB407B545
S21403208004AA52F8041B00200192DAF73FF9002055
S21403209003B05DF804EB04B0704710B54C1C0B4658
S2140320A00119045D222C03D07B2C01D05C2C05D1B6
S2140320B0D21A1844E9F70CFC012010BD0020FCE7F7
S2140320C02DE9F047054691468846E9F7ABFA2A46D6
S2140320D006461346197801322029FAD0C9F800308B
S2140320E05C1B01236FF0404AC8F80030A64201D8B3
S2140320F0002014E02F5D29197B2F12D0222F2ED11A
S214032100D8F80030621C53442A4449F82320012C93
S21403211009D911F8013C13F0DF0F04D02120BDE8E4
S214032120F0877D27F3E701342B5DBB4209D12B19DA
S2140321305B7813F0DF03F1D1222F00D12B55013446
S214032140D4E75C2B07D1324621462846FFF7A5FF86
S2140321500028E3D0013E0134A642E5D8DEE75C2F33
S21403216008D1324621462846FFF797FF0028D5D0E8
S214032170013EE4E7202FE2D10022631CB3420A703B
S214032180DDD2EA18EB5C202BD9D0D8F800300F2B21
S21403219005DC49F823200133C8F80030CFE71E20BA
S2140321A0BDE700F000B800207047D5F78DBE70B5C8
S2140321B00C46154610B9DAF79DF838B143682BB1CB
S2140321C02A462146BDE8704000681847232070BDA4
S2140321D0F7B50D4616461C4638B9DAF78BF804B938
S2140321E001AC20B9232003B0F0BD03B901ACC76826
S2140321F0002FF7D02346324629460068B847F2E751
S21403220007B501228DF807100DF10701FFF7CFFF81
S21403221003B05DF804FB0B4601461846FFF7F0BF14
S21403222000230122FFF7D4BF08B508F039FCFA23D0
S214032230B0FBF3F080B208BD0420704740F20160A3
S214032240DAF74EB97047012070470020704749BA45
S21403225089B280EA0103C3F303125340180380B222
S21403226058405B0103F4FF535840704708B5DAF74C
S21403227003FD58B1A0F15903042B06D8042B04D848
S214032280DFE803F00404040304005C2008BDDAF767
S2140322904BBE7047F8B50C468D18073552421540AD
S2140322A0A5F108070646384600F0DFF9A188381B73
S2140322B0628801EBE00189B2A2EBE00225F8041C78
S2140322C025F8062CA288C310AAB1A4EBC202B2F862
S2140322D002C0D18003EB0C015180E28892B1D31A7D
S2140322E09BB204EBC20425F8023CA380B368034404
S2140322F0B3603846F8BD15F8082C42F0020205F81C
S214032300082CEAE725F8022CF0E72DE9F04F4FF00A
S214032310000887B09946531C109B0546174614BF02
S21403232014460824CDF81480002B00F0C580C3F8AB
S2140323300080002900F0C28042688A4240F2BE80D4
S214032340073121F0070608F0BDFA05AACDE9008299
S21403235082463A464B463146284600F08AF9059FA0
S214032360834607B130B9504608F0A7FA192007B0DC
S214032370BDE8F08FB7F8028029694FEAC802C0EBC0
S214032380C8080139B8F1270F29617AD9B9F1000FC6
S21403239051D1864206F1080848D0224639462846D7
S2140323A0FFF778FF04460590059B9844404600F0E7
S2140323B05CF9059906F10F004A88C308A2EBD00220
S2140323C0A8F80220CA88A8F80430002A30D0D31A06
S2140323D09BB201EBC202A8F8063093808B88F608FE
S2140323E0A380B8F804303A46E380414600232846E3
S2140323F0668000F0A6F9AB680833AB60237843F039
S214032400010323702B6901332B616288AB68504646
S21403241003EBC203EA68AB60934288BFEB6008F045
S2140324204CFA109B083400201C60A0E73C46BBE730
S214032430A8F80620D2E707EB08042046039200F02C
S21403244014F90BF10703DB080599638008F107030A
S214032450DB08A380CB8893B1DB00039AD81D821ACE
S2140324605A44C2F3CF020B44E2809A80A38808F151
S214032470FF384FEAD808A1F80280CB80BBE7E38099
S214032480F4E7B9F1010F1BD107F10803B3FBF4F22C
S21403249004FB1233B3B1224639462846FFF7FAFE49
S2140324A0044623783A4643F001032370214601236A
S2140324B0284600F046F9A8E7222058E7212056E7E9
S2140324C08642E8D13C46ECE707B500224FF0FF31E1
S2140324D001AB0192DAF788F9019803B05DF804FBC3
S2140324E02DE9F74F04460D46002900F0AB80D0E9EE
S2140324F0056808F0E7F915F8087C35F8061CFB07AD
S214032500009000D531B9009808F0D7F9012003B040
S214032510BDE8F08FA368D4F8109035F804ECA3EB6D
S214032520C10B09F10103A5F1080C4A1CC4F808B055
S2140325302361BEF1000F7BD0ACEBCE03D888B3F893
S21403254002A00190187807F00207C00765D4002F91
S21403255064D10198A0EB0A07012F69D18A1CABF15D
S21403256008075244C4F81090A76035F802ECBEF191
S214032570000F61D0D4E900700CEBCE0A07EB00091C
S214032580CA4559D21CF83EC057461CF0010C15D15B
S214032590AEEB0101012911D1BAF80210AAF802C064
S2140325A001310A44BAF80610002943D00AEBC107E2
S2140325B0216901392161A1680839A16015F8081C51
S2140325C0013A21F0010105F8081C002125F8061C34
S2140325D05A801A7861F300021A707FB3C3F10702B8
S2140325E03A44C2F3CF02DA80BA804EB3B34227D35B
S2140325F07288002A08BF1E46B8F1000F06D043456E
S21403260004D8B8F80220002A18BF43460098C4E945
S214032610056308F052F9002079E74FB115F8087CF6
S214032620724427F0020705F8087C00279F809CE782
S21403263063469AE70F46BBE70027BFE7DF80D4E78A
S2140326401E46D9E7222062E710B50446DAF7E4F817
S2140326502146BDE81040FFF743BFFFF7F5BF084626
S214032660FFF732BF0846FFF7F8BF00230360436057
S2140326707047F0B5D0E90554561C08BF0822002B56
S2140326804FF0000008BF2C46DDF818C0CCF8000059
S214032690002C37D09DF814706588FF0007EBC5053E
S2140326A0C2F1000E2078C00708D51BBBE088A0B196
S2140326B004EBC004658807EBC505F3E78D42F4D346
S2140326C063B904F10806B6FBF2F002FB1066701855
S2140326D00EB1A842EAD8CCF80040F0BD082A0FD0C5
S2140326E06088013004EBC000461A06EA0E06801B1B
S2140326F08542F0D2A0880028EFD0A4EBC004D9E727
S2140327000846E8E72046E8E703460069C0B10AB989
S21403271051B91A6810460378DB0711D531B9C38857
S2140327205BB100EBC300F6E79A69F3E7012904D12E
S214032730838823B1A0EBC300EDE70020704718465B
S21403274070472DE9F041D0E90554074688461646FA
S214032750ABB1954200D00ABB424600213846FFF78C
S214032760D3FFB442054600D02EB94246012138466F
S214032770FFF7CAFF0446C7E90554BDE8F081954252
S21403278008D08D4228BF0D46B44205D0444538BF15
S2140327904446F0E70D46F7E74446ECE79442EAD1B1
S2140327A0E3E770B500261C46C3E90001C3E90266E9
S2140327B0C3E905001E611A775E62FFF756FF2369B9
S2140327C00139C908013341802361A36830460833C1
S2140327D0A360E3680833E36070BD002307B568466B
S2140327E000938DF80430D7F793FF03B05DF804FB2E
S2140327F010B508F05AF8044606F060FA2046BDE81D
S214032800104008F04DB870474FF4C870DAF764B854
S214032810DAF716B900F01CB87047704708B503F02E
S21403282001F903F009F903F010F903F01FF9BDE805
S214032830084003F02EB9704708B503F0EEF803F02E
S214032840EDF803F0ECF803F0ECF8FFF7F4FF08BD3F
S21403285008B503F01FF903F01EF903F01EF9BDE8EF
S214032860084003F021B97047012070472DE9F34172
S21403287012F001050446884622D110F0030525D13F
S2140328802F465208BA4209D1D8F7D0F90026B742E4
S21403289004EB860008D1D8F7D5F911E054F82730B1
S2140328A001330CD10137EDE7042258F826300DEB3F
S2140328B00201019308F014FB30B1D8F7C3F93D25A4
S2140328C0284602B0BDE8F0810136E0E70125F7E7C8
S2140328D07047B0F1006F0FD300F07843B3F1006F89
S2140328E00CD000F06040B0F1404F09D0B0F1604F1B
S2140328F014BF042003207047002070470120704750
S21403290002207047002070471AB111B180B2DAF77F
S2140329100BBB2120704701F056BEE3F735BCFFF72B
S2140329208DBCD0E9023253F8223000211878E3F741
S2140329307DB8704702F08CB901F0DABDC3688268CF
S214032940013BDBB252F823305B78652B02D10020C3
S214032950E5F7BCBB6E2B01D10120F9E7662B01D14D
S2140329600220F5E7704710B5D0E90232044653F863
S2140329702230187802F046FAE368A268013352F868
S2140329802330BDE81040187802F03ABA10B5044672
S214032990C0B2DBF797FC200ABDE81040DBF792BC19
S2140329A0D0E9023253F822301878DBF793BD02F0F1
S2140329B0E1B9E4F789B808B501F0B8FEBDE8084008
S2140329C0E5F772BAD0E9023253F82230186801F0FC
S2140329D0ABBE0020E5F76EBB0120E5F76BBB02211B
S2140329E0DBF70EBD0321DBF70BBD0521DBF708BDC7
S2140329F008B501460C20DBF7DFFCBDE80840DBF733
S214032A006DBC08B501460020DBF7D6FCBDE80840E0
S214032A10DBF764BC07B5C2688368043253F8223018
S214032A2001211B880DF10602ADF806300023DCF702
S214032A306BFA03B05DF804FB08B508F045F8BDE88B
S214032A400840F1F7EFBC10B51446DCF779FD2146D4
S214032A50BDE8104007F0D6BD08B5DCF771FDBDE84C
S214032A600840002107F0CEBD08B5DCF769FDBDE8D8
S214032A700840F1F70DB908B5DCF762FDBDE808407C
S214032A8008F085B908B5DCF75BFDBDE80840F1F74B
S214032A90EBB87047704708B508F016F8FFF7FAFF6B
S214032AA003F065F8BDE80840DCF796BD70470120E3
S214032AB070470120704708B5DCF72AFE00280CBFD4
S214032AC00420012008BD70472DE9F34104460D4656
S214032AD016461F46DDF8208008F08EF83B46324641
S214032AE029462046CDF8008003F043F83B4632469D
S214032AF029462046CDF80080FFF7E5FF02B0BDE883
S214032B00F04101F060BD2DE9FF4704460D46164629
S214032B101F46BDF830809DF83490DDF838A008F0E5
S214032B206BF83B46324629462046CDE9019ACDF856
S214032B30008000F0FDFF04B0BDE8F04701F043BDA0
S214032B40704708B508F058F803F016F8FFF7F8FFD3
S214032B50BDE8084001F037BD012070472DE9F74373
S214032B6004460D4616461F469DF8289008F044F87E
S214032B703B46324629462046CDF80090FFF7ECFF49
S214032B8080463B46324629462046CDF8009002F062
S214032B90F4FF01F018FD404603B0BDE8F0830120C2
S214032BA070472DE9F74304460D4616461F469DF823
S214032BB0289008F021F83B46324629462046CDF8B1
S214032BC00090FFF7ECFF80463B46324629462046F8
S214032BD0CDF8009002F0D2FF01F0F5FC404603B0BA
S214032BE0BDE8F083F8B504460D4616461F4608F0C2
S214032BF003F83B4632462946204602F0C0FFBDE8AE
S214032C00F84001F0E0BC00207047F8B504460D46D6
S214032C10164607F0F1FF324629462046FFF7F3FF34
S214032C20074632462946204602F0AAFF01F0CBFCAF
S214032C303846F8BD38B504460D4607F0DDFF29468D
S214032C40204602F09EFFBDE8384001F0BCBC10B53C
S214032C50044607F0D1FF204602F094FF2046FDF716
S214032C606FFBBDE8104001F0AEBC704738B50446B4
S214032C700D4607F0C1FF2946204602F095FF294678
S214032C802046FFF7F2FFBDE8384001F09CBC7047D2
S214032C9070B504460D46164607F0AEFF3246294683
S214032CA0204602F083FF324629462046FFF7EFFF11
S214032CB0BDE8704001F087BC704738B504460D4642
S214032CC007F09AFF2946204602F072FF294620465F
S214032CD0FFF7F2FFBDE8384001F075BC704738B522
S214032CE0054607F089FF284600F0EFFE0446014636
S214032CF0284601F0ABFF01F066FC204638BD38B528
S214032D0004460D4602F056FF29462046FFF7E6FF27
S214032D1038BD704738B5054607F06EFF2846E3F71B
S214032D20DFF904460146284601F08EFF01F04BFC0E
S214032D30204638BD38B504460D4602F03CFF29460A
S214032D402046FFF7E6FF38BD704710B5044607F088
S214032D5053FF204602F030FF2046FFF7F5FFBDE89D
S214032D60104001F030BC704738B504460D4607F0F6
S214032D7043FF2946204602F021FF29462046FFF757
S214032D80F2FFBDE8384001F01EBC704770B504463C
S214032D900D46164607F030FF32462946204602F017
S214032DA00EFF324629462046FFF7EFFFBDE8704088
S214032DB001F009BC704738B504460D4607F01CFF02
S214032DC02946204602F0FCFE29462046FFF7F2FF7E
S214032DD0BDE8384001F0F7BB704738B504460D46EA
S214032DE007F00AFF2946204602F0EBFE2946204656
S214032DF0FFF7F2FFBDE8384001F0E5BB704710B5BA
S214032E00044607F0F9FE204602F0DCFE2046FFF7F4
S214032E10F5FFBDE8104001F0D6BB704710B5044679
S214032E2007F0EAFE204602F0CEFE2046FFF7F5FF47
S214032E30BDE8104001F0C7BB7047704770B5044645
S214032E400D46164607F0D8FE32462946204602F0BF
S214032E50BDFE324629462046FFF7EFFFBDE8704029
S214032E6001F0B1BB704710B5044607F0C5FE204617
S214032E7002F0ADFE2046FFF7F5FFBDE8104001F077
S214032E80A2BB704738B504460D4607F0B5FE294683
S214032E90204602F09DFE29462046FFF7F2FFBDE8D6
S214032EA0384001F090BB704770B504460D46164691
S214032EB007F0A2FE32462946204602F08BFE324633
S214032EC029462046FFF7EFFFBDE8704001F07BBBC5
S214032ED070472DE9F34104460D4616461F46DDF8B6
S214032EE0208007F089FE3B46324629462046CDF829
S214032EF0008002F070FE3B46324629462046CDF857
S214032F000080FFF7E5FF02B0BDE8F04101F05BBBD0
S214032F100E2070470E20704738B5044607F06CFE47
S214032F202046FFF7F7FF0546204602F055FE2046EB
S214032F30FFF7EEFF01F047FB284638BD0020704739
S214032F400020704738B5044607F056FE2046FFF7C4
S214032F50F7FF0546204602F040FE2046FFF7EEFF49
S214032F6001F031FB284638BD704708B507F044FE2C
S214032F7002F034FEFFF7F8FFBDE8084001F023BB7C
S214032F80002070477047704708B5DCF793FC0028AD
S214032F900CBF0420012008BD70470B68DA7B1AB902
S214032FA0DB7C0BB9DCF7AABC8120704708B5DCF7DD
S214032FB0BDFCBDE80840DCF7C7BC7047DCF7B6BC11
S214032FC0DCF7C2BC082808D84FF48B73C34013F051
S214032FD0010F0CBF212000207047212070470121DC
S214032FE0DCF7A4BD0221DCF7A1BD0421DCF79EBDFE
S214032FF00821DCF79BBD1021DCF798BD08B500F06F
S21403300026F808B1002008BDDCF7E0FD0028F9D15A
S214033010DCF7EEFD0120F6E7152808B503D1BDE879
S2140330200840DCF7D9BD01F089FE60B9E2F7ACFBD6
S214033030032806D100F009F828B9BDE80840FFF7D1
S214033040DDBF0028EBD008BD704700207047002086
S214033050704708B5DCF7B2FFFA23B0FBF3F008BD00
S2140330600321DCF7DBBF01207047D0E9023253F8B7
S21403307022301878DDF7DAB90868C37B1BB9C37C3E
S2140330800BB9DDF703BA81207047D0E9023253F853
S21403309022301878DDF73CBA704730B5054604464B
S2140330A015F8100B85B0029565691D44CDE900251A
S2140330B00B46A21D618801F023FE05B030BD7047A4
S2140330C010B492F80A4192F8053103EB04230B81FE
S2140330D000235DF8044B1A4601F010BE1FB50446E4
S2140330E0084671B12178FF290BD0238B02936369BD
S2140330F00193237C00936288A31DE3F70DF8FF2357
S214033100237004B010BD0868C37B73B9C37C032B5C
S2140331100BD8DFE803F002080406DDF7F9BCDDF799
S21403312029BDDDF759BDDDF707BD81207047704720
S214033130704700207047137810B5032B0CD15479D1
S214033140CBB29C4208D19379B3EB112F04D15378B9
S2140331501B1A5842584110BD0020FCE77FB50546B0
S2140331600E4600246946E0B201F076FD28B96A46A9
S21403317031462846FFF7DFFF18B90134202CF1D17A
S214033180002004B070BDFFF7E9BF0868C37B9BB996
S214033190C37C052B10D8DFE803F0030D070B0905E6
S2140331A0DDF7BEBDDDF7FABFDDF754BEDDF7A6BF1C
S2140331B0DDF724BFDDF7F6BD81207047002070479A
S2140331C030B5102587B001AA00210195FEF745FC0E
S2140331D004462A46002102A8E8F728FB2A46214689
S2140331E002A8E8F775FB012102A8DEF7B5F907B0D8
S2140331F030BDDEF743B97047FFF7FDBF0B68DA7BD8
S2140332005AB9DB7C012B04D0022B04D02BB9DEF792
S214033210C7BDDEF7D1BDDEF7DBBD812070470023D7
S21403322007B5012101A80193D4F7A6FC08B9D4F782
S214033230DFFA012003B05DF804FB08B502F030FAAC
S214033240052803D0003818BF012008BD0220FCE77C
S2140332507047D0E9023253F822301878003818BF86
S2140332600120E0F735B9E0F739B9002070470020B0
S21403327070477047FF207047FF2070470020704755
S2140332800020704700207047704706207047DFF71E
S214033290DDBB0868E0F7B6B870B50D4604460021F6
S2140332A02846164601F074F9324620800221284645
S2140332B001F06EF9324660800421284601F065F974
S2140332C00023A360E3606060082070BD034641B13D
S2140332D081424FF0640005D94343B3FBF1F0C0B21B
S2140332E0704708467047E0F707B9E0F7FDBEE1F719
S2140332F005B8B0F5807F05D0A0F500735842584155
S214033300400170470820704730B599B00D466946AE
S2140333101446E0F757FF30B915B1BDF802302B60FD
S2140333200CB10D9B236019B030BD2DE9F04788B072
S2140333300E46904604A905AA07461D46FFF7E4FF76
S214033340044638BB28800DF10C09DDE904A39A4531
S21403335020D2062251463846CDF8009006ABE0F759
S2140333604DFFD8B9039B062B18D12A88DDF81A30EF
S21403337042450ED2BDF8181026F832102A8806EBFE
S214033380C20253602A885344013206332A800493C8
S214033390DBE7F7D9204608B0BDE8F0870124F9E754
S2140333A02DE9F0438FB00F46904601A9002204464C
S2140333B09946FFF7A9FF18B101200FB0BDE8F083C7
S2140333C0062220460DF1020302A9FFF7AEFF0028EE
S2140333D0F2D105460246BDF80210019CEEB28E42BB
S2140333E0EAD20EAB03EBC60656F82C3C36F8306C26
S2140333F00634BE4217BFE4180122134600220135E5
S21403340022B1C8F80040C9F80030D6E71A46E5E707
S21403341070B50024012602F01DF9E5B2C26806FA6B
S21403342005F59542234604F10104F4D3D8B270BDE2
S21403343070B586B0E0F714FD00F11006E6F780F8E5
S21403344000240546142201A9301902F00AF91CB912
S2140334509DF80430FF2B16D0002303F118026A44AC
S21403346012F8142CFF2A06D11C44601E90FBF5F0BC
S21403347080B206B070BD2B44DBB2132BEDD91434E7
S214033480B4F5826FDED14FF0FF30F2E7E0F71EBBF4
S21403349007B504220DEB020102F0E3F8019803B02E
S2140334A05DF804FB37B5054608460C46FFF7F0FF04
S2140334B0A84206D0042220460DEB02010195E6F74A
S2140334C091F803B030BD07B50B46009200210246C3
S2140334D00120E0F78DFB03B05DF804FB08B501217E
S2140334E0E0F7BEFABDE80840E6F728BAE0F7FCBD09
S2140334F008B5FFF7F3FF002008BD08B513460A46D4
S21403350001461846E0F708FC80F00100C0B208BD8B
S21403351000207047704708B1E0F706BF704730B425
S214033520DDE902451DB1029430BC00F0C6B930BCDB
S21403353070471F2804D8142200F5A030D9F7BEBD63
S21403354070471F2804D8142200F5A030D9F7E2BD2F
S2140335507047152808B505D1FFF7DCFFBDE808401E
S214033560E1F728B808BD10B5142486B0224600211A
S21403357001A8E8F75BF92023224601A94FF4A030FF
S21403358001F078FC06B010BD0020704713B5002389
S2140335900C461A460146CDE90033E0B2E1F7CEFD0C
S2140335A002B010BD13B50023144601900122009308
S2140335B0E0B2E1F7C3FD02B010BDD0E9023253F822
S2140335C022301868E1F732BF194491420ADC4218E8
S2140335D0002003B9704712F8011D013B01EB0020E0
S2140335E0DBB2F6E7002070472DE9F04F4FF0000AF4
S2140335F085B0019381460F4615465346019A1178C6
S2140336005FFA8AF2914203D8002005B0BDE8F08F36
S214033610019909EB050801EB4202517892F802B0D2
S21403362011F04004009101F03F061BD0AC19BC42D8
S214033630D4BF0024012433466400A20740F18880E7
S214033640009B1B0640F192800E9B324603EB0B0059
S2140336500021E8F7EBF83D4600231D44ADB20AF11E
S214033660010ACBE7042E07D866B1B31E022B0BD88C
S214033670DFE803F0122130003E2E37D03F2E5BD01A
S2140336803D2E4BD00320C0E7BD4234BF00240124A7
S214033690012664003346D0E7AB1CBB4250DC022352
S2140336A03A4629464846FFF78FFFADF80A0002233D
S2140336B00DF10A08C1E7EB1CBB4243DC03233A4681
S2140336C029464846FFF780FF0390042603230DF19F
S2140336D00C08B2E72B1DBB4236DC04233A462946C8
S2140336E04846FFF771FF03900423F0E77A1E9542DE
S2140336F02CDA02233A4629464846FFF765FF4FF67B
S214033700FF7380B298420EBF0223023083B25C1965
S214033710A742B4BF0324012404268EE7BD4215D274
S21403372098F80030FF2B0CBF01230133EC18BC4282
S214033730CCBF03240124EFE70124042600237CE7FF
S2140337403446B4E70224C0E70224CDE70324E3E7C4
S2140337500E9A02EB0B0014B142F80B807DE732465B
S21403376041460093E8F7F2F9009B76E702204CE720
S21403377010B5144686B018811A460A9B0291CDE905
S214033780034301230193099B014600930320BDF8DD
S2140337902030E1F70FFF06B010BD1FB500240294DA
S2140337A0079C0194BDF818400094FFF7E1FF04B0AE
S2140337B010BD2DE9F0410E461746054686B098B370
S2140337C091B38AB34FF0000802A95FFA88F001F0BC
S2140337D043FA044640B99DF80830032B08D008F195
S2140337E00108B8F1200FEFD1204606B0BDE8F081FE
S2140337F09DF809202B799A42F1D1BDF80A206B88EF
S2140338009A42ECD19DF80C30BDF80D006B712881FF
S2140338102B4622464FF6FF71CDE90067FFF7BDFF43
S2140338200028DCD00446DFE72124DDE710B586B0A8
S2140338300A9C04949DF824400394BDF82040029407
S2140338400124CDE9003413460A4601460620E1F773
S214033850B1FE06B010BD1FB5044608461946002340
S2140338600094CDE90123079BBDF81820FFF7DEFF80
S21403387004B010BDF0B5022805460E4614461F4692
S2140338808BB00AD106A9F0B201F0E6F998B99DF813
S214033890193023719DF81C306371119B22460493E3
S2140338A00023CDE902330193109B3146009328464B
S2140338B03B46E1F77FFE0BB0F0BD13B50024019441
S2140338C0049C0094FFF7D6FF02B010BD2DE9F04527
S2140338D00646884614469A46002701258BB006A955
S2140338E0F8B201F0B9F920BB9DF81830012B19D1B5
S2140338F09DF8192033799A4214D1BDF81A2073889B
S2140339009A420FD19DF81C3032467371B9B2CDE995
S214033910030ACDE90100434602200094E1F74AFE7C
S214033920054610B90137202FD9D128460BB0BDE87C
S214033930F0850546F9E70023FFF7C8BF10B5044630
S214033940E2F716FC0021631E04F10F0213F8010FC1
S214033950FF2808BF19709342F8D10023237410BDC3
S2140339600020704770B506461D46E2F775FA044612
S21403397008B9212070BD3046E2F73CFD0028F8D098
S214033980A0682A46FF21FFF75EF89DF81030002056
S21403399063719DF81430A371ECE713B59DF81040DE
S2140339A0CDE9003413460122FFF7DCFF02B010BD59
S2140339B008B5E2F751FA28B18068FF21FFF754F8FB
S2140339C0002008BD2120FCE70122FFF7F1BF1FB549
S2140339D00B466A460146184601F034F96A46082340
S2140339E0002032F8021B013B13F0FF0380EA0100BC
S2140339F0F7D1012838BF012080B205B05DF804FB7B
S214033A002DE9F04F87B0DDE9109B0546884648460A
S214033A1019461F461446BDF848609DF84CA0FFF7AC
S214033A20D6FF042D0346ABF800001AD8022D1DD985
S214033A30042D07D04FF2F222A188914222D1E288C8
S214033A4091071FD5E17A0022CDE901372046334698
S214033A50CDE90392CDF800A001F043F907B0BDE825
S214033A60F08F6A1F012A11D92120F7E70022414669
S214033A70CDE9119228462246109707B0BDE8F04FCD
S214033A8001F03EB94FF6FF760C21DCE7052D0ED18B
S214033A900023E17A0022CDE90137CDE903920091B4
S214033AA0234652464146304601F00EF9D6E74FF21A
S214033AB0F222A188914204D1E288920701D5E17AE5
S214033AC0E8E74FF6FF760C21E4E7F0B585B0054648
S214033AD0E1F782FE48B16B88B3F5006F05D1681D28
S214033AE005B0BDE8F04000F0EEBC284600F004FD4B
S214033AF00446C8B9E7B26946384601F0ADF878B966
S214033B009DF8006066B92946384601F0A9F820B149
S214033B1040F60443984207D08C26304605B0F0BDE5
S214033B200134202CE6D1F7E78D26F6E7E2F73AB81C
S214033B302DE9FF4704460D460146184617461E461E
S214033B40BDF830809DF83490DDF838A0DCF720FE11
S214033B50D0B92146284601F021F933463A4629468C
S214033B602046CDE9019ACDF80080E2F7BFF8334648
S214033B703A4629462046CDE90D9ACDF8308004B062
S214033B80BDE8F04701F0F7BF04B0BDE8F087E2F701
S214033B9057BAE2F70FBAE2F733BA10B5044601F0A4
S214033BA009F9082201462046BDE81040E7F790BE13
S214033BB001F002B9002101F0FFB801F011B90020AD
S214033BC0704720207047EFF70DBDEFF757BDF2F7AC
S214033BD001B87047E2F780BB70B506460C4615463B
S214033BE000F04CF850B13CB135B1204600F0D6FC9D
S214033BF0013080B2A84200D9002070BD304600F0E4
S214033C0043F840B1002CF7D0012DF5D9204600F03B
S214033C10CAFC0230EDE73046E2F7BEFAEAE7F8B54B
S214033C20BDF8185010B3967855B9D478A6F1410765
S214033C30012F07D8621ED2B200F0CFFD0020F8BDD8
S214033C402C46F3E7433E012E04D8A21E92B200F0A0
S214033C50DCFDF3E7D27813B90DB1AA4206D811B941
S214033C60E7F7E4FDEAE7E7F733FEE7E78920E6E769
S214033C70413803288CBF00200120704741380128B3
S214033C808CBF002001207047433801288CBF0020DA
S214033C900120704700207047002070470388B3F563
S214033CA07C4F01D3FFF7F8BF0846FFF7F3BF10B505
S214033CB04A880488A2420DD1037B0C79234009D09D
S214033CC0B2F57C4F08D3FFF7E7FF0B891B1A584260
S214033CD0584110BD0020FCE70120FAE738B50D88EF
S214033CE0D488A5420AD10388B3F57C4F08D2FFF7E0
S214033CF0D5FF13891B1A5842584138BD0020FCE7EC
S214033D000120FAE72DE9F04715460446B8B149B154
S214033D10EAB100264FF0140AB04690F80490F3B2C6
S214033D20994501D800240AE027680AFB0677384637
S214033D30FFF7BDFF013628B13C46A5F800802046B4
S214033D40BDE8F0877B8943441FFA83F8E7E7144608
S214033D50F5E72DE9F0470E4615460446B8B149B1D6
S214033D6012B300274FF00C0AB846B0F80890BBB25F
S214033D70994501D800240AE06368324620460AFBC8
S214033D800731FFF7ABFF28B10C46A5F800802046A5
S214033D90BDE8F0870B79013713F0300F02BFCB78FD
S214033DA043441FFA83F8E2E71446F0E72DE9F041AF
S214033DB086B00D461446984604AA05AB03A90646E4
S214033DC0E2F7C0FA40B30DB1049B2B6034B3049DF5
S214033DD003982946FFF762FF2B8807460246718839
S214033DE0307800F04FFBD8B1297911F010030BD0CF
S214033DF0EB782A46CDE900433B4671883078FCF7DA
S214033E008BFA06B0BDE8F0812A4620460599CDF820
S214033E100080FFF704FFF4E78620F2E72046F0E78A
S214033E207E20EEE71FB51C460023ADF80A20BDF83A
S214033E3018208DF80400ADF80610ADF80C2069467E
S214033E401A4601A800938DF80840FFF7AFFF0098C5
S214033E5004B010BDF0B587B00E4605AB04AA03A99F
S214033E600446E2F76FFA08B3049D03982946FFF762
S214033E7015FF2B88074602466188207800F004FB6E
S214033E80B0B1297911F0100108D000963B462A46B6
S214033E9061882078D2F738F907B0F0BD0091012386
S214033EA02A4631460598FFF7BAFEF5E78620F3E77C
S214033EB07E20F1E72DE9F041064600254FF0140871
S214033EC00779E8B2874201D800241AE008FB05F018
S214033ED0D6F800C00CEB00043CF8000081421AD16F
S214033EE032B1802A10D194F90CC0BCF1000F12DA5B
S214033EF0B0F57C4F05D32046FFF7CEFE834200D0B5
S214033F004BB92046BDE8F081402A04D194F80CC092
S214033F101CF0400FECD10135D3E70121E2F74EB98F
S214033F2008B513460022E2F777FA003818BF0120D7
S214033F3008BD08B513464022E2F76EFA003818BFEC
S214033F40012008BD08B513468022E2F765FA00385B
S214033F5018BF012008BD08B540220023E2F75CFA2B
S214033F60003818BF012008BD08B580220023E2F7F9
S214033F7053FA003818BF012008BD0023E2F74CBAF5
S214033F800021E2F7B9BA10B504460121E2F7B4FA04
S214033F902046BDE8104001F022BE7047F8B516462D
S214033FA01F469DF81820BDF81C300546E2F734FA84
S214033FB078B10421E2F71EFB044650B1284600F010
S214033FC00EFB3A4631462846A047BDE8F84000F0C7
S214033FD0FABAF8BD2DE9F74F1E46DDE90C9B0746F6
S214033FE088461446BDF838302AB3B9F1000F22D0FC
S214033FF00EB392F804A099F80020504612F0080F6A
S2140340000CBF802240226188E2F706FA98B10821A5
S214034010E2F7F0FA054670B1504600F0E0FA334690
S214034020224641463846CDE9009BA84703B0BDE883
S214034030F04F00F0C8BA03B0BDE8F08FF8B5BDF88E
S214034040187016461A463B460446E2F7E5F9E0B111
S21403405077B90221E2F7CEFA0546B0B1204600F062
S214034060BEFA31462046A847BDE8F84000F0ABBA92
S2140340701021E2F7BFFA054638B1204600F0AFFA42
S2140340803A4631462046A847EEE7F8BD73B5BDF875
S214034090184016461A4623460546E2F7BDF9B8B158
S2140340A0C4B92021E2F7A6FA044670B1284600F008
S2140340B096FA099B3146009328469DF820309DF8D2
S2140340C01C20A047044600F07EFA204602B070BDCE
S2140340D08624FAE70024F8E72DE9F04186680446CB
S2140340E0007800F07CFA002514273279EBB29A4266
S2140340F003D8BDE8F04100F066BA7B433268207807
S214034100D15A02EB030800F0C1F901214046E2F759
S21403411071FA034608B1207898470135E5E72DE99B
S214034120F04F1C4689B09DF84C30BDF8488001938B
S2140341309DF85030924602932246434607460D4664
S214034140E2F76AF98DF814700646ADF816508DF846
S2140341501840ADF81AA0ADF81C8018B9012009B0B4
S214034160BDE8F08F05A9FFF7A2FD0028F6D00025CD
S2140341702F46A8462C4634E00C231FFA85F903FB8A
S21403418009F931887368B1F57C4F33F8092003EBDE
S214034190090B1AD333F8090050452CD3019BA342CD
S2140341A02DD900F0B8F99BF80200E2F7CFFE029B88
S2140341B043B19BF8043013F0010F0CBF0520072012
S2140341C0E2F7C4FE0134A4B219E0ADF81A2059464A
S2140341D0304605AA0393FFF781FD039B0028D9D138
S2140341E001353289ABB29A42C6D804EB0800C31B2A
S2140341F058425841B3E708F101081FFA88F8013717
S214034200BFB2EDE710B5012488B006949DF83C4094
S21403421005949DF8384004949DF8344003949DF823
S214034220304002940B9C0194BDF828400094E2F7BA
S21403423025FB08B010BD2DE9F04786B0BDF83880E1
S214034240DDF83C909DF840A0CDF80080CDE9019ABA
S21403425004460D4616461F4600F012F9B8B1431E33
S214034260DBB2012B10D800230122811E48424841AD
S214034270CDE90432CDE902A03B4632462946204624
S214034280CDE90089FFF7BEFF06B0BDE8F087012041
S214034290FAE730B50024012587B0CDE90445039538
S2140342A09DF82C5002950A9DCDE90045FFF7AAFF1D
S2140342B007B030BD30B50024012587B0CDE90445ED
S2140342C003959DF828500094CDE901354023FFF768
S2140342D099FF07B030BD10B5012486B0CDE904447C
S2140342E0002403949DF828400294099C0194BDF889
S2140342F020400094FFF786FF06B010BD1FB5089C4C
S21403430003949DF81C400294069C01940024009498
S214034310E2F7B0FB04B010BD70472DE9F84F022951
S214034320074688460C9D04D84FF0000A5046BDE861
S214034330F88F1BB10429F7D942F004023A702BB365
S21403434003247B701B0ABB70E3F7AAFE4FF0000939
S2140343509DF82830385504F1020A01343B550B9A70
S2140343605FFA89F3D45C002CE0D0732C10D82E4669
S2140343704C2C56F804BB3DD0532C15D0622C45D19B
S214034380AC8805F1080600231A4616E00124DBE78D
S214034390A4F17503032BC7D8763C2E1D022C52D8E6
S2140343A0DFE804F0565A58006A6805F1080694B226
S2140343B0D2B2B2F1FF0318BF01230AEB040119447A
S2140343C08845B1DB50461946002947D153441FFAA6
S2140343D083FA5CB1BBF1000FA6D0224607EB0A00B6
S2140343E05946E7F7B3FB54441FFA84FA354609F1F6
S2140343F00109B4E74FF6FF736A6805F1080694B23D
S21403440022469C4214BF02230023D6E76C2C05D118
S214034410584600F0C8F8841CA4B2B4E7732C04D141
S214034420584600F0BBF8441CF6E7A4F13003DAB2B2
S214034430092A01D89CB2A6E7A4F14103062B3FF64E
S21403444073AF373CE8E7012300242A68A346B4E7A2
S2140344500223F9E70323F7E70423F5E700F1010C4A
S21403446001393A54C9B2120A1FFA8CF0ACE700209D
S214034470E2F7F4BC0022E2F711BD0023E2F724BD05
S21403448001207047012070470120704770470020C5
S21403449070470020704700207047002070470020B8
S2140344A070470020704770470E2070470020704703
S2140344B00020704700207047002070477047FF2099
S2140344C070470E207047842070477047002070475F
S2140344D07047002070470020704700207047002078
S2140344E070470020704700207047002070477047D1
S2140344F00E2070470020704700207047002070474A
S214034500704770470E207047704700207047812021
S21403451070477047704738B50546C0B2E2F716FDD8
S2140345200446280AE2F712FD14B1002808BF002447
S214034530204638BDF8B50546C0B2E2F707FD044687
S214034540C5F30720E2F702FD0746C5F30740E2F787
S214034550FDFC0646280EE2F7F9FC24B12FB136B16E
S214034560002808BF00242046F8BD3C46FBE7344637
S214034570F9E710B4CC18944203DC5DF8044BFFF75C
S21403458023B800205DF8044B70470423FFF7F1BF00
S21403459008B50223FFF7EDFF80B208BD0078FF28B9
S2140345A008BF0020704708B502220021FFF7F0FF7E
S2140345B04FF6FF73984208BF002008BD003818BFA7
S2140345C00120400070470020704708B5FFF7A5FCA0
S2140345D0FF284FF0FF3018BF0020C0B208BD08B553
S2140345E0FFF7F3FFFF280CBF2120002008BDF8B516
S2140345F006460C4615461F4600F011F810B1254432
S214034600AC4200D1F8BD3946304614F8012BE2F728
S2140346108FFDF5E7014600220220E2F719BD0120CF
S214034620704737B50546E0F7A3FF044601950CB976
S21403463081201CE0237823B12046E0F7A1FF04463F
S214034640F5E72B6862685B889A42F5D1A368EA7B34
S21403465099B272B12A8A9142EED16A7DB2EB134FB8
S214034660EAD10020E36801A998478128E4D003B083
S21403467030BD4FF6FF72EEE72DE9F84304460F46CA
S214034680904699460BB3012A1FD80C20E7F7D4FAB5
S214034690064610B91920BDE8F8831020E7F7CCFAD0
S2140346A018B93046E7F7D0FAF4E70123002547EABE
S2140346B0084770600570C0F80C90446087603380CC
S2140346C03046E0F74DFF2846E5E72120E3E738B517
S2140346D00446436808460D469847B4F90830002B4D
S2140346E002DB2B78042B06D1002320466360BDE84B
S2140346F03840E3F7AFB838BD30B54FF48A5587B0C6
S214034700ADF816200DF116041A46029543B10023A0
S2140347100122CDE90033234600F01EFA07B030BD70
S214034720019401240094F7E7FFF7EBBEFFF7BEBE44
S2140347300020704708B500F001FB20B900F048FBE5
S21403474008B9E0F705F9FFF7D2FEBDE80840FFF722
S214034750DBBE0020E3F7E6BC0021E3F783BD0022BF
S214034760E3F742BD1FB5D2880B4612F0200F4FF673
S214034770FD7114BF49245224ADF80610510544BFF9
S214034780083CE4B2110544BF083CE4B2120444BF3B
S214034790023CE4B2032805D8DFE800F0020F161C3B
S2140347A0ADF80630BDF80600FFF789FEFF281CBFEC
S2140347B0241AE4B2204604B010BD02AA0DF1060185
S2140347C0D8B200F079FAEDE7D8B200F047FAADF8C0
S2140347D00600E7E7013CE4B2E4E7F8B50646174609
S2140347E00D4681B10C78FF2C0BD00846FFF7D6FE9A
S2140347F0B84228BF3846C4B22246691C701CE7F785
S21403480067F83470F8BD0C46FBE770B504461546EA
S2140348100E4611B94170017070BD0B78FF2B05D1A0
S2140348204B78FF2B02D103704370F5E73046FFF752
S214034830BAFEA84228BF284685B22A46B11CA01C49
S214034840E7F746F825702D0A6570E5E7F0B523B956
S214034850013A531C2FD1002020E0042AFBD8002362
S2140348601C46551E6E1C1AD1042A10D00121D200F4
S214034870501E01FA00F020421EBF914049420C43ED
S21403488018421EBF4FF0FF3101FA02F213439C4257
S2140348901EDCB4BF4FF0FF30002040B2F0BD40B185
S2140348A0465DEF00BE4034434E5D013DBE4033439C
S2140348B0D8E70646F5E78C5C38B90346A34202F10F
S2140348C0FF32C6D24FF0FF30E8E7835CA342F5D948
S2140348D00120E3E7283807288CBF00200120704713
S2140348E01D2810D004D840B11C2804D0552070478A
S2140348F01E380128FAD81A2901E00B390F298CBF74
S2140349005520002070470829F9E70020002170474A
S214034910F7B59DF820400546082C104619469DF825
S214034920246036D8002213462C44AC4208D106F045
S214034930FD04382C0ED10096FFF7E7FF03B0F0BD59
S21403494014F8017D1B0243EA12631202BA1843F1FC
S2140349500003EAE7392E10D107EE100A07EE902A75
S214034960B4EEE77AF1EE10FACCBF77EE677A77EE1D
S214034970C77A002117EE900AE0E7824273EB010440
S21403498003D2801A61EB0301D8E7101A63EB010127
S214034990D4E700200146D1E738B5C3681446194466
S2140349A0836853F821501AB12846E6F73BFE207079
S2140349B0284638BD2DE9F3411C4616460DF107027D
S2140349C09DF82050FFF7E8FF9DF807308046A34286
S2140349D088BF8DF807409DF807700DB1E41BE5B25C
S2140349E02A4600213046E6F721FF3A46414670192B
S2140349F0E6F76EFF384602B0BDE8F0812DE9F341D5
S214034A001D46164601AA9DF82040FDF726F8019B91
S214034A1080469D4238BF0195019F04B1EC1B224698
S214034A2000213046E6F702FF3A4641463019E6F7DC
S214034A304FFFF8B202B0BDE8F08173B50024154607
S214034A4001AA1E460194FDF708F8019B072B0AD915
S214034A502146CCB216B1C4F10704E4B2425C01317C
S214034A6008292A55F5D1D8B202B070BD1FB5030A7E
S214034A708DF80E300323009303AB8DF80D0000F082
S214034A80BBF805B05DF804FB1FB58DF80F100421C5
S214034A90030A8DF80E30009103AB8DF80D0000F07D
S214034AA0ABF805B05DF804FBF0B589B016689DF861
S214034AB03C50CDF809608DF811305668BDF8383093
S214034AC0012D109FBDF84440CDF80D60ADF81230AF
S214034AD08DF8145014D0032D19D13B68CDF815303A
S214034AE07B68CDF819309DF848308DF81D301623B5
S214034AF00093BDF84C2002AB00F07EF809B0F0BD81
S214034B008DF81540240A0F238DF81640F0E7012090
S214034B10F4E71FB50446084611461A4602238DF8E5
S214034B200D100093214603AB00F066F804B010BDE9
S214034B3010B514461A460B6886B0CDF80D304B6890
S214034B403421CDF811300A23009303AB8DF81540BA
S214034B5000F052F806B010BD2DE9F041B6B0144689
S214034B601D4606460F469DF8F080E3F79FFD03AA11
S214034B708DF80C001046330A8DF80F703F0A8DF837
S214034B800E308DF80D602B468DF810708DF81140A1
S214034B9005EB4405AB4202F102021FD16200D2B21A
S214034BA0931DDBB23D99D8336B44073203F8CC8CA4
S214034BB001EB4805D3B250FA82F2A94202F102028F
S214034BC012D103EB4803009006213046BDF8F820C7
S214034BD0DBB2E3F775FD36B0BDE8F08133F8021BB0
S214034BE01171090A5171D5E731F8024B02F8024CEC
S214034BF0240A02F8014CE0E72DE9F0411C4605467D
S214034C000E4617469DF81880E3F750FD207043467E
S214034C103A46314628460694BDE8F041E3F750BDD0
S214034C20002070477047D7F7B3BD7047704770478B
S214034C3070477047002070477047704700207047E2
S214034C407047704702F0EEBEFEF774B8FEF757B82B
S214034C5003F031BAF8F714B903F01EBAF8F7CEB872
S214034C60F8F736B9F8F7F0B8FEF71EB9FEF76DB8E1
S214034C70FEF77AB8F4F768BBF4F76CBBF3F7CCBA75
S214034C80F2F7EEBBF2F7F2BBEFF7C6B8FEF7B7B82C
S214034C90FEF77CB8FDF718BFFEF79FB8FEF78BB894
S214034CA030B4BDF808409DF80C50CDE9024530BC41
S214034CB0FDF729BFFDF796BFF8F77CBAE3F750BDBB
S214034CC0F8F742BBF7F78EB970B49DF80C40BDF801
S214034CD010509DF814600394CDE9045670BCF5F7A4
S214034CE093B970B49DF80C40BDF810509DF814604D
S214034CF00394CDE9045670BCF5F7C6B9F5F7B0BA18
S214034D0010B49DF8044001945DF8044BF5F700BA1F
S214034D1010B49DF8044001945DF8044B01F073BF92
S214034D2001F073BFFDF7A2BFFDF7B2BFFDF7C5BF26
S214034D30F1F7FEB8F1F740BFF1F712BFF0F724BF63
S214034D4002F09FBAF1F7C8BA02F0E1BAF1F728BC4D
S214034D50F0F7FABFF1F736BFF1F7B8BEF1F7CEBEFC
S214034D60EFF70EBEFEF7B5B8FEF768B8FEF77BB8EA
S214034D70FEF788B800F00BBC00F004BCF7F768B980
S214034D80F4F772BFF7F742B9F7F768BAF4F73CBF20
S214034D90EFF72EB8F6F75EBBFFF745BFFAF754BE3C
S214034DA0FEF7E3B8FDF753BFFEF738B801F001BDD1
S214034DB0E3F734BCEFF7E0BBEFF7DAB801F09BBFDD
S214034DC001F06BBFEFF728B9EFF766BBEFF76ABBE7
S214034DD0EFF796B8E3F73EBCE3F750BCE3F728BC1F
S214034DE0EFF744B8E3F72EBCF9F706B801F053BF64
S214034DF001F01ABFEFF740B8EFF7A8BBEFF788B894
S214034E00E3F7CCBCE3F7C4BCF8F7FABDF8F7E6BFA4
S214034E1003F05DBA03F063BAF8F76ABEF8F7E6BFC5
S214034E2000F063B900F0A1B900F0C9B900F0A0BA68
S214034E3000F010BB00F079BAE4F7A6B900F0E6B9C3
S214034E4000F013BA00F026B810B51C4601F0C2FDF8
S214034E5005F00BFF0023C0F340202370400010BD75
S214034E60002208B50B461146FFF7EEFF023818BFBF
S214034E70012008BD00207047704700207047704728
S214034E800020704770470E20704701207047704718
S214034E900120704714220021E6F7C8BC704770B59E
S214034EA005460C468AB0252200210DF10300E6F7DD
S214034EB0BDFC6B68CDF81D30AB68CDF821302346BA
S214034EC001AC03F11006224618685968083303C27A
S214034ED0B3421446F7D101236A7B8DF8023012F0F1
S214034EE0040F0CBF4FF480734FF4A073110748BF31
S214034EF043F48063ADF80030930748BFBDF8003035
S214034F00684644BF43F00803ADF80030F4F7B6FB39
S214034F100AB070BD30B5427B0D46D10704468BB050
S214034F2007D5407801A9F4F70FFCD8B12D200BB0B4
S214034F3030BD9307FAD5C2F3800310074FEA8313F5
S214034F40ADF8023044BF43F48063ADF80230BDF8D9
S214034F500220201D0AB10DF1020201A902F07FFD15
S214034F600028E3D001AB03CB9DF81430A160237374
S214034F70BDF810306060590642BF627B42F00402FF
S214034F8062735A0542BF627B42F0080262731B07D4
S214034F9042BF637B43F0020363732B4606AC0AAD42
S214034FA0224603CAAA4218605960144603F108034E
S214034FB0F6D10020BBE7F0B504460D4693B0252294
S214034FC000210DF12300E6F731FC636804F1040CBD
S214034FD0CDF83D30A36809AECDF841302B4605F138
S214034FE01007324618685968083303C2BB42164690
S214034FF0F7D105238DF82230637B5B0103F400733E
S214035000ADF820306378FF2B1AD1002360461A468A
S21403501001A900F0CAF99DF80530FF2B0DD1002336
S21403502001A91A46184600F0C0F99DF80530FF2B73
S21403503003D11C26304613B0F0BD9DF805306370CF
S2140350400020617808AA00F09BFA06460028F1D1F2
S214035050607801A900F02FFA2B4603AD2A4618689C
S2140350605968083303C2BB421546F7D1637B6078A1
S214035070DB0648BF9DF81C3001A944BF63F07F03DD
S2140350808DF81C3000F02EFAD4E710B504468AB02B
S2140350902422002101A8E6F7C9FB637B590744BF16
S2140350A04022ADF810201A0742BFBDF8102042F484
S2140350B08062ADF81020DB070FD5607801A9F4F7FE
S2140350C043FB10B12D200AB010BD01AB03CB637BAD
S2140350D0606043F00203A160637304A9201D02F01D
S2140350E0C0FC0028EED00020EDE71FB5694600F0AF
S2140350F066F8002818BF2D2005B05DF804FB73B5CD
S2140351000D4614460646E3F76DFC6B881A071AD558
S21403511022463146102002F085FC2046E3F762FC67
S2140351206B88D90717D50023224601210DF1070006
S2140351308DF80730E3F722FF6B88002B0CBF212086
S214035140002002B070BDDE06EAD522460821281DDF
S214035150E3F714FFE1E79A0701D50223E4E75B07C9
S214035160EAD50323E0E70F2070471FB50C466946D0
S21403517000F025F8102221466846E6F7A3FEB0FAAB
S21403518080F0400904B010BDB8B1B1B14388A3B9EB
S2140351900378013B082B10D8DFE803F00507090B5B
S2140351A00F0F0F0F0D00E3F7EBBDE3F745BEFFF759
S2140351B076BEFFF700BFE3F7D3BF2120704738B5AD
S2140351C00D4609B300B30378013B082B1AD8DFE872
S2140351D003F0050D1013191919191600E3F708FE45
S2140351E00446284602F01EFE204638BDE3F744FE7A
S2140351F0F6E7FFF78FFEF3E7E3F774FEF0E7E3F770
S214035200B9FFEDE72124ECE72124EDE770B586B07E
S214035210064601A80C461546FFF73CFE04238DF808
S21403522004301CB12068616802AB03C3294601A899
S2140352308DF80560FFF7A8FF06B070BD70B586B0A1
S214035240044601A80D461646FFF724FE03232068EE
S21403525061688DF8043002AB8DF8116003C32946EC
S21403526001A8FFF791FF06B070BD0022FFF7E6BF67
S21403527030B5437B044613F001020D468BB007D0CE
S214035280407801A9F4F760FA70B12D200BB030BD59
S2140352909B07FAD5ADF8022001A90DF102020430EE
S2140352A002F0DDFB0028F0D000210E22A81CE6F752
S2140352B0BDFABDF810302B80039BAB60BDF81230EF
S2140352C0AB819DF81430237301AB03CB6060A16000
S2140352D00020DBE770B5437B0446DB070E468AB047
S2140352E003D42D2528460AB070BD6946407800F0E1
S2140352F045F905460028F4D1DDF81D300E2263601B
S214035300DDF821300146A360637BB01C43F0020343
S2140353106373E6F78BFABDF80030069A43F004038E
S2140353203380059BB2607360DCE70B4610B504461A
S214035330102200211846E6F779FA2278032A09D0C4
S214035340042A0DD0022A11D101462046BDE810409A
S214035350E3F776BF01462046BDE81040FFF788BF57
S21403536001462046BDE81040FFF7B4BF262010BD17
S214035370F8B5074608460C4616461D46FFF78AFD4F
S21403538004232370637B314643F001032046677092
S2140353906373FFF714FF08B12D20F8BD2946204696
S2140353A0FFF7C3FF0028F8D0F6E7F8B5054608462A
S2140353B00C461F461646FFF76DFD0423237025B1E2
S2140353C008222946E018E6F783FA637B43F00203D4
S2140353D063734EB932460121284600F0DAF8FF28F7
S2140353E0607007D12D20F8BD31462046FFF7E7FE53
S2140353F00028F7D1637B43F0010363730DB90020E4
S214035400F1E7002FFBD039462046FFF78EFFF6E77D
S214035410F8B50C460746084616461D46FFF73AFDFE
S21403542003232046394600F8043B0822E6F750FAE1
S214035430637B314643F0020320466373FFF7BFFEE8
S21403544008B12D20F8BD29462046FFF76EFF002839
S214035450F8D0F6E7F8B5074608460C4616461D4646
S214035460FFF718FD03232370637B314643F00103E4
S214035470204667706373FFF7A2FE08B12D20F8BDC0
S21403548029462046FFF751FF0028F8D0F6E718B163
S2140354908022012100F07DB8FF207047002307B566
S2140354A01A4619460093F5F751FEB0FA80F0400904
S2140354B003B05DF804FB0B4610B519220446FF2122
S2140354C01846E6F7B3F97E2C01468CBF04F5C430C4
S2140354D004F583304FF01902BDE8104088BFAD30A5
S2140354E0D7F7ECBD7E2888BF00F5C4304FF019020D
S2140354F094BF00F58330AD30D7F70CBE30B589B016
S2140355000D46FFF7C4FFFF2804460DD001A9FFF799
S214035510D2FF2868696801AB03C3204601A9FFF7D9
S214035520E1FF002009B030BD2D20FBE77047704730
S2140355300020704770470F2070470F2070470020E9
S21403554070470F207047002070470020704784B0D4
S2140355508DE80F00002004B07047704770470020A6
S214035560704770470020704770470020704701203F
S2140355707047704700207047012070470E20704721
S2140355800E2070470E2070470020704770470E208D
S2140355907047FF207047704770470020704770477A
S2140355A07047704700207047704700207047002000
S2140355B070470020704770477047002070470020F0
S2140355C070477047002070470020704770470020E0
S2140355D0704710B50024E3B210B9C3F10303DBB27E
S2140355E00134042CCA544FEA1222F4D110BD10B56C
S2140355F00B784C788A78C97828B910462246044630
S21403560008461946034642EA012043EA042343EACE
S214035610004010BD7047E3F7C7BE08B5D2F7EAF9F6
S214035620002814BF8620002008BD08B5D2F7B2FBB9
S214035630003818BF012008BD08B5D2F76BFB003849
S21403564018BF012008BD08B5D2F7F0FB003818BF15
S214035650012008BD08B5E3F787FFBDE80840E3F778
S21403566035BF70B504460D461646E3F77DFF0420A6
S214035670E3F71EFF324629462046FFF7DDFF0446C2
S2140356800220E3F715FF204670BD08B5E3F76CFF6D
S214035690BDE80840D2F722BBE4F79EBAE4F77EBA29
S2140356A008B5E4F77BFA20B1BDE808400020E4F72C
S2140356B0B3BB112008BD10B5044608B1E4F78EFC51
S2140356C02046BDE81040FCF7C8BF10B50446006A84
S2140356D010B1616AFFF7EFFF0020C4E9080010BDB0
S2140356E038B50546FFF7F1FF2B7E0446012B0ED097
S2140356F0023B012B0ED8EB69012B18BF6FF0960403
S214035700282200212846E6F791F8204638BDEB69A3
S214035710002BF2E76FF09604F2E718220021E6F773
S21403572085B870472DE9F84F9846DDE90B490D9B80
S21403573015469A0706460F4623D02A460A9B03EBCE
S214035740040A1444A24220D10D9B9B0705D5A2EB65
S214035750050AD14505EB0A0420D82046BDE8F88F94
S214035760434639462020B0470AF1010ACA450AEBE8
S2140357700B02F5D3A9EB04024C4588BF00222A444A
S214035780DCE7A246A5EB040BF0E702F1010B434668
S21403579039461AF8010DB0475A46D3E74346224620
S2140357A039462020B0470AF1010AD2E72DE9F0472F
S2140357B0DDE90D7616F0020F9DF82880DDE9085422
S2140357C0DDE90BCE1FD106F001094FB1B9F1000F89
S2140357D006D0B8F1000F02D116F00C0F00D0013F2F
S2140357E04FF0300A04E0202C04D005F804A001345E
S2140357F07445F8D3B9F1000F05D04FF03009A7422E
S21403580001D9202C2DD116F0100F1FD016F4806F5F
S2140358102CD15CB3744501D0BC4227D1B4F1010E40
S21403582023D0BCF1100F46D1023C16F0200F28D12E
S214035830202C28D04FF0780C05F804C00134202C17
S21403584021D04FF0300C05F804C00134202C1AD0B8
S214035850B8F1000F23D04FF02D0C05F804C0013427
S21403586012E005F804900134C9E77446BCF1100F42
S214035870DBD0BCF1020FE2D1202C04D04FF0620C37
S214035880DAE7202C08D12024CDE90A76CDE908549E
S214035890BDE8F047FFF746BF4FF0580CCCE716F0CD
S2140358A0040F02D04FF02B0CD7E716F0080FEBD0FF
S2140358B04FF0200CD1E7BCF1020F7446C1D1DDE7EF
S2140358C02DE9F04391B0189D1A9E1D9F0DB927F040
S2140358D010077C0500D515B317F0200F14BF4FF043
S2140358E0410E4FF0610EAC4600250DF12008AEF1D7
S2140358F00A0EBCFBF6F906FB19C95FFA89F4B9F17F
S214035900090F94BF30347444E4B2B44508F8014B2D
S21403591005F10105BCFBF6F401D3202D10D11C9C28
S214035920069705941B9CCDE903649DF86440CDE976
S214035930015408AC0094FFF739FF11B0BDE8F083BB
S214035940A446D6E72DE9F04F95B0269ECDE90A2367
S214035950DDE91E74DDE9229B57EA040308BF26F03F
S21403596010067205CDE9080102D557EA040337D0BD
S21403597016F0200F14BF4123612300250DF1300AD2
S214035980A3F10A0821464A465B463846E5F7E2FB9A
S214035990D2B2092A94BF303242444F45D2B274EB96
S2140359A00B0405F101050AF8012B01D3202D14D1B0
S2140359B0259B06960593249BDDE90801CDE9039311
S2140359C09DF88030CDE901530CAB0093DDE90A2343
S2140359D0FFF7ECFE15B0BDE8F08F07460C46D1E79F
S2140359E00025E5E708B100F014B8704710B1D1E917
S2140359F000311847704738B5441E14F8015F25B9BF
S214035A000A2000F006F8284638BD284600F001F8BC
S214035A10F3E701460020FCF7F3BB70477047EDF74A
S214035A20FBBD704708B5FCF7BCFBD1F7E3FFBDE849
S214035A300840D4F7F3B8704708B5D2F723FBFBF753
S214035A4056F8BDE80840E3F78FBD08B5FBF778FFC7
S214035A50E4F7F8FAFBF752FEE4F796FEE4F782FE65
S214035A60E4F704FEBDE80840D7F702BB08B5D5F750
S214035A7019FBFBF732FED5F721FBFBF730FED9F710
S214035A8009FDD9F7AFFDD9F7B7FEBDE80840D9F74A
S214035A90D5BD70477047E4F70FBE08B5FCF7CCFFDB
S214035AA0BDE80840FCF7F7BF704707B5002203467A
S214035AB0114601200092D8F767FE03B05DF804FB99
S214035AC007B500920B46027D81898068FDF78CFD41
S214035AD0003818BF0120C00103B05DF804FB08B509
S214035AE00020E0F7D9F90020E1F76AFF0020DAF793
S214035AF063F80020DAF7FAFA0020DAF7F9FC002058
S214035B00DAF7E6FF0020DBF70FFD0020DEF73EF8AE
S214035B100020DEF7A9FD0020DFF79EFBBDE8084066
S214035B200020DFF789BC08B50120FDF73FFA012006
S214035B30DAF7A2F9BDE808400120DAF7C9BF08B5CD
S214035B400220E0F79DFA0220DFF790FC0220E2F73E
S214035B5045FA0220FFF7A2FD0220FDF7C7FC02204C
S214035B60DEF782FDBDE808400220DFF729BFDAF73B
S214035B70C7BAFDF7DBBF704770477047704770477B
S214035B807047704710B50446DFF734FE2046FDF72E
S214035B9043FA2046DBF7DAFF2046DCF72DFF2046E4
S214035BA0BDE81040FDF7D5BCFDF7F0BCFDF7FABC29
S214035BB0DFF75CBB70477047FDF752BA7047704714
S214035BC0704770477047704705F015B870477047C1
S214035BD0DFF7E6BB704770477047704770477047FC
S214035BE0D0F7DEB9FEF77DBC704700207047FEF79E
S214035BF07ABCFEF783BC7047431E012B03D9031FF1
S214035C005842584170470120704700F021BC4FF4BA
S214035C10D0720021E5F70ABE70B50446E7F7DEFE4C
S214035C200546A8B9A169F1B1238AD3B1204604F188
S214035C301002E7F781FD38BBE16919B3638AA3B1A4
S214035C40204604F1120200F0CAFA78B1054603E0D2
S214035C500023A3612361E361002328466361236273
S214035C6070BDA061E8E72082E6E7E361216A0029C8
S214035C70F2D0A28A002AEFD02046E38ABDE870401D
S214035C8000F06FBA6182F1E76582E561DEE711B97C
S214035C90D0F8DC1021B1CB6813B18B68D889704774
S214035CA04FF6FF707047E6F77DBF10B50C461146FA
S214035CB0E6F79EFFE8F7CCF9012801D1002010BDD6
S214035CC0002CF7D10520FAE700F0CFB900F0E3B9CE
S214035CD070B500232425D0F8DC00C4689C4201D1AB
S214035CE0212070BD826805FB0322D6898E4202D826
S214035CF0128A8A4201D20133F0E70020F1E7F8B5B1
S214035D0006460D46E6F7EAF9D8B94FF6FF734FF0A5
S214035D10240CEF68C1B28F4208D81C462146304691
S214035D20E6F792FB00F09AFB2046F8BDAA680CFB48
S214035D300122D4899C4202D2002CEFD023460130A4
S214035D40E8E70024F0E7C08D70470A7838B50546C3
S214035D501046FFF751FF60B14C782046FFF74CFF23
S214035D6038B12243530704D42846BDE83840E7F742
S214035D708BB9212038BD10B504460878FFF73CFFE1
S214035D8058B14A781046FFF737FF30B1042A04D0DB
S214035D902046BDE81040E7F795B9212010BD00F076
S214035DA0E8B8E7F7F7BC084600F008BBE7F736B8ED
S214035DB038B504460D4600F08EF850B12946204605
S214035DC0E6F742FB30B929462046BDE83840E6F7F9
S214035DD0EDBF0E2038BD70B516460C4604F065FDC3
S214035DE0314605462046EAF7CFF90446284604F02E
S214035DF057FD204670BD00F032B970B5044600204A
S214035E000E4600F027FBD4F8F0503DB10023314690
S214035E102046AC46BDE870401A4660472B46012232
S214035E2031462046E7F75AFA284670BD38B5044689
S214035E3048880D4600F00EFBD4F8F0302BB92946FF
S214035E402046BDE83840E7F757B9022038BD00F0D2
S214035E5003BB00F03CB9E6F777BEE9F76FB970B558
S214035E60BDF81060054606B16BB1334428469BB2B5
S214035E7000F077F9044620B91EB13146284600F0F3
S214035E80ABF9204670BD2124FBE7E8F7DDBCC0F87C
S214035E90EC1000207047E7F769BB00F05EB910B45A
S214035EA0BDF8044001945DF8044B00F09FB80B4620
S214035EB010B514461846A1689288E5F747FEE168D0
S214035EC0034631B1A0886288121A92B21844E5F7E5
S214035ED03DFE002010BD0346408A18B1188A0038DC
S214035EE018BF012070470846E9F734BA00F0ECBA49
S214035EF000F0EABAE9F740BC084708B5E6F76CFED7
S214035F00C0B208BD022A01D800F0E2B921207047CA
S214035F10022A01D800F0EDB921207047022A01D8E1
S214035F2000F0F9B921207047E8F780B90846E8F78A
S214035F309BB900F018BA00207047002070477047DE
S214035F40D0F8943003F06003402B0DD0602B03D0C1
S214035F50203B58425841704749B10B68012B06D97C
S214035F60486940F00100704740F201107047002076
S214035F707047F7B504461046D4E954C7DDE908264A
S214035F808CEA020587EA06010540194085EA0C05F6
S214035F907940C4E95451002523F4004106EA01037D
S214035FA020F0010043F40073024043F00203CDE9FE
S214035FB00055EAF7B3FF94F824309A0713D5D4F8BC
S214035FC054319B050FD54FF48811204600F058FB3B
S214035FD094F82430024665F3410384F824302046BF
S214035FE00B46E6F7CDFD002003B0F0BDF0B587B055
S214035FF01C461746BDF830601AB90024204607B081
S214036000F0BD002BF9D00029F7D001AAE8F71CFC55
S2140360100028F2D0BDF80630A2199A42BDF80850FF
S214036020C4BF9B1B9CB2B54212D90399AD1BADB23C
S2140360303144A5420391ADF808500DD22A4638469E
S214036040E5F784FD0499621B7819E5F77FFDD5E72C
S2140360500499761B3144049122463846F5E70846F0
S214036060EAF732B80220E9F77DBB08B5D0F8E4308A
S2140360704BB11A68022A06D993F825204AB1186A42
S214036080B0FBF2F008BD4FF446624C210020E6F761
S2140360903DFA0020F6E7D0F8E42008B57AB1136895
S2140360A0022B0CD9536A13F47F4FC3F3072106D090
S2140360B0126ADBB253438B42B3FBF1F006D20020E5
S2140360C040F67F424C21E6F721FA002008BD03463E
S2140360D0D0F830010860B3F8343100208B80704765
S2140360E090F830310C2B14BF90F82B00FF2070472C
S2140360F038B50C464FF400610546EBF7B3FF70B1B5
S2140361007CB195F81E3173B94FF480724FF48071E9
S2140361102846EBF793FF003818BF012038BD22024C
S214036120F4E72246F2E70020F8E74FF48071EBF736
S21403613099BF08B54A024FF40071EBF77FFF0020C2
S21403614008BD08B58A024FF48061EBF777FF00209D
S21403615008BD4FF40071EBF785BF062300208B7153
S2140361607047B2F5805FF8B50F46064615461946E2
S2140361702ED89A422CD33F2A26D9B2FA82F4012289
S214036180C4F11F03DBB29A4092B2AA422CBFC4F1F9
S2140361901904C4F11A04E2B20124931DDBB29C4035
S2140361A0A4B2AC4212D096F8F5309BB9012096F80B
S2140361B0243060F3C71386F824303846E8F758F9D6
S2140361C000203762B582F8BD0022ECE70020EEE738
S2140361D02120F8E70E20F6E70846E8F769B970B518
S2140361E005460E46144602B313883F2B1DD9B3FA51
S2140361F083F3C3F11901C9B2062901D8192B12D0AA
S214036200062928BF062101238A1DD2B293403046B1
S2140362102380E8F755F923882846EE616B82E8F772
S214036220D9F9002070BD0021EDE72120FAE710B56B
S214036230144608460121E9F71DFE2046BDE8104036
S2140362400121E9F717BEF8B504460E46174604F0D3
S2140362502CFB3A46054631462046EAF7C9F804467B
S214036260284604F01DFB2046F8BD02207047032095
S2140362707047E9F76FBA10B50023E7F7EFFC04465B
S21403628008B9EBF769F8204610BD704770B50546A8
S2140362900E46144600F0E3F831462846FFF72FFD76
S2140362A000F0DDF8230704D50B2C9CBF24F008046C
S2140362B0A4B221462846E6F795FC00224FF40031A7
S2140362C02846EBF7BBFE002070BD8021EBF7CABE65
S2140362D07FB5531C05AAADF81410029202210022C2
S2140362E0DBB2CDE900211146EBF7C6FE07B05DF839
S2140362F004FB7FB5531C05AAADF8141002920421C3
S2140363000222DBB2CDE9002100220121EBF7B4FE25
S21403631007B05DF804FB1FB5531C02910022082149
S214036320CDE900210122DBB21146EBF7A5FE05B04D
S2140363305DF804FB07B591F82830009391F82B30ED
S21403634091F8292091F82A10E7F736FF03B05DF895
S21403635004FB10B50446E6F73FFC01462046BDE8BD
S2140363601040E6F73FBC002914BF212000207047E9
S21403637038B5054610460C46E7F7A4FFD5B1D5F861
S214036380E030BBB15B69ABB1421ED2B2FD2A13D972
S2140363900A68013204BF6FF001020A600A68FF2828
S2140363A01A6007D16268013202D16FF0010262609F
S2140363B062685A60002038BD0128F2E738B5054602
S2140363C0EAF73EF804460021A878E7F7E3FF2046FD
S2140363D038BD2DE9F74F01251C469DF8303006469B
S2140363E001930368174603F0070306339D4005F140
S2140363F0FF380B46A1B1416804EA080BA5EB0B0A6C
S21403640041F00059524509EB0B0114D95246184680
S214036410E5F79CFB49467A1B5A445044E5F796FB3E
S214036420019B2BB13C4448EA050804EA0804F460DF
S21403643003B0BDE8F08F1846F0E737B500251446DD
S2140364400095FFF7C6FF204603B030BDE7F7B6BD9D
S2140364500020704700207047002070477047704741
S21403646030B549000446056812B102291FD903391D
S214036470C90395B9E1B1B1FA81F3C3F12003C3F1BE
S2140364800F00012838BF012003F01F03D940A9429B
S21403649001D901384908216030BDB5FA85F339B111
S2140364A0B1FA81F29B1A002BE9DC0F20EFE70021FB
S2140364B00F20F0E7012805D9023818BF4FF0FF3048
S2140364C0C0B270470120704708B5E9F79DFABDE8EA
S2140364D00840E9F7C1BA38B50446FFF7F5FF0546A5
S2140364E0FFF7F2FF431BA342FAD338BD38B50D4678
S2140364F00446E9F789FA35B1844200D901392046C2
S21403650001F0030138BD844238BF0131F7E708B50F
S2140365100121FFF7EBFFBDE80840E9F79DBA0B0C36
S21403652023F48053B3F5284FF7B50D468FB20646CE
S21403653099B216D04AF60103994214D04AF60203DA
S214036540994212D0B1F5204F14BF04240324D6F881
S214036550E0300BB1196851B9D6F8DC3093B9286826
S2140365600EE00024F3E70124F1E70224EFE72346D5
S21403657068463A46E9F7CCFADDE90003002BEBD18F
S21403658003B0F0BD19680029E9D0234668463A46A9
S214036590E9F7BEFADDE90003002BE0D1F0E702F0ED
S2140365A003BB0204C0F3891307D56FEA83536FEA6C
S2140365B0935313F5007F18B206D0A3F1C8006FF407
S2140365C0FF739842B8BF184670474FF0384359696F
S2140365D09A6903F500530A405A6170470E207047C4
S2140365E0EBF7AEB8EBF7ACB8EBF7AAB8EBF7A8B88F
S2140365F008B50846EBF7CAFC08BDEBF7A1B80220BE
S2140366007047022070470020704701207047002023
S21403661070470E20704700207047E7F719BD0846FD
S21403662011460122FFF741BB70B505460C461146DD
S2140366301A46EBF75DFD06682B462046B446BDE8D2
S2140366407040604710B5EBF753FDBDE81040836814
S2140366501847FFF710BEE7F723BCFFF7A9BBE7F71A
S2140366602DB970B504460D4616464FF4881100F052
S2140366701CF8324629462046BDE87040E7F742BE7E
S21403668038B505460C4604F010F9D5F890301C4092
S214036690D5F88C302343C5F88C3004F001F9211E5D
S2140366A018BF01210020490238BD38B504460D46FF
S2140366B004F0FBF8D4F890301D40D4F88C3023EA6D
S2140366C00505C4F88C5004F0EBF8284638BD38B5F9
S2140366D004460D464FF48811FFF7E7FF2946204688
S2140366E0BDE83840E7F736BE73B50D7806460C4668
S2140366F035B304238DF804302379304601A98DF889
S2140367000530FFF738FB0546B8B92278A37952BBA4
S2140367108DF80430E379304601A98DF80530FFF78C
S21403672014FB054648B923783BB161883046E6F743
S214036730E3FE01213046FFF7DBFC284602B070BDBE
S2140367402946FFF7D5FC29463046FFF7F2FC2946D3
S2140367503046FFF7F6FC2378002BCAD123798DF851
S21403676004306379C9E702228DF80420D3E7FFF7E4
S214036770E0BCFFF7EEBC0020704710B50446EBF70D
S21403678051FD21460020ECF7A1FBBDE81040002098
S21403679000F02BB970470120704708B5EDF7C4F930
S2140367A080F00100C0B208BD4FF0FF30FFF79EBB7C
S2140367B070470020704710B50C4603F037FE048080
S2140367C010BD38B50C46154603F030FE03881DB1E0
S2140367D01C43A1B2018038BD23EA040189B2F9E75C
S2140367E008B503F023FE008808BD08B503F01EFEB7
S2140367F0C07808BD08B503F019FE008800F00C0049
S21403680008BD08B503F012FE008800F00C00031F55
S2140368105842584108BD38B5054603F007FE0446FE
S2140368202846FFF7EEFF30B904F1100004F01DFA16
S21403683000F4406038BD4FF40060FBE738B505460A
S21403684003F0F4FD04462846FFF7DBFF014648B98C
S21403685010342046042203F029FD2044BDE83840C6
S21403686004F003BAA08838BD10B50C4603F0DEFD6D
S214036870848010BD38B5054603F0D8FD0446284687
S214036880FFF7BFFF30B904F1100004F0EEF900F48F
S214036890404038BD4FF40060FBE738B5054603F0CB
S2140368A0C5FD04462846FFF7ACFF014648B9103439
S2140368B02046062203F0FAFC2044BDE8384004F0E4
S2140368C0D4B9A08838BD38B5054603F0AFFD0446F5
S2140368D02846FFF796FF014608B1201D38BD103441
S2140368E00622204603F0E2FC2044F7E708B503F04F
S2140368F09DFD007A08BD08B503F098FD90F90900E0
S21403690008BD08B503F092FD807A08BD08B503F00C
S2140369108DFDC06808BD10B50C4603F087FD0472F4
S21403692010BD10B50C4603F081FD447210BD10B5C2
S2140369300C4603F07BFDC46010BD2DE9F8430F46FB
S2140369408046002107F110001646994603F0E2FD43
S2140369500446D0B103F06AFD0546204603F082FDE7
S214036960002102462846E4F761FF00232046AB7069
S21403697049F00401FFF71FFFA5F804802EB13A463D
S214036980314605F11000E5F7E1F82046BDE8F88347
S214036990F8B505460F461020002103F0BBFD04465C
S2140369A0B0B103F043FD0646204603F05BFD00212D
S2140369B002463046E4F73AFF002339462046B370D2
S2140369C0FFF7F9FE25B12A460121204603F07AFD9A
S2140369D02046F8BD08B503F029FD103008BD08B5FC
S2140369E003F040FD1038C0B208BD0020ECF796B99E
S2140369F008B5ECF7F1FB002008BD4088C0F30C0097
S214036A000330800840000430704770B50E460546D4
S214036A101146304603F07EFD044635B128B103F037
S214036A2005FD32462946E4F753FF204670BD00882D
S214036A30B0FA80F04009704738B50588002204464E
S214036A4004F07DF905B1258038BDF8B507460D4637
S214036A5000880021164603F021FDB042044605D106
S214036A6029463846BDE8F840FFF7E6BF0021204632
S214036A7003F014FDB04205D02046002103F00EFDBE
S214036A800446F3E72A462046002103F01BFD324660
S214036A902846BDE8F840002103F014BDF8B5058884
S214036AA007467DB1CCB22146284603F0F7FC854263
S214036AB0064609D100233B8000222146304603F0D8
S214036AC001FD35462846F8BD214603F0E7FC21467E
S214036AD00246284603F0F6FCEEE72DE9F047078862
S214036AE08246884614465FB3384603F0BBFC3D46F1
S214036AF00646E4B22146284603F0D0FC40458146CC
S214036B0016D1214603F0CAFC21460246284603F066
S214036B10D9FC474504D1454508BF0025AAF80050CF
S214036B2000222146404603F0CDFC3046BDE8F08700
S214036B308742FAD003F096FC30444D4686B2D9E736
S214036B403E46F2E700220123C0E900237047F8B56A
S214036B5004460127002603F0B5FE23683BB903F07D
S214036B60ACFE00226368012B0ED16360F8BD1D697D
S214036B701F61266003F0A1FE012DF2D02B462D697E
S214036B801E61012DFAD1E6E719691A610B46EAE799
S214036B90036823B94068012803D0EDF765B80020E1
S214036BA070474FF0FF307047F8B5054603F078FF9F
S214036BB0012306460027A8602B7303F083FE2B6889
S214036BC002467BB11C692169A1420CBF2F60196183
S214036BD02761104603F071FE012C08D02046636837
S214036BE09847EAE76C68012C04D103F066FE00239D
S214036BF02B73F8BD6169711AB1F1004FF5D821699D
S214036C0069602361E5E70220704702207047002091
S214036C1070470144884201D10120704710F8013BB8
S214036C209342F7D00020704770B50146064692B0EF
S214036C300020EBF723FD044670B9FDF7F1FF054688
S214036C4001466A462046ECF75FF86A462946204620
S214036C508DF80260ECF70EFB204612B070BD00B54F
S214036C6093B0FDF7DDFF6A4601460020ECF74CF8CB
S214036C709DF9020013B05DF804FB00B593B0FDF771
S214036C80CFFF6A4601460020ECF73EF89DF8000069
S214036C9013B05DF804FBEBF7FBBF012070477FB52D
S214036CA04FF6FF7101AAEDF751FA20B1BDF80C00BB
S214036CB007B05DF804FB4FF6FF70F9E708B510461A
S214036CC0EEF70AFABDE80840EEF7C4BA7047704715
S214036CD070477047704770477047704738B54FF630
S214036CE0FF750D800C46F6F7BBFA2080A8420CBF52
S214036CF02D20002038BD002100B593B06A46084613
S214036D00ECF702F8BDF8060013B05DF804FB0021AB
S214036D1010B592B004466A460846EBF7F5FF002125
S214036D206A460846ADF80640ECF7A4FA12B010BD62
S214036D30002100B593B06A460846EBF7E5FFBDF8B9
S214036D40040013B05DF804FB002110B592B00446AE
S214036D506A460846EBF7D8FF00216A460846ADF8B0
S214036D600440ECF787FA12B010BD70472DE9F04FD8
S214036D7087B00C4691460746FFF73CFD0546661C62
S214036D80304603F072FF042D40F090803846FFF73C
S214036D9021FE0378092203F00303012B14BF022309
S214036DA0032301212046039303F080FA09220021DE
S214036DB00546204603F07AFA21788DF81700013944
S214036DC00022204689B2FFF720FE04EB090883461B
S214036DD0F0B14FF0010A2A460146CDF800A0039809
S214036DE00DF11703FBF7DDFE0228054626D15846AC
S214036DF003F038FB00222070C0B2431E00929BB201
S214036E0052465946304604F029F8237853442370F3
S214036E103846FFF7E5FC020424D498F801302178BD
S214036E209B071FD50139A1EB09013A464046C9B273
S214036E30F1F710F923781844207013E020B9207076
S214036E40284607B0BDE8F08F032809D1404603F073
S214036E500CFF20F4007189B2404603F008FFD7E721
S214036E600428D5D10125002220462178FFF7CDFD41
S214036E7007460028E4D04FF00008014643460122A7
S214036E804046CDF80080FBF78CFE022819D1384621
S214036E9003F0E8FAC2B2013A207093B239460122EF
S214036EA03046CDF8008003F0D9FFC9E780F08005AF
S214036EB020F0800081B23046C5F3C01503F0D7FE3C
S214036EC0D1E70028BCD12070BAE708B50020FFF749
S214036ED064FC80F00100C0B208BD0A4608B501464E
S214036EE00020EDF781FBB0FA80F0400908BD0020D2
S214036EF0ECF7F4BA00210846EBF798BF0020FFF73B
S214036F004ABC70B5044603F0B0FE042200210646D0
S214036F10204603F0CBF9204403F0A7FE03220546E0
S214036F200021204603F0C2F9204403F09EFE4FF6EC
S214036F30FF730540ADB29D4214D1F30712D5062266
S214036F400021204603F0B2F9204403F08EFE0446E7
S214036F50EDF7BCFB844214BF02240624EDF7B0FB16
S214036F60204070BD2046FBF7EDFFC400E4B2F5E712
S214036F7008B5FFF7C6FF003818BF012008BD01207B
S214036F80704710B50446FEF71DFB08B9FEF71CFB59
S214036F9003050FD40C231B2B01D1002009E020FA94
S214036FA003F1C90703F1010206D5DBB2E31A58421F
S214036FB0584110BD0B23F9E71346ECE710B50C4612
S214036FC0098819B90846F7F7A3FC2080012010BDED
S214036FD008B510461A4600F08CFABDE8084003F0E0
S214036FE0E2BD70B504460D46164692B06A46EBF708
S214036FF08BFE6A46294620468DF81F60ECF73AF961
S21403700012B070BD10B50C46EDF73CFF2046BDE848
S2140370101040EDF74DBE0129F8B505460C461DD0C8
S21403702003291ED0052920D0072922D000260024B4
S21403703000270120EBF7BAFD304485421DDA032012
S214037040EBF7B4FD2044854219DA0520EBF7AEFDD5
S21403705038448542B4BF07200520F8BD6FF0040608
S214037060E5E76FF004040526E2E700266FF0040761
S214037070DFE7002405272646DBE70120EDE70320AC
S214037080EBE738B14379490023F00C0301F00C0118
S2140370900B434371704710B5044678B14179408875
S2140370A0490801F006010131000AFFF7B4FF024662
S2140370B001462046FFF7E5FF104610BD0722FBE713
S2140370C038B50D46EDF7CCFE044608B9002038BDAA
S2140370D0FFF7E1FF002DFAD1237913F00703F5D06C
S2140370E0984238BF1846C0B2F1E7EEF7C7B8002299
S2140370F0EEF7EAB90021012208B5EEF7E5F9401AE2
S21403710018BF012008BD38B51546FFF7F0FF044643
S214037110284603F087FE84B1FF2804D0626822FA6B
S21403712000F3DB0701D5012038BD01238340134359
S2140371306360E3780133E370F5E72046F4E7EEF7A0
S2140371401DBC10B503F072F900F11004204603F0DD
S2140371508CFD20F4007189B22046BDE8104003F090
S21403716086BD2DE9FF411546019101218DF80D30AD
S2140371701B0A8DF80E309DF82C308DF80C008DF818
S2140371800F3028460423009103AA9DF828809DF813
S21403719030709DF8346001F016FB044670B1294642
S2140371A0FFF762FBB8F1000F02D12046FFF7C9FFD5
S2140371B02FB146B93146204601F0D0F800242046C8
S2140371C004B0BDE8F081002220461146EEF75CFBD2
S2140371D0F4E74FF47A70EEF7B1BC08B5ECF758FD58
S2140371E0BDE808400020EEF7AFBD00B58BB068469B
S2140371F0EEF780FC009BBDF8060004A90693EEF7A5
S2140372001FFC0BB05DF804FB1FB504466846EEF79B
S21403721071FC02AB03CB2060616004B010BD1FB5E8
S214037220062304468DF80C30EEF7E8FE00238DF8AF
S2140372300D00CDE9003301210223204603AA01F005
S214037240C2FA04B010BD38B5002208210546FFF780
S214037250E0FC044698B9FFF74EFD22464FF6FF7151
S214037260EFF724F92846297CEEF79EFD287C6A6909
S214037270E989F0F799FCEEF70FFD204638BD0120AB
S214037280FCE770B50C4605460120EFF79BFC237B15
S2140372904BB1FFF730FD014623462A46BDE8704052
S2140372A00120EFF721B94FF6FE71F5E7F8B50E4664
S2140372B00746FFF78FFB054603F0D7FC00F4404074
S2140372C0B0F5404F14BF0022062202F10A03EB5C1E
S2140372D00B325C0004F00E045B08144403F038031E
S2140372E038461C44FFF77BFB844208D2001BC2B21D
S2140372F00F2A28BF0F2230462919E4F727FC204619
S214037300F8BDECF7C5BC40F62740F0F7CBB9FF2233
S2140373104FF6FF71F0F7FABA07B500210DF1070033
S214037320F0F72CFC9DF8070003B05DF804FB13B5DB
S214037330044601A90020F0F721FC019A01462046E5
S214037340F0F732FC204602B010BDF0B50F46002120
S21403735087B0044608461646F0F710FC0123054698
S2140373600DF10A008DF808408DF80930FFF74CFF41
S214037370092C1DD131460DF1120003F078FC05AB44
S214037380002102AA9B1A2846CDE90011DBB264212C
S21403739001F019FA0546E0B1092C15D1F0F74EFCB9
S2140373A0044688B12846F0F75DFC204607B0F0BDDA
S2140373B031460DF113008DF812704FF6FF7503F08A
S2140373C056FC0DF11503DBE7284600F014F80446D7
S2140373D0EBE70446E9E738B504460D4603F03CFD03
S2140373E040B1AC4206D0204603F02DFDBDE8384040
S2140373F000F0ACBF38BD10B50446FFF7EBFA023019
S21403740003F033FC4FF6F7739842204603D9BDE8E2
S2140374101040F0F7A1BDF0F7E1FDB0FA80F04009A7
S21403742010BD012070470022F0F7CEBC70B50446AD
S2140374300088FFF7CFFA0546043003F016FC06462D
S214037440A81C03F012FC054603F025FB3046F1F7B3
S214037450ABFF30B92846F1F7A7FF10B1284603F073
S214037460FBFCA378002023F00F03A37070BD70B558
S2140374700546FFF7AFFA0646284601F0C8F9014667
S2140374802846F7F779FE04462846FFF7D7F94FF65E
S214037490F773984208D8337803F00303012B05D11A
S2140374A0A31E5842584170BD0120FCE70020FAE7AE
S2140374B041F2033330B585B00D46ADF808300446C7
S2140374C0FFF719FC8DF80A00FFF715FC0021000AE8
S2140374D08DF80B0005232046CDE9001102AA8DF88E
S2140374E00C5001F070F910B12146FFF79CFF05B070
S2140374F030BD2DE9F041044617460D46E1B13F295C
S2140375004FF0000600D135462046FFF773F90828EA
S21403751014D10121204602F0C1FF064602F0A2FF65
S2140375200446304602F082FF3B4601462A46E0B256
S214037530BDE8F041FDF718BC0126E5E72046FFF756
S21403754059F9024630B9BDE8F0414FF6FF71012004
S21403755003F054BB2046FFF75EF9B0F5006F0ED17B
S2140375602046FFF76BF94FF6FF739842014617D094
S214037570002D0CBF03200520002203F03FFB294605
S2140375802046EEF739FA68B929462046F1F7AAFEEF
S21403759040B9324629462046BDE8F041F0F762BEC0
S2140375A00120E9E7BDE8F0817047704737B54FF62D
S2140375B0F675FDF738FB431E9BB2AB420446F8D87C
S2140375C0EDF74EFC0028F4D169462046ECF76AFF37
S2140375D00028EED0204600F09AFE0028E9D1204687
S2140375E0FFF788FD0028E4D12046F1F7DDFE0028EA
S2140375F0DFD1204603F030FC0028DAD12046FDF721
S2140376001DFB0028D5D1204603B030BD73B5044614
S2140376100E46F1F7C9FE054688B92046F1F71EFF68
S21403762021462B460D224FF6FD70009500F0A1F87B
S2140376303146204602B0BDE87040F1F7D1BE02B035
S21403764070BDF7B504460D461746FFF754FB0646CE
S214037650002D3FD04FF6FB739C423BD82046F1F7F4
S214037660A3FE08B1A64235D02046F1F79DFE10B121
S214037670012003B0F0BD2046FDF7E0FAC0B1A642F4
S214037680F6D0F4B169462046ECF70CFF0246C0B9C3
S21403769008216846FFF7BDFA98B9082269462846C6
S2140376A0E4F710FC68B129462046FFF7AFFFDFE793
S2140376B0A642E6D12846ECF763FF10B900F03DFE7C
S2140376C0D6E73FB121462846EDF770FD214628460A
S2140376D0F5F7ACFD0020CCE737B5054614460C2974
S2140376E014D8DFE801F02C132C131313071313130A
S2140376F0132424006946ECF7D5FE18B90121684621
S214037700F5F792FE41202946F8F7B2F9D4B12046A0
S214037710FFF760F9023003F0A8FA4FF6F7739842C2
S21403772010D9204603B0BDE83040F0F7CBBC40F696
S214037730144040F613430B2908BF1846E3E700F04E
S214037740EDFDE3E703B030BD1FB50346084603214E
S2140377508DF80D308DF80C1001230021ADF80E20A6
S214037760CDE9003103AA042301F02DF805B05DF836
S21403777004FB2DE9F34106460F4614461D469DF8C5
S2140377802080FFF7B8FAB04207D1002221463846D8
S21403779002B0BDE8F041FFF79FBF3A4631462046A8
S2140377A0FFF7D2FFADF8060060B10D2C05D100221D
S2140377B04FF6FF71282003F021FA35B9BDF806000D
S2140377C0FFF719FE02B0BDE8F081012342462946C1
S2140377D00DF10600ECF7B0F9BDF80630002BEDD13D
S2140377E0F0E7F7B50C460546FFF7F4F8611C0646C6
S2140377F02846F7F7C1FCA11C0746284600F02AFFD7
S214037800014604463846FDF747FA0D2F34D1204685
S214037810F1F7CAFD78B1301D03F027FA044628466F
S214037820F679FFF73AF831460246204603B0BDE83C
S214037830F040FFF768BCB01C03F017FA4FF6F77377
S214037840984202D92846F0F73DFC2046F1F706FE9B
S214037850FFF751FAA04205D1002003B0BDE8F0407F
S214037860FFF7A2BE6B46B068F16803C369462046BD
S214037870F1F7B6FD03B0F0BD2A463946204603B0FD
S214037880BDE8F040FFF728BF14220021E3F7CEBF80
S2140378902DE9F04F11F00F0704460E4615468FB03C
S2140378A05CD10120E1F740FC09A8FDF7F3FA0923B0
S2140378B009A88DF82430FDF7F1FA09A8E1F706FCCC
S2140378C001A909A8FDF77BFC26F00F08A84404F1DC
S2140378D0100904F10F0A454511D1236901A9334460
S2140378E0236109A8FDF750FC0020E1F71DFCB6F163
S2140378F0005F28BF272738460FB0BDE8F08F05AADC
S214037900234696469446186859680833ACE803003D
S2140379104B456246F6D12B46224605F1100B53F82B
S214037920041B5B4542F8041BF9D1714609A8FDF711
S2140379302BFC09A8E1F7CAFB224621460120E1F702
S214037940AFFB013D631E13F8012F15F8011F5345C6
S21403795082EA01021A70F6D15D46BCE70227CAE73F
S214037960F0B5174685B005460C461022002168463A
S214037970E3F75CFFBFB3C4B30F2C04F00F0608D9BC
S21403798024F00F043A4621462846FFF781FF40BB02
S2140379902744324639466846E4F7D8F880222F69EA
S2140379A006F1100337446B44B7F5005F03F8102C59
S2140379B02F61C6F110061AD3062E1FDDFB001A0E22
S2140379C08DF80A201A0C5BBA8DF80B20ADF80C3034
S2140379D06A4610212846FFF75BFF00202B69103B01
S2140379E02B6105B0F0BD3E46D8E72646D6E7022E05
S2140379F004DDFB005BBAADF80E30E9E76A461021FA
S214037A002846FFF745FF2B691022A3F11004002137
S214037A1068462C61E3F70AFFB7F5005F4FEAC40335
S214037A20CDD2E7E770B50E46054686B001A81446E4
S214037A30FFF72AFF3246294601A8FFF791FF2246A1
S214037A40054601AB05AE1C4603CCB442106051603C
S214037A50234602F10802F6D1284606B070BDF1F7B8
S214037A6055BD0A460021F1F751BDF0B58BB00C4663
S214037A7001A9F1F74BFD054680B325220021E01C42
S214037A80E3F7D4FE0123A3700E23BDF81070238002
S214037A90FA0510D523464FF4877206AE23F8042B57
S214037AA00DF1280C324603CA624518605960164623
S214037AB003F10803F6D13B0605D5238843F080037C
S214037AC02380069B636001AB03CB039BC4F81D00B6
S214037AD0C4F82110A361F2F7FDFE606128460BB0DF
S214037AE0F0BD30B505460C4687B001A8FDF7D2F9C0
S214037AF02868696802AB03C39DF8113043F002029D
S214037B008DF8112074B12288510644BF43F0060352
S214037B108DF81130530542BF9DF8113043F008032A
S214037B208DF8113001A8FDF7B0FAB0FA80F04009DD
S214037B3007B030BD2DE9F3410F460546164602F061
S214037B4091FC4FF00008C41BE4B2294623463A468C
S214037B503046CDF8008003F081F90121284602F073
S214037B609DFC88B10121284602F098FC074602F0E6
S214037B7079FC0546C3B2424630193946CDF8008033
S214037B8003F06CF92544ECB2204602B0BDE8F08160
S214037B902DE9F04F85B00C46054691461F464FF03B
S214037BA0010ADDF838809DF83CB002F05BFC224603
S214037BB03B4629460646CDF800A0484603F04EF954
S214037BC05146284602F06AFC3C4418B35146284600
S214037BD002F064FCF6B2B442814610DAE7B2F31B55
S214037BE0DBB2404622462946CDF800A003935F4405
S214037BF003F034F9039BBF1B984407F0FF0B0123E4
S214037C0000220E9349465B46404605B0BDE8F04F5A
S214037C1003F024B95B4622462946CDF838A0F3E79D
S214037C202DE9F041002686B0074608460C46154661
S214037C309846CDE9026604968DF8146002F012FCAD
S214037C40411BCBB20D2B28BF0D232A462146009697
S214037C5002A803F003F9424602A93846F1F7ACFD41
S214037C600646294620469DF80820F7F799FA304637
S214037C7006B0BDE8F0812DE9F04F0E46CBB00121EA
S214037C80054617461C4602F009FC23463A46294693
S214037C90814606A8FFF7C4FF0DF1280A00EB070B81
S214037CA05246314628465FFA8BFBFFF743FFB34540
S214037CB003D200204BB0BDE8F08FABEB06085FFAAB
S214037CC088F808F104039842F3DB331F18440423AF
S214037CD0C4B20193A31BDBB2009352464346002172
S214037CE0CDF808A006A8E1F78FF90028E1D1A4EBA8
S214037CF00B040AEB0803E4B25246284631460093C7
S214037D0001944346FFF744FF39462846F7F734FA0B
S214037D10394600F0F8022846F7F742FA01212846CA
S214037D2002F0BCFB002818BF4D462846ADF8165097
S214037D3002F098FB011FC9B20DF1160000F04FFCCC
S214037D400120B7E72DE9D841064600F060FD411C47
S214037D50044689B2304600F02DFD98B394B321460D
S214037D603046F7F709FA00F00C03042B074629D030
S214037D7000F00308B8F1020F00D11BBB384600F031
S214037D80B0FD3B060444A4B216D5611C304689B246
S214037D9000F010FDB0B121463046F7F7EDF9B8F123
S214037DA0010F014600F003030CD0032B0AD038461C
S214037DB000F0A6FD03199CB221463046BDE8D84123
S214037DC000F0F8BC0020BDE8D881F8B5064600F000
S214037DD0E0FC054604463046FEF7FCFD43785B07A9
S214037DE018D5AC1CA4B22146304600F0E3FCB8B16B
S214037DF029463046F7F7C0F90746691C304689B26C
S214037E00F7F7BAF91FB1874201D8FF2808D104EB68
S214037E104704A4B221463046BDE8F84000F0CABC89
S214037E200020F8BD13B5044601A8F1F71DFFBDF801
S214037E300430DA0710D49B0707D41022002120460B
S214037E4002B0BDE81040E3F7F1BC224621461020FD
S214037E50FFF7E8FD0028F0D102B010BD024608B5D2
S214037E60F1F72AFF510544BF0838C0B2130544BFD3
S214037E700838C0B208BDF0B5D30705460C468BB02C
S214037E804AD5008800F0C3FC00230646029314B9C3
S214037E90CDE9034403AC002208212046FEF7B9FED1
S214037EA0A8B12888FEF796FD023002F0DEFE2146D2
S214037EB00746ECF7F7FA50B100224023114638463E
S214037EC000F005FA40F6094528460BB0F0BD3146EA
S214037ED02888F7F751F910F0030F0CBF0126002688
S214037EE0F1F758FB46EA4000C0B200900021204656
S214037EF002AB05AAF3F72AF90546F1F74BFB002870
S214037F00E2D0002DE0D000212046009602AB05AA61
S214037F10F3F71CF90546D7E740F60A45D4E70023EE
S214037F201A46F3F77FB830B58BB005AD044628463E
S214037F30FCF7B0FF0223284601A98DF81430FDF79D
S214037F403EF9234601AA144603CCAC421860596096
S214037F50224603F10803F6D10BB030BD08B5002363
S214037F60024619461846F3F75DF8012008BD37B5F3
S214037F7004466846F3F7CEF8054648B1082221467C
S214037F806846E3F79FFFB0FA80F0400903B030BDC0
S214037F90FF2208212046FEF73CFE034628B10621B1
S214037FA02846FFF7BCFF0120F0E722460146F3F719
S214037FB039F8F8E707B56846F3F7ACF810B1684642
S214037FC0FDF76CFA00F0010003B05DF804FB012036
S214037FD0F3F776BD704730B50124054689B003A88C
S214037FE0FCF758FF01A88DF80C40E1F7CDF89DF893
S214037FF006209DF80730AA4209D0AB4209D103A850
S2140380008DF80D40E1F762F8012009B030BD002479
S214038010F5E70020F9E700221021FEF7FABD7047C6
S2140380207FB50D4600F582300D22694600F5807057
S214038030D5F744F86B462A4602AE1C4603CCB44238
S21403804010605160234602F10802F6D120681060E2
S2140380502379137100236B7304B070BDF0B585B03C
S2140380606A4605460B46164601F108071446186885
S2140380705968083303C4BB422246F7D118680D2259
S21403808020601B7905F582303146237100F5807038
S214038090D5F740F805B0F0BD38B504460D46E0F711
S2140380A065FBA04205D920462946FFF7B9FF002005
S2140380B038BD2820FCE730B5002485B08DF8004095
S2140380C0E0F754FBE5B2A84204D8F5F711F8002010
S2140380D005B030BD69462846FFF7C0FF0134EFE719
S2140380E038B50446002002F0ACFEFF2805460FD044
S2140380F002F0AFFE10F0010009D0284602F0A9FEF8
S214038100400840EAC17080F0010000F0010038BD6D
S21403811004F00100FBE70146F8B506460020F4F735
S21403812021FFFF2801D00120F8BDE0F70FFB002454
S2140381300546871CE0F70EFBE3B2984201D8002001
S214038140F2E735F82430B34203D117F82430002B76
S214038150E9D10134EEE738B50D460121044602F0B5
S2140381609DF930B10121204602F098F928800120BC
S21403817038BD20462C8000F020FC0130C0B2F7E763
S2140381802DE9F04788B00746894610460DF10A01E7
S2140381901D469046FFF7DFFF4FF0000ABDF80A6062
S2140381A004463046CDE905AACDF81BA002F05AF9DD
S2140381B0031BDBB20B2B28BF0B2322463146CDF81D
S2140381C000A005A802F04AFE48F21F039D4243D0D2
S2140381D00BD885F40043012B15D92346424649465E
S2140381E028460097FDF7A7F933E048F23A039D4285
S2140381F0F3D1FEF780FDB8422BD02246414605A8B0
S214038200FDF7CAF925E09DF8143013BBBDF81D40F1
S214038210DDF81500DDF8191003AB03C3204603A9E8
S214038220E0F798FC0122204603A9FFF70AFAA742C3
S21403823006460ED0012103A8F5F7F6F848F2010327
S2140382409D4206D12EB9334632463946204600F0C3
S21403825058FC08B0BDE8F0879DF81450002DF8D1FF
S2140382602F469DF815800234EAB24245F1D2D20079
S214038270D2B222440823314692B2009703A8CDE92E
S214038280037702F0EBFD03A800F074F802F0DBFDC1
S21403829000F05CF80135E7E710B5002441808480E0
S2140382A00480C280038110BD13B5BDF81040CDE92C
S2140382B000340023F5F786FB02B010BD13B5BDF8F6
S2140382C0104001900094F5F77DFB02B010BD07B592
S2140382D000930123FFF7F2FF03B05DF804FB0123CD
S2140382E0F5F716BC38B50546EFF7A8FC0446E0F7E5
S2140382F049FAA40144EA4020284038BD7047704735
S21403830000207047FF20704700207047704700200A
S21403831070474FF6FF707047002070477047002085
S2140383207047704700207047704700207047002052
S21403833070477047704700207047704770470020AB
S21403834070474FF6FF7070471720704770477047A7
S2140383507047704770477047012070470120704789
S21403836000207047002070477047704770474FF6ED
S214038370FF7070474FF6FF7070470020704700206D
S2140383807047002070477047002070472DE9F04F74
S214038390002785B081460C467E2039469846BDF8B0
S2140383A03CB09DF844A0BDF84C500192ADF80E7059
S2140383B002F0B0F80646002800F0AA8002F036F86D
S2140383C039467E22E3F732FA304602F02FF8009061
S2140383D0304602F02BF8B9F1FF0F0CBF274644F0E6
S2140383E003073B0A14F44062077043705FD14FF0F3
S2140383F00808C31C184642460199E3F769FA034680
S21403840004F44044434484B1790606D419464FEA3B
S2140384101B2201F802BB5A700B46B4F5004F56D028
S214038420A4F5404254425441E400224618460E99AD
S214038430E3F74EFA009A03462044A0EB02085FFADD
S21403844088F89DB14FF47C521A53841C284601F0D9
S214038450EDFF8346284602F005F8C5B22A4659467C
S2140384602046E3F773FB60190235EDB2B9F1FF0F4F
S2140384702FD05246109900F8019BE3F767FB08F1EB
S21403848001015AFA81F129443046EBF7EBFA0C2145
S2140384900022FF0007F0800710463943FEF778FAFC
S2140384A0ADF80E00E8B9002005B0BDE8F08FB2F5D0
S2140384B0006F80F803804FEA182880F8048000F1E4
S2140384C0050314BF4FF008084FF0020892E7022492
S2140384D0ABE708EB0A0129443046EBF7C3FA082159
S2140384E0D6E7304601F0A2FF0446304601F0BAFF55
S2140384F00123024621460DF10E00EBF71DFB002873
S214038500D1D10121BDF84820BDF80E0001F0DAFFF5
S214038510BDF80E00C8E710B50C46098821B9084611
S214038520F6F7F6F9208008B1012010BD0220FCE71B
S2140385302DE9F04780460F460646002402F1FF3930
S214038540BC4202D219F8015F25B9A6EB080080B237
S214038550BDE8F0879A46A5F13102012A5AF8041BB2
S21403856010D83246322D02F8011B06D10134A4B2CC
S214038570A74232D30912B21C717001345346164611
S214038580A4B2DDE7342D0CD10334BC42DDDA0B0A8A
S214038590317073700B0C090EB370321DF170A4B2F8
S2140385A0EBE7A5F13302062A0DD8303DADB22B1901
S2140385B0BB42CADA2A463046013CE3F789F915FA84
S2140385C084F47219EBE7A5F14102062A01D8373D78
S2140385D0ECE79D8803F1080AE9E71646B5E770B5A8
S2140385E0054600880C4601F03DFFA04228880AD2C3
S2140385F001F038FF0023221A19462846BDE87040CA
S21403860092B2EBF799BA2146EBF72CFA002070BD2D
S21403861038B5054601F00AFF0446284601F022FF56
S214038620002201462046BDE83840FEF7EEB9F8B50D
S21403863016460C461D46BDF8187001F0F7FE0444B6
S214038640304601F0F3FE3A4641192046BDE8F840AD
S214038650E3F73EB970B50C46013189B20646F6F724
S2140386608BFD214605463046F6F786FD00EB0520D2
S21403867080B270BD1FB50123ADF80C2000930A46E7
S2140386800223014603A802F0E9FB05B05DF804FBEC
S2140386900FB437B5069D0021A8B201F03BFF044690
S2140386A001F0C4FE2CB1002207AB0193D1B28D4278
S2140386B005D8204603B0BDE8304004B0704753F8F1
S2140386C0041B81540132F1E773B504460D4640207E
S2140386D00021164601F01EFFADF8060001F0A6FEC7
S2140386E0BDF8063013B9002002B070BD40213346F2
S2140386F02A462044FFF71CFF211889B20DF1060015
S214038700FFF76DFF0028EED1BDF80600ECE70EB4C8
S21403871003B503AA52F8041B0192FFF7D5FF02B074
S2140387205DF804EB03B070472DE9F7430F460121CC
S2140387308146164601F0B2FE054658B1FFF768FFBC
S214038740308088B9284601F08DFE68B1192003B041
S214038750BDE8F083484601F085FEFF2FA0EB070433
S214038760E4B214D014B934800020F0E72A46214638
S2140387702846FEF74AF980460028E7D03B464A4695
S21403878029460094FFF753FFA6F80080ECE7012084
S214038790DDE708B5FEF71EF9437803F001001A0774
S2140387A04CBF10300830DB0644BF0830C0B2103070
S2140387B0C0B208BD10B50C4601F054FEA04234BF4B
S2140387C00020012010BD7FB514460091024641F2F9
S2140387D0092141F609209DF820601D46002E18BF8A
S2140387E00146099B0020F6F7EFFCADF80E0010B922
S2140387F0002004B070BD01232A4621460DF10E0069
S214038800EBF79AF90028F3D1BDF80E00F1E738B577
S2140388100546FFF7BEFF0446284601F023FE631C09
S2140388209BB283420FD82846FEF7D4F843785B07FB
S21403883007D521462846F6F79FFC013004EB400493
S214038840E4B2204638BD0024FBE71FB5ADF80E00A2
S21403885001F008FE0446BDF80E00FFF7D8FF00F14E
S2140388600E03DBB2BDF80E200146E01A80B200907C
S2140388701046FFF7DCFEA4F10E0189B20DF10E00DF
S214038880FFF7ADFE04B010BD4278034612F00800B1
S21403889006D0D20702D403F10800704703F109009B
S2140388A0704737B505460C46FEF794F8437813F041
S2140388B0100212D09CB103F001021B074FF0000315
S2140388C02946009320464FF0080354BF183220323F
S2140388D002F0C4FA012003B030BD1046FBE7204681
S2140388E0F9E700F00303012B08D0C30606D400F013
S2140388F00C000C2814BF082009207047022070477C
S214038900034611F0030005D003F00303022B14BF44
S214038910022003207047F8B50C46064601F0A2FD78
S214038920631C834202D900252846F8BD21463046FB
S214038930F6F722FC0746FFF7D4FF3B060546F3D5BA
S2140389400444304601F08EFDA4B2631C9BB28342FE
S214038950E9D821463046F6F70FFC01463846FFF7BE
S214038960CFFF2844C5B2DFE770B506460D46FFF7CE
S214038970D2FF044610B90024204670BD294630466F
S214038980F6F7FAFB8206F7D5304601F06BFD254471
S214038990ADB26B1C9BB28342EDD829463046F6F740
S2140389A0EBFB00F01803082B14BF05340634E4B2BF
S2140389B0830644BF0834E4B2DEE738B50546FFF75E
S2140389C026FF044608B9002038BD01462846FFF7AF
S2140389D0CBFF0028F7D02044C0B2F5E72DE9F043DB
S2140389E087B005460C46FDF7F5FF804602F03DF9D5
S2140389F007462846FFF70BFF064601462846FFF7BD
S214038A008AFF0022034600922946324602A802F055
S214038A1025FA9DF8086006F00C030C2B06F00309F4
S214038A200BD0B9F1010F59D0F10657D49DF8093090
S214038A300DF10A050020637107E0FF230DF109001D
S214038A40637102F012F90DF10B05208198F80130DD
S214038A50DA0704D508F1020002F007F92081B9F11C
S214038A60010F5FFA89F83DD0F3063BD4284602F09F
S214038A70FCF86080A81C02F0F8F8053515F8013CF0
S214038A80208023712B78B006A37206F0400348BFFC
S214038A9043F02003390627D543F40073F80448BF90
S214038AA043F48063390548BF43F400633206E3802A
S214038AB011D56A7812F003020DD06FEA43436FEACA
S214038AC05343A978B8F1020FE3800B4611D1EB7834
S214038AD041EA0321218107B0BDE8F083FF230DF1AE
S214038AE00905A7E7FF23CCE77A0648BF43F480735C
S214038AF0D4E7012A04BF0B029BB22381EBE7F7F707
S214038B0015B80BB1F7F77EB80AB9F7F7F7B8FF2130
S214038B10F7F720B8431C08BF0020E4F73DB9000070
S214038B20034B5868C0F30800003818BF012070478D
S214038B3000ED00E0014B1868704700BFB8660020E0
S214038B40084B1B6F03F00703022B04D0032B05D03F
S214038B50012B05D0FEE7044B18687047034BFBE771
S214038B600348704700800050B8660020C0660020A7
S214038B70002D310108B5FFF7E3FF054B1B6FC3F369
S214038B8001330133B0FBF3F0024B186008BD00BF9E
S214038B9000800050B46600200048704700B4C40448
S214038BA000487047002D3101014B1868704700BF1D
S214038BB0C0660020174A9368C3F304430C2B0AD8F5
S214038BC0DFE803F00B0909090909072119091B1D29
S214038BD01F001148704700207047936803F04073E6
S214038BE0B3F1807F11D0B3F1007F10D0002B0B4878
S214038BF018BF002070470A4870470A4870470A485B
S214038C0070470A4870470A4870470A4870470A4838
S214038C10704700BF0040015A405DC60000093D0092
S214038C20C0EA210180BA8C010048E801005A6202BA
S214038C300024F40080841E0040420F00014B186895
S214038C40704700BFBC66002007B500F065FC6A46A7
S214038C5000F0C2FC18B14721034801F028FFDDE904
S214038C60000103B05DF804FBB7B703000229F8B5AB
S214038C7096BF104B00245C5C012805460E4608D0C0
S214038C80022809D008B944F002040B4B1F6837B911
S214038C90F8BD44F00804F8E744F02004F5E77B68E1
S214038CA01A68144203D0314628465B6898473F68E3
S214038CB0EDE700BF2A5204000C3E002038B5104DE5
S214038CC02B78ABB10F4C23781BB100F031FA00239D
S214038CD02370002001F0FEFE0B4C50B100F07AFA30
S214038CE00023012120782B70FFF7C0FF0123237098
S214038CF038BD0122054B1A702278054B1A70F7E728
S214038D00D45C0020D25C0020D95C0020D55C002017
S214038D10D65C00200E490B78FF2B01D198B1704723
S214038D200BB990B97047002814BF0122FF221344E1
S214038D300B7060B1074B1B78012B08D9064B1B78C9
S214038D402BB9FFF7BBBF1A46F1E70122EFE77047DF
S214038D50D85C0020D95C0020D55C002010B501F05B
S214038D60A4FD064B04461B781BB1BDE8104001F07A
S214038D7097BDFFF7A3FF2046F7E700BFD15C0020AF
S214038D8002282DE9F04147D029480378FF2B41D12B
S214038D90002941D11A461344DBB2037000293BD0A5
S214038DA0244E3278012A37D9002B3ED001F07DFDC0
S214038DB0214F04463B780BB3204D2B781BB9012279
S214038DC02A701F4A1370DFF87C8098F8003023B1AE
S214038DD000F0AEF9002388F80030204601F060FD6D
S214038DE0012001F077FE01F060FD2B7804461BB1ED
S214038DF000F0F0F900232B7000233B70204601F0AF
S214038E004FFD01243078A04206D02146FFF72EFFFF
S214038E10347001E013B931B9BDE8F081002914BFFD
S214038E200122FF22B7E70122B5E70224EAE700BFE3
S214038E30D85C0020D95C0020D45C0020D15C0020E4
S214038E40D55C0020D25C00202DE9F04385B0EFF31B
S214038E50108572B6AFF3008001F011FF002800F012
S214038E609280624E624F337823B10020FFF752FFA1
S214038E7000233370387878B903A900F01DFB044645
S214038E8050B95C4B039A1B689A4200F28480012017
S214038E90FFF740FF012333703B78002B40F09980A7
S214038EA0554B1B78002B00F091804FF00208534C73
S214038EB0DFF868912078404507D099F8003013B959
S214038EC04146FFF7D3FE84F80080B8F1020F0FD1B6
S214038ED0DFF8248198F8003053B9494B1B7823B93F
S214038EE000F020F90122474B1A70012388F800305E
S214038EF0207800F0F7F899F8003013B1424B1B784E
S214038F002370AFF30080284601F0DFFDEFF31085F2
S214038F1072B63E4B1A7852B100221A703A4B20783A
S214038F201B78984203D101212170FFF79FFE384832
S214038F3000F082FA01F0B7FE8046002893D12E4F48
S214038F403B789BB189F80000DFF8B89099F80030B9
S214038F501BB100F0EDF889F80080002001F0BAFD9F
S214038F60002839D000F036F900233B70337823B15C
S214038F700020FFF7CFFE0023337000212078FFF791
S214038F8075FE00232370AFF30080284605B0BDE8C6
S214038F90F04301F09ABD1F4BD3F8008000F048F968
S214038FA0039B80449845BFF472AF00F03BF9820000
S214038FB0039942F0020292B2CDE900422346164AD2
S214038FC0A1EB0801124801F087FD65E700F09CF865
S214038FD06BE74FF001086AE7012000F083F82846A4
S214038FE001F073FDEFF3108572B6B6E7D35C00208D
S214038FF0D85C0020143E0020D45C0020D95C0020FE
S214039000D75C0020D25C0020D65C0020CF5C00201A
S214039010183E0020103E00205D8D0300D55C002026
S21403902010B501F042FC0022054B1C781A7001F0C3
S21403903037FC00F005FBE4B22043C0B210BD00BF0E
S214039040D05C002038B501F030FC094B05461B7890
S214039050012B04D801F024FC0024204638BD054B20
S2140390601C6800F0E5F80444284601F019FCF4E710
S214039070D95C0020103E00201549164A0B6F10B528
S21403908003F007031360144A144C9269032B02F08F
S2140390900200C2F34002227017D0D1F8203103F049
S2140390A00703022B11D0D1F8803203F001030C4AD8
S2140390B0137048B143B9064BD3F8003103F00303EA
S2140390C0591E4B424B41137010BD0123EFE700BFFF
S2140390D000800050743E002000C00150DE5C00207B
S2140390E0DF5C0020012805D00238012808D80020BC
S2140390F0D1F7EEBA034A136923F00403136130BFB2
S214039100704700BF00ED00E0044B054AD3F820315A
S21403911003F007031360F8F7EFB900BF00800050B1
S2140391207C3E00200122014B1A707047DD5C002054
S214039130F8B51F4B1B78002B39D01E4C2378B3B9D8
S2140391401D4B9A6DD10302D5DA6D92072FD49B6D12
S214039150DB072CD401F003FD184B194A1860136F74
S21403916023F0070343F003031367FFF703FD01F040
S214039170F6FC124B134D1B68134EC01A2B78134F75
S21403918056F8232046F82300111A3A681048521A54
S2140391900A213A600932B2FBF1F20133DBB2026014
S2140391A0B3FBF1F201FB12332B7000232370F8BDDF
S2140391B0DF5C0020DC5C002000C000506C3E00201A
S2140391C000800050DB5C0020443E0020403E002030
S2140391D03C3E002008B5F8F790F90D4A0D49136F89
S2140391E0096823F007030B4313670B49D2F82031B2
S2140391F0096823F007030B43C2F82031074B1B789B
S21403920013B10122064B9A62BDE80840FFF7B2BCD1
S21403921000800050743E00207C3E0020DF5C00206F
S21403922000E00050014B1878704700BFDF5C002059
S214039230054B187818B1054B186800EBD000044BA3
S2140392401B681844704700BFDF5C00203C3E0020CC
S214039250703E002008B50D4B1A7892B100221A70A2
S2140392600B4A136F23F0070343F001031367D2F887
S214039270203123F0070343F00403C2F82031FFF73D
S21403928079FC0122034B5A6708BD00BFDD5C002052
S2140392900080005000E000500D490B68A0B100228A
S2140392A0A3B1834203D1836822B90B6003E01A4655
S2140392B09B68F5E7936083680BB9002070475A698B
S2140392C041690A445A61F8E7222070470220704732
S2140392D0883E002010B501F05EFC0A4C0A4B196864
S2140392E02368C31A09B9206010BD002BFBD04A6956
S2140392F09A423ABF9B1A0022D21A4A6128BF002319
S2140393008968EFE7843E0020883E002038B5154D77
S2140393102B682BB35B69B3B1134A022014681C4451
S21403932000F088FA204600F047FA00220F492B681F
S2140393300A70012A05D823B1D88880070AD50123E5
S2140393400B70002038BD022000F074FA022000F0F3
S21403935093FAEAE79B68002BF3D058690244E8E7E0
S2140393602220EFE7883E0020843E0020E15C0020B8
S214039370C38870B504460D463BB9FFF763FE8542C6
S214039380064602D2F9F734FA35460E4A6561136883
S2140393909BB91460A3600FE02D1A9868194665619F
S2140393A0034618B15869A842F6D941B18C60A36048
S2140393B013B15A69521B5A6170BD0021F2E714605B
S2140393C0F5E700BF883E002070B516469DF81420CA
S2140393D0C0E903360271049ABDF818300260002211
S2140393E004460D468260C38006BB01F0D4FB2844C6
S2140393F0A0613DB9E368656113B1204621689847CB
S21403940096B1354601F051FA0646FFF763FF294643
S2140394102046FFF7ADFF074B1B68A34201D1FFF7BA
S21403942075FF304601F03CFA002070BD01F0B3FB37
S2140394303044DDE7883E0020F8B50546D0B101F09C
S21403944034FA0646FFF746FF0B4B28461F68FFF71E
S21403945023FF044620B1304601F022FA2046F8BD29
S214039460AF42F8D1FFF752FF2228F4D1022000F0D2
S214039470EDF9F0E72224F1E7883E002038B50C46E4
S2140394800546A8B1A1B100230B7001F01BFA012118
S214039490084B1B6833B901F010FA002038BD9D4213
S2140394A004D121702278002AF9D0F4E79B68F1E70B
S2140394B02220F3E7883E0020F8B506460F4601F063
S2140394C001FA00250446124B1B6823B9204601F017
S2140394D0F4F91B2011E05A691544DA88B2420DD11B
S2140394E001F059FB0B4E3368C01AA8420AD3002377
S2140394F020463B6001F0E1F90020F8BDFF2EEFD0D7
S2140395009B68E2E701F047FB33682B441B1AEFE73F
S214039510883E0020843E002070B501F0D3F906464D
S21403952001F039FB084B044601201D6801F023FBBC
S21403953018B101F030FB04460135304601F0BDF9A1
S2140395402046294670BD00BF903E0020014B186898
S214039550704700BF8C3E0020F8B50C4B05461B68D1
S2140395600E4683420FD3002440F2E7302146084BD1
S2140395704FF47A721F680023E5FB0701E1F7EAFD63
S21403958030602046F8BD2120FCE700BF803E002067
S2140395908C3E00200F4B10B51A689AB14FF47A71BF
S2140395A0531E1342A0FB01010ED1B2FA82F2C2F19E
S2140395B01F04531CD243E04001FA03F3184321FA75
S2140395C002F20243104610BD0023E1F7C3FD024634
S2140395D0F8E700BF8C3E002038B5164B144683428E
S2140395E0154B8B4123D3154B1A6802B34FF47A7588
S2140395F0A0FB050305FB0131531E134211D1B2FA3A
S21403960082F3C3F11F055A1CDB4301FA02F2E8405A
S21403961021FA03F310431843E940C4E9000100208C
S21403962038BD0023E1F796FDC4E90001F7E72120E2
S214039630F6E700BFEFA7C64B378941008C3E0020F4
S21403964010B501F03FF9034B1C7801F036F9E4B28C
S214039650204610BDE05C002008B5084B1B7803F0DD
S214039660FF004BB101F07BFA054B1B689B69C01AE0
S21403967002288CBF0020012008BD00BFE15C00204B
S214039680883E0020C2072DE9F843044607D5474A1B
S214039690136801331360FFF71DFEFFF737FEA307BA
S2140396A040F1818001F00EF94FF00008054646466A
S2140396B0FFF710FE3E4F3C680CB16369A3B100226E
S2140396C03C4B012E1A7003D118F0020F18BF1E7000
S2140396D0FFF71CFE222802D1022000F0B7F8284626
S2140396E0BDE8F84301F0E9B823465A693AB91A794E
S2140396F02179914288BF1C469B68002BF5D12846EA
S21403970001F0DBF8D4F81080B8F1000F3FD001F079
S21403971042FAA269851AEB17454573F1000337DB56
S21403972023691344A36101232269CAB1C3B9A38B76
S214039730B8EB050833B1E28B13449BB2B3F57A7FDB
S2140397401CD2E38301F0BEF8054641462046FFF7E8
S2140397500FFEA369226928461344A36101F0ADF8FE
S214039760E36813B1204621689847B4F8068001F0F1
S214039770A9F801360546FFF7ADFD9CE7A3F57A7316
S214039780E383A36918F1FF38013BA361DAE7454693
S21403979001F098F881462046FFF77EFD484601F023
S2140397A08CF80023C0E7BDE8F88300BF903E002096
S2140397B0883E0020E05C002010B5044601F075F8F2
S2140397C04FF0B042936A1907FCD4136A116C5269BE
S2140397D0120704D4CA1A032A01D899420ED1E21AF0
S2140397E0022A98BFDC1CB4F1FF3F38BF013C4FF0A0
S2140397F0B04308221C6403F580539A6101F050F8C5
S214039800054A13783BB14FF0B041CB6B43F00203EC
S214039810CB630023137010BD236C002007B5044BE5
S21403982001A9187901F0E7F8019803B05DF804FB85
S2140398306850040000F001038207034A48BF43F060
S21403984008039361704700BF00100058820700F0BA
S21403985001030AD50121064A43F0080311704FF0AD
S214039860B041CA6B22F00302CA63024A936170478F
S214039870236C002000200058830742BF0822014BB8
S2140398805A6170470010005873B502AB164603E9D9
S2140398900600044600F052FF0546204600F05EFF31
S2140398A09DF800208DB1202C33780ED8012B2ED8AE
S2140398B04FF6FF752D4803EB4313234430F813107C
S2140398C0A94202D0013120F81310294B294E33F850
S2140398D0141036F81400814232D34FF6FF75A942AE
S2140398E04FF0010502D0013123F8141004F0FD01F6
S2140398F0092927D1998AB68A0A44B242B4BF9A8202
S2140399009E8233F81430834227D202B070BD022BF6
S214039910DBD14FF6FF704FF6FF75144B33F8141078
S214039920814218BF013104F1210018BF23F8141037
S21403993033F81010A9421CBF013123F81010C4E7F6
S2140399400025D0E71D2CDCD1598F8E18864203DA0A
S21403995001390A445A87D4E75887002DD5D12046C3
S21403996002B0BDE8704001F031B900BFE8580020EE
S214039970C05900206C59002038B50D46044600F047
S214039980A1FF064A13889BB22DB123431380BDE87B
S214039990384000F092BF23EA0403F7E7C65B0020D3
S2140399A00022034B01214FF480701A70FFF7E4BFC7
S2140399B0F262002008B5054B1868FCF72EFE00F08F
S2140399C00300C31E5842584108BD00BFE05500209F
S2140399D038B5044601F098F90C4B05461978187902
S2140399E081420FD0631E082B0CD8DFE803F0050D69
S2140399F00B0D0B0D0D0D0D0000220146044B1868D0
S214039A00FCF709FE284638BD0022F7E7516C002014
S214039A10E055002038B54FF0FF300C46FFF77AF8D4
S214039A200A4B05461868FFF775F8641B241A20B21C
S214039A3010F1630F06DB10F1240F05DA64308000A3
S214039A40C0B238BD0020FCE7FF20FAE7E05500204F
S214039A5008B5134B1B78062B04D040F6210111489A
S214039A6001F025F8104B1B881B0704D440F622018F
S214039A700C4801F01CF80D4B2A201978FFF7A8FFB5
S214039A8000210820FFF778FF0222094B1A70094BC2
S214039A901868E8F777FBBDE8084001F084B800BF14
S214039AA0F2620020DA4C0400C65B0020EF6200205E
S214039AB0806C0020E055002010B50E4C236823B9B7
S214039AC040F6A3410C4800F0F2FF2068013001F095
S214039AD0CCF800F0070003280AD1246809220121E4
S214039AE0204600F0E3FB205C031F5842584110BD9C
S214039AF00020FCE7D0550020DA4C040038B50C46AD
S214039B0040B100210420FFF737FF01F04CF8012C89
S214039B101DD038BD244B1B889B07F6D50129234A45
S214039B202FD1117869B30139C9B2117011B9202048
S214039B30FFF722FF00210220FFF71EFF04221C4B23
S214039B4000211C481A7000F05DFD01F02CF81A4C39
S214039B502068013001F089F800F44060B0F5006F2A
S214039B601FD1246801210422204600F09FFB2044D5
S214039B7001F07BF80146BDE838400022202001F0C2
S214039B803DB800210D4D02201170FFF7F5FE2B782E
S214039B90FF2B04D040F29961094800F088FF2C702F
S214039BA0B3E74FF6FF71E6E7C65B0020F1620020DD
S214039BB0F2620020C8690020D0550020816C002086
S214039BC0DA4C040038B5134C05462388580709D5E4
S214039BD0FFF7F0FE01460720FFF7FAFEFF210120FC
S214039BE0FFF78CFF238899070BD50B4B284619786C
S214039BF08A1F51425141FFF7EBFE01210020FFF778
S214039C007DFF23881B0703D5BDE83840FFF720BF39
S214039C1038BD00BFC65B0020F2620020F7B5124CC9
S214039C20D4E9006586EA020C85EA03070CEA000C11
S214039C300F405CEA070E15D086EA0C067D40C4E9A1
S214039C400065CDE900230B46084902460868FCF781
S214039C50A6F838B14FF4FD71054803B0BDE8F040EF
S214039C6000F025BF03B0F0BDA8150020E055002086
S214039C70DA4C040008B50A4B1B88DB0604D440F60E
S214039C804701084800F013FF00211020FFF774FE79
S214039C90002000F06BFBBDE8084000F084BF00BF67
S214039CA0C65B0020DA4C04002DE9F04F57068046C9
S214039CB014461D4691B005D5FFF77CFE01460120EC
S214039CC0FFF786FEEE0403D500212D20FFF780FE66
S214039CD0A00224D54046FCF74CFD0146F8B94020C7
S214039CE0FFF74AFE40460AA9FCF720F9B8B99DF8E3
S214039CF03030022B40F0D980BDF8280001F0A3F8DD
S214039D00FF2808D14046FCF70FF940B9012140204F
S214039D10FFF732FE03E001F09AF80028F2D1A10320
S214039D2005D5FFF747FE01460320FFF751FEE20184
S214039D3004F0807640F1C080854B1B889B072DD5A9
S214039D40844E3068FCF787F840BB834B834F18700C
S214039D503B78FF2B04D040F25761814800F0A7FE02
S214039D604FF0000900210220FFF706FE87F8009057
S214039D707C4F3B78062B07D101210820FFF7FCFD1B
S214039D8049462820FFF724FE3B78052B06D1002101
S214039D902B20FFF71DFE3068E8F7F4F900F003FF09
S214039DA0220717D56B4F0321386805AAFCF76DF811
S214039DB0064620B940F2C961694800F078FE9DF86E
S214039DC01430072B00F0D080FFF7F4FD0146042083
S214039DD0FFF7FEFDE10505D5FFF7ECFD0146042080
S214039DE0FFF7F6FD14F4863F05D0FFF7E3FD0146C3
S214039DF00220FFF7EDFDA20113D5FFF7DBFD0146B9
S214039E000820FFF7E5FD00210420FFF7B5FD554BBD
S214039E101B78012B03D14F4B1868E8F7B3F900F012
S214039E20C2FE14F0084F09D0FFF7C4FD0146072011
S214039E30FFF7CEFDFF210120FFF760FEA30009D543
S214039E40FFF7B8FD01460620FFF7C2FDFF210120FC
S214039E50FFF754FEA70705D53D4B1B881E0701D504
S214039E60FFF7F6FD6C0603D500210A20FFF7B0FDC9
S214039E70280602D50120FCF78DFCE90540F1858113
S214039E8040460AAA05A9FCF7C4FB9DF81430222B0A
S214039E9000F06D8100F28281152B40F26A8140F654
S214039EA00A112F4800F003FE6FE1032B7FF437AF50
S214039EB00AA800F0C4FF30E705F0020756EA0703D6
S214039EC00DD0284B26201978A1F1060EDEF10001ED
S214039ED041EB0E01FFF77CFD0121304611E004F053
S214039EE0805656EA07030FD01E4B26201978A1F199
S214039EF0060CDCF1000141EB0C01FFF769FD0221C2
S214039F003846FFF7FBFD4BE704F0884151EA0603AA
S214039F1009D0144B272019788F1F79427941FFF710
S214039F2057FD0221D9E705F008030B4302D023208F
S214039F30FFF74EFD680703D500212420FFF748FDF1
S214039F40E9077FF52DAF00212520FFF741FD27E721
S214039F50C65B0020E0550020F1620020816C0020E3
S214039F60DA4C0400F2620020314638680AAAFBF78E
S214039F7092FF20B14FF4DA619E4800F098FDBDF8D9
S214039F801630386802330AA9ADF82C30FBF785FF84
S214039F9020B140F2DF61974800F089FD002300936B
S214039FA031460423386804AAFBF779FF042804D053
S214039FB040F2E4618F4800F07AFDDFF8589299F892
S214039FC00030C3BB0DF1110000F04FFE00F0070098
S214039FD0022830D1FFF7EEFC01460920FFF7F8FC14
S214039FE0854B1B78062B23D1844B9DF813201B78B7
S214039FF09A421DD19DF8353023B940F2FA617D4867
S21403A00000F055FD0DF1110000F02FFEC0F3001611
S21403A01031462920FFF7DCFC00210820FFF7ACFCC3
S21403A020774B1E70FFF748FD10B93868E8F7AAF8B3
S21403A03000F0B9FDCEE6BDF816000121083080B267
S21403A04000F068FA039030B9FFF7B4FC0146042029
S21403A050FFF7BEFCECE700F0E9F905AA0146064661
S21403A0603868FBF724FF99F800A0BAF1000F22D155
S21403A07006F1010B584600F0F8FD83065AD53868FA
S21403A080FCF777FB0746FFF795FC05370146F8B262
S21403A090FFF79EFC584600F0E8FD00F00700032893
S21403A0A0584F2DD001210420FFF766FC4FF0FF30F8
S21403A0B0FBF71CFF386000225349BDF816300978B9
S21403A0C0F718F1549DF83630BB709DF83730FB70A7
S21403A0D00A9B190E3971190C7971FB71190A99F8D3
S21403A0E00030B97123B9737892B343F020037370C9
S21403A0F0002000F069F97870039800F071FA97E78A
S21403A10001210922304600F0D1F8305C01210428F1
S21403A110C9D1FFF731FC4FF0FF30FBF7E7FE3B4BAF
S21403A12038601B885806C6D551464020FFF724FCE6
S21403A1300122C1E7FFF73EFC01460920FFF748FC72
S21403A1402D4B1B78012BB6D13868E8F71BF8B2E71E
S21403A15023F02003CBE701227E33DBB202FA03F3BC
S21403A16013F00A1F31D113F0011F3FF498AE2720D6
S21403A1702CE0012202FA03F3254A1A402ABB13F005
S21403A180041FF4D1DA077FF58AAEAB052FD501217C
S21403A190802011B0BDE8F04FFFF7EEBB652B1AD851
S21403A1A0622B12D8452B0CD8422B0ED8352B06D84B
S21403A1B0322B0AD8252B08D9322BD8D06FE6422B60
S21403A1C0FBE7552B05D8522BF7D92620FFF7FAFCC9
S21403A1D0DBE7622BF1E7952B3FF661AE812BBAD80E
S21403A1E0722BC4D0733B022B3FF659AEEDE711B08A
S21403A1F0BDE8F08FDA4C0400F2620020EE62002025
S21403A200806C0020CC550020826C0020C65B0020AA
S21403A2103A003800F5620020024B1878B0FA80F056
S21403A22040097047F262002008B5064B4FF0FF3135
S21403A2301868FCF714FA0028B8BF033040F3870009
S21403A24008BD00BFE055002008B5074B1868FBF7AC
S21403A2503BFD30B1054BB3FBF0F083B20BB11846B0
S21403A26008BD0120FCE700BFE055002040420F0078
S21403A27038B510200C460121FFF77EFB064B1D6800
S21403A280FFF7E2FF012200FB04F1044B2846FCF72C
S21403A290CBF9002038BD00BFE0550020759C0300B5
S21403A2A0014800F004BC00BFF44C0400032A70B558
S21403A2B0144602D82C4B985C70BD81F0010519B981
S21403A2C00D2A07D1FF20F7E70D2A03D100780538BA
S21403A2D0C0B2F1E7084400F0C8FCC5F1040110F46D
S21403A2E040660246C9B209D1042C0846E4D0052CC0
S21403A2F016D112F0400F18BF0846DDE7C5F1060376
S21403A300042CD8B2D8D0B6F5006F03D1C5F1080532
S21403A310E8B2ECE7B6F5406FE9D1C5F10E05F7E70D
S21403A32012F4404107D1062CC6D0072CC4D0082C03
S21403A33013D10130CCE755065CBF831CD8B2062C7C
S21403A340BAD0B1F5004F02D1831CD8B2EDE7B1F510
S21403A350404FEAD100F10803F7E7130744BF05307F
S21403A360C0B20C2CA8D9ADE7C8980400AC2370B5CE
S21403A370094C054603FB00435E6D26B940F2FD31EA
S21403A380064800F094FBAC2303FB054400236365F7
S21403A3903346BDE870401847E4550020314D0400AD
S21403A3A010B40C461146AC22064B02FB0033586D24
S21403A3B020B95C655DF8044BFFF75ABF02205DF8D1
S21403A3C0044B7047E4550020AC22034B02FB0033DA
S21403A3D093F8A800704700BFE455002028B1034B4C
S21403A3E01B68C01A4010013080B27047A456002084
S21403A3F030B1044B00F100401B68013803EB40000A
S21403A400704700BFA4560020064B1B68834206D83D
S21403A410054B1B68834294BF002001207047002031
S21403A420704700BFA4560020A056002010B504466F
S21403A43008B9002010BD00F075FC20B940F2CD41EC
S21403A440074800F034FB2046FFF7D2FF0028F0D081
S21403A4500388DB0B14BFD0F80A000830EAE700BF16
S21403A460084D040010B508B9002010BDFFF7C0FF63
S21403A470044600F04EFC20B94FF49D61064800F0F8
S21403A48016FB002CF0D02388DB0B0ABF60882089DC
S21403A490C0F30C00E9E700BF084D040038B5FFF72A
S21403A4A0A7FF0D46044650B100F033FC20B940F236
S21403A4B04151034800F0FBFA023534F8150038BD65
S21403A4C0084D040070B5FFF793FF0C461646054685
S21403A4D0B0B100F01EFC20B940F24D510C4800F01C
S21403A4E0E6FA3046FFF784FF00F013FC20B940F28B
S21403A4F04E51074800F0DBFA023425F8146070BDAD
S21403A50040F25251BDE87040014800F0D0BA00BF97
S21403A510084D04002DE9F8430746884600F069FB1A
S21403A52020B940F28E512A4800F0C1FAFC1CA40858
S21403A530284B64000434B7F5005F1E68A4B204D346
S21403A54040F29551224800F0B2FA00F0BBF92249D6
S21403A55081460B687BB9214B1D68761BC6F34F06F5
S21403A560B44227D90025484600F0A7F92846BDE897
S21403A570F843FFF733BFB8F1000F11D0174A156839
S21403A5805A1BC2F34F029442ECD81448620005EB00
S21403A59044040460B8F1000F0FD113440B600CE0C1
S21403A5A0F61AC6F34F0676B940F2A651084800F0ED
S21403A5B07EFAD7E705EB44041C6000236F80AB806C
S21403A5C0EB802B80CFE7B442CCD8044A1568DCE78F
S21403A5D0084D0400A856002090560020A0560020E0
S21403A5E038B5054600F06EF90446294604480022AD
S21403A5F000F0A5FB2046BDE8384000F05EB900BF7A
S21403A600CC5B002082684B4B2DE9F0419A4204460E
S21403A6100E46056815D121B140F21311464800F0E5
S21403A62046FA00F04FF923691BB92B682BB924614E
S21403A6302C60BDE8F04100F040B91A6922611C6144
S21403A640F6E700F02DFA8046FEF76AFA20B14FF4DB
S21403A6509571394800F02BFA6FF000439E4221694A
S21403A6604BD22B7B08EB0602002B4DD0AB689342F4
S21403A6704AD1531C002949D06169994242D01EB978
S21403A680521AB2F1004F3DD9636123696E689C424A
S21403A69003D19D21284800F00AFA2F460023B4422E
S21403A6A00BD0002B41D172696169891AB1F1004F51
S21403A6B032D83269374694422CD12269BD420CBF48
S21403A6C06A603A617BB92669B44203D1B8211A4855
S21403A6D000F0EDF93B46012E05D062697169521A06
S21403A6E0B2F1004F23D99D420BBF6B681A692361F1
S21403A6F022610CBF6C601C6104E0434431B16269A3
S21403A7009342C1D1BDE8F0811346B3E76A6822617C
S21403A7106C60B9E71646C6E7A8EB0202B2F1004F33
S21403A720C7D93B4637463669B9E71F46F9E7334686
S21403A7303669D0E75D3C02001C4D04000823064A38
S21403A74012F8011B814205D0013B13F0FF03F7D13A
S21403A7501846704701207047799904000823064A73
S21403A76012F8011B814205D0013B13F0FF03F7D11A
S21403A77018467047012070477199040010B50822E7
S21403A78007490446E1F79EFBB0FA80F04FF6FF73E5
S21403A7902289400940009A4208BF40F0010010BDDC
S21403A7A08A99040030B504460D4685B002B9084AB6
S21403A7B01068516801AB03C301AB03CB206020468E
S21403A7C0ADF80C501B886160238105B030BD00BF17
S21403A7D0DCD50300002270B50A4B1C780A4BD5B2B1
S21403A7E0AC4202D800200C7008E01E880132864274
S21403A7F005D30D701B881B1A5842584170BD12337F
S21403A800EDE700BF6F6200206C5B002010B5164BAF
S21403A810187860B1154C2368CBB14FF470720020E2
S21403A8201349FFF7BDFD2368013B236010BDFFF707
S21403A830FBFC1049104A91F90040136884420B4C04
S21403A84003F1010313602368B8BF087053B90B48BC
S21403A85000F09DFA0028E9D1BDE8104001460748FC
S21403A860FFF7D0BE0822DAE7426300201C57002019
S21403A8700DA803003D63002014570020946B0020AE
S21403A880054B1B682BB9054B1868003818BF012009
S21403A89070470120704700BF0C5700200857002060
S21403A8A010B962B6BFF36F8F7047EFF3108072B6BE
S21403A8B07047302383F31188704780F31188BFF302
S21403A8C06F8F7047EFF31180302383F3118870473F
S21403A8D0002070474FF4004070474FF47A7070477B
S21403A8E00122417803788A4030214B4341F210011C
S21403A8F003F1A04303F570335A507047B0F5802F29
S21403A90024D010D8B0F5003F22D006D828B3B0F52F
S21403A910803F14BF012048207047B0F5403F14BF66
S21403A92001202C207047B0F5302F13D008D8B0F58F
S21403A930E02F11D0B0F5202F14BF01201020704750
S21403A940B0F57F0F14BF0120062070474B207047D9
S21403A9502A207047112070472120704708B570B130
S21403A96000F022F84FF098435A6CD202FCD5586D8B
S21403A97010F4702004D0BDE80840FFF7BFBF2120C5
S21403A98008BD08B528B128220021E0F74FFF0020B4
S21403A99008BD2120FCE7036A042B9FBF00EB83025C
S21403A9A00133D16003627047036A052B14D84FF056
S21403A9B09842116CC902FCD504339B0013650168E9
S21403A9C0103B11604168116050F8081F11604FF08A
S21403A9D098420344984200D1704750F8041F116010
S21403A9E0F8E7836813B9816070475B685A68012A81
S21403A9F0FBD15960704709B100F008B822207047B0
S21403AA00012100F046B8002100F043B870B50646B1
S21403AA100D46FFF757FF04461D2E37D8DFE806F02E
S21403AA200F18361C1E203622243636362628362A9B
S21403AA302C2E303636363634363636363632FEF743
S21403AA407FF8002628602046FFF737FF304670BDA4
S21403AA500120CFF7D7FBF4E70320FAE70420F8E753
S21403AA600C20F6E70220F4E70620F2E70720F0E7DB
S21403AA700820EEE70520ECE70920EAE70A20E8E7E6
S21403AA800D20E6E71020E4E70B20E2E7002021266E
S21403AA90D8E70020704708B5FEF7D6F880B208BDA1
S21403AAA008B5FEF7D1F808BD704742DE704738B5E3
S21403AAB004460D4600F008F8FFF7FBFE294620463D
S21403AAC0BDE83840FFF7F1BF704710B962B6BFF371
S21403AAD06F8F7047012070472DE9FF410D461646DC
S21403AAE01F460446A8B14FF00008C0F81C80FEF7C6
S21403AAF0A3FCBDF82C30424602939DF82830294625
S21403AB00CDE9007320463346FEF75EFC04B0BDE88D
S21403AB10F0812220FAE7F0B51F46002387B00D46E2
S21403AB20164604468DF81730A8B1C3610DF1170118
S21403AB30FEF7A4FC9DF817207AB9BDF834302946F1
S21403AB4002939DF830302046CDE900733346FEF776
S21403AB503BFC07B0F0BD2220FBE70320F9E738B53E
S21403AB60FFF7B0FE054600F016F804462846FFF742
S21403AB70A4FE204638BD4FF0B04301285B6904D0DD
S21403AB80022805D1C3F3C000704703F001007047E5
S21403AB900020704770474FF0B0439A6A1207FCD400
S21403ABA0186A7047704708B5FFF7FCFF00F01DF8FA
S21403ABB008BD10B5FFF779FE012104460846FEF7E7
S21403ABC0DFF82046BDE81040FFF76ABE10B504461E
S21403ABD000F012F82046FAF7F7FF2046F8F72CF9AC
S21403ABE0BDE81040F9F7EFBC704708B5FFF7FCFF68
S21403ABF008BD0120704770470020704730B589B004
S21403AC000446ADF806108DF81020FFF797FD0546AD
S21403AC102046FFF7A3FD03469DB1BDF80600ABB97A
S21403AC2000F0BAF8FF2808BF00200DF10F038DF8D7
S21403AC300F001A46204604990593FEF725FE09B031
S21403AC4030BD0028F5D00DF10603F2E700F0A4F8B6
S21403AC50FF2808BF0020BDF806308DF80F00ADF8BA
S21403AC601A308DF8180006ABE3E7008870470170CA
S21403AC70090A41707047012070470120704738B5B4
S21403AC80DFF714FD0446D4F743FD051E18BF25461B
S21403AC90D4F710FE041E18BF2C46FFF7ECFF00285F
S21403ACA018BF204638BD38B5FEF7BAF90446F7F79D
S21403ACB0C3FA04281ED002284FF0000508BF01245B
S21403ACC0F8F762F9042817D0022808BF0124F7F71B
S21403ACD0F2FE042812D0022808BF0124FFF7CDFF96
S21403ACE004280DD0022808BF0124002D18BF002415
S21403ACF0204638BD0125E3E70125E8E70125EDE712
S21403AD000024F5E7FF20704708B5FFF7FBFF002098
S21403AD1008BD08B520B1FFF777FB00F0010008BDBA
S21403AD200120FAE708B5FFF763FBBDE80840FFF725
S21403AD30F0BF008810B1C9B2FFF7B0BB70472DE96A
S21403AD40F041B0F8008006460C46D5B2B8F1000FC5
S21403AD5011D029464046FFF7A1FB2246074629465F
S21403AD604046FFF7AFFB3A4629462046FFF7AAFBC5
S21403AD703480BDE8F0810F46F5E703461B88084696
S21403AD808B4202D00021FFF789BB00207047006981
S21403AD90003818BF0120704700207047F8B50646F4
S21403ADA00D46FFF7EBFC0328044621D02846FFF7A1
S21403ADB0E5FC032807461BD010F0020318D1A007B2
S21403ADC00DD5F90716D401233C43E20704D4318991
S21403ADD02A89914218BF002303F00100F8BD082218
S21403ADE029463046E1F76EF8B0FA80F35B09EBE7E5
S21403ADF00020F3E71846F1E770B50D460021064636
S21403AE00FFF797FF044630B1FFF710FB01462846CD
S21403AE10FFF7C4FF08B1204670BD21463046FFF752
S21403AE20ACFFEFE707B50DF10701FFF7D3FC20B141
S21403AE309DF8070003B05DF804FBFF20FAE7002047
S21403AE407047FF207047FF207047FF2070470020A1
S21403AE507047002000217047002070472DE9F84313
S21403AE6007460846154688461C469DF82090FFF779
S21403AE70DDFA4619A4B19EB14046FFF7F3FA25441E
S21403AE8085420FDC2246B9F1000F06D1314638461B
S21403AE90E0F71EFD0020BDE8F88339463046F7E7A5
S21403AEA02120F8E71D20F6E7000000000000000060
S21403AEB0000000000000000000000000000000008A
S21403AEC0F8B500BFF8BC08BC9E467047F8B500BF8F
S21403AED0F8BC08BC9E4670475FF800F07564002017
S21403AEE05FF800F011650020446576696365207499
S21403AEF0797065206368616E676520646574656351
S21403AF007465643A202564202D3E2025640D0A00CE
S21403AF1050726573732064657465637465640D0AA3
S21403AF20004D756C74692070726573732064657464
S21403AF3065637465643A2025640D0A0052656C6582
S21403AF406173652064657465637465640D0A004CFB
S21403AF506F6E6720707265737320646574656374BF
S21403AF6065640D0A0072656C61795F73746172744F
S21403AF705F6C61746368696E675F70756C73653A5E
S21403AF8020616E6F746865722070756C73652069D6
S21403AF9073206163746976650D0A0072656C617966
S21403AFA05F6F6E0D0A0072656C61795F6F66660D82
S21403AFB00A0072656C61795F746F67676C650D0A6A
S21403AFC00057726974696E6720636F6E66696720DF
S21403AFD0746F206E763A2025730D0A0053697A65DE
S21403AFE03A2025640D0A004661696C656420746F17
S21403AFF0207772697465204445564943455F434F3D
S21403B0004E4649475F4441544120746F204E562CA8
S21403B010207374617475733A2025642E2028627930
S21403B0207465733A202564290D0A00737563636596
S21403B0307373210D0A004661696C656420746F2082
S21403B04072656164204E565F4954454D5F444556CC
S21403B0504943455F434F4E4649472C207573696EF7
S21403B060672064656661756C7420636F6E666967D6
S21403B07020696E73746561642C20737461747573D0
S21403B0803A2025642E202862797465733A20256455
S21403B090290D0A005573696E6720636F6E666967CC
S21403B0A03A2025642063686172732066726F6D0DA3
S21403B0B00A25730D0A0072636F31797A62313B5445
S21403B0C053303034462D4C49444C3B424130753B5B
S21403B0D0534230753B4944303B425443313B4D3B2E
S21403B0E0004E6574776F726B20737461747573208A
S21403B0F06368616E67656420746F2025640D0A00BB
S21403B1004D616E75666163747572657220746F6FD8
S21403B110206269670D0A004D6F64656C20746F6F5B
S21403B120206269670D0A00496E697469616C697A01
S21403B130696E67205A696762656520776974682057
S21403B14025642073776974636865732C20256420EF
S21403B15072656C6179732C20256420636F76657243
S21403B1602073776974636865732C20256420636F86
S21403B170766572730D0A00436F6E666967207061A9
S21403B18072736564207375636365737366756C6C3D
S21403B190790D0A00726561642076657273696F6E55
S21403B1A020666F726D206E6577206C6F63617469BD
S21403B1B06F6E0D0A004661696C656420746F2077B4
S21403B1C072697465206C6173745365656E56657237
S21403B1D073696F6E20746F204E562C2073743A205A
S21403B1E025640D0A004F6C642076657273696F6E72
S21403B1F03A2025640D0A0043757272656E742076D4
S21403B200657273696F6E3A2025640D0A00524553C2
S21403B210455420414C4C210D0A0068616C5F6770F1
S21403B220696F5F63616C6C6261636B3A2065787407
S21403B23069206C696E6520256C642073746174756F
S21403B2407320256C750D0A0068616C5F6770696F03
S21403B2505F63616C6C6261636B3A206E6F2066722B
S21403B26065652045585449206C696E65730D0A0060
S21403B2702F686F6D652F72756E6E65722F776F729E
S21403B2806B2F747579612D7A69676265652D73779F
S21403B290697463682F747579612D7A696762656569
S21403B2A02D7377697463682F73696C6162735F7457
S21403B2B06F6F6C732F73696D706C69636974795FF4
S21403B2C073646B2F2E2E2F2E2E2F7372632F73699C
S21403B2D06C6162732F68616C2F7A69676265652E8D
S21403B2E0630044726F7070696E67206F6C64204FE2
S21403B2F0544120696D6167652C2063757272656EB3
S21403B30074206F66667365743A20256C750A00555B
S21403B3106E6B6E6F776E20636F76657220636F6DEC
S21403B3206D616E643A2025640D0A00556E6B6E6F70
S21403B330776E20636D642025640D0A00427574746D
S21403B3406F6E2070726573732064657465637465CD
S21403B350642C20627574206E6F20627574746F6E31
S21403B36020697320707265737365640D0A004275F5
S21403B37074746F6E206C6F6E6720707265737320C3
S21403B38064657465637465642C20627574206E6FDF
S21403B39020627574746F6E206973206C6F6E6720FD
S21403B3A0707265737365640D0A004E6F20636F7663
S21403B3B065722073776974636820636F6E66696766
S21403B3C020696E204E562C207573696E672064655F
S21403B3D06661756C74730D0A0041747472696275E4
S21403B3E07465206368616E6765642C2065703A2017
S21403B3F025642C20636C75737465723A2025642C5F
S21403B40020617474723A2025640D0A00506F6C6CC8
S21403B41020636F6E74726F6C3A2073656E64696E28
S21403B4206720636865636B2D696E0D0A005A434C8B
S21403B4302061637469766974792C20656E7465720D
S21403B440696E67206661737420706F6C6C0D0A00FA
S21403B450506F6C6C20636F6E74726F6C3A20636807
S21403B46065636B2D696E20726573706F6E73652CE2
S21403B47020666173743D25642C2074696D656F7551
S21403B480743D25640D0A00506F6C6C20636F6E74F8
S21403B490726F6C3A206661737420706F6C6C2073E5
S21403B4A0746F700D0A00506F6C6C20636F6E74724D
S21403B4B06F6C3A20736574206C6F6E6720706F6CC8
S21403B4C06C20696E74657276616C3D256C750D0A29
S21403B4D000506F6C6C20636F6E74726F6C3A2073DF
S21403B4E065742073686F727420706F6C6C20696E5D
S21403B4F074657276616C3D25640D0A00506F6C6C42
S21403B50020636F6E74726F6C3A20636865636B2D8D
S21403B510696E20696E74657276616C2077726974E1
S21403B52074656E3D256C750D0A00506F6C6C206358
S21403B5306F6E74726F6C3A20696E76616C69642004
S21403B540636865636B2D696E20696E7465727661D8
S21403B5506C2C20726576657274696E670D0A0050EE
S21403B5606F6C6C20636F6E74726F6C3A20666173D7
S21403B5707420706F6C6C2074696D656F75742077BA
S21403B58072697474656E3D25640D0A00506F6C6CA9
S21403B59020636F6E74726F6C3A20666173742070EA
S21403B5A06F6C6C2074696D656F75742C2073776986
S21403B5B0746368696E6720746F206C6F6E672070A3
S21403B5C06F6C6C0D0A00556E6B6E6F776E204C6554
S21403B5D076656C4374726C20636F6D6D616E643A4E
S21403B5E02025640D0A00556E6B6E6F776E204F6EC6
S21403B5F04F666620636F6D6D616E643A2025640D39
S21403B6000A00496E646578206174207772697465F0
S21403B61020617474723A2025640D0A004E6F2073FD
S21403B620776974636820636F6E66696720696E2046
S21403B6304E562C207573696E672064656661756C5B
S21403B64074730D0A00496E76616C69642072656CCA
S21403B65061795F696E64657820256420696E204E83
S21403B660562C20726573657474696E6720746F2038
S21403B67064656661756C740D0A003E2000556E6B3A
S21403B6806E6F776E206572726F7200496E70757496
S21403B690206275666665722069732046554C4C00B9
S21403B6A04D6178696D756D206E756D626572206F7C
S21403B6B06620617267756D656E7473206578636561
S21403B6C0656465640054686520617267756D656EB0
S21403B6D074206973206E6F7420666F726D61747464
S21403B6E0656420636F72726563746C7900496E6378
S21403B6F06F727265637420617267756D656E742010
S21403B7007479706500496E636F7272656374206E38
S21403B710756D626572206F6620617267756D656E02
S21403B7207473004E6F20636F6D6D616E6420666F79
S21403B730756E640075696E74380061646469746953
S21403B7406F6E616C002A00756E6B6E6F776E007796
S21403B750696C6463617264006865786F7074007303
S21403B7607472696E676F70740075696E7433326FC6
S21403B77070740075696E7431366F70740075696E17
S21403B78074386F70740068657800737472696E67D6
S21403B7900075696E7431360075696E743332002E27
S21403B7A02E2E200068656C70000A25730A25732503
S21403B7B0730025732008002F686F6D652F72756EF2
S21403B7C06E65722F776F726B2F747579612D7A6938
S21403B7D0676265652D7377697463682F747579611D
S21403B7E02D7A69676265652D7377697463682F734D
S21403B7F0696C6162735F746F6F6C732F73696D70BE
S21403B8006C69636974795F73646B2F706C617466BB
S21403B8106F726D2F736572766963652F6C656761EA
S21403B82063795F68616C2F7372632F626173652D32
S21403B8307265706C6163656D656E742E63002F6848
S21403B8406F6D652F72756E6E65722F776F726B2FC5
S21403B850747579612D7A69676265652D7377697486
S21403B86063682F747579612D7A69676265652D73D0
S21403B87077697463682F73696C6162735F746F6F43
S21403B8806C732F73696D706C69636974795F736425
S21403B8906B2F706C6174666F726D2F736572766949
S21403B8A063652F746F6B656E5F6D616E616765723E
S21403B8B02F6C65676163792F7372632F736C5F7484
S21403B8C06F6B656E5F6D616E616765722E63002FC9
S21403B8D0686F6D652F72756E6E65722F776F726BFC
S21403B8E02F747579612D7A69676265652D7377693B
S21403B8F07463682F747579612D7A69676265652D3F
S21403B9007377697463682F73696C6162735F746FAE
S21403B9106F6C732F73696D706C69636974795F7389
S21403B920646B2F706C6174666F726D2F73657276BD
S21403B9306963652F746F6B656E5F6D616E616765B6
S21403B940722F6C65676163792F7372632F736C5FF5
S21403B950746F6B656E5F6D616E7566616374757229
S21403B960696E672E630043757272656E7420436F4B
S21403B9706E6669673A202530780053657420434322
S21403B98041206D6F646520746F2025643A2025304E
S21403B9907800656E61626C65640064697361626CED
S21403B9A06564006F757428636C69656E7429006935
S21403B9B06E202873657276657229004D46472053BC
S21403B9C07472696E673A2025730041707042756918
S21403B9D06C646572204D464720436F64653A203099
S21403B9E07825303458006E6F6465205B00416464CC
S21403B9F06974696F6E616C20696E746572666163E3
S21403BA00657300202025643A200070616765205B1B
S21403BA1025645D206368616E205B25645D20707716
S21403BA2072205B25645D006E6F74206163746976B3
S21403BA3065006572726F7220307825303858007052
S21403BA40616E4944205B3078253034585D206E6F34
S21403BA5064654944205B3078253034585D2000788F
S21403BA6070616E205B307800706172656E74494455
S21403BA70205B3078253034585D20706172656E74B3
S21403BA8052737369205B25645D006E6F6465547939
S21403BA907065205B005365637572697479206C6505
S21403BAA076656C205B253032585D006E6574776F63
S21403BAB0726B207374617465205B253032585D2089
S21403BAC0004275666665722062797465733A20254E
S21403BAD064202F20256400457020636E743A202569
S21403BAE064006570202564205B656E64706F696E04
S21403BAF0742025732C206465766963652025735D41
S21403BB0020006E776B205B25645D2070726F66691C
S21403BB106C65205B3078253034585D206465764943
S21403BB2064205B3078253034585D20766572205B60
S21403BB303078253032585D0020202020257320637E
S21403BB406C75737465723A2030782530345820004B
S21403BB504E776B20636E743A202564006E776B20F5
S21403BB602564205B25735D005072696D61727920D0
S21403BB702870726F290020206E6F64655479706593
S21403BB80205B3078253032585D002020736563755E
S21403BB907269747950726F66696C65205B307825BC
S21403BBA03032585D0045502025643A202573200026
S21403BBB04572726F723A2020556E6B6E6F776E20E9
S21403BBC0656E64706F696E742E00456E61626C6597
S21403BBD0206576656E7420646562756720696E6697
S21403BBE06F20696E20436F726520434C4920636F54
S21403BBF06D706F6E656E74006F6E6C7920636F6F19
S21403BC007264696E61746F72732063616E20666F0F
S21403BC10726D0A006A6F696E203078253038580ACC
S21403BC20006C6561766500257320307825303258C0
S21403BC300A0072656A6F696E0072656A6F696E44A0
S21403BC4069666644657669636554797065006578E8
S21403BC50742E2050414E2049443A20004E574B2024
S21403BC606F70656E3A20257520736563004E574BDB
S21403BC7020636C6F7365640066696E64206A6F691F
S21403BC806E61626C653A20307825303258006669FA
S21403BC906E6420756E757365643A2030782530328D
S21403BCA058004368616E67696E6720746F20636827
S21403BCB0616E6E656C2025643A20307825303258E4
S21403BCC000696E76616C6964206E6574776F726B5B
S21403BCD020696E6465780053686F72742049443A2D
S21403BCE0203078253034582C2045554936343A20B0
S21403BCF0002C2050616E2049443A20307825303499
S21403BD00580053746172746564206D756C74692D84
S21403BD1070687920696E7465726661636500466152
S21403BD20696C656420746F20257320257320307832
S21403BD3025303258005465726D696E6174656420EF
S21403BD40257320307825303258004B6565702061A6
S21403BD506C69766520737570706F727420656E619A
S21403BD60626C65642E006661696C656420746F207E
S21403BD70736574206B65657020616C697665206DEC
S21403BD806F64652E007375636365737366756C6C99
S21403BD90792073657420746865206368696C642011
S21403BDA074696D656F7574206F7074696F6E206D3E
S21403BDB061736B2E006661696C656420746F207313
S21403BDC0657420746865206368696C642074696DA3
S21403BDD0656F7574206F7074696F6E206D61736B19
S21403BDE02E00646973636F766572004D61746368D1
S21403BDF0202573792066726F6D203078253034588D
S21403BE002C206570202564004E574B2041646472D5
S21403BE1065737320726573706F6E73653A2030783E
S21403BE20253034580049454545204164647265739E
S21403BE307320726573706F6E73653A200053657274
S21403BE40766963652025737920646F6E652E0023FB
S21403BE502020747970652020206E776B20206C6F0D
S21403BE606320202072656D202020636C757320206C
S21403BE70206E6F6465202020657569002020256488
S21403BE802020202030782530345820203078253064
S21403BE9034582020307825303458203078253034F4
S21403BEA0582000736C5F7A69676265655F676574BF
S21403BEB05F62696E64696E67204572726F723A20BC
S21403BEC03078253038580A002564206F66202564AC
S21403BED02062696E64696E677320757365640065B6
S21403BEE06E61626C6564207072696E740064697357
S21403BEF061626C6564207072696E740061646420AC
S21403BF006C696E6B206B6579004552523A2043612B
S21403BF106C63756C617465642043524320646F657B
S21403BF2073206E6F74206D61746368004552523AD5
S21403BF3020496E7374616C6C20436F6465206D7565
S21403BF40737420626520382C2031302C2031342C39
S21403BF50206F7220313820627974657320696E20F1
S21403BF606C656E677468004552523A204145532DFE
S21403BF704D4D4F2068617368206661696C65643A4D
S21403BF802030782530325800536574206A6F696E06
S21403BF90696E67206C696E6B206B657900736574D8
S21403BFA02062696E642025643A2030782530327822
S21403BFB000454D50545900554E494341004D324FAC
S21403BFC04E45004D554C5449003F20202020004943
S21403BFD06E646578204945454520416464726573FF
S21403BFE0732020202020202020204E574B496E64AB
S21403BFF065782020496E2046432020202020545474
S21403C0004C28732920466C6167202020204B6579D5
S21403C010202020200025642020202020002020250A
S21403C020642020202020202000202025303858207F
S21403C030200020307825303458202000496E64656F
S21403C0407820494545452041646472657373202012
S21403C05020202020202020496E2046432020202018
S21403C060205479706520204175746820204B6579CB
S21403C070002D20202020200025632020202020259E
S21403C08063202020202000696573005741524E49E3
S21403C0904E473A202052454144494E47204F4620BA
S21403C0A04B45592056414C5545532044495341422C
S21403C0B04C4544204259204D464720544F4B454E4D
S21403C0C0004E574B204B6579002573206F757420FF
S21403C0D046433A202530385800257320736571206F
S21403C0E06E756D3A20307825303258002573206FF0
S21403C0F075742046433A202530387800544320256B
S21403C1007320002573205461626C650025642F2517
S21403C1106420656E747269657320757365642E009A
S21403C1205472616E7369656E74204B65790025647D
S21403C13020656E7472257320636F6E73756D696EFA
S21403C14067202564207061636B657420627566667C
S21403C150657225732E0057494C4C0057494C4C20AA
S21403C1604E4F540054727573742043656E74657233
S21403C17020257320616C6C6F77207472757374203E
S21403C18063656E7465722072656A6F696E73207577
S21403C19073696E672077656C6C2D6B6E6F776E2098
S21403C1A06B65792E005365742074696D656F7574BD
S21403C1B020666F722054727573742043656E7465BF
S21403C1C0722072656A6F696E73207573696E672075
S21403C1D077656C6C2D6B6E6F776E206C696E6B205B
S21403C1E06B657920746F202564207365636F6E64B6
S21403C1F0732E004552524F523A20002573737461D2
S21403C200636B206D75737420626520646F776E2E82
S21403C2100052656164696E6720416C6C6F77656474
S21403C2200048617368696E67206F6E6C7900736C83
S21403C2305F7A69676265655F6B65795F736574745A
S21403C240696E67735F743A2030782530345800205F
S21403C250205065726D697373696F6E733A20257328
S21403C260004572726F723A204661696C6564207489
S21403C2706F2067657420636F6E6669672C2073741E
S21403C280617475733A2030782530385800466169F2
S21403C2906C65643A20307825303858004D73673A19
S21403C2A020636C7573203078253034582C20636DEA
S21403C2B064203078253032582C206C656E20256437
S21403C2C0006275666665723A2000454D4245525FC8
S21403C2D000257353454355524954595F4C455645BB
S21403C2E04C3A2025303258002573657261736520F9
S21403C2F06B65792025643A203078253038580063FA
S21403C3006D64206E6F74206275696C74007372635B
S21403C31020657020253032782C20636C75732025B9
S21403C3203034780073656E64696E6720746F206DB1
S21403C330756C7469636173742062696E6400257337
S21403C3403A2065703A2025642C20636C3A203078B6
S21403C350253034582C20617474723A203078253096
S21403C3603458002C207376723A2025630025733ADE
S21403C37020726561643A20307825303278002C20AC
S21403C3807376723A2025632C2064747970653A209C
S21403C39030782530325800417267756D656E7420AB
S21403C3A0617420696E6465783A2025642069732079
S21403C3B06F7574206F662072616E676500436F6DDC
S21403C3C06D616E6420616C72656164792062756963
S21403C3D06C742E202043616E6E6F74207365742018
S21403C3E04D464720737065636966696320636F64AF
S21403C3F06520666F7220636F6D6D616E642E004DEF
S21403C400464720436F64652053657420666F722029
S21403C4106E65787420636F6D6D616E643A20307854
S21403C4202530345800557365204E6578742053655F
S21403C4307175656E63652053657420666F72206E32
S21403C44065787420636F6D6D616E643A203078256D
S21403C4503032580044697361626C652044656661D6
S21403C460756C7420526573706F6E736520536574B4
S21403C47020666F72206E65787420636F6D6D616ED3
S21403C480643A20307825303258004552523A2072AA
S21403C490656164696E672061747472696275746538
S21403C4A02025303278004552523A206174747269FE
S21403C4B0627574652073697A6520256420746F6FCE
S21403C4C0206C6172676520666F72206275666665AA
S21403C4D072004572726F723A206174747269627583
S21403C4E074652049442030782530345820726570AE
S21403C4F06F727461626C65206368616E676520693C
S21403C500732073697A65202564422C206275742033
S21403C51025644220656E74657265640A006E6F203A
S21403C520636D64004572726F723A20434C49205320
S21403C530656E64206661696C65642C20737461742F
S21403C54075733A20307825303858004572726F720A
S21403C5503A2020455549363420617267756D656EFD
S21403C5607420697320656D70747920616E64206C25
S21403C5706F6F6B7570206279206E6F646520494417
S21403C580206661696C65642E0047726F757000558E
S21403C5906E696361737400556E62696E64202573F9
S21403C5A020257330782530325800526571756573CF
S21403C5B0743A20005A444F2073696D706C6520648A
S21403C5C0657363207265712025303278005A444FB4
S21403C5D0206E6F6465206465736320726571202521
S21403C5E0303278005A444F206D6174636820646566
S21403C5F07363207265712025303258005573696E57
S21403C60067206D79206C6F63616C2045554936341D
S21403C61020666F722064657374204555493634204E
S21403C620696E2062696E64696E67005A444F2062C1
S21403C630696E6420726571202530327800636C75EC
S21403C64073746572206C696D6974207265616368C2
S21403C650656400696E76616C696420706167653A2B
S21403C660202564206F72206368616E6E656C3A20C5
S21403C6702564004368616E6765206368616E6E6556
S21403C6806C207374617475733A2030782530327871
S21403C690006475726174696F6E206D7573742062C1
S21403C6A06520696E2072616E67652030202D203507
S21403C6B000636F756E74206D7573742062652069F0
S21403C6C06E2072616E67652031202D2038007363FB
S21403C6D0616E207374617475732030782530325818
S21403C6E0006E6574776F726B207570646174652075
S21403C6F073657420737461747573203078253032D3
S21403C70058004163746976652045502072657175DB
S21403C710657374207374617475733A2030782530AA
S21403C7203258004C5149205461626C652072657121
S21403C730756573743A203078253032580042696E36
S21403C74064696E67205461626C65207265717565F5
S21403C75073743A20307825303258004C656176651C
S21403C76020257330782530325800506F7765722055
S21403C77044657363726970746F722025733078250D
S21403C780303258005573696E67206D79206C6F637D
S21403C790616C20455549363420666F722064657394
S21403C7A07420455549363420696E20756E62696E6D
S21403C7B064696E6700526F757465205461626C65B8
S21403C7C0202573307825303258002F686F6D652F1B
S21403C7D072756E6E65722F776F726B2F74757961D3
S21403C7E02D7A69676265652D7377697463682F743C
S21403C7F07579612D7A69676265652D7377697463E8
S21403C800682F73696C6162735F746F6F6C732F73D9
S21403C810696D706C69636974795F73646B2F70728A
S21403C8206F746F636F6C2F7A69676265652F6170CB
S21403C830702F6672616D65776F726B2F636F6D6DA8
S21403C8406F6E2F736C5F7A69676265655F73797362
S21403C85074656D5F636F6D6D6F6E2E6300457874E0
S21403C860656E64656420526573657420696E666FD1
S21403C8703A203078253034582028257329002F682D
S21403C8806F6D652F72756E6E65722F776F726B2F75
S21403C890747579612D7A69676265652D7377697436
S21403C8A063682F747579612D7A69676265652D7380
S21403C8B077697463682F73696C6162735F746F6FF3
S21403C8C06C732F73696D706C69636974795F7364D5
S21403C8D06B2F70726F746F636F6C2F7A6967626504
S21403C8E0652F6170702F6672616D65776F726B2F3F
S21403C8F0636F6D6D6F6E2F7A69676265655F6170D2
S21403C900705F6672616D65776F726B5F736C65657A
S21403C910702E630053746179206177616B652077AD
S21403C92068656E206E6F74206A6F696E65643A2060
S21403C930257300466F7263656420737461792061A2
S21403C94077616B653A202020202020202020202598
S21403C9507300466F7263696E672064657669636504
S21403C96020746F2073746179206177616B65004171
S21403C9706C6C6F77696E672064657669636520748F
S21403C9806F20676F20746F20736C656570002F6867
S21403C9906F6D652F72756E6E65722F776F726B2F64
S21403C9A0747579612D7A69676265652D7377697425
S21403C9B063682F747579612D7A69676265652D736F
S21403C9C077697463682F73696C6162735F746F6FE2
S21403C9D06C732F73696D706C69636974795F7364C4
S21403C9E06B2F70726F746F636F6C2F7A69676265F3
S21403C9F0652F6170702F6672616D65776F726B2F2E
S21403CA00636F6D6D6F6E2F7A69676265655F7374AA
S21403CA1061636B5F736C6565702E630052583A20D2
S21403CA205265736574546F466163746F72794465B7
S21403CA306661756C747343616C6C6261636B0065ED
S21403CA407A737020636F756E74657273206661699E
S21403CA506C656420257500657A737020526573656E
S21403CA6074205468726573686F6C64206572726FA5
S21403CA707220257500657A73702053657420546898
S21403CA80726573686F6C64206572726F72202575A9
S21403CA90002575292025733A20257500536574747F
S21403CAA0696E67205468726573686F6C6420636F81
S21403CAB06D6D616E64003F3F3F004D6163205278A9
S21403CAC0204263617374004D61632054782042638F
S21403CAD0617374004D6163205278205563617374EB
S21403CAE0004D6163205478205563617374004D6173
S21403CAF06320547820556361737420526574727989
S21403CB00004D616320547820556361737420466139
S21403CB10696C00415053205278204263617374005D
S21403CB20415053205478204263617374004150533C
S21403CB302052782055636173740041505320547813
S21403CB402055636173742053756363657373004183
S21403CB505053205478205563617374205265747261
S21403CB6079004150532054782055636173742046EE
S21403CB7061696C00526F757465204469736320495C
S21403CB806E69746961746564004E65696768626F8F
S21403CB9072204164646564004E65696768626F72FB
S21403CBA02052656D6F766564004E65696768626FCF
S21403CBB072205374616C65004A6F696E20496E6417
S21403CBC069636174696F6E004368696C64204D6FB6
S21403CBD076656400415348204F766572666C6F77BE
S21403CBE000415348204672616D65204572726F722C
S21403CBF000415348204F76657272756E20457272F7
S21403CC006F72004E574B204643204661696C75721F
S21403CC106500415053204643204661696C75726532
S21403CC200041534820584F66660041505320556EC6
S21403CC30617574686F72697A6564204B6579004E16
S21403CC40574B2044656372797074204661696C752E
S21403CC507265730041505320446563727970742083
S21403CC604661696C75726573005061636B65742009
S21403CC7042756666657220416C6C6F6361746520ED
S21403CC804661696C757265730052656C617965649B
S21403CC902055636173740050687920746F204D418A
S21403CCA043207175657565206C696D6974207265BE
S21403CCB06163686564005061636B65742056616CDC
S21403CCC069646174652064726F7020636F756E7437
S21403CCD0004E574B207265747279206F76657266C4
S21403CCE06C6F7700434341204661696C75726573C8
S21403CCF00042726F616463617374207461626C6571
S21403CD002066756C6C00505441204C6F205072693D
S21403CD1020526571005054412048692050726920A2
S21403CD2052657100505441204C6F20507269204464
S21403CD30656E6965640050544120486920507269E5
S21403CD402044656E69656400505441204C6F205042
S21403CD50726920547820416272740050544120480E
S21403CD6069205072692054782041627274004164CD
S21403CD70647265737320436F6E666C6963742053C5
S21403CD80656E740043534C20527820736368656461
S21403CD90756C65206661696C6564000D00446562A8
S21403CDA07567207072696E742067726F75702025C0
S21403CDB0730A0057726F6E6720706172616D6574D7
S21403CDC065720A005363686564756C65206D6F76DB
S21403CDD065206E776B0025732025643A2025640052
S21403CDE04D6178206D6F7665206C696D697420726D
S21403CDF0656163686564206E776B2025643A202539
S21403CE006400456E642044657669636520506F6CE4
S21403CE106C20496E666F726D6174696F6E00454D66
S21403CE204245525F454E445F4445564943455F5429
S21403CE30494D454F55543A20202020202020256474
S21403CE4000506F6C6C20636F6D706C657465642046
S21403CE5063616C6C6261636B3A2025730020204328
S21403CE60757272656E7420506F6C6C20496E7465B3
S21403CE707276616C20287173293A202020256C6411
S21403CE800020204C6F6E6720506F6C6C20496E74C8
S21403CE90657276616C20287173293A202020202041
S21403CEA020256C6400202053686F727420506F6CCA
S21403CEB06C20496E74657276616C20287173293A0A
S21403CEC02020202020256C6400202057616B6520DD
S21403CED054696D656F757420287173293A20202074
S21403CEE0202020202020202020256C64002020578E
S21403CEF0616B652054696D656F7574204269746D46
S21403CF0061736B3A202020202020202020307825B3
S21403CF1030385800202043757272656E7420417055
S21403CF2070205461736B733A202020202020202029
S21403CF302020202030782530385800202043757272
S21403CF4072656E7420506F6C6C20436F6E74726FD4
S21403CF506C20202020202020202020257300202045
S21403CF6044656661756C7420506F6C6C20436F6EFD
S21403CF7074726F6C20202020202020202020257310
S21403CF8000466F7263696E67206465766963652021
S21403CF90746F2073686F727420706F6C6C00416CD2
S21403CFA06C6F77696E672064657669636520746F56
S21403CFB0206C6F6E6720706F6C6C00534C5F5A4921
S21403CFC0474245455F41465F4C4F4E475F504F4C87
S21403CFD04C00534C5F5A49474245455F41465F53B1
S21403CFE0484F52545F504F4C4C00706F6C6C206E21
S21403CFF0776B2025643A203078253032580046690E
S21403D0006E6420616E642042696E6420496E6974A2
S21403D0106961746F723A20436F6D706C6574653A1C
S21403D020203078253032580053746172742074614E
S21403D030726765740046696E6420616E6420426997
S21403D0406E64205461726765740025733A202573F5
S21403D0503A2030782530325800467261676D656E27
S21403D060746174696F6E2052582077696E646F77A7
S21403D0702073697A652073657420746F20256400B5
S21403D0802F686F6D652F72756E6E65722F776F7270
S21403D0906B2F747579612D7A69676265652D737771
S21403D0A0697463682F747579612D7A69676265653B
S21403D0B02D7377697463682F73696C6162735F7429
S21403D0C06F6F6C732F73696D706C69636974795FC6
S21403D0D073646B2F70726F746F636F6C2F7A6967EC
S21403D0E06265652F6170702F6672616D65776F720A
S21403D0F06B2F706C7567696E2F667261676D656EF0
S21403D100746174696F6E2F667261676D656E7461A4
S21403D11074696F6E2E630052583A204164644772F6
S21403D1206F7570526573706F6E7365203078253037
S21403D13032582C203078253034580052583A20562E
S21403D14069657747726F7570526573706F6E736536
S21403D150203078253032582C203078253034582C1F
S21403D16020220052583A2047657447726F75704DF7
S21403D170656D62657273686970526573706F6E73FE
S21403D18065203078253032582C20307825303258B8
S21403D1902C00205B3078253034585D0052583A20F6
S21403D1A052656D6F766547726F7570526573706FF3
S21403D1B06E7365203078253032582C203078253031
S21403D1C034580065705B253032585D2069645B25F2
S21403D1D03034585D00436C656172696E6720616C1C
S21403D1E06C2067726F7570732E004552523A204654
S21403D1F061696C656420746F206372656174652071
S21403D20062696E64696E6720283078253032582943
S21403D210004552523A2042696E64696E6720746113
S21403D220626C652069732066756C6C004552523AD1
S21403D2302077726974696E67206E616D65207375F9
S21403D24070706F727420253032580052583A20415D
S21403D250646447726F7570203078253034582C20FC
S21403D260220075760052583A205669657747726FE2
S21403D27075702030782530345800757673007669DB
S21403D28065775F67726F75700047726F7570733A74
S21403D290206661696C656420746F2073656E642014
S21403D2A0257320726573706F6E73653A2030782528
S21403D2B0303258006765745F67726F75705F6D65AF
S21403D2C06D6265727368697020726573706F6E73D2
S21403D2D0650064656661756C745F726573706F6E06
S21403D2E073650052583A2047657447726F75704DE0
S21403D2F0656D6265727368697020307825303258C0
S21403D3002C007575620047726F7570733A206661FC
S21403D310696C656420746F2073656E642025733AA8
S21403D320203078253032580052583A2052656D6FB7
S21403D330766547726F75702030782530345800450F
S21403D34052523A204661696C656420746F206465A6
S21403D3506C6574652062696E64696E672028307830
S21403D36025303258290072656D6F76655F67726F78
S21403D37075700052583A2052656D6F7665416C6C35
S21403D38047726F7570730052583A2041646447724F
S21403D3906F757049664964656E74696679696E6708
S21403D3A0203078253034582C2022006164640043F2
S21403D3B068616E6E656C206E6F742076616C69644E
S21403D3C03A202564005072696D61727900257320D6
S21403D3D06D61736B206E6F77203078253038580078
S21403D3E05365636F6E64617279004D61736B206E73
S21403D3F06F742076616C69643A20256400707269E4
S21403D4006D617279007365636F6E6461727900256E
S21403D410733A20536574202573206D61736B2074F3
S21403D4206F20307825303858005374617475730054
S21403D43025733A2025733A004368616E6E656C2047
S21403D4406D61736B3A002020202028312920307824
S21403D45025303858205B0020202020283229203011
S21403D4607825303858205B0053746174653A203051
S21403D4707825303258202825732900437572726543
S21403D4806E74206368616E6E656C3A202564005482
S21403D4906F74616C20626561636F6E733A202564F6
S21403D4A0004A6F696E20617474656D7074733A20F8
S21403D4B02564004E6574776F726B207374617465B0
S21403D4C03A203078253032580053746F7000257335
S21403D4D02053746F702E2020436C65616E696E67EF
S21403D4E02075702E0042726F616463617374696E97
S21403D4F067207065726D6974206A6F696E00547276
S21403D5007573742063656E746572206C696E6B2028
S21403D5106B657920757064617465207374617475C6
S21403D520730025733A205741524E494E473A2073AB
S21403D5306C5F7A69676265655F7365745F696E6958
S21403D5407469616C5F73656375726974795F73740C
S21403D550617465206661696C65642E20436F6E7422
S21403D560696E75696E6720776974686F757420696C
S21403D5706E7374616C6C20636F64652E0045727203
S21403D5806F723A20696E7374616C6C20636F6465A6
S21403D590207365747570206661696C65642E204916
S21403D5A07320616E20696E7374616C6C20636F64A4
S21403D5B06520666C6173686564206F6E746F207493
S21403D5C06865206465766963653F00D0D1D2D3D49D
S21403D5D0D5D6D7D8D9DADBDCDDDEDF00FFFFFFFFE9
S21403D5E0FFFFFFFF005A6967426565416C6C69611E
S21403D5F06E636530390025733A2069737375696EF7
S21403D60067207363616E206F6E20257320636861E5
S21403D6106E6E656C7320286D61736B2030782530D1
S21403D62038582900257320697320616C726561641C
S21403D6307920696E2070726F677265737300537416
S21403D640617274004578616D696E696E6720626504
S21403D65061636F6E206F6E206368616E6E656C200B
S21403D660256420776974682070616E496420307879
S21403D67025303458005468697320626561636F6EA1
S21403D680206973206E6F742070617274206F662039
S21403D6907468652063757272656E74206368616E64
S21403D6A06E656C206D61736B202830782530385892
S21403D6B0292E2047657474696E67206E657874201A
S21403D6C0626561636F6E2077686F73652063686158
S21403D6D06E6E656C206269746D61736B206973206E
S21403D6E07365742E004572726F723A202573206339
S21403D6F06F756C64206E6F7420617474656D7074DE
S21403D700206A6F696E3A20307825303258004E6FA3
S21403D71020626561636F6E73206C656674206F6E3E
S21403D7202063757272656E74206D61736B2E204D67
S21403D7306F76696E6720746F206E657874207374D5
S21403D740617465002573206A6F696E696E672030A1
S21403D7507825303458206F6E206368616E6E656C72
S21403D7602025640025732053746174653A2025735D
S21403D770004572726F723A20257320636F756C646E
S21403D780206E6F742073657475702073656375728D
S21403D7906974793A20307825303258004572726FB2
S21403D7A0723A205363616E20636F6D706C657465A7
S21403D7B02068616E646C65722072657475726E653E
S21403D7C06420307825303258002573207363616EE9
S21403D7D020636F6D706C6574652E20426561636FA0
S21403D7E06E732068656172643A2025640025732091
S21403D7F0737461636B20737461747573203078255A
S21403D800303258002573206E6574776F726B206A0A
S21403D8106F696E65642E00257320747279696E676E
S21403D820206E657874206E6574776F726B2E004E6B
S21403D8306F6E65005363616E205072696D61727915
S21403D840204368616E6E656C7320616E6420757329
S21403D8506520436F6E66696775726564204B6579EC
S21403D860005363616E205072696D6172792043685C
S21403D870616E6E656C7320616E64207573652049F6
S21403D8806E7374616C6C20436F6465005363616EE2
S21403D890205072696D617279204368616E6E656CA3
S21403D8A07320616E64205573652043656E747261E0
S21403D8B06C697A6564204B6579005363616E20500A
S21403D8C072696D617279204368616E6E656C732050
S21403D8D0616E64205573652044697374726962755A
S21403D8E0746564204B6579005363616E20536563EA
S21403D8F06F6E64617279204368616E6E656C732027
S21403D900616E642075736520436F6E666967757212
S21403D9106564204B6579005363616E205365636FBE
S21403D9206E64617279204368616E6E656C73206104
S21403D9306E642075736520496E7374616C6C204346
S21403D9406F6465005363616E205365636F6E646135
S21403D9507279204368616E6E656C7320616E642015
S21403D9605573652043656E7472616C697A656420CD
S21403D9704B6579005363616E205365636F6E646114
S21403D9807279204368616E6E656C7320616E6420E5
S21403D990557365204469737472696275746564208F
S21403D9A04B6579005363616E205072696D617279BD
S21403D9B0204368616E6E656C7320616E64205573D8
S21403D9C06520416C6C204B6579732028696E7374EF
S21403D9D0616C6C20636F64652C2063656E74726182
S21403D9E06C697A65642C20646973747269627574F1
S21403D9F0656429005363616E205365636F6E6461CB
S21403DA007279204368616E6E656C7320616E642064
S21403DA1055736520416C6C204B6579732028696EBD
S21403DA207374616C6C20636F64652C2063656E741D
S21403DA3072616C697A65642C2064697374726962B6
S21403DA407574656429004F6E2F4F66662073657480
S21403DA502076616C75653A202530325820253032A1
S21403DA6058004552523A2072656164696E67206FAA
S21403DA706E2F6F66662025303258004F6E2F6F6606
S21403DA806620616C72656164792073657420746FB7
S21403DA90206E65772076616C756500546F67676CDA
S21403DAA065206F6E2F6F66662066726F6D20253059
S21403DAB0325820746F2025303258004552523A208F
S21403DAC077726974696E67206F6E2F6F666620259E
S21403DAD030325800496E7374616C6C6564205479F7
S21403DAE07065202842617365293A202030782530F6
S21403DAF03258004361706162696C69746965733A90
S21403DB00202020202020202020202030782530347C
S21403DB105800426F6F746C6F61646572205665724D
S21403DB2073696F6E3A2020202020307825303458D1
S21403DB300053656375726520426F6F746C6F616422
S21403DB406572204B65793A20202020202000426F02
S21403DB506F746C6F6164696E67206661696C656477
S21403DB602100446F776E6C6F6164206661696C6533
S21403DB70642E0044656C6574696E67206661696C23
S21403DB80656420646F776E6C6F61642C20737461B8
S21403DB907475733A2030782530325800496D6167C2
S21403DBA06520646F6573206E6F7420636F6E746197
S21403DBB0696E20616E205570677261646520496DD9
S21403DBC061676520546167202830782530345829EA
S21403DBD02E20536B697070696E672075706772616B
S21403DBE064652E00457865637574696E6720626F99
S21403DBF06F746C6F61642063616C6C6261636B2E1F
S21403DC00005374617274696E672045424C207665D2
S21403DC1072696669636174696F6E0045424C20667B
S21403DC2061696C65642076657269666963617469A7
S21403DC306F6E2E0045424C207061737365642076C8
S21403DC406572696669636174696F6E2E0025736910
S21403DC506E67204F544120636C69656E742073743D
S21403DC60617465206D616368696E650073746F70B7
S21403DC7070004572726F723A204E6F20696D61674D
S21403DC806520617420696E646578202564004E6F94
S21403DC907420737570706F727465642E00436C69BC
S21403DCA0656E7420696D616765207175657279208C
S21403DCB0696E666F004D616E75662049443A202092
S21403DCC02020202020202030782530345800496D2D
S21403DCD061676520547970652049443A20202020E6
S21403DCE03078253034580043757272656E7420564A
S21403DCF0657273696F6E3A20203078253038580085
S21403DD0048617264776172652056657273696F6ED7
S21403DD103A20004E410051756572792044656C6166
S21403DD2079206D733A2020202020202020202020D8
S21403DD3020256C64005365727665722044697363AC
S21403DD406F766572792044656C6179206D733A202D
S21403DD50256C6400446F776E6C6F61642044656C59
S21403DD606179206D733A2020202020202020202552
S21403DD706C640052756E205570677261646520444A
S21403DD80656C6179206D733A202020202020256C55
S21403DD9064005665726966792044656C6179206D06
S21403DDA0733A2020202020202020202020256C6469
S21403DDB000446F776E6C6F6164204572726F7220D9
S21403DDC05468726573686F6C643A20202564005546
S21403DDD07067726164652057616974205468726560
S21403DDE073686F6C643A202020202564004F5441EA
S21403DDF020446F776E6772616465733A2044697373
S21403DE0061626C6564004F544120446F776E67729D
S21403DE10616465733A20456E61626C656400426FA7
S21403DE206F746C6F61642073746174653A20257334
S21403DE3000496E76616C696420455020256420771E
S21403DE4068656E20747279696E6720746F207365D7
S21403DE506E64204F5441206D6573736167652E00B1
S21403DE6053656E64696E67205570677261646520DA
S21403DE70456E6420726571756573742E0025733A5A
S21403DE8020696E76616C696420636D644964203032
S21403DE907825303258004572726F723A20204661F8
S21403DEA0696C656420746F2073656E64204F5441FB
S21403DEB020636F6D6D616E64203078253032582C88
S21403DEC0207374617475733A2030782530325800A5
S21403DED053657276657220756E6B6E6F776E2C2047
S21403DEE066616C6C696E67206261636B20746F2079
S21403DEF0646973636F766572792E004D6178696D18
S21403DF00756D207175657279206572726F727320F4
S21403DF1068697420282564292C20737461727469D7
S21403DF206E672073656172636820666F72206E6524
S21403DF3077204F5441207365727665722E0A00412E
S21403DF4070706C79696E67207570677261646500BE
S21403DF5025733A20696E76616C6964206F66667312
S21403DF6065742063757272656E7454696D652830C6
S21403DF70782530385829203E2075706772616465AD
S21403DF8054696D652830782530385829004F544138
S21403DF9020436C75737465723A20776169742066E2
S21403DFA06F72202564207300525865642074696D6F
S21403DFB0654F75742030782530385820732C204DE3
S21403DFC041582074696D654F757420307825303854
S21403DFD0582073004D6178696D756D207570677292
S21403DFE0616465207265717565737473206D616411
S21403DFF065202825642920776974686F75742072F4
S21403E0006573706F6E73652066726F6D20736572CD
S21403E0107665722E00557067726164696E6720615B
S21403E0206E79776179004F54412053657276696340
S21403E0306520646973636F7665727920707265769E
S21403E040656E746564202D20616E6F74686572203A
S21403E050697320616C726561647920696E207072E1
S21403E0606F6772657373004661696C656420746FCD
S21403E07020696E6974696174652073657276696375
S21403E0806520646973636F766572792E004F544119
S21403E090205365727669636520446973636F76659A
S21403E0A0727920696E2070726F67726573730043AE
S21403E0B06C69656E742076657269666963617469F6
S21403E0C06F6E206661696C65642E005369676E61C6
S21403E0D07475726500437573746F6D007061737346
S21403E0E06564004641494C4544004E6F207369679A
S21403E0F06E617475726520766572696669636174AC
S21403E100696F6E20737570706F72742C20617373F1
S21403E110756D696E6720696D616765206973206F29
S21403E1206B61792E00257320766572696669636173
S21403E13074696F6E2025733A203078253032580084
S21403E1404D6178696D756D206E756D626572206FB1
S21403E1506620646F776E6C6F6164206572726F728F
S21403E1607320726561636820282564292C20616208
S21403E1706F7274696E672E004F544120436C75733B
S21403E1807465723A2073657474696E6720494545F1
S21403E190452061646472657373206F66204F544133
S21403E1A020636C7573746572005061727469616C78
S21403E1B02066696C6520646F776E6C6F6164206699
S21403E1C06F756E642C20636F6E74696E75696E6707
S21403E1D02066726F6D206F666673657420307825CF
S21403E1E030385800466F756E642066756C6C7920FF
S21403E1F0646F776E6C6F616465642066696C652016
S21403E200696E2073746F7261676520287665727312
S21403E210696F6E20307825303858292E00466F7582
S21403E2206E642066696C6520696E2073746F726114
S21403E2306765207769746820646966666572656ECB
S21403E240742076657273696F6E20283078253038AF
S21403E2505829207468616E2063757272656E742027
S21403E26076657273696F6E202830782530385829A2
S21403E2700046696C6520696E2073746F726167650A
S21403E2802069732073616D652061732063757272F4
S21403E290656E742072756E6E696E6720766572732E
S21403E2A0696F6E202830782530385829004E6F2045
S21403E2B0696D61676520666F756E6420696E20738D
S21403E2C0746F726167652E004F54412053657276F2
S21403E2D069636520446973636F7665727920756E2A
S21403E2E0626C6F636B65640049676E6F72696E6715
S21403E2F0207365727665722066726F6D206C6F6F21
S21403E300706261636B20616464726573730049674E
S21403E3106E6F72696E6720307825303458204F54FC
S21403E320412073657276657220696E20736561722B
S21403E3306368206F662054430053657474696E6780
S21403E340204F54412053657276657220746F2030D7
S21403E35078253034580044656C6179696E672025EA
S21403E36064207365636F6E6473206265666F72659F
S21403E370207374617274696E67204F544120636C16
S21403E38069656E740054696D656F7574207761698D
S21403E39074696E6720666F72206D65737361676557
S21403E3A02E00426164204F544120636F6D6D616E91
S21403E3B0643A20307825303258004F544120636F3A
S21403E3C06D6D616E642030782530325820746F6F1F
S21403E3D02073686F727420286C656E202564203C59
S21403E3E0206D696E20256429004F544120636F6DAC
S21403E3F06D616E642066726F6D20756E7265636FF5
S21403E400676E697A65642073657276657220307804
S21403E410253034582E20204D79204F5441207365E3
S21403E420727665723A2030782530345800496D612B
S21403E4306765204E6F7469667900476F7420756E42
S21403E44065787065637465642025732E2020537485
S21403E45061727420646973636F766572792E0064E3
S21403E460656661756C74004F54413A206661696C49
S21403E470656420746F2073656E642025732072654F
S21403E48073706F6E73653A203078253032580049C2
S21403E4906D616765206E6F7469667900476F7420D7
S21403E4A0756E65787065637465642025732E202009
S21403E4B049676E6F7265642E004F54413A20446577
S21403E4C06661756C7420726573706F6E7365206613
S21403E4D06F7220496D616765206E6F746966792C6B
S21403E4E02073746174757320307825303258004970
S21403E4F06D616765206E6F7469667920636F6D6DF5
S21403E500616E6400257320756E69636173742C20D5
S21403E5107175657279696E6700496E76616C6964B8
S21403E520002573202573207061796C6F61642074F5
S21403E530797065203078253032580025732025738E
S21403E5403A206F7574206F662072616E6765206A65
S21403E55069747465722025640025732025733A2038
S21403E5607061796C6F6164206C656E677468206493
S21403E5706F65736E2774206D617463682074797099
S21403E580652030782530325820282564203C202505
S21403E59064290025732025732064756520746F2015
S21403E5A06E6F6E2D6D61746368696E67206D616E44
S21403E5B0756661637475726572204944002573201D
S21403E5C025732064756520746F206E6F6E2D6D61E4
S21403E5D0746368696E6720696D6167652074797016
S21403E5E065204944002573202573206475652074CF
S21403E5F06F206D61746368696E67206669726D77F4
S21403E6006172652076657273696F6E0025732025C7
S21403E610732C2052782764204A6974746572202804
S21403E620307825303258292C205069636B65642076
S21403E6304A69747465722028307825303258290068
S21403E6405175657279206E65787420696D616765AA
S21403E65020726573706F6E73650025732072657420
S21403E66075726E6564203078253032582E20204E21
S21403E6706F206E657720696D61676520746F20640F
S21403E6806F776E6C6F61642E00257320746F6F2036
S21403E69073686F727420282564203C202564290043
S21403E6A025733A204E657720696D61676520697327
S21403E6B020617661696C61626C6520666F722064A6
S21403E6C06F776E6C6F61642E002573206973206EFE
S21403E6D06F74207573696E67206D7920696D616745
S21403E6E06520696E666F2E004552524F523A204E91
S21403E6F065787420496D61676520697320746F6F50
S21403E7002062696720746F2073746F7265202830E7
S21403E7107825303858203E20307825303858290060
S21403E72025732072657475726E65642073616D65FA
S21403E7302046696C6556657273696F6E2061732037
S21403E74063757272656E746C7920696E7374616C2E
S21403E7506C65642E004F544120446F776E67726178
S21403E7606465732044697361626C65643A20466924
S21403E7706C6556657273696F6E20626568696E6450
S21403E7802063757272656E7420696E7374616C6C47
S21403E7906174696F6E005374617274696E67206486
S21403E7A06F776E6C6F61642C2056657273696F6E3B
S21403E7B020307825303858004572726F723A2046FA
S21403E7C061696C656420746F2064656C657465208C
S21403E7D0696D6167652E004572726F723A204661F5
S21403E7E0696C656420746F206572617365206F6C55
S21403E7F0642074656D7020646174612E00496D61D8
S21403E800676520626C6F636B20726573706F6E73DF
S21403E81065004F54413A20496D616765426C6F63EA
S21403E8206B5265706F6E736520636F6E7461696E8D
S21403E8307320696E76616C6964206F7220696E63FB
S21403E8406F6D706C657465206461746100557064E7
S21403E8506174696E67204D696E20426C6F636B202E
S21403E8605265717565737420506572696F642074A0
S21403E8706F202564206D7300446F776E6C6F616440
S21403E8802064656C6179206279207365727665729F
S21403E890202564206D7300446F776E6C6F6164206F
S21403E8A061626F727465642062792073657276653F
S21403E8B0722E0053657276657220646F65736E27D9
S21403E8C07420737570706F72742070616765207240
S21403E8D06571756573742C206F6E6C79207573691A
S21403E8E06E6720626C6F636B2072657175657374F7
S21403E8F02E005365727665722072657475726E6546
S21403E900642027756E737570706F72746564206308
S21403E9106C757374657220636F6D6D616E64272EFC
S21403E92000556E6B6E6F776E20257320737461745B
S21403E930757320636F646520307825303258002560
S21403E940732068617320646174612073697A65203B
S21403E9502825642920736D616C6C65722074686168
S21403E9606E2061637475616C207061636B657420DF
S21403E97073697A6520282564292E0025732065721D
S21403E980726F723A204578706563746564206F66AB
S21403E99066736574203078253038582C2062757479
S21403E9A020676F74203078253038582E202049672A
S21403E9B06E6F72696E6700257320696E666F2064DA
S21403E9C06964206E6F74206D61746368206D7920AE
S21403E9D0657870656374656420696E666F2E2020A3
S21403E9E044726F7070696E672E004661696C656469
S21403E9F020746F20777269746520746F2073746F48
S21403EA0072616765206465766963652100446F7784
S21403EA106E6C6F6164005570677261646520656E25
S21403EA206420726573706F6E7365005365727665E6
S21403EA30722061626F7274656420757067726164B8
S21403EA40652C207374617475733A203078253032E0
S21403EA5058004572726F723A2025732068616420ED
S21403EA60696E76616C69642025733A200066696C6A
S21403EA70652076657273696F6E00416464696E67BC
S21403EA80202564206D732E2064656C617920666F83
S21403EA907220696D6D65646961746520757067724F
S21403EAA06164652E00436F756E74646F776E2074B1
S21403EAB06F20757067726164653A202564206D73F4
S21403EAC0002053746174653A202020257300205774
S21403EAD0616974696E6720666F7220726573706F02
S21403EAE06E73653A20257300204E6578742045764C
S21403EAF0656E742054696D65723A202564206D73C3
S21403EB00002043757272656E7420446F776E6C6F67
S21403EB106164204F66667365743A20307825303812
S21403EB2058202825642525290025733A206661691F
S21403EB306C65642070617273696E67204F54412060
S21403EB40636D6420307825303258004F544120449A
S21403EB50656661756C7420726573706F6E7365207D
S21403EB60746F20636F6D6D616E6420494420307846
S21403EB70253032582C2073746174757320307825D1
S21403EB8030325800496D61676520626C6F636B2095
S21403EB90726571756573742074657374206F6E6C1B
S21403EBA07920776F726B73207768656E2073746154
S21403EBB0746520697320424F4F544C4F41445F5352
S21403EBC0544154455F4E4F4E450052616E646F6D1F
S21403EBD02044656C6179206265666F726520737484
S21403EBE061727400446973636F766572696E672039
S21403EBF04F54412053657276657200476574204F03
S21403EC0054412053657276657220455549004F621C
S21403EC107461696E206C696E6B206B657900517543
S21403EC20657279696E67204E65787420496D6167F1
S21403EC306500446F776E6C6F6164696E6720496D1B
S21403EC4061676500566572696679696E6720496D06
S21403EC506167650057616974696E6720666F722025
S21403EC6055706772616465206D65737361676500CF
S21403EC70436F756E74646F776E20746F205570677C
S21403EC80726164650057616974696E6720746F20EA
S21403EC907570677261646520766961206F75742D7F
S21403ECA06F662D62616E64206D656368616E69735D
S21403ECB06D0025733A202564252520636F6D706CDF
S21403ECC065746500496D61676520256400202045ED
S21403ECD052524F523A20436F756C64206E6F742005
S21403ECE06765742066756C6C20686561646572215F
S21403ECF00020204865616465722056657273696FEB
S21403ED006E3A2030782530345800202048656164F8
S21403ED106572204C656E6774683A2020256420620D
S21403ED20797465730020204669656C6420436F6EB2
S21403ED3074726F6C3A2020307825303458002020C7
S21403ED404D616E75662049443A20202020202020FD
S21403ED50307825303458002020496D61676520548B
S21403ED607970653A202020202030782530345800EA
S21403ED70202056657273696F6E3A2020202020206B
S21403ED8020203078253038580020205A696762657D
S21403ED90652056657273696F6E3A20307825303475
S21403EDA05800202048656164657220537472696E4A
S21403EDB0673A20202573002020496D61676520533C
S21403EDC0697A653A2020202020256C6420627974B5
S21403EDD065730020205365637572697479204372E6
S21403EDE065643A202030782530325800202055704C
S21403EDF0677261646520446573743A20202000209E
S21403EE00204D696E2E204857205665723A202020E2
S21403EE10203078253034580020204D61782E204845
S21403EE2057205665723A20202020307825303458F3
S21403EE30002020546F74616C20546167733A202558
S21403EE406400202020205461673A2030782530342F
S21403EE5058002020202020204C656E6774683A20D6
S21403EE60256C64004572726F723A20436F756C644A
S21403EE70206E6F74206F627461696E207461672000
S21403EE80696E666F2066726F6D20696D6167652EA9
S21403EE90000A256420696D6167657320696E204FDB
S21403EEA054412073746F726167652E00496D616704
S21403EEB0652064656C65746525732E004572726FF4
S21403EEC0723A2020436F756C64206E6F74207265EF
S21403EED0616420626C6F636B3A2030782530325859
S21403EEE02E0A005374617274696E672065726173CB
S21403EEF0652066726F6D206F666673657420307862
S21403EF002530385820746F20307825303858004321
S21403EF106F756C64206E6F74207374617274204511
S21403EF205241534521202830782530325829004550
S21403EF304550524F4D20457261736520636F6D7067
S21403EF406C657465002F686F6D652F72756E6E65E0
S21403EF50722F776F726B2F747579612D7A6967627A
S21403EF6065652D7377697463682F747579612D7A77
S21403EF7069676265652D7377697463682F73696C57
S21403EF806162735F746F6F6C732F73696D706C69F6
S21403EF90636974795F73646B2F70726F746F636FDA
S21403EFA06C2F7A69676265652F6170702F66726170
S21403EFB06D65776F726B2F706C7567696E2F6F74E4
S21403EFC0612D73746F726167652D73696D706C65FF
S21403EFD02D656570726F6D2F6F74612D73746F720C
S21403EFE06167652D656570726F6D2D706167652D40
S21403EFF065726173652E63002F686F6D652F72757A
S21403F0006E6E65722F776F726B2F747579612D7ABA
S21403F01069676265652D7377697463682F7475799C
S21403F020612D7A69676265652D7377697463682FE6
S21403F03073696C6162735F746F6F6C732F73696D42
S21403F040706C69636974795F73646B2F70726F7425
S21403F0506F636F6C2F7A69676265652F6170702FB7
S21403F0606672616D65776F726B2F706C7567696E0C
S21403F0702F6F74612D73746F726167652D73696D7D
S21403F080706C652D656570726F6D2F6F74612D736F
S21403F090746F726167652D656570726F6D2E6300A0
S21403F0A04F54412053696D706C652053746F7261C1
S21403F0B0676520454550524F4D207761726E696EE5
S21403F0C0673A20636F756C64206E6F74206765748F
S21403F0D020736C6F7420696E666F20666F72207380
S21403F0E06C6F7420256420286572726F72203078E6
S21403F0F025303258292E2044656661756C74696E16
S21403F1006720746F20737065636966696564206140
S21403F110646472657373206F6666736574730053F5
S21403F120746F72616765204472697665723A20204F
S21403F13020202020202020202020204F5441205310
S21403F140696D706C652053746F7261676520454501
S21403F15050524F4D20506C7567696E00526561645E
S21403F160204D6F64696679205772697465205375FC
S21403F17070706F72743A20206E6F00534F432042B4
S21403F1806F6F746C6F6164696E6720537570706F10
S21403F19072743A2020202079657300426F6F746C76
S21403F1A06F616465722053746F726167652053756F
S21403F1B070706F72743A2055736520666972737443
S21403F1C020736C6F7400536C6F7420746F207573A8
S21403F1D0653A2020202020202020202020202020C8
S21403F1E0202025640043757272656E7420446F7721
S21403F1F06E6C6F6164204F66667365743A202020D8
S21403F200203078253038580045424C2053746172BC
S21403F21074204F66667365743A20202020202020D1
S21403F2202020202030782530385800454550524F4E
S21403F2304D2053746172743A202020202020202011
S21403F24020202020202020307825303858004545BF
S21403F25050524F4D20456E643A2020202020202017
S21403F26020202020202020202020307825303858C9
S21403F27000496D61676520496E666F20537461723D
S21403F280743A20202020202020202020203078259B
S21403F29030385800536176652052617465202862C1
S21403F2A07974657329202020202020202020202008
S21403F2B0307825303858004F6666736574206F665D
S21403F2C020646F776E6C6F6164206F666673657417
S21403F2D0202020307825303858004F6666736574D2
S21403F2E0206F662045424C206F66667365743A202D
S21403F2F0202020202020307825303858004F66669E
S21403F300736574206F6620696D6167652073746129
S21403F31072743A2020202020203078253038580078
S21403F320736C5F7A69676265655F61665F6F746158
S21403F3305F73746F726167655F6472697665725F27
S21403F340726561645F63622829206661696C65641F
S21403F3502100426164206D61676963206E756D628A
S21403F360657220696E2066696C653A2030782530B0
S21403F37032582030782530325820307825303258AD
S21403F38020307825303258004261642076657273E7
S21403F390696F6E20696E2066696C6520307825304B
S21403F3A03458004572726F723A2072656164416E1A
S21403F3B06456616C696461746553746F72656449FD
S21403F3C06D616765282920747269656420746F20EF
S21403F3D072656164206D6F72652064617461207468
S21403F3E068616E20697420636F756C6420686F6C47
S21403F3F0642E00736C5F7A69676265655F61665F3A
S21403F4006F74615F73746F726167655F6472697648
S21403F41065725F726561645F6362282920464149AD
S21403F4204C454421004C617374206F6666736574A3
S21403F43020646F776E6C6F616465643A203078255C
S21403F4403038580053746F72616765204D6F64756A
S21403F4506C653A204F54412053696D706C65205398
S21403F460746F7261676520506C7567696E00496DCD
S21403F470616765732053746F7265643A2020256450
S21403F480206F6620310A00253032583A0065702016
S21403F4902530325820636C7573202530345820612C
S21403F4A074747220253034582073767220256300D6
S21403F4B0206D6667202530325800207265706F72A3
S21403F4C074206D696E2025303458206D61782025B0
S21403F4D0303458207270742D63686720253038588E
S21403F4E00020726563656976652066726F6D2025F8
S21403F4F030345820657020253032582074696D6585
S21403F5006F7574202530345800636C656172007221
S21403F510656D6F766500636C656172696E67206CF6
S21403F520617374207265706F72742074696D6520E0
S21403F5306F6620616C6C20617474726962757465A1
S21403F540730074657374696E672074696D696E679A
S21403F550206F6620766172696F7573207265706FAF
S21403F5607274696E67206F7065726174696F6E730B
S21403F570002D2D2D2D2D2D2D2D2D2D2D2D2D2D2DE0
S21403F5802D2D2D2D2D2D2D2D2D2D2D2D2D2D2D2DA3
S21403F5902D2D2D2D2D2D2D2D2D2D2D2D2D2D2D2D93
S21403F5A0002D2D7461626C65207265616473202D75
S21403F5B02066756C6C207461626C652D2D00726517
S21403F5C073756C74203D202564206D73002D2D69A2
S21403F5D06E6974202F207363686564756C65207488
S21403F5E069636B2D2D2D002D2D6C6F616420636F69
S21403F5F06E66696775726174696F6E2064656661AD
S21403F600756C74732D2D002F686F6D652F72756E74
S21403F6106E65722F776F726B2F747579612D7A69A9
S21403F620676265652D7377697463682F747579618E
S21403F6302D7A69676265652D7377697463682F73BE
S21403F640696C6162735F746F6F6C732F73696D702F
S21403F6506C69636974795F73646B2F70726F746F10
S21403F660636F6C2F7A69676265652F6170702F66AA
S21403F67072616D65776F726B2F706C7567696E2F2D
S21403F6807265706F7274696E672F7265706F7274CD
S21403F690696E672E6300524541445F5250545F4380
S21403F6A0464700726561645F7265706F7274696E57
S21403F6B0675F636F6E66696775726174696F6E0004
S21403F6C05265706F7274696E673A206661696C651D
S21403F6D06420746F2073656E6420257320726573CF
S21403F6E0706F6E73653A2030782530325800455275
S21403F6F0523A2072656164696E6720636C75737431
S21403F70065722030782530345820617474726962CB
S21403F710757465203078253034583A203078253093
S21403F7203258004552523A207265706F7274696E91
S21403F73067206F66204C4F4E4720737472696E675E
S21403F74020617474726962757465207479706520BB
S21403F7506E6F7420737570706F727465643A20638D
S21403F7606C75737465722030782530345820617454
S21403F7707472696275746520307825303458005287
S21403F78065706F7274696E6720456E747279204671
S21403F790756C6C202D206372656174696E67206ECC
S21403F7A06577207265706F7274004346475F5250E8
S21403F7B05400202D20646972656374696F6E3A2560
S21403F7C03032582C20617474723A25303458002035
S21403F7D02020747970653A253032582C206D696E76
S21403F7E03A253034582C206D61783A253034580049
S21403F7F02020206368616E67653A002020207469C4
S21403F8006D656F75743A2530345800636F6E66699C
S21403F810677572655F7265706F7274696E670020D4
S21403F82054434C4B2075706461746520616C72653B
S21403F83061647920696E2070726F677265737300F6
S21403F8404D616E75616C2054434C4B20757064613A
S21403F8507465206661696C65642E25730053746154
S21403F8607274696E6720757064617465207472754E
S21403F87073742063656E746572206C696E6B206B9F
S21403F88065792070726F6365737300557064617475
S21403F89065205443204C696E6B204B657900204EDF
S21403F8A06577206B65792065737461626C6973682C
S21403F8B065643A00204572726F723A005061727442
S21403F8C06E65723A20005A434C20676C6F62616C17
S21403F8D020636C757374657220636F6D6D616E64FF
S21403F8E07300646972656374696F6E006469736339
S21403F8F02D636F6D2D67656E00646973632D636F8B
S21403F9006D2D726563006578706563742D7265701E
S21403F9106F72742D66726F6D2D6D650075777269E3
S21403F9207465006E7772697465007265706F7274C1
S21403F9302D726561640073656E642D6D652D612D92
S21403F9407265706F727400437265617465732061CB
S21403F95020676C6F62616C20646973636F7665728F
S21403F96020636F6D6D616E6420666F7220746865C8
S21403F970206173736F6369617465642076616C7567
S21403F98065732E00636C757374657249641F6174C6
S21403F9907472696275746549641F6D61784E756D1E
S21403F9A0626572546F5265706F72741F004372659E
S21403F9B061746573206120676C6F62616C20736588
S21403F9C06E64206D652061207265706F72742063AB
S21403F9D06F6D6D616E6420666F722074686520615A
S21403F9E073736F6369617465642076616C756573A0
S21403F9F02E00636C757374657249641F6174747248
S21403FA00696275746549641F6461746154797065CD
S21403FA101F6D696E5265706F727454696D651F6DE4
S21403FA2061785265706F727454696D651F72657084
S21403FA306F727461626C654368616E67651F00432D
S21403FA40726561746573206120676C6F62616C20F8
S21403FA5072656164207265706F7274696E67206385
S21403FA606F6D6D616E6420666F72207468652061C9
S21403FA7073736F63696174656420636C757374650F
S21403FA80722C2061747472696275746520616E6489
S21403FA90207365727665722F636C69656E74206475
S21403FAA06972656374696F6E2E00636C7573746533
S21403FAB07249641F61747472696275746549641F60
S21403FAC0646972656374696F6E1F00476C6F626169
S21403FAD06C207265706F7274696E6720636F6D6DEC
S21403FAE0616E6400656E64706F696E741F636C7517
S21403FAF07374657249641F617474726962757465A0
S21403FB0049641F6D61736B1F00437265617465738F
S21403FB10206120676C6F62616C207265616420638C
S21403FB206F6D6D616E64206D6573736167652074B8
S21403FB306F20726561642066726F6D20746865203D
S21403FB40636C757374657220616E6420617474727D
S21403FB506962757465207370656369666965642E8A
S21403FB6000636C757374657249641F61747472699B
S21403FB706275746549641F0043726561746573201A
S21403FB806120676C6F62616C2077726974652063AD
S21403FB906F6D6D616E64206D657373616765207448
S21403FBA06F20777269746520746F207468652063AC
S21403FBB06C757374657220616E6420617474726907
S21403FBC0627574652073706563696669656400634E
S21403FBD06C757374657249641F61747472696275B7
S21403FBE0746549641F747970651F646174611F00CE
S21403FBF04372656174652061206578706563742D52
S21403FC007265706F72742D66726F6D2D6D65206DE3
S21403FC106573736167652077697468206173736FB2
S21403FC206369617465642076616C7565732E006321
S21403FC306C757374657249641F6174747269627556
S21403FC40746549641F74696D656F75741F0043722C
S21403FC5065617465206120446973636F76657220FD
S21403FC60436F6D6D616E64732047656E6572617474
S21403FC70656420636F6D6D616E64207769746820B8
S21403FC806173736F6369617465642076616C75650F
S21403FC90732E00636C757374657249641F737461A5
S21403FCA07274436F6D6D616E6449641F6D61784352
S21403FCB06F6D6D616E6449641F00536574732074C1
S21403FCC0686520646972656374696F6E20666F7217
S21403FCD020676C6F62616C20636F6D6D616E647319
S21403FCE02C2065697468657220636C69656E742080
S21403FCF0746F20736572766572206F7220736572F7
S21403FD0076657220746F20636C69656E742E00537B
S21403FD10657473206120666C616720736F20746856
S21403FD20617420746865206170706C6963617469BE
S21403FD306F6E206672616D65776F726B2057494CE4
S21403FD404C204E4F5420726573706F6E6420746F30
S21403FD5020746865206E657874205A434C206D6560
S21403FD607373616765207468617420636F6D657370
S21403FD7020696E206F7665722074686520616972EB
S21403FD802E0053657473206120666C616720736F61
S21403FD90207468617420746865206170706C696390
S21403FDA06174696F6E206672616D65776F726B2022
S21403FDB057494C4C20726573706F6E6420746F20C5
S21403FDC0746865206E657874205A434C206D65739D
S21403FDD073616765207468617420636F6D65732053
S21403FDE0696E206F76657220746865206169722E6D
S21403FDF00053657473207468652044697361626C8C
S21403FE00652044656661756C7420526573706F6E09
S21403FE107365204672616D6520436F6E74726F6CF6
S21403FE202062697420746F2075736520666F722074
S21403FE30746865206E65787420636F6D6D616E649B
S21403FE402069662074686520636F6D6D616E64203B
S21403FE506973206E6F7420616C72656164792062C9
S21403FE6075696C742E0064697361626C65446566BB
S21403FE7061756C74526573706F6E73651F0053659E
S21403FE8074732074686520666C616720746F2075D0
S21403FE9073652074686520696E6372656D656E743C
S21403FEA065642073657175656E6365206E756D6236
S21403FEB065722066726F6D20746865206672616D68
S21403FEC065776F726B20666F7220746865206E6547
S21403FED078742072617720636F6D6D616E642E0097
S21403FEE07573654E65787453657175656E63651FC6
S21403FEF000436C6920636F6D6D616E6420746F20C0
S21403FF0063616C6C20736C5F7A69676265655F61B9
S21403FF10665F7365745F74696D652066756E63747A
S21403FF20696F6E20646F63756D656E7465642069B2
S21403FF306E2061662E680075746354696D651F00D4
S21403FF4053657473207468652074776F20627974C0
S21403FF5065206D616E756661637475726572207374
S21403FF6070656369666963206964656E746966694A
S21403FF70657220746F2075736520666F72207468CF
S21403FF8065206E65787420636F6D6D616E6420699D
S21403FF90662074686520636F6D6D616E6420697397
S21403FFA0206E6F7420616C72656164792062756976
S21403FFB06C742E006D666753706563696669634982
S21403FFC0641F006E6F742000534C5F5354415455A6
S21403FFD0535F4E4554574F524B5F5550203078254C
S21403FFE03034580054727573742043656E746572AA
S21403FFF020455549206861732025736368616E67E1
S21404000065642E00534C5F5354415455535F4E451C
S21404001054574F524B5F444F574E00534C5F535404
S214040020415455535F4E4F545F4A4F494E45440022
S214040030534C5F5354415455535F5A4947424545C0
S2140400405F4E4554574F524B5F4F50454E45443ACA
S2140400502025642073656300534C5F535441545504
S214040060535F5A49474245455F4E4554574F524B96
S2140400705F434C4F5345440025733A202573006470
S214040080697374726962757465640063656E74720C
S214040090616C697A656400466F726D002573696EDB
S2140400A067206F6E2063682025642C2070616E497B
S2140400B06420307825303458004572726F723A20C6
S2140400C044657669636520646F6573206E6F74207B
S2140400D0737570706F7274202573206E6574776FF5
S2140400E0726B20666F726D6174696F6E004A6F6919
S2140400F06E00496E76616C69642053656375726937
S21404010074792050726F66696C653A2030782530B1
S214040110325800704A6F696E20666F72202564201C
S2140401207365633A20307825303258004C696D691F
S21404013074696E67206475726174696F6E206F6689
S214040140207065726D6974206A6F696E2066726FBE
S2140401506D20666F726576657220283235352920E3
S214040160746F203235340052583A205A444F2C20AB
S214040170636F6D6D616E64203078253034582C20A2
S2140401807374617475733A2030782530325800538E
S214040190696D706C650052583A2025732044657367
S2140401A0632052657370004D61746368002C204DA3
S2140401B06174636865733A202564004465766963F0
S2140401C06520416E6E6F756E63653A203078253013
S2140401D034580052583A20494545452041646472D3
S2140401E065737320526573706F6E73650052583A68
S2140401F02041637469766520455020526573706F9C
S2140402006E73652C20436F756E743A202564004E19
S2140402106F6465002C204D6174636865733A203002
S214040220782530345800737461636B207665722EBB
S214040230205B25642E25642E256400202573206209
S21404024075696C642025645D005A444F005345006C
S214040250484100436C757374657200476C6F626145
S2140402606C0025737478203078253038582C20009C
S21404027050726F66696C653A20257320283078259D
S214040280303458292C20436C75737465723A2030C8
S21404029078253034582C2025642062797465732CB4
S2140402A000205A434C20257320436D642049443A69
S2140402B0202564005072652D52656C656173650077
S2140402C0416C706861203100416C706861203200B6
S2140402D0416C7068612033004265746120310042CD
S2140402E06574612032004265746120330047410022
S2140402F0526573657420696E666F3A2030782530CF
S214040300325820282573290064656C65746520625C
S214040310696E64696E673A2025303258202530327B
S21404032058000102030405060708090A0B0C00011D
S2140403300101010101010101010101005752495463
S21404034045204552523A20002573657020253032E8
S2140403505820636C75732025303458206174747289
S2140403602025303458206E6F7420737570706F7249
S214040370746564002573696E76616C6964206461D3
S2140403807461207479706500257361747472206ECC
S2140403906F74207772697461626C650057524954B1
S2140403A0453A206E6F2077726974652C206A7573DF
S2140403B0742061207465737400524541443A206188
S2140403C074747269627574652073697A6520746FD3
S2140403D06F206C6172676520666F722063616C6C57
S2140403E0657200636C6E7400737276720052570006
S2140403F0524F00202052414D20200020746F6B6520
S2140404006E200065787465726E2000454E44504F29
S214040410494E54202530325800636C7573202F20C3
S21404042073696465202F2061747472202F206D66B2
S2140404306720202F74797065286C656E292F2072CA
S21404044077202F2073746F72616765202F20646194
S21404045074612028726177290025303458202F20B3
S2140404602573202F2025303458202F2000202F20BD
S2140404702530325820282530325829202F2025733D
S214040480202F202573202F2000556E737570706FF3
S21404049072746564004F544120524541443A2065C5
S2140404A0703A25303258206369643A25303458202F
S2140404B061747469643A25303458206D736B3A2538
S2140404C0303258206D66636F64653A2530345800C0
S2140404D0524541443A20636C757320253034582CB9
S2140404E020617474722025303458206661696C6506
S2140404F064202530325800524541443A20636C75D6
S2140405007320253034582C206174747220253034BE
S214040510582C20646174614C656E3A20253032583C
S2140405202C204F4B0028256329253032582530329D
S2140405305825303258253032582530325825303236
S2140405405825303258253032580064697361626C1D
S21404055065002573642C2064726F7070696E672062
S21404056065702030782530325820636C75732030DF
S214040570782530345820636D64203078253032581E
S2140405800047656E657261746564005265636569EB
S21404059076656400446973636F76657220436F6D95
S2140405A06D616E647320726573706F6E7365202858
S2140405B0636F6D706C6574653A202563292C20255D
S2140405C073204944733A200030782530325820008E
S2140405D05F45585400524541445F415454520057B5
S2140405E0524954453A20636C75732025303458209C
S2140405F061747472202530345820004641494C20DA
S214040600253032580057524954453A20746F6F20AB
S21404061073686F727400444953435F4154545200E4
S214040620257325733A20636C75732025303458007F
S21404063053766320446973633A20002573576169CF
S21404064074696E672025642073656320666F722064
S214040650646973636F7665727920746F20636F6D57
S214040660706C65746500537461746520636F727290
S2140406706573706F6E64696E6720746F2074686546
S214040680207468652072657175657374206E6F7466
S21404069020666F756E640A002573636F6D706C65F3
S2140406A074652E0A00257353657276696365204463
S2140406B06973636F76657279205374617465206C10
S2140406C0696D69747320726561636865640A0025E0
S2140406D073496C6C6567616C2062726F61646361F8
S2140406E0737420616464726573732C2072656D6123
S2140406F07070696E6720746F2076616C6964206F11
S2140407006E652E0025734661696C656420746F20DF
S21404071073656E64206D6174636820646973636FC7
S214040720766572793A20307825303258002573532E
S21404073074617274696E6720646973636F76657238
S2140407407920666F7220636C7573746572203078D6
S214040750253034580025734661696C656420746FCF
S2140407602073656E642073696D706C6520646573B0
S21404077063726970746F7220726571756573743A0A
S214040780203078253032580025734661696C6564DC
S21404079020746F2073656E64204945454520616466
S2140407A0647265737320726571756573743A20306C
S2140407B078253032580025734661696C6564207468
S2140407C06F2073656E64204E574B206164647265B7
S2140407D0737320726571756573743A2030782530AA
S2140407E03258004572726F723A2025732062616433
S2140407F02073696D706C65206465736372697074C8
S2140408006F72206C656E6774682E0025734D657371
S2140408107361676520746F6F2073686F7274002548
S214040820734D65737361676520746F6F2073686FAB
S214040830727420666F72206E756D2E20656E6470FD
S2140408406F696E74730025734D6174636825732035
S214040850666F756E642066726F6D2030782530344E
S214040860582E004572726F723A20257320696E7690
S214040870616C6964206C656E677468202825642042
S214040880213D2025642920666F72204163746976B1
S2140408906520456E64706F696E7420726573706F40
S2140408A06E7365002573676F74206163746976657B
S2140408B020455020726573706F6E736500555443FF
S2140408C02074696D653A2025642F25642F256420DD
S2140408D025643A25643A25642028253038582900AA
S2140408E028556E6B6E6F776E20636C75732E205B67
S2140408F03078253034585D29000D0A542530385890
S2140409003A005258206C656E2025642C20657020B1
S214040910253032582C20636C75732030782530349B
S214040920582000206D66674964202530345800201E
S21404093046432025303258207365712025303258BE
S21404094020636D642025303258207061796C6F61A5
S214040950645B004261736963004F76657220746855
S214040960652041697220426F6F746C6F6164696EB2
S21404097067002573525820706B7420746F6F207351
S214040980686F72743A202564203C20256400257321
S214040990525820706B74206D616C666F726D65645E
S2140409A03A202564203C2025640020204861766592
S2140409B020526F7574657220537570706F72740070
S2140409C02020456E6420446576696365204F6E6C0E
S2140409D079002020456E61626C65640020204469BD
S2140409E07361626C6564004572726F72207265741E
S2140409F072696576696E6720696E666F20666F72C7
S214040A00206C69627261727920494420256400254D
S214040A1073206C69627261727925732070726573D3
S214040A20656E74005A69676265652050726F00428D
S214040A30696E64696E6700536563757269747920BC
S214040A40436F7265005365637572697479204C69E7
S214040A506E6B204B6579730043424B452031363329
S214040A604B310043424B4520445341205369676E43
S214040A70004543430043424B4520445341205665BA
S214040A8072696679005061636B65742056616C699F
S214040A9064617465005A4C4C0043424B452032381E
S214040AA0334B3100454343203238334B3100434205
S214040AB04B4520636F7265004E4350004D756C7451
S214040AC069206E6574776F726B00456E68616E633D
S214040AD0656420426561636F6E205265710043420F
S214040AE04B45203238334B312044534120566572EF
S214040AF0696679004D756C74692D50414E002F68F7
S214040B006F6D652F72756E6E65722F776F726B2FB1
S214040B10747579612D7A69676265652D7377697472
S214040B2063682F747579612D7A69676265652D73BC
S214040B3077697463682F73696C6162735F746F6F2F
S214040B406C732F73696D706C69636974795F736411
S214040B506B2F70726F746F636F6C2F7A6967626540
S214040B60652F737461636B2F636F6E6669672F738B
S214040B706C5F7A69676265655F636F6E66696775E1
S214040B80726174696F6E2E63002F686F6D652F72C5
S214040B90756E6E65722F776F726B2F747579612D13
S214040BA07A69676265652D7377697463682F7475EF
S214040BB079612D7A69676265652D737769746368F0
S214040BC02F73696C6162735F746F6F6C732F7369D4
S214040BD06D706C69636974795F73646B2F70726F80
S214040BE0746F636F6C2F7A69676265652F737461BF
S214040BF0636B2F6672616D65776F726B2F616573B9
S214040C002D6563622E63002F686F6D652F72756E97
S214040C106E65722F776F726B2F747579612D7A6992
S214040C20676265652D7377697463682F7475796177
S214040C302D7A69676265652D7377697463682F73A7
S214040C40696C6162735F746F6F6C732F73696D7018
S214040C506C69636974795F73646B2F70726F746FF9
S214040C60636F6C2F7A69676265652F737461636B53
S214040C702F73656375726974792F7A69676265651F
S214040C802D73656375726974792D6D616E61676520
S214040C90722D6E6F2D7661756C742E6300457272BC
S214040CA06F723A20204661696C656420746F207206
S214040CB06561642066726F6D20454550524F4D2025
S214040CC061742030782534582C20737461747573DD
S214040CD03A20256400454550524F4D20496E6974AC
S214040CE069616C697A65643A20256300454550520B
S214040CF04F4D20427573793A202563005061727413
S214040D0069616C20576F72642053746F72616765F3
S214040D1020436F756E743A202564004164647265DE
S214040D2073733A2030782534582C205061727469D5
S214040D30616C20576F72643A203078255800636FD0
S214040D406E6669726D656400617373756D656400C3
S214040D500A454550524F4D20496E666F004E6F74DB
S214040D6020617661696C61626C6520286F6C6465CD
S214040D707220626F6F746C6F6164657229005061D3
S214040D807274204465736372697074696F6E3A2076
S214040D90202020202020202020257300436170611D
S214040DA062696C69746965733A20202020202020CB
S214040DB020202020202020307825325800506167DB
S214040DC0652045726173652074696D6520287329F2
S214040DD03A2020202020202564005061727420458B
S214040DE0726173652074696D65202873293A202022
S214040DF0202020202564005061727420457261739F
S214040E00652074696D6520286D73293A202020209A
S214040E102020256400506167652073697A65202860
S214040E206279746573293A2020202020202020200F
S214040E30256C00506172742073697A652028627983
S214040E40746573293A202020202020202020256C39
S214040E5000576F72642073697A6520286279746516
S214040E6073293A20202020202020202025642028B2
S214040E7025702900454550524F4D20696E69743AD5
S214040E802030782558002F686F6D652F72756E6E4A
S214040E9065722F776F726B2F747579612D7A696717
S214040EA06265652D7377697463682F747579612D2F
S214040EB07A69676265652D7377697463682F7369E9
S214040EC06C6162735F746F6F6C732F73696D706C93
S214040ED069636974795F73646B2F7574696C2F70BA
S214040EE06C7567696E2F706C7567696E2D636F6DB0
S214040EF06D6F6E2F656570726F6D2F656570726F9E
S214040F006D2E6300556E61626C6520746F20626F8F
S214040F106F7420696D61676520617420736C6F74EB
S214040F2020256C640A00536C6F74204D616E6167F3
S214040F306572206661696C656420746F20657261F1
S214040F40736520736C6F740A004D61782072656156
S214040F5064206C696D69742073657420746F202531
S214040F60642062797465730A0041646472657373FD
S214040F7020202020202020202020446174610A00A4
S214040F80307825346C7820202020202020307825C6
S214040F90780A004661696C656420746F2072656126
S214040FA0642066726F6D20666C6173680A00536C09
S214040FB06F7420256C640A20204164647265737320
S214040FC020202020203A20307825346C580A20200F
S214040FD04C656E6774682020202020203A203078E4
S214040FE025346C582028256C64206279746573292E
S214040FF00A002020547970652020202020202020FC
S2140410003A20004E6F2047424C2070726573656E1E
S214041010740A005A69674265650A00546872656115
S214041020640A00436F6E6E6563740A00426C7565ED
S214041030746F6F74680A00426C7565746F6F7468B9
S214041040206170706C69636174696F6E0A004D4349
S214041050550A004F7468657220283078256C582924
S2140410600A00202056657273696F6E2020202020A7
S2140410703A203078256C580A00202043617061625B
S214041080696C69746965733A20307825346C580A3B
S21404109000202050726F6475637420494420203AFF
S2140410A02000307825582000536C6F74204D616EF4
S2140410B0616765723A206661696C656420746F20A6
S2140410C0696E697469616C697A6520626F6F746CA5
S2140410D06F6164657220286572726F72203078259D
S2140410E03478290A0056657273696F6E20202020B2
S2140410F0203A2025640A00506172742020202020A3
S2140411002020203A2025730A004361706162696CCE
S21404111069746965733A20307825780A00506172DC
S214041120742073697A652020203A20256420420AB8
S21404113000506167652073697A652020203A20256F
S2140411406420420A00576F72642073697A6520200F
S214041150203A20256420420A00536C6F74732020C2
S21404116020202020203A2025640A004661696C6508
S2140411706420746F20726561642066726F6D2073DC
S214041180746F7261676520666C6173682028657287
S214041190726F72202564290A00496E76616C696450
S2140411A020736C6F7420256420286D617820736C1E
S2140411B06F74202564290A004661696C656420748E
S2140411C06F2067657420696E666F20666F72207381
S2140411D06C6F742025640A00536C6F74204D616E26
S2140411E0616765723A20736C6F74207772697465F0
S2140411F0206661696C7572652E204164647265733D
S21404120073206F66667365742028256429202B2056
S2140412107772697465206C656E6774682028256427
S214041220292067726561746572207468616E207423
S2140412306F74616C20736C6F74206C656E67746871
S21404124020282564290A00536C6F74204D616E6152
S214041250676572207761726E696E673A20736C6F89
S21404126074202564206C656E6774682028256429BC
S214041270206E6F7420616C69676E656420746F20DD
S214041280706167652073697A6520282564292E2095
S21404129054686520656E7469726520736C6F74207B
S2140412A077696C6C206E6F7420626520657261735A
S2140412B065642E0A00536C6F74204D616E61676519
S2140412C0723A206661696C656420746F2065726189
S2140412D0736520256420627974657320696E2073B3
S2140412E06C6F742025642061742061646472657375
S2140412F07320307825347820286572726F72203017
S214041300782578290A00457261736564202564206F
S214041310627974657320696E20736C6F742025641B
S2140413200A004661696C656420746F2073657420D6
S214041330736C6F7420746F20626F6F7420286572EC
S214041340726F72203078253478290A004661696CF9
S214041350656420746F20736574206C697374206FE1
S2140413606620736C6F747320746F20626F6F7420C2
S214041370286572726F72203078253478290A004600
S21404138061696C656420746F20676574206E657788
S214041390206C697374206F6620736C6F747320748A
S2140413A06F20626F6F7420286572726F72203078B7
S2140413B0253478290A00426567696E6E696E67206F
S2140413C0696D6167652076657269666963617469CB
S2140413D06F6E2E2E2E002E6661696C6564212028A1
S2140413E04572726F72203078253478290A002E7080
S2140413F061737365642120426F6F74696E6720732E
S2140414006C6F742025640A00666E692B00666E692C
S214041410006E616E00666E692D006C696273006210
S21404142073656E6400726573657400726177007329
S214041430656E645F6D756C7469636173740073655F
S2140414406E642D7573696E672D6D756C7469636152
S21404145073742D62696E64696E670074696D657372
S214041460796E63006765742D7074692D72616469A2
S2140414706F2D636F6E66696700636F6E6669672DAE
S2140414806363612D6D6F6465006576656E747300C5
S2140414907365637572697479007A69676265655FF6
S2140414A07072696E7400706C7567696E006E657430
S2140414B0006B657973006F7074696F6E00706C757D
S2140414C067006368616E67656B6579006368616E63
S2140414D067656B007A646F007072696E742072655B
S2140414E06C6174656420636F6D6D616E64732E0049
S2140414F061747472005A646F2072656C61746564FA
S21404150020636F6D6D616E64732E00726F75746503
S21404151000706F776572006D676D742D6C7169006D
S2140415206D676D742D62696E64006E6F646500731A
S214041530696D706C65006965656500756E62696ED7
S21404154064006E776B2D757064006F75742D636C14
S2140415502D6C69737400696E2D636C2D6C697374DD
S214041560005A646F20696E2D636C2D6C6973742049
S21404157072656C6174656420636F6D6D616E64730F
S2140415802E005A646F206F75742D636C2D6C69730E
S214041590742072656C6174656420636F6D6D616E32
S2140415A064732E005A646F206E776B2D75706420FA
S2140415B072656C6174656420636F6D6D616E6473CF
S2140415C02E007363616E2D6368616E2D6D61736B9F
S2140415D0007363616E006368616E506700636861E0
S2140415E06E005A646F20756E62696E642072656C54
S2140415F06174656420636F6D6D616E64732E00752F
S2140416006E6963617374006368616E67656B6579A0
S2140416102072656C6174656420636F6D6D616E64C1
S214041620732E006C696E6B004F7074696F6E207257
S214041630656C6174656420636F6D6D616E64732E92
S2140416400072656769737465720064697363006920
S2140416506E7374616C6C2D636F64650062696E648E
S214041660696E672D7461626C65007072696E742DA4
S21404167072782D6D73677300617073726574727916
S2140416800041505320726574727920666C6167203D
S214041690666F72636520636F6D6D616E647300457B
S2140416A06E61626C65732F44697361626C65732046
S2140416B07072696E74696E67206F66205278206D4A
S2140416C0657373616765732E00656E61626C650091
S2140416D042696E64696E67207461626C6520726527
S2140416E06C6174656420636F6D6D616E64732E0047
S2140416F05365637572697479206B657973207265B6
S2140417006C6174656420636F6D6D616E64732E0026
S21404171064656C657465004E6574776F726B2072D1
S214041720656C6174656420636F6D6D616E64732EA1
S21404173000666F726D0072656A6F696E2D64696605
S214041740662D6465766963652D74797065006578C1
S2140417507470616E69640069736F70656E0062729E
S2140417606F61642D706A6F696E006368616E676589
S2140417702D6368616E6E656C00696E6974006368DB
S214041780616E67652D6B6565702D616C6976652D78
S2140417906D6F64650074696D656F75742D6F707414
S2140417A0696F6E2D6D61736B006D756C74692D7049
S2140417B068792D7374617274006D756C74692D701C
S2140417C068792D73746F700066696E64006E657454
S2140417D0776F726B2066696E6420636F6D6D616EE1
S2140417E064732E006A6F696E61626C6500756E754F
S2140417F073656400736C6F742D6D616E61676572DA
S21404180000636F756E7465727300656E642D64652F
S214041810766963652D737570706F72740066696E91
S214041820642D616E642D62696E6400667261676D14
S214041830656E746174696F6E0067726F7570732D70
S214041840736572766572006E6574776F726B2D734E
S21404185074656572696E67006F74612D626F6F746C
S2140418606C6F6164006F74612D636C69656E7400DF
S2140418706F74612D73746F726167652D636F6D6D20
S2140418806F6E006F74612D73746F726167652D657A
S2140418906570726F6D0069646C652D736C65657038
S2140418A0007570646174652D74632D6C696E6B2DA0
S2140418B06B6579007570646174652D74632D6C694D
S2140418C06E6B2D6B65792072656C6174656420633C
S2140418D06F6D6D616E64730074696D6572006E6F12
S2140418E07700436F6D6D616E647320746F20636F51
S2140418F06E74726F6C2069646C696E672F736C65A6
S2140419006570696E67206F66207468652064657606
S21404191069636500666F7263652D6177616B650048
S2140419206177616B652D7768656E2D6E6F742D6AB1
S2140419306F696E6564007265706F7274696E672095
S21404194072656C6174656420636F6D6D616E64733B
S2140419502E00636C6561722D6C6173742D726570F4
S2140419606F72742D74696D6500746573742D746973
S2140419706D696E67006F74612D73746F726167654D
S2140419802D656570726F6D2072656C617465642078
S214041990636F6D6D616E64732E0077697065006F9A
S2140419A074612D73746F726167652D636F6D6D6FEF
S2140419B06E2072656C6174656420636F6D6D616E14
S2140419C06473007072696E74496D61676573007242
S2140419D0656C6F61640073746F726167652D696E00
S2140419E0666F00646174612D7072696E74006F7442
S2140419F0612D636C69656E742072656C61746564D0
S214041A0020636F6D6D616E64732E00766572696611
S214041A107900626C6F636B2D746573740070616714
S214041A20652D72657175657374007570677261648F
S214041A30652D726571756573740064697361626C93
S214041A40652D646F776E67726164657300656E6199
S214041A50626C652D646F776E677261646573006F80
S214041A6074612D626F6F746C6F61642072656C6153
S214041A7074656420636F6D6D616E6473006E657467
S214041A80776F726B2D7374656572696E6720726505
S214041A906C6174656420636F6D6D616E64732E0093
S214041AA07072652D636F6E666967757265642D6BFB
S214041AB065792D736574006D61736B2072656C6156
S214041AC074656420636F6D6D616E642E0073756259
S214041AD074726163740067726F7570732D736572C8
S214041AE07665722072656C6174656420636F6D6DD3
S214041AF0616E64732E00667261676D656E746174E0
S214041B00696F6E2072656C6174656420636F6D6DB9
S214041B10616E64732E007365742D72782D77696E0A
S214041B20646F772D73697A65006172746966696398
S214041B3069616C2D626C6F636B2D64726F70004606
S214041B40696E6420616E642062696E642072656CDE
S214041B506174656420636F6D6D616E64732E0069D5
S214041B606E69746961746F7200656E642D6465765F
S214041B706963652D737570706F72742072656C611D
S214041B8074656420636F6D6D616E64732E00706F90
S214041B906C6C2D636F6D706C657465642D63616C1D
S214041BA06C6261636B00666F7263652D73686F7237
S214041BB0742D706F6C6C00656E61626C655F747911
S214041BC0706500737461636B00617070007A636C97
S214041BD0006C65676163795F61665F6465627567FB
S214041BE000636F756E746572732072656C617465DC
S214041BF06420636F6D6D616E64732E007072696E1F
S214041C00742D636F756E7465722D747970650073C8
S214041C10696D706C652D7072696E74007072696E91
S214041C20742D7468726573686F6C6473007365747E
S214041C302D7468726573686F6C640072657365747E
S214041C402D7468726573686F6C64730073656E6474
S214041C502D72657175657374007365637572697446
S214041C60792072656C6174656420636F6D6D616E56
S214041C706473007365742D616C6C6F772D74727564
S214041C8073742D63656E7465722D72656A6F696E02
S214041C902D7573696E672D77656C6C2D6B6E6F771B
S214041CA06E2D6B6579007365742D616C6C6F772D82
S214041CB074727573742D63656E7465722D72656ABD
S214041CC06F696E2D7573696E672D77656C6C2D6BF9
S214041CD06E6F776E2D6B65792D74696D656F75748F
S214041CE0007365742D6B65792D72657175657374F3
S214041CF02D706F6C696379006D66672D746F6B6504
S214041D006E0061707300536563757269747920613F
S214041D1070732072656C6174656420636F6D6D61A9
S214041D206E64732E004765742F736574204D4647A2
S214041D3020746F6B656E2E00656E64706F696E74CA
S214041D402072656C6174656420636F6D6D616E648A
S214041D50732E00656570726F6D207574696C697496
S214041D60792072656C6174656420636F6D6D616E55
S214041D70647300536C6F74204D616E6167657220E6
S214041D8072656C6174656420636F6D6D616E6473F7
S214041D9000626F6F742D736C6F7400657261736587
S214041DA02D736C6F74006578742D666C6173682D82
S214041DB0696E666F00736C6F74732D696E666F0060
S214041DC05072696E74732074696D652E0050726962
S214041DD06E7473206174747269627574652E004340
S214041DE06C6561727320746865205A444F206C6970
S214041DF07374206F6620636C69656E742028696E40
S214041E002920636C7573746572732E004164647361
S214041E1020636C75737465727320746F20746865C0
S214041E20206B6E6F776E20636C69656E742028690C
S214041E306E2920636C757374657273206F6E2074DC
S214041E40686973206465766963652E00436C656112
S214041E50727320746865205A444F206C697374202A
S214041E606F6620636C69656E7420286F757429200C
S214041E70636C7573746572732E00416464732063B7
S214041E806C75737465727320746F20746865206B48
S214041E906E6F776E20636C69656E7420286F757438
S214041EA02920636C757374657273206F6E20746872
S214041EB06973206465766963652E0053656E647382
S214041EC020616E20757064617465206368616E6E4F
S214041ED0656C20726571756573742E006368616E37
S214041EE06E656C1F0053656E647320616E2075709A
S214041EF064617465206368616E6E656C20706167EA
S214041F0065207265712E2054686520737461636B56
S214041F102073656E6473206E776B20656E68616EE1
S214041F2063656420757064617465207265712066EB
S214041F306F72206E6F6E2D7A65726F2070616765A2
S214041F402E006368616E6E656C1F706167651F00A6
S214041F50506572666F726D7320616E20656E657271
S214041F606779207363616E2E007461726765744EC0
S214041F706F646549641F7363616E44757261746946
S214041F806F6E1F7363616E436F756E741F004272CB
S214041F906F616463617374732074686520494420B8
S214041FA06F6620746865206E6577206E6574776F3B
S214041FB0726B206D616E6167657220616E6420616C
S214041FC06374697665206368616E6E656C732E0053
S214041FD06E776B4D676549641F6368616E6E656CEA
S214041FE04D61736B1F00506572666F726D7320616E
S214041FF06E20656E65726779207363616E206F6EFE
S21404200020676976656E206368616E6E656C206D08
S21404201061736B2E007461726765744E6F646549F4
S214042020641F7363616E4475726174696F6E1F73A7
S21404203063616E436F756E741F6368616E6E656C64
S2140420404D61736B1F0053656E64732061206E656B
S21404205074776F726B206164647265737320726543
S214042060717565737420666F72207468652067697D
S21404207076656E20494545452061646472657373D0
S2140420802E00696565651F00526571756573747306
S21404209020616E204945454520616464726573730A
S2140420A0206261736564206F6E20612067697665BF
S2140420B06E206E6F64652049442E006E6F64654919
S2140420C0641F0053656E647320612073696D706CC1
S2140420D0652064657363726970746F7220726571CB
S2140420E07565737420666F72207468652073686FF4
S2140420F07274206164647265737320616E64206513
S2140421006E64706F696E7420737065636966696562
S214042110642E00646573741F746172676574456E1B
S21404212064706F696E741F0053656E64732061205B
S2140421306D6174636844657363726970746F7273F7
S2140421405265717565737420746F207468652067B2
S2140421506976656E2064657374696E6174696F6E02
S21404216020776974682074686520676976656E20D0
S21404217070726F66696C652E006E6F646549641FC5
S21404218070726F66696C651F0053656E64732061B8
S214042190206E6F64652064657363726970746F7211
S2140421A0207265717565737420746F206120676989
S2140421B076656E20746172676574206465766963FB
S2140421C0652E007461726765741F0053656E6473D0
S2140421D02061205A444F2042696E6420636F6D6DFF
S2140421E0616E6420746F206120646576696365207F
S2140421F073706563696669656420696E20746865D2
S21404220020636F6D6D616E6420617267756D656EB7
S21404221074732E0044657374696E6174696F6E1FFF
S214042220536F7572636520656E64706F696E741F94
S21404223044657374696E6174696F6E20656E64704C
S2140422406F696E741F636C757374657249441F728C
S214042250656D6F746545554936341F6465737445FA
S214042260554936341F0053656E647320616E2061D1
S214042270637469766520656E64706F696E74207227
S21404228065717565737420746F2074686520646561
S2140422907669636520776974682074686520676961
S2140422A076656E2073686F72742049442E005365F9
S2140422B06E647320616E20756E62696E642072654A
S2140422C0717565737420666F72206120756E69631C
S2140422D06173742062696E64696E6720746F20741B
S2140422E068652074617267657420646576696365E1
S2140422F02E007461726765741F736F757263652050
S21404230065756936341F736F7572636520656E6410
S214042310706F696E741F636C757374657249441FBD
S21404232064657374696E6174696F6E4555493634B5
S2140423301F64657374696E6174696F6E20656E647C
S214042340706F696E741F0053656E647320616E202F
S214042350756E62696E642072657175657374206645
S2140423606F722061206D756C74696361737420628A
S214042370696E64696E6720746F2074686520746182
S21404238072676574206465766963652E007461728D
S2140423906765741F736F7572636520657569363477
S2140423A01F736F7572636520656E64706F696E74F3
S2140423B01F636C757374657249441F67726F75701A
S2140423C0416464726573731F0053656E64732061A1
S2140423D0205A444F204D616E6167656D656E7420AA
S2140423E04C6561766520636F6D6D616E6420746FF5
S2140423F02074686520746172676574206465766904
S21404240063652E007461726765741F72656D6F76FE
S214042410654368696C6472656E1F72656A6F696E7F
S2140424201F0053656E64732061205A444F204D4745
S2140424304D542D42696E64202842696E64696E6745
S214042440205461626C652920526571756573742029
S214042450746F20746865207461726765742064659F
S214042460766963652E007461726765741F737461A0
S2140424707274496E6465781F0053656E64732061D8
S214042480205A444F204D474D542D4C514920284C3A
S2140424905149205461626C652920526571756573D3
S2140424A07420746F20746865207461726765742084
S2140424B06465766963652E0053656E6473206120D7
S2140424C05A444F20506F776572204465736372696F
S2140424D070746F72205265717565737420746F2002
S2140424E074686520746172676574206465766963D0
S2140424F0652E0053656E64732061205A444F207223
S2140425006F757465207265717565737420636F6D7D
S2140425106D616E6420746F207468652074617267E0
S21404252065742E007461726765741F696E646578DD
S2140425301F00696E6465781F65756936341F696E99
S2140425407374616C6C436F64651F00696E646578B0
S2140425501F65756936341F6B65791F005443206CFC
S214042560696E6B206B65792072657175657374206E
S214042570706F6C6963791F417070206C696E6B2094
S2140425806B6579207265717565737420706F6C69FC
S21404259063791F00426F6F6C3A20616C6C6F772012
S2140425A074727573742063656E7465722072656ADE
S2140425B06F696E207573696E672077656C6C2D6B1A
S2140425C06E6F776E206B65791F0070726F66696C2C
S2140425D06549641F636C757374657249641F00747F
S2140425E0617267657449641F00456E61626C657349
S2140425F0207072696E74696E67206F662052782048
S2140426006D657373616765732E0053657473207408
S21404261068652062696E64696E67207461626C65C1
S21404262000696E6465781F636C75737465721F6CDD
S2140426306F63616C45701F72656D6F746545701FBE
S21404264065756936341F00436C656172732074685F
S214042650652062696E64696E67207461626C652EBB
S214042660005072696E7473207468652062696E64C3
S214042670696E67207461626C6520746F2074686587
S21404268020636F6D6D616E64206C696E652E004309
S2140426906C6561727320616C6C2073656375726916
S2140426A07479206B6579732E0044656C65746520B7
S2140426B074686520737065636966696564206C690F
S2140426C06E6B206B657920696E6465782E00507297
S2140426D0696E747320616C6C2073656375726974BB
S2140426E079206B6579732E005465726D696E61741A
S2140426F0657320746865206D756C74692D5048592F
S21404270020696E746572666163650055736564203E
S214042710746F207374617274206D756C74692D50B7
S214042720485920696E74657266616365206F7468C3
S2140427306572207468616E206E61746976652061C6
S2140427406E6420666F726D20746865206E6574779B
S2140427506F726B2E2054686520737461636B2075EA
S2140427607365732073616D652050616E49642061E2
S21404277073206E617469766520726164696F206E79
S2140427806574776F726B2E00706167651F6368618E
S2140427906E6E656C1F706F7765721F6F7074696FED
S2140427A06E734D61736B20284269742030203D207F
S2140427B0526F757465727320616C6C6F7765642CE8
S2140427C0204269742031203D2042726F6164636147
S2140427D0737420616C6C6F776564291F0041747490
S2140427E0656D70747320746F206368616E6765200E
S2140427F0746865206368696C642074696D656F75B8
S21404280074206F7074696F6E206D61736B20746FC3
S2140428102066696C746572206F757420756E6465C5
S21404282073697261626C652076616C7565732028C5
S214042830652E672E206E6F206D6F7265207468613A
S2140428406E20332064617973292E0074696D656F78
S2140428507574206F7074696F6E206D61736B1F00E2
S2140428605377697463686573206265747765656E0B
S21404287020646966666572656E74206B6565702093
S214042880616C697665206D6F64657320737570700E
S2140428906F72746564206279206120726F75746546
S2140428A0722E004B65657020616C697665206D6FCD
S2140428B064651F005072696E7473207468652063C3
S2140428C0757272656E74204E6F64652049442C20C0
S2140428D045554936342C20616E642050616E20497B
S2140428E0442E00496E697469616C697A6573206167
S2140428F0206E6574776F726B3B2074686973206909
S214042900732061207465737420636F6D6D616E64EB
S214042910207573656420666F722074632D73776107
S214042920702D6F75742074657374696E672E00530A
S21404293065747320746865206E6574776F726B2097
S214042940696E646578207573656420627920616CAD
S2140429506C2066757475726520434C4920636F6DF0
S2140429606D616E64732E20204265666F7265206505
S2140429707865637574696E67206120434C492063EB
S2140429806F6D6D616E642C20746865206672616D6F
S21404299065776F726B2073776974636865732074E8
S2140429A06F2074686973206E6574776F726B2E205F
S2140429B02041667465722074686520636F6D6D616E
S2140429C06E642066696E69736865732065786563EE
S2140429D07574696E672C20746865206672616D650F
S2140429E0776F726B207377697463686573206261AE
S2140429F0636B20746F207468652070726576696FE7
S214042A007573206E6574776F726B2E20205468651C
S214042A1020434C4920757365732074686520736180
S214042A206D65206E6574776F726B20696E64657869
S214042A3020756E74696C20746865206465766963B5
S214042A406520726573657473206F722069742069DB
S214042A5073206368616E676564207468726F756757
S214042A6068207468697320636F6D6D616E642E00F0
S214042A70417474656D70747320746F206368616E3E
S214042A80676520646576696365206F766572207471
S214042A906F206120646966666572656E742063687B
S214042AA0616E6E656C20676976656E20696E20744B
S214042AB06865206368616E6E656C20617267756D0B
S214042AC0656E742E00546865206368616E6E656C6E
S214042AD020746F206368616E676520746F1F0066DC
S214042AE0696E64556E7573656450616E49640066FC
S214042AF0696E644A6F696E61626C654E6574776F61
S214042B00726B005065726D697473206A6F696E69C2
S214042B106E67206F6E20746865206E6574776F72BA
S214042B206B20666F72206120676976656E206E750D
S214042B306D626572206F66207365636F6E647320C2
S214042B40414E442062726F616463617374732061E2
S214042B50205A444F204D676D74205065726D697419
S214042B60204A6F696E696E67207265717565737445
S214042B7020746F20616C6C20726F75746572732E8E
S214042B8000412073696E676C6520627974652069FC
S214042B906E6469636174696E6720686F77206C6F12
S214042BA06E6720746865206465766963652073685B
S214042BB06F756C642068617665207065726D6974E3
S214042BC0206A6F696E696E67207475726E6564201C
S214042BD06F6E20666F722E20412076616C756520BC
S214042BE06F662030786666207475726E73206F6E1A
S214042BF0207065726D6974206A6F696E20696E64F0
S214042C006566696E6974656C792E1F004368656332
S214042C106B73206E6574776F726B20706A6F696E63
S214042C20207374617475732E00577269746573200B
S214042C3074686520657874656E6465642070616E7A
S214042C4020494420666F722074686520646576693E
S214042C5063652E0065787470616E69641F00526542
S214042C606A6F696E7320616E206578697374696E25
S214042C7067206E6574776F726B20696E20612073AF
S214042C806563757265206F7220696E73656375720D
S214042C9065206D616E6E65722077697468206120A8
S214042CA0646966666572656E7420646576696365D4
S214042CB020747970652E00426F6F6C65616E206EAD
S214042CC06574776F726B206B657920617661696CC9
S214042CD06162696C6974791F4368616E6E656C2005
S214042CE06D61736B1F416E20656E756D65726174E0
S214042CF0696F6E20696E6469636174696E672074B7
S214042D0068652064657669636520747970652074E7
S214042D106F2072656A6F696E2061732E5468652031
S214042D20737461636B206F6E6C7920616363657086
S214042D30747320534C5F5A49474245455F454E4499
S214042D405F44455649434520616E6420534C5F5AA0
S214042D5049474245455F534C454550595F454E44A7
S214042D605F4445564943452E1F0052654A6F696EB7
S214042D70732061206E6574776F726B2E00426F6FDE
S214042D806C65616E206E6574776F726B206B657907
S214042D9020617661696C6162696C6974791F436845
S214042DA0616E6E656C206D61736B1F004C65617699
S214042DB065732061206E6574776F726B2E00547590
S214042DC0726E73207065726D6974206A6F696E69BD
S214042DD06E67206F6E20666F722074686520616D62
S214042DE06F756E74206F662074696D6520696E64F5
S214042DF06963617465642E00412073696E676C654F
S214042E00206279746520696E6469636174696E67AB
S214042E1020686F77206C6F6E672074686520646521
S214042E20766963652073686F756C6420686176657F
S214042E30207065726D6974206A6F696E696E6720AA
S214042E407475726E206F6E20666F722E2041207627
S214042E50616C7565206F66203078666620747572BE
S214042E606E73207065726D6974206A6F696E20696E
S214042E706E646566696E6974656C792E1F004A6FA8
S214042E80696E732061206E6574776F726B206F6E47
S214042E90206120676976656E206368616E6E656C76
S214042EA02C2077697468206120676976656E2054E3
S214042EB05820506F77657220616E642050414E2012
S214042EC049442E00546865206368616E6E656C2004
S214042ED06F6E20776869636820746F206A6F696E06
S214042EE020746865206E6574776F726B1F4F6E650D
S214042EF02D62797465207369676E65642076616CEB
S214042F00756520696E6469636174696E67207468A8
S214042F106520545820506F77657220746861742059
S214042F2074686520726164696F2073686F756C6479
S214042F302062652073657420746F1F546865205082
S214042F40414E204944206F6E207768696368207478
S214042F506F206A6F696E20746865206E6574776F7B
S214042F60726B1F00466F726D732061206E657477F6
S214042F706F726B206F6E206120676976656E2063C2
S214042F8068616E6E656C2C207769746820612067B2
S214042F906976656E20545820506F77657220616E8E
S214042FA0642050414E2049442E00546865206368CE
S214042FB0616E6E656C206F6E207768696368207436
S214042FC06F20666F726D20746865206E6574776F07
S214042FD0726B1F4F6E652D62797465207369676E18
S214042FE065642076616C756520696E6469636174D6
S214042FF0696E672074686520545820506F77657230
S21404300020746861742074686520726164696F2036
S21404301073686F756C642062652073657420746FC2
S2140430201F5468652050414E204944206F6E207717
S2140430306869636820746F20666F726D20746865B3
S214043040206E6574776F726B1F005468697320690D
S2140430506E6974696174657320612054434C4B2017
S2140430607570646174652070726F636564757265EB
S2140430702E00537065636966792074686520616DF7
S2140430806F756E74206F662074696D6520746F208A
S21404309077616974206166746572206F6E6520546A
S2140430A0434C4B20757064617465206F7065726163
S2140430B074696F6E20636F6D706C657465732062DF
S2140430C065666F726520626567696E6E696E6720F5
S2140430D061206E65772054434C4B20757064617490
S2140430E065206F7065726174696F6E2E0054686532
S2140430F020616D6F756E74206F662074696D65202F
S2140431006265747765656E2073756273657175653F
S2140431106E742074727573742063656E74657220A1
S2140431206C696E6B206B6579207570646174657369
S21404313020696E206D696C6C697365636F6E647369
S2140431401F00536574206F7220636C656172207370
S214043150746179206177616B65207768656E206E8F
S2140431606F74206A6F696E656400536574206F72AD
S21404317020636C65617220666F7263652061776197
S2140431806B6500446973706C61792074686520739C
S2140431906C6565702073746174757300464F5220B5
S2140431A054455354494E4720505552504F53455357
S2140431B0202D206761746865722074696D696E6776
S2140431C0206D65747269637320666F722072657011
S2140431D06F7274696E67207461626C65206F7065C7
S2140431E0726174696F6E732E00436C65617273202E
S2140431F0746865206C617374207265706F727420D5
S21404320074696D65206F6620617474726962757482
S21404321065732E00416464732061206E65772065B3
S2140432206E74727920746F20746865207265706F8E
S2140432307274207461626C652E00546865206C6F2D
S21404324063616C20656E64706F696E742066726F5D
S2140432506D20776869636820746865206174747289
S2140432606962757465206973207265706F7274651F
S214043270641F54686520636C757374657220776880
S2140432806572652074686520617474726962757409
S21404329065206973206C6F63617465641F54686588
S2140432A0204944206F6620746865206174747269CE
S2140432B062757465206265696E67207265706F72E8
S2140432C07465641F3020666F7220636C69656E7463
S2140432D02D736964652061747472696275746573AC
S2140432E0206F72203120666F722073657276657265
S2140432F02D7369646520617474726962757465738C
S2140433001F546865206D696E696D756D20726570F1
S2140433106F7274696E6720696E74657276616C2C60
S214043320206D6561737572656420696E20736563CC
S2140433306F6E64732E1F546865206D6178696D75B1
S2140433406D207265706F7274696E6720696E74653D
S2140433507276616C2C206D65617375726564206984
S2140433606E207365636F6E64732E1F546865206DDC
S214043370696E696D756D206368616E676520746F2C
S214043380207468652061747472696275746520744B
S2140433906861742077696C6C20726573756C742030
S2140433A0696E2061207265706F7274206265696E42
S2140433B0672073656E742E1F0052656D6F76657395
S2140433C020616E20656E7472792066726F6D20744B
S2140433D06865207265706F7274207461626C652E05
S2140433E00054686520696E646578206F662074688A
S2140433F065207265706F727420746F206265207227
S214043400656D6F7665641F00436C65617273206139
S2140434106C6C20656E74726965732066726F6D20BD
S214043420746865207265706F7274207461626C656E
S2140434302E005072696E747320746865207265700D
S2140434406F7274207461626C652E005769706573C0
S21404345020616C6C206461746120696E20746865F8
S2140434602073746F72616765206465766963652E80
S214043470005072696E74732061726269747261724C
S21404348079206279746573206F6620746865204FAE
S214043490544120696D616765206F6E206469736BA3
S2140434A02E0054686520696E646578206F66207403
S2140434B0686520696D61676520746F207072696E37
S2140434C0742069747320646174611F546865206F86
S2140434D0666673657420696E746F20746865204F21
S2140434E0544120696D61676520746861742077694A
S2140434F06C6C206265207072696E7465641F00507F
S21404350072696E747320696E666F726D6174696F2A
S2140435106E2061626F7574207468652073746F72B0
S214043520616765206465766963652E0052656C6F15
S2140435306164207468652073746F726167652064C3
S21404354065766963652E0044656C657465732074DE
S214043550686520696D6167652061742074686520FC
S21404356073706563696669656420696E6465782E40
S2140435700054686520696E646578206174207768F5
S21404358069636820746F20626567696E2064656C81
S2140435906574696E672074686520696D6167651F68
S2140435A0005072696E74732074686520696D616773
S2140435B065732E00456E61626C6573204F5441201E
S2140435C0646F776E6772616465732E004469736115
S2140435D0626C6573204F544120646F776E67726126
S2140435E06465732E0053656E647320616E20557097
S2140435F06772616465456E6452657175657374209F
S214043600746F20616E204F54412073657276657224
S2140436102E0043616E206265207573656420746FA6
S2140436202064796E616D6963616C6C79207475725F
S2140436306E206F66662073656E64696E67207061BF
S2140436406765207265717565737473206F6E207478
S214043650686520636C69656E7420736964652C20E4
S2140436606966207468652073657276657220646F77
S21404367065736E277420737570706F727420746827
S214043680697320666561747572652E00426F6F6C8F
S21404369065616E2076616C7565207475726E696EF0
S2140436A067206F6E20283129206F72206F6666208F
S2140436B028302920746865207061676520726571FA
S2140436C07565737420666C61671F0053656E64735A
S2140436D020616E20696D61676520626C6F636B2084
S2140436E07265717565737420666F722061206669F1
S2140436F06C652074686520736572766572207368DD
S2140437006F756C64206E6F7420686176652E202059
S21404371054657374206861726E657373206F6E6C83
S21404372079202874657374206361736520392E3597
S2140437302E36202D204D697373696E672046696C9A
S2140437406529005072696E747320696E666F726DB7
S2140437506174696F6E206F6E20746865206375727D
S21404376072656E74207374617465206F6620746865
S21404377065204F544120636C69656E7420646F77CE
S2140437806E6C6F61642E0053746F7073207468657A
S214043790204F5441207374617465206D61636869B9
S2140437A06E652E0053746172747320746865204FBE
S2140437B0544120636C69656E74207374617465206B
S2140437C06D616368696E652E205468652073746144
S2140437D07465206D616368696E6520646973636FE0
S2140437E07665727320746865204F54412073657241
S2140437F07665722C207175657269657320666F72C2
S214043800206E657720696D616765732C20646F7719
S2140438106E6C6F6164732074686520696D6167659A
S2140438207320616E6420776169747320666F7220FA
S2140438307468652073657276657220636F6D6D615A
S2140438406E6420746F20757067726164652E005014
S21404385072696E747320746865206D616E75666136
S2140438606374757265722049442C20496D616765DE
S21404387020547970652049442C20616E6420566576
S2140438807273696F6E20696E666F726D6174696FAC
S2140438906E20746861742061726520757365642097
S2140438A07768656E2061207175657279206E65781B
S2140438B07420696D6167652069732073656E742072
S2140438C0746F2074686520736572766572206279F9
S2140438D02074686520636C69656E742E005065728A
S2140438E0666F726D73207369676E61747572652096
S2140438F0766572696669636174696F6E206F6E209F
S21404390074686520696D61676520617420746865F4
S2140439102073706563696669656420696E6465789A
S2140439202E0054686520696E64657820617420777B
S2140439306869636820746F20626567696E207665BF
S21404394072696669636174696F6E206F6620746855
S2140439506520696D6167651F00426F6F746C6F61E7
S21404396064732074686520696D61676520617420DE
S2140439707468652073706563696669656420696E3A
S2140439806465782062792063616C6C696E67207464
S2140439906865204F544120626F6F746C6F616420B9
S2140439A063616C6C6261636B2E0054686520696E9B
S2140439B064657820617420776869636820746F2072
S2140439C0626567696E20626F6F746C6F6164696E9E
S2140439D0672074686520696D6167651F00507269A9
S2140439E06E747320696E666F2061626F75742074DE
S2140439F0686520696E7374616C6C656420626F6FB1
S214043A00746C6F616465722E0053756274726163C0
S214043A1074732061206368616E6E656C2066726FD5
S214043A206D206569746865722074686520707269B3
S214043A306D617279206F72207365636F6E64617254
S214043A4079206368616E6E656C206D61736B206FA0
S214043A506620746865206E6574776F726B2D737458
S214043A60656572696E6720636F6D706F6E656E74E0
S214043A702E00546865206368616E6E656C206D6107
S214043A80736B20746F207375627472616374207430
S214043A906865206368616E6E656C2066726F6D1F64
S214043AA0546865206368616E6E656C20746F20735D
S214043AB07562747261637420746865206D61736BDB
S214043AC02066726F6D1F0041646473206120636812
S214043AD0616E6E656C20746F20656974686572200B
S214043AE0746865207072696D617279206F722073D4
S214043AF065636F6E64617279206368616E6E656C6F
S214043B00206D61736B206F6620746865206E657423
S214043B10776F726B2D7374656572696E6720636F59
S214043B206D706F6E656E742E0054686520636861F0
S214043B306E6E656C206D61736B20746F20616464B7
S214043B402061206368616E6E656C20746F1F546814
S214043B5065206368616E6E656C20746F20616464B2
S214043B6020746F20746865206D61736B1F00536545
S214043B707473206569746865722074686520707251
S214043B80696D617279206F72207365636F6E64610C
S214043B907279206368616E6E656C206D61736B2E3E
S214043BA000546865206368616E6E656C206D617391
S214043BB06B20746F2073756274726163742074680A
S214043BC065206368616E6E656C2066726F6D1F5447
S214043BD068652076616C756520746F207365742043
S214043BE0746865206368616E6E656C206D61736BC6
S214043BF020746F2E1F0053657473207468652070DC
S214043C0072652D636F6E66696775726564206B6591
S214043C107920736F207468617420746865206A6FF5
S214043C20696E696E67206465766963652063616E94
S214043C3020656E74657220746865206E6574776F8F
S214043C40726B2E00536574732074686520707265F9
S214043C50636F6E66696775726564206B65791F00AD
S214043C6053746F707320746865206E6574776F7212
S214043C706B207374656572696E672070726F636516
S214043C8073732E0053746172747320746865206EA7
S214043C906574776F726B207374656572696E6720DE
S214043CA070726F636573732E0041206D61736B20B1
S214043CB06F66206F7074696F6E7320666F7220690A
S214043CC06E6469636174696E6720737065636966A0
S214043CD06963206265686176696F722077697468C3
S214043CE0696E20746865206E6574776F726B2D73C9
S214043CF074656572696E672070726F636573732E80
S214043D001F00446973706C6179732074686520635E
S214043D10757272656E7420737461747573206F6641
S214043D2020746865206E6574776F726B2073746593
S214043D306572696E672070726F636573732E0043D5
S214043D406C65617273207468652067726F75707332
S214043D50207461626C65206F6E20657665727920CA
S214043D60656E64706F696E74005072696E74732049
S214043D70696E666F726D6174696F6E2061626F75CD
S214043D80742074686520636F6E74656E7473206F38
S214043D9066207468652067726F757073207461623C
S214043DA06C652E004172746966696369616C6C792E
S214043DB02064726F70732074686520626C6F636B26
S214043DC0206E756D62657220646566696E65642032
S214043DD0627920746865207061737365642061720B
S214043DE067756D656E74206F6E6C79206F6E636593
S214043DF02C20616E64207468656E20616C6C6F772D
S214043E00732069742075706F6E20612072657472F9
S214043E10792E0054686520626C6F636B206E756D36
S214043E2062657220746F2061727469666963696181
S214043E306C6C792064726F7020746F20666F726386
S214043E40652061207265747279202D207365742054
S214043E50746F203078464620746F206469736162FC
S214043E606C651F00536574732074686520726563FF
S214043E70656976652077696E646F772073697A65FD
S214043E802E2020427920646566696E6974696F6EB7
S214043E9020696E2074686520536D61727420456EC7
S214043EA0657267792070726F66696C652069742024
S214043EB06D7573742062652073657420746F203189
S214043EC020627574207468697320616C6C6F7773F4
S214043ED020697420746F206265206368616E67656C
S214043EE0642E00546865206D6178206E756D626579
S214043EF072206F662074686520626C6F636B732033
S214043F007265636569766564206265666F726520AE
S214043F10616E204150532061636B2069732067658E
S214043F206E6572617465641F004D616B6573207401
S214043F30686973206E6F6465207374617274206997
S214043F4064656E74696679696E67206173206120A2
S214043F5074617267657420666F722062696E646944
S214043F606E67207769746820616E20696E6974696B
S214043F7061746F72206E6F64652E005468652065E8
S214043F806E64706F696E74206F6E207768696368FC
S214043F9020746F20626567696E20746865204669C0
S214043FA06E64696E6720616E642042696E64696E31
S214043FB067207461726765742070726F63657373CB
S214043FC01F004D616B65732074686973206E6F649F
S214043FD0652073746172742074686520696E6974F0
S214043FE06961746F722070617274206F66207468E1
S214043FF0652066696E64696E6720616E6420626916
S2140440006E64696E672070726F636573732E0054F6
S214044010686520656E64706F696E74206F6E2077B5
S2140440206869636820746F20626567696E207468C7
S214044030652046696E64696E6720616E6420426915
S2140440406E64696E6720696E69746961746F722044
S21404405070726F636573731F00536574732077689B
S21404406065746865722074686520434C4920666FE1
S2140440707263657320746865206465766963652079
S214044080746F2073686F727420706F6C6C2E00549B
S21404409068652076616C756520696E646963617411
S2140440A0696E672077686574686572207468652031
S2140440B06465766963652073686F756C64207368DD
S2140440C06F727420706F6C6C1F0053657473207766
S2140440D068657468657220746865206465766963CB
S2140440E0657320706F6C6C20636F6D706C6574659F
S2140440F0642063616C6C6261636B2066756E6374C6
S214044100696F6E20697320656E61626C65642E004B
S2140441105468652076616C756520696E64696361B0
S21404412074696E672077686574686572207468655C
S214044130206465766963657320706F6C6C20636FAA
S2140441406D706C657465642063616C6C6261636B2E
S2140441502066756E6374696F6E20697320656E6180
S214044160626C65641F00446973706C6179732074B3
S214044170686520737461747573206F66207468654F
S21404418020456E64204465766963657320706F6CA1
S2140441906C696E672E00456E61626C652F64697388
S2140441A061626C6520646562756720606C65676132
S2140441B0637920617070206672616D65776F726BCB
S2140441C020646562756760207072696E7420747905
S2140441D070652E00456E61626C652F64697361625A
S2140441E06C651F00456E61626C652F64697361625D
S2140441F06C6520646562756720607A636C60207005
S21404420072696E7420747970652E00456E61626CF6
S214044210652F64697361626C6520646562756720E6
S2140442206061707060207072696E74207479706555
S2140442302E00456E61626C652F64697361626C65FD
S2140442402064656275672060636F726560207072B3
S214044250696E7420747970652E00456E61626C65B3
S2140442602F64697361626C6520646562756720609B
S214044270737461636B60207072696E7420747970F5
S214044280652E0053656E64732061207265717565D2
S214044290737420666F72204F544120636F756E747A
S2140442A06572732E0052657365747320616C6C209E
S2140442B07468726573686F6C64732076616C756578
S2140442C07320746F203078464646462E0053657435
S2140442D0732061207468726573686F6C64207661FD
S2140442E06C756520666F72206120706172746963F4
S2140442F0756C61722074797065206F6620636F75C3
S2140443006E7465722E0054797065206F6620636F34
S214044310756E7465721F5468726573686F6C64207A
S21404432056616C75651F005072696E7473207468EC
S21404433065207468726573686F6C6473206F66209A
S214044340616C6C2074686520636F756E7465727337
S2140443502E00436C6561727320616C6C20636F750C
S2140443606E7465722076616C7565732E0050726982
S2140443706E747320616C6C20636F756E7465722046
S21404438076616C7565732E005072696E7473207452
S21404439068652076616C7565206F6620746869733D
S2140443A020706172746963756C617220636F756ED8
S2140443B07465722E0054686520636F756E7465723A
S2140443C0207479706520746F207072696E741F0093
S2140443D05072696E747320616C6C20636F756E74B2
S2140443E065722076616C75657320616E6420636CFB
S2140443F065617273207468656D2E00536574204D74
S214044400464720746F6B656E2C2043414E4E4F54C6
S21404441020424520554E53455420425920434C498A
S2140444202E005072696E74204D464720746F6B657B
S2140444306E2E005072696E7420616374697665200E
S2140444406576656E74732E0044697361626C6520CC
S21404445074686520656E64706F696E7420666F722A
S214044460205A434C206D657373616765732E00454F
S2140444706E64706F696E7420696E6465781F00459B
S2140444806E61626C65732074686520656E64706F17
S214044490696E7420666F72205A434C206D65737380
S2140444A0616765732E005072696E7420737461744C
S2140444B07573206F6620656E64706F696E74732EF4
S2140444C00053686F77732074686520766572736925
S2140444D06F6E206F662074686520736F66747761EC
S2140444E072652E005365742074686520636F6E666B
S2140444F0696775726564203830322E31352E342063
S214044500434341206D6F646520696E20746865209E
S214044510726164696F2E2053656520646F63756DE0
S214044520656E746174696F6E207265676172646922
S2140445306E67205241494C5F494545453830323113
S21404454035345F4363614D6F64655F742E004120AC
S2140445505241494C5F494545453830323135345F20
S2140445604363614D6F64655F742076616C75651F87
S2140445700052657475726E732050544920726164DB
S214044580696F20636F6E66696720696E666F726D09
S2140445906174696F6E20746F2064657465726D69EA
S2140445A06E652074686520504859207479706520BB
S2140445B06265696E6720757365642062792052416E
S2140445C0494C2E2072657475726E2076616C756522
S2140445D020697320656E756D205241494C5F4945CC
S2140445E045453830323135345F50746952616469F8
S2140445F06F436F6E6669675F7420652E672020526E
S21404460041494C5F494545453830323135345F5071
S21404461054495F524144494F5F434F4E4649475FB2
S21404462032503447485A203D203078303055205296
S21404463041494C5F494545453830323135345F5041
S21404464054495F524144494F5F434F4E4649475F82
S21404465032503447485A5F414E54444956203D2010
S2140446603078303155205241494C5F4945454538EC
S21404467030323135345F5054495F524144494F5FBC
S214044680434F4E4649475F32503447485A5F434F7C
S2140446904558203D203078303255205241494C5FF1
S2140446A0494545453830323135345F5054495F52B8
S2140446B04144494F5F434F4E4649475F3250344763
S2140446C0485A5F414E544449565F434F4558203D2F
S2140446D02030783033550053656E64732061207241
S2140446E0656164206174747220666F7220746865F4
S2140446F02074696D65206F6620746865206465762D
S214044700696365207370656369666965642E20490C
S214044710742073657473206120666C616720736F00
S214044720207768656E2069742067657473207468E2
S2140447306520726573706F6E736520697420777276
S21404474069746573207468652074696D6520746F78
S21404475020697473206F776E2074696D65206174A8
S21404476074722E0049641F737263456E64706F69B9
S2140447706E741F64657374456E64706F696E741F1F
S214044780005768656E2073656E64696E672075737E
S214044790696E6720612062696E64696E672C207397
S2140447A070656369666965732077686574686572A1
S2140447B02061206D756C7469636173742062696E20
S2140447C064696E672073686F756C64206265207513
S2140447D07365642E007573654D756C7469636173D7
S2140447E07442696E64696E671F0053656E64732055
S2140447F061207072652D6275666665726564206DEB
S214044800756C746963617374206D65737361676531
S21404481020746F206120676976656E2067726F75F5
S214044820702049442066726F6D2061206769766542
S2140448306E20656E64706F696E742E0067726F7595
S2140448407049641F7372632D656E64706F696E744D
S2140448501F00437265617465732061206D65737310
S2140448606167652062792073706563696679696E2D
S2140448706720746865207261772062797465732E88
S21404488020557365207468652073656E6420636FB5
S2140448906D6D616E6420746F2073656E6420746839
S2140448A065206D657373616765206F6E6365206947
S2140448B07420686173206265656E20637265617436
S2140448C065642E2045783A2072617720307830303F
S2140448D03046207B303020304120303020313120AB
S2140448E032322033332034342035357D2073656EE0
S2140448F064732061206D65737361676520746F202F
S214044900636C7573746572203135202830783030C6
S214044910304629206F66206C656E677468203820E0
S214044920776869636820696E636C75646573207460
S2140449306865205A434C206865616465722E00439E
S2140449406C757374657249641F446174611F005208
S214044950657365747320746865206E6F64652E00D5
S2140449605772697465732061206D6573736167653A
S2140449702E00456E64706F696E741F436C75737495
S21404498065722049441F41747472696275746520A7
S21404499049441F4D61736B1F4461746120747970C0
S2140449A0651F4461746120627974651F00526561F5
S2140449B064732061206D6573736167652E00456EB0
S2140449C064706F696E741F436C75737465722049E6
S2140449D0441F4174747269627574652049441F31BA
S2140449E020696620736572766572206469726563F1
S2140449F074696F6E2C203020696620636C69656E5E
S214044A007420646972656374696F6E1F0053656E03
S214044A1064732061206D6573736167652E00446559
S214044A207374696E6174696F6E1F536F7572636514
S214044A3020656E64706F696E741F44657374696E66
S214044A406174696F6E20656E64706F696E741F00A2
S214044A50536F7572636520656E64706F696E741F3C
S214044A60004C69737473207768696368206F707488
S214044A70696F6E616C206C6962726172696573201D
S214044A806F662074686520737461636B2061726559
S214044A9020696D706C656D656E746564206F6E203C
S214044AA074686973206465766963652E005072695C
S214044AB06E747320696E666F726D6174696F6E20B2
S214044AC061626F757420746865206E6574776F72A2
S214044AD06B2073746174652C20636C7573746572D3
S214044AE0732C20616E6420656E64706F696E7473D7
S214044AF02E006F66667365741F005072696E747359
S214044B0020696E666F726D6174696F6E20666F726F
S214044B1020616C6C20617661696C61626C652073DF
S214044B206C6F74732E005265616473207261772013
S214044B30646174612066726F6D20666C61736820B0
S214044B4073746F726167652E004164647265737373
S214044B5020746F20726561641F4E756D62657220E5
S214044B606F6620627974657320746F207265616461
S214044B701F005072696E747320666C6173682073CC
S214044B80746F7261676520696E666F726D617469B1
S214044B906F6E2E00457261736573207468652073AA
S214044BA0706563696669656420736C6F7420494434
S214044BB02E0053746F7261676520736C6F74206E79
S214044BC0756D6265721F00426F6F7473207468653A
S214044BD020696D61676520696E207468652073704E
S214044BE06563696669656420736C6F742049442E36
S214044BF000434C4920696E7374616E636520657862
S214044C00616D706C650064756D6D795F696E737443
S214044C10005A434C20636F6D6D616E64730062616D
S214044C2073696300676C6F62616C006D66672D6301
S214044C306F6465007573652D6E6578742D73657184
S214044C4075656E636500782D64656661756C742D94
S214044C507265737000746573742D726573706F6E0D
S214044C6073652D6F6E00746573742D726573706F43
S214044C706E73652D6F6666005A434C2062617369D5
S214044C806320636C757374657220636F6D6D616EFB
S214044C906473007274666400436F6D6D616E6420A5
S214044CA0746861742072657365747320616C6C201B
S214044CB06174747269627574652076616C75657367
S214044CC020746F20666163746F7279206465666110
S214044CD0756C742E005241494C006C6F7765722DCA
S214044CE06D61632D7261696C2D3830322E31352E2C
S214044CF0342E63006C69627261696C2E6100756E95
S214044D00636C61696D6564006275666665722D6DB7
S214044D10616E6167656D656E742E63006576656E9B
S214044D20742D71756575652E63007A6967626565AD
S214044D302D75707065722D6D61632E63006E6569E6
S214044D406768626F722E63006173736F6369617460
S214044D50696F6E2E6300313832317300313432326B
S214044D6031003132310032730031323231313200A7
S214044D703132323131003238310038313100313895
S214044D8032313100313231313132313232323173F3
S214044D900031323200313231313232310031313188
S214044DA03100323238006D61632D6D756C74692D77
S214044DB06E6574776F726B2E63006C6567616379DA
S214044DC02D7061636B65742D6275666665722E63FD
S214044DD000000000000002000000000000000000C8
S214044DE0BA040000000002000000000000000000FA
S214044DF0BA040000000102030E312E312E332D6555
S214044E00633537663831620001000002030301008F
S214044E1006000000000003000000000013B779FA43
S214044E20C925DDB7ADF3CFE0F1B614B80102000032
S214044E3000000000FFFFFFFF01000000010000006B
S214044E400000000000000000000000000000000059
S214044E500000000000000000000000000000000049
S214044E60000000000000000000000000033F1F00D8
S214044E7003120300FF110300DD110300AB1103004E
S214044E803B1203000D120300AD1103002C000000BA
S214044E90020202030000000001020000000801B440
S214044EA0444F04000008015A004F04000008004064
S214044EB0BC4E040000000000000000000000FCFEE1
S214044EC0FFFF000000000000FFFF000000000000DD
S214044ED0FFFF000000000000FFFF000000000000CD
S214044EE040001806F4D200002C00B0023DBE0000BC
S214044EF01700F2000C7C00000C0041009E420000EB
S214044F006400FCFEFFFF000000000000FFFF00003E
S214044F10000000005A00F306A554FEFF2100A3017A
S214044F20A1FEFFFF1100A600832700000A0061000F
S214044F30DC26000006003B00F820000003001500F5
S214044F40AD130000C800FCFEB4008B087BC0FBFF5A
S214044F504D00E402E756FFFF2C00A20183EBFFFF9F
S214044F601A000301B31A00001100A300552900001B
S214044F700A005E005A28000006003A0021220000BB
S214044F8004001800731600003B0304007DB60300FB
S214044F907DB603007DB603007DB603007DB6030030
S214044FA07DB603007DB603007DB603007DB6030020
S214044FB07DB603007DB603007DB603007DB6030010
S214044FC07DB603007DB603007DB603007DB6030000
S214044FD07DB603007DB603007DB603007DB60300F0
S214044FE07DB603007DB603007DB603007DB60300E0
S214044FF07DB603007DB603008BB603007DB60300C2
S214045000A0B603007DB603007DB60300C5B6030054
S2140450107DB603007DB603007DB603007DB60300AF
S214045020EDB603007DB603007DB603007DB603002F
S2140450307DB6030005B703007DB6030023B703005F
S2140450400B0000000B0000000200000000002020FF
S21404505000000000030000008C8C3C0000000000F0
S21404506000000000000000000000005812000000CD
S21404507000000000FFFFFFFFFFFFFFFFFFFFFFFF33
S214045080554E4B00474F200042544C00474F3200C9
S214045090474F3300474F3400474F3500474F3600DD
S2140450A0474F3700474F3800474F3900474F4100B6
S2140450B0474F4200474F4300474F4400474F450081
S2140450C0474F46004A4D5000424452005550520045
S2140450D042544D004D534D0046544C00554E4B0023
S2140450E0474F200042544C004241440046544C0072
S2140450F0465243004F54410044534C004241500032
S21404510055504700544D450046415500545A4600F4
S214045110554E4B0050494E00454D3400554E4B00FD
S21404512048562000554E4B00455850004C574D00ED
S214045130554E4B005242540044534C00454D3400E7
S214045140554E4B0041535400554E4B00564659009D
S214045150494E4800554E4B004C434B0058544C00A7
S2140451604F424600554E4B00485244004D454D00B4
S214045170425553005553470044424700444D4100AE
S21404518056435400554E4B005550200052502000B4
S214045190415030004150310041502000445020001E
S2140451A0444543008050040084500400DC5004004E
S2140451B0105104001C510400245104003051040012
S2140451C04051040048510400545104006451040042
S2140451D084510400554E4B004649420042544C004C
S2140451E04558540050575200574447002053570020
S2140451F0435253004653480042414400464C540030
S21404520042524F000104010303060105010501098A
S2140452100600060B0000070B050B0000000000004C
S214045220000000000400E40C0A0001041001000061
S2140452300005000200000300C0540400BC5404002F
S214045240A8540400A4540400A05404009C5404006D
S2140452508A5404007A540400605404005854040029
S2140452604E5404004C5404003454040031540400D6
S214045270295404001854040008540400F653040087
S214045280DC530400D4530400C8530400C45304007D
S214045290C0530400B2530400A75304008E53040002
S2140452A075530400195304001853040008530400EB
S2140452B0E0520400D5520400D4520400C052040044
S2140452C000000000000000000000000000000000D5
S2140452D0000000000F0000000000000000000000B6
S2140452E000000000000000000000000000000000B5
S2140452F000000000000000000000000000000000A5
S2140453000000000000000000010000000000000093
S21404531000000000000000000F0000000000000075
S2140453200000000000000000000000000000000074
S2140453300000000000000000000000000000000064
S2140453400000000000000000000000000000000054
S2140453500000000000000000000000000000000044
S2140453600000000000000000000000000000000034
S2140453700000000000000000000000000000000024
S2140453800000000000000000000000000000000014
S2140453900000000000000000000000000000000004
S2140453A000000000000000000000000000000000F4
S2140453B000000000000000000000000000000000E4
S2140453C00000000000000000FFFFFFFFFFFFFFFFDC
S2140453D0FFFF0000000000000000000000000000C6
S2140453E000000000000000000000000000000000B4
S2140453F000000000000000000000000000000000A4
S2140454000000000000000000000000000000000093
S2140454100000000000000000000000000000000083
S214045420000000000000000000FFFFFFFFFFFFFF7A
S214045430FF9C0000FF0000000000000000000000C9
S2140454400000000000000000800000000000FFFFD5
S214045450FFFFFFFFFFFFFFFF00000000FFFF00004D
S2140454600000000000000000000000000000000033
S21404547000000000000000000000FFFFFF00000026
S2140454800000000000000000000000000000000013
S2140454900000000000000000000000000000000003
S2140454A000000000000000000000000000000000F3
S2140454B000000000000000000000000000000000E3
S2140454C0FC030101010101010101010101010101C6
S2140454D001000000000000010020000000000001A0
S2140454E00100002002041104040211101A080A0222
S2140454F01801081110111A080A04020D0B19195C78
S2140455000110280B01140000000000000000000039
S2140455100000000000010101010101000101010178
S2140455200101010000010101000100010100000069
S2140455300000000000000000000000000001000061
S21404554000000000000000000000000001FF010051
S21404555023E1010075E4010063E2010063E5010054
S21404556062E1010079EB010064EE010024E1010030
S21404557025E1010026E1010027E1010028E1010000
S21404558029E101002AE10100000001008000010079
S21404559000010100800101000002010080020100F8
S2140455A020E201000003010000050100800501005F
S2140455B0000601002C890100800601000007010096
S2140455C001E5010002E50100000801008008010071
S2140455D00040010086321010FFFFFFFFFFFFFFFFB1
S2140455E0B1BF0300B7BF0300BDBF0300C3BF0300C2
S2140455F0C9BF0300567777777777777777777777A4
S214045600777777775A6967426565416C6C69616E2E
S214045610636530395A6967426565416C6C69616EC9
S214045620636530394E574B205374656572696E67EF
S214045630000095969595950507090D000000000055
S21404564000010203040600002FD80300CAEB03007F
S214045650E4EB0300FBEB03000EEC03001EEC03007C
S21404566032EC030044EC030054EC030070EC03003B
S21404567085EC03000208010D0D0101011201000072
S214045680FFFFFFFFFFFFFFFF000000000000000019
S2140456900109050100020000000000031EF1EE0BE4
S2140456A0B0560400C6F803003B030400FE000000E6
S2140456B0E2F803001058040000000000ECF80300B1
S2140456C00058040000000000F9F80300F057040036
S2140456D00000000006F90300E05704000000000084
S2140456E024F90300CC570400000000001CF9030052
S2140456F0B85704000000000023F90300A457040070
S2140457000000000031F90300945704000000000074
S214045710A3F7030080570400000000002AF90300E2
S214045720705704000000000036F903005C570400BC
S21404573000000000E2BD03004C5704000000000017
S214045740000000000000000000000000F129030033
S21404575047F9030084F90300010100FF71EC00001F
S214045760ADF90300F2F90300010100010107FF008F
S2140457702DEC00003FFA0300AAFA0300010100FF23
S2140457806DEB0000CBFA0300E4FA0300000101000D
S214045790FF000000032A030009FB030061FB03006B
S2140457A00101FF00EB29030078FB0300CFFB030095
S2140457B001010207FF000000E529030078FB03004F
S2140457C0CFFB030001010207FF000000DF290300EE
S2140457D078FB0300CFFB030001010207FF00000073
S2140457E021EB0000F0FB03002FFC0300010101FF86
S2140457F0C1EA00004EFC030093FC0300010000FF16
S2140458007DEA00004EFC030093FC0300010000FF49
S21404581005EB0000BAFC0300C0FA030000FF00001A
S214045820D92903000FFD0300DB270400FF00000056
S214045830D329030082FD0300DB270400FF000000D9
S2140458405DEA0000F1FD030066FE030000FF0000B1
S21404585035EA00007EFE0300E0FE030000FF0000C1
S214045860C5290300F1FE030037FF030002FF000012
S214045870FDE9000040FF0300B4FF030001FF000041
S21404588000000000B402040011000000C00204007E
S21404589012000000C802040013000000D002040036
S2140458A021000000D802040022000000DF020400E9
S2140458B023000000E6020400AA000000ED02040033
S2140458C0FF00000000000000FFFFFFFFFFFFFFFFD8
S2140458D00000000000000000000001080109020AA0
S2140458E0030B040C050D060E070F0810011801190A
S2140458F0021A031B041C051D061E071F082001218F
S214045900022203230424052506260727082801293E
S214045910022A032B042C052D062E072F08300131EE
S214045920023203380239043A08E004E104E204E8E7
S21404593002E902EA04F008F110000000000000008A
S21404594004050000A459040002000F00CC5904000A
S21404595002000F00F459040002000F001C5A040051
S21404596002000F00445A040002000F006C5A0400A0
S21404597002000F00945A040002000F00BC5A0400F0
S21404598002000F00E45A040002000F000C5B04003F
S21404599002000F00345B040002000F005C5B04008E
S2140459A002000F0000000000845B040003000000F7
S2140459B0400000000000000019000000A85B04007E
S2140459C004000F008000000000000000000000003B
S2140459D0845B040003000000400000000000000098
S2140459E019000000A85B040004000F0080000000FB
S2140459F00000000000000000845B040003000000B8
S214045A00400000000000000019000000A85B04002D
S214045A1004000F00800000000000000000000000EA
S214045A20845B040003000000400000000000000047
S214045A3019000000A85B040004000F0080000000AA
S214045A400000000000000000845B04000300000067
S214045A50400000000000000019000000A85B0400DD
S214045A6004000F008000000000000000000000009A
S214045A70845B0400030000004000000000000000F7
S214045A8019000000A85B040004000F00800000005A
S214045A900000000000000000845B04000300000017
S214045AA0400000000000000019000000A85B04008D
S214045AB004000F008000000000000000000000004A
S214045AC0845B0400030000004000000000000000A7
S214045AD019000000A85B040004000F00800000000A
S214045AE00000000000000000845B040003000000C7
S214045AF0400000000000000019000000A85B04003D
S214045B0004000F00800000000000000000000000F9
S214045B10845B040003000000400000000000000056
S214045B2019000000A85B040004000F0080000000B9
S214045B300000000000000000845B04000300000076
S214045B40400000000000000019000000A85B0400EC
S214045B5004000F00800000000000000000000000A9
S214045B60845B040003000000400000000000000006
S214045B7019000000A85B040004000F008000000069
S214045B8000000000000020012000000008000000C3
S214045B9004004221300000001C5C040000FF4200A8
S214045BA030000000000000000000F0084000000084
S214045BB03D5C04000100230440000000455C040032
S214045BC0060030014000000000000000FDFF210236
S214045BD04000000001000000190000041900010143
S214045BE0190002041900030119000504190006012E
S214045BF01900070404004100D90C01000600410006
S214045C00F931030019008100C92901001900840034
S214045C105534010000800000000000000643555380
S214045C20544F4D000000000000000000000000007B
S214045C3000000000000000000000000000FFFFFF5E
S214045C40FFFFFFFFFFFFFFFFFF0004010401040145
S214045C500401040104010401040104010401040113
S214045C600401FFFFFFFFFFFFFFFFFFFFFFFFFFFF34
S214045C70FFFFFFFFFFFFFFFFFFFF00010203040516
S214045C80060708090A0B1F1C1F1E1F1E1F1F1E1FA8
S214045C901E1F07021F012F0037013F005701DF02B6
S214045CA0E700FF0200000000000000000000000003
S214045CB000000000000000000000000000000000DB
S214045CC00000000000000000530904001900000052
S214045CD059090400FFFF000000000000240A040025
S214045CE02F0A04003B030400370A0400450A040094
S214045CF03B030400580A0400630A0400710A040003
S214045D00750A0400850A040037D90300950A0400BE
S214045D10990A0400A40A0400AE0A0400B80A04009F
S214045D20BC0A0400CA0A0400DE0A0400F40A0400DA
S214045D3000800000000000000000000000000000DA
S214045D40FFFFFFFFFF000000000000002DB8010069
S214045D50000000000000F03F0000000000002440A7
S214045D6000000000000059400000000000408F4082
S214045D70000000000088C34000000000006AF840ED
S214045D800000000080842E4100000000D012634111
S214045D900000000084D797410000000065CDCD4187
S214045DA0B0DC03000C740400000000001A140400A5
S214045DB0FC730400000000001F140400EC730400CD
S214045DC00000000020140400DC730400000000003F
S214045DD031F90300C87304000000000024F903002E
S214045DE0B47304000000000025140400A473040027
S214045DF0000000002B14040094730400000000004C
S214045E002F14040084730400000000003E140400F1
S214045E1074730400000000005B1404006473040040
S214045E200000000064140400547304000000000022
S214045E3079140400447304000000000072EA0300AE
S214045E40347304000000000089140400F472040093
S214045E50000000008F180400506A040000000000D0
S214045E603C080400106A04000000000090140400BB
S214045E7050690400000000009914040054680400EB
S214045E8000000000A6140400FC63040000000000E8
S214045E90C20A0400D462040000000000AD1404002A
S214045EA0D462040001000000B114040094620400EB
S214045EB000000000B614040058610400000000004E
S214045EC06FB703005861040001000000A614040024
S214045ED0FC63040000000000BD140400FC6304001E
S214045EE001000000C2140400246104000000000045
S214045EF0CC1404002461040001000000D41404003F
S214045F00545F040000000000E7BE0300205F0400A6
S214045F100000000000000000000000000000000078
S214045F20305F0400D81404003B030400FE000000A5
S214045F30F0140400F86A0400000000006419040069
S214045F40E86A0400000000000000000000000000F2
S214045F5000000000645F0400F51404003B03040022
S214045F60FE0000000B150400786C0400000000001E
S214045F7011150400686C04000000000017150400E6
S214045F80586C04000000000020150400486C04004F
S214045F900000000021BC0300386C04000000000070
S214045FA02BBA0300006C04000000000039C3030091
S214045FB0EC6B0400000000002A150400DC6B0400EF
S214045FC00000000026BF0300CC6B040000000000A5
S214045FD02F150400BC6B04000000000036150400F6
S214045FE0AC6B040000000000D2CD03009C6B0400E0
S214045FF0000000003B150400F060040000000000F0
S2140460004215040098600400000000004A150400CD
S21404601064600400000000005615040030600400AC
S2140460200000000000000000000000000000000067
S21404603040600400611504003B030400FE000000F9
S214046040ABD30300186B04000000000009F503003E
S214046050086B0400000000000000000000000000C0
S2140460600000000074600400821504003B03040072
S214046070FE000000ABD30300386B040000000000F1
S21404608009F50300286B040000000000000000006F
S2140460900000000000000000A8600400A41504002E
S2140460A03B030400FE000000C2150400886B0400D5
S2140460B000000000B31A0400786B0400000000001F
S2140460C0D1150400686B040000000000D615040017
S2140460D0586B040000000000DD150400486B040043
S2140460E000000000000000000000000000000000A7
S2140460F000610400E21504003B030400FE000000F7
S2140461006DD30300246C040000000000FF15040097
S214046110106C0400000000000000000000000000F6
S2140461200000000034610400071604003B0304006A
S214046130FE00000023160400B86C040000000000F3
S214046140C20A0400A86C040000000000000000005E
S2140461500000000000000000686104002816040027
S2140461603B030400FE00000041160400686D0400B2
S214046170000000002ED00300586D0400000000004C
S2140461804A160400486D04000000000023160400AC
S214046190986C0400000000004F160400886C04008D
S2140461A0000000005C1604005462040000000000B6
S2140461B06A1604002062040000000000781604003A
S2140461C0E06104000000000090140400506904001C
S2140461D000000000000000000000000000000000B6
S2140461E0F0610400811604003B030400FE00000076
S2140461F0634C0400386D040000000000744C040076
S214046200286D0400000000005FE40300186D04001D
S2140462100000000000000000000000000000000075
S214046220306204009F1604003B030400FE000000D6
S214046230C9160400886D0400000000004A05040026
S214046240786D04000000000000000000000000005C
S2140462500000000064620400D01604003B0304003F
S214046260FE000000E7BE0300BC6D04000000000052
S21404627009F50300AC6D040000000000B31A040026
S214046280986D0400000000000000000000000000FC
S21404629000000000A4620400F01604003B0304009F
S2140462A0FE000000E7BE0300EC6D040000000000E2
S2140462B010170400DC6D04000000000009F503005C
S2140462C0CC6D040000000000000000000000000088
S2140462D000000000E4620400171704003B030400F7
S2140462E0FE00000031170400206F040000000000C8
S2140462F0F9D40300106F04000000000064170400C3
S214046300006F04000000000021BC0300F06E0400CF
S2140463100000000032BC0300E06E04000000000031
S21404632036170400D06E0400000000004E17040068
S214046330C06E04000000000057170400B06E04008E
S214046340000000005E170400A06E040000000000B9
S2140463506A170400706E040000000000B31A0400FC
S214046360606E04000000000079170400506E0400FC
S214046370000000001EE50300406E0400000000005C
S2140463807E170400306E0400000000009517040019
S214046390206E040000000000A91704000C6E040020
S2140463A000000000B9170400FC6D040000000000A3
S2140463B0C8170400C86304000000000000000000C2
S2140463C00000000000000000D8630400CD1704009D
S2140463D03B030400FE000000E4170400906E040073
S2140463E000000000ED170400806E040000000000AA
S2140463F00000000000000000000000000C64040020
S2140464003B0304003B030400FE000000F4170400F2
S214046410906A04000000000001180400D468040018
S214046420000000000A1804001468040000000000BD
S2140464301D180400E0670400000000002B18040088
S214046440AC670400000000003918040078670400F4
S2140464500000000047180400E06604000000000086
S21404646058180400B866040000000000651804000C
S214046470186604000000000070180400C0650400DC
S2140464800000000083180400986504000000000063
S21404649015F8030034650400000000009618040094
S2140464A0F464040000000000A1180400C0640400A2
S2140464B000000000000000000000000000000000D3
S2140464C0D0640400B41804003B030400FE0000007B
S2140464D0D8180400406F040000000000DE18040012
S2140464E0306F040000000000000000000000000000
S2140464F00000000004650400E21804003B030400E6
S214046500FE0000001BD50300706F040000000000AE
S21404651014190400606F0400000000002019040031
S214046520506F04000000000000000000000000009F
S2140465300000000044650400361904003B03040010
S214046540FE000000E7BE0300D46F04000000000055
S21404655009F50300C46F0400000000000FF50300F3
S214046560B46F040000000000ABD30300A06F040067
S2140465700000000052190400906F040000000000A0
S21404658069190400806F0400000000000000000089
S2140465900000000000000000A8650400751904004F
S2140465A03B030400FE0000009A190400E46F040094
S2140465B000000000000000000000000000000000D2
S2140465C0D06504009F1904003B030400FE0000008D
S2140465D0C3190400347004000000000010170400FF
S2140465E02470040000000000CF1904001470040096
S2140465F000000000D6190400047004000000000027
S214046600E3190400F46F040000000000000000001A
S214046610000000000000000028660400EE190400D4
S2140466203B030400FE0000005C180400E470040051
S214046630000000000B1A0400D470040000000000E0
S214046640B0DC0300C470040000000000DEEB0300AE
S214046650B470040000000000C3170400A470040013
S214046660000000001BD50300947004000000000026
S214046670121A040084700400000000001D1A0400AE
S21404668074700400000000002A1A040064700400F9
S214046690000000003A1A04005470040000000000D1
S2140466A04D1A0400447004000000000000000000BE
S2140466B00000000000000000C86604005F1A040022
S2140466C03B030400FE000000B0DC0300F47004008A
S2140466D000000000000000000000000000000000B1
S2140466E0F06604007D1A04003B030400FE0000006C
S2140466F01BD503006471040000000000DEEB0300F9
S2140467005471040000000000C31704004471040020
S21404671000000000A01A0400347104000000000009
S214046720CC150400386704000000000000000000D8
S214046730000000000000000048670400B71A0400C8
S2140467403B030400FE000000B31A04002471040096
S21404675000000000ABD30300147104000000000026
S214046760CD1A0400047104000000000000000000BC
S214046770000000000000000088670400D61A040029
S2140467803B030400FE000000E7BE0300847104001F
S2140467900000000009F50300747104000000000006
S2140467A0000000000000000000000000BC670400B9
S2140467B0F61A04003B030400FE000000161B040047
S2140467C0A471040000000000291B04009471040056
S2140467D000000000000000000000000000000000B0
S2140467E0F06704003F1B04003B030400FE000000A7
S2140467F05F1B0400C4710400000000002ED00300D8
S214046800B471040000000000000000000000000056
S2140468100000000024680400691B04003B03040015
S214046820FE0000001BD50300F47104000000000005
S2140468308E1B0400E471040000000000A61B040084
S214046840D4710400000000000000000000000000F6
S21404685000000000646804003B0304003B030400DB
S214046860FE000000B71B04007C6804000000000063
S2140468700000000000000000000000008C68040017
S2140468803B0304003B030400FE000000C31B04009B
S2140468904472040000000000B30A040034720400CA
S2140468A000000000C91B040024720400000000005D
S2140468B0CD1B04001472040000000000D11B040069
S2140468C00472040000000000000000000000000045
S2140468D000000000E4680400E11B04003B0304001D
S2140468E0FE000000E7BE0300C472040000000000BF
S2140468F0FC1B0400B4720400000000000F1C04001B
S214046900A47204000000000009F503009472040059
S214046910000000001C1C0400847204000000000038
S2140469202D1C040074720400000000003B1C0400CC
S21404693064720400000000004C1C0400547204003E
S214046940000000000000000000000000000000003E
S21404695060690400591C04003B030400FE000000A8
S214046960731C0400E86C040000000000A61C04006D
S214046970D86C040000000000E11C0400C86C04008D
S21404698000000000F81C0400DC690400000000009D
S214046990021D0400A86904000000000000000000B6
S2140469A00000000000000000B8690400061D040092
S2140469B03B030400FE000000634C0400086D040062
S2140469C000000000744C0400F86C04000000000092
S2140469D0000000000000000000000000EC69040055
S2140469E0251D04003B030400FE00000046D00300FF
S2140469F0E472040000000000B31A0400D472040019
S214046A00000000000000000000000000000000007D
S214046A10206A0400381D04003B030400FE00000046
S214046A20E7BE03002473040000000000C916040037
S214046A3014730400000000004A05040004730400F4
S214046A40000000000000000000000000000000003D
S214046A50606A0400531D04003B030400FE000000AB
S214046A60E31904003C740400000000001BD5030076
S214046A702C74040000000000B0DC03001C74040046
S214046A8000000000000000000000000000000000FD
S214046A90A06A0400731D04003B030400FE0000000B
S214046AA0911D04008C740400000000009B1D04006B
S214046AB07C74040000000000A61D04006C7404002E
S214046AC00000000031F903005C74040000000000BC
S214046AD0B51D04004C740400000000000000000013
S214046AE00000000000000000B7290300C01D0400D9
S214046AF03B030400FF000000B3290300CD1D04007F
S214046B003B030400FF00000071F10000DF1D0400D9
S214046B103B030400FF0000000DF100000C1E0400FF
S214046B20D425040001FF000071F100004C1E04008F
S214046B303B030400FF0000000DF100007A1E040071
S214046B40D425040001FF0000A5F10000BB1E0400CC
S214046B50DC1E040000FF0000A5F10000E51E040092
S214046B60421F04000000FF0021F20000501F040032
S214046B70691F0400010001FF8DF200008E1F04004F
S214046B80D01F04000102FF0021F20000E61F0400EB
S214046B901520040001000102FF0000009DEF000024
S214046BA0462004008220040007FF0000BDEF00001A
S214046BB088200400BB20040001FF0000D1EF000081
S214046BC0C3200400132104000100FF002DF0000080
S214046BD028210400792104000101FF0001F00000CF
S214046BE089210400C321040001FF000081F0000095
S214046BF0CB21040014220400010000010707FF0053
S214046C00BDF2000066220400BB20040001FF000061
S214046C10BDF30000AE220400F222040001070001C6
S214046C200700FF00152A0300472304008D230400F1
S214046C300107000101FF000045F30000C92304001A
S214046C4004240400010000FF15F3000022240400BD
S214046C50662404000100FF00E5F200007924040025
S214046C60662404000100FF008DF30000B82404002D
S214046C70C321040001FF0000FDF30000F324040018
S214046C80242504000100FF002DDD00003B03040062
S214046C9032250400000707FFD1DC00003B03040094
S214046CA04B250400000707FFDDE100003B0304005A
S214046CB05725040007FF0000DDE100003B03040045
S214046CC05725040007FF0000672903003B03040060
S214046CD05C2504000000FF00B9E100003B0304004B
S214046CE045FC030001FF000081E100003B030400B3
S214046CF09425040000FF0000B1DC00003B03040000
S214046D003B030400FF000000B1DC00003B0304006A
S214046D103B030400FF0000003D2903003B0304007E
S214046D203B030400FF0000003D2903003B0304006E
S214046D303B030400FF0000003D2903003B0304005E
S214046D403B030400FF00000081DC00003B0304005A
S214046D50CA2504000101FF006DDC00003B030400AB
S214046D60DF25040001FF0000392903003B0304006B
S214046D703B030400FF00000035DC0000A7160400F7
S214046D803B030400FF00000035DC0000E925040096
S214046D903B030400FF000000B5DD00000A260400E3
S214046DA0212604000001000007FF00003529030027
S214046DB0472604003B030400FF00000031DB00000C
S214046DC0612604003B030400FF000000AF29030013
S214046DD08F2604003B030400FF000000A1290300E3
S214046DE0A92604002B25040000FF0000B1E40000DF
S214046DF0CE2604003B030400FF00000005DA000072
S214046E00E82604003B030400FF00000099D90000B4
S214046E100B2704008827040000000310FF0000006E
S214046E2075DA0000DD2704004B28040001FF00008B
S214046E3049DA000060280400A328040000FF0000CC
S214046E405DD90000B42804003B030400FF000000E2
S214046E5033290300E32804003B030400FF0000007A
S214046E6039D900002F2904002B25040000FF000058
S214046E7005D90000702A0400C52A040000FF00009B
S214046E80E9D80000DF2A04003B030400FF000000EA
S214046E90CDD80000EF2A04003B030400FF000000E6
S214046EA023290300032B0400812B040000FF0000A9
S214046EB09DD800000C2C04003B030400FF000000D7
S214046EC059D80000292C0400542C040007FF0000A5
S214046ED019D800005E2C0400B72C0400000500FF3F
S214046EE0D1D700006A2D04007D2D04000002FF00A7
S214046EF0ADD70000AC2D04003B030400FF000000E7
S214046F0023290300BE2D0400F82D040000FF000012
S214046F1041D700007E2E0400C42E0400000301FFA7
S214046F2031D70000642F0400AA2F0400000301FFD9
S214046F30CD5201004A3004003B030400FF00000069
S214046F40BB35030072300400ED30040002FF00007D
S214046F50DDF7000042310400DB27040000FF0000D8
S214046F60A9F700006A310400DB27040000FF0000D4
S214046F7059F70000833104003B030400FF000000BF
S214046F80D94401009C3104003B030400FF000000C8
S214046F90B1440100E93104003B030400FF00000093
S214046FA03D440100143204003A320400000101009A
S214046FB0010102FF15440100B9330400E133040063
S214046FC000FF0000F5430100083404003B030400FE
S214046FD0FF0000003D430100323404003B0304007C
S214046FE0FF0000008D3403004B3404003B03040010
S214046FF0FF0000000D38010071340400A2340400C0
S2140470000002FF00EF320300FF3404003B030400D9
S214047010FF000000EB3203002C3504003B030400A1
S214047020FF000000C1370100473504007135040035
S21404703000FF000081350100A13504003B03040075
S214047040FF000000FD200100B43504003B030400EB
S214047050FF000000E5200100CC3504003B030400DB
S214047060FF00000067320300E53504003B0304001C
S214047070FF00000053320300123604008C3604006E
S21404708000FF00008D340100CB3604003B030400EF
S214047090FF0000007D330100433704003B03040077
S2140470A0FF000000A11F0100873704003B03040013
S2140470B0FF000000851F0100A43704003B03040002
S2140470C0FF000000FD1F01004F3804003B030400CE
S2140470D0FF000000F11F0100DD380400223904001F
S2140470E000FF0000BD1F010059390400AA3904003E
S2140470F000FF0000E91D0100DD3904003B03040025
S214047100FF00000081120100093A0400723A0400EC
S2140471100000FF0081120100C73A0400293B040066
S2140471200000FF00211301006E3B0400A13B040095
S2140471300002FF00C1310300F63B0400443C040097
S21404714007FF000055140100603C04003B030400E4
S214047150FF00000069120100843C0400A93C0400FE
S21404716000FF000075130100023D04003B03040009
S214047170FF000000390C01003F3D04003B030400FF
S214047180FF000000010C0100693D04003B030400FD
S214047190FF00000099300300A43D0400133E0400E1
S2140471A000FF00005D050100643E0400E33E0400A9
S2140471B000FF00008B300300293F04007B3F0400DF
S2140471C000FF00006B300300C23F04000F400400C1
S2140471D000FF000025FE0000594004008F40040014
S2140471E003FF00005DFE0000CA40040010410400D6
S2140471F003FF00000DFD0000664104003B0304008D
S214047200FF000000F72F030096410400D441040059
S21404721000FF0000F12F0300E4410400D441040001
S21404722000FF0000EB2F03000B420400D4410400CF
S21404723000FF0000E52F030032420400D44104009E
S21404724000FF0000DF2F03005A420400D44104006C
S21404725000FF0000BB2F0300834204003B0304002E
S214047260FF000000C12F0300A54204003B030400F6
S214047270FF0000005DFA0000CD420400064304004F
S2140472800001FF0089FA0000274304003B030400C2
S214047290FF000000BD2F0300524304003B0304001C
S2140472A0FF00000045FA00006D4304003B030400A1
S2140472B0FF00000001FA000088430400B543040000
S2140472C000FF0000E9F90000D04304003B0304007B
S2140472D0FF00000031E20000FB4304003B0304000F
S2140472E0FF00000031E20000224404003B030400D7
S2140472F0FF00000021D70000334404003B030400D1
S214047300FF000000EDD60000484404006F4404006B
S21404731000FF0000EDD600007F4404006F44040024
S21404732000FF000085D60000A64404003B030400CA
S214047330FF0000001B290300C14404003B030400B3
S214047340FF000000E1D20000E44404004E450400BF
S21404735000FF0000C1D20000714504003B03040096
S214047360FF000000A9EE0000D746040064470400AE
S214047370010000FF8DED000081470400D54704009E
S21404738000FF0000C1ED0000EA4704003C4804008A
S2140473900100FF002DED0000524804003F490400A0
S2140473A00107FF001F2903004F4904003B030400A4
S2140473B0FF0000008DE600006049040072490400E6
S2140473C0000101000007FF0085E50000AD49040048
S2140473D0BE49040000010100FF000000C1ED0000EA
S2140473E00D4A04001E4A0400010000FFFDE40000EC
S2140473F00D4A0400504A040000FF00006D85010099
S214047400614A04003B030400FF00000015D300009B
S214047410AD4A04003B030400FF00000017560300B7
S2140474203B0304003B030400FF0000003593010007
S2140474303B0304003B030400FF000000F992010034
S2140474403B030400F24A040002FF0000A59A010070
S214047450FA4A04003B030400FF000000319A0100CE
S214047460264B0400494B04000200FF009956030013
S214047470724B04003B030400FF0000000D9A010059
S214047480944B0400B24B040002FF0000E59901008F
S214047490C74B0400B24B040002FF000001000000CA
S2140474A0CC4D00200000000000000000FFFF00009C
S2140474B09B2F03000000000003000000FFFF0100F4
S2140474C0793003000000000004000000FFFF010004
S2140474D0073103000000000004000000FFFF000066
S2140474E08B3103000000000006000000FFFF0000D0
S2140474F0FD3103000000000019000000FFFF01003A
S21404750093320300CD1B0400FC680020000000003A
S2140475100000000000000000000000001E4C0400F4
S2140475208875040000000000244C0400A0560400E3
S214047530000000002B4C04007058040000000000FB
S214047540641904006058040000000000344C040071
S2140475505058040000000000464C04004058040044
S21404756000000000554C04003058040000000000E1
S214047570664C0400205804000000000000000000D0
S214047580000000000000000098750400784C040019
S2140475903B030400FE000000934C0400B075040096
S2140475A000000000000000000000000000000000D2
S2140475B0AB5A0300984C04003B030400FF0301008D
S2140475C001013F040201003F040202003D040202DE
S2140475D0003D0401020001020003010002023D0412
S2140475E00201000202020100020200000020202024
S2140475F0202020202020282828282820202020205A
S2140476002020202020202020202020202088101029
S2140476101010101010101010101010101004040485
S2140476200404040404040410101010101010414143
S2140476304141414101010101010101010101010131
S2140476400101010101010101101010101010424245
S2140476504242424202020202020202020202020201
S21404766002020202020202021010101020000000A1
S2140476700000000000000000000000000000000001
S21404768000000000000000000000000000000000F1
S21404769000000000000000000000000000000000E1
S2140476A000000000000000000000000000000000D1
S2140476B000000000000000000000000000000000C1
S2140476C000000000000000000000000000000000B1
S2140476D000000000000000000000000000000000A1
S2140476E00000000000000000000000000000000091
S2140476F000000000A001000080130020000210001B
S2140477006852002020150020000002080000000037
S214047710FFFFFFFFFFFFFFFFFFFFFFFF000000006C
S2140477200000000000000000000000000000000050
S21404773000000000200000007DC6010010000000CC
S2140477405DC7010000000001000001010001010105
S21404775020C001B80000000000000000FFFFFFFF8B
S214047760FFFFFFFFFFFFFFFFFFFFFFFFFFFFFFFF20
S214047770FFFFFFFFFFFFFFFFFFFFFFFF0001020207
S2140477800303040506080C0C0C0001020304070797
S214047790C8C8C8C8C8C8C8C8C8C8C8C8030404086D
S2140477A00808080800B801B802B800B090930400AE
S2140477B07893040003040408080500000000000091
S2140477C0000000000000000000000000EA060000C0
S2140477D048704C0F44700E0E30707E1302989A1741
S2140477E03870340F34705A0F307048102C704810AC
S2140477F02870D0112470E81120703E0F1C7090126F
S21404780018700C1314703A0FB110086001D80A717E
S21404781004B87F78020C7E78641000C6881F00A027
S2140478201DB8707803B018600F3027B30F330111FA
S214047830C04806987C0229B0086001D8087109DDA2
S214047840047109BB11101660A048086004100112E8
S214047850FF3221500860D048086000880698381423
S21404786000C4441F00A000BA03DF107109DF0672CB
S214047870029836031DB8507800A044132814411506
S2140478808110086002D8147110880698201900C068
S21404789014C000B80698861B0091069892020160F0
S2140478A0B83020D806711EBC637C784D5412F03272
S2140478B040DE0472404804DB08720DDD0C72044B93
S2140478C0EF3014480698F20400C4E0400054441212
S2140478D0086201322140087C811140D91C72B11221
S2140478E03032CF4A013AB1DA107208D8067104D899
S2140478F00871804C237C5670684C441200C4A41E45
S21404790000A04414413AF3240164415C412A0475FE
S21404791080B800C46040005481D8367140D90472DF
S214047920237C084B0698F20404BA1CB9767900C185
S214047930204001B835797F216121007906B906A96E
S21404794001D8067102981002804C307C02986402BA
S21404795008D86A7100C1544000B8141110D95E7179
S214047960584C441280BDA26DFF25784C4412FC226C
S214047970513A2814104C00C20CC101B82412281421
S214047980086228140862281408622814304C304C04
S21404799000C11C4000B814111814086100C5284022
S2140479A001B85415FF35047110491814B04C44122C
S2140479B008620132067102980401804C08D80C71E2
S2140479C007BA24D8047106BA187004D80C7101BA20
S2140479D040D80E7102BA0A7005BA20D8047203BAE7
S2140479E0204C4411C04C18140861181491113831F5
S2140479F011429111186110D90472EF3200C1084087
S214047A0001B8141110311E6111422814A111086125
S214047A10181406986C1B181400C1084001B81411F9
S214047A201861FF31181400C1448001B814111814E9
S214047A30086118143088024806989403009308DBFB
S214047A40047101F800A027B00F3000A01088B1110F
S214047A50186180D90A7100C1884000B808110091E5
S214047A6000A000C4684000B8441000A000C08840CD
S214047A70005004118261041082601050F07200A05D
S214047A80541550451271069802050698920407B8D4
S214047A90707802B841781EBA5B7A5C7A5D7A00C266
S214047AA020C001B8241206982A1900C5481F00A051
S214047AB05415511400C3FF010000313D09647F349E
S214047AC006989C02015851280475015841280E75E1
S214047AD08111086102D90472FF0FCC7007B872785E
S214047AE000F8EBBD00C0441F00A00411113D10D9DE
S214047AF01271FF33186300C1781002B8381107B941
S214047B007479581000A0069892020D300472044846
S214047B1009DC0472084800C11CC101B8141100C372
S214047B20D01E00A0911504351A7218131CBB08D871
S214047B3004716C7B04D804716A7B1DBB2F7C5B7B51
S214047B401670044B18131CBB08D804716F7B04D83A
S214047B5004716D7B217C0C30026006987E040698C6
S214047B60C40B00B8B111186140D9067202985804C3
S214047B7001BC00C2084001B800DC0A712415026585
S214047B80604A0A702C4A241508654C4A043508D9FC
S214047B900471202400C13C1F00A0141200DC3271C2
S214047BA020D8067101B80C70F0DA0C720CDB087180
S214047BB002B806988604482400C3384101B8341332
S214047BC08F7B0E7102B9911308DB047203B9287017
S214047BD07C4914111110FD300DDC1C7200C0A01E6F
S214047BE000A0041080D8107100C0448001B80410AE
S214047BF0E5200475804900C3884000B8FFB801201A
S214047C0011410871014118130824014200C128409B
S214047C1000B8141101411C655141911520351E65AB
S214047C20514118132813481300C3844000B8341075
S214047C3003D81671073005DC1071B1108F780A72FC
S214047C4000C384C40350217B1DB8507800B800C11B
S214047C503C1F00A014121C602150F0300152281161
S214047C6000A04024076400C0FFFF0100013C17B0D9
S214047C70022001584028067518AC01EC00A02088A4
S214047C8000C020C001B8041217B4211304123052E5
S214047C90F8711964402400C35C1F00A0341014114A
S214047CA00698F60D1961009211592129067600BB33
S214047CB011590698D60D8762313B0472215A412A1F
S214047CC000A000C2686000B8B8B91F610D49181258
S214047CD000A0308801B9116100C30000C0FF311054
S214047CE0312800BC002D0C75115418AC01EC312D54
S214047CF0F470196451134155312C009300A000C34D
S214047D00C00FFEFF50B2313A014250AA00A00698B6
S214047D103E07FFB0867808715CB86B786E7800C250
S214047D20548001B800C0D81F00A004100812B8225E
S214047D30217A237A52B8417801B80C6021A809B890
S214047D4019604CA800C0FFD1C1FF4FB2013A00C071
S214047D50002E300001424FAA24B86E78ACB9FFB0AA
S214047D6004D804714CB923A90698A80500C013903A
S214047D70010006982E0500A00698020519B814609E
S214047D80FFB28C620F32826A214006982E0549BCE7
S214047D9021B952B849B207DE2A7105DE0871627C41
S214047DA0607C1D0C6179677864786B786278657896
S214047DB063786078617C010C010C6878020C697841
S214047DC06C78020C00C22C8001B8277A287A267AAE
S214047DD06A78050C41790A0CB11040D806710298ED
S214047DE0BA06784A2B7A327A584A247A00C40001B2
S214047DF01100404A00C0108400000812508800C5D4
S214047E0084100100FBAD10BD01BB8A6B21B9FAA931
S214047E10C44A1812217A227A00C0341F00A0041023
S214047E20FCA88264411030300129F9A9F8ADFBB0F2
S214047E308260FBA80330A0652110044820EC237A56
S214047E400410037A184A2411DC4A01580029241025
S214047E5004753150F8B1115081632A715140314094
S214047E600812FCB18461FCA90F310E7117B01128F9
S214047E7017B111591028FA76C44AF9B11812217AA2
S214047E80227AA07000950812F8A800C20C8001B8E7
S214047E90207A844A00B80812020CA44A087A020C13
S214047EA021B84178784A0B7A127A00C2C81F00A01B
S214047EB0FFB008D80472184A241000DC0A7140A8DF
S214047EC00422241041A806989C0200C2481F00A061
S214047ED02410015100C4FF0100004139115008125A
S214047EE000A006983E0700BC00C20C8001B8217AA8
S214047EF052B84978020C4878020C49B8417852AC1A
S214047F0021AC204A087A067A077A49AC00A059B808
S214047F1040785AB101D9FC72427857B8407858B1C3
S214047F2001D9FC72427800A000C20C8001B8217A04
S214047F30227A21B8547852B8BC4A2411997912711D
S214047F4007B915614CA9617800BB03BC0C641470B6
S214047F5009B919614CA9417801BB126300C4002E0B
S214047F60300000C0FFD1C1FF4FB1013941414FA9D4
S214047F70E44AC8B8081224AB4CB823A80698A80547
S214047F8000C004900100FFB1867904710848069881
S214047F902E0500C08009004040A809B8FFB108D9E2
S214047FA0047103B853A8B11004D80C7156BB607B97
S214047FB057BA627A607A02D80C7156BB607B59BA9B
S214047FC0627A607A04B86E783DB8607800C0563835
S214047FD0000000C1B08001B814119979087200C07D
S214047FE0D604000000C124C000B814119F7904729E
S214047FF008484CA82EB8FFB108D906714AA80470E0
S2140480004BA80FB834A800C00C5E000046B201426C
S21404801046AA00C12C4001B8141108610631087143
S21404802000B90698501106983E14B11101D90E7184
S2140480300698921B02D906720698A00C0698381465
S21404804051140698920406982A110698641700A0FC
S21404805006984E1701D80A711CB85B7807B875786D
S21404806000B84CA84AA84BA800C0F321FFFF46B1AD
S214048070013946A904B86F7800A0FABC1964415CBB
S214048080512C00C0581F00A00410012C0675069839
S21404809092040698780FB110186005D8327140BA69
S2140480A006980E1404B86578911004D816711CB896
S2140480B06E7800C0684000B82178069878110140B0
S2140480C00A721DB8427806984A1402985E0B1DB8C8
S2140480D0717804B86C7841B8427863784478FFB114
S2140480E004D906720298CA0900C004900100FFB1C0
S2140480F086790471084806982E0500C32C1F00A034
S21404810000C274C000B82414481300BC48121C4BA8
S2140481101C4A2414481300BC4812084B584A24141A
S214048120481301BC48124ABA447A427A4BBA447A93
S214048130427AFFB086780472617A4CBA647A657AB9
S2140481403DBA607A4DB942B83FBB5B7966796179CE
S214048150020C6479050C63796079050C627965799B
S2140481605A7900C2340102B8241305B819603140A4
S214048170081242B86A78020C4A78020C40BCFFB275
S21404818008DA06714ABA06704BBA627A657A677A72
S214048190667A6A79667B0298A40A00C32C1F00A03C
S2140481A000C274C000B8241448131C4B1C4A241480
S2140481B048133FBC48121C4A00BC4812084B444AA9
S2140481C02414481301BC48124ABA647A627A4BBA39
S2140481D0647A627AFFB3867B0472617A4CBA647AF4
S2140481E0657A3DBA607A01D94E71647800C17080B0
S2140481F001B800C08000080008110698860B42B833
S21404820061784DB97F797E796A7868786278020CED
S2140482107B790F0C7A79140C7479417860787579C7
S214048220050CFFB208DA06714AB804704BB86578D4
S21404823001BC1664407002D93C710698860B42B89D
S2140482404DB96878407841787F797E797B790F0CD0
S2140482507A79140CFFB208DA087171794ABA067092
S21404826070794BBA7279657A6A78020C4A78050C8A
S21404827001BC1664020C417940790C0C00C04C0118
S21404828002B848100698F20400C4784000B8007C8F
S21404829000C0A01E00A0041180D93271911104D927
S2140482A02C727F2021200411FD310DDD207200C0C8
S2140482B0448001B80411E521147600C0244001B8B6
S2140482C004118A790871207C104C207C2AB86278C4
S2140482D0511400C0581F00A00410012C17B001113F
S2140482E08768015841280E7605218769415C412D2F
S2140482F0112D06700698920442B84DBB7C7B6478B8
S214048300020C29B8687851144044067506989204FD
S21404831042B844782AB84278FFB101D90C7100C13A
S214048320548001B8CBB80811911004D8147100C059
S214048330A01E00A0041080D8067107B8537800F871
S21404834007B800C1CC1E00A000C220C001B8241289
S2140483502811777800F8B1109478387106989C0242
S214048360E4B911591128067600B80C70A0B9115951
S21404837001290475A0B8826000C3C01F00A034138E
S214048380012B341000C3FFFF00FF42B13139114006
S21404839042A800A01DB09178FA7142B86478020C25
S2140483A000BA29AA00C4548001B842B84DB900C323
S2140483B0C04001B83413977B047240EC020C447836
S2140483C05C7953AA0A0C281442B84DB9FFB301DBF2
S2140483D02671244C00C3FF0FFF01381454794078EB
S2140483E041785579020C5B795A79140C5F795E7979
S2140483F04A784278347002DB147152795179507994
S214048400020C5B795A795F795E791E7004DB1A7107
S21404841000C4FF07000000C3342102B848133FBB62
S214048420467B020C5B795A793DBB407B4CBB447B54
S214048430457B00C3301F00A03414403C207100C0AC
S21404844068C000B8481028131C4B1C483414481045
S2140484502813144B44483414481028134AAA4BAA29
S21404846004B86D781DB851785CB84B784E7800A087
S21404847000C074C000B80411108800B91810684809
S2140484800411108801B90B6118102C4804111088C7
S214048490008800C1231C000018104AB864784BB842
S2140484A06478260C28B000C1FFFF0FF0113871B9AC
S2140484B00B61114028A828B97379747900C210108A
S2140484C0303045AA54790E0C00C0E84001B80411B7
S2140484D000C23030101045AA0E0C04100088108814
S2140484E00698620D0091009020888F618F60069830
S2140484F0620D0090886A21400112906A035800C1F8
S2140485003F3F00001138FFBC0224412811380142C5
S21404851045AA28B953794AB844784BB844780090A9
S2140485200091181000912C481810009168481810F3
S21404853000A09168436091694361115B012B112887
S21404854041603128315B00BA302806763128204A4B
S2140485504163302806763128104A4163302806766F
S2140485603128084A4163302806763128044A416394
S214048570302806763128024A416330280476014AB8
S21404858000A0115910D906710860086008D9047152
S214048590086004D90471046002D90471026001D928
S2140485A00471016000A000BA01D806710148112ABE
S2140485B01F61016001D8F6720138F67200A000C28D
S2140485C020C001B8241211592129127300210E71FA
S2140485D000C238C001B824120121212900A002B02B
S2140485E020D8147100C0B01E00A0041002B945794A
S2140485F006987613EA7003B09F78087200B806A847
S21404860000F806983E0700C5641F00A05088044D75
S2140486101CBC00C0B41E00A0811101D91E71407C90
S214048620009501150C4D5088044DFFBB1863315B53
S21404863004110698EE0D3129F8750698681A541533
S2140486400698921B01D90872069858070670069871
S214048650F4071CBB547B06984E1701D80672029882
S2140486601A0FFFB901211038F67281129B7AF07145
S21404867000C2448001B8241400C0C01E00A0041028
S21404868001130020041040500C7200B90698280FFD
S21404869018B90A7018B90698280F00B900B80698D1
S2140486A01E0F704A08B806981E0F00C2284000B86D
S2140486B014B806981E0F00C2EC4001B80CB8069811
S2140486C01E0F202210B806981E0F108830880698B1
S2140486D05807009300910698280F00C0C41E00A0F7
S2140486E00412FFB9012121411810009500F8312821
S2140486F011280410081200A004B831281128F8B173
S214048700181000A0069880080E700698C40B0698E9
S214048710800806987212069812079112211900C052
S2140487202C4001B80A78097800F810B901BA0698FE
S214048730041406982A110698641700C5641F00A03E
S21404874081109D78FC7200F8911203321CB900C3A4
S214048750A01E00A0341300C4B04000541DB84278D4
S214048760707903DE067144783A707179A11020D8C6
S21404877006710298541080DB1C7102D8187205B872
S2140487800814A11010300248081400B808149110F8
S214048790086008141DB86278A11000DC06765179CA
S2140487A000BA06984E1701D82272911120311D6125
S2140487B0911004D80E7200C1501F00A0141101D9E4
S2140487C00A71208806985011009200C1204000B813
S2140487D001DB1871084C03DE0471904C441400C38A
S2140487E0FF1F0000413BFF233811944900C3384162
S2140487F001B83413086380DB0C7103BA1862069858
S2140488003C100870186206983C100C4908790979DF
S21404881014102140081100A000BD0698760210B975
S21404882003DC047100B901BA0698041402D906716F
S21404883000404E7203B118610F3106987811FFD8C4
S2140488402872811008D8187106DD0A710698760217
S21404885003DC0C720698BC1106984A140C7006DDEC
S21404886010710698C211487020B804A806DD10726C
S214048870069880080698120701F840B804A800F87D
S21404888000C0A01E00A00413086301DB227191102F
S2140488900111186111381DB910D80871447902986D
S2140488A0541002DBFA72A11328DBF47203BD069897
S2140488B01E11069880081DBA7F7A0698F20400C531
S2140488C0681F00A00698760200BA03DC1672044DF0
S2140488D0A11002D804711C4D00C10CC101B8069841
S2140488E0AE045415212D06983E050298AA08911048
S2140488F0015503355150011900A000C14C1F00A0BA
S214048900141001D8427101480860FE200E758110CB
S21404891020D8087100C1501F00A0141101D9287175
S21404892000C02C4001B80412215108610F311861AF
S2140489301152281000C0084001B8041191122151A8
S21404894020311152211900A0811380DB067201B870
S21404895000A000C314C001B8341006302E726C4B4D
S21404896034121C4B3410186002302072811080D8E8
S214048970DE713410014A08620460803021508C484D
S2140489800A717F234D233410013000A000BD0698E1
S2140489901E111CB847784578437802B8447800A07E
S2140489A0069880080698BC1100C5741F00A05415CC
S2140489B006983E050298AA08B1138F7B0A7200C374
S2140489C084C40350017B06983E1400C1384101B8A4
S2140489D014118F790E7100C1B84000B800BA069819
S2140489E03C1050BA06980E1406987811FFD84A71AF
S2140489F0911004D84872811008601CD8407220D99F
S214048A0038721112FF3221513471802180211114E1
S214048A1000C0D81E00A00413FFBA3151113A2151E8
S214048A2011531DB938107B7940440E7200B900C248
S214048A30AC1E00A01812067004B8607806983814A5
S214048A4000F800B900C2A44000541812644A0AB9D7
S214048A5018121CBA507A517A1DB942795F7900A06F
S214048A600698760207DC1072911000200A750698A4
S214048A7072120298660F0698120701B9911004D86C
S214048A80047100B910BA0698041400BA0040347190
S214048A9000C0A01E00A00411086101D9127104D9F7
S214048AA0E2728110086001D8DA711DB8647800C1DA
S214048AB01CC101B80698AE0401B81160002A0476F9
S214048AC000BA00C5781F00A05415212D069872120E
S214048AD00698580700C57C1F00A000F800BC81114A
S214048AE008D9167280D9207201B910BA06980414EF
S214048AF000400E7101BC10700698BC1106984A140A
S214048B0020B804A800F80698721281110231127176
S214048B1000B900C2144000541812244A02B91812AC
S214048B200698BC1100C5801F00A054150698F01ABC
S214048B300298AA080411012114711CBA737A04203D
S214048B4004122811042004110121F47200A00698CE
S214048B50F20401F806984E1701D81671FFB90121E0
S214048B6010380E7281109B78087104B9677900F882
S214048B70911010D8287100C51CC101B8541106986C
S214048B80EE0D00C5C81E00A054155129EA7507B895
S214048B9076781DB8447801B804A800F8B1101860B7
S214048BA010D82E7100C05040005400C3084000B8CE
S214048BB03114984C44113411086101D9FA714412E5
S214048BC02810086228100862281008622810E87026
S214048BD00298B00206989202113804721E6202BB12
S214048BE000C1D81E00A0141120390C72911210DA9C
S214048BF00672417B00A006983E1400C2A01E00A088
S214048C00241220DA0472617B1CBA527A00A01CBAC1
S214048C10727A811204DAFC7200A01CB86B7800C069
S214048C20684000B82F7800A006984E1701D83A710D
S214048C3000C22C4001B82410036091112031015168
S214048C40383111501D6008121DB9457900C24480A0
S214048C5001B8241200C0C01E00A004101820002072
S214048C60041020500471657910631EB9637900B945
S214048C7002EC00CD114502EC00CC01DB087100BB10
S214048C800298D61803B841110731FA211C7606213A
S214048C90911210DA087102DD10721E7020B8069860
S214048CA0B20D3038147208B806987E0400C02C4002
S214048CB000B82978207800F8056020D80671029854
S214048CC00C1602EC00CA05B823DA187104DBDA7154
S214048CD020DAD67110DAD2721EB8617800B801DADA
S214048CE0067202EC00C8911110D9267100C1B81E94
S214048CF000A014111150FF300C720761A11011501E
S214048D0002300A7180DB0A720AB89E701DB97C793B
S214048D101860911111402111C031114001191EB87B
S214048D20411108D90471667820D904726578A110B7
S214048D3002D80672C0DA1E711EB8273123DD087207
S214048D4010DB1072607825DD0A7121DD087208DBFD
S214048D500471627803B8411107310872A1152035F1
S214048D60AA7102DD2072A11120D9A07102D916724F
S214048D70CCDA9872411140D9927206B8054D5A72EF
S214048D800298AE1421114049C0D94C71A031411546
S214048D904035026551410461086308DA1E7204DA3C
S214048DA036721049A1150235067110DB0E720134B5
S214048DB00A7108DB22711EB86778CC3211101A309B
S214048DC00ADC0872CCDE0471FD3100C00D0F0C0DF8
S214048DD0216001D85C7207B80298D81400BA411111
S214048DE008D90C7102EC00CA05B830DAEC72073404
S214048DF0F031036101DA0471014900C0F300A3E312
S214048E00216001D8D27100C09814406821604030B7
S214048E10014440DA0471204C04320262204A1110E4
S214048E2006301F60014218311D6111420298F61483
S214048E30204A00C0051708502160113001422088DE
S214048E40FFBB0DDA507100C1DE1B250180BC04DABD
S214048E50107208DA0A7200C120841000E024A024EC
S214048E6008634143026401DA06711E49024B00C0DE
S214048E70201F00A008633810BC2002DA127101B962
S214048E801159A11380DB087100C100FCFF01181002
S214048E900298621800C4A01E00A0441080D87C71FA
S214048EA00092D0DA06710DDA0C711EBD437DEFBD5B
S214048EB00698140304620DDA8672A11105D95C7152
S214048EC000C24040005424121424281401D9067207
S214048ED002D9327140D91E7102EC00CA2110183230
S214048EE00471FA2220D804720822FE22087502ECC5
S214048EF000C8F87001D90E7102EC00C802D90672D7
S214048F0004DC187200C0A01E00A004101D6001D866
S214048F1006711EB8647807B873780298D61800C02D
S214048F20A01E00A0041080300A7100C0C41E00A059
S214048F30041000A006984E1701D82E71911010D870
S214048F4028728110A0D8227203B084781C7200C1E3
S214048F502C4001B814100DBA487A697A6B7A081155
S214048F601CB87B7807B8757800A0641000C6881F04
S214048F7000A0C3B806987C0200C4441F00A014BA1C
S214048F80281400B8011AB1108F780A7200C084C47D
S214048F900350017891101030011905BA06980E1482
S214048FA002D9067101B804A800C0A01E00A00413CC
S214048FB00698641180DB0671029858141DBA7C7AF0
S214048FC001DB6A7100C2241F00A024111114FF34AF
S214048FD002EC00C8FF24FA7608610698C20D046104
S214048FE011380F3004611114011141100698C20D96
S214048FF001D8087203B80298D8140C4A01DB22710F
S214049000241011281128041202300471106200C0C2
S214049010FFFF0000213800C2204000B8FF200812DD
S214049020411008600698C20D01D87C7120BC10332C
S214049030767100BB00C1201F00A01415C021112C9E
S214049040511218620F320E71408851140698FA189D
S21404905041430094511208651C620F320E7141118F
S21404906051140698FA181C6441430865513B00C124
S214049070DC1E00A01411111231100F30127100BA48
S214049080056101D80471114201600FD8F4723110E1
S21404909003601E30047201B8003A087204B80298DD
S2140490A0D8140298C41600C0384101B804118F7948
S2140490B014717F20692004110861303110DD0671B7
S2140490C01DBA637A0698120300F830885088FF3475
S2140490D0087102ECFF24F87002EC00CD141059500D
S2140490E001440421FF22F2720F4C0095009300A065
S2140490F000C1A81E00A0141100A030880698421BC8
S2140491008111086102D906720298061A1CBB557BA7
S214049110086120D906710298F6190088A110186013
S2140491200698201908211415FC251EBB5C7B5D7B64
S21404913000C1084001B814110731FE21307608D862
S2140491402A725113FC23341304DB20711863FF3393
S214049150315B00C110C000B81411086180490C715D
S214049160FF31302954751EBB7B7B10707B7B7C7B68
S21404917000DD04717D7B01BB3815EC25541300DF3C
S2140491805471042505DF547154152111208806985E
S214049190EE0D009251293E7500C1084001B8141125
S2140491A002DB0C710731315B31292A760C7004DF3F
S2140491B00872016180D91E720698201900C010C07A
S2140491C000B80698861B069820191411FFD96072F9
S2140491D002984C1A0090009300A05415A11118612F
S2140491E010D9A672082508D8A071082510D89A7137
S2140491F0208821110698EE0DFC255412112AF82514
S21404920054110C2520D80871F02554111025202956
S21404921004762159181500920298B81907B971797D
S214049220811010D80A711CB8447802B841781CB969
S214049230747904B9677900F88110A0D808711CB94C
S214049240497900A0086002D8FA7106982019108897
S21404925006983E14106210DA087108211415F025D9
S214049260541100C20020FEFF202912750698921B96
S21404927001D90A72069880080698120700941CBB47
S21404928041100C2006986413411108211410069806
S21404929064133128441111120861FF31FF32012290
S2140492A01052107218611814042444130424381439
S2140492B00C701861214118140824081402983814F4
S2140492C04044147100C1AC1E00A0141551131C6355
S2140492D00FDB0C72196506980205411500A000C341
S2140492E0784000B83413807B0672069812070698F6
S2140492F03E1408BB51140698B01A4415FC255415A0
S21404930000C3784000B83413807B047100A0029830
S2140493103E051CB900C3A01E00A03413086308DB76
S2140493201A718113A0DB0671497910706979086394
S21404933002DB087204B9677900F800A0811108619D
S21404934002D910711CB97579069820191411FF31C9
S21404935000A0FFB900A0041008211411F42108117C
S21404936000A08111106110310E7106982019082191
S2140493701411F821141100A0D09504000000000078
S214049380A8930400010000000000000000F0490259
S214049390D095040000000000CC93040001000000F7
S2140493A00000000000F04902F09304004063598F67
S2140493B0404B4C000B000B001A00FF7F9069002006
S2140493C0000000007298040000000000E09404000E
S2140493D04063598F404B4C000B000B001A00FF7F74
S2140493E0906900200000000070980400000000004F
S2140493F0FC1F0103D09704001CC0011000F80700EE
S2140494001CC001301402080050C00100874130041B
S21404941024400601070062003870000000000000C7
S214049420000000030068010F40B8244058400101C2
S214049430FC006900804005012363E0119BC34A7465
S214049440F003000003800000BE0A0000E0400101B3
S21404945033000000F0400401590B00006404830745
S2140494608813C83A90200A0028410101001E000013
S2140494703C410B0100148C00141A21282E343B4264
S214049480495043557698BA0C28690000010000003C
S2140494900721286414171A002004C869A1203A0971
S2140494A03C42010129000000A080020170780300FC
S2140494B0D5C00000A8800111F0010000A880013189
S2140494C00542CB01AC800111F0010000AC800131F3
S2140494D005228D00B080010100030002FFFFFFFF9C
S2140494E0FC1F0103209804001CC0011000F80700AC
S2140494F01CC00130F502080050C001008741300C42
S2140495002440060107C052000000000000000000CE
S21404951000000003000000000000000058400101A5
S2140495206402FF00804005014B01A0089BC34A74F7
S214049530F00300000000000000000000E04001010D
S21404954033000000F04004010000000064048307B8
S2140495508813C83A9C200A00284101010310000021
S2140495603C410B0100000000000000000000000069
S21404957000000000000000000000000001000000E1
S21404958000000000000000000000000000000000D2
S2140495903C42010100000000A08002017078030034
S2140495A0D5C00000A8800111F0010000A880013198
S2140495B00542CB01AC800111F0010000AC80013102
S2140495C005228D00B080010100030002FFFFFFFFAB
S2140495D00C400200018014007F400000204002007E
S2140495E000000000000000003040070000000000FB
S2140495F00000000000000000000000000000000062
S21404960000000000A0070000504001000000000019
S2140496105C4002000000000000000000A8400100BA
S21404962007000000B440040000400000FF4C0000A7
S21404963000410000FF4D000008C0010000000000CB
S21404964020C00110FF00000020C0013000430000CD
S21404965024C00400EC80B3034375A8020000000095
S2140496602E02000054C003000E2D09E65406070817
S214049670D1B6020064C00800043000004020100682
S214049680C8F248181FE8F600BD4B721511A318055A
S21404969010325476980A000088C0010000000000CA
S2140496A00800010104070000180001010000000082
S2140496B020000101088400001C4002011000000084
S2140496C020F913045C400501410800000100000075
S2140496D0B0070800A700000000000000944007013F
S2140496E00101103050707F7F000000000000000071
S2140496F0000000000000000000000000E44001013B
S21404970000000000EC4001017DA8D98B0041020155
S21404971000612000B75635120C410301F9541200BB
S2140497202030042988BB40002441010100000000C9
S214049730304103016406660C0C010000E853FA008D
S2140497406841030164048307881382000000000054
S21404975030420301000000000000000E000000007C
S21404976044420101000000001080010103000000D3
S21404977038800201114910000100000088800101B0
S214049780000000009C800101EB400200B48001014F
S2140497903700000188000202000C00044C000000A0
S2140497A09400010200040000D00002020E00000033
S2140497B090029608E40001023D094204F400010206
S2140497C0000000001801010260005102FFFFFFFFC5
S2140497D0120000006666660000000000849804001C
S2140497E07498040000000000001A9A00005A6202EE
S2140497F080841E000420FE00114950020000000070
S214049800000000000000000000000000000000004F
S214049810B1841E00000000000000000000000000EC
S21404982012000000666666000000000084980400CB
S21404983074980400000C0000001A9A00005A620291
S21404984080841E000420000011495002000000001D
S21404985000000000000000000000000000000000FF
S214049860B1841E000000000000000000000000009C
S21404987005040000E1190000E119000000000000E2
S21404988000000000193F0106041001000001010653
S214049890001027000009000000000000000000007F
S2140498A0C1CF010071CF01007DCF01006DD0010052
S2140498B065600300FF650300036603000766030094
S2140498C00B6603000F6603000001030464EE010048
S2140498D01000000024E101001A00000079EB0100EA
S2140498E01100000075E401001100000063E511009A
S2140498F00400000023E111000400000025E101003B
S2140499000800000026E101000A00000027E101002B
S2140499100200000000000000000000007D9A040021
S214049920779A0400000000007E9A04003B5D040061
S21404993000000000355D0400375D040000000000F0
S214049940395D0400559A0400839A04003C5D0400C3
S214049950365D0400000000003A5D040070990400BF
S214049960335D0400345D0400385D0400325D040099
S214049970000203040508090A0B0001020304051D7E
S2140499802000B40108020200AA00FFFFFFFFFFFF49
S214049990FFFFFFFF6D830300D92C02005558020019
S2140499A0A5F50200655B0200D36C0300D56C0300CA
S2140499B0D76C0300D96C030065BC02000195020055
S2140499C045D6020051EF020075490200CD6C030033
S2140499D0A1970200CF6C0300793D0200D16C03000E
S2140499E0CD5503006D420200432B03000000000027
S2140499F0001300000000000000000000010000004A
S214049A002D9B020002000000CB7D03000300000033
S214049A10859A020004000000457D0300050000004E
S214049A20259A020000000000000000000023001B2E
S214049A302200FF00000000000C09020200000000E3
S214049A401C1A0B0303FF06080402020204020A0B94
S214049A50030302030480FF0204FF0101010108005E
S214049A60000000000000005A6967426565416C6C9E
S214049A7069616E6365303980008F8E8C80808006C5
S208049A80080C108035
S20C049A8458B2FB7F010000004C
S210049A8C989A040080650020CA010000BF
S214049A980000000000000000FFFF000001000000B6
S214049AA800000000000000000000000000000000A5
S214049AB80000000000000000000000000000000095
S214049AC80000000000000000000000000000000085
S214049AD80000000000000000000000000000000075
S214049AE80000000000000000000000000000000065
S214049AF80000000000000000000000000000000055
S214049B080000000000000000000000000000000044
S214049B180000000000000000000000000000000034
S214049B280000000000000000000000000000000024
S214049B380000000000000000000000000000000014
S214049B480000000000000000000000000000000004
S214049B5800000000000000000000000000000000F4
S214049B6800000000000000000000000000000000E4
S214049B7800000000000000000000000000000000D4
S214049B8800000000000000000000000000000000C4
S214049B980000000000000000000100000000F001C2
S214049BA8080000000810002001002301040000003B
S214049BB810100020060030010100000014100020D8
S214049BC8FFFFFFFFC0EA2101C0EA21010080000070
S214049BD800F04902C866002000600B000080000000
S214049BE8BC360020C8000000FE000000000000008C
S214049BF8704E040018100020FFFFFFFF24520400D4
S214049C083300000029F6000033000000852F030007
S214049C18B6CA0300BACA0300C7CA0300D4CA0300F4
S214049C28E1CA0300EECA030001CB030013CB03000A
S214049C3820CB03002DCB03003ACB03004FCB030005
S214049C4862CB030074CB030089CB030098CB0300D4
S214049C58A9CB0300B8CB0300C8CB0300D4CB0300BE
S214049C68E1CB0300F1CB030003CC030012CC0300C2
S214049C7821CC03002ACC03003FCC030054CC0300B9
S214049C8869CC030089CC030097CC0300B6CC030048
S214049C98D1CC0300E4CC0300F1CC030006CD0300CA
S214049CA815CD030024CD030036CD030048CD0300AC
S214049CB85BCD03006ECD030084CD030000000000D6
S214049CC80F000000BBCF0300D2CF0300FF00000044
S214049CD80000000000000000000000000000000073
S214049CE80000000000000000000000000030E70448
S214049CF800C818032FD8030034D8030061D803001B
S214049D088CD80300BAD80300E8D8030017D9030090
S214049D1844D9030074D90300A4D90300F4D9030072
S214049D28FFFFFFFF00F80300FFFFFFFF000004002B
S214049D3800000400005C26052C68002006000000CD
S214049D48A4740400000000000100190001000000CB
S214049D58A44200200100190001000000A4420020CB
S214049D680100190001000000A442002001001900A7
S214049D7801000000A44200200100190001000000B0
S214049D88A44200200100190001000000A44200209B
S214049D980100190001000000A44200200100190077
S214049DA801000000A4420020010019000100000080
S214049DB8A44200200100190001000000A44200206B
S214049DC80100190001000000A44200200100190047
S214049DD801000000A4420020B04600200000000055
S214049DE800000000A05D0400CC4D0020E0680020C0
S214049DF88C500020064C04000600000000000000FA
S214049E080000000000000000047504001C7504002F
S214049E18114C04003B030400FE00000010690020F7
S214049E28000000009C500020045100206C510020C3
S214049E380000000000000000000000000000000011
S214049E480000000000000000000000000000000001
S214049E5800000000000000000000000000000000F1
S214049E68000000000000000000000000F75B03008C
S214049E78F0760400FFFFFFFF3B5F0300375F030035
S214049E88FFFFFFFF3F5F0300FFFFFFFFEDFA010040
S214049E98FFFFFFFFFFFFFFFFFFFFFFFFFFFFFFFFC1
S214049EA8FFFFFFFFFFFFFFFF0000000020A10700E1
S214049EB800000000A99C0300000000000000000049
S214049EC80000000000000000000000000000000081
S214049ED80000000000000000AC560020E922020042
S214049EE85D3C02003B030400000000000000000084
S214049EF80000000000000000AC5600208129020083
S214049F08000000003B0304000000000000000000FE
S214049F180000000000000000AC560020A933020030
S214049F285D3C02003B030400000000000000000043
S214049F380000000000000000FE4C0400AC560020A0
S214049F48014E0200000000003B030400000000006D
S214049F58000000000000000000000000AC560020CE
S214049F6805570200000000003B0304000000000040
S214049F78000000000000000000000000AC560020AE
S214049F8861670200000000003B03040000000000B4
S214049F98000000000000000000000000B80B0000ED
S214049FA8AC560020416B0200000000003B0304008E
S214049FB80000000000000000000000000000000090
S214049FC8AC56002021740200000000003B03040085
S214049FD80000000000000000000000000000000070
S214049FE8AC56002091750200000000003B030400F4
S214049FF80000000000000000000000000000000050
S21404A008AC56002007730300000000003B0304005E
S21404A018000000000000000000000000000000002F
S21404A028AC560020D9780200000000003B03040068
S21404A038000000000000000000000000000000000F
S21404A048AC5600207D7D0200000000003B0304009F
S21404A05800000000000000000000000000000000EF
S21404A068AC560020CF7F0300000000003B0304002A
S21404A07800000000000000000000000000000000CF
S21404A088AC560020F5D50200000000003B0304008F
S21404A09800000000000000000000000000000000AF
S21404A0A817850300AC560020C1EF02005D3C020091
S21404A0B83B0304000000000000000000000000004D
S21404A0C800000000AC56002031F602000000000034
S21404A0D83B0304000000000000000000000000002D
S21404A0E800000000FFFFD007B80B0000FFFFFFFFCB
S21404A0F8CEFAEFBEFFFFFDFFFDFF0C002C01001E8D
S21404A1082C0140068000FFFF04F8FFFF0C00000047
S21404A118000000004000FDFF2C019C000000FFFF2B
S21404A128FDFFFFFFFFFF60EA8000800010C1CDAB93
S21404A138640A0101FFFFFFFFFFFFFFFFFFFFFFFFAA
S21404A148FFFFFFFFFFFFFFFFFFFFFFFFFFFFFFFF0E
S21404A158FFFFFFFF01FF05FFFFFF0101FFFF0201ED
S21404A168FFFF640250FF0F0208031E050216010AC9
S21404A1780C052007051001010F080101010104FF61
S21404A188030101FF0C01FF405AB47F015040300020
S21404A198FFFFFF0B03FF050B01030105020201FF86
S21404A1A8FFFFFFFFFFFFFF010102FFFFFF010000A3
S20C04A1B8BD4C0000954C0000AC
S804007F4D2F
