S01B00006275696C642F72656C656173652F7A69676265652E73333714
S214006000081000206DA000008DE80000A52B0300FE
S214006010A52B030095E800009DE80000A52B0300D3
S214006020A52B0300A52B0300A52B0300A52B03001F
S214006030A1E80000EC6C0400A52B0300A52B0300D0
S214006040A52B0300A52B0300A52B03003D9B0000FA
S214006050A52B0300A52B0300A52B0300A52B0300EF
S214006060A52B0300A52B0300A52B0300A52B0300DF
S2140060700DEE0000A52B0300A52B0300A52B0300A7
S214006080A52B0300A52B0300A52B0300A52B0300BF
S214006090A52B0300A52B0300A52B0300A52B0300AF
S2140060A0A52B030039A4000019A40000A52B0300AB
S2140060B0A52B03007D310200A52B0300E13B020067
S2140060C0C5830300C1830300BD330200DB830300E6
S2140060D0C9830300B13B0200CD830300213C0200CC
S2140060E08D420200891F02008D3C0200A52B030092
S2140060F0A52B0300A52B0300A52B0300A52B03004F
S214006100A52B0300A52B0300A52B0300A52B03003E
S214006110A52B0300A52B0300A52B0300A52B03002E
S214006120A52B0300A52B0300A52B0300A52B03001E
S214006130A52B0300A52B0300A52B0300A52B03000E
S21400614082B030BF074BD3F8F030DB0704D500230E
S2140061500193019B052B01DD02B07047019B0133C3
S214006160F6E700BF00ED00E0F0B5114A114C124E04
S21400617000F00105E3695F0713D40DB9334213D16C
S21400618003EA00078F4207D10B4A1A40002A14BFC1
S2140061906FF001000020F0BD013AEBD16FF0020075
S2140061A0F9E74FF0FF30F6E76FF00100F3E700BFC6
S2140061B08096980000000350020001000B4B70B55B
S2140061C0D96911F480310DD101244FF48072084E44
S2140061D0084DF46020462C641A61FFF7C5FF34644E
S2140061E0EC6070BD6FF00100FBE700BF00000350DD
S2140061F000100350002003504FF4003238B50F4B08
S2140062000F4C9A6641F671330122E569E3630D4B44
S2140062100021DA60022360612120236105F48035C5
S214006220FFF7A2FF10B92120FFF79EFF0122064BC1
S214006230DA600DB10023E36338BD00BF0090005064
S21400624000000350001003500020035070B5134C9C
S2140062506061E3695B071ED40E4656F8043B8D1852
S214006260A361AE420BD10423002121202361FFF756
S2140062707BFF58B9BDE870402120FFF775BF0821A5
S2140062800846FFF771FF10B10423236170BD56F86E
S214006290043BA361E5E74FF0FF30F7E7000003504B
S2140062A02DE9F84315464FF40032184B89469A6696
S2140062B041F6713203F51C33DF69DA6301220646C4
S2140062C003F58053DFF84C8007F48037DA6055B961
S2140062D0284601220E4BDA601FB10022A3F50053B8
S2140062E0DA63BDE8F88306F5005404EA0804A41B44
S2140062F0AC4228BF2C46494622463046FFF7A6FF4A
S2140063000028E6D12644A1442D1BE0E7009000506B
S20C0063100020035000E0FFFF2F
S2140063182DE9F04F4FF0FD0BC9B09A460DF11B0959
S2140063289DF8503108AFCDF80C90CDF808B001971D
S214006338059303890446009383790E469046418860
S2140063488288407812F088FC054650B10090A388F1
S214006358002062883A4912F0C3FF284649B0BDE8D3
S214006368F08F99F800002FF037FB38B12846A3883D
S2140063786288344912F0B4FF8D25EEE75A4639464E
S21400638899F800002FF0D0FA8346002851D0529B87
S2140063981BB1BDF84C3198424BD8002399F80090B1
S2140063A80793A9F14102012A5FFA8BF123D83846F0
S2140063B80139254ADFF898C05FFA81FE734513DB7A
S2140063C8059B04210792C3B907AF18221F489FED03
S2140063D81A7B02FB060420460A460830394684ED36
S2140063E8027B17F0D1FD11E010F8011F0133514070
S2140063F80CFB01F2E2E7059B33B123464A463846D2
S214006408009610F0ABFBA8E70829DED9B8F1000F14
S21400641801D088F80090BAF1000F01D0AAF800B0B1
S214006428529B002B99D05A46184608A917F0ACFD7F
S21400643893E7012591E700BF000000000000000078
S214006448B8150400ED150400C59D1C8180100020B9
S21400645893010001000000002DE9F04F93B0CDE94C
S2140064680A32DDE91C530E9353EC102BCDE90801D4
S214006478104619468DED060B1E9E17F00FF880B1D4
S214006488DDE906014FF0FF32C54B17F02FF840B98B
S214006498DDE906014FF0FF326FF4801317F008F8B5
S2140064A870B1DDE908019DED060B0E9B1E96CDE941
S2140064B81C53DDE90A3213B0BDE8F04F00F088B986
S2140064C80022DDE90601002316F0F2FF002800F09E
S2140064D83381DDE906A303F1004BCBF30A5016F42B
S2140064E88063A0F2FF3008BF06250F9316F004FD60
S2140064F89BA3D3E9002316F069FD9BA3D3E90023E9
S21400650816F0AEFBCBF31304894644F07F51804661
S2140065180022A44B504641F4401116F09FFB94A36A
S214006528D3E9002316F052FD02460B46404649467C
S21400653816F096FB16F0E4FF044616F0DDFC8EA374
S214006548D3E900238046894616F040FD0022964B84
S21400655816F086FB16F0D4FF89A3D3E90023074676
S2140065684946404616F032FD80463846894616F0BB
S214006578C3FC85A3D3E9002316F028FD02460B4684
S2140065884046494616F06AFB02460B46CDE90C2300
S21400659816F01CFDDDE90C23804689461046194690
S2140065A816F05EFB0022CDE91001804B40464946B6
S2140065B816F036FE00227E4B16F052FB02460B46BD
S2140065C84046494616F02CFE00227A4B16F048FB49
S2140065D802460B464046494616F022FEDDE90C23E5
S2140065E88046894600204FF0804116F037FB024669
S2140065F80B464046494616F033FB02460B46DDE995
S214006608100116F00DFE07F2FF3700226A4B16F04F
S21400661827FB00223B0516F0D9FC52465B4680460F
S214006628894616F063FF002840F08980CDE90C897A
S21400663804F16303C62B8CBF0527042731051BD539
S21400664853A3D3E900235046594616F045FF0028C1
S2140066587FD051A3D3E900235046594616F028FFA9
S214006668002876D00027A542C6BF2C1B04F1FF35AC
S21400667800253C4646F480660E9B9F422CBF4FF092
S2140066880008A3EB070816F0020903D0002F18BF6E
S2140066984FF000083CB1DDE90C235046594616F089
S2140066A8BFFD82468B46DDE906010022002316F070
S2140066B8FFFE10B10BF100439B46DDE9080126F406
S2140066C80063CDE90183DDE90A324BEC10AB009597
S2140066D800F07EF802465FB3DDE9091316F0200FD6
S2140066E800F10105089E0CBF65204520B047DDE98E
S2140066F808010523002205930A23002CCDE902325F
S21400670807F1FF374FEAD473B8BF64422A460193AD
S21400671804970A9B009431F08FF80246B9F1000FEF
S21400672806D00B9BC41A0B9B1A190E9BA34245D87E
S214006738104613B0BDE8F08FDDE906ABCDE60022C3
S214006748404649461A4B16F06BFD013CCDE90C0154
S2140067586EE7002D90D00F9B002B8DD0013D8BE768
S214006768FB799F501344D33FB3C8608B288AC63F33
S21400677861436F63A787D23F71A379094F930A4095
S2140067881655B5BBB16B0240EF39FAFE422EE63F0E
S2140067982D431CEBE2361A3F0000000080842E4191
S2140067A8FFFFEF7F0000F83F0000E03F00002C40AE
S2140067B800002440000018400000F03F2020DDE9DB
S2140067C80913089DA8470134ADE700BF0000000084
S2140067D82DE9F04F5BEC10AB97B0CDE90501DDE98C
S2140067E82058CDE90723504652465B465946229F15
S2140067F816F054FE70B90323CDE902870193AA4B1D
S2140068080093DDE90501DDE9072330F047FF17B0FF
S214006818BDE8F08F4FF0FF326FF4801350465946AC
S21400682816F046FE28B10423CDE9028701939F4B54
S214006838E6E74FF0FF32504659469D4B16F056FE97
S21400684868B19C4A07F00403002B08BF03229A4B42
S2140068581CBF13460422CDE902870192D0E75046B2
S2140068688DA3D3E90023594616F040FE38B98CA309
S214006878D3E900235046594616F01AFE68B1DDE9FA
S2140068880723DDE905014BEC10ABCDE92187209500
S21400689817B0BDE8F04FFFF7DFBD002200235046D3
S2140068A8594616F005FE002800F091805B465246D1
S2140068B80020002116F0D2F9012382468B46099360
S2140068C817F4806400F08580092D40F28580002446
S2140068D830210EABA5F109020134202C03F8011B68
S2140068E8A5EB040901D09442F6D15946504616F055
S2140068F807FE724B054603EBC90393ED007B8DED4F
S2140069080A7B16F0F9FA02460B465046594616F028
S214006918A5F9DDE90A2316F059FB02460B46CDE930
S2140069280C2316F015FE064616F0D6FA02460B4657
S214006938DDE90C0116F092F902460B46CDE90C2368
S21400694800225F4B16F0D2FD002848D001363046AC
S21400695816F0C2FA02460B46DDE90A0116F0B2FD49
S21400696808B100260135B9F1000F45D1284616F0C2
S214006978C3FA02460B465046594616F06FF90022EF
S2140069884F4B16F095FD10B9E90700D501350A21D9
S2140069980EAB1A19202C0AD095FBF1F001FB105506
S2140069A8303502F8015B013405460028F2D107F0BD
S2140069B80302012A55D1B8F1000F52D0099A12B92C
S2140069C817F00C0F01D008F1FF38302240E009908C
S2140069D876E74FF0060988E7A946002485E70022EF
S2140069E8DDE90C01364B16F063FD0028BBD10EB16D
S2140069F8F007B8D50136B6E70A210EAB1A19202CCF
S214006A080DD0B6FBF1F001FB1063092E03F130033D
S214006A1809F1FF3904F1010402F8013B11D83021CD
S214006A28A1440EAA202CB2D04C4504F101030AD189
S214006A3804F158020DEB02042E2204F8202C1C4602
S214006A48A5E70646DBE7A1541C46EBE71A550134D2
S214006A58444506D2202CF9D1CDE9028701940EAB25
S214006A68CEE6202CF8D0099B3BB12D2204F1580322
S214006A786B4403F8202C0134EEE77A0704D504F1BA
S214006A8858032B226B44F4E73B07E5D504F158037B
S214006A9820226B44EDE700BF0000000065CDCD4125
S214006AA80000000065CDCDC1DB320400DF320400F3
S214006AB8FFFFEF7FD2320400D7320400E07B0400E9
S214006AC80000E03F0000000070B58EB02C220021C8
S214006AD803A817F0C9F864234FF002320893CDE9EB
S214006AE805230B2301218DF834305B4B8DF81010ED
S214006AF81D880D4040F0A980084634F00DFF0A2294
S214006B08564B574C1A704FF42873ADF812304FF0A6
S214006B18FF332360534B54491B8820460B82534B44
S214006B28534A1B68CD828B61524B0D621B884B8281
S214006B38514B1B68CB611DF071F920B14FF41B71E6
S214006B484E4835F016FF0521206831F0DDFC20B1EF
S214006B5840F27D21494835F00CFF206816F03AF8D7
S214006B68474B2068196831F049F80C2535F03CFB8E
S214006B786843099035F038FB68430DEB050107902C
S214006B88206817F00DFD20B140F295213B4835F0FE
S214006B98F0FE25681FF06CFD00220146284631F0FD
S214006BA8A5F820B140F29721344835F0E2FE40F2CD
S214006BB80353344D344E2B80052396F90000AB70F2
S214006BC87F2801D11DF012FC3378EB7035F00CFBF2
S214006BD800EB80008000A88035F006FB0023C0008C
S214006BE84FF0FF31E880AB604FF0FF3018A3D3E9D1
S214006BF8002334F0E3FF2549206831F030F8206898
S214006C0802A931F028FD20B14FF434711B4835F045
S214006C18B0FE042220680DEB020130F0C4FF042801
S214006C2804D040F2D721154835F0A3FE01A901206B
S214006C3830F085FB07F06AFE01201EF05BF82CF0AA
S214006C489BFD1EF081F81DF069FB0EB070BD00BFFD
S214006C580A0020FF42030000265B0020576200203F
S214006C6840550020809504004C6900208895040053
S214006C7849B903007E95040084950400A46B0400BB
S214006C888C66002034550020206C0020BDB9030017
S214006C980348044B834202D0034B03B1184770479E
S214006CA84C6C00204C6C002000000000064B074986
S214006CB8C91A891048BF0131491003D0044B0BB1DB
S214006CC801481847704700BF4C6C00204C6C0020E9
S214006CD80000000010B5064C237843B9FFF7D8FF2C
S214006CE8044B13B10448AFF300800123237010BD92
S214006CF8B815002000000000A0D0040008B5044B1A
S214006D081BB104490448AFF30080BDE80840CDE74E
S214006D1800000000BC150020A0D00400A3F5803AAF
S214006D28704700BF154B002B08BF114B9D46FFF759
S214006D38F5FF00218B460F461148124A121A16F024
S214006D4893FF0C4B002B00D098470B4B002B00D022
S214006D5898470020002104000D000B4817F0CAFAD7
S214006D6816F05AFF200029002BF088FB17F0B0FA1F
S214006D7800000800000000000000000008100020C6
S214006D8808100020AC62002065E3010007B5012169
S214006D9820200DF1070201F055F858B10223012111
S214006DA820200DF107028DF8073001F05BF803B0DC
S214006DB85DF804FB9DF807100229F8D0022209485E
S214006DC815F034FE022301210DF1070220208DF86C
S214006DD8073001F047F82BF0ABFA4FF4FA6000F0F2
S214006DE879FEE4E7B0CD030038B502F027F901F0E4
S214006DF8C7F9012805D001F0C3F9022801D001F02F
S214006E08E5F9064D2B783BB901F0BAF90128044696
S214006E1802D12BF016FB2C7038BD00BF045C002096
S214006E2810B5044600882BF057FAA37884F8440077
S214006E38834202BF0123E3702371074B04F11C0051
S214006E48C4E9073401F054F8224620880349BDE80F
S214006E58104000F091BF00BF7720030041200300D8
S214006E6870B5C37804460D461646002B34D1D1B10A
S214006E78214815F0DBFD0123E370E36CA6600BB137
S214006E88E06D9847E368F61A63699E4221D2217E30
S214006E981A480131C9B2217615F0C8FDA36D13B1A1
S214006EA8217EE06D9847E5702BF055FA15B32379E7
S214006EB803BBA268238A801A83421BD80123104882
S214006EC8237115F0B3FD236DA3B1E06DBDE87040E6
S214006ED8184701232376E6E70029E4D1094815F088
S214006EE8A5FD636DE660E5702571002BDBD0E06DCF
S214006EF89847D8E770BD00BFD8CD0300E9CD03009A
S214006F0817CE030004CE030070B51E4683880446D9
S214006F180D46C18002810BB1868070BD81780088DD
S214006F282BF0C6F80123E370064BA680C4E90334A9
S214006F380C34204600F0DCFF29462046BDE87040A9
S214006F482BF000BAC320030010B501790446B1FA45
S214006F5881F1008849092BF022F921796088B1FA75
S214006F6881F149092BF01BF9034B1A68A24204BFAA
S214006F7800221A6010BD00BFD4150020F8B543796A
S214006F880446ABB100880E4F0E4E3B6804F1080568
S214006F9813B10D4B1B786BB121792BF000F90B4B15
S214006FA83C6028463178A360BDE8F8402BF0CAB9A3
S214006FB84088E8E7064815F039FD064BF1E700BFBC
S214006FC8D4150020C86B0020055C0020516F000017
S214006FD82DCE0300856F000010B50446E0B10F48BB
S214006FE815F024FD01236371A37953B9217920880C
S214006FF82BF0D5F8236B7BB1606B0121BDE8104000
S21400700818472046FFF7A0FF04F108002BF09FF969
S2140070182046FFF7B3FFEDE710BD00BF63CE0300C1
S21400702810B50446F8B1104815F000FD002363714A
S214007038A3796BB921792088B1FA81F149092BF037
S214007048AEF8236B7BB1606B0021BDE81040184793
S2140070582046FFF779FF04F108002BF078F9204660
S214007068FFF78CFFEDE710BD6ECE030010B50446A3
S21400707868B1074815F0DAFC637920461BB1BDE80D
S2140070881040FFF7CDBFBDE81040FFF7A5BF10BD05
S2140070987ACE030010B50E4C0E48214615F0C6FCF5
S2140070A882210D4815F0C2FC82210220A21E00F0A3
S2140070B8D9FE014630B134F8022C0848BDE8104025
S2140070C815F0B4BC0648BDE8104015F0AFBC00BFCC
S2140070D88656002089CE0300A4CE0300AFCE030058
S2140070E8F3CE030038B5114C82212246022000F068
S2140070F8A9FEA51C014688B122880D4815F096FC05
S2140071082A460C4B03F12C0153F8040B8B4242F829
S214007118040BF9D11B7813702C23238035F8021C36
S214007128054A0648BDE8384015F080BC845600205D
S214007138FECE03007ECF0300865600205CCF0300F9
S214007148034B1B781BB18B4201D82BF0F1B8704764
S214007158C96B002010B5044601460E4815F066FCBB
S214007168012C11D10C4B0D481A884FF6FF739A4222
S2140071781EBF0022094B5A742AF0F7FF02F0B4F833
S214007188BDE8104001F086BF0448BDE810402AF06C
S214007198EEBF00BFABCF03007C6B00201866002054
S2140071A870B500241A4D1B4E3378A3421BDC00240E
S2140071B8194D1A4E3378A3421BDC0024184D194E7D
S2140071C83378A3421BDC00F0DBFF012816481CD1ED
S2140071D82AF0CBFF02F088F801F05CFFBDE87040AB
S2140071E8124800F0EDBF2846FFF71AFE0134603556
S2140071F8DAE728462AF09FFF01343435DAE72846CE
S2140072082AF0D2FF01343835DAE72AF0B0FFE5E78E
S2140072183C2300200B5C00205C2700200C5C002030
S2140072280C2100200A5C0020186600205D71000012
S2140072382DE9F04F87B0FFF755FFB34B05A8059328
S2140072482AF0D6FF054616F00BFCB04CC2B21F2A31
S214007258627004D9AE4815F0E9FB00F02FFC294609
S214007268A01C16F091FE05A82AF0C2FF054616F0E7
S214007278F7FBC2B21F2A84F8212001D9A548EAE7FD
S214007288294604F1220016F07FFE05A82AF0B0FF72
S2140072983226044600272578002D40F09F809E4C15
S2140072A8FFF77EFF2378DFF8B0A2DFF8B0829B4FA7
S2140072B800939AF8003098F800203978984815F026
S2140072C8B5FB3A7898F800109AF80000531803446B
S2140072D8DFF880B220782C4603445846DBB2AA4230
S2140072E800F31683012B38BF01238E4E02933246D5
S2140072F8002335464FF482714FF6FF740298013327
S214007308984213705180948002F10C02F6DC864B8A
S21400731884497E48AB6001F00FF8E879AB68DFF87F
S214007328309200EB400003EB800000F0D5FDEB79CF
S214007338B9F800200133A242EB7103D079497B48A3
S21400734801F0FEF84FF6FF73B9F800207549D21A17
S21400735818BF0122764801F0DDFD4FF00009724C97
S2140073683A784A4500F3DC8200264FF00C09714A49
S214007378DFF8B0B198F800003978B04200F3E4823C
S21400738846180C21002501FB06B19AF80000942344
S214007398A842694A00F3F6820C253E7898F8003031
S2140073A800274FF482781E44064405FB06B5DFF82E
S2140073B8B0A1594B1B78BB4200F3F7820299594893
S2140073C800F018FE059B50491A468B4240F0008391
S2140073D85A4807B0BDE8F04F15F028BB532D0FD11B
S2140073E863784C2B40F05B81A378502B40F0578194
S2140073F80122534B1A7005A82AF0FAFE04464AE7FB
S2140074084C2D0ED16378502B40F0CB80A378303BC0
S214007418092B00F2C680A01C2AF0F7FE494B18700C
S214007428E9E7442D13D16378303B092BE3D8601C79
S2140074382AF0EBFE444B454A1978002386B2994257
S21400744802F16002D7DD22F8466C0133F7E7422DD9
S2140074580CD16378542B40F08580A01C00F0DAFC31
S2140074683B4B188018462AF0C4FDC4E7582D33D87D
S214007478412DC0D9433D152DBDD801A353F825F09D
S21400748885780000FF730000FF730000FF7300009C
S214007498FF730000FF730000F9750000FF7300001B
S2140074A8FF730000AB750000F3740000FF73000064
S2140074B8FF730000FF730000FF7300002B770000C7
S2140074C8A7760000FF730000FF730000FF7300003C
S2140074D8FF730000A1770000692D8CD1601C2AF08C
S2140074E894FE80B22AF020FF85E70C4B012019781D
S2140074F80023184A994202F1A8027FF77CAF02F8E7
S214007508A60C0133F6E700BF865600202C6500203F
S214007518CACF0300E1CF0300065C0020095C002008
S214007528F1CF0300A01600201817002050160020E0
S214007538D8150020601D0020A41B002041D00300A1
S214007548055C0020C86B00200B5C00203C23002054
S2140075587C6B0020601E0020075C0020085C002072
S21400756898180020601C00F055FC0546E01C2AF020
S214007578C4FE0121024628462AF07BFE6021B04858
S214007588B04C03785943621865524FF4FA61118279
S2140075984FF448715161AC49568311650133037045
S2140075A829E7601C00F036FC00224FF034088146BC
S2140075B8A64F11462AF05DFE3878A54D08FB00F365
S2140075C825F80390EA18E3781046693B18BF0123AC
S2140075D893702AF0B0FD00219E4A3B785160012145
S2140075E803FB08550B443B7015600F46117402E701
S2140075F8601C00F00FFC0022114681462AF039FE76
S2140076083422924DDFF84882287802FB00F328F8E7
S214007618039008EB0301E3780846693B18BF01238B
S2140076288B702AF088FD8C4A00231046916B31BB7C
S21400763800EB831034232A7802FB03838363874A8C
S21400764800231046D2F8A410F9B9A82202FB0300BA
S21400765834232A7802FB0383C0F8A4305FB97D4A36
S2140076683B46114652F8040BA8B93422287800FB8A
S214007678028241F823202B7801332B70BBE60133B6
S214007688042B02F14002D1D1D9E70133042B02F1D1
S214007698A802D7D1E2E70133042BE3D1EBE7601C5D
S2140076A800F0B8FB8046E01C2AF027FE01210246BF
S2140076B840462AF0DEFD60216148624D0278DFF818
S2140076C8B4C151436B1825F801804FF448711982EC
S2140076D8596163495E839965E178A824642904BFE3
S2140076E8012199709CF80030DFF870E15C430EEBDE
S2140076F804010EF804304FF400744C8003240C7117
S2140077088C7102EB420405EB441532240133DBB2DC
S21400771801324B718D6081F8A04002708CF8003001
S21400772869E6601C00F076FB00224FF0380A8146B6
S214007738DFF83C8111462AF09CFD98F80030494D48
S2140077480AFB03F325F803904FF00109EA1882F8BC
S2140077580490E37873B1E01C00F05CFB002204465A
S21400776811462AF086FD98F800300AFB03535C8021
S21400777883F806903C48384A03789901535498F899
S214007788001002EB8314C1EBC10205EBC2054A1CCC
S214007798656388F8002001E7601C00F03BFB804624
S2140077A8E01C00F037FB0546601D2AF0A6FD0446DF
S2140077B80246012140462AF05CFD22462846012161
S2140077C82AF057FD60204FF4487CDFF874E01D4A25
S2140077D89EF8003000FB03F422F80480DFF880806F
S2140077E81119A1F810C0C1F814C04E83C1F858800A
S2140077F8591CC9B248431418A4F810C0C4F814C0D9
S2140078086683C4F8588094241552184D981C8EF830
S21400781800002878DFF860C0444303EB430301EB1D
S21400782841010CEB040E02EB431302EB41120CF879
S2140078380400CEF80430CEF8082001302870DAE5C7
S2140078480B5C00203C230020E32103000C5C002096
S2140078585C27002018660020601D0020601E00209F
S214007868497100000C210020085C0020075C0020FD
S2140078780A5C0020095C0020A41B0020601C00F0A5
S214007888C9FA8046E01C00F0C5FA002205461146F3
S21400789840462AF0EEFC00223824114628462AF0F4
S2140078A8E8FC5048504A03784FF0000E04FB03FCEF
S2140078B822F80C804FF0010802EB0C0181F806E074
S2140078C881F8048003EB0801C9B24C4302EB040CB0
S2140078D815539C1C04704FF48274444D8CF806E0D3
S2140078E828788CF804804443DFF808C1C3EBC30348
S2140078F8C1EBC1010CEB040E02EBC30302EBC102A1
S2140079080CF80400CEF80430CEF80820404495E77A
S214007918467901358E4284BF04714471A830DEE48E
S214007928B9F1000F06D016F8052C02EB420204EB5C
S2140079388204B4603146584601F0AAFE09F10109EE
S2140079480BF1A80B0C360BE571180AD0481E09FB7C
S21400795800B0C07900EB400004EB800409FB01B0DE
S2140079688460104609FB0151039201F04FFC3978F8
S2140079781F48314409FB015101F0B6F9039A013654
S2140079884032F7E4F54218BF11F8050C03911EBF04
S21400799800EB400004EB80048C6003FB052001F03C
S2140079A8B3F8039901350C31EFE4F74218BF15F820
S2140079B8053C29461CBF03EB430304EB830408FB82
S2140079C807A018BFAC6000F051FF01370C35F0E493
S2140079D813F8011D00297FF4F6AC3B2102F8011CC0
S2140079E8F1E400BF0A5C00200C210020065C0020A1
S2140079F8002100209818002007B5012121200DF14C
S214007A08070200F01FFA18B99DF80720024B1A70F3
S214007A1803B05DF804FB00BFC96B002007B5064B32
S214007A288DF80700187001210DF10702212000F0DB
S214007A3819FA03B05DF804FBC96B002007B50221EC
S214007A4801200DF1060200F0FDF938B9044814F0DB
S214007A58EDFFBDF8060003B05DF804FB0020FAE76A
S214007A685ED0030007B50221ADF806000DF1060248
S214007A78012000F0F7F9014610B1034814F0D6FFCC
S214007A8803B05DF804FB00BF7FD0030010B5FFF716
S214007A98D5FF04460146074814F0C8FF01210648EA
S214007AA814F0C4FF24B9BDE810400120FFF7DABF80
S214007AB810BD00BFAFD00300C1D0030008B504480E
S214007AC814F0B4FF00F0DEF92AF032FC2AF02DFCA0
S214007AD8D7D0030038B50446084D094B28462B6016
S214007AE800F006FA002C18BF21462846BDE83840A4
S214007AF808BF4FF496712AF025BC00BF6028002006
S214007B08312203002DE9F043394D93B008AC0746FF
S214007B18894690460FCD0FC40FCD00260FC495E8B2
S214007B2803000323012584E80300324C3248CDE9DC
S214007B380366CDE905668DF80E300796029534F093
S214007B48B2FE2E4834F0AFFE32462D4920468DF858
S214007B58176005F03DF9334632462A498DF8190074
S214007B68009020468DF82390CDF82C808DF8216063
S214007B7805F048F90A9020468DF8097005F0A8F82F
S214007B88204608AA05A905F063F902AA204603A913
S214007B982BF070FD4FF400721B4B5A62194BE560D0
S214007BA8626A920510D46BB94FF40072164B1148EE
S214007BB85A6205F08DF8114834F078FE002013B0AC
S214007BC8BDE8F083013BEBE7002BEDD0094908A898
S214007BD82BF083FD4FF400720B4B06485A6205F0F3
S214007BE877F8064834F062FEBDF82000E7E700BFE5
S214007BF89C6C04000040005AEC6E0400E86E04001A
S214007C0880841E0040420F000060005A0122034B89
S214007C181870034B1980034B1A7070470E5C0020CF
S214007C28846B00200D5C0020F8B5454B1B780BB91B
S214007C380020F8BD434B1B78012B03D1BDE8F84064
S214007C482AF0F5BA404B1C884FF6FF739C42EFD0DB
S214007C583E4834F028FE0023260AE4B21A46214697
S214007C68304604F0F5FF012E354604F0010335D002
S214007C7815D9B51E012DDBD8002B0BBF4FF4807528
S214007C884FF080754FF470614FF070610BBF01279D
S214007C984FF480370F204FF470202D4B11E0002B47
S214007CA80BBF4FF480754FF080754FF470614FF03E
S214007CB870610BBF01274FF480370F204FF47020F8
S214007CC8244B1A6802401CD0BA421AD01A680A40D6
S214007CD832D11A6822EA01022A4316E0002B0BBFAB
S214007CE84FF480754FF080754FF470614FF07061F7
S214007CF80BBF01274FF480370F204FF47020164B28
S214007D08DFE71A6822EA00023A431A602AF08FFA76
S214007D18054600288CD0083644EA06102A46032171
S214007D28C0B2FFF7EFFE40F6FF73684300F2FF703D
S214007D38B0FBF3F080B27CE795427FF479AFC8E7F2
S214007D480D5C00200E5C0020846B0020EC6E0400A6
S214007D5828C3035020C3035024C3035010B5044C53
S214007D68237823B9034834F09EFD0123237010BD01
S214007D78105C0020EC6E04002DE9F0431F4C85B023
S214007D88074688469146FFF7E9FF23781BB902F0B5
S214007D9805FA012323707BBAADF80C303022002395
S214007DA8174E02FB03F4315DA51901BB01233355B9
S214007DB84FF0FF3304F1100012493044AB606F8077
S214007DC8C5F80480C5F80C9009F0E0FC04F1080139
S214007DD8042231440C4B009503A802F0B5FAA968B2
S214007DE802460A4814F022FE05B0BDE8F0830133C7
S214007DF8102BD6D1064814F019FEF5E70F5C0020C4
S214007E08882800205B2203006D220300E4D00300CC
S214007E1812D1030080B10278A2F14103032B0BD8DC
S214007E2840783038C0B2082806D8054B134413F8F3
S214007E38413C40EA032070474FF6FF70704700BF8A
S214007E48C46C040008B50B4642B1014604480068F5
S214007E5803F0C2FBBDE808402AF060BA022008BD5D
S214007E688466002008B50B4642B1014604480068FF
S214007E7803F03AFDBDE808402AF050BA022008BDD3
S214007E8884660020F0B50026124F8DB0FF230093BD
S214007E980A223346386802A92BF091F9C0B102AB22
S214007EA81D4603EB800404E055F8043BB34228BFA4
S214007EB85E1CAC423868E9D9296803F09BFE0028A6
S214007EC8F2D02D28F0D00DB0BDE8F0402AF026BA42
S214007ED80DB0F0BD8466002028B1034B0360034B49
S214007EE84360002383607047190000032C66002057
S214007EF8FF2307B50021044A0093083009F0CAFB9F
S214007F0803B05DF804FB00BF472303000B46044993
S214007F18024608680349097808B12AF037BA704754
S214007F28942B0020125C0020F7B50C4618B12921C6
S214007F38194834F01EFD246823685E795F88304649
S214007F483946FFF7E3FFF0B18568E5B1A089227DE1
S214007F583946904291BF0020801AA36880B294BF29
S214007F6803469B18E27C00903046A8470138032851
S214007F7803D8DFE800F0080F0B0D002420462EF08B
S214007F8893FA204600E0812003B0F0BD8024F5E790
S214007F989324F3E78724F1E73AD10300F8B51546AA
S214007FA80D4A044610680D4A0B46117850B1224611
S214007FB82AF0ECF9034628B100210C27C678B1420E
S214007FC801DB0020F8BD07FB01F45A681019125BA4
S214007FD8AA42F7D00131F2E7942B0020125C002069
S214007FE808B5034B1B6803B19847002008BD00BFBF
S214007FF8902B00202DE9F74F04460D460026454BEA
S214008008454F1860454B197033010021F85C01365E
S21400801810F010FC0C2EF7D10C2D28BF0C254FF0B5
S214008028000901953C4EDFF800A13D4DDFF8FC80C5
S214008038019B4B4502DC03B0BDE8F08F23784FF078
S214008048000B337063887380A388B380A379C6F85F
S2140080580880B371E379C8F8005088F804304FF008
S2140080680003A768A8F80630E3795B450ADC012117
S21400807816F8100B10F0DEFB08F1080809F10109E4
S2140080880C34D5E74FF0000338886B812880FB78DE
S2140080984FF0000C2B81BA78C5F804A0002A00928D
S2140080A80CBF802240222A7379680AF10C026345C5
S2140080B813DC03EB43030AEB830ABB6843B1009A5D
S2140080C84FF6FF71B2FA82F2164B52092EF07CF97F
S2140080D814350BF1010B0C37C6E7B1F800E00CF1CC
S2140080E8010C22F80CEC91F802E00C3202F816ECBF
S2140080F891F804E00C3102F815EC11F809ECBEF121
S214008108010F14BF4FF0100E4FF0110E02F814ECCA
S214008118CDE700BF942B0020EC420020125C002024
S21400812898310020317F0000982B0020183400205A
S214008138014B1860704700BF8C2B0020014B18605D
S214008148704700BF902B002070B5128805460E4673
S214008158FFF724FF044670B102790499806815F089
S214008168D5FD064B1B680BB9002070BD3146284666
S21400817822889847F8E78620F7E700BF8C2B002070
S21400818808B50FF0F3FB022806D0012806D0044BEA
S21400819818784000C0B208BD0120FCE70220FAE7C4
S2140081A8115C0020054B10B51C682CB1FFF7E8FFE2
S2140081B82346BDE81040184710BD00BF882B002096
S2140081C8014B1860704700BF882B0020034B1A78B5
S2140081D81AB901221A700BF029BC7047115C0020EE
S2140081E80022024B1A70FFF7DDBF00BF115C0020AB
S2140081F837B50446002836D00FF0B8FB022834D12D
S21400820860892EF0B3FCE079237A003818BF012085
S214008218012B637A08BF40F008000BB140F010004D
S21400822863890BB140F00400257CA188A2790DB1C2
S214008238E36893B90F4B10F0D9FE2178084610F082
S21400824851FF2DF0BCFF044610F00AFF7CB1002851
S2140082580CBF0020032003B030BDCDE90035064B27
S21400826810F0C4FEE9E70220F5E70120F3E7204610
S214008278F1E700BF05220400CEF1030008B50DF0B3
S21400828833FD014630B1044814F0D0FBBDE8084081
S2140082980EF0CEB808BD00BFACD10300034B044AAD
S2140082A85B7C012103201370FFF7DCBD18660020F5
S2140082B8135C002010B50446FFF7F0FFB4F57F4FB7
S2140082C80BD100240F4B1A8813449C70FEF7E2FE6D
S2140082D82046BDE81040FFF7FDBB4FF601739C42F1
S2140082E804D1BDE81040084829F027BF4FF60273AE
S2140082F89C4205D1BDE81040044B1878FFF78EBBAA
S21400830810BD00BF8456002018660020C96B0020E8
S21400831810B5074C012122460320FFF793FD28B924
S2140083282378044A003B18BF0123537410BD00BFCE
S214008338135C002018660020F8B5574B574C1A886F
S2140083484FF6FF739A4218BF03234FF0080218BF70
S2140083582370534B32251A7030229A705A7139227C
S2140083689A713122DA7135225D70DD7036251A72FF
S2140083784FF400121D714B4D4264C5644A4D0122EC
S21400838805654A4D86188565494DC667C565494DD4
S214008398494E4566494D80F848208566484D80F820
S2140083A854200567474D80F860204567202580F8EB
S2140083B8785080F8845000F12105C0F88850424D66
S2140083C880F86C20C0F88C50C0F8806080F8902048
S2140083D8C0F89440C0F8B8303C4B3D4CC0F8BC30B0
S2140083E80223C0F898403B4C80F8C030C0F8A44040
S2140083F80F24394B80F8A840C0F8C430374B384CA7
S214008408C0F8C8308223C0F8AC40364C80F8CC3070
S214008418C0F8B0400924344B344DC0F8D030344B43
S21400842880F8B440C0F8D4302C7C324B80F89C20BE
S214008438C0F8A00080F8D820C0F8DC3044B12E4B35
S21400844880F8E420C0F8E03005F11103C0F8E83001
S2140084584FF0000CCA798E6802EB42039F00443046
S21400846806EB830326F807C0586001200D34987081
S214008478DC701318CB71FFF7BFFAFFF749FFFFF759
S2140084887FFE012806D12B7C23B1BDE8F8401748AB
S21400849829F053BEF8BD00BF7C6B0020CA6B0020D5
S2140084A8145C0020DD6C040001002000DC6C040075
S2140084B802002000DB6C04000500420003002000D8
S2140084C8DA6C04000400420007003000FDFF2100BB
S2140084D81200100100404200D86C040000FF44015E
S2140084E8C86C040006004200845600201866002067
S2140084F802FF2001C96B002001FF100113B50446D6
S2140085080D4829F081FD6422C0F30F43637083B2DF
S214008518B3FBF2F3A07823702022012129F058FF3C
S214008528A0782122012129F053FF0449201D02B01A
S214008538BDE8104029F006BF7C6B0020E0930400DD
S2140085480B7870B583704CF61E0303804FF020132B
S214008558C362012380F8303080F83C30C3180364C7
S214008568124B044643640223114A80F84830114BE4
S2140085788263C3644063CA798D6802EB420305EBE5
S214008588830004F12C0646600B4E45F82360002352
S2140085988360531CCB71094B201DC4E90134FFF7D7
S2140085A8A7FC2046BDE87040FFF7A8BFFDFF2100E6
S2140085B821002000DE6C0400010001030585000090
S2140085C8F8B54FF6FF73994204460E4609D0B0F840
S2140085D87E308B4205D04FF6FE729142037B01D166
S2140085E80BB9F8BDEBB1204629F0CFFF204629F09D
S2140085F88FFF4FF6FE739E4213D1A068FEF710FD5C
S2140086086068FEF70DFD29F0A6FE00232373A06719
S2140086184FF47F4260784FF48171BDE8F84029F046
S214008628D7BEB4F87E50237BB5422CBF0225012561
S214008638AB4218D0D4E90107637B13B13B46074623
S2140086481846012D41D1FEF7C7FC3846FEF7E8FC70
S21400865829F081FE4FF47F42A0674FF4817160785D
S214008668257329F0B5FEE389A4F8806004F1B40602
S2140086780BB9238A7BB3B4F87E30A4F8883029F087
S2140086886AFE012DB4F87E30B4F88020C4F8840061
S21400869838D1D31A022DE18903D1208A002818BFC1
S2140086A8014659436423594342F21073B1FBF3F170
S2140086B80AB19A4201D101F6B831304629F042FE95
S2140086C82046BDE8F84029F06BBFFEF7A9FC3846FF
S2140086D8FEF782FCBCE742F21072012D08BF134673
S2140086E8A4F87E3014BF0023642360784FF48171A9
S2140086F8A375082229F06CFE3046BDE8F84002490A
S21400870829F020BE9B1AC5E7E0930400094A437B7C
S2140087180C211370C3895380038A9380438AD380BD
S214008728838A1381B0F87E30538100781130C0B246
S214008738FFF798BB0657002038B5044600780D4D5D
S21400874811302A460C21C0B2FFF77CFB80B92B7883
S214008758204663736B88E381AB882382EB88638249
S2140087682B89A3826B89A4F87E3029F09BFEA0751E
S21400877838BD00BF06570020024B53F8200029F0EA
S214008788BABF00BF7834002010B50446052923D8A0
S214008798DFE801F003080C222210204629F0A0FF8B
S2140087A8002010BD204629F09FFFF9E7204629F053
S2140087B89EFFF5E7E18911B9218A0029F0D082B138
S2140087C87BB1117864290ED8204629F088FE014628
S2140087D8204629F076FFE3E7044814F027F901203D
S2140087E8DFE70320DDE70220DBE700BFD9D103007F
S2140087F810B4054C114654F820001A46BDF804304B
S2140088085DF8044BFFF7C0BF7834002000234FF014
S214008818967210B5C0E903233222044682750F4AC1
S2140088288382C267C0F88430A0F888308367A0F8CF
S21400883880308C30FFF75CFB094B04F1B400C4E9C8
S2140088482334FFF755FB074B04F1DC00C4E92D344D
S214008858FFF74EFB044BC4E9373410BDFFFF8813FF
S214008868D9260300E5250300CD25030038B50446C0
S2140088780B78294A43700D4642F82300FFF7C6FFD7
S2140088882046FFF759FF4FF44013A36101232377CF
S21400889884F8283084F8343084F8403004F10D0326
S2140088A863641E4B1E4AA364022322621D4A84F890
S2140088B84C30626204F11602E2621B4A84F85830B1
S2140088C8226304F10C02A263184A84F86430E26357
S2140088D804F10E022265164A84F87030626504F1C7
S2140088E81002E265134A04F11403226604F1120228
S2140088F8A266114A6367E266EA79A86802EB420351
S21400890800EB830118344C600C4C40F823400C4BA9
S2140089188B60531CEB7138BD7834002002FF2101B0
S2140089281D5C00200800200000FF300001FF100139
S21400893803FF210104FF210105FF210102010108AF
S214008948F987000010B44FF48274427B0C48013A51
S214008958012904FB020006D0022908D059B95DF89F
S214008968044B29F0BDBE5DF8044B29F0BDBE5DF88A
S214008978044B29F0BCBE03485DF8044B14F056B807
S21400898898180020F5D10300B0F85C302DE9F041C6
S2140089988B4204460E4639D0437B077C93B31C4A69
S2140089A812789A422ED34FF482751A4A013B05FB79
S2140089B8032390F80F801B7B424629F0B5FEB84586
S2140089C8054601D1FF281FD13A463146204694F87D
S2140089D8903029F0A9FE2F460546552212216078C8
S2140089E8A4F85C6029F0F4FCFF2F03D03946204633
S2140089F8FFF7A8FFFF2D09D029462046BDE8F0411D
S214008A0829F0D2BEFF25DFE70746E6E7BDE8F08196
S214008A18065C00209818002041688268C978D278D9
S214008A2849B112B10321FFF7AFBF837B002B0CBF00
S214008A3801210221F7E72AB1837B002B0CBF022114
S214008A480121F0E7014813F0F1BF00BF06D203008A
S214008A58037BD3B14368DA7812B18268D278A2B9B8
S214008A681B7933B1837B002B0CBF04210521FFF74C
S214008A788BBF83681B792BB1837B002B0CBF05212A
S214008A880421F4E7014813F0D1BF704738D2030039
S214008A98084A437B05211370837B5370C37B93700E
S214008AA8037CD370037B137100780E30C0B2FFF7D7
S214008AB8D9B900BF1E5C002038B5044600780C4DB6
S214008AC80E302A460521C0B2FFF7BCF920B1BDE832
S214008AD83840084813F0AABF2B7863736B78A373E3
S214008AE8AB78E373EB7823742B79237338BD00BF18
S214008AF81E5C002074D20300024B53F8200029F0B5
S214008B089DBE00BFA0340020F8B504460B78424A44
S214008B1843700D4642F82300404E29F0ADFEFFF79D
S214008B28CBFF6268A3683E483E49D6641165D465A3
S214008B385065C3E91410DE64DC654FF098730226AE
S214008B486361012304F10C01E161374910322162A7
S214008B5804F10D01A16235492376E16204F10E01A4
S214008B686163334984F82430A16304F10F0121645A
S214008B78304984F83030616404F11001E1642E490C
S214008B8884F83C3084F84830216584F85460A2653F
S214008B98E879A96800EB400201EB820704F1140C9F
S214008BA8C7F804C04FF4817C244F41F82270C218DD
S214008BB8D2B202EB420241F822C001EB8207002241
S214008BC87A601F4A84F8703022661E4A84F8883015
S214008BD8A2661D4A1D4BE2661D4AC4F88C306267C1
S214008BE81C4A8319A26704F15C02C4F88020DBB231
S214008BF8194A03EB4303C4F8842084F8646084F8B5
S214008C087C6001EB830260345460144A033041F8F8
S214008C182320E871F8BD00BFA0340020218A000098
S214008C2807280300598A00000100200102001001ED
S214008C3803003001040030010500210101FC010693
S214008C484A002100E06C040051001000E26C0400A9
S214008C58E36C0400550021006F00180012000104A0
S214008C6870B50D460646144613460A4601461A4887
S214008C7813F0DCFE25B92046BDE87040FFF71ABBA6
S214008C88072D05D121463046BDE8704000F0C4BC2B
S214008C984FF601439D4205D121463046BDE8704057
S214008CA8FFF72ABF062D05D121463046BDE870409D
S214008CB800F066BAB5F5817F05D121463046BDE895
S214008CC87040FFF759BD202D04D12046BDE87040FE
S214008CD800F0ECB870BD00BFA3D203000148FFF750
S214008CE827BA00BF698C00004FF4C01330B5036084
S214008CF801230371074B8C688360CA7902EB420331
S214008D0804EB83056860044844F82300531CCB71C1
S214008D1830BD00BFE46C0400040001010368064A85
S214008D280C2113604368536003891381438922200A
S214008D385381FFF797B800BFC834002010B5036802
S214008D48044686B0FBB1114813F070FEA37B104AA8
S214008D588DF804304FF48273ADF806300123CDE960
S214008D680223002301A804938DF81430FFF740FA75
S214008D782046618929F090FD2046FA2150F8143BD8
S214008D88594329F0DFFA06B010BD00BFD6D203005B
S214008D982000000110B5064C236843B1054813F0BF
S214008DA845FE2068BDE81040418929F075BD10BD14
S214008DB8D4340020F7D2030070B5364910460C6844
S214008DC8BDF81020002C5ED003285CD8DFE800F041
S214008DD8021E2745002B5AD0022A58D91D78B3F808
S214008DE80160291E18BF012132462B4813F01EFECB
S214008DF82DB13146204629F04FFD002070BDE573A1
S214008E08FA206368584329F024FBF6E7234813F052
S214008E180DFEE37B002B38D00023E373F0E7002B2E
S214008E2835D0032A33D91D681D48294613F0FEFDA0
S214008E381C4B2A1F9A4201D90220DFE723680BB190
S214008E489D42F9D823899D42F6D3E37B6560B3B982
S214008E58FA20684329F0FDFA11E0002BCED0012A4B
S214008E68CCD91D881048294613F0E0FD002DE3D024
S214008E7863689D42E0D8E37B2581002BE8D1204635
S214008E88FFF74CFFB9E70120B8E70420B6E7032050
S214008E98B4E700BFD43400201AD3030051D303002C
S214008EA870D30300FCFF6D009BD3030038B5154B49
S214008EB81C6834B3F0B92168134813F0B7FD23686B
S214008EC83BB16268934204D2104813F0AFFD636862
S214008ED8236004F11405284629F039FA236823B1DB
S214008EE8FA212846594329F02DFA2046BDE838408D
S214008EF8FFF714BF032804D16189054813F096FDCF
S214008F08F3E738BDD4340020C6D30300F4D30300F7
S214008F1829D4030070B53E4B0D4604460978186000
S214008F28002A6FD101231A46A1730021E17301219B
S214008F38A1814FF46151C4E900132823354E2281DC
S214008F480C21324622206381FEF77CFF60B9D6E901
S214008F5800230AB19A4207D3318999429FBFC4E9D0
S214008F6800237389218163812B4B2C4AE3630423F6
S214008F7884F8403084F84C30E3182365284BA26404
S214008F886365022304F10802E265264A84F858302D
S214008F98226604F10A02A266234A84F8643084F83A
S214008FA8703004F10C03E26663676464EA79A868C3
S214008FB802EB420300EB830104F13C064E601B4EB5
S214008FC840F82360FA261A4B1A488B60531CEB713C
S214008FD8FFF7B4F8208904F11405704329F039FA2C
S214008FE86189204629F058FC134B2846C4E9053405
S214008FF8FEF77EFF216849B128467143BDE87040F8
S21400900829F0A0B94FF4F07302228DE770BD00BFB7
S214009018D4340020C83400200000230101002300B7
S2140090280200210003002101FDFF210020000105A8
S214009038C18D00009D8D0000458D0000134B10B5B6
S2140090481C680CB3E37BEBB129F085F92369C01AD9
S214009058002809DB0E4813F0E9FC0023FA20E37326
S2140090686368584329F0F5F9E37B5BB12489FA2352
S2140090785C4329F0F9F9A04206D02046BDE8104026
S21400908829F0E7B96468F2E710BD00BFD4340020C1
S21400909856D4030038B50024044D55F8040B08B11F
S2140090A829F00DFC01340A2CF7D138BDD83400203D
S2140090B8042908B50AD172B16BB113781BB929F027
S2140090C829FC002008BD29F01BFCFAE7034813F02A
S2140090D8ADFC0120F6E70320F4E700BF90D40300B8
S2140090E810B4054C114654F820001A46BDF8043052
S2140090F85DF8044BFFF7DCBFD8340020022902468F
S21400910808B50ED004D839B9104629F003FC06E095
S2140091184029F9D0412907D1104629F0F1FB002053
S21400912808BD29F001FCFAE7024813F07FFC01208D
S214009138F6E700BFB0D4030010B4054C114654F847
S21400914820001A46BDF804305DF8044BFFF7D6BF7A
S214009158D8340020426B094B52791A7082785A70BC
S214009168C2789A70826B12B190F83C20DA70007858
S21400917804210930014AC0B2FEF774BE235C002001
S214009188024B53F8200029F0EBBB00BFD834002070
S21400919838B504460078084D09302A460421C0B27E
S2140091A8FEF750FE30B96B78A370AB78E370EB78B7
S2140091B884F83C3038BD00BF235C002038B5044630
S2140091C80078114D09302A460421C0B2FEF73AFE4F
S2140091D8C8B9A3782A78022B0CD004D863B92046DD
S2140091E829F098FB01E0FF2B0AD02046BDE838405E
S2140091F829F065BB002AF2D1204629F081FBF4E766
S214009208002AF9D1EBE738BD235C0020F8B5044600
S2140092180B78284A0D4642F823004370FFF7B8FF3C
S214009228636B254A5C631A632046FFF7C7FF204630
S21400923829F045FB4FF4801363600123626BA66B2D
S2140092480532E2601D4A23722261A21C2375A261C0
S21400925866B11B4A84F82030E261E21C6262194A51
S21400926884F82C3004F13C03A26223630627EA79CB
S214009278A96802EB4203002E21F8237001EB830055
S2140092880CBF02230423C370012383700E4B0434DF
S2140092988360531C4460DBB20C4C03EB430341F879
S2140092A8234001EB830000234360094B02328360AE
S2140092B8EA71F8BDD8340020452903000340300180
S2140092C801FF300102FF1001419100000800010073
S2140092D8E990000028B1034B1B78834234BF002076
S2140092E801207047085C002070B500250A4C0B4E1C
S2140092F83378AB4200DC70BDD4F8A42042B12379A1
S2140093081BB16079FFF7E6FF10B9104628F006FF94
S2140093180135A834ECE700BF601E0020095C002079
S21400932808B5427901461046FFF7D4FFA8B1CB78B6
S2140093380A48013A042B00EB82100ED8012B08D8F5
S2140093481BB9BDE8084029F0DBBABDE8084029F09B
S214009358E1BABDE8084029F0E7BA08BD601D00205C
S21400936808B5427901461046FFF7B4FFA8B1CB7896
S2140093780A48013A042B00EB82100ED8012B08D8B5
S2140093881BB9BDE8084029F0C5BABDE8084029F071
S214009398B7BABDE8084029F0C7BA08BD601D002066
S2140093A810B586B00446FEF7EBFE012830D1E27809
S2140093B8042A2DD8DFE802F013323403030061795B
S2140093C80846FFF787FF58B31648032A00EB8110B4
S2140093D850F80C3C58791DD1003818BF0120637826
S2140093E84FF480728DF804304FF48273ADF806306F
S2140093F80623ADF8083001238DF80B3000238DF8CE
S2140094080A0001A8CDE903238DF81430FEF7F0FE14
S21400941806B010BDB0FA80F04009E0E70020DEE7AD
S2140094280220DCE7601D002010B586B00446FEF773
S214009438A7FE012830D1E278042A2DD8DFE802F00A
S21400944813133203030061790846FFF743FF48B356
S2140094581548032A00EB811050F80C3C5B791DD1A7
S2140094681A1E18BF012263788DF80A208DF804307A
S2140094784FF48273ADF806300623ADF808300123A2
S2140094884FF480728DF80B30002301A8CDE9032332
S2140094988DF81430FEF7ACFE06B010BDB3FA83F2B2
S2140094A85209E0E70222DEE7601D002010B586B00C
S2140094B80446FEF765FE012812D16378094A8DF83E
S2140094C804304FF48273ADF806304FF48073CDE95C
S2140094D80223002301A804938DF81430FEF788FEB3
S2140094E806B010BD0800070110B586B00446FEF7A2
S2140094F847FE012820D16278104B8DF804204FF4DF
S214009508827294F8A01094F8A10059701870ADF8FB
S214009518062004934FF480720223094901A88DF8A7
S2140095281430CDE90212FEF763FE94F8A130013B31
S21400953818BF012384F8A13006B010BD275C0020B0
S2140095480800050110B58378044603B30379022B97
S2140095580AD142791046FFF7BDFE28B10C48013AF9
S21400956800EB821029F0E0F9A379022B02D12046FD
S214009578FFF716FF2046FFF7B7FF02236078A4F828
S2140095886C305522BDE81040122128F021BF10BDCE
S214009598601D00204388094A082113808388538069
S2140095A883681B8A938090F8A03093718379D3716F
S2140095B800780430C0B2FEF755BC00BF1257002032
S2140095C838B50D4604460178114813F02FFA4FF6C1
S2140095D802739D420ED10F4B1B782BB96371204640
S2140095E8BDE83840FFF7D6BF62790AB19342F6D293
S2140095F80123F3E7B5F57F4FF1D1204629F02DFA80
S214009608A378022B0CBF01220022A3689A70E6E713
S214009618CCD40300085C0020024B53F82000FFF768
S214009628CFBF00BF0035002038B504460078144D7B
S21400963804302A460821C0B2FEF704FC20B1BDE873
S2140096483840104813F0F2B92B8863806B88E978A5
S214009658A380AA88A3681A82AB7984F8A030EB792D
S214009668A371094B1B780BB9637138BD09B19942D0
S214009678FBD9064813F0DAF923780133F4E700BF7C
S21400968812570020E6D40300085C00200FD503001C
S214009698F8B504460B78474A0D4642F8230043704F
S2140096A8FFF7C2FFA268444BD465D364434B022637
S2140096B85365434BA11C13654FF44013E360012325
S2140096C86161E1623F49103221632265211D3E4AED
S2140096D8A1633E483E49626504F1A002A061E163C9
S2140096E8E265E01C611D3B4A206261643A483B49DA
S2140096F82266A21D2374237784F8283084F8343031
S21400970884F84030A16484F84C6084F8583084F8B3
S21400971864306062A266E879AA6800EB400102EB52
S214009728810704F10C0CC7F804C04FF0060C2C4F48
S21400973842F82170C118C9B201EB410142F821C0B4
S21400974802EB810700217960264F84F8803027676E
S214009758254F84F89830A767244F254BE767254F91
S21400976884F8746084F88C60C4F89C3004F16C0645
S214009778831CC4F88470C4F890601F4F1F4EDBB279
S21400978803EB4303C4F89460C4F8887002EB8306BE
S2140097987034746008261A4C42F82340C31CDBB2A7
S2140097A803EB430302EB8304043042F82360616052
S2140097B8E871F8BD00350020B9290300032A030024
S2140097C84D95000001FF300104FF20011000300114
S2140097D802FF200105FF300100FF300103FF2101D1
S2140097E8070001084A002100E66C0400510010003A
S2140097F8E86C0400E96C0400550021006F001800AE
S2140098081200010400239B6AB3F5C04F03D21968FF
S214009818064A914203D000230370836070470122F2
S21400982802709A689B694260F7E700BF07B0CD5E92
S214009838024B034A1A602AF060BB00BF00000020F3
S21400984802020FF073B5534B04461A781AB1022277
S2140098581A7002B070BDCDE900220028F9D00126A2
S2140098681E7032F0FFFF4C4D4C4B186017F0E0FAB4
S2140098782B785BB902F062FA40B949480823494A8E
S2140098884949006801F0A8FE00B92E70474B5A6E89
S21400989862619B6E464AA3614FF40043936603F1E8
S2140098A888435968E16143499960196E2160596E89
S2140098B86160D3F87011A160196CE160596C216180
S2140098C83D49086C1864496C5964012151664FF487
S2140098D8005191661A6E560436D53849CA68D407B8
S2140098E8FCD45B6E5A0434D5354AD36B13F0430F59
S2140098F8FBD1344B1A68531C31D04FF400139340F5
S214009908314A13660423304C684623664FF4806356
S2140099182366102323664FF4005323664FF08043D4
S21400992823664FF4804301A9636629F0AEF8009BCE
S2140099382366019B63662B78002B8AD0194B1A681E
S21400994822665B68636684E72049CA68D007FCD449
S214009958C7E71F4AD36B13F0430FFBD1C9E71D4B6C
S2140099681B78002BCED14FF48072114B5A661A4AD8
S21400997852681AB94FF40011134A11664FF4007270
S2140099885A66164B5B68002BBCD14FF480020E4B10
S2140099981A66B7E72A5C00202B5C002048350020B2
S2140099A8846600204C3500200071080000800050B6
S2140099B80090005055CEAC0000C000540000044093
S2140099C80000024C5066002000900044000004503E
S2140099D80000025C295C002000C00550000006500C
S2140099E870B52C4D04462E78012E02D001232B701C
S2140099F870BD0028FCD029F06DF801300BD029F096
S214009A0869F840F20113984205D0234B234A5E6654
S214009A18D368DE07FCD4224B22491B6E13F0040FD2
S214009A284FF4005314BF1C4A1F4A9366CA6B12F0C1
S214009A384302FBD121681A4B196661685966A1680A
S214009A48C3F87011E168196421695964E169C807A7
S214009A5848BF9A60154B1A6801320DD1144A12781D
S214009A6852B914494968C90748BF1A60124A526869
S214009A78D20744BF01221A606269104B5A66A2696F
S214009A889A6617F0DDF90E4B186832F0E6FE0023EA
S214009A98ADE700BF2A5C00200090004000000440AC
S214009AA8008000440000024C0090005050660020E1
S214009AB8295C002000C005500000065000800050B9
S214009AC84835002070B50024A36AB3F5C04F23D2EA
S214009AD81A68134B9A421FD1124E337813F0FD05BD
S214009AE818D14FF480341048FFF7ACFE032004F07A
S214009AF8B9FC0E4B0320DC6004F098FC0C4B1C6190
S214009B08AB6ADB69984704460748FFF769FF0CB954
S214009B1801233370204670BD4FF48174FAE700BF06
S214009B2807B0CD5E295C00202835002000A0004440
S214009B380090004413B5204B1B7803B9FEE70023BA
S214009B481E4CCDE900336A4608231D49206801F0FB
S214009B5843FDF8B91B4AD2F84031D2F840211F2BF2
S214009B684FF0010311D9203A9340019A1A43019203
S214009B7808236A461249206801F0B6FE124B134ABB
S214009B881A602AF0BAF902B010BD9340009A1A4338
S214009B980092EDE72D28F1D10A4AD2F84031D2F8E2
S214009BA840211F2B4FF0010385BF203A9340934076
S214009BB8019398BF0093DBE72A5C002084660020A8
S214009BC80071080000800044000000200B020FF01F
S214009BD838B50025AB6A0446B3F5C04F10D21B6BE8
S214009BE8B3F5C04F0CD20748FFF72CFEAB6A2046E9
S214009BF81B6B5B689847BDE838400248FFF7F0BE25
S214009C0838BD00BF5435002013B50024A36A019060
S214009C18B3F5C04F13D21B6BB3F5C04F0FD209482C
S214009C28FFF710FEA36A01211B6B01A89B699847E2
S214009C3804460448FFF7D4FE204602B010BD4FF491
S214009C488174F9E75435002070B50026B36A0446D7
S214009C58B3F5C04F0D4612D21B6BB3F5C04F0ED2EC
S214009C680848FFF7EFFDB36A20461B6B29469B6939
S214009C78984704460348FFF7B3FE204670BD4FF4E6
S214009C888174FAE75435002070B50026B36A044696
S214009C98B3F5C04F0D4612D21B6BB3F5C04F0ED2AC
S214009CA80848FFF7CFFDB36A20461B6B2946DB69D9
S214009CB8984704460348FFF793FE204670BD4FF4C6
S214009CC88174FAE754350020F8B50027BB6A0446C5
S214009CD8B3F5C04F0D46164611D21B6B7BB109482B
S214009CE8FFF7B0FDBB6A20461B6B324629465B6A07
S214009CF8984704460348FFF773FE2046F8BD4FF41E
S214009D080174FAE75435002070B50026B36A044695
S214009D18B3F5C04F0D4612D21B6BB3F5C04F0ED22B
S214009D280848FFF78FFDB36A20461B6B29469B6AD7
S214009D38984704460348FFF753FE204670BD4FF485
S214009D480174FAE754350020F0B50027BB6A0446CC
S214009D58B3F5C04F0D461646ADF5177D20D21B6BE2
S214009D68B3F5C04F1CD21048FFF76CFDBB6A2046FF
S214009D781B6B40F251225B6A01A99847044630B132
S214009D880948FFF72DFE20460DF5177DF0BD836ABE
S214009D9832461B6B2946DB6A01A898470446EFE75C
S214009DA84FF40174EFE700BF5435002010B50024C7
S214009DB8A36AB3F5C04F10D21B6BB3F5C04F0CD2D5
S214009DC80748FFF73FFDA36A1B6B1B6B98470446C3
S214009DD80348FFF705FE204610BD0124FBE700BF39
S214009DE854350020F0B58FB0044601A80E46154637
S214009DF8FFF7EEFE9DF80C30012B12D1B5F5002FBB
S214009E0827D8B4F5002F24D86319B3F5002F20D827
S214009E1821462A46304614F0B7F8002420460FB0EC
S214009E28F0BD0027BB6AB3F5C04F15D21B6BB3F560
S214009E38C04F11D20A48FFF705FDBB6A2A461B6BBE
S214009E48314620465B6B984704460548FFF7C8FD31
S214009E58E4E740F20244E1E740F20114DEE700BF1F
S214009E6854350020F0B58FB0044601A80E461546B6
S214009E78FFF7AEFE9DF80C30012B1FD1B5F5002F6D
S214009E8806D8B4F5002F03D86319B3F5002F13D9F5
S214009E9840F2024420460FB0F0BDE258013225D108
S214009EA804339D42F9D82A463146204600F082F807
S214009EB80028EDD00024EDE70023F2E70027BB6A70
S214009EC8B3F5C04F15D21B6BB3F5C04F11D20A4875
S214009ED8FFF7B8FCBB6A2A461B6B314620469B6BCD
S214009EE8984704460448FFF77BFDD3E740F203444F
S214009EF8D0E740F20114CDE75435002070B58EB097
S214009F08044601A80D46FFF763FE9DF80C30012BAA
S214009F1822D144EA0503C3F30C03002B33D1B5F56D
S214009F28002F04D940F2024420460EB070BDB4F5A6
S214009F38002FF7D82544B5F5002FF3D8204604F5AA
S214009F48005400F029F8AC4202D00028F6D1E9E720
S214009F580028E7D00024E7E70026B36AB3F5C04F29
S214009F6814D21B6BB3F5C04F10D20A48FFF76AFC31
S214009F78B36A29461B6B2046DB6B984704460548A0
S214009F88FFF72EFDD0E740F20444CDE740F2011477
S214009F98CAE700BF543500204FF4003208B5044B1A
S214009FA89A6632F0F5FEB0FA80F0400908BD00BFA8
S214009FB800900050134610B562B103439B070BD1BF
S214009FC84FF40034054B9C6632F0E6FEB0FA80F09B
S214009FD8400910BD0120FCE70020FAE70090005079
S214009FE8BFF34F8F0549064BCA6802F4E062134375
S214009FF8CB60BFF34F8F00BFFDE700BF00ED00E06A
S21400A0080400FA0570B5D0B1C9B10E4E431E013929
S21400A01813F8014F2046325D02F00302012A11F8B8
S21400A028012F08BF04F12000B55C05F00305012DDB
S21400A03808BF2032801A01D1002CE9D170BD01205A
S21400A048FCE700BF7D9404000348044A0449121A3A
S21400A058921028F0A4BD00BF4061000018630000FD
S21400A0684863002008B5154B83F30A8800F030F8DB
S21400A078FFF7EAFF124B13498B4212D30020124B0C
S21400A08812498B4218D3FCF74DFE186850F8224048
S21400A098586840F82240013298688242F5D30C335B
S21400A0A8EAE70022F8E71C6844F8220001325C68F8
S21400A0B8A242F8D30833E4E70022F8E708000020B5
S21400A0C8A8D00400B4D00400B4D00400B4D004006F
S21400A0D84FF40041134B144A70B59A60D3F88820A1
S21400A0E8124D42F47002C3F88820114A05F5005450
S21400A0F891664FF0FF3222664FF6DF7262660222E2
S21400A108C3F8D020BFF34F8FBFF36F8F4FF440369E
S21400A118032004F0A7F90320E66004F087F92E610F
S21400A12870BD00BF00ED00E0006000000080004445
S21400A13800900050054B1860054B1B6F03F0070393
S21400A148032B01D130F0DABC704700BF60660020F0
S21400A158008000502DE9F04104464FF001080C2518
S21400A1680D4E0CB9BDE8F08194FAA4F0B0FA80F070
S21400A1780F2808FA00F2C8BF103824EA0204CABF3B
S21400A18805FB006205FB0062B4325768002FE8D072
S21400A1989168C0B2B847E4E77435002008B50C48A3
S21400A1A832F081FB192004F04FF928B1192004F089
S21400A1B859F9192004F03AF91A2004F045F928B19B
S21400A1C81A2004F04FF91A2004F030F9002008BDD0
S21400A1D8EC6E04002DE9F0410E461746054618B306
S21400A1E80F2923D80378DBB1013BDBB2022B19D841
S21400A1F8104AD35C6A78D340DB0717D50E4BD3F8E2
S21400A2081043ACB932F02EFB80463A462846314613
S21400A21803F064F8404632F020FB2046BDE8F081A3
S21400A2287F23E7E70023E5E72224F6E72124F4E77F
S21400A2380224F2E73C6D040000C0035010B5044643
S21400A24810B30378E3B1013BDBB2022B1AD8104AED
S21400A258D35C6278D340DB0718D532F003FB0122C3
S21400A268617823788A4030214B4341F2100103F18C
S21400A278A04303F570335A5032F0EFFA002010BDB1
S21400A2887F23E6E70023E4E72220F8E72120F6E725
S21400A2983C6D040010B5044610B30378E3B1013BE7
S21400A2A8DBB2022B1AD8104AD35C6278D340DB079D
S21400A2B818D532F0D7FA0122617823788A403021FF
S21400A2C84B4342F2100103F1A04303F570335A5092
S21400A2D832F0C3FA002010BD7F23E6E70023E4E748
S21400A2E82220F8E72120F6E73C6D040038B50D4635
S21400A2F8044618B311B30378E3B1013BDBB2022B73
S21400A3081AD8104AD35C6278D340DB0718D532F0E7
S21400A318A9FA30222378534303F1A04303F5703398
S21400A3285B696278D34003F001032B7032F095FA2C
S21400A338002038BD7F23E6E70023E4E72220F8E77D
S21400A3482120F6E73C6D04002DE9F0410D4616463F
S21400A3589846044600284FD000294DD00178002999
S21400A36840D04B1EDBB2022B3ED8254AD25C63781F
S21400A378DA40D20701D4FF2940D1022E01D9042E93
S21400A3883CD132F06FFA23780746FF2B05D03246C9
S21400A3982046296802F0E8FF28602B68013309D1B7
S21400A3A82378FF2B06D1174B6078D3F8241429F0AE
S21400A3B8C7F9286029684B1C18D00C23124A03FBDF
S21400A3C80122069BC2F8048093602378FF2B04D0F2
S21400A3D801230E4A8B40C2F82434384632F03DFA40
S21400A3E8002007E07F22C2E70022C0E7384632F0A6
S21400A3F834FA2D20BDE8F0812220FBE72120F9E77A
S21400A4083C6D040000C003507435002000D0035093
S21400A41808B502F059FF054B00F0553020F05020E3
S21400A428C3F82004BDE80840FFF794BE00E00350D8
S21400A43808B502F049FF054B00F0AA3020F0A0202E
S21400A448C3F82004BDE80840FFF784BE00E00350C8
S21400A4582DE9F04F144605460E469B46C36B87B05B
S21400A46801225B6902A960689847EB6B01225B6969
S21400A47803A93046984702A828F090FF074648B137
S21400A4880023A37563754FF0FF33A360002007B061
S21400A498BDE8F08F03A828F08EFF0123A375237E5E
S21400A4A804EBC303DE611F846368B3420ED12060E9
S21400A4B803A828F0A2FF4FF0FF332075A360237D82
S21400A4C8043B022B26D80023A375DFE723681A1A55
S21400A4D853425341A37503A828F08FFF237D834278
S21400A4E818BFA77503A828F06AFF074602A828F031
S21400A4F866FF874218BF002303A818BFA37528F075
S21400A50866FF074602A828F062FF87421CBF0023A2
S21400A518A375D4E703A828F052FF80B1EB6B02229C
S21400A52830465B6904A9984704A828F057FF0346F5
S21400A538207D032839D8DFE800F03838040903A856
S21400A548F3E7CC22237E04EBC3031A8401F06EFCE7
S21400A558109B187003A8277E28F025FF04EBC70772
S21400A56887F82200237E03A804EBC303B3F82090E1
S21400A57893F8227028F023FF804603A828F027FFC8
S21400A5888246B8F1000F15D0EB6B022230465B69A5
S21400A59804A9984704A828F0E6FE6075637D6BB9A1
S21400A5A80023A3754FF0000838E0227E04EBC202B1
S21400A5B81384CBE703A828F0C1FEEEE794F81680CC
S21400A5C8B8F1000FEED0B9F1000F09D1DFB10123C1
S21400A5D8E375637E002B4FD1012F42D1677614E0D6
S21400A5E86B6C06EB0A015A4286EA010010421CBF51
S21400A5F80022A2755A1E0A409B1A9945D0D8A37DF8
S21400A608002BE3D1CEE7E37D43B94FF000084B4675
S21400A61852463146284628F00CFCA060A27D12B1AE
S21400A62823694B4423611A49237E097899422AD91B
S21400A63801332376BBF1000F27D032B3E37D23B373
S21400A648B8F1000F21D1032F1FD0A1684B1C1CD0D6
S21400A658109B2246009328460123FFF7F9FEA075B3
S21400A66813E095F8343063B9EB6A0133CFD1032F82
S21400A678CDD10123A376C8E7012FCFD0032FC4D1AD
S21400A688F7E79846C3E70023A375A07DFFE600BF5B
S21400A698606D04002DE9F04F0E46984600238BB0F7
S21400A6A804464FF0FF31104617468DF8133001F078
S21400A6B8A7FBB6F5801F20D2314605AA04F108008C
S21400A6C828F0BEFD451C014603D1237CBBB92D20CE
S21400A6D810E0384601F094FB0122394620460DF179
S21400A6E8130328F0F8FB0028EFD09DF8133088F8FD
S21400A6F8003000200BB0BDE8F08FB01CE5D1E56A4D
S21400A708691C36D12046616A28F0D9FA0546B31C7A
S21400A71818BF0123DFF8CC900193636A626C02933A
S21400A728236805A902FB053AE36B05225B695046D8
S21400A738984705A828F0CDFE28F0F0FE504628F0E9
S21400A748F8FE4FF0000B824601464B1C05D0636CA2
S21400A75881EA0A025B42134211D02946204628F0B5
S21400A768AEFA029BAB422CD0BBF1000F2CD10546AB
S21400A778D3E72368ED1A636CB5FBF3F5C7E74846DD
S21400A78801F03EFB0DF1130349462046019A28F0D6
S21400A798A2FB034690B1B21C03D0D9F80020B242FF
S21400A7A80CD19DF8132003930D4B88F800204946DA
S21400A7B81A68384613F0E8FB039B9B46D9F808103E
S21400A7C8C3E7BBF1000F82D0B6F5801F91D23146A1
S21400A7D898F800307A6804F1080001F03FFA88E734
S21400A7E85C6D0400503D00202DE9F34104461746F1
S21400A7F898460E46184D816AE36A8B4201D04B1C78
S21400A80802D102B0BDE8F081284601F0F9FA01222B
S21400A818294620460DF1070328F05DFB38B143466C
S21400A828294620469DF80720B8470028E9D0A96899
S21400A8384A1C04D16968204628F0CEFA0146012E43
S21400A848DAD16B6881EA0302636C5B421A4218BF6E
S21400A8584FF0FF31D0E700BF243D00202DE9F04F30
S21400A8684FF0FF334FF6FF720025044600F1080646
S21400A878C0E909238BB0C362056205633046884683
S21400A88828F0AFFC204628F0EAF960BB204641468F
S21400A89828F065FA204628F0E2F960BB5E200BB087
S21400A8A8BDE8F08F2368E26B606C576900FB0530E3
S21400A8B8052205A9B84705A828F00BFE0128074673
S21400A8C80CD12946204628F01BFA012F024600D153
S21400A8D801322946204628F0E1F903E028F023FE55
S21400A8E80028EED10135E3699D42DBD3204628F0E7
S21400A8F8B6F90028CAD000254FF0FF394FF6FF7387
S21400A908CA46A846C4E90853E36998450AD3A5EB9E
S21400A9180905012D2CD84FF6FF72636A93423CD185
S21400A9286720BCE72368E26B606C576900FB083059
S21400A938052205A9B84705A828F0CBFD834605A833
S21400A94828F09EFD0746584628F0E8FD68B15745AA
S21400A95838BFC4F82480B94528BFB946BD4238BFB9
S21400A9683D46BA46236A0133236208F10108CBE75D
S21400A9784FF6FF7300256362E3699D42CBD2676C8E
S21400A9882068E36B052207FB05005B6905A9984765
S21400A99805A828F075FD0135EEE7E26B676C2068C0
S21400A9A8694607FB030055690522A847684628F04C
S21400A9B867FD626A2368606C4B4D00FB023028F026
S21400A9C8B8FD4FF0FF33A062E3622A466FF001013C
S21400A9D8204605ABFFF75EFE002846D1AD6829463F
S21400A9E82046E56228F017F9206320B92046E16A78
S21400A9F828F0F2F9E0622946204628F0EDF90546E7
S21400AA08A36A9D4233D1204628F0D8F8002780460E
S21400AA18B946E36999453CD3B84559D92046616A91
S21400AA2828F04DF90026054604F1400AB74212D828
S21400AA38626C2368694602FB0539E36B05225B698D
S21400AA4848469847684628F01BFD5346024649463E
S21400AA58E06B28F070FD2946204628F030F90136CC
S21400AA68B0450546E2D1642019E7A56AB7E7294646
S21400AA78204628F0D0F8236B29460344074623636C
S21400AA88204628F0A9F90546002FB9D1C4E90B07D6
S21400AA98B6E7636C2568052203FB0955E36B05A931
S21400AAA85B692846984705A828F013FD28F036FD68
S21400AAB858B1284628F03DFD0146204628F0ABF858
S21400AAC8636C143B984208BF013709F10109A0E7F7
S21400AAD8304628F086FB002320461946034AFFF72F
S21400AAE883FE0020DBE600BF7C3D0020CD2E030061
S21400AAF82DE9F041036B9046826B07689A4288BF3F
S21400AB088363426C436A90B002FB0377C36B0E46BE
S21400AB18052201A95B6904463846984701A828F02B
S21400AB28D8FC01280146307057D0656CE26B236864
S21400AB38606AD2F814C005FB0030052206A9E04773
S21400AB4806A828F0C6FC01284FF0000523D0D4E953
S21400AB580A3201219342CDE90B458DF834800E95D3
S21400AB688DF83C102AD11946204628F035F9236B73
S21400AB78626C14339B1AE06223630C9B53B99DF8EE
S21400AB883C303BB1626A616C2368E06B01FB0231C2
S21400AB9828F057FC0C9DE36B05225B6901A9384633
S21400ABA8984701A828F095FC30702846236BA26BBE
S21400ABB89A4288BFA36310B0BDE8F081237C33B9FE
S21400ABC81C490BAA04F1080001F096F8D5E72046C0
S21400ABD8194A0BABFFF708FECFE7237C23BB2246B8
S21400ABE8164904F1080001F087F8616A204628F043
S21400ABF887F8616A421C204628F050F8054620B9B6
S21400AC08236B626C1344143B23632046A16A28F026
S21400AC18E3F82368A062C01A636CB0FBF3F06062C6
S21400AC28204628F01CF9B6E700232046044AFFF71A
S21400AC38DBFDDAE79DB3000019B30000672F0300B9
S21400AC48032F030073B50D46D11E4A421C461B7ED1
S21400AC584A419A4226D129682368994222D36368D2
S21400AC6899421FD8114E0DF107033246FFF712FD21
S21400AC78C0B972686B689A4214D19DF80730DA1E1C
S21400AC8853425341227E93420CD163690133636178
S21400AC98D4E90323934205D22968A26842F8231010
S21400ACA801332361012002B070BD00BF7C3D002047
S21400ACB82DE9F04F9B4689B09DF848309046514A9A
S21400ACC80193136907465B450D46C0F09580D94643
S21400ACD853680093B9F1000F7BD0FB6B01225B69C8
S21400ACE805A90098984705A828F065FB454B1B68FA
S21400ACF8984240F0848005A828F069FB0428064698
S21400AD0815D105A828F06AFB009B04461E44019B43
S21400AD18002B3ED1804512D91C46A8EB00083846C1
S21400AD28009928F059F8A9EB04090090D2E7FB6BC4
S21400AD3802225B69009806A9984706A8E2E7A0EBF6
S21400AD4808045C4528BF5C46032C4644ABEB040B62
S21400AD581DD9FB6B294630465B69A208984724F044
S21400AD68030304F0030A1E441D44DDF80480BAF108
S21400AD78000FD4D0FB6B012206A930465B699847C2
S21400AD885246284606A913F0FFF85544C7E7A246D8
S21400AD98EBE7824600F0030302932B18039306445E
S21400ADA8039BA6EB0A00A3EB0A05029B9A4514D15F
S21400ADB8BAF1000FB3D0FB6B012206A95B6998476E
S21400ADC85246284606A913F09BFA0028DDD04FF015
S21400ADD83609484609B0BDE8F08FFB6B012206A984
S21400ADE85B6998470422284606A913F089FA0028C2
S21400ADF8EDD1AAF1040AD3E74FF06309E9E74FF06B
S21400AE086F09E6E7A83D00202DE9F0410F461646F3
S21400AE189846044688B060B390F83450FDB10121D6
S21400AE2827F012FF00210E9BCDE90511CDE9023768
S21400AE389DF83C30CDF804808DF81C30237C0496B1
S21400AE488BB90D4901AA04F1080000F055FFDDE9A9
S21400AE580553E06B002E08BF1D4628F08EF82846DE
S21400AE6808B0BDE8F0812046044A01ABFFF7BCFCF9
S21400AE78EDE70546F3E700BF312F03004DAC0000B1
S21400AE887FB590F84260044601920DF10B030A461E
S21400AE983046114928F079F8012E0546E36B17D19C
S21400AEA832465B6903A998479DF80B10039B019AE5
S21400AEB859B19BB243EA0243012228460393E36B47
S21400AEC803A99B69984704B070BD62F30F03F3E7C4
S21400AED801229B6901A9F5E7A83D00202DE9F04F5E
S21400AEE899B00E460D920A69416C0B931439D31D1E
S21400AEF8B3FBF1F3013302EBC302036B0446934240
S21400AF08C0F001820023DFF804940893E36A4846F9
S21400AF181946059300F074FFD6E9033707930B9B91
S21400AF28022B4DD1CC2F40F0D7810D9B3BB131463B
S21400AF38204628F080F8656C1490012044E0012033
S21400AF48079B656C1B68149300F0010000280CBF73
S21400AF5804230823782F0E9349D8059A6B1E1340AE
S21400AF68ED1A3B1D9D423CD2002F3DD0082D3ED801
S21400AF780023042506934FF0040A336806990B98B5
S21400AF88C9F80030C9F8107028F03BFA4FEA9A035F
S21400AF980F93059B89F814000393002309930C93D9
S21400AFA804930A93616C039B4A1E1A408B1A27B3B4
S21400AFB85544AB4223D8236B5B1A134423632FE113
S21400AFC8782F656CB9D8F07D0D9B002BBCD0E36B51
S21400AFD801225B69706816A9984716A828F0EFF949
S21400AFE8B4E700250695C6E704250697C3E70123B8
S21400AFF800254FF0080A0693BFE75345DBD3A3EBBB
S21400B0080A029742039BB84628BF90469742534485
S21400B01828D90122D9F8101089F817208F4226D18E
S21400B0280399C9F80410049299F817200AB399F8F6
S21400B03818100398CA1C09EBC20250600498013124
S21400B048A2F80880907289F81810B8F1000F07D097
S21400B0580B9A022A40F08180099A72B1012209925D
S21400B0689B46ABE0049A002A18BF0322DBE70222BD
S21400B078D9E7039AC9F80420E7E70C9A4244032A5A
S21400B088EED9E26B1846956914A901220993A847D8
S21400B098099B05460028E1D03D2D40F01E8104F1AD
S21400B0A8080303932368059A606CA2EB030ABAFBAD
S21400B0B8F0FA00FB0A3028F03CFAE16A804620469F
S21400B0C827F08AFEA26A824200F00F81626CD9F8E5
S21400B0D80830511E0B40216B2768891A0B442363DE
S21400B0E8089BE062DF1BB7FBF2F7BA4540F0FA8030
S21400B0F8059BB3EB080A12D0E36B4FEA9A02414667
S21400B1089B6998478346E36A059A5344E362236B30
S21400B11803989B1A4344236328F063F8DA462368A7
S21400B128616CE06B01FB073128F078F9204627F0C0
S21400B13896FD204627F093FE2063BAF1000F00F034
S21400B148D4803269616CD31D1439B3FBF1F3013333
S21400B15802EBC3029042A5D2BFE00D9A002A77D12F
S21400B168B8F1030F4FEA98026ED9E16B18468D695D
S21400B17807991093A847109B0546C0B918F0030511
S21400B18815D0079A28F0030B02EB0B019B444FF0EF
S21400B198FF3215A815922A46109312F0F5FEE26BB8
S21400B1A85846956915A90122A8470546109B9B464F
S21400B1B8079A42440792002D40F08B80049B16A8FD
S21400B1C80193069B009399F814204346316800F0D3
S21400B1D8CDFDE36B0F9A9B69039816A99847039AC7
S21400B1E8051E089B18BF134608934346524620463A
S21400B1F8039927F01EFE236B08F10302A3EB0A034C
S21400B20822F003029B1AC9F808002363002D7FF476
S21400B21843AF0C9BA7EB080743440C93CDF80CB040
S21400B2282046039927F0D8FD00250390002F7FF4C9
S21400B238B9AE364A3168936804F10800E36252688A
S21400B2480B9B00F00BFD49E09B46454607999EE799
S21400B2589B4606F120021092F27D7068A2B1002289
S21400B26896F818C00A99D5B2AC4511D9109D02F1C6
S21400B278010E35F832508D4228D90E9806EBC202D8
S21400B2880144D069084403E00E9A0A990A44104417
S21400B298E26B15A9556901221193A847159A0A9BCE
S21400B2A81392E26B043395695846012213A90A9350
S21400B2B8A847119B054603EB0802A2EB0B02042ADB
S21400B2C87FF679AF28B90BF1040BC5E77246491B20
S21400B2D8C9E7CDF820B088E770252F46384619B05C
S21400B2E8BDE8F08F4FF0000A19E73269616CD31D8C
S21400B2F81439B3FBF1F3013302EBC302236B934219
S21400B308BFF404AEE9E71C27E8E700BF503D00207D
S21400B318032A2DE9F34106460D4617461C4606D174
S21400B328237A012B23D0012002B0BDE8F081DFF894
S21400B3386080096842460DF10703FFF7ABF96060C5
S21400B3480028EDD19DF80720237A032AE8D0D8F8FC
S21400B35804106A689142E3D1012B2969D4F80CC01D
S21400B36807D172690CEB0103934202D92074207C42
S21400B378DAE708316144E1603B4601222946304657
S21400B388FFF7ACFD60600028CAD00020CCE700BFFD
S21400B3987C3D00202DE9F341089C032A17462668C1
S21400B3A806D1237A012B24D0012002B0BDE8F08113
S21400B3B8DFF89080304642460DF10703FFF76AF93A
S21400B3C860600028EDD12568D8F80400A96AD5F889
S21400B3D844C04840CCF100031840227AE1D1012A43
S21400B3E809D1E268D8F8103013447269934202D93A
S21400B3F82074207CD9E72868EB6A1B1A081AB3FB66
S21400B408FCF3B0FBFCF083420BD1706CF36A421E6F
S21400B4181340326B121A13442846336327F0DCFCB9
S21400B428E862D8F81020E36808321344E360012283
S21400B4383B4604492068FFF751FD60600028B0D0FD
S21400B4480020B2E77C3D00202DE9F0410025604B46
S21400B4580E46D3F8008004461D6018B921252846F4
S21400B468BDE8F08190F8347007B30A6803689A421A
S21400B47840F0A3804A6843689A4240F09E808A68F3
S21400B48883689A4240F09980CA68C3689A4240F036
S21400B49894800A6943699A4240F08F808A69C36B30
S21400B4A89A4240F08A804B698361D8E76822394619
S21400B4B8856B12F0D9FBD6E90212336804F108004E
S21400B4C823607368A5636360336963617369A36106
S21400B4D827F099FEB36904F14000E3639B68984738
S21400B4E820B9676C17B16368B3FBF7F794F8433075
S21400B4F8E761002BB2D00023656C2366002D64D06C
S21400B508002F62D02368B3FBF5F205FB1233002B3D
S21400B51855D16668B6FBF5F305FB1363002B4ED1D1
S21400B528204627F068FBA369043303449E4248D3A9
S21400B53840F634726369CC3B934244D8B5F5805FD5
S21400B54843D30321204627F07FFBD4E90001E36BB1
S21400B5581B6898470546E36B0220DB689847CDB919
S21400B56841462046FFF77AF96428054604D1414645
S21400B5782046FFF773F90546666C5DB9236A2046D0
S21400B588143E5E4327F037FBA369043303449E4208
S21400B59838BF5A25002D0CBF0123002384F8343009
S21400B5A807D1D4E900010B4A13680133136027F06A
S21400B5B8C4FEE06B27F0E1FC51E75D254FE759250F
S21400B5C84DE75A254BE75F2549E75B2547E700BF68
S21400B5D8E0360020DC3600202DE9FF410C461646F2
S21400B5E81F46054680B390F834307BB3B1F5801F0C
S21400B5F82ED2DFF86080012127F026FB214642463E
S21400B60828460DF10F03FFF745F8044670B99DF874
S21400B6180F30012B11D1D8F81030BB4212D1024698
S21400B628009031462846FFF743FB0446E86B27F0B0
S21400B638A4FC204604B0BDE8F081022B14BF2D24DC
S21400B6486024F3E76324F1E72124F2E71124F0E706
S21400B6582924EEE7A83D00202DE9F04385B00C46E6
S21400B66817461E460546DDF8308098B390F8343005
S21400B67893B3B1F5801F31D2DFF86490012127F02B
S21400B688E3FA21464A4628460DF10F03FFF702F86B
S21400B698044688B99DF80F30012B14D1D9F810202C
S21400B6A806EB08039A4213D30090434632463946BF
S21400B6B82846FFF7FDFA0446E86B27F05EFC2046AE
S21400B6C805B0BDE8F083022B14BF2D246024F3E7F1
S21400B6D86324F1E72124F2E71124F0E72924EEE7B2
S21400B6E8A83D002073B50C461646054630B390F8BC
S21400B6F834302BB3B1F5801F24D2012127F0A4FAE9
S21400B70821462846104A0DF10703FEF7C3FF0446F4
S21400B71880B99DF80730032B0CD0022B0CD1284695
S21400B728094927F088FC3060E86B27F026FC20469D
S21400B73802B070BD2D24F7E76124F5E72124F6E76B
S21400B7481124F4E72924F2E7A83D00202DE9F34167
S21400B7581E4600230C4617460546336050B390F83D
S21400B76834304BB3B1F5801F28D2DFF8548001215E
S21400B77827F06AFA2146424628460DF10703FEF7E7
S21400B78889FF0446A0B99DF80730032B10D0022B7A
S21400B79803BF01233B600423D8F8103018BF386075
S21400B7A83360E86B27F0E9FB204602B0BDE8F0817D
S21400B7B82D24F6E72124F7E71124F5E72924F3E7F3
S21400B7C8A83D002073B50446056B27F014FA636E8F
S21400B7D803449D422CBF00230123854294BF0025C5
S21400B7E82D1A207C84F85030656584F85800A8B176
S21400B7F800230C4E1A4619462046009627F0DFFC12
S21400B808002305461A4619462046009627F0E0FC0F
S21400B818E3682844984294BF0020C01AE06502B046
S21400B82870BD00BFFFFF0F002DE9F3471E464369B2
S21400B8380446B342884617469DF828904ED30025FE
S21400B8488DF80750204627F0D6F9D4F830A0824560
S21400B8580AD2236AB5EB430F06D2002220460DF122
S21400B8680701FFF745F9B8B39DF80730012B05D156
S21400B878002220460DF10701FFF73AF9B9F1030F48
S21400B88806D03146204627F0A6F9256B854227D3F1
S21400B898144D4FF0FF31284600F0B2FA4B462946C1
S21400B8A800222046C5E90376C5F80080FFF716FB98
S21400B8B8236E054663B12046FFF784FF94F85030A0
S21400B8C813B994F858301BB1236E04F1500098470A
S21400B8D8284602B0BDE8F0870135B3E76225F7E7EA
S21400B8E81C25F5E77C3D00202DE9FF410F469046D4
S21400B8F81E46054698B390F8343093B3B1F5801FCA
S21400B90831D21A4C022127F09FF92246394628469A
S21400B9180DF10F03FEF7BEFE024678B1012342463C
S21400B9280093394633462846FFF77EFF0446E86B01
S21400B93827F023FB204604B0BDE8F0819DF80F30C1
S21400B948012BEBD12169B142E8D100934146334639
S21400B9582846FFF7ADF904460028DFD1E7E721249B
S21400B968E8E71124E6E72924E4E700BFA83D00201D
S21400B9782DE9F04790F8423086B0012B0546039132
S21400B988A1EB020740F0AA80FF2F03D81E464FF00F
S21400B998640807E00226012B14BF4FF032084FF068
S21400B9A86408013600244FF6FF79DFF844A195F8BD
S21400B9B84230012B14BF322364239C4202D35FFA21
S21400B9C888F40DE005AB22465146284627F011FBC1
S21400B9D895F84230012B059B34D14B452DD1E4B266
S21400B9E895F84230012B14BF32226422121BB24251
S21400B9F817D3012E39D10022012B05978DF8132075
S21400BA0827D1082205A90DF1130027F0AEFD9DF8F1
S21400BA181330059A42EA032221462846FFF730FAF1
S21400BA2840B10223324900932846CC23096803AA6A
S21400BA38FFF7FAFE06B0BDE8F087DBB203B90234BA
S21400BA480134B4E7591CCAD09BB2002BF8D1013494
S21400BA58F6E7102205A90DF1130027F086FD9DF8DC
S21400BA681330059A42EA0342D6E7039A012B059259
S21400BA7823D10823202205A90DF113008DF81330D1
S21400BA8827F073FD9DF81320120221462846FFF77B
S21400BA98F7F995F84230611C012BC9B21AD1002873
S21400BAA8BFD12846BDF81420FFF7EAF90028B8D118
S21400BAB80234BDF81620E1B2AFE71023202205A90C
S21400BAC80DF113008DF8133027F04FFD9DF8132065
S21400BAD81204DAE70028A4D1059A9EE7B7F5803F56
S21400BAE84FF00106BFF457AF4FF032085AE700BFD1
S21400BAF8A83D002070B586B00E4605460392A0B352
S21400BB0890F834309BB3B1F5801F32D2022127F06B
S21400BB189BF831462846184A0DF11703FEF7BAFD7A
S21400BB28044618B99DF81730032B0ED10223314668
S21400BB3800932846CC2303AAFFF776FE0446E86B54
S21400BB4827F01BFA204606B070BD022B0BD10A4917
S21400BB58284627F070FA039902468142EFD0284615
S21400BB68FFF706FFEAE76124E9E72124EAE711245C
S21400BB78E8E72924E6E700BFA83D0020F7B50C460D
S21400BB881646054668B390F8343063B3B1F5801F9F
S21400BB982BD2022127F058F821462846144A0DF1E0
S21400BBA80703FEF777FDC0B99DF80730032B14D0BE
S21400BBB8022B14D10E49284627F03DFA471C0246A8
S21400BBC839462846FFF7D4FE044606B13760E86BC8
S21400BBD827F0D3F9204603B0F0BD2D24F7E76124FB
S21400BBE8F5E72124F6E71124F4E72924F2E700BF55
S21400BBF8A83D002030B50C46054685B028B390F819
S21400BC08343023B3B1F5801F23D2022127F01CF865
S21400BC180DF10F03214628460F4AFEF73BFD034663
S21400BC2888B99DF80F20032A0DD0032221460092DA
S21400BC3802462846FFF7F8FD0446E86B27F09DF90C
S21400BC48204605B030BD2D24F7E72124F8E7112457
S21400BC58F6E72924F4E700BFA83D00202DE9F043C5
S21400BC68466886B3056898464FF0000CA946AE4667
S21400BC7855F83C400CF1010CC4F31307013401D00D
S21400BC88B94217D0B4450EF1080EF1D12F4600245C
S21400BC9803E0B44207F1080712D055F834300134EF
S21400BCA80133F6D1C1F3130141EA0851C7E900127E
S21400BCB8BDE8F08341EA0851CEE90012BDE8F083FA
S21400BCC8B8F1030F03D101230372BDE8F083002304
S21400BCD803E0B34209F10809F5D055F833400133BB
S21400BCE8C4F30754032CF4D1C1F3130343EA0853EF
S21400BCF8C9E90032BDE8F0832DE9F0410646406800
S21400BD0882B0B8B10F4690460024336853F83450D2
S21400BD1803EBC403C5F30752C5F31301013506D078
S21400BD285B683046CDF80080B84718B170680134B3
S21400BD388442EAD302B0BDE8F08100BF024B19681E
S21400BD48024B1868FFF780BB6466002084660020F4
S21400BD5808B530F07AFD014B186008BDD43D0020C8
S21400BD68014B186830F06CBDD43D002073B504460E
S21400BD782248012A00EAC1119DF8185023F07C4099
S21400BD8807D9961E012E28D9073303F07F031943D7
S21400BD9808E09DF81C300A43DB0603F0C053134343
S21400BDA843F060410023C4E900108DF80730B5B1B0
S21400BDB8202221460DF1070027F0D7FB1A220DF1A5
S21400BDC80700211D27F0D1FB082063689DF807208F
S21400BDD843EA8263636002B070BD1143E2E71B2248
S21400BDE80DF10700214627F0C0FB23689DF80720C1
S21400BDF8042043EAC2632360EDE700BF80FFFF0725
S21400BE0838B5094B0D461A680021044611F02CFF78
S21400BE1800234FF0FF322383C4E900252361A26084
S21400BE28E382A37638BD00BF5C6D04000138C0B25B
S21400BE3805289ABF014B185C01207047616D040005
S21400BE482DE9F0410746154600240E46596888B085
S21400BE58490A012922464FEA510104F10104F8D89B
S21400BE68DC78997824031B88C90201F4006104F47D
S21400BE7880540C43C3F30A035203234492B24FF090
S21400BE8800089C18274B6FEA0444039325F0784370
S21400BE98ED4302A90DF107001B2202938DF80780D7
S21400BEA827F063FB9DF80720029B02A943EAC263BA
S21400BEB80DF107001B2225F07845049302958DF8AE
S21400BEC8078027F052FB9DF80720029B6FEA144470
S21400BED843EAC26305934FF0FF330794069307A916
S21400BEE8BB69012206F110009847BB6905A90446FC
S21400BEF8012206F108009847BB69404518BF04466A
S21400BF0804A90122301D98470122404518BF04465F
S21400BF18BB69304603A99847404508BF204608B085
S21400BF28BDE8F08101009AB2044BD3F88420D2060B
S21400BF38FBD4D3F88400C0F381107047004000504B
S21400BF4838B5184B0546D3F824010C4600F0070010
S21400BF58062823D8DFE800F0040A121A1E0E160078
S21400BF68012305B1286004B1236038BD2EF0A6FD74
S21400BF780523F6E72EF0A2FD0623F2E72EF0D8FDFD
S21400BF880323EEE72EF0D4FD0423EAE72EF0CCFDDB
S21400BF980223E6E730F06CFC0723E2E700231846A6
S21400BFA8DFE700BF0080005038B5104B0546D3F8D1
S21400BFB800310C4603F00303022B0BD0032B0DD0E5
S21400BFC8012B0FD12EF0B4FD032305B1286004B170
S21400BFD8236038BD2EF0B2FD0823F6E730F048FCA3
S21400BFE80723F2E701230020EFE700BF0080005098
S21400BFF838B5104B0546D3F820310C4603F003033A
S21400C008022B0BD0032B0DD0012B0FD12EF056FD93
S21400C018052305B1286004B1236038BD2EF088FDDD
S21400C0280323F6E72EF080FD0223F2E70123002023
S21400C038EFE700BF0080005038B5104B0546D3F830
S21400C04840310C4603F00303022B0BD0032B0DD014
S21400C058012B0FD130F00EFC092305B1286004B17E
S21400C068236038BD2EF06AFD0823F6E730F005FC9D
S21400C0780B23F2E701230020EFE700BF0080005003
S21400C08838B5104B0546D3F860310C4603F0030369
S21400C098022B0BD0032B0DD0012B0FD130F0EAFB6F
S21400C0A8092305B1286004B1236038BD2EF046FD8B
S21400C0B80823F6E730F0E1FB0B23F2E70123002024
S21400C0C8EFE700BF0080005073B50D4600210E4B09
S21400C0D80191D3F88041064604F00304012C09D0E8
S21400C0E8022C0CD00C460EB1019B336005B12C60B7
S21400C0F802B070BD01A8FFF77BFF0F24F3E72EF010
S21400C10813FD0190EFE700BF0080005038B5104BD4
S21400C1180546D3F840320C4603F00303022B0BD037
S21400C128032B0DD0012B0FD130F0A4FB092305B14A
S21400C138286004B1236038BD2EF000FD0823F6E71A
S21400C14830F09BFB0B23F2E700231846EFE700BF0F
S21400C1580080005038B5144B0546D3F800020C464C
S21400C16800F0070004281BD8DFE800F003090D11CB
S21400C1781500012305B1286004B1236038BD30F0EE
S21400C18879FB0923F6E72EF0D9FC0823F2E730F00E
S21400C19874FB0B23EEE72EF0B1FC0E23800AE9E7CA
S21400C1A800231846E6E700BF0080005010B40D4C88
S21400C1B80B46D4F8204204F00304012C0AD0022CC3
S21400C1C80CD008B1002101600BB100221A605DF89E
S21400C1D8044B70475DF8044BFFF70ABF5DF8044B45
S21400C1E8FFF72ABF00800050B0F5207F1FD009D87F
S21400C1F8B0F5007F15D003D868B1B0F5C07F0AD077
S21400C20800200CE0B0F5607FFAD10B4BD3F8800025
S21400C218C0F3011003E0084B186FC0F30330013079
S21400C2287047054BD3F89000C0F30460F7E7024B5D
S21400C238186FC0F38020F2E7008000504FF40032F9
S21400C2480E4B014610B500209A66FFF7CDFF48430F
S21400C25841F671320A490B4B884294BF00200120F0
S21400C268DC69DA639A6822F4401242EA00529A605D
S21400C278E20344BF0022DA6310BD00BF00900050FE
S21400C288005A6202000003505F2898BF094B4FEA25
S21400C298501294BF53F82230074B00F01F0029B104
S21400C2A803F58053012282401A60704703F5005355
S21400C2B8F8E700BF686D0400608200501FB50021D3
S21400C2C8B0F5807F0446019100F0068100F29D805B
S21400C2D8612800F295801F2805D8002840F0928033
S21400C2E82EF00CFCDCE0A0F12004412C00F28A8041
S21400C2F801A353F824F000BFE9C20000ADC4000053
S21400C308E9C20000ADC40000CDC40000CDC40000E2
S21400C318CDC40000CDC40000ADC40000ADC400000C
S21400C32887C4000041C4000003C500000DC5000016
S21400C33841C40000ADC40000ADC40000ADC4000098
S21400C3480DC400000DC400000DC400000DC400009C
S21400C3580DC400000DC40000D7C4000063C400006C
S21400C368ADC40000ADC40000ADC4000021C5000087
S21400C37817C50000ADC400000DC400000DC40000C1
S21400C3880DC400000DC400000DC400000DC400005C
S21400C3980DC400000DC400000DC400000DC400004C
S21400C3A80DC400000DC400000DC40000E9C2000062
S21400C3B80DC40000E9C20000E9C20000E9C200009E
S21400C3C8CDC400000DC400000DC400000DC400005C
S21400C3D80DC400000DC400000DC400000DC400000C
S21400C3E80DC400000DC400000DC400000DC40000FC
S21400C3F80DC400000DC40000E9C20000E9C2000038
S21400C40880284BD0019804B010BDB0F5A06F5ED060
S21400C41828D8B0F5607F50D019D8B0F5007F4CD03A
S21400C42804D8B0F5C07F3FF45BAFEBE7B0F5207FEC
S21400C43838D0B0F5407FE5D12EF060FB02464FF4C9
S21400C4482070FFF7D1FEB2FBF0F2520833E0B0F5E9
S21400C458806F37D0B0F5906FD4D1002101A8FFF7D0
S21400C4686FFDCFE7B0F5E06F51D00DD8B0F5C06FCF
S21400C47843D0B0F5D06F45D0B0F5B06FC2D100212B
S21400C48801A8FFF721FEBDE7B0F5F06F44D0B0F580
S21400C498086FB7D101A8FFF787FDB3E72EF014FBA6
S21400C4A80190AFE72EF02AFB02464FF42070FFF704
S21400C4B89BFEB2FBF0F20192A4E72EF005FB0246C3
S21400C4C82046F4E7002101A8FFF792FD9AE700212D
S21400C4D801A8FFF76BFE95E74FF0E02302911B6972
S21400C4E85B0705D52EF00AFB0290029B019389E7AD
S21400C4F803A902A8FFF7A0FDF7E7002101A8FFF7A8
S21400C5089BFD7FE7002101A8FFF724FE7AE70021BC
S21400C51801A8FFF7FBFD75E7002101A8FFF7B0FDAE
S21400C52870E700BF08B58020FFF7C8FE034B9842A7
S21400C5389EBF4FF48032024B1A6708BD005A62024B
S21400C54800A000501FB503460020B3F5807F019079
S21400C5586FD027D8382B00F082800BD8243B092BC5
S21400C5680FD8092B0DD8DFE803F05F5F5F5F0C0C70
S21400C5785A0C3675522B57D007D83D2B3AD03E2B3F
S21400C58872D0019805B05DF804FB802BF9D1394BC1
S21400C5981B6F03F00703013B032BF2D8DFE803F019
S21400C5A83D36393BB3F5D06F54D019D8B3F5A06FE4
S21400C5B855D00AD8B3F5806F36D0B3F5906FE0D172
S21400C5C8002001A9FFF7BCFCDBE7B3F5B06F26D067
S21400C5D8B3F5C06FD5D1002001A9FFF72DFDD0E730
S21400C5E8B3F5006FECD00AD8B3F5E06F3CD0B3F5DE
S21400C5F8F06FC6D1002001A9FFF742FDC1E7B3F5E9
S21400C608086FBED101A9FFF7CFFCBAE7052301934F
S21400C618B7E70323FBE70723F9E70223F7E700203A
S21400C62801A9FFF751FDACE7002001A9FFF7E0FCE0
S21400C638A7E74FF0E02302901B695B0705D52EF0AD
S21400C6485DFA0C230393039BE1E703A902A8FFF70F
S21400C658F3FCF8E7002001A9FFF77CFD91E700202E
S21400C66801A9FFF7A3FD8CE7002001A9FFF74EFDFF
S21400C67887E700BF008000504FF40022034B5A663D
S21400C688012203F580439A62704700BF009000506D
S21400C69870B504468020FFF755FF032800F0828017
S21400C6A84FF40022444B02215A6645F60E03434ACD
S21400C6B8C2F88030424B9962012103F58053996293
S21400C6C8936DD903FCD4D4E900131B0543EA016330
S21400C6D8E17B94F823500B43217B43EA0143617BBB
S21400C6E843EA0133A17B43EA811313619169D4E9D4
S21400C6F804031B0643EA806301F000410B43A17E56
S21400C708E07E0B43217E43EA0143617E43EA012330
S21400C7189361E169136A002923F00D0343EA0103D4
S21400C72814BF0121002143EA800343EAC1031362D0
S21400C73894F8203094F82200916A4FEA431332D1D5
S21400C74894F8216021F0330143EA06130B4343F0C3
S21400C758010393621B49194B9A6D31EA0202FBD119
S21400C768022217498A621A659A6D5200FCD41A6921
S21400C778A16822F4700242EA01521A614FF00042A0
S21400C7880F4B9A6118B9022203F580539A6215B9BD
S21400C79801220D4B9A6294F824301BB1074B0B4AC2
S21400C7A8C3F8802070BD21F0330129430B4343EAC8
S21400C7B840039362EFE700BF0090005000C00050AF
S21400C7C800D000500300014000E00050F1A7FFFF32
S21400C7D8014B93F9000070472D5C0020014B188030
S21400C7E8704700BF866B0020B0F5207F10B50C465A
S21400C7F842D008D8B0F5007F33D003D888B1B0F55A
S21400C808C07F0ED010BDB0F5607FFBD11F4A4C1E0E
S21400C818D2F8803023F0300343EA0413C2F880309D
S21400C828F0E726F0C0FE26F0CCFE4FF48031184B19
S21400C838164A1967136F013C23F4704343EA04331E
S21400C84813672EF05BF90446FFF76EFBC0F1020192
S21400C858204626F0B0FE00F035F8BDE81040FFF799
S21400C86861BE0A4A4C1ED2F8903023F0F85343EAC9
S21400C8780463C2F89030C5E7044A4C1E136F23F4CD
S21400C888806343EA84231367BCE700BF0080005038
S21400C8980090005008B50121022000F0E1F84FF49E
S21400C8A82070FFF7A1FC054B187026F07CFE26F0DA
S21400C8B888FE4FF48032024B1A6708BD2C5C0020B5
S21400C8C80090005008B54FF4C070FFF7F7FCBDE8BD
S21400C8D808400449884294BF012102214FF4207081
S21400C8E8FFF782BF80F0FA0238B504462EF006F944
S21400C8F80546FFF719FBC0F10201284626F05BFE45
S21400C9080121002000F0ECF82CB1FFF7DBFFBDE8B2
S21400C9183840FFF707BE034B4FF420701978FFF72F
S21400C92863FFF4E72C5C002010B5224B70B94FF477
S21400C9380031214A1860516602F598325268012A79
S21400C94803D11E4AD2F800211A6010BD1B68002BBE
S21400C958FBD01B4A5268012AF7D0184A8020C2F832
S21400C9680031FFF7EFFD05281FD14FF4C070FFF721
S21400C9783BFC0128044604D102214FF4C070FFF79F
S21400C98833FF07220F4B1A610122A3F580535A6022
S21400C9980B4A1369DB07FCD5012CD6D12146BDE826
S21400C9A810404FF4C070FFF71FBF0122064B5A60B5
S21400C9B8CBE700BFD83D0020009000500080005014
S21400C9C800C0015000E0015000D00150044A4178F0
S21400C9D8536F23F4407343EA01235367704700BF3D
S21400C9E80040005010B5044610B10020FFF79CFF29
S21400C9F8124A136943F0040313612EF0F5FB26F080
S21400CA08E5FD0F4B5B6E5B0142BF0E4B0E4AC3F84B
S21400CA1820242FF01AFF30F0C3F92FF011FF26F06C
S21400CA28D6FD02F0FFF81CB9BDE810402EF066B837
S21400CA380120BDE81040FFF777BF00BF00ED00E01B
S21400CA480080005000E003500000FF0F034A017901
S21400CA58D36E23F030030B43D36670470040005074
S21400CA68F8B504461C4BD3F88420D106FBD4D3F87B
S21400CA788430C3F381139C422CD02EF025F8012C69
S21400CA88064602D1214626F096FD2FF0DEFE4FF030
S21400CA980072124B07465A66204626F09FFD4FF452
S21400CAA880630D4D621E93402B676B6E9A0103D40C
S21400CAB8D5F884309B060AD538462FF0C1FE022CDE
S21400CAC808D13046BDE8F840002126F074BDD5F8F8
S21400CAD88430EAE7F8BD00BF004000500060005010
S21400CAE810B50C4608B92DF0EFFF074B21461B780A
S21400CAF83BB1064B984204D80120BDE81040FFF72A
S21400CB08AFBF0220F9E700BF2E5C0020005A620281
S21400CB180278034B012100201A70FFF7E1BF00BF1F
S21400CB282E5C00204FF0004238B5264B26495A6640
S21400CB3801224A604AF6CD3103F50B235D6C196471
S21400CB48154030BB9968C9070BD4002401221F4B37
S21400CB585A6015B11E4B1F4A1A642BF01BF8204664
S21400CB6838BD1A498A601C4AD96ACC0705D490424F
S21400CB7801D10724EAE70130F6E79042E5D1F8E765
S21400CB880132DC6A14F0080406D08A42F8D1072479
S21400CB98DFE700221049F4E78A42F8D020220B4B40
S21400CBA80B495A620122A3F580539A6023460A4A23
S21400CBB8486A800603D49342E9D00133F8E79342E3
S21400CBC8C7D1E4E7009000500050095000600950B3
S21400CBD8004009503254FFFF40420F004FF0004219
S21400CBE838B5174B174C5A66012203F50C235A60C2
S21400CBF84AF6CD33656C2364437893401343124A50
S21400CC08D363C3788178A2689B0043EA011322F0B5
S21400CC1874021343A3600279837943EA02232361EB
S21400CC284279C37943EA022363610078FFF77AFF03
S21400CC38EB0744BF054B23642AF0ACFF012038BD40
S21400CC480090005000400950004000503254FFFF4A
S21400CC58F8B504460D461F4616464AB101238B40D2
S21400CC683021184A01FB0022F7B141F21001535057
S21400CC7804EB4403072D4FF00F014FEA031316D8B1
S21400CC88A80006FA00F281400F48184426F0A7FCD0
S21400CC984EB9012330210B4AAB4001FB042277B181
S21400CCA841F210015350F8BD42F21001DFE7A5F13A
S21400CCB80800800006FA00F281400448E5E742F2E0
S21400CCC81001EFE700C0035004C003500CC0035027
S21400CCD80121024600F5805310B55960244B2549BA
S21400CCE8C36053690B40FCD19361C2F8983053690E
S21400CCF813F4401FFBD15369D9052DD4936F5BBB42
S21400CD0853699B052AD4D2F8881039BB1046D36FCE
S21400CD18D2F88C3026F072FC302391601161D16213
S21400CD2811621367C2F88030134B9A4208D142F258
S21400CD386000124B906413655165906513665166E2
S21400CD480D4B9A4202D1002010290AD10C4B02F54D
S21400CD5800525362936210BD536FCCE7D2F884300A
S21400CD68CEE701F1280443F824000131ECE700BFC0
S21400CD7812000200520001000040005A00C0028063
S21400CD888F330F80084608B569B92A20FFF796FA48
S21400CD98B0B10C4B984206D90B4B9B68C3F3027391
S21400CDA80133B0FBF3F0094B00F5742000F23F2086
S21400CDB8B0FBF3F001387F2828BF7F20C0B208BD3B
S21400CDC80120F0E7005A62020040005A40420F0075
S21400CDD80B4B10B5994228BF19460C461AB92A209B
S21400CDE8FFF76CFA0246631E1344B3FBF4F0A34243
S21400CDF828BF00F1FF30032828BF0320C0B210BDAB
S21400CE08005A620210B51048104C002B08BF0446A2
S21400CE188C4228BF0C461AB92A20FFF74FFA02465A
S21400CE289DF8083040F2FF300133B2FBF3F2631E80
S21400CE381A44B2FBF4F3A24228BF03F1FF33984228
S21400CE4828BF184610BD00BF80969800404B4C007F
S21400CE582DE9F04F2DED048BB64E0C4687B01546DF
S21400CE68314600220746FFF7B3FF94F80580804551
S21400CE7838BF8046384626F0C1FB20795FFA88F826
S21400CE8850B92A20FFF71AFAB042014628BFB0FB6D
S21400CE98F8F13846FFF776FF4FF00009E378227876
S21400CEA81B01524202F0020203F030031343627879
S21400CEB80004524202F004021343A27800F4FE0073
S21400CEC8524202F0080213434FEA087202F0E042A8
S21400CED813431843E3882289B8603B616389DFF807
S21400CEE860A243EA02433B62574502D1B9F1020FFA
S21400CEF808D1012307F580577B6007B0BDEC048B8B
S21400CF08BDE8F08F00222E788B488C49AC68964294
S21400CF1818BF014633468A48CDF80080FFF772FFEF
S21400CF2807EB09118B6CA2B223F0435323F41D13AD
S21400CF3823F4405323F01F0306F003041C436B78C6
S21400CF4882424FEA830303F01C0344EA0304AB78E7
S21400CF5838BF02461B03E87803F4E043234304047F
S21400CF6804F4E02423432C7C4FEA091C640504F4EB
S21400CF78600423432C7909F1050B240704F0405478
S21400CF8823438B648C6C6F49C4F30234013C042C35
S21400CF9826D8DFE804F0252503101A00D1F88041CA
S21400CFA8240C2EB3C2F309020AEB0B135A6009F1DC
S21400CFB80109143598E7D1F88441002EF2D1D1F84A
S21400CFC88C11A4B20914490015E0D1F88441002E4A
S21400CFD8E8D1D1F88C11240C091401EB41010AE0C0
S21400CFE8D1F88041A4B2002EDCD1DFED577A06E0F6
S21400CFF8D1F88C11091407EE901AF8EEE77A012199
S21400D0080CF1B44C0CF5804C2304DCF8483024F4BE
S21400D018C046C3F3820C0CF1010C01FA0CF107EEC2
S21400D028101A4FEA864648BF46F0004613F01C0F13
S21400D038B8EEC79AF6EE008A424B4CD1D3F88C115C
S21400D0480BB208EE103AB8EEC88A38EE278A0028DF
S21400D05858D105A8039200F013F9DFED3C7A28EEC4
S21400D068278A039A9FED3A7AC7EE097A9FED397AAE
S21400D07867EE877AB1EE007AB6F1004F48EE077A87
S21400D0880BD09FED357A06EE104A77EE876ABAEE31
S21400D098E86AF0EE477A56EE267AF5EEC07AF1EEB2
S21400D0A810FACBBFF1EE677A78EEE78A77EEE87A81
S21400D0B8FDEEE87AC8BFFDEEE77A17EE901AB1F5EE
S21400D0C8003F2EDB6FEA56466FEA46461C484FEA94
S21400D0D80B11465066E7D3F8901169EE286A09B234
S21400D0E807EE101AB8EEC77AD3F8881177EE677A83
S21400D0F80BB208EE103A87EEA67AB8EEC88A38EE73
S21400D108078AA4E7D5ED037ADFED146AF8EE677AA6
S21400D11887EEA67AF7EE046AC6EE877A27EE888A3E
S21400D128A0E711F5003FAABFC1F3110146F4003687
S21400D1380E43CBE7005A6202404B4C00809698009C
S21400D1480040005A0080E00F000000003D3B843F8E
S21400D15800008043000020440000004900007A4494
S21400D1684FF40032054B9A6641F6713203F51C33CC
S21400D178DA63012203F50053DA6070470090005026
S21400D18841F671320121064BDA6303F50052D1608D
S21400D1980022DA634FF40032A3F518339A66704714
S21400D1A800000350044B1868421C02BF034AD2F81A
S21400D1B894001860704700BF886600200040005042
S21400D1C8CB784A7810B55B010C7843EA82030A7973
S21400D1D8234343EA02130C22424302F1B04213638C
S21400D1E8012C02BF8A78024B43F8202010BD00BFEE
S21400D1F8E880035008B54FF0B0435A6802B960B1EA
S21400D2085B680BB126F077FA4FF0B04130B10120D9
S21400D218074B586026F06FFAC86008BD26F06BFA10
S21400D2280223CB6026F067FA0122024B5A60F4E725
S21400D23800100058002000584FF0B0414B6810B559
S21400D2480BB126F058FA01220B4BC4785A60837843
S21400D258934043EA840344782343047943EA041357
S21400D268447943EAC4038B60044B5A600378C3F1DD
S21400D2780203CB6010BD00BF002000580010005805
S21400D2884FF48032064B5A6603F5E6235B69C3F310
S21400D2988512827003F03F021B0B427003707047C2
S21400D2A800900050024B1868C0F30740704700BF54
S21400D2B80080E00F0120034B9B680A3303F01F032E
S21400D2C8984070470080E00F034BD3F82424D3F827
S21400D2D820041040704700BF00C003502DE9F843F3
S21400D2E81E4B0546D3F810334B1E0E2B0E4617461C
S21400D2F890F8009044781DD909B34FF000082846E6
S21400D308D7B12FF0BDFA09EB4903072C4FF00F01F0
S21400D3184FEA031315D8A400114808FA04F2A140EE
S21400D328184426F0F0F9BEB928468FB1BDE8F84390
S21400D3382FF0A6BA8846E2E726F0F4F9E3E788462F
S21400D348E1E7083CA400074808FA04F2A140E7E72A
S21400D358BDE8F84326F0E6B9BDE8F88300C00350F8
S21400D36804C003500CC003502DE9F0412B4B174660
S21400D378D3F810234A1C06460C46407804D1D3F846
S21400D388241426F0DDF90446002C2FDB072C4FF07A
S21400D398030532782DDC4FEA840805FA08F5294695
S21400D3A81F4802FA08F226F0AEF9294672781D4898
S21400D3B802F0030202FA08F226F0A5F9012317F094
S21400D3C8050F194A18BF194903FA04F30CBFC2F827
S21400D3D81034C1F8103417F0060F18BF134AC2F8F5
S21400D3E814340123104AA340C2F820342046BDE86E
S21400D3F8F081A4F108084FEA880805FA08F52946D6
S21400D4080B4802FA08F226F07EF97278294602F0EE
S21400D4180302084802FA08F2CEE700BF00C003502D
S21400D42800C4035008C4035000E0035000D0035063
S21400D43804C403500CC4035070B504462AF0EFFB2E
S21400D448064630B90FCC044D0FC594E8030085E8AE
S21400D4580300304670BD00BFDC3D002047F6FF7372
S21400D4689A42F0B569D0022969D8364B5B5C012B25
S21400D47865D8354DDE0005EBC30415F83330A178C2
S21400D488012B13D10025E078401AA84202D8084498
S21400D498C0B2F0BD431B6668A0EB530336F91360B1
S21400D4A89642D4BF1D4603F1FF30EEE760680028B9
S21400D4B8EFD0B0F90040944204DBB0F90240944241
S21400D4C8B8BF144683883544FF2B19BFC8232827BE
S21400D4D8B0F90630B0F90870A3EB04030CBF0122BC
S21400D4E8002293FBF7F36E7813441BB29E4201DDCD
S21400D4F8002B01DA731E1BB24FF47A7C00EBC305CF
S21400D508EA88AD685F1C14FB02521D4622EAE272E6
S21400D5183BB25C329E42B2FBFCF204DD00EBC30772
S21400D528BF889742EAD200EBC5039888904228BF86
S21400D5381046884238BF0846AAE7FF20A9E7002019
S21400D548A7E700BF746D0400DC3D00200229F0B593
S21400D55855D82C4B585C012851D82B4C04EBC001ED
S21400D56814F830004B6801280FD1C8788C789042A0
S21400D57894BFC4EB0001C4EB0201001BCAB282428E
S21400D588C8BF002233F91200F0BD002B37D08878C8
S21400D598904202D3B3F90200F6E7CC78B3F900005C
S21400D5A89442F1D94C789988013CA1F1FF06714262
S21400D5B803F10405E4B2714103F10C07CEB2B4429C
S21400D5C816D805EBC1014FF47A756A43B1F90240E3
S21400D5D84968521A04EBD47102EB610292FBF4F22A
S21400D5E89042D1DBB3F902009042CDDC10B2CBE713
S21400D5F837F831C04E1C9445E3D33146DEE703487E
S21400D608C2E700BF746D0400DC3D00200080FFFF09
S21400D61808B50448FFF710FFBDE8084001202AF0C7
S21400D62804BB00BF786D04007FB51422002101A852
S21400D63810F01AFB044B01A94FF0FF3002932AF0B2
S21400D6483AFB07B05DF804FB006A18004FF4005276
S21400D658034B00209A660322C3F86022704700BF77
S21400D668009000504FF40052034B00209A660322A5
S21400D678C3F86022704700BF00A000502DE9F04FA5
S21400D688894691B00DF1300B8246DDE91C641746D9
S21400D69800211022584698461E9D10F0E5FA1F9B5A
S21400D6A8B9F1000F04D16FF0860011B0BDE8F08F15
S21400D6B8002FF8D00EB9002CF5D11A9A12B91B9A79
S21400D6C8002AF0D10DB9002BEDD1209A002AEAD015
S21400D6D8424A904502D0424A90457CD1BAF800208A
S21400D6E8B2F5105F77D1BAF80220B7EBD20FDAD3CB
S21400D6F822F04001802902D0B2F5807FD3D11CB930
S21400D708209B00201C60D0E7AE421FD232199542FB
S21400D7181CD29C42C7D831462246284610F0F6FA54
S21400D7282F4B2E46984526D014F00F03BBD1CDE9D3
S21400D7380097CDE90236CDE90443CDE906540893AF
S21400D748FFF784FF50B16FF09200AEE7244A904589
S21400D7580FD09C42E8D96FF08900A6E7684606AA6B
S21400D76803A90EF0A7FD0546FFF77CFF0543C7D0C3
S21400D778E9E79C42EFD81B9B0D2B94D101238DF82B
S21400D78830301A9B0DF1310203F10C0153F8040BEB
S21400D7988B4242F8040BF9D11B7813700123102230
S21400D7A88DF83F300023CDE90097CDE90A23CDE96F
S21400D7B80236CDE90443CDE90654CDF824B00893E3
S21400D7C8FFF744FF0028BED1684609AB06AA03A99E
S21400D7D80EF098FDC7E76FF0850066E70044400442
S21400D7E80013C0042DE9F04F91B09046DDE91A45C4
S21400D7F8DDE91C6B1F468946DDF878A021B96FF075
S21400D808860011B0BDE8F08F002AF8D00CB9002DBC
S21400D818F5D116B9BBF1000FF1D1BAF1000FEED071
S21400D828484B9F4203D0484B9F4240F0878003886E
S21400D838B3F5105F40F082804388B8EBD30FDED391
S21400D84823F04002802A02D0B3F5807FD7D125B9CD
S21400D8580023CAF800300020D3E7102D05D1394B35
S21400D8689F42F5D1B44202D343E0B4423ED2631994
S21400D8789E423BD25D45C2D821462A46304610F025
S21400D88845FA304B34469F4238D00D3D5D4532D878
S21400D89801238DF8303023460DF1310204F10C01D6
S21400D8A853F8040B8B4242F8040BF9D11B780D345D
S21400D8B813704FF48073ADF83E300CAB102209930A
S21400D8C80023CDE90098CDE90A23CDE90345CDE943
S21400D8D80536CDE907530293FFF7B8FEF0B9684658
S21400D8E809AB06AA03A90EF021FD1FE0164B9F42BE
S21400D8F8CBD05D4502D96FF0890082E715F00F039B
S21400D9087FF47DAFCDE90098CDE90234CDE9045324
S21400D918CDE906650893FFF799FE10B16FF09200FF
S21400D9286FE7684606AA03A90EF0D8FC0446FFF778
S21400D93899FE0443F2D1CAF800508CE76FF08500D0
S21400D9485FE700BF004440040013C00410B54FF45E
S21400D9582F720021044610F087F98023C4F88C3013
S21400D968054B04F19C00C4F88430012384F8883001
S21400D978BDE8104025F0D7B844D5030010B5D0F858
S21400D988A0400A468CB926F0DBF8044610B90024F5
S21400D998204610BD2D2896BF064B074953F8201081
S21400D9A8064A074826F012FAF2E7D0F8A4101046FE
S21400D9B8A047ECE7FC6D040047D50300E2D003005F
S21400D9C877D60300F8B590F88060044616B10026AE
S21400D9D83046F8BD25F0E7FE0028F8D1012384F884
S21400D9E8803094F8883033B1D4F884101F4884F80F
S21400D9F8886026F0EBF94FF0FF37D4F8B402421CE3
S21400DA081FD0C4F8B47210F0FF052CD0204625F0BD
S21400DA18C7FE2946204600F0A7FB0028EDD0204682
S21400DA2825F0CCFE94F888303BB1D4F884100F4823
S21400DA3826F0CCF9002384F88830002384F8803058
S21400DA48C6E726F0A8F9431CDDD1D4F88C30D4F804
S21400DA589420013B9A4204DB054A0649064826F00C
S21400DA68B5F90126E9E70126C7E700BF19E803006C
S21400DA78E2D0030055D5030077D60300F8B50B7837
S21400DA880446302B0D46164604D14B7803F0DF03C8
S21400DA98582B11D0284F6A1E12F8011F002934D1BE
S21400DAA828460A220FF0D0FF202C03460D4631D117
S21400DAB8B1FA81F040091AE04A1C1F4912F8013FE2
S21400DAC88BB928460FF0CCFF1C4B02382340032B9B
S21400DAD812D10134A41084420AD1A87837288CBF02
S21400DAE80020012003E0CB5C13F04400E6D1F8BD2B
S21400DAF8CCBF01200020FAE7002CB8BF0334B0EBF7
S21400DB08A40FD4BF01200020F1E77B5C13F00400CB
S21400DB18C2D1ECE726B1084302D0013B61F100050B
S21400DB280122A240013A1A40002D08BF9A420CBFB3
S21400DB3801200020DBE700BF7D940400030000807E
S21400DB48F0B5037801467B2B17D10646022400223F
S21400DB580B4F16F8015F7D2D05D10B5D6BB9D243CF
S21400DB6802F0010008E07B5D13F0440002D00132A9
S21400DB780134EEE7202DFBD0F0BD0020FCE700BF07
S21400DB887D94040070B506460D460FF069FF0446FE
S21400DB98304626F01BF9044EAC4200D370BD304622
S21400DBA826F014F90134F7E7F1DE03002DE9F84F03
S21400DBB8044602215148FFF7E5FF1E212068FFF7BB
S21400DBC8E1FF6368586826F001F94D4826F0FEF82C
S21400DBD867683B7BFD2B12D8D7F808804FF0FF36D6
S21400DBE840460FF03DFF0546DFF81091DFF870A1BC
S21400DBF8DFF84CB10C3717F8013BFF2B01D1BDE815
S21400DC08F88F212B18D8212B36D8DFE803F0377287
S21400DC1874111B1D1F21353535353535353523250A
S21400DC2827292B2D2F3135353535353535353D33C7
S21400DC38344C002D2BD12EE0334C344AFE2B08BF33
S21400DC481446F6E7324CF4E7324CF2E7324CF0E78B
S21400DC58324CEEE7324CECE7324CEAE7324CE8E777
S21400DC68324CE6E7324CE4E7324CE2E7324CE0E787
S21400DC78324CDEE7324CDCE7234CDAE7314CD8E7A7
S21400DC8826F098F801362AE0002DB4D02E4C202B2A
S21400DC9806F10106AFD002214846FFF773FF1E21A2
S21400DCA84846FFF76FFF504626F090F8594620463C
S21400DCB810F030FA2549002818BF2146244826F0D7
S21400DCC885F83B78202B02D12B2026F073F82148C4
S21400DCD826F07CF84DB118F806301F2B05D018F83A
S21400DCE806001F2801D0AE42CADB054826F06EF8AB
S21400DCF881E7194C9DE7194C9BE700BF05220400F5
S21400DD08E2D00300FFD5030011D6030037F2030064
S21400DD185CD6030063D6030054D6030050D603002F
S21400DD2847D603003DD6030033D6030048D6030083
S21400DD383ED6030034D6030029D6030022D60300B5
S21400DD4819D60300FED5030004D603000FD6030039
S21400DD5819E8030088D903005BD6030062D60300DF
S21400DD681FF303002DE9F04F9BB005468B460024B1
S21400DD78009203930FF074FE249F039B04901C608C
S21400DD8828463C600AAA09A926F042F8064658B969
S21400DD980A980FF065FE3446B046039B1860D5F81F
S21400DDA89C300293029B1BB920461BB0BDE8F08F3F
S21400DDB8029BD3F80890B9F1000F6CD02E4416F8E1
S21400DDC8013B202B11D000260C23734309EB030AD2
S21400DDD859F803300193002B58D0099B434555DB6F
S21400DDE89AF808202AB1721C39E03B6801333B6078
S21400DDF8E5E73968D5F894200793039B521A1A600A
S21400DE081AAB03EB880151F8403C01991846059374
S21400DE1810F040F906900028E5D101980FF020FE92
S21400DE28DDE906230146DAF80400D7F800A090F8E2
S21400DE380CC0BCF1FE0F16D103F1FF3EC64512D04A
S21400DE48D0F80090059801920FF00AFE0AF1010A30
S21400DE58019A50442B5C23B1386008F10108164635
S21400DE68B2E70130F6E7D5F894200591A2EB0A024E
S21400DE788A4220DC58460FF0F3FD059901447B29B9
S21400DE880DD958461F4A009924F074FE2B46049A6A
S21400DE982A4493422CD1029B1B68029382E7DDE951
S21400DEA80012584624F066FE5846174A0099013470
S21400DEB824F060FE97E7BCF1FE0F94D1013B434582
S21400DEC891D1D0F800A0DFF840905AF80C2B22B970
S21400DED8049B3B60039B1A60D8E75846009924F0D9
S21400DEE849FE4A465846009924F044FE0134ECE7B9
S21400DEF813F8011B0029CCD14FF0200103F8011CB0
S21400DF08C7E700BF69D60300F1DE03002DE9F04736
S21400DF18002486B01C60DDE90EA8064689468AF805
S21400DF2800401168154888F8004017461D468DF8C9
S21400DF381740FCF767F818B901242B6801332B60E3
S21400DF480020D6F89C6036B914B1012388F8003052
S21400DF5806B0BDE8F087B06868B14B460021CDE949
S21400DF6802A8CDE900750DF1170225F088FD9DF889
S21400DF781730002BE8D13668E5E700BF6ED60300F9
S21400DF882DE9F0470446ADF5447D8022002104A81B
S21400DF9802AF0FF069FE80222046009703AB04A963
S21400DFA8FFF7E0FE01283DD104A80FF059FD0399BC
S21400DFB83B68461A0B4426EAE6762344054604A838
S21400DFC83246014418460FF0DFFF00228255D4F887
S21400DFD89060039B3968D4F890201944B14212DC4B
S21400DFE8D4F89410E81A0244C4F89020014404AA0D
S21400DFF8C4F89410D41825182B1B002B0DDC0DF52F
S21400E008447DBDE8F087A05C25F0D4FED4F89030B7
S21400E01801360133C4F89030DBE714F8010B25F01D
S21400E028C9FEE9E7EBDD24AD8022002128460DF580
S21400E038887A0FF019FE0DF110094FF400720021CE
S21400E04850460FF011FE4FF001084A46002312F81A
S21400E058016BA6B904A84AF828300FF001FD294636
S21400E068334698451CDB19F8016B0DF5887C5CF87F
S21400E078042B82420CD101F8016B0133F1E7202E04
S21400E08803F1010304BF4AF8283008F10108DEE767
S21400E0980DF1100E7244D25CB242E8D00022EA5467
S21400E0A8D4F89060039BB3422FDC23462C4A04A97D
S21400E0B82C4825F08BFE28460FF0D2FC0646039B1C
S21400E0C83F68F61A1F4426EAE672E01917441D440C
S21400E0D8E11904F1900399423CD904F19803984257
S21400E0E838D26A1E81190B1A002B27DD12F8013F59
S21400E0F800F8013BD4F890300133C4F89030D4F8D7
S21400E10894300133C4F89430EDE7D4F890300136F3
S21400E118E05C25F04FFED4F890300133C4F8903018
S21400E128C0E7D4F89020013B0132C4F89020D4F818
S21400E13894200132C4F89420002BF2DC00232E44ED
S21400E148E355731B002B7FF75AAF15F8010B25F024
S21400E15831FEF6E729460FF017FF3346ECE700BF17
S21400E16844D5030073D603002DE9F843D0E92456B6
S21400E17804460F46002294F89830012B07D10A2F40
S21400E18807D1002384F898300020BDE8F88300F211
S21400E1989F801B2F01D10223F4E70D2F0DD10123F9
S21400E1A884F898300D2025F005FE0A2025F002FE9A
S21400E1B800230120C4E92433E7E74FF00008082FBE
S21400E1C884F8988034D1454530DDB5420FD13846BD
S21400E1D825F0F0FD202025F0EDFD013D384625F020
S21400E1E8E9FD013E04F80580C4E92456CCE7FBDACD
S21400E1F805F1FF39384625F0DDFD04EB0903A6EBEB
S21400E2080902611918460FF081FD04F806800146D8
S21400E218013E484825F0DAFD35464D4501DC4D46B9
S21400E228E2E7082025F0C6FD013DF6E7ACD0DBE7BF
S21400E2387F2F1CD1002EA7DDB542A5DA6319691C0D
S21400E24821441846721B0FF061FD04F8068001464B
S21400E258394825F0BBFD0820013E25F0ABFDB54248
S21400E268F9D1D4F89430013BC4F894308CE70A2FDF
S21400E27898D0092F03D12046FFF782FE84E7D4F80A
S21400E2888C30013BB3427FF77FAFB54204EB0508FD
S21400E29805F101090CDB384688F80070D4F894308C
S21400E2A8C4F890900133C4F8943025F083FD6BE7EA
S21400E2B84146721B04EB09000FF028FD404625F086
S21400E2C885FD0820013E25F075FDB542F9DDE2E73B
S21400E2D8022B06D15B2F01D1032353E784F898203D
S21400E2E849E7032B7FF450AF413F84F89820032F6B
S21400E2F83FF64AAFDFE807F002070A160121204674
S21400E30825F009FD40E74FF0FF31F8E7B542BFF6C4
S21400E3183BAF605D25F04EFDD4F890300133C4F86D
S21400E328903031E7002D7FF72FAF013D0820C4F865
S21400E3389050BAE77CD6030076DA030007B56B463A
S21400E348054A1068516803C36846FEF747FC002074
S21400E35803B05DF804FB00BFB46E040030B58BB0A4
S21400E3686C46174D0FCD0FC40FCD0FC495E80300AC
S21400E37884E80300134BD3F84C2112031CD5A3F5ED
S21400E388FE431C884FF6FF739C4208BF8C248DF80A
S21400E3981940FEF71DFA204480F308008DF818008F
S21400E3A80948FBF7C7FE6846FEF772F93220FEF703
S21400E3B815FA00200BB030BDD3F85041E4B2E6E7BA
S21400E3C8BC6E04000080E00F00F049020028ACBFD5
S21400E3D800F16040064B4FEA0111C9B2ABBF00F529
S21400E3E8614000F00F0080F800131954704700BF12
S21400E3F814ED00E008B52EF035FA0B4B1A7872B912
S21400E40801221A702EF029FA6FF004021046013223
S21400E418052152B2FFF7DAFF402AF7D108BDBDE85A
S21400E42808402EF01ABA00BF2F5C0020002807DB31
S21400E43801234109034A00F01F00834042F82130B7
S21400E448704700BF00E100E0054B421153F8223048
S21400E45800F01F0023FA00F0C04300F001007047E8
S21400E46800E100E0002808DB01224309034900F028
S21400E4781F008240603341F82320704700E100E027
S21400E48810B504462EF0E1F9024B1C602EF0D8F9C0
S21400E498002010BDFC3D002010B52EF0D6F9034B29
S21400E4A81C682EF0CDF9204610BD00BFFC3D0020AC
S21400E4B838B50C461546014610B9FFF7EDFF01467C
S21400E4C82B46224603480EF0D3FA0028D4BF37203E
S21400E4D8002038BD6F3F030008B500F017FC18B1E0
S21400E4E86A2102482EF045FA002008BD81D60300AE
S21400E4F808B500F049F80C4A536A43F4702353628F
S21400E508EFF308834FF0CD31084A043B934208D214
S21400E51800F070FAFFF7E0FFBDE808400448FEF791
S21400E5288BBF43F80419F1E700ED00E0080000206F
S21400E538786D040007B5042200200DEB020129F0CF
S21400E54832FB042803D0D72104482EF012FA01988B
S21400E55800F0DCF903B05DF804FB00BF81D60300C9
S21400E568082310B50C0A41400648C9B241F3000218
S21400E578013B024013F0FF0382EA5101F6D184EA18
S21400E588010010BD2083B8ED38B5FEF70BFE044633
S21400E59825F0ABF8E3072AD401221046114600FA04
S21400E5A801F3234002F1010223D01D4B33F811304A
S21400E5B81C48062B028844881B4920D14FF20F03BB
S21400E5C89C4219D1B2F5406F28BF4FF4C0624CF296
S21400E5D83C330A80438040F201730A889A4201BF9E
S21400E5E8124B134AD2E90001C3E9000115E00021E5
S21400E5F8DBE7102AD2D1DBE74FF4C062E7E740F248
S21400E6080725AB420AD14FF20F05AC4206D19A4213
S21400E61804D14CF23C320B80428038BD0B80DAE7DE
S21400E62880700400446300201A570020003E002033
S21400E6383C630020014B1888704700BF1A5700201B
S21400E648014B1888000A70471A570020044B0548E3
S21400E6581B881A0AB3F5406F38BF00EB8200704774
S21400E6681A57002050700400044B1888044B020AFE
S21400E67853F82230C0B203EB800070471A570020C8
S21400E6882070040010B504462EF0E3F84FF20F028F
S21400E698044B1C805A80BFF35F8FBDE8104025F0FE
S21400E6A82CBC00BF446300206D4A2DE9F0416D4B39
S21400E6B855686D4C5D65516A99656C49D1F80002DC
S21400E6C8D865D1F80412586B1966916A10F0040FD1
S21400E6D85966D16A4FF000009966116BD966516B7E
S21400E6E81967D26BD8645A67D3E90E1218BF114659
S21400E6F85F4A91421A655DD301F12000A04259D8BD
S21400E7088869C5F308051864CE69062D5E6455D178
S21400E718584DA84252D3584DA8424FD205884DF6B8
S21400E728426085424AD11868C3F890005868C3F812
S21400E738940040F20170A242154604D22E680432B4
S21400E748B6F1CD3FF7D00022C3E91E22C3E9202246
S21400E758C3E92222641BDFF81CC1434DDFF818E129
S21400E7689C648D422DD8D3E91EC7D3E92065D3E92A
S21400E77822414FF0000E013AD2B2FF2A3CD1BEF138
S21400E788000F05D0C3E91EC7C3E92065C3E92241C7
S21400E798B3F85430C3F308030C2B3BD8022B54D9D8
S21400E7A8DA1E092A51D8DFE802F0315740435050A4
S21400E7B85050504D0021C3E910112D494FF42060E8
S21400E7C8B9E755F8044D6445CBD37445C9D2E60776
S21400E7D8C7D50026294F57F8048FA045C1D0013663
S21400E7E8062EF8D132B1013AD2B202F11E0643F82B
S21400E7F82640B6E70522F8E7E0464FF0010EBC468D
S21400E80837462E4625460C464146B4E740F60120D4
S21400E818BDE8F0813B2B18D1194B9B6913F0020F0A
S21400E82840F2025318BF1846F2E740F60320EFE717
S21400E83840F6042240F20173B0F5206F0CBF104674
S21400E8481846E5E740F60520E2E740F60722013BD2
S21400E8584E2B98BF1046DBE740F60220D8E700BFED
S21400E86800ED00E0AC6200200810002000E100E0A7
S21400E878080000201863000080CD030020630020F5
S21400E8880080015A00F00CB800F00AB800F008B88A
S21400E89800F006B800F004B800F002B800F000B8BF
S21400E8A872B61EF0080F09D01EF0040F0DD0DFF860
S21400E8B850E0AEE8FF1F6FF002000CE0DFF840E023
S21400E8C8AEE8FF1F6FF00E0005E0DFF834E0AEE8B4
S21400E8D8FF1F6FF006006946EFF309828EE807000F
S21400E8E886460848084C854501D3A54501D384F3D8
S21400E8F80888FFF7D9FE84F30888FFF7C3FE0000F0
S21400E908AC62002048000020081000204BF6EF629A
S21400E91883B2002B08BF1346044A000C13804FF638
S21400E928CE2308BF1846024B188070478A6B002013
S21400E938886B00200B4BB3F900201888002AB8BF54
S21400E94880F0620042001A80074AB2F90010138865
S21400E9580029BCBF83F4805383F00B035900118051
S21400E968584070478A6B0020886B002007B56846B9
S21400E97800F01AF8DDE900010022034B03B05DF849
S21400E98804EB25F0B6BD00BF083E002007B500938F
S21400E99813460A460146034825F05FFB03B05DF8B8
S21400E9A804FB00BF083E00200249034A0160521AD1
S21400E9B842607047506C0020008000200048704776
S21400E9C8083E002038B5416004462DF03EFF054657
S21400E9D82146044824F0AAF82846BDE838402DF019
S21400E9E82FBF00BF303E0020014824F09CB800BF6F
S21400E9F8303E00200222014B1A6770470040005044
S21400EA0870B52DF022FF174E054617482DF04BFF20
S21400EA183378CBB900F07AF9044620B128462DF0B1
S21400EA280FFF204670BDFFF7DFFF2EF015F80F4BDF
S21400EA381C602CF05BFD0E4B0E4A1860536F43F0BB
S21400EA480103536725F071FD00F074F825F084FD86
S21400EA58094B002418600123284633702DF0F0FE79
S21400EA68DFE700BF3C5C0020EC6E0400343E00206C
S21400EA785C3E002000400050383E002038B5044672
S21400EA882DF0E3FE0F4D02462B78FF2B04D1B4B1D0
S21400EA98BDE838402DF0D4BE1BB9002CF8D00121B3
S21400EAA803E0002C14BF0121FF210B44DBB22B70BE
S21400EAB8B3FA83F304495B0910460B70E8E7194676
S21400EAC8F3E700BF395C0020385C0020054B1B6864
S21400EAD85843054B00F5742000F23F20B0FBF3F0D6
S21400EAE8704700BF5C3E002040420F0073B50F4ED3
S21400EAF804463378834211D000238DF8043043004F
S21400EB0801A88DF805300A4DFDF760FF40203CB19E
S21400EB18FFF7DCFF2B68181A2860347002B070BD47
S21400EB28FFF7D4FF2B681844F6E700BFCB6B00202E
S21400EB38943E002073B5002401A88DF80440FDF724
S21400EB48E7FF2046FFF7D2FF2C4B2D4AD3F80031BB
S21400EB5803F0030313604FF400222A4B5A664FF45F
S21400EB6800325A662CF03CFA4FF4C870FFF7AEFF36
S21400EB78254B264A1860264913680134E4B20A2C45
S21400EB8841F8040BF9D1034400EBC00003441360BA
S21400EB98204B214D1B7813B3184BD3F8003103F0E4
S21400EBA80303022B23D0032B24D0012B17D12BF0E1
S21400EBB8BFFF024698B1194B194EDC680023194668
S21400EBC8C4F30B04013404EB84040138E4FB0601A7
S21400EBD80EF0DEFCFFF77AFF2B6803442B601F203D
S21400EBE8FFF774FF2B6803442B6002B070BD2BF050
S21400EBF8A5FFDEE72DF03CFEDBE700BF00800050F7
S21400EC089C3E002000900050603E0020643E00209D
S21400EC18683E0020405C0020943E002000C0015062
S21400EC2840420F000122154B10B55A67144B154C7D
S21400EC381B7813B302202DF000FFF0B12CF0DCFC9B
S21400EC48D8B1A36DD90302D5E36D9A0715D40D4B39
S21400EC589B6DDB0711D401220B4B1A702DF0E1FED9
S21400EC68BDE81040094B0A4A1860136F23F00703E3
S21400EC7843F0030313672BF041BF10BD00D00050CC
S21400EC88415C002000C000503E5C0020903E002002
S21400EC98008000500122014B1A707047415C00202A
S21400ECA808B5FFF763FEFEF7FDFA01280ED1144BF0
S21400ECB804205A6E4FF480231249520358BF124A52
S21400ECC84B6601F51041086258BF536625F04CFCA8
S21400ECD8FFF790FBFFF732FBFFF740FB0DF012FF44
S21400ECE8FFF78EFE00F012F825F03FFCFFF700FC59
S21400ECF825F04AFC28F05BFEBDE8084025F036BC47
S21400ED08008000500090005000A0005070B52DF014
S21400ED18A9FD144E05463478FCB9134B1C60134BFA
S21400ED281C60134B1C6000F031F801202CF052FDDB
S21400ED382CF044FD0F4B0246186020B928462DF0EB
S21400ED488CFD232070BD234640F2E7310A480EF0BA
S21400ED581FFC0A4B18600123337028462DF07DFDF2
S21400ED680020EFE7445C0020B03E0020AC3E0020C8
S21400ED78B83E0020B43E002018FCFFFFA83E002046
S21400ED88014B1868704700BFA83E00201FB5002436
S21400ED98194B18689A880290D3F806009B7A009058
S21400EDA81648ADF80C208DF804302DF07CFD02A82E
S21400EDB88DF808408DF80C40FEF73EFA69460120AB
S21400EDC88DF80040FEF7FCF940F2FF320C4B9A61D2
S21400EDD85A614FF0B042936A13F00803FBD11362EE
S21400EDE80120FEF707FA0C20FFF73CFB0C20FFF784
S21400EDF81DFB04B010BD00BFA9700400E46E04003B
S21400EE080020005810B52DF02DFD4FF0B0430446F5
S21400EE185B695A06074A03F0010003F0510348BF2E
S21400EE2840F0020053612CF0FDFB2046BDE8104080
S21400EE382DF013BD0020005821282DE9F341054682
S21400EE4804D82C46204602B0BDE8F08100240B4EBC
S21400EE580B4FDFF830800023CDF800801A4619469D
S21400EE68386824F0ACF98442EBD2222CE9D056F864
S21400EE78043BAB42E6D00134EDE700BFC87304009C
S21400EE8884660020FFFF0F002DE9F04F644E654DA5
S21400EE9889B025F0C5FB31682868FCF7D5FA044622
S21400EEA8002827D033680024D3E900019A6912683D
S21400EEB89047336804A89B699B6898473368022084
S21400EEC89B69DB689847326805985368E7B2B3FBD6
S21400EED8F0F3BB42916904F101044ED8CB680020D8
S21400EEE8984733689B695B68984731682868FCF7D9
S21400EEF8ABFA04460027DFF844A1DFF84481DFF8C0
S21400EF084491F4B9484B2868DB5D002B00F08380F9
S21400EF18D8F8006002AB314603AAFCF717FC2D2888
S21400EF2807D070B9039B012B0BD031462868FCF735
S21400EF3861FEDAF8003031461A682868FCF7DAFD10
S21400EF4804460137222F0AF1040A08F1040809F1D9
S21400EF580109D6D1B4FA84F3344A5B0913702B68D6
S21400EF681B7C33B125F028FB18B1DB2130482DF087
S21400EF7800FD204609B0BDE8F08F12680B6907FB54
S21400EF88002098479FE7D8F8003003AA194402AB38
S21400EF980191FCF7DBFB2D28034601992BD0286846
S21400EFA813B30BF1010B5FFA8BF18E422868EAD88F
S21400EFB8204BDB5D002BC4D0F3B27E2B2868C0D86C
S21400EFC8D8F8003003AA06EB030B594602ABFCF749
S21400EFD8BDFB2D28B5D059462868FCF70BFE013630
S21400EFE804460028E8D0ACE7039B7BB999F80020D4
S21400EFF8029B9A42D5D099F80030DAF800202868A3
S21400F008FCF772FC0028CCD00446D1E70191FCF747
S21400F018F1FD0199EFE7084BA346DE5DC3E700BFA5
S21400F0286466002084660020A4730400465C002002
S21400F03808D70300827304003E730400B47004000B
S21400F048C873040060730400F8B51F46214B0446D5
S21400F0581B780D46164623B100F47E23B3F50E2F13
S21400F0682BD02046FFF7E8FE2128044614D81A4B72
S21400F07853F82010194B1B78ABB1194B212C186884
S21400F0881DD8184B1B5DD3B13268FCF733FD044618
S21400F09850B125F090FA07E0FF2807D93A463146DE
S21400F0A880B224F09CFF00242046F8BD4FF4A971D6
S21400F0B80D482DF05EFC0021DCE70146DAE77F2DDF
S21400F0C808BF00253B46324651FA85F1FCF70CFC92
S21400F0D8DDE700BF455C0020C8730400465C0020DE
S21400F0E884660020A473040008D7030008B55208F5
S21400F0F825F064FA30B1BDE808404FF49C71024828
S21400F1082DF037BC08BD00BF99D703002DE9F7439B
S21400F118C70705460E46144604D540F2E31149488B
S21400F1282DF027FCE10704D54FF4F27145482DF081
S21400F13820FC454B93F80080B8F1000F20D043F22E
S21400F14860239D4208D12246314640480EF01CFFF7
S21400F158002003B0BDE8F083C5F30B0705F440555F
S21400F168B5F5805F14BF4FF40F204FF40E202346EA
S21400F17832467F21384303B0BDE8F043FFF764BF4B
S21400F18805F47043B3F5805F3FD1C5F30B05304AED
S21400F19805F17E65631E2B44934230D82F46DFF870
S21400F1A8A49007EB0408474542D1AA070ED04FF6AD
S21400F1B8FF7336F8022BA81E43EA024304220DEB1F
S21400F1C802010193FFF792FF0235023CA3070ED017
S21400F1D8023C24F00103F35A04226FEA03436FEA61
S21400F1E813430DEB020128190193FFF77FFF002C4C
S21400F1F8AED0224631462846FFF778FFA8E740F209
S21400F208FD1110482DF0B5FBC8E705F46043B3F5CB
S21400F218005F04D1C5F30B0505F5FC25BEE740F2F3
S21400F228052108482DF0A5FB6FF00F074546B6E701
S21400F23817F8013BFF2BB6D04FF4047148462DF063
S21400F24898FBB0E799D70300455C00208C6B00203C
S21400F258FF03E00F10B500F077F825F0FBF9044639
S21400F26818B100F079F8204610BD00F07BF8044687
S21400F2780028F6D10122014B1A70F2E7475C0020FD
S21400F288054B1B7833B1054BC0F3130100221868F1
S21400F298FCF774BC11207047475C00208466002089
S21400F2A8144B2DE9F0411B7805460E461746FBB170
S21400F2B825F0B7F9012805D9841EE4B2012C09D92E
S21400F2C8212412E03B4631462846BDE8F04100229C
S21400F2D800F052B800F038F83B460022314628467F
S21400F2E800F076F8044600F037F82046BDE8F081CE
S21400F2F81124FAE7475C0020124B70B51B780446C9
S21400F3080D461646E3B125F08CF9012805D9831E6B
S21400F318DBB2012B08D9212410E0324629462046C4
S21400F328BDE8704000F040B800F00EF820463246BF
S21400F338294625F091F9044600F00EF8204670BDDF
S21400F3481124FBE7475C002008B52DF07EFA014B38
S21400F358186008BDBC3E0020014B18682DF070BA36
S21400F368BC3E0020024B1968024B1868FCF76CB8C4
S21400F378646600208466002037B505460C46C0F350
S21400F38813010848ED02006805D5224603B0BDE81B
S21400F3983040FCF7A7B9009313462246FCF75CF901
S21400F3A803B030BD8466002030B405461346074ACD
S21400F3B80C46C0F313011068EA0203D5226830BC75
S21400F3C8FCF798BB224630BCFCF78EBA8466002051
S21400F3D8F7B505460F4614461E461BB9212528468E
S21400F3E803B0F0BD0029F9D025F01BF94BF23462C2
S21400F3F8ABB2934220D14FF0FF3322466946CDE99F
S21400F408003325483346FFF7E3FF0822054623491D
S21400F41868460EF075FF38B933462246694641F20B
S21400F428F010FFF7D5FF0546002DD8D132466946BD
S21400F43838460EF0A9FDD2E741F2F01293420FD1FA
S21400F448174B311908299A6CDB6CC7D8CDE900230D
S21400F45832460DEB040138460EF096FD0025BEE751
S21400F46802280BD1C5F30C4332199342B6D3C5F321
S21400F4780B0104F17E6432462144ECE7032809D1E7
S21400F488C5F30C4332199342A8D3C5F30B0104F510
S21400F498FC24F0E70125A2E7021008C05474040013
S21400F4A80080E00F10B527F037FB28F00EFCBDE80B
S21400F4B81040034601210220014A02F00BBC00BF9F
S21400F4C830D8030013B5D0E9023253F822301C783E
S21400F4D8204627F033FB2346009001210220024AEB
S21400F4E802F0F8FB02B010BD44D80300014B1878B0
S21400F4F826F00CBF485C0020FF232DE9F04F8FB0A4
S21400F5081122002108A88DF813300EF0ADFB08A8CC
S21400F51826F0BCF801210220B04A08AB02F0DAFB5C
S21400F52841F24903AE4A0121022002F0D3FB06A8A5
S21400F53826F0DBF908A90DF1130026F0E1F9022000
S21400F5480021A84A02F0C6FB002026F010FF10B1E2
S21400F55806A809F047FE9DF92A3001210220A24A92
S21400F56800939DF82B3002F0B5FB27F0D1FA831EE6
S21400F578DBB2FC2B054631D8012102209B4A02F05B
S21400F588A9FB01249A4E9B4FDFF8D08223463246C9
S21400F5980021022002F09EFB05A9E0B227F0BAFA85
S21400F5A8034650B1A0F11602012A40F2AA8042464C
S21400F5B80121022002F08EFB0CE09DF914303A4639
S21400F5C801939DF816300121009302209DF815300E
S21400F5D802F080FB0134E3B29D42D7D8BDF828403C
S21400F5E808F0ECF923460021834A0090022002F036
S21400F5F871FB02200021814A02F06CFB002026F0F5
S21400F608B6FE10B108A809F0EDFD01217C4A0220DB
S21400F61802F060FB27F0D8F9044627F0D3F9234612
S21400F6280121784A0090022002F054FB08F09EFE62
S21400F63800210220744A02F04DFB9DF81330FF2B80
S21400F64865D000210220714A02F044FB01216C4A71
S21400F658022002F03FFB26F058F9012103466C4AC7
S21400F668022002F037FB08F081F900210346694AB8
S21400F678022002F02FFB26F04EF9044626F04DF93C
S21400F68823460121644A0090022002F023FB2DF055
S21400F6987DF908F013FF01210346604A022002F0B4
S21400F6A819FB0025DFF8B88108F008FFECB2A04285
S21400F6B833D82DF06BF90123594A1946022002F077
S21400F6C809FB002026F022FE564B574C00930121DA
S21400F6D800230220554A02F0FDFA236863B101218F
S21400F6E802201B78524A02F0F5FA2368012102200C
S21400F6F85B78504A02F0EEFA26F00DFE0FB0BDE831
S21400F708F08F012102204C4A02F0E4FA62E7002159
S21400F71802204A4A02F0DEFA98E7494B204603EBF5
S21400F7280416D6F8089008F083FF8246204608F0AC
S21400F738CBFE444F00280CBFC346BB46204608F005
S21400F74877FF0AF031FD002808BF474653460021D8
S21400F7580220CDE900B73C4A02F0BCFAB379012191
S21400F7680293B388022001937388384A0093337B48
S21400F77802F0B0FA0026DFF8ECB099F80430F4B2DC
S21400F788A34203D82DF002F901358DE714235C4314
S21400F798D9F8007002203A5B07EB040A9AF90C3095
S21400F7A800922B4A002132EA230228BF5A46134603
S21400F7B8284A02F08FFA002026F0D9FD38B15046C4
S21400F7C83C5B26F011F9014620460AF03BFD012174
S21400F7D80220214A02F07EFA0136CEE785D80300D9
S21400F7E894D80300B0D80300DCD80300B7D80300C9
S21400F7F8CDD80300D4D8030009D9030029D90300BB
S21400F80873D9030032D9030054D90300B6F90300AC
S21400F8185FD9030075D903008BD90300A1D903006B
S21400F8281ADA030032DA0300B843002026DA0300A7
S21400F83840DA030054DA0300F1D8030011D60300B7
S21400F848EC4200205CD80300ACD90300CCD90300F6
S21400F85879D8030002DA030005220400FCD8030066
S21400F86864D803006DD803002DE9F7430025134E2E
S21400F878DFF8588008F022FEECB2A04202D803B0A7
S21400F888BDE8F0832701204616F8079008F01CFE0E
S21400F8980B4A4B46002808BF424600210220009229
S21400F8A8084A02F017FAF05D26F03BF8012102201C
S21400F8B8054A02F00FFA0135DCE700BFEC420020EB
S21400F8C89E2804006FDA030005220400A828040016
S21400F8D808B583685A681178C26853F82230A1F1CF
S21400F8E8650251425141187808F0A4FF30B9BDE8C6
S21400F8F8084001210220024A02F0ECB908BD00BF08
S21400F9087ADA030000210220014A02F0E3B900BFB8
S21400F91894DA030000210220014A02F0DBB900BF96
S21400F928C2DA030010B5044686B0182200216846DD
S21400F9380EF09AF9684626F069FCD4E9022052F8D7
S21400F948203002EB80021B788DF80B30516891F955
S21400F95800108DF80A1091680988ADF808106168DB
S21400F968091A032907DDD26803F01F03127843EA51
S21400F97842138DF80B30684608F0CEF8002103468F
S21400F988024A022002F0A6F906B010BDDEDA03002D
S21400F99807B5002027F080F800210090034B0220CE
S21400F9A8034A02F097F903B05DF804FBEBDA0300AC
S21400F9B8F1DA030013B5D0E9023253F8221003EB4C
S21400F9C882035B68087819680023094CA2229942CA
S21400F9D808BF2146C01A18BF012027F051F8012198
S21400F9E80090044B0420044A02F074F902B010BDDB
S21400F9F800F8FF07FCDA03000ADC030013B5D0E9B9
S21400FA08023203EB820153F82230D1E90114187848
S21400FA18FF22003818BF01202378096827F030F83D
S21400FA2801210090034B0420034A02F053F902B068
S21400FA3810BD00BF03DB03000ADC030008B5002185
S21400FA4801230C4A26F0A1FE0A4826F001FC0020F5
S21400FA58094909F05FFC002026F089FC10B105482A
S21400FA6809F0C0FBBDE8084001210420034A02F063
S21400FA7831B900BF7A61002018DB030005220400B4
S21400FA8810B525F04CFF034630B1BDE81040012103
S21400FA980420054A02F01EB90121BDE810400420E2
S21400FAA8024A02F017B900BF26DB030037DB030063
S21400FAB810B526F0CFFBBDE8104003460121022012
S21400FAC8014A02F007B900BF42DB030010B526F072
S21400FAD893FBBDE81040034601210220014A02F0CC
S21400FAE8F9B800BF58DB030037B5D0E90232012465
S21400FAF853F822304FF6FF701D78FE2204FA05F1FF
S21400FB08002327F029F82B46009021460420024AB5
S21400FB1802F0E0F803B030BD6CDB0300D0E9023237
S21400FB2853F822301B7823B101210220024A02F042
S21400FB38D1B8024A137070478BDB0300485C00207C
S21400FB4807B5684625F0D1FE07F038FF01210346C1
S21400FB58084A022002F0BEF8684609F043FB08F09F
S21400FB68A1F901210346044A022002F0B3F803B0C3
S21400FB785DF804FBA1DB0300BBDB030037B5D0E967
S21400FB880245406854F82530401B0328D8BF00209B
S21400FB9804EB8504C8BFE06819786368C8BF0078B6
S21400FBA81A78A36893F900300090012026F058FFD1
S21400FBB838B901210220084A03B0BDE8304002F0F7
S21400FBC889B8064B0190009301210220044B054A90
S21400FBD802F080F803B030BDCCDB0300D4DB0300B2
S21400FBE8A80A0400E8DB030007B5012026F040FF5A
S21400FBF848B9009001210220084B094A02F06AF829
S21400FC0803B05DF804FB054B019000930121022028
S21400FC18044B054A02F05EF8F2E700BFD4DB0300A7
S21400FC28FFDB03008D360400E8DB030008B5D0E9E7
S21400FC38023253F82230187826F0CCFE30B9044A3F
S21400FC480121BDE80840042002F044B8014AF7E75D
S21400FC5814DC030030DC030008B5D0E9023253F8A0
S21400FC682230188826F0B4FE30B9044A0121BDE8CF
S21400FC780840042002F02EB8014AF7E74FDC0300DC
S21400FC887FDC030073B50378044613F0050F0ED027
S21400FC984588062D17D1836801215B68174A1B78AB
S21400FCA80193838804200093154B02F013F82378F9
S21400FCB8012B20D001210420114B124A02B0BDE8C6
S21400FCC8704002F007B835B98388012104200E4A2F
S21400FCD802F000F8EBE7012DE9D186680B49002011
S21400FCE809F018FB304609F07DFA29460420084A30
S21400FCF801F0F0FFDBE702B070BD00BFB5DC030023
S21400FD08ACDC030007DD0300D2DC0300EFDC0300F5
S21400FD18052204002DE9F04F00268FB0364D09ACB9
S21400FD280FCD0FC42B6801210220344A236001F04E
S21400FD38D1FF3446DFF8DC9025F0EBFDF5B2A8429B
S21400FD480BD825F0E6FD23460090012102202C4A18
S21400FD5801F0C0FF0FB0BDE8F08F284605A926F0D1
S21400FD6823FE0346002841D19DF81430032B39D9C9
S21400FD7804238DF814302B4600210220214A01F076
S21400FD88A9FF9DF814300EAA02EB830300214A4609
S21400FD9853F8143C022001F09DFF28469DF821A048
S21400FDA89DF815B09DF81870BDF8168026F0FEFD73
S21400FDB85346CDE9028000210220CDE900B7124A59
S21400FDC801F088FF01340020E4B226F0D0FA18B11A
S21400FDD80DF1190009F006FA002102200B4A01F07D
S21400FDE879FF01E0002BC6D10136A5E700210220E5
S21400FDF8074A01F06FFFF7E75C74040019DD03009B
S21400FE0892DD0300CFD8030046DD0300E2D00300EE
S21400FE186DDD030019E80300C3688268013BDBB2A6
S21400FE2852F8233002201B78652B14BF00220121CC
S21400FE38044B1BBF01211A70034A044A08BF1970F5
S21400FE4801F048BFF46B0020A9DD0300B7DD03000E
S21400FE58D0E9023253F822301A88014B1A807047CC
S21400FE688E6B002007B5D0E9023103EB810253F808
S21400FE78213052681988054B054812880093008877
S21400FE88012309F0A3FE03B05DF804FB8DFC000017
S21400FE988E6B0020C3688268013BDBB252F82330C1
S21400FEA85B78A3F1660253425341014A13707047C8
S21400FEB8F76B002030B5D0E9023253F8223089B00B
S21400FEC81D78012302AA1946044626F05EFC012383
S21400FED80093102302210DEB0302204626F036FC81
S21400FEE8284604AA02A926F051FE0446002026F059
S21400FEF83EFA18B12146044807F0F0FD00200349F1
S21400FF0809F0EEF909B030BDC6DD0300052204008D
S21400FF18002330B58FB00221009309AA12230546A4
S21400FF2826F014FC05AA014609A807F0B5FB044606
S21400FF3898B1232805D1134A0121042001F0CAFEEE
S21400FF4809E0212801D1104AF6E7034601210420DA
S21400FF580E4A01F0BFFE0FB030BD012328461946F1
S21400FF6803AA26F012FC05A903A826F011FE0546EA
S21400FF78204626F0FCF918B12946054807F0AEFDDC
S21400FF88044AD9E7D3DD0300F6DD030031DE0300BB
S21400FF9852DE030005220400F0B5D0E9023253F819
S21400FFA8221003EB82039B6805461F7887B0384605
S21400FFB80E7826F0BCF9044608BBD5E902210123D1
S21400FFC88DF80830194452F8210002EB81020088A7
S21400FFD88DF809709268ADF80A00127804218DF839
S21400FFE80C2028460DF10D0226F0CFFB304602A95C
S21400FFF88DF8154026F0DCFC044626F08CF93346CE
S21401000801210420024A009401F064FE07B0F0BD05
S21401001867DE03002DE9F04101218EB00220274A50
S21401002801F058FE002005AB01AA09A926F0A8FD93
S21401003800250446224E234FDFF898801CB1284637
S2140100480EB0BDE8F08102202B463246214601F06B
S21401005841FE204626F08BF910B10AA809F0C2F82D
S2140100683A46002102209DF8303001F033FE424620
S21401007800210220079B01F02DFE00210220BDF879
S2140100882030114A01F026FEBDF8143000210F4A2F
S214010098022001F01FFE013501A826F063F9EDB232
S2140100A8012102200A4A01F015FE284605AB01AADD
S2140100B809A926F065FD0446C0E700BF99DE0300DE
S2140100C8DFDE0300E7DE0300D5F90300FCDE0300EC
S2140100D805220400F3DE03002DE9F047064698B032
S2140100E8C0B925F014FC074600250EA826F052FDD7
S2140100F801210220384A01F0EDFD2C46DFF8E080A8
S214010108DFF8E090DFF8E0A0BC4205D3284618B037
S214010118BDE8F0870127E7E713A826F03BFD002E88
S2140101284CD0022306A913A88DF84C30FE2426F0DD
S21401013823FD00283FD102A913A826F023FD9DF828
S214010148593043F001038DF85930002E3DD123462E
S21401015831460220214A01F0BDFD9DF859300AA911
S21401016843F0010313A88DF8593026F00BFD002043
S21401017826F0FDF810B114A809F034F80C9B424695
S2140101880021022001F0A6FDBDF82820002112F466
S214010198007F0CBF4C23412312F0100F0CBF6E22B8
S2140101A87922022000924A4601F094FD06A826F01C
S2140101B8D9F80135EDB20134E4B2A5E720460AAB19
S2140101C806AA13A926F0DAFCB3E752460021022054
S2140101D801F080FDC1E700BF06DF0300DFDE030094
S2140101E8F3DE030042DF03003BDF030030B50124E2
S2140101F899B00EA826F0CEFC13A88DF8384026F044
S21401020867FCC0B9BDF84C1011EA040513D12146A4
S2140102180220444A01F05EFD29460220424A01F0C6
S21401022859FD214602203F4A01F054FD214602208D
S2140102383C4A01F04FFD06A90EA826F09DFC20B108
S2140102481022FF2106A80DF00FFD04A826F09CFC3D
S214010258059B01210220354A0093354B01F03AFDF2
S2140102689DF8123001210220324A0093304B01F0EA
S21401027831FD00212E4B304A022001F02BFD06A845
S21401028826F070F813A826F085FC02230AA913A8FD
S2140102988DF84C3026F076FC00283FD10B9B009356
S2140102A801210220254B264A01F014FD0121234B8A
S2140102B8244A022001F00EFD0120FFF70DFF01215F
S2140102C81E4B214A022001F005FD0020FFF704FF1E
S2140102D8044625F01CFB23460090012102201B4AF8
S2140102E801F0F8FC01211A4B174A022001F0F2FC32
S2140102F8FFF790FE1749022803461748174A28BFF2
S2140103080A46084928BF01460092CDE90131022074
S2140103180121134A01F0DEFC19B030BD4FF0FF335E
S214010328BDE700BF0522040055DF030093DF030085
S2140103388BDF0300A3DF0300320904005F17040004
S214010348B6DF0300C6DF0300CDDF0300D6DF0300F8
S214010358EADF030051DF03009CFE0300EEFE030004
S214010368F8DF030010B5D0E9023253F822301C78C2
S214010378201E18BF012026F097FB054A054B0020D2
S214010388002C18BF1A46BDE81040034908F0A8BF5C
S21401039825E0030020E003002EE00300D0E9023246
S2140103A810B553F822301C88204626F07FFB2246DB
S2140103B8BDE810400020014908F092BF6FE0030035
S2140103C837B5044607F0D2FA014638B100200D4A7F
S2140103D80D4903B0BDE8304008F082BFE368A26863
S2140103E8013BDBB252F8233008481D780123084A3E
S2140103F800936C2D08BF02461023204626F0A6F966
S21401040803B030BDBDE00300C5E00300DD6B00208E
S214010418CD6B002013B583689A681278672A22D1B3
S21401042801A826F055FB0446A8B9BDF804201749CB
S21401043808F056FFBDF80430DA070AD413F0020FA5
S214010448134B144A18BF1A461349002008F048FFF0
S21401045819E0124AF8E702461149002008F040FF61
S21401046822461049F1E7C26801A953F8220003EBB6
S21401047882035B6800681B68ADF8043026F02EFB23
S21401048804460028ECD102B010BD00BFF8E0030016
S214010498EBE003008F0A040019E10300DBE0030028
S2140104A82BE1030057E10300034A04491388C854A3
S2140104B801331380704700BF2A5700204E5C002086
S2140104C873B5154D01242B78144E13F0040F0CBF89
S2140104D802230423124A214614703288022001920C
S2140104E8EB5C104A0093104B5B8801F0F3FB00218C
S2140104F802200E4A01F0EEFB0D4B29460093328886
S2140105082346022001F02CFC21460220094A02B0AB
S214010518BDE8704001F0DEBB4E5C00202A57002083
S2140105284D5C002066E103001C5700208BE10300A8
S214010538ADE103000522040070B516464FF48A5251
S214010548114B124DDA805980114B1B881A1E18BFA1
S214010558012240EA82000F4A1278003A18BF0122A7
S21401056840EA0210287063B103246B701B0AAB7053
S21401057809F088FE631C2855EE54074B02341C808C
S21401058870BD0124F4E700BF1C5700204E5C002014
S214010598285700204C5C00202A57002038B5D1E99E
S2140105A802320C46054653F82230024619880C4B8F
S2140105B81878FFF7C1FFE368A268013352F82330C1
S2140105C8188824F08BF84DB1E368A268023352F814
S2140105D823301878BDE83840FFF766BF38BD00BF3E
S2140105E8495C0020F0B50546EB68AA68023352F864
S2140105F8233008461C78294685B0FFF7CFFF2046EA
S21401060825F0DEF9204E214F78B3204625F0E4F98F
S2140106180321441C03AA284623F0C7F83288E4B20B
S214010628C2F1FF0303991B1B9BB28B4222443CBFBA
S214010638C2F1FF0303930123032100933A449DF873
S2140106480C30284626F082F8039A022C338804BF19
S2140106580F48110AFA5408BFC15413441C44348085
S21401066805B0BDE8F040FFF72BBF204607F086FE31
S2140106780123328804460093032103463A44284658
S21401068826F064F83388E9E72A5700204E5C0020F4
S2140106984F5C0020052307B5012100930220044B77
S2140106A8044A01F017FB03B05DF804EBFFF79EBDA3
S2140106B894E103009BE1030013B5044626F004FA0F
S2140106C838B1CDE9004001210220034B034A01F06D
S2140106D801FB02B010BD00BFBDE00300B2E103009C
S2140106E8194B37B51B783BB901210220174A03B0CD
S2140106F8BDE8304001F0EEBAD0E90232144C53F8A6
S214010708223001211D78638802200093114A2B4666
S21401071801F0E0FA104B25711B78104D63B10121E9
S21401072802200F4A01F0D6FA20460E4A298803B05D
S214010738BDE8304024F0E5BE20460A4A298803B0C1
S214010748BDE8304024F09FBF4D5C0020C9E103009E
S2140107581C570020D7E103004A5C00202A570020D6
S214010768EEE103004E5C00202DE9F041D0E90232AB
S21401077853F8221003EB82035A680C7817889A6894
S214010788DB68B2F80080C6B01D780021304B022025
S214010798304A0094CDE9017801F09CFA002D0CBF8F
S2140107A86E237923012102202B4A01F093FAFF23B5
S2140107B8002D0DF1170606AD019320460CBF8023C8
S2140107C84023424639460296009525F03FFC0446EA
S2140107D8002835D1307825F0F9F80746B0B1284613
S2140107E825F084FD1D4BFD28A8BFFD200093234658
S2140107F882B20DF11901022001F0B2FA012102209C
S214010808174A01F067FA46B0BDE8F081307825F05E
S214010818E3F860B1284625F06EFDFD28A8BFFD2047
S2140108280E4B82B200930DF11A013B46E3E730788E
S21401083807F0A4FD0B4B0246009329460123DAE78D
S214010848009001210220084B084A01F043FADAE732
S214010858FB17040008E203002DE20300B32B040093
S21401086805220400ADE10300B5EA030037E2030000
S214010878D0E9023253F8221003EB82032DE9F04F38
S2140108885A680F78B2F800809A68C7B0B2F8009034
S214010898DA681B6992F800A01E7800212F4B304AAF
S2140108A80446CDE901890220009701F013FABAF14E
S2140108B8000F0CBF6E23792301210220294A0096D6
S2140108C806AD01F007FAFF22002128460DF0CCF903
S2140108D8304625F07BF8834608B3002305210093AC
S2140108E82046FD230DF1190225F030FF2870BAF1D4
S2140108F8000F0CBF802340234A4641463846CDE9BF
S214010908005625F06EFB0146144807F0E7F801216A
S2140109180220154A01F0DEF947B0BDE8F08F3046EF
S21401092825F05AF860B1FD2305212046CDF800B020
S2140109380DF11A0225F00AFF85F801B02870D6E7EE
S2140109480590304607F01AFD059A034600920521E0
S2140109582A46204625F0FAFEC9E700BFEE1704002E
S21401096808E2030048E20300052204002DE9FF47D8
S2140109781C465B68E5685B1B00255FFA83F80395F0
S2140109882E46FFF7D9FDEBB298450BD90C9B9B5D1C
S214010998282B39D8202B00F2CB800136F6B2002B53
S2140109A840F0C980FFF78CFD04B0BDE8F087132A34
S2140109B82FD801A151F822F0870A0100990A0100EF
S2140109C8AB0A0100DF0A0100AD090100AD0901000B
S2140109D8AD090100AD0901001B0A01001B0A01004F
S2140109E81B0A01001B0A01001B0A01001B0A010061
S2140109F81B0A01001B0A01001B0A01001B0A010051
S214010A082B0A0100050B0100A3F13102D1B213290B
S214010A18CDD90136F6B2A3F14102032AC2D8422B38
S214010A286CD06C4F00213A88DFF8B0A1C2F1FE0302
S214010A389BB2FF2B28BFFF2301320091DBB2204671
S214010A48524469B225F05EFE3B880AF8030001337A
S214010A581844388011E04FF00409E368A2682B4473
S214010A6852F823301F68F8B209F1FF39FFF71CFD69
S214010A7819F0FF094FEA1727F5D1013583E7E3682F
S214010A88A2682B4452F823301878FFF70DFDF4E7D7
S214010A98E368A2682B4452F82330188823F01EFE18
S214010AA8EBE7E368A2682B4452F823301F68B7F1D6
S214010AB8807F09D2F8B2FFF7F7FCC7F30720FFF7E4
S214010AC8F3FCC7F30740E0E72B4601210820424A1A
S214010AD801F000F966E74FF00409E368A2682B44C1
S214010AE852F823301F68F8B209F1FF39FFF7DCFC2A
S214010AF819F0FF094FEA1727F5D1BEE7294603AAD9
S214010B08204622F052FE0021324F344A3B88DDF857
S214010B180C9002EB030CCAB2914501F1010102D80F
S214010B284B443B80A9E710F802A00CF802A0F2E7B4
S214010B38242B3FF670AF013B232B3FF633AF01A2C0
S214010B4852F823F0870A0100990A0100AB0A01004E
S214010B585F0A0100AD090100AD090100AD090100F8
S214010B68AD090100AD090100AD090100AD0901009B
S214010B78AD090100AD090100AD090100AD0901008B
S214010B88AD090100870A0100990A0100AB0A0100B4
S214010B98DF0A0100AD090100AD090100AD09010038
S214010BA8AD090100AD090100AD090100AD0901005B
S214010BB8AD090100AD090100AD090100AD0901004B
S214010BC8AD090100870A0100990A0100AB0A010074
S214010BD85F0A01002A57002061E203004E5C0020EC
S214010BE8094B1B7823B101210820084A01F072B885
S214010BF8D0E9023253F82230054A1B8801211380B6
S214010C080820044A01F066B84D5C002087E203001C
S214010C1828570020C9E20300D0E9023253F82230EF
S214010C28054A1B780121003B18BF012308201370D1
S214010C38024A01F04FB800BF4B5C0020EFE2030008
S214010C48D0E9023253F82230034A1B780121137087
S214010C580820024A01F03EB84C5C00201EE303005F
S214010C6810B5D0E90232044653F822301322198807
S214010C780B4B1878FFF760FCE368A268013352F85B
S214010C8823301878FFF710FCE368A268023352F89D
S214010C9823301878FFF708FCBDE81040FFF710BCB2
S214010CA8495C002010B5D0E90232044653F82230D8
S214010CB8112219880B4B1878FFF73EFCE368A268E7
S214010CC8013352F823301878FFF7EEFBE368A26881
S214010CD8023352F823301878FFF7E6FBBDE81040D8
S214010CE8FFF7EEBB495C0020D0E9023253F8223008
S214010CF8034A1B78003B18BF0123DB0013707047BB
S214010D08495C002010B5D0E9023253F82230044677
S214010D1819880E4B06221878FFF70EFC0120FFF7FC
S214010D28C3FBE368A268034452F82330188823F00B
S214010D38D5FCE368A268023352F82330188823F0FA
S214010D48CDFCBDE81040FFF7BBBB00BF495C0020E7
S214010D582DE9F043D0E902324FF0FD09013253F88C
S214010D68221003EB82035A68C7B017889A68B1F84D
S214010D780080147853F8043C002C0DF1170506AED4
S214010D8818783A4614BF4023802341460295CDF889
S214010D980490009625F05AF9034638B1184A0121FD
S214010DA8082000F097FF47B0BDE8F083201E18BF63
S214010DB801200A224146C000FFF7BEFB384623F051
S214010DC88DFC2878FFF770FB4A463146287824F0D0
S214010DD8ABFD044628B10B4F3D88C5F1FF03984289
S214010DE802DD2346084ADAE702460848314628441F
S214010DF825440DF0C9F83D80FFF762FBD3E700BF35
S214010E0854E303002A57002070E303004E5C0020D9
S214010E1810B5D0E90232044653F822300822198860
S214010E280B4B1878FFF788FBE368A268023352F881
S214010E3823301878FFF738FBE368A268013352F8C5
S214010E482330188823F04AFCBDE81040FFF738BB6A
S214010E58495C002073B5D0E902320546023253F8E0
S214010E68221003EB820353F8042C53F8083C0C7841
S214010E781988234B168818780622FFF75DFB002091
S214010E88FFF712FB304623F029FC2046FFF70CFB40
S214010E98EB68AA68033352F82330188823F01EFC3F
S214010EA8EB68AA68043352F82330188823F016FC36
S214010EB8204609F0E7FBE8B9204607F05FFA052166
S214010EC80446019001AA284622F06FFC019B0146C0
S214010ED89C4206D0224631460A480BF0A7FD02B0CE
S214010EE870BD094D09482E882246304434440CF01A
S214010EF80DFF2C8002B0BDE87040FFF7E1BA00BFD5
S214010F08495C00209CE303002A5700204E5C002021
S214010F1873B5D0E902324FF48A5153F82230104D96
S214010F281A88104BD9805A8000232A46009301213B
S214010F38FF2325F00BFC2B78044613F0040F0A4B0D
S214010F4808BF01261B7818BF032613B109F09AF9C2
S214010F58A855064B1C8002B0BDE87040FFF7B0BA32
S214010F684E5C00201C5700204B5C00202A570020AE
S214010F78D0E9023253F82230034A1B78003B18BFE7
S214010F8801231370704700BF4A5C002010B50C4659
S214010F9808B908F003F9024B18715C7110BD00BF5F
S214010FA81C57002002462DE9F341D0E90253526846
S214010FB855F82310D21A0C8805EB8301013BDBB2E6
S214010FC855F82380294D022A4868C8BF8A682B78B5
S214010FD8D8BFFF210078C8BF11783BB9012102208C
S214010FE8234A02B0BDE8F04100F074BEFFF7CEFF19
S214010FF806F0E4FC1F4F204E3B880146224600932C
S2140110081E48334625F00FF90246C8B998F8041069
S2140110183B885F2917D1CDE900364FF6FF71204688
S214011028164B24F062FA28B1034601210220144A1D
S21401103800F050FE0023134A2B701380124A1370D7
S21401104802B0BDE8F0814FF6FB718C4208D9CDE9B4
S21401105800362146094B4FF6FF7024F0A4FAE2E762
S2140110682146064A009624F0D0FADCE74D5C0020BB
S214011078E7E303002A5700204E5C00201C57002097
S214011088EEE30300285700204C5C0020002210B530
S2140110980A2104461046FFF74FFA002023F01EFBEC
S2140110A80122044B1A70FFF70BFA2046BDE81040E0
S2140110B8FFF778BF7761002038B51C46154601232F
S2140110C8224625F062FB60B92146284625F026FD12
S2140110D8044620B101210420034A00F0FBFD204606
S2140110E838BD0024FBE700BF15E403002DE9F043F3
S2140110F80C4615461F46D0E9022352F8231002EB88
S214011108830293680E8893F80080D3688BB0B3F88F
S21401111800903246012106ABFFF7CEFFF0B90DF17C
S214011128200CF4B101232A884021CDE902C2CDE979
S2140111380471CDE900932221434606AA304625F0DC
S2140111485BFB0B4B0B4A00930B4B0190002C08BF23
S214011158134601210420094A00F0BCFD0BB0BDE886
S214011168F083624628686968032303C22246DBE7E0
S21401117874E4030059E4030053E4030061E4030044
S21401118807B501236A46002125F0FFFA6846034998
S21401119808F0C8FD03B05DF804FB00BF8DFC000035
S2140111A8D0E9023253F822300149188808F08CBD7C
S2140111B88DFC000010B5D0E9023203EB82014968C4
S2140111C853F8223009784FF48A52188825F004FB20
S2140111D8BDE81040034601210420014A00F07ABD0B
S2140111E87EE40300D0E9023253F8223002214FF49C
S2140111F88A5210B5188825F0E1FABDE81040034672
S21401120801210420014A00F065BD00BF97E40300F0
S2140112181FB5D0E9023203EB820153F82230496840
S21401122818884FF48A5309880293094B094A01938F
S214011238094B1B7800931278084B25F035FB0121E2
S21401124803460420064A05B05DF804EB00F042BDEB
S2140112582C5700204E5D00204D5D0020365700209B
S214011268AEE403002DE9F043D0E9023253F8221028
S21401127803EB82035A680E8817789A68DB688BB086
S21401128892F80090B3F800803246042106AB044673
S214011298FFF712FF28BB08AD01232A460521204681
S2140112A825F073FA38B9042001210F4A00F012FD1F
S2140112B8284624F01AFB4FF48A53CDE904930023F9
S2140112C8CDE9025303232121CDE9008306AA3B4633
S2140112D8304625F091FA01210346044A042000F01D
S2140112E8F9FC0BB0BDE8F083C6E40300F5E403009F
S2140112F838B5D0E9024303F18043023B02220F4985
S21401130854F823009D000CF0FBFF60B90C4B0D4907
S2140113181A78042A0BD82C44A068008821F81200F1
S21401132801321A7038BD084B08491A78F1E70121CD
S214011338BDE838400420064A00F0CCBC231004005F
S2140113484E5D0020365700204D5D00202C570020AA
S21401135807E5030008B5C368806803F18043023BCC
S2140113680222064950F823000CF0CAFF10B9044BB4
S214011378187008BD0022034B1A70FAE72310040000
S2140113884E5D00204D5D002037B5D0E9023153F897
S21401139821208C0015784268521A012AC5BF1B19EC
S2140113A85B686C091C78DCBF44F0180405F01F055F
S2140113B82946204625F03CF9034640B1234601213B
S2140113C804200E4A009500F085FC03B030BD0121CB
S2140113D8A94074B92346FE224FF6FF7025F0BCFBE0
S2140113E8012103460420064A03B0BDE8304000F058
S2140113F871BCFE2241EAC461EEE700BF1DE50300A9
S2140114083DE5030070B5D0E9021551F8253001EB2A
S2140114188501044618884B681A788B68052A1B8844
S21401142802D85E1E072E0BD9012104200C4A00F0B3
S21401143851FCBDE87040012104200A4A00F04ABC6C
S2140114486468641B032CCABFC9680749096825F084
S21401145883FBBDE8704002460449002007F05ABFE6
S2140114685BE503007BE5030000F8FF0798E503004A
S21401147808B5D0E9023253F8220003EB8203596813
S214011488FF22038809684FF6FF7025F065FBBDE863
S214011498084002460149002007F03CBFABE50300BF
S2140114A808B5D0E9023253F82230052140221888BF
S2140114B825F084F9BDE8084002460249002007F0F5
S2140114C829BF00BFCCE5030008B5D0E9023203EB1B
S2140114D88201486853F8221002784023098831208F
S2140114E825F0BFF9BDE8084002460249002007F08A
S2140114F811BF00BFEDE5030008B5D0E9023203EBE2
S2140115088201486853F8221002784023098833205C
S21401151825F0A7F9BDE8084002460249002007F071
S214011528F9BE00BF07E603001FB5D0E9023253F83B
S214011538221003EB82039B6808881A780023D21AC4
S21401154818BF0122CDE9023302A94023D20125F0B2
S21401155897F901210090044B0420044A00F0BAFBD5
S21401156805B05DF804FB00BF74E4030025E603003C
S21401157807B5D0E9023253F82230032140221888F1
S21401158825F01CF901210090034B0420034A00F0C2
S214011598A1FB03B05DF804FB74E4030034E6030022
S2140115A837B5C3688268053352F8233004211D789D
S2140115B86A460123044625F0E8F838B904200121D3
S2140115C8064A00F087FB684624F08FF92B466A46E0
S2140115D800212046FFF78AFD03B030BD4EE6030022
S2140115E807B5D0E9023203EB8201486853F82210A6
S2140115F8027840230988322025F033F9012100902A
S214011608034B0420034A00F065FB03B05DF804FBB6
S21401161874E403007FE6030070B585690446EA07AB
S21401162805F0020605D476B1C5F3072024F07FFE3F
S21401163809E01EB1B2210F482BF09BF9A069C0F34F
S214011648810024F063FEE3691BB9BA2109482BF02F
S21401165890F9204614F098FBE3693EB1607E9847FE
S214011668AB0706D0BDE8704024F055BE2046984723
S214011678F6E770BD94E6030008B514F079FE28B1C4
S214011688BDE80840472102482BF073B908BD00BFE2
S21401169894E603002DE9F041FF2B04460F469046D9
S2140116A81D469DF8186005D0FF2E03D0D521114898
S2140116B82BF05FF90023FF2D18BFAD000E4A1CBFA3
S2140116C845F00105EDB222600C4AC4E9063818BF98
S2140116D8A561FF2EC4E901232361E76007D0A3694A
S2140116E843F0020323F47F4343EA0623A361BDE8DC
S2140116F8F08100BF94E60300C03E002021160100D9
S214011708002310B5054C03610460054CC261C0E9AD
S21401171801430123C160836110BD00BFC03E0020A4
S2140117282116010070B58669044606F00303032BEB
S2140117380D4603D1FC2114482BF01BF9FF2D16D0BA
S214011748B20704D440F201110F482BF012F92846CB
S21401175824F08BFAFF28054604D14FF482710A4813
S2140117682BF007F92DB204EB4514204670BDF3079C
S214011778FBD5A36913F00C0FF7D040F20B11024802
S2140117882BF0F7F8F1E700BF94E603000023054ABB
S214011798C0E9063103610260C360034A034B426035
S2140117A883607047C03E0020211601005D5D02007F
S2140117B8014827F0B2B900BFC03E0020014827F013
S2140117C8B8B900BFC03E002013B50E4827F07FF910
S2140117D823F007F826F03DF926F05FF926F069F9B7
S2140117E8FCF728FF0446FCF73FFF2346009001213B
S2140117F80420054A00F06EFA02B0BDE81040FCF776
S2140118081FBF00BFC03E002027E70300022808B517
S21401181803D12BF0A7F8014B186008BDF03E002055
S21401182808B50DF08FF80122044B1A702BF023F936
S214011838BDE8084002490348FDF7C4B8505D0020DA
S21401184890660020F43E0020014B1870704700BFD8
S2140118584F5D0020024B187808B106F093B8704720
S214011868ED6B002008B5074B1B780BB1002008BDAF
S214011878FFF7F0FF0028F9D106F05EFC023818BF22
S2140118880120F4E74F5D002070B5FFF7EBFF174D19
S21401189820B1FFF78DFF0428044613D82B781BB90F
S2140118A82BF0E9F801232B7022F0A9FF0446D8B1E2
S2140118B82B781BB9F7210E482BF05BF8BDE8704072
S2140118C8FFF776BF22F09DFF0028E7D02B785BB1A3
S2140118D82AF0BBFF06460021012029F0F1F930461F
S2140118E82AF0AEFF00232B70204670BD505D002005
S2140118F848E703001FB5FFF7C7FF0446FDF740FAA0
S214011908A04228BF204688B103A929F0F5FD034661
S21401191838B9CDE90000064A039906482BF03EF887
S21401192818B18E2104482BF024F8012004B010BD0C
S21401193805480300D03E002048E703000D4B70B56C
S2140119481B780D4D0D4C0121002B0CBF2B46234651
S21401195802200B4A00F0BEF90A4B01211B7802202F
S214011968002B0CBF2B462346BDE87040064A00F004
S214011978B1B900BFED6B00204210040061100400ED
S214011988DEE703004F5D0020FDE7030010B5D0E950
S214011998023253F8223002201B780121002B15BF92
S2140119A801240024044A054A00F094F92046BDE8BB
S2140119B81040FFF749BF00BF1CE8030039E80300E1
S2140119C8D0E9023253F82230034A1B78003B18BF8D
S2140119D801231370704700BFED6B002038B5012551
S2140119E8084B1D702AF031FF04462946284629F07F
S2140119F867F920462AF024FFBDE838400249034823
S214011A08FCF7E0BF515D0020986600201C3F0020CF
S214011A1870B514F033FD10F0070F1D4D11D02B785B
S214011A285BB901262E702AF010FF0446314630466F
S214011A3829F046F920462AF003FFBDE8704014F065
S214011A48EDBA25F06DF8022803D1124B1B78032B4B
S214011A58E5D914F013FD18B90E4B1B78032B14D8CF
S214011A6814F0DCFA04460028D9D02B785BB100269E
S214011A782E702AF0EAFE05463146012029F020F9A3
S214011A8828462AF0DDFE204670BD4FF0FF34ECE70D
S214011A98515D0020D86100201FB5FFF7B9FF044645
S214011AA8FDF76EF9A04228BF204688B103A929F0A0
S214011AB823FD034638B9CDE90000064A03990648CE
S214011AC82AF06CFF18B18C2104482AF052FF012035
S214011AD804B010BDDF4C0300FC3E002058E80300AC
S214011AE810B5094C0949002007F0FAFB23681B6862
S214011AF8587924F0F0F823681B68587923F0F4F82D
S214011B0805F066F9002010BD7C440020E6E80300D5
S214011B1808B524F0F5FF024628B1BDE808400020C4
S214011B28014907F0DDBB08BD09E9030008B524F043
S214011B38FDFF024628B1BDE808400020044907F029
S214011B48CFBB5422BDE80840FF2102480CF08CB8F0
S214011B5821E903004057002038B504460D4624F015
S214011B68E9FF024628B1BDE838400020034907F0DE
S214011B78B7BB034B23F8145038BD00BF3FE9030039
S214011B88405700202DE9F34100240C4E0C4DDFF898
S214011B9838800C4F56F8043B0BB9D8F8003035F8A6
S214011BA8022B3946009200202246013407F098FBA2
S214011BB82A2CEFD102B0BDE8F08100BFA466002050
S214011BC8945700205BE90300A066002008B52A2187
S214011BD8034824F0A7FFBDE80840FFF7D3BF00BFBE
S214011BE89457002007B5D0E9023253F822301A7804
S214011BF8292A0DD8084B53F822300BB9074B1B6816
S214011C080749002031F812100091064907F068FBD1
S214011C1803B05DF804FB00BFA4660020A0660020A0
S214011C28945700205BE9030008B52A21034824F0ED
S214011C387BFFBDE80840FFF7A5BF00BF945700200B
S214011C4838B5D0E9023253F8221003EB82035B68F9
S214011C580C781D880020044907F042FB29462046D7
S214011C68BDE83840FFF778BF66E903002DE9F34180
S214011C7800240C4E0C4DDFF838800C4F56F8043B08
S214011C880BB9D8F8003035F8022B394600920020F7
S214011C982246013407F024FB2A2CEFD102B0BDE816
S214011CA8F08100BFA4660020405700205BE90300CE
S214011CB8A066002010B5024623F02CF820B9044C83
S214011CC8236811B11343236010BD23EA0203FAE720
S214011CD8506700200CB413B502460C4623F01AF8D8
S214011CE860B9094B1B681A4208D005A904980191E6
S214011CF80AF0B0FE14B1054825F039FE02B0BDE879
S214011D08104002B0704700BF5067002065EC030022
S214011D18034610B5D3E9023253F8223008461C7838
S214011D28211E18BF0121FFF7C5FF014648B9084A19
S214011D38084B0220002C08BF1346074AFFF7CAFFC4
S214011D4810BD00210220054AFFF7C4FFF8E700BFCF
S214011D5864D803005CD8030067EC03007DEC03003D
S214011D682DE9F04105461F460C46DFF82C808E18F3
S214011D78B44201D1BDE8F0810021284614F8013BA0
S214011D88069AFFF7A7FF002FF2D042460021284601
S214011D98FFF7A0FFECE700BFF1DE03000021024ACF
S214011DA80248FFF7ADBC00BF391E0100243F0020E2
S214011DB8FF21014822F007BD243F00200022034BE3
S214011DC8FF2103481A7022F0F7BC00BF525D0020BD
S214011DD8243F002013B5114C2378032B13D8009306
S214011DE800230F4A18460F4907F07AFA237842F279
S214011DF81072002B08BF0022FF210B4802B0BDE875
S214011E08104022F0C8BC00220849104607F068FABC
S214011E1802B0BDE81040FFF7D1BF00BF525D0020F9
S214011E288EEC0300A0EC0300243F0020AAEC03007C
S214011E38F0B52B4D8FB02B7823B309A824F0AAFE52
S214011E48022309A88DF8243024F092FE01AA06463A
S214011E589446244B03F1100714461868596808334A
S214011E6803C4BB422246F7D105AA17461E4B03F107
S214011E78100E144618685968083303C47345224679
S214011E88F7D1E6B1012409A824F020FE28B9BDF847
S214011E98243013F0020F18BF01242B781349002BA6
S214011EA84FF000034FF0A00208BF1946204624F061
S214011EB8E7FD90B92B7801332B700FB0F0BD614662
S214011EC809A824F057FE0028DCD1394609A824F0D1
S214011ED851FE04460028D6D0D4E7FFF77BFFECE78F
S214011EE8525D0020707404008074040000F8FF0737
S214011EF810B50020324907F0F3F9082200203149CD
S214011F0807F0EEF9304B314A1978314B0020002999
S214011F1818BF1A462F4C304907F0E2F9002024F082
S214011F28F5F92368002B47D01B78022B44D90022E9
S214011F382A4B10462A4907F0D3F922F032FF2949DD
S214011F480246002007F0CCF900F0D0F826490246F0
S214011F58002007F0C5F923681B78032B2CD900F05D
S214011F68D5F822490246002007F0BAF900F0DEF853
S214011F781F490246002007F0B3F900F0DFF81D49B3
S214011F880246002007F0ACF900F0A4F81A49024608
S214011F98002007F0A5F900F0D7F8184C184954F8AE
S214011FA82020002007F09CF900F024F9154954F880
S214011FB82020002007F094F9BDE8104024F0ABB9C2
S214011FC8CCEC0300E8EC0300535D0020421004004B
S214011FD861100400B84300200BED030032DA030059
S214011FE826DA030027ED03004BED03006FED03002F
S214011FF893ED0300B7ED0300DEED03005467002000
S21401200805EE030028EE030008B5D0E9023253F8BE
S2140120182230187840B10020074907F061F9BDE879
S2140120280840802000F034B8044907F059F9BDE8A3
S2140120380840802000F046B84BEE030068EE030027
S214012048D0E9023253F82230034A1B78003B18BF06
S21401205801231370704700BF535D0020182200212A
S214012068094BC3E900121A7B0AB9084A9A601A7C16
S21401207812B94FF47A72DA8140F6B8325A820022DF
S2140120889A829A75704700BF443F0020E093040087
S2140120980A4B10B51B687BB11B78032B02D8B0F529
S2140120A8007F09D1064C23680343236063681842FE
S2140120B802D02AF052FCA08210BD00BFB84300200F
S2140120C8443F0020024A136823EA0003136070475E
S2140120D8443F0020014B1868704700BF443F00206A
S2140120E8014B9868704700BF443F0020024B986830
S2140120F8FA23B0FBF3F07047443F00200122024B5D
S21401210898601A73704700BF443F0020024BD88975
S214012118FA23B0FBF3F07047443F00200122024B3C
S214012128D8811A74704700BF443F0020024B588A72
S214012138FA23B0FBF3F07047443F0020014B586880
S214012148704700BF443F00202DE9F84300244FF0B4
S2140121580C08104B104F9D7D104E3988E3B28B4208
S21401216802D32846BDE8F88308FB03F3F05C06EBC8
S214012178030924F0D2F850B9FF21D9F8080022F053
S21401218822FB20B199F805309D4238BF1D4601341F
S214012198E3E700BF443F0020926B0020D867002089
S2140121A8124B10B51B68124CEBB11B78032B02D8E7
S2140121B823689B0517D52AF0D0FBA38AC01A638A21
S2140121C880B283423EBFD4E900329343236024F0B1
S2140121D821FC08B1E08910BD2368002BFAD1FFF76E
S2140121E8B3FF0128F6D0A068F5E700BFB843002082
S2140121F8443F0020014B987D704700BF443F0020B4
S21401220838B504460D462AF059FC244B1B7813B101
S214012218204622F0C1FD402C27D006D884B13F2C99
S21401222818D0BDE8384024F076B84C3C0C2CF8D8C9
S2140122381B4B2341DB07F4D40220FFF743FFF0E7EB
S2140122484FF40070FFF73EFF0220FFF721FF154B02
S2140122581C71E6E74FF40070FFF734FF0220FFF722
S21401226831FF00220F4B1A71DBE723F0D7FF002856
S214012278D7D10C4C0220237901332371FFF722FFB3
S2140122884FF40070FFF704FF2379AB42C9D322F05D
S21401229884FD0028C5D122F059FDC2E7535D002010
S2140122A8FEEEFFFF5C3F002010B505F05FFB02283D
S2140122B80AD124F08BFB034630B1BDE8104000225A
S2140122C80249104607F00CB810BD00BFB4EE030073
S2140122D80021024A0248FFF713BA00BFB1220100E3
S2140122E8643F002038B5002024F010F8124B1B6814
S2140122F893B11B78022B0FD905F038FB022816D1AB
S2140123080E4C2568FFF74CFFA842206008D0FF2135
S21401231822680B4822F03FFABDE8384023F0FBBF9D
S214012328FF21074822F04FFA0028F5D1EFE7FF21F1
S214012338034822F041FAEFE7B84300205C3F00204B
S214012348643F002002460249002006F0C9BF00BFCC
S214012358C8EE030010B5234C2348FF2122F02CFABF
S214012368207802281ED003282ED0012804D0212048
S214012378BDE81040FFF7E6BF1C4B19780029F7D0D7
S21401238802231B4A23701378052B0EBF0023013343
S214012398DBB29942137003D1052313700020E7E7D7
S2140123A8052BFBD0124B1B78052B02D10323237078
S2140123B8DDE7104A104932F8230007F085FC0323AD
S2140123C823700028D4D110BD094B0C4A1878094B44
S2140123D803EB8001897833F8200007F045FC0123D8
S2140123E8EEE700BF545D0020843F00205D5D0020BD
S2140123F8EF6B0020E8570020E52501009125010034
S2140124082DE9F04F0D46144695B00490112200218F
S2140124180FA89946DFF86C810BF026FC04EB450300
S2140124280393D9F800301C2B02D0039B9C4202D19F
S21401243815B0BDE8F08F0123DFF844A18DF81C30F4
S21401244823884C4AADF81E309AF800304A4D08EBFE
S21401245883039B7828788DF8203013688DF81D0043
S214012468CDF821305368CDF8253023F056FF049B6C
S2140124788DF8290021882878002B4AD123F01CFCE6
S214012488002844D09AF800300FAA38F8230007A984
S21401249822F091FC00283AD023F03BFA4FF0000BCB
S2140124A8074606461C255FFA8BF2974234D8B74290
S2140124B82BD99DF81C30032B1AD10FAB0193BDF80D
S2140124C8213000220421009301202C4B06F08EFDBA
S2140124D89AF8003008EB83039978274B187806F0AA
S2140124E801FE9AF80030002038F8231023F06AFE1F
S2140124F85DB107A9304624F05BFA214B05461B78E7
S214012508304638F8231024F055FAC9F8005002343A
S21401251887E723F0C8FBB3E710460BA9059224F01A
S21401252843FA30B99DF82C1031B9059AB74208BF5D
S21401253816460BF1010BB6E7BDF82E00BDF81E20B6
S2140125489042F6D19DF830009DF820209042F0D1B7
S2140125589DF81C208A42ECD1032A14BF08220222C5
S2140125680DF121010DF131000BF0CAFE002808BF5C
S2140125780025DEE7555D0020EE6B002045F10300DF
S214012588EF6B0020E857002013B503460020114AD8
S2140125989C6812780190052A03D01B78032B00D17A
S2140125A82CB9012002B0BDE81040FFF7CBBE626827
S2140125B8217801ABFFF724FF217A0120E26801ABFD
S2140125C8FFF71EFFFF21044802B0BDE8104022F0C5
S2140125D8EBB800BFEF6B0020843F0020094B1B7847
S2140125E8052B02D00378032B02D00120FFF7AABEE1
S2140125F88168054A0B68054813604B68FF215360DC
S21401260822F0D2B8EF6B0020555D0020843F0020F1
S21401261838B50024114B124D1870124BFF211C704F
S2140126282C7006F05FFD0122032110460E4B06F0C2
S214012638DDFC4FF6FF712246084623F0C6FD044628
S21401264848B940F6B832FF21084822F0A4F8012319
S2140126582B70204638BDFFF775FEFAE7EE6B0020B3
S214012668545D00205D5D002005220400843F0020A3
S214012678144BF0B51A6814491368097858798842D2
S2140126880BD11249D78808460022114D1E792B789E
S214012698D4B2A34203D8052C0AD10020F0BD0C8879
S2140126A8BC4202D18C78B442F7D001320431EFE74C
S2140126B8A342F2D120F82270013300EB8200867023
S2140126C82B70EAE77C440020EE6B0020E8570020D8
S2140126D85D5D0020FF2307B50021044A04480093E6
S2140126E8FEF7D8FF03B05DF804FB00BF5D230100C9
S2140126F8843F00201FB5B42303210446ADF80E30ED
S21401270823F0D1FA98B12123204600930022032111
S2140127180DF10E0323F076FC04460020054B064A0D
S2140127280649009406F0DCFD204604B010BD862458
S214012738F3E700BFF2EE0300FFEE030014EF030019
S214012748D0E9023253F82230034A1B78012113706C
S2140127580220024AFFF7BEBA076C002023EF0300E7
S2140127680122014B1A707047076C00200A4B90F83B
S21401277805111B7890F8082119448A42BCBFB2FBA0
S214012788F3F103FB11234FF0FF32B8BFDBB202FAB5
S21401279803F380F80A317047076C00202DE9FF41E2
S2140127A80446057F867EDFF870806E43237F98F89F
S2140127B8002013449D4212DB607F60B9238B02938D
S2140127C863690193237C00936288A31D217805F031
S2140127D895FDFF232370002004B0BDE8F081E37E59
S2140127E8AB42E9D9A77E228BF1199142A4BF921B6D
S2140127F8D7B205EB0323E3813A46334629462046FA
S21401280822F0F3FA0028E7D1637F37440133013514
S2140128186377BEB2EDB2C9E7076C002037B5054647
S21401282824F0F4F80D4B04461B6869461B78032B05
S21401283882BF0B4B1B881B18284688BF9CB224F006
S2140128486DF938B9684624F0E3F818B9044B1B88C3
S21401285823449CB2204603B030BD00BFB8430020D5
S214012868966B0020084B1B78FF2B0BD1074B1B7868
S214012878FF2B07D1064B1B78022B03D04FF4807031
S214012888FFF720BC704700BF5C670020D4400020DB
S214012898A43F002010B50446FF2121F08DFF054B0B
S2140128A89C4202BF0023A4F588742370BDE810403B
S2140128B8FFF7D8BFB44000202DE9F0479A462A4BC7
S2140128C881461B7888461646BDF82050002B49D00D
S2140128D8FF2D3ED938252846BDE8F087234B0C2224
S2140128E83146A01D636184F80090A4F802800BF0BD
S2140128F80DFAA289414642F4004242F040022046BF
S214012908A28122F084FA2A46514660690BF0FEF944
S21401291841464846A21D258323F0CCFDA076002813
S214012928D8D00544013DB5FBF0F0FF28D2DC0023E2
S214012938E0762046A383FFF731FF054680B9237961
S2140129484FF48070B372FFF7A3FB227C099B1A80B1
S214012958C1E7074C2778FF2FC0D040F60345BAE7F2
S2140129682770F2E70225B6E7076C00205F5D0020B6
S214012978D4400020B0F9063010B5002B25DA144CE7
S2140129882278237CFF2A02D0827A9A4207D0114CF9
S2140129982378FF2B17D0827A237C9A4213D169B900
S2140129A8637F013BDBB263775BB90B4A237F1278FF
S2140129B8204613442377FFF7F1FE0146204622F00E
S2140129C835FAFFF74FFF012010BD0020FCE700BFD6
S2140129D8D44000205C670020076C00202DE9F04FEA
S2140129E89A46B1F9063091B0002B0D461746DDF828
S2140129F86880049080F22981B8F80030FF2B04D94A
S214012A084FF4B871A64829F0B4FFA64B00241A78EB
S214012A1893F80401B3F80211002A40F0A5802E7A33
S214012A28A14A1278B24240F2AF800222A3F802719C
S214012A381A70AA7AFF2483F804210022A3F8084111
S214012A4883F80521A3F80621B8F80020954883F8ED
S214012A580C21FFF78BFE3846FFF7E0FE214600EB18
S214012A684002924821F097FE4FF48070FFF710FB62
S214012A788C4C94F80A91B9F1FF0F20D18A4A94F840
S214012A88053112781344B34219DC94F80C1184F812
S214012A980531B4F80631204601FB0233A4F80631A5
S214012AA8FFF764FE0122824B38461A70FFF7B6FE1E
S214012AB8494600EB400204F5887021F06CFE94F854
S214012AC80531B34260D8DFF8E0B19BF800C00CEBE3
S214012AD80302964258DA764994F808210878013AAA
S214012AE8002853D0964205DAB8F8002084F80C215D
S214012AF800220A70B6FBFCF901220CFB196994F84E
S214012B080A015FFA89F902FA09F2D1B2024076B9E6
S214012B182889000A844584F8080108D92046CDE9A1
S214012B2806210593FFF722FEDDE90621059B94F8A9
S214012B380A01014384F80A1182B994F80921B4F804
S214012B4806C1013284F80921B8F80020DAF8001025
S214012B580CEB0200FF2826DD0323237094F80831C6
S214012B68013B9E4230D138E0AE7A864202D18F428E
S214012B7800D11C462E7A002C7FF47BAF002A3FF446
S214012B884FAF012A3FF44CAF01205FE09642B1DA1D
S214012B9894F80C1198F800209142ABD004F588708F
S214012BA8FFF778FEF0E794F80CE1F31A0EFB03C37F
S214012BB8A01C10FA83F005920BF0A8F894F80831D7
S214012BC8059A013B9E4244D0012394F80A2103FA50
S214012BD809F3013B1343FF2B04D122462946384605
S214012BE822F016F994F8083194F809219A42CBD1C3
S214012BF89BF80030B2FBF3F103FB112212F0FF023F
S214012C0818BF13462278022A26D1264A023410789B
S214012C185178012804BF01315170012224F8022C91
S214012C28EA88B4F8041122F04002EA8094F80921EF
S214012C380A44591E94F80A3113FB01F31344A8F801
S214012C480030CAF80040FFF70DFE002011B0BDE8BD
S214012C58F08F84F80B21C0E76979002994D0032AFC
S214012C6892D1B4F8062194F80B1108AE11445A1EF5
S214012C7894F80C31284613FB02F30B4400219BB24F
S214012C88A21CA8F80030CAF80020CDE90071029607
S214012C98049907F005FD8921304623F008FC7DE7F5
S214012CA84AEF0300A43F0020076C0020B440002030
S214012CB85E5D002013B5044618B101280BD002B09A
S214012CC810BDFF2301460093064A0748FEF7E2FCBB
S214012CD8064B1C70F3E7FFF743FDFF22044B1A70FF
S214012CE8EDE700BF9D280100B4400020A43F002066
S214012CF8D440002013B501A909F076FF044648B967
S214012D08BDF806309DF80420034906F0E9FA204686
S214012D1802B010BD8120FBE7E1EF030013B5694659
S214012D2809F06EFF044688B9BDF802309DF8002008
S214012D38074906F0EFFA2046019906F043FA2046BD
S214012D48044906F0CDFA204602B010BD8120FBE703
S214012D5805F003002BF0030037B5694609F074FF48
S214012D68044618BB9DF801309DF80020104906F06E
S214012D78D1FA104D9DF80120E3B29A4206D80020F8
S214012D880D4906F0ADFA002003B030BD0198630086
S214012D9803F4FF7302220021184423F0A1FA2946FE
S214012DA80246002006F0B6FA0134E3E78120EBE795
S214012DB82DF003005CF003000522040013B501A9F9
S214012DC809F018FF044648B9BDF806309DF80420F6
S214012DD8034906F085FA204602B010BD8120FBE7BC
S214012DE866F0030030B500240B4D85B06946E0B2A5
S214012DF823F0DAFD50B99DF80030032B06D1294699
S214012E08BDF805309DF8012006F06AFA0134202C39
S214012E18ECD105B030BD00BF8DF0030008B5002029
S214012E28034906F05DFABDE80840FF2000F0DEBA67
S214012E389FF003002DE9F04F85B006460D4617466C
S214012E4822F034F8044640B130463A46294622F084
S214012E5817F8002005B0BDE8F08F4FF003094FEAD8
S214012E6815285FFA84FA6946504623F09DFDB8B9DD
S214012E789DF800B0BBF1000F12D1694650468DF897
S214012E8800908DF805508DF806808DF8016023F0C6
S214012E988FFD02460028D7D05846064906F020FA84
S214012EA80134202CDDD10020034906F019FA8920C7
S214012EB8D0E700BFB4F00300DBF003001FB5002322
S214012EC804468DF80F3021F0DCFF28B19DF80F304D
S214012ED863F07F038DF80F30182301930DF10F036C
S214012EE80022009304214023204623F07AF8024664
S214012EF818B10020024906F0F3F904B010BD00BF6E
S214012F08F6F003001FB502A909F08CFE044688BB3B
S214012F18BDF80820184906F0FDF92046039906F081
S214012F2851F92046154906F0DBF94FF6F672BDF859
S214012F380810134C4B1E9BB2934219D82368039A68
S214012F481B685879FFF776FF23681B79012B0BD886
S214012F58BDF808300022CDE900030421094B0920F9
S214012F6806F044F823F09DFA6FF0FF0004B010BD98
S214012F788720E9E78120F9E715F103002BF0030024
S214012F887C4400202CF1030070B504468AB005ADD8
S214012F981122002128460AF067FE204604A909F0F6
S214012FA835FE044600283AD11E4EBDF810201E49AB
S214012FB806F096F932681379012B28D84FF6F67081
S214012FC8BDF810104B1E9BB2834224D8136858795B
S214012FD821F06CFF08B333682A461B68BDF8101049
S214012FE8587921F04CFFBDF8103001220421CDE9B3
S214012FF8004309200D4B029505F0F8FF23F051FA1E
S214013008034620B100200A4A0A4906F069F96FF01A
S214013018FF000AB070BD8724E5E78B24E3E781202B
S214013028F7E700BF7C4400202FF1030044F10300BA
S21401303848F1030053F103002DE9F0479AB004A9BB
S21401304809F0FCFD0446002840F0B5809DF81020E4
S2140130585B4906F05FF925465A4E9DF81020EBB2FB
S2140130689A4254D80020584906F03AF99DF810506B
S214013078002D40F099802C462E46544F06A9F0B2F2
S21401308823F092FCC8B99DF81830032B15D13B687C
S2140130989DF819201B685B799A420ED19DF81D2070
S2140130A805F168036B4403F8402C9DF81E20023591
S2140130B8013403F83F2CEDB2E4B20136202EDDD1FF
S2140130C89DF810300BB1002C77D00AABCDE901433F
S2140130D8FF2302220421009309203D4B039505F0A6
S2140130E885FF23F0DEF9034660B19DF81020002A1B
S2140130F85FD0384A3849002C08BF0A4600203749AD
S21401310806F0EEF86FF0FF001AB0BDE8F0870598F4
S2140131186B0003F4FF7302220021184423F0E0F841
S21401312831460246002006F0F5F8013595E7059880
S214013138730003F4FF7302220021184423F0D0F829
S214013148002780465FFA80FA06A9F8B223F02CFC1D
S21401315800BB9DF81830032B1CD1D9F800309DF818
S21401316819201B685B799A4214D19DF81D30534586
S21401317810D19DF81E30C8F307229A420AD105F1EC
S21401318868036B440235013403F840AC03F83F2C5E
S214013198EDB2E4B20137202FD6D101369DF81020C2
S2140131A8F3B29A42C3D88BE70025DFF820902E4663
S2140131B8F4E7084AA2E78120A6E78B20A4E700BF28
S2140131C8ADF103005CF00300052204007C440020F6
S2140131D8CCF103007EF103009CF10300D0F103005B
S2140131E82DE9F04389B002A909F016FD0446002826
S2140131F867D1BDF80820344906F072F84FF6F67222
S214013208BDF80850DFF8D4906B1E9BB2934254D891
S214013218D9F8003029461B685F79384621F046FE02
S21401322800284CD026465FFA86F8404603A923F0C4
S214013238BBFB28B92946384603AA21F024FE20B943
S2140132480136202EEFD14FF0FF08404623F0AAFBA7
S214013258014658BB112203A80AF006FD294638463E
S21401326803AA21F00DFED9F800301A79012A18D8D8
S2140132781B68BDF80810587922F0F3FFBDF808302E
S21401328803220421CDE900430920104B05F0AEFEC8
S21401329823F007F9034620B100200D4A0D4906F030
S2140132A81FF86FF0FF0009B0BDE8F08302460A492F
S2140132B8002006F015F80124D5E78724D3E78B24E8
S2140132C8D1E78120EFE700BFF2F103002CF10300FC
S2140132D830F2030053F1030009F203007C44002096
S2140132E82DE9F043DFF894800020D8F80030214912
S2140132F81B688BB05E79002505F0F2FF01275FFA9F
S21401330885F9484601A923F04FFB044690B99DF874
S2140133180430032B0ED19DF80530B3420AD1484636
S21401332823F040FB0146A0B102461349204605F0AA
S214013338D7FF27460135202DE1D1D8F800300021E6
S2140133481B68587922F08DFF87F001000BB0BDE8A5
S214013358F083112205A80AF087FCBDF8094030461B
S214013368214605AA21F08CFD2146304622F079FF38
S214013378E0E700BF3DF2030009F203007C440020A9
S21401338837B5694609F054FC044638BBBDF8002039
S214013398134905F0BFFF134D2046019905F012FFAA
S2140133A82046114905F09CFF2B681B68587923F0C5
S2140133B867F870B14FF6F672BDF800104B1E9BB257
S2140133C8934209D82B68019A1B685879FFF732FD92
S2140133D80446204603B030BD8724FAE78120F9E782
S2140133E851F203007C4400202BF003007FB505460C
S2140133F80024E6B26946304623F0D6FAA8B99DF805
S2140134080030032B11D19DF80130AB4204D0FF2DBB
S2140134180BD19DF80D3043B9304623F0C3FA024666
S21401342818B10020034905F05BFF0134202CE0D1D8
S21401343804B070BD09F20300034B1B681878012815
S21401344808BF0220704700BFB8430020D0E9023207
S21401345853F822301A78024B1A7000F0E7BA00BF08
S2140134685E5E002070B5D0E902456B1EDBB254F8EB
S214013478230003221B490AF043FF54F8253004EBC6
S2140134888504197863681A78A2F10B030F2B05D9FE
S21401349815490020BDE8704005F022BF01290FD16B
S2140134A8124C9140236840B90B43114A236000200F
S2140134B8BDE870400F4905F013BF23EA0103F4E79E
S2140134C802290CD101230C4903FA02F20B6818B938
S2140134D813430A4A0B60EAE723EA0203F9E70A46B6
S2140134E80749D6E775F2030079F2030080670020E2
S2140134F88FF2030097F203007C670020AAF203000C
S214013508B4F2030007B5D0E9023103EB810253F8A0
S21401351821300B491B785268012B0A4B08BF0B4612
S21401352812684FF000001A600092074A074B0849D4
S21401353818BF1346074A05F0D3FE03B05DF804FB2F
S214013548806700207C670020CFF20300C7F20300E3
S214013558D9F20300A074040038B5254A254B264C39
S2140135680020264905F0BCFE0020254905F0B8FED6
S21401357822682449002005F0CDFE2068224C234D00
S21401358805F088FE2146002005F0AAFE2A68204993
S214013598002005F0BFFE286805F07CFE21460020C5
S2140135A805F09EFE1B4B1C491A781C4B002053F84D
S2140135B8223005F095FE00F00DF919490246002063
S2140135C805F08EFE174B00201A78174905F088FE7D
S2140135D8164B17491A78002005F082FE04F0C6F942
S2140135E8BDE8384002461349002005F079BE00BF01
S2140135F8A0740400F3F2030080670020FAF20300C7
S21401360802F3030010F3030073D903007C6700205C
S21401361821F303008C5E002032F303008467002048
S21401362845F30300715E002059F30300705E002025
S2140136386BF303007DF3030007B500F071F8054B43
S2140136480090054A0020054905F04AFE03B05DF8DA
S21401365804FB00BF93F30300A074040014EF0300F7
S214013668F8B504460B4F0C4E0C4D00200C4A0D497C
S21401367805F036FE20463B7829783278F4F7B0FD17
S21401368800233B7033702B70FF21BDE8F8400648D5
S21401369821F092B88C5E0020705E0020715E0020DA
S2140136A8A074040098F30300F440002037B51248CC
S2140136B8FF2121F081F8114B187810F0100505D07C
S2140136C8002003B0BDE8304003F01CBF0121B42040
S2140136D804F0C6FA04460A4B0A4A0B4900902846E3
S2140136E805F0FEFD2046FFF7BBFF4FF4806003B0F0
S2140136F8BDE83040FEF7E6BCF44000208C5E0020B2
S214013708AFF30300A074040014EF03000021024A7B
S2140137180248FDF7F5BF00BFB5360100F4400020AA
S21401372808B5054B1B7823B11720FFF799FF002032
S21401373808BD0220FCE700BF8C5E002010B550B122
S214013748054B00F1100250F8044B904243F8044B25
S214013758F9D1024B197010BD725E0020825E0020FE
S21401376837B5174D04462B78DB0626D50090154B42
S2140137780020154A154905F0B3FD1E2C0BD0652C03
S21401378809D0032C19D0002023F086F940F61C40F6
S214013798FFF766FF0DE023F0A7F94FF4FA63B0FBD5
S2140137A8F3F202FB1300C218FF21094892B220F077
S2140137B8F2FF2B7823F010032B7003B030BD00BF47
S2140137C88C5E0020C8F30300A074040014EF030005
S2140137D8F4400020014B1879704700BFFC570020C1
S2140137E870B54C4E8EB0337803F0FB02A3F1090591
S2140137F8022AEDB258D0042B41F6041257D0A3F191
S21401380808014B424B415B0013434348ADF80C306B
S21401381821F07CFB48B9414B3F4A03F1100153F8AC
S214013828040B8B4242F8040BF9D13D4B1B78002B55
S2140138383FD03C4B0DF10E0203F1100153F8040B77
S2140138488B4242F8040BF9D103A823F045F9232843
S214013858044610D1012D49D80020334A334905F0D2
S2140138683FFDBDF80C3003A823F40053ADF80C3027
S21401387823F032F90446002C41D14FF40C7023F0A2
S21401388829F9044600283AD103F0FAFE012D36D864
S214013898274A01AB1068516803C3264901A823F0DB
S2140138A877F978B319242AE043F60412A7E7022326
S2140138B8AAE73378042B0DD0082B0BD01E4B0DF13D
S2140138C80E0203F1100153F8040B8B4242F8040B65
S2140138D8F9D1B9E7104A0DF10E0302F1100152F8B9
S2140138E8040B8A4243F8040BF9D1ADE7337803F0A9
S2140138F8FB03022B03D10020104905F0F1FC2046FA
S2140139080EB070BD044901A823F042F90446002808
S214013918C8D1F4E78C5E0020605E002095F40300B1
S214013928825E0020725E0020A0740400ECF303009F
S214013938A6F4030090740400AFF4030047F40300F0
S21401394870B5002686B00446252023F0ABF816226B
S214013958002116480AF088F9154B1E60154B187891
S214013968FFF76AFD022814BF0123042303208DF8FC
S214013978083023F0E5F804238DF810300E4B02A822
S2140139880593039403F030FD05460C4B0C4A196861
S2140139980C4B3046A14208BF134600940A4A0B490D
S2140139A805F09EFC284606B070BD00BFFC570020F7
S2140139B8144100208C5E0020A93C0100806700208D
S2140139C8C7F20300CFF20300A0740400C0F403009A
S2140139D808B5134A1378042B09BF124B01331B7819
S2140139E8C3F10603DBB2137003F0FD02092A04D102
S2140139F81720FFF735FE172008BD0A4A1278002A55
S214013A0814BF052206229A4207D1074B18680028D8
S214013A18EED0FFF795FF4D20EEE70020ECE700BF5C
S214013A288C5E0020825E00207C67002073B51E4CE9
S214013A381E4E23683268134334D01D4B1B6853B39C
S214013A481C4D2B783BBB03F091FFF8B94FF480600F
S214013A58FEF71EFB184B24681B7894B1C3F10203CA
S214013A682B7003F047FD2046FFF76AFF0446002047
S214013A78124B134A1349009405F032FC204602B053
S214013A8870BDC3F1060334682B70EAE70121B42040
S214013A9804F0E6F8EAE70020094A0B4905F020FC9D
S214013AA80224E4E70224E9E7806700207C67002017
S214013AB8B84300208C5E0020825E002008F50300D3
S214013AC8A074040014EF0300EEF403002DE9F34795
S214013AD8384D394E00202A792B88384905F000FCE4
S214013AE83268287922FA00F010F0010002D1344930
S214013AF805F0F6FB334F3C783CB10822324933488F
S214013B080AF0FEFB041E18BF0124DFF8DC80DFF88C
S214013B18A490DFF8B4A014E098F8000049460130F4
S214013B28C0B288F8000022F0AFFF002835D13C78F3
S214013B383CB10822514625480AF0E2FB041E18BF8C
S214013B4801242A793368D340DB07E5D5002CE3D175
S214013B5800922B881E4A1F49204605F0C1FB1E4BC2
S214013B681878FFF769FC01230322124922F092FF15
S214013B781A4A054613780133137010B902B0BDE826
S214013B88F08720462B46124A154905F0A9FB284618
S214013B9802B0BDE8F047FFF763BD0020114905F004
S214013BA89FFBFFF715FF0028E8D102B0BDE8F047F4
S214013BB800F01CB8FC570020144100200EF5030045
S214013BC83FF503008B5E0020835E00200A58002024
S214013BD8A07404000EF603008C5E0020705E0020C0
S214013BE8AFF50300D8F503005F5E00202DE9F0412C
S214013BF8214C224D2378002055F82330204A2149AC
S214013C0805F06EFBFFF7ECFD03461D4E1E4FDFF871
S214013C1874802BB92378042B15D8B3B91B4B15E040
S214013C2832463946002005F05BFBFFF7D1FE00BBA4
S214013C382378324655F82330414605F051FBFFF705
S214013C48CFFD0346E5E7092BE8D1114B00201B6899
S214013C58104A11491360114B187022F015FF20B154
S214013C68BDE8F0410120FFF7FBBCBDE8F041FFF7D6
S214013C782DBFBDE8F08100BF8C5E00208467002060
S214013C88A07404002EF603003BF603007C670020B0
S214013C988067002014410020FC5700205F5E00204A
S214013CA870B51C4C23789BB3838913F4407F2FD0BF
S214013CB8056835B12A46BDE870400020164905F06A
S214013CC80FBB22F0DFFE154E03463070144A284615
S214013CD8144905F005FB33781BB1BDE87040FFF7C2
S214013CE885BF2378082B0CD8042B0CD80E4B1B78D1
S214013CF8C3F1060323700D4BBDE870401868FFF743
S214013D081FBE0A2BF2D1BDE870401820FFF7A8BCE9
S214013D1870BD00BF8C5E002066F60300715E002051
S214013D28A074040093F60300825E00207C670020DE
S214013D3830B5464D03460446454A0020454987B0F6
S214013D4805F0CEFA2B782BBB01A822F023FF02231D
S214013D5801A88DF8043022F00BFFB0B93E4901A83E
S214013D6822F008FF88B1152C0FD122F0BDFE47F2CC
S214013D783153B0FBF3F202FB130000F51C50103070
S214013D8880B203F0BFFB07B030BD162CFBD103F0A1
S214013D98F3FBF8E7152C2AD100202D4A2F4905F008
S214013DA89FFA2B78042B11D0082B0FD02C4B1B789D
S214013DB8DA070BD401A822F089FE18B9BDF8043039
S214013DC89B0703D42B7843F010032B7022F08CFE4C
S214013DD84FF4FA63B0FBF3F2FF2102FB1300C2189B
S214013DE8204892B207B0BDE8304020F0D4BC22F09B
S214013DF8ADFE04460028C6D12B78013B092B1ED8F8
S214013E08134A194905F06CFA184A19491378013307
S214013E18D8B2107022F038FE60B12046154905F078
S214013E285FFAFFF7D5FD0028ADD107B0BDE83040F1
S214013E38FFF7DCBE07B0BDE83040FFF747BE40F6E7
S214013E481C4007B0BDE83040FFF70ABC8C5E002076
S214013E58A0740400B7F6030090740400CEF60300BD
S214013E685E5E0020F4400020E1F603005F5E00205D
S214013E78FC570020D8F503002DE9F0410B4686B023
S214013E8804460E4617463A490246002005F028FA27
S214013E984FF000080123CDE901380DF11603009310
S214013EA8424640230621204622F0D0F8054640B176
S214013EB802463049404605F013FA284606B0BDE8E2
S214013EC8F0819DF816202AB936B900202A4905F04E
S214013ED807FAF2E7012EF8D082F0010300202749FD
S214013EE88DF8173005F0FCF99DF817300DF1170617
S214013EF833B310230022CDE9006306214023204670
S214013F0822F06FF8064630B1324600201C4905F00B
S214013F18E7F93546D1E74FB90821204621F0C3FE17
S214013F2820B120469DF8171022F09CF9052120465D
S214013F3821F0B9FE0028C0D0204622F090F9BCE74F
S214013F484FB90821204621F0AEFE20B120469DF843
S214013F58171022F087F910230022CDE90063062105
S214013F684023204622F03DF806460028DED0CBE75F
S214013F7810F903002CF9030045F9030065F903005D
S214013F8885F90300002208B5034B11461B681B6818
S214013F985879FFF771FF08BD7C44002008B5044B2B
S214013FA800221B6801211B685879FFF765FF08BDC9
S214013FB87C44002008B5044B00221B6802211B68BC
S214013FC85879FFF759FF08BD7C44002010B5012336
S214013FD8002488B001A88DF80430CDE90244F5F72D
S214013FE811FC20469DF80420124905F079F920466F
S214013FF8039A114905F074F92046029A0F4905F00B
S2140140086FF910220E4B0DEB0201188840F0604044
S21401401840F48010FBF744F920460A4905F07AF97E
S21401402804A822F09FF92046074905F059F908B077
S21401403810BD00BF9EF90300BDF90300DCF90300BB
S21401404850740400FBF903000522040008B520F0AB
S2140140588EFF0020024905F043F9012008BD00BF84
S21401406818FA03000023054A8360C360044BC0E9BD
S214014078002311B14FF6FF730B80704749101CB22D
S2140140880030031110B5044660B10020064905F05A
S21401409827F9052C06D002F0CBF904490246002080
S2140140A805F01EF9012010BD2CFA03003DFA0300A5
S2140140B837B500216A4601AB054621F019F80446D2
S2140140C868B100220F49104605F00AF902F0B0F966
S2140140D80D490246002005F003F903B030BD0B492F
S2140140E805F0FEF801201FF058FF01F099FF431C68
S2140140F802D007F09DFFF0E721462846FFF7A6FF06
S214014108EBE700BF66FA03003DFA0300AEFA0300C8
S21401411838B5054601F084FF044622F06CF84DB127
S21401412800200E4905F0DCF8631C14BF2046002069
S21401413807F040FF20F029FF0228044605D0012891
S21401414805D10020064905F0CBF8204638BD0020E9
S214014158044905F0C5F80024F7E700BFCBFA0300C9
S214014168E5FA0300FEFA030008B50020034A0449ED
S21401417805F0B6F8BDE8084000F050BDA80A0400EE
S21401418817FB030008B50020034A044905F0A8F800
S214014198BDE8084001F0CAB936FB030017FB030067
S2140141A81FB5D0E9023253F8223068461C782146FA
S2140141B801F0D0FB684601F073FC28B92246044991
S2140141C805F08EF804B010BD6846FFF771FFF9E7F1
S2140141D83CFB03000020014905F082B858FB0300A8
S2140141E87FB50DF1060102A8FFF73CFF002026491E
S2140141F805F076F80020BDF80820244905F070F887
S2140142080020BDF80A20224905F06AF8039A002022
S214014218204905F065F800201F4905F07BF84FF6A0
S214014228FF73BDF806209A4229D000201B4905F0E5
S21401423857F800201A4A1B4905F052F800201A4A76
S2140142481A4905F04DF800221949104605F048F8B4
S2140142580020154A174905F043F80A220020164996
S21401426805F03EF80A220020144905F039F80A221A
S2140142780020134905F034F807B05DF804FB002068
S214014288104905F02DF8D4E767FB03007FFB030010
S21401429898FB0300B1FB0300CAFB0300D5F9030032
S2140142A8E0930400E0FB0300C0270900FFFB0300BE
S2140142B81EFC03003DFC03005CFC03007BFC0300C2
S2140142C899FC0300DDFB030008B50020034905F04F
S2140142D807F8BDE80840012001F0FAB9B7FC030069
S2140142E808B50020034904F0FBFFBDE8084000209C
S2140142F801F0EEB9D0FC030030B5104B104D1B5C35
S21401430885B08DF80F302B780446834206D00D4BC6
S2140143180D4953F82020002004F0E2FF30232C70CA
S2140143280A4801930DF10F030093062280231921F1
S214014338007821F056FE05B030BD00BFB774040002
S214014348945E0020C4740400E8FC0300F16B0020AE
S2140143581FB5232303900193064803AB009301225C
S21401436880231921007821F03CFE039805B05DF8FA
S21401437804FB00BFF16B002073B5164D04462B787D
S214014388154ECBB120F022FE012815D0346040F638
S214014398B244124B1B78072B17D02D78C5B920F0DD
S2140143A815FE031E18BF01230D4800952246192144
S2140143B8007821F09AF903E000233360002CE8D155
S2140143C8201E18BF012002B070BD02250123EBE7AD
S2140143D80025FBE7915E002018410020945E00202E
S2140143E8F16B002008B50448FFF7C6FFBDE8084092
S2140143F80220FFF781BF00BFC027090010B5064C91
S214014408208821F030FF608821F02DFF6068BDE824
S214014418104021F037BF00BF1C4100207FB5232381
S2140144288DF813300DF11303029304230648019304
S21401443805AB0093012280231921007821F006FE9E
S214014448059807B05DF804FBF16B00202DE9F047ED
S214014458DFF84C91044699F8000090460F4621F083
S21401446804FC0B2899F8002005D9BDE8F047002080
S2140144783F4904F035BF00263E4B3F4D1E803F4B5B
S214014488DFF820A103EB00135B8801202B802A713B
S21401449804F04EFE05F0F6FE04F04AFE204604F04F
S2140144A847FE0123042C8AF800300BD8022C45D885
S2140144B89C4216D02346BDE8F0470020304A3149D1
S2140144C804F00EBF062CF5D130462F4904F008FF3C
S2140144D8384604F02DFEFFF791FF97B18AF8006081
S2140144E80FE04FF6FF76294F3888801B18BF01204A
S2140144F804F01EFEFFF782FF3888B04201D021F093
S214014508B2FE19236B8099F8003000202B71204BDE
S2140145181B786B71EB8843F04003EB801D4B1988C1
S21401452821F050FE034620B1224600201A4904F025
S214014538D7FE4046BDE8F047FFF71EBF304604F0F9
S214014548F7FDFFF75BFFFFF769FF21F09BFE134BB3
S2140145581B78002B0CBF3F20202004F0E9FD042C1B
S214014568CFD14FF4806021F07EFE3220C7E700BF2E
S214014578FBFC03002058002024580020EC420020B1
S214014588B5EA030047FD03002AFD0300145800207E
S214014598F06B0020906B002060FD0300905E002009
S2140145A8F16B0020915E002038B5044605200D46C3
S2140145B8FFF7A2FE184B1A884FF6FD739A4207D1E9
S2140145C80020164904F08CFEBDE83840FFF70ABF04
S2140145D865B1134A13780133DBB2092B137014D96A
S2140145E80A2200200F4904F07BFEEDE7012C0ED1CC
S2140145F80B4B1D700C490D48FFF734FDBDE83840DC
S214014608002101200A4AFFF721BF012CF2D0BDE89C
S21401461838400748FFF7B0BE906B00209AFD0300AC
S214014628935E0020C5FD0300145800201C4100209D
S214014638E093040008B50649002004F051FE054839
S214014648FFF736FDBDE8084000210846FFF7ACBF76
S21401465809FE03001C410020814237B50346154672
S21401466808D2002000910F4A0F4904F039FE0020B5
S21401467803B030BD0C1A224600200C4904F030FE67
S21401468840F6BB5322460020094904F029FE4FF4A0
S2140146987A735C43074B01209C4294BF2C602B60C5
S2140146A8E6E700BFB5EA03001AFE030057FE03005B
S2140146B872FE030080EE360010B504460820FFF7A8
S2140146C81BFE0D4B3CB91C700021BDE810400620AE
S2140146D80A4AFFF7BBBE1B78092BF5D90A22002028
S2140146E8074904F0FDFD0020064904F0F9FDBDE880
S2140146F81040FFF79FBF00BF935E0020C027090048
S2140147089EFE0300DFFE030073B51F4D2C7834B1FF
S21401471800201E4902B0BDE8704004F0E1BD022049
S214014728FFF7EAFDFF221A4E1A4B30781A7021F06D
S2140147389CFA0B2807D920463278174902B0BDE8FB
S214014748704004F0CDBD154B1549009301EB0011DF
S214014758012319224FF6FD70498805F037FA70B122
S2140147682046104904F0BCFD00220F4B0F481C7070
S2140147780F4B1A7002B0BDE87040FFF7FDBD01246B
S2140147880C492C70EEE700BF925E0020F0FE030095
S214014798F16B0020F06B0020FBFC0300A14A01002E
S2140147A8EC42002031FF0300915E0020C02709007B
S2140147B8935E002057FF030038B5144D04462B7846
S2140147C8052B21D91249FFF75DFC24B918B91149FF
S2140147D804F086FD0424104B195D21B9BDE8384064
S2140147E80846FFF769BF032C06D02B78052B03D0A4
S2140147F806200A4AFFF72AFE0021094B08461970C7
S214014808BDE83840FFF7D0BE38BD00BF945E002033
S2140148181C41002079FF0300AD740400C02709007D
S214014828915E002030B5044689B00720FFF764FD85
S214014838052C0AD100222A4B03A91A7002A804AA39
S21401484801F0FEFD30B1022045E09CB90122244B5F
S2140148581A700224224D287878B1421E5042214906
S2140148685041FFF755FC022304462B70022C0ED14B
S2140148780A200FE0022CE6D1EBE7631F5A424FF0FD
S214014888050018495A4120F0A8FB0446EEE7032C18
S21401489804D10020FFF770FD09B030BD062C06D103
S2140148A80020114904F01CFD01232B70E0E70F4A94
S2140148B80F4B2878002C18BF13460E490E4A009451
S2140148C8002808BF0A4600200C4904F009FD201EEE
S2140148D818BF0120400009B0BDE83040FFF76CBFA3
S2140148E88F5E00201C410020B4FF0300ADFF0300CB
S2140148F8A6FF030095FF03009FFF0300EFFF0300D9
S21401490813B51F4C0620FFF7F7FC2278092A09D9A8
S21401491800201C4904F0E4FC042002B0BDE8104065
S214014928FFF74ABF184B1B782BB300201FF059FB23
S21401493820F04CFB68B9FFF771FD144B196820F09D
S2140149483CFB02460420002102B0BDE81040FFF7F8
S2140149587DBD01A820F038FBFF2809D14FF4FA6085
S21401496823780133237002B0BDE81040FFF704BD79
S2140149780198FFF7EDFC4FF4FA620320E3E700BF66
S214014988935E00200A000400905E00202C4100205F
S214014998F023F0B589B0CDE900033448802300221E
S2140149A819210078324E334F21F01BFB0020324983
S2140149B804F096FC3246394603A801F041FD032867
S2140149C804462E4D1CD10626039A2D49002004F0D4
S2140149D887FC0398FFF7BCFC0020396800F0ACFEA2
S2140149E82E7001F09FF900220446264B30461A70B5
S2140149F8FFF782FC84BB09B0BDE8F040FFF780BF33
S214014A0828BB7268204904F06BFC214604A8FFF70E
S214014A1829FB059B726893420BD020461B4904F07C
S214014A285FFC072305202B7009B0BDE8F040FFF7AF
S214014A38F9BE1A462046164904F052FC0523002101
S214014A4801202B7009B0BDE8F040FFF7ADBD00208E
S214014A58104904F045FCF1E7042C05D0042009B000
S214014A68BDE8F040FFF7A8BE09B0F0BDF16B002025
S214014A781C4100202C41002042000400945E0020C6
S214014A8873000400935E0020AE000400E7000400F3
S214014A983B01040077010400F7B504468768002047
S214014AA82378364D012B287004D0354B35491870BC
S214014AB804F016FC26785EBB334B1B78FF2B04D11B
S214014AC803B0BDE8F040FFF78DBC304B1B78032BD5
S214014AD811D82F4C0320FFF70FFC6946208822F0D7
S214014AE81DF8002843D02B49208805F0EDF820B1A1
S214014AF82E70FFF777FC03B0F0BD0124204B264942
S214014B081C7004F0EDFB0320FFF7F6FB2C70F2E7B0
S214014B18012E25D13B78002BEDD01B4D2B78FF2B92
S214014B28E9D1A68802F04AFF864206D100201B4931
S214014B3803B0BDE8F04004F0D3BB194BA2881B783C
S214014B483BB132B11749002003B0BDE8F04004F08C
S214014B58C7BB7B6814491B782B700D4B1A80F2E78C
S214014B68032E08D108226846A16809F0CFF86846DE
S214014B78FFF70EFFBFE700232B70A1E7915E002029
S214014B88925E002092010400F06B0020945E0020E3
S214014B98906B0020A14A010057FF0300B2010400F0
S214014BA88E5E0020D8010400030204007FB5094B7D
S214014BB81A78FF2A0AD1187001F088FB0022064BE2
S214014BC80DF1060102A81A80FFF74CFA07B05DF846
S214014BD804FB00BFF16B002012580020152838B5D9
S214014BE817D10C4B1D78A5B921F07EFFC4B2012C54
S214014BF838BF01240120FFF77FFB284622460649D5
S214014C0804F06EFB4FF47A706043BDE83840FFF756
S214014C18B3BB38BD945E002020020400034B1B780A
S214014C28022B01D8FFF770BD704700BF945E0020C5
S214014C3870B5284C20F0C5F92578274EBDB100205F
S214014C48264904F04DFB264A1378013313700023D6
S214014C5823703378062B0AD1BDE87040214B1868BB
S214014C68B0F5FA6F38BF4FF4FA60FFF785BB3378B3
S214014C78013B082B2CD8DFE803F005090D2B131987
S214014C881D222700BDE87040FFF7C8BFBDE8704089
S214014C98FFF73ABD00232370BDE87040FFF7A2BBBB
S214014CA82946BDE870400120FFF77EBCBDE870408C
S214014CB8FFF726BE0220BDE87040FFF7B3BD01200E
S214014CC8BDE87040FFF7F8BCBDE87040FFF7B2BC1E
S214014CD870BD00BF915E0020945E00204F02040064
S214014CE8935E00201841002010B90520FFF764BD27
S214014CF8034B1B78062B01D1FFF79ABF704700BFFD
S214014D08945E00202DE9F0478E68054633189A7898
S214014D180C46092A8EB008D90020A34904F0E0FA07
S214014D28852420460EB0BDE8F08750B98B899F4987
S214014D38895C8B4205D200919D4904F0D1FA802402
S214014D48EFE79C4BE7881B889F4236D09A4909783B
S214014D58012932D932B13A460020984904F0C0FAFE
S214014D687E24DEE7964B1A70934B26791B78052B23
S214014D7803D0012B3AD8FFF751FF5EB931462046DA
S214014D8821F095FB0346002851D030468D4A8E49BE
S214014D9804F0A6FAD4F80880A48998F8037098F85D
S214014DA80450002E4CD13046884A894904F098FAB6
S214014DB800210120FFF7F8FB4FE00021804B197016
S214014DC8072A00F28A8301A353F822F0714D0100E5
S214014DD81F4F01001F4F01003151010031510100E1
S214014DE831510100C7530100C7530100022B17D1E7
S214014DF802F0E4FD8742B3D00020764A764904F0F3
S214014E086FFAFFF781FC46BB3146204621F04FFB7F
S214014E18034610B36B4A6C49002004F061FA1CE0A3
S214014E286E4A00206E4904F05BFA012479E7A3680C
S214014E381B78DA06AED432466A4904F051FAA9E775
S214014E4800210AA8FFF70EF9032F08D95F4B664A17
S214014E5866490097002004F043FA002461E76B1EB8
S214014E68632B04D9594B604A61490095F2E7614BB7
S214014E78E4B2DB5D9C4209D0CDE901430020534BE7
S214014E88594A5D49009704F02BFAE6E757B3A4B2EE
S214014E9822460521404621F023FABDF828308342F0
S214014EA803D04A4B554A5649B6E7012F1AD022462F
S214014EB80721404621F014FABDF82A30834203D070
S214014EC8424B4E4A4F49A7E7032F0BD122460921E9
S214014ED8404621F002FA0B9B984203D13B4B474AC6
S214014EE8494999E7642D3FF463AF21F0FDFD64233A
S214014EF8C0B2B0FBF3F203FB12030133DBB29D42EF
S214014F08BFF456AFCDE900530020304B3B4A3F492A
S214014F1804F0E6F9A1E7284B1B78052B01D03C4A9B
S214014F287FE7EB1CDBB2277BF45C44B12346002009
S214014F38374A384904F0D4F900210C460BE00F2F04
S214014F480DD81023204634490093314A3B4604F0D5
S214014F58C7F9802401210020FFF726FBE1E6043586
S214014F68EDB220462A4A2D4904F0BAF97A1B71197E
S214014F78D2B206A820F038F805443A46E9B23046D7
S214014F8821F0ABF9264D069A2B68264F9A423860CF
S214014F9801D100284AD1244900201D4A04F0A0F96D
S214014FA885240121D7E700BF6C020400F0740400D1
S214014FB884020400906B0020945E0020B302040073
S214014FC8915E00202903040031030400B90304009C
S214014FD8CE030400F7020400040304005903040086
S214014FE86603040083030400E3030400EB030400E0
S214014FF805040400B37404002304040078080400BC
S2140150085D04040087040400AF040400D604040009
S2140150180A05040024050400530504006A05040073
S2140150281C4100202C4100209305040000F08EFF4F
S2140150383E68B0420AD200F089FF9D4903463246CF
S214015048204604F04DF98924012184E7079A6B6804
S2140150589A4205D12046974A974904F041F96BE7E9
S2140150689649097859B19A4209D22046944904F0DA
S21401507837F996210620934AFFF7E8F95CE7924A42
S214015088924905A801F0DCF9079E48B96A68964274
S21401509806D88F4904F024F90520FFF7C3FB40E63C
S2140150A8324600208B4904F01BF939680027002096
S2140150B800F042FB00206E60FFF74AF9864B062097
S2140150C81F80FFF719F9854B1F7001F0B1F90646E5
S2140150D8F8B94FF6FF73824A0AA81188994214BF95
S2140150E813463B466A88298801F012F90AA800F097
S2140150F8D7FC58B10AA801F0DDF938B1304679492C
S21401510804F0EEF80420FFF757FB0AE6FFF7F8FB72
S21401511807E6042805D1744B1921187820F0FCFA03
S214015128FFE538467149EBE7714B1B78062B01D032
S214015138704A76E6DFF8A0A1EB1C94F80C90BAF852
S2140151480080DBB22EB930466B4904F0C9F88724D3
S214015158E7E5F75C2C1D972FE4B22FD025D8812FD1
S21401516871D0952F67D017BBB9F1100F7FF6E7AD51
S21401517831194A460AA81FF037FF0444E4B221460B
S2140151884A46304621F0A9F8231DDBB2053416F845
S21401519803A0E4B2A9EB04035345054666DA009377
S2140151A838465346534A5549C7E5982F43D03B4698
S2140151B80020504A524904F093F8C8E7B9F10A0F9B
S2140151C87FF6BDAD1FFA89F721463A46304621F0EB
S2140151D884F805F1080104463A46C9B2304621F07A
S2140151E87CF80AAA01462046FFF736FA08B9454B65
S2140151F80A93B9F10C0F12D905F10C013A46C9B256
S2140152083046DDF8288021F06BF8044602463E4910
S214015218002004F065F8AAF8004044440A940A9C61
S2140152283A492246002004F05BF82046FFF7A4F826
S2140152381FF0D2FE11E63649002004F051F803208B
S214015248FFF7BAFA09E6334C23786BB11FF0B7FEBD
S21401525850B10020304904F043F8002323701FF0B2
S214015268BBFEFFF74DFBF8E52C49E5E7DFF8A49010
S21401527899F8003043B9FFF7D1F88542034607D0BD
S2140152881C4A27490095E5E51FF0A0FE0128F2D142
S21401529810220D480AA909F033F810B9BAF13F0FE0
S2140152A842D9144A1F49002004F01AF84FE700BFF4
S2140152B8B20504000A050400EA0504008D5E002014
S2140152C81F060400C02709001C4100202C410020AD
S2140152D8AE0004006006040012580020935E002009
S2140152E81458002082060400F16B0020A106040071
S2140152F8945E0020C7060400DC06040009080400C2
S214015308EB070400E09304001707040042070400B3
S21401531861070400905E00207D070400BC070400B6
S21401532845080400810804006D4B187099F8003090
S2140153384BB11FF044FE30B128461FF043FE042847
S21401534807463FF48AAD5146284632191FF07DFFBD
S21401535828B10020634903F0C3FF042070E799F8D9
S2140153680030554463B11FF02AFE48B1FF2FF4D030
S214015378012F3FF472AD032F16D11FF02BFE054601
S2140153882846FEF7E5FF04460246052156481FF063
S21401539852FE564B1B689C420AD320461FF050FF0C
S2140153A80520FFF73FFA58E51FF012FE8046E7E7AB
S2140153B84046FEF7E1FF00287FF44FAD51E74C4B1E
S2140153C81B7803F0FD03082B01D04A4A29E5A48976
S2140153D835B1F27822B10020474903F081FF2EE764
S2140153E8E4B22246F11C0AA81FF0FEFD434BBDF8A5
S2140153F828201988054691420DD04FF6FF718A423A
S21401540809D03C4A00203E4B3E4903F083FFBDF8D5
S21401541828203D4947E7BDF82A20598891420CD0F3
S2140154284FF6FF718A4208D0324A0020374B354979
S21401543803F070FFBDF82A20EBE70B9A5B689A42E7
S2140154480AD0013208D02B4A2E490020304B03F0EF
S21401545861FF0B9A2F4926E7A4B2E91C2246C9B276
S214015468304620F03AFFE91DC9B2074622463046C3
S21401547820F033FF431C014606D10820FEF73CFF07
S2140154882548FEF779FFE8E4384606AAFFF7E4F868
S214015498A8B9214B0693214B00221978204B18787E
S2140154A81FF07EFD069C2046FEF766FF224600207A
S2140154B81C4903F015FF0920FEF71EFFCDE440F650
S2140154C8B733069A9A42E6D840F6B832002016490B
S2140154D803F006FF40F6B833DCE7812421E400BF79
S2140154E8935E0020B4080400D70804002C4100206D
S2140154F8945E0020E0080400F50804001C41002022
S214015508770404001C090400D5F90300A10404006B
S214015518370904003411040080EE3600F06B0020D1
S214015528F16B00206F0904004409040008B5042043
S214015538FFF742F90020FEF7DFFE0023054A19218E
S2140155481370054A1370054B1878BDE8084020F01B
S214015558E3B800BF915E0020925E0020F16B002048
S21401556810B5164B164C1A78164B002053F8222005
S214015578154903F0B5FE2178144B154A0020002979
S21401558818BF1A46134903F0ABFE23782BB1124B0A
S21401559800201A68114903F0A3FEFEF73FFF0446F0
S2140155A8FEF73CFF0E4B19681FF038FD2246BDE892
S2140155B8104003460B49002003F092BE945E00207B
S2140155C8915E0020C47404008B0904006110040075
S2140155D8421004009809040018410020B20904008A
S2140155E82C410020CB09040038B5014604460020AA
S2140155F8FFF788FB054698B1E37C00200A4A0B4969
S21401560803F06EFE2379042B0AD02946204620F0A3
S2140156184EFF034620B10020054A064903F060FE06
S2140156286FF0FF0038BD00BFB5EA0300F3090400B8
S214015638290304003103040010B51346094A1278F9
S21401564882420DD163B1084A002014680A46074908
S21401565803F046FE2146BDE810400120FFF752BB85
S21401566810BD00BFF16B00207C440020150A040021
S21401567810B50D4B1C782CB1BDE8104000200B4925
S21401568803F02EBE6420FEF763FE4FF6F0716FF04E
S2140156980F02074B0320C3E9001222462146BDE844
S2140156A81040FEF7D3BE00BF945E00204E0A0400E9
S2140156B81C410020014B1870704700BF905E002007
S2140156C800210620014AFEF7C1BE00BFC027090017
S2140156D8014B1870704700BF8D5E0020114B2DE9F5
S2140156E8F04107460D4618680F49101A09681FF059
S2140156F895FCDFF840800D4E98F800400346FF2CD5
S214015708307004D0A8420AD32C44A04207DB3A469C
S2140157180020074903F0E4FD337888F80030307834
S214015728BDE8F0813441002030410020955E00201C
S2140157387C0B0400F26B002050EA010208D0FF221D
S214015748054B091A1A70054B1860054B1960704706
S21401575811461046FFF7C2BFF26B00203441002005
S214015768304100202DE9F04FAFB006AD284600F0D5
S214015778FDFD0026624FDFF8D091284600F090F92B
S214015788044648B900F0BEFD5E490246204603F0CD
S214015798A7FD2FB0BDE8F08F39460020F2B203F01E
S2140157A89FFD284616A900F0FFFD044620B156497C
S2140157B8002003F095FD8FE0BDF85820534903F00B
S2140157C88FFD49462046BDF85A2003F089FD20463C
S2140157D8BDF85C204E4903F083FD2046BDF85E20E7
S2140157E84C4903F07DFD2046BDF860204A4903F088
S2140157F877FD2046199A494903F072FD2046BDF8FF
S2140158086820474903F06CFD204646490DF16A02B7
S21401581803F066FD44492046239A03F061FDBDF86E
S2140158285C30D90705D520469DF890203F4903F0FE
S21401583857FDBDF85C309A0714D500203C4903F0A3
S21401584869FDBDF85830B3F5807F4FD1002020F0B0
S2140158588EFD18B10DF1910003F0C4FC0020354906
S21401586803F03EFDBDF85C305B070BD50020BDF8A4
S214015878B220314903F034FD0020BDF8B4202F4989
S21401588803F02EFD062228460DF116030AA91FF07D
S214015898F4FB044690BBBDF81620294903F020FD09
S2140158A8DFF8A8A0DFF8A8B00DF12808BDF8161093
S2140158B8A2B2914210D9B8F800205146002003F050
S2140158C80FFD0134D8F804205946002003F008FDDE
S2140158D8062C08F10808E9D16C46204600F05AFD66
S2140158E894E80F00013685E80F0046E701232022D9
S2140158F800200DF1910103F057FCAFE7114957E776
S2140159088E0B04005B0D0400970B0400BB0B040010
S214015918EF0B0400080C0400210C04003A0C0400E8
S214015928530C04006C0C0400810C04009D0C04004C
S214015938B60C040005220400C90C0400E20C04009D
S214015948FB0C04002E0D0400D40B04000C0D0400FF
S2140159581C0D04002DE9F04188B004AD0446284624
S2140159688846002700F002FD6E46474507D195E8B0
S2140159780F0084E80F00204608B0BDE8F0813046E5
S21401598800F008FD96E80F0085E80F00284600F0AD
S21401599887F801370028E8D1014B0FCBE9E700BFAC
S2140159A8447704001FB5D0E9023253F8223068461E
S2140159B81978FFF7CFFF684600F07CFD48B1042848
S2140159C809D1074A0020074903F08AFC05B05DF8AB
S2140159D804FB054AF6E70020044903F081FCF5E7D5
S2140159E8FD160400760D0400AD10040082060400BE
S2140159F810B5D0E9023203EB8201496853F8223028
S214015A0898B00C6804A81978FFF7A4FF03AB4022E6
S214015A180093214608AB04A800F0E2FC024628B130
S214015A2800200E4903F05CFC18B010BD039808A9C5
S214015A3800F007040122C0F3C70003F0FBFB03993B
S214015A4808A8091B0144064801232246008803F0DA
S214015A58ABFB044803F0E4FBE6E700BF860D040051
S214015A683058002005220400F0B504460D460B4BBD
S214015A78EF880FCB84E80F00AB882E899B0741BFC0
S214015A88D5F83900D5F83D1004F1080303C3EA68D0
S214015A982046278066806260F0BD00BFFC74040063
S214015AA8102208B5034908F02BFC003818BF01205E
S214015AB808BD00BF4477040008B521F073FCC2880E
S214015AC8FF219208012A38BF012202481EF063FE10
S214015AD8012008BD4441002038B5134690B1012085
S214015AE8274A1070274A00201160274A13600A4681
S214015AF8264903F0F5FB02F043FB254B18700220FC
S214015B0802F044FB21F069FCE8B91D4D1D4C2B78C9
S214015B182BB921F047FC2268C368134423601A4B4B
S214015B2824681B689C4229D221F03CFCC1682046A7
S214015B3806F022F8002402462C7050B921F04DFCDC
S214015B48FFF7BAFF03E0FFF7B7FF0028DDD0012013
S214015B5838BD20460F4903F0C3FB0D4B187802F0F9
S214015B6815FB00200C4903F0BBFB00F091F908B9BE
S214015B7800F0AEF92046FFF7B7F8E8E70124ECE7AE
S214015B88975E00203C41002038410020AD0D0400FE
S214015B98965E0020D90D0400F90D040038B500F012
S214015BA84BFA044600F042FA241A21F0FBFB05469C
S214015BB818B9B1211B4826F0DCFEAB8803F00303B5
S214015BC8032B03D0B221174826F0D3FE00F02EFA95
S214015BD805461FF0C5FA01238340013B2B4203D03B
S214015BE8B421104826F0C5FE1FF0BAFA01238340F7
S214015BF8013B234203D0B5210A4826F0BAFE05F038
S214015C0891FD05461FF0ACFA4FF48063B3FBF5F33C
S214015C18C440A34205D2BDE83840BA21014826F05F
S214015C28A8BE38BD0F0E0400FF2108B504481EF0B3
S214015C38C3FDBDE80840002211461046FFF74CBFD9
S214015C4844410020F7B504460E4600F089F805469B
S214015C5821F0A8FBC3682B449C4220D31FF080FA8E
S214015C682C44C440013C114F3B68DEB1A34219D114
S214015C7801340023ADF8043000F0E4F9054605F0D8
S214015C8851FD103504FB005405F04CFD01A90246F0
S214015C98204605F099FD1FF073FA386004E04FF0CE
S214015CA8FF34E0E7A342E4DB03B0F0BDB0670020B1
S214015CB84FF0FF320A4B10B51A600022094B1A70D2
S214015CC800F0B4F9044600F0B7F92146024601206F
S214015CD8FFF702FF00280CBF0120042010BD00BFFB
S214015CE8B0670020985E002038B500F0D1F808B9F2
S214015CF8002038BD094D0A4C2B7823B91FF040FA0D
S214015D08012320602B7024681FF02AFA013484408E
S214015D18EED000F025F82044EBE700BF985E00209F
S214015D28B067002070B50D4C2368002B01DA0120FE
S214015D3870BD00F07BF9054621F034FB2468C6687F
S214015D481FF00EFA013404FA00F1294401208A19D9
S214015D58FFF7C2FE0028EAD00420E9E7B067002072
S214015D68024B18680C301FF03BBA00BFB46700201E
S214015D78FF2307B50021044A04480093FBF78AFC71
S214015D8803B05DF804FB00BF315C0100444100200C
S214015D980E4B70B51C680546036804F582641C44FE
S214015DA80E46FFF7DDFF2B68834208D232681A4495
S214015DB8824208D9C31A012033602C6070BD044A98
S214015DC8126813441C1A0020F7E700BFB4670020C6
S214015DD8404100202DE9F04FB3F5803F87B00F46CC
S214015DE89846019003D3002007B0BDE8F08F03A9B9
S214015DF804A8CDE90332FFF7CBFF0024824600F161
S214015E080109DFF888B05FFA89F9019BDDE90356D5
S214015E18AAB27BB13046109921F0CBFA0028E2D11C
S214015E28B9F1020F2BD1DBF800300493019B03BBB9
S214015E382F4421E03946304605F0C6FC0028D2D169
S214015E48BAF1000FECD0002CEDD105F06BFC2E4416
S214015E58B6FBF0F303FB10600028E4D005F062FC03
S214015E6805A902463046059405F0AEFC0028DAD0AE
S214015E78B9E7109B2B441093A8EB05050395631C03
S214015E884B454FF00104C0D32046ADE74041002002
S214015E987FB56B460C4A1068516803C390680C229C
S214015EA818600A4B0DEB0201186821F082FA0C22E1
S214015EB868460DEB020108F023FAB0FA80F04009B3
S214015EC807B05DF804FB00BF0C750400B46700203A
S214015ED81FB5084A01AB1068516803C3906801A949
S214015EE81860054B0C22186805F06EFC05B05DF8C5
S214015EF804FB00BF0C750400B4670020F7B5044620
S214015F0815460E4681B9072A03D80024204603B051
S214015F18F0BD0D4B80791968E379063000EB032054
S214015F280C3180B21FF066F9002721462B4632460F
S214015F3838460097FFF74EFF04460028E5D0394655
S214015F487019FFF77FFEE1E7B4670020024B186877
S214015F58A0F50060704700BFC067002010B58AB082
S214015F68684606F015F810F0FF0027D1009BFBB134
S214015F78174C01A9206005F083FF10F0FF001DD122
S214015F882268009B9A4204D34FF4DD71114826F02B
S214015F98F0FC019B104A11491360029A13440B60E6
S214015FA80F49A3F500630A600E4A1360009B63B9A4
S214015FB840F2CF11074826F0DCFC06E0044A034607
S214015FC812680020084903F08BF90AB010BD00BF1B
S214015FD8B8670020C20E040040410020BC670020BC
S214015FE8C0670020B46700206A0F040008B5FFF7F1
S214015FF8B5FF21F0D7F950B121F0D4F9064B026963
S2140160081B689A4203D2B321044826F0B2FCFFF774
S214016018C5FD012008BD00BFC0670020C20E0400F0
S214016028014B1868704700BFB8670020014B186815
S214016038704700BF40410020014B1868704700BFF9
S214016048BC670020014B1868704700BFB467002082
S21401605810B5FFF749FE04462849002003F040F929
S2140160680020274903F03CF90020264903F038F9B7
S2140160780020254903F034F9244B00201A682449E6
S21401608803F02EF922462349002003F029F9FFF7E9
S21401609867FE21490246002003F022F91F4B002023
S2140160A81A681F4903F01CF91E4B1F4C1A6800207A
S2140160B81E4903F015F9226800201D4903F010F95E
S2140160C84FF4806200201B4903F00AF92268002079
S2140160D81949103203F004F92268002017490C32D6
S2140160E803F0FEF822680020154902F5826203F0E3
S2140160F8F7F8BDE8104005F049BA00BFE90F0400FB
S214016108261004004510040065100400B867002036
S21401611890100400AF100400D21004004041002083
S214016128F5100400BC670020B467002018110400AD
S2140161383B1104005E11040081110400A41104003F
S214016148C71104002DE9F04194B004460D4600201D
S214016158482102AA1FF05FF818B9534903F0C0F89E
S21401616819E060220021204607F07EFD04224F49EF
S21401617802A808F0C5F890B16DB19DF80B30002063
S21401618801939DF80A309DF80820009348499DF828
S214016198093003F0A5F8012014B0BDE8F081BDF878
S2140161A80C20B2F5807F228003D0424903F098F88C
S2140161B8F1E7BDF81420BDF80E102281DDF816208F
S2140161C86180E2600499BDF81A206160228284F831
S2140161D8320007AD04F112020FAE2B4603CBB342D1
S2140161E8106051601D4602F10802F6D10F9B324A33
S2140161F863631360314B10221846002107F034FD03
S214016208E288A388028022894280E26842600BB94C
S2140162180020C1E700263546A388D90709D536B137
S21401622805F150026A4412F8482C84F838200135E2
S214016238EDB29A0714D520881EF003FF07466EB103
S21401624802AB03EB05080246414604F1390007F0A4
S2140162589BFE3A4641461A4807F096FE2F44FDB281
S214016268A3885B070DD556B105F150036B4433F887
S214016278482C33F8463CA4F85A20A4F85C30043578
S214016288EDB2002EC4D1482D02D930460D4965E736
S2140162982946382002AA1EF0BEFF08B90A495DE75A
S2140162A838250126B8E700BFEA110400187504006E
S2140162B81C120400521204006441002068410020A8
S2140162C8704100206D120400BD12040030B50B4C5D
S2140162D899B025786DB9FFF789FE68B129466846F1
S2140162E8FFF730FFB0FA80F0054B4009187001231C
S2140162F82370002019B030BD0120FBE7995E00200D
S2140163089A5E0020014B1878704700BF9A5E0020FD
S21401631870B51E46134B044618881D46884298B029
S21401632802D15B88934206D00F4B0FCB84E80F004F
S214016338204618B070BD96B100216846FFF702FFE7
S2140163480028F1D1BDF804305B0708D53388BDF8BD
S2140163585A209A42E8D8BDF85C209A42E4D395E8D8
S2140163680F00E3E76841002044770400064B10B5A8
S2140163781B7804462BB9054B0FCB84E80F00204643
S21401638810BD034BF8E700BF9A5E0020447704006F
S2140163986841002010B50446024B0FCB84E80F0075
S2140163A8204610BD447704000B4B10B51B780446F5
S2140163B808467BB10021FFF7C5FE48B910222146E1
S2140163C8064807F09DFF003818BF0120C0B210BD6F
S2140163D80120FBE70120FAE79A5E002068410020C9
S2140163E82DE9F0410E4690460E4910221F4607F049
S2140163F887FF044670B90C4B3A461D683046AD1BFC
S214016408454528BF454629461EF005FF28B90749D0
S21401641802F066FF0120BDE8F081069B20461D605C
S214016428F9E700BF6841002064410020BD1204005E
S2140164380022024B1A70FFF73BBC00BF9A5E002091
S2140164482DE9F0419CB00F4616468046FFF74CFCF6
S214016458054602461549002002F042FF382D20D98C
S214016468012104A8FFF76EFE0446D0B9119B04A9C2
S2140164783B606F463846FFF7F7FA97E80F0086E85D
S2140164880F00119BAB4297BF01210324084AC8F8A5
S214016498003094BF1170C8F8005020461CB0BDE803
S2140164A8F0810022024B01241A70F6E7EF1204006D
S2140164B89A5E002070B5084D00262B7853B1FFF779
S2140164C8F7FB04461022002104482E7007F0CCFB87
S2140164D8204670BD3446F5E79A5E002068410020E4
S2140164E808B50020064902F0FBFE064B00201A7884
S2140164F8054902F0F5FEBDE80840FFF7A9BD00BF53
S2140165080E1304009A5E0020381304000346012087
S214016518024AC3E9032000221A7070470100FEFFF1
S2140165282DE9F0410024264E264FDFF8A88088B0D2
S21401653800F0D4F9A5B2854202D308B0BDE8F081CF
S214016548284603A91EF09DFEA2B23146002002F09D
S214016558E1FE9DF80D2012B39DF81210BDF810301B
S214016568402914BF6E2179210020CDE90031394632
S214016578BDF80E3002F0CEFEBDF814201AB1002088
S214016588114902F0C7FE9DF80C00BDF8182070B935
S214016598079B0E490093BDF81A3002F0BBFE002097
S2140165A80B4902F09DFE013426F0F0F9C0E7BDF86C
S2140165B81C304146009300209DF81A30EDE700BFD5
S2140165C851130400571304007A13040084130400BB
S2140165D805220400AB13040010B500F0ABFABDE8C1
S2140165E810400346024A0020024902F079BE00BF65
S2140165F8D31304000ADC0300D0E9023253F8223030
S21401660810B5188800F086FABDE810400346024A1D
S2140166180020024902F064BED91304000ADC030014
S21401662810B5D0E90232002486B08DF8044053F83C
S214016638221003EB8203097801A88DF805105A6821
S2140166481288ADF806209A681288ADF80820DA682C
S2140166581278ADF80C40A24214BF402280228DF871
S2140166680A201A691288ADF810205A699B6912889F
S214016678ADF812201B68059300F0D0FB034A0346C9
S2140166880349204602F02CFE06B010BD75F2030041
S2140166980ADC030038B50024064D26F063F945F8F0
S2140166A824000634C02CF8D10020BDE83840024941
S2140166B802F016BE80100020E013040030B500205A
S2140166C887B0204902F00CFE00201F4902F008FEA0
S2140166D800201E4902F004FE26F044F9002405466F
S2140166E8A0B201A901341EF0CCFD202CF8D126F069
S2140166F839F91749421B002002F0F2FD154900201E
S21401670802F0EEFD26F02EF90446012000F09EF870
S21401671826F028F90E49021B002002F0E1FD0E4979
S214016728002002F0DDFD26F01DF904461EF09AFD54
S21401673826F018F9021B0020054907B0BDE83040CD
S21401674802F0CEBD0C1404003B1404006B140400C4
S2140167588814040097140400B114040010B50C46FC
S21401676803F022FD08B9032C12D101F0FFF8042822
S2140167780ED001F0FBF805280AD0064802F060FCA6
S2140167881C2801D11FF01BFDBDE8104002F068BCB3
S21401679810BD00BF775203002DE9F04F00274FF0D8
S2140167A8FF36DFF8A4B0264C87B0BBF80030B8B285
S2140167B8834209D8731C3BD03246FF21214807B0D3
S2140167C8BDE8F04F1DF0E7BF01A91EF05AFD9DF880
S2140167D8050001F001FFF8B19DF80480B8F1000F3B
S2140167E81AD1BDF810A0BDF8129026F0BBF81821F2
S2140167F80246BBB24B43E018E158007C4FF47A736B
S214016808A2EB010C50B103FB0AF363450ED30B440C
S214016818981A864228BF06460137C6E74D466B4397
S214016828FAD06345F5D31944881AF2E74046F0E7EB
S214016838FF21044807B0BDE8F04F1DF0BDBF00BFFB
S2140168488010002078410020165800202DE9F041DC
S214016858014688B058B1022810D01EF02CFD78B336
S214016868D221194808B0BDE8F04126F082B8FF23C6
S214016878164A17480093FAF70DFFEEE700244FF083
S21401688801082746134EA5B2284603A98DF80D70B0
S2140168981EF0F7FC9DF80D0068B101F09DFE20B1D1
S2140168A89DF80C300BB986F810800134202C06F1BF
S2140168B81806E8D12546084B1D80FFF76DFFCCE783
S2140168C808B0BDE8F08100BFD1140400096C0100CE
S2140168D8784100208010002016580020014B1888A7
S2140168E8704700BF165800202DE9F04F634A077D10
S2140168F889B004466249002002F00CFD00201FF012
S21401690836FD20B12368218A588803F09BFC0020B5
S2140169185C4902F0E5FC637DDFF87491002B23687F
S21401692808BF08205988574B18BF00200093228AB1
S2140169384FF0090314BF4FF080084FF0400802F0EB
S2140169482FFBA289BB1C93420CDB1FF0AAFD034652
S21401695820B100204C4A4D4902F0C2FC012009B082
S214016968BDE8F08FA068791C89B2C55D1FF0B8FC38
S2140169780337012D0646BFB213D823683246598815
S2140169885879238A009343461FF0F4F88246002874
S2140169983ED1862002F0CCFB284602F0C9FB3046E1
S2140169A868E08520F6E703A91EF06BFC9DF80C301D
S2140169B8AB4223D123689DF80D105A7991421DD117
S2140169C8BDF80E105A88914218D1BDF81020B2426F
S2140169D814D19DF81220424510D1BDF81410228A10
S2140169E891420BD1002D38D0BDF81810E28891429B
S2140169F804D19DF81A201B799A422ED00BF1010B6F
S214016A08B9F800305FFA8BF08342CCD88B20C1E707
S214016A184FF0000BF4E79AF8020002F089FBBDF884
S214016A2818001FF020FCBDF81A001FF01CFC9AF88D
S214016A38020003F027FE002883D19AF8020001F02D
S214016A489DFC0546079E002D3FF47BAFF0B2013D45
S214016A5802F06EFB360AEDB2F5E7002002F068FB9D
S214016A68284602F065FB30461FF0FDFB012DD2D10A
S214016A78BDF81C001FF0F7FB63E700BF60150400B4
S214016A8832090400052204006D1504008A15040065
S214016A98165800202DE9F04391B0694680461EF04D
S214016AA8F0FB0023194F8DF801303888431E98B241
S214016AB88045388009D1694640461EF0EAFB68469B
S214016AC81EF0CEFB11B0BDE8F0834FF0180905A9FA
S214016AD81EF0D7FB0E4C3E880AAD09FB06460FCEC4
S214016AE80FC596E8030009FB084485E803000AAECB
S214016AF8404605A91EF0CDFB0FCE0FC495E803004E
S214016B0884E8030069463888D7E700BF165800208E
S214016B188010002008B5064B1B88834205D9FFF76D
S214016B28B9FFFFF739FE002008BD2720FCE700BFA4
S214016B381658002038B5074D2C882CB9FF21064871
S214016B481DF03AFE204638BD601E80B2FFF7A2FF50
S214016B58F2E700BF16580020784100202DE9F347D8
S214016B689A4618239DF82890244FCDE9001203FB76
S214016B7809731446D3E902231FF072FD0646204620
S214016B880D4603F07FFD04F0FD03382B80460FD138
S214016B98009432462B460021DAF810001EF09CFBC2
S214016BA8B8F1010F1BD135431ED102B0BDE8F087FD
S214016BB8392CDAF810300BD107EE906A07EE103A46
S214016BC8F4EEC77AF1EE10FAACBF01200020E7E731
S214016BD89E4275F100032CBF01200020E0E7B8F1C2
S214016BE8000FE2D10028E0D0182303FB0977012320
S214016BF83B7402B0BDE8F047FFF7CEBD8010002019
S214016C082DE9F04F00252E46A846AA462C46DFF861
S214016C18BC91D1B0694BA8B21B88834209D81CB174
S214016C2861882079FFF79AFDFFF7B6FD51B0BDE8F8
S214016C38F08F0BA91EF025FB25F094FE1823AFB2A2
S214016C487B4309EB030B59F8033005909DF82D009B
S214016C58049301F0C1FC002800F0AE809DF82C10CA
S214016C68002940F0A980DDE90432D01A4FF47A727F
S214016C78BDF838305343834200F29E809BF81030AB
S214016C8843B9BDF83A30002B00F09680534383424F
S214016C9800F29280FD230022CDE9013210AB009369
S214016CA80DF119020DF11A03E9B20BA8EFF730FB43
S214016CB8002877D1BDF81A30DA1C0493D2B214B37F
S214016CC83F4B9DF82D101B8813442279914214D10D
S214016CD8BDF82E10628891420FD19DF83220B8EB8C
S214016CE8D21F0AD1BDF83420524506D1B3424DDD34
S214016CF80020344902F0F4FA01E0B342F8DC618876
S214016D082079FFF72BFD02F0E7F904469DF93200DA
S214016D182D4BC043C00F0093BDF834200A23BDF89D
S214016D282E10C0009DF8328002F03AF99DF82D30F9
S214016D384FF0000B23714FF48A53FF26BDF834A099
S214016D484FEAD818E38007A95FFA8BF01FF02CFEEC
S214016D58C0B2B0B99DF81D109DF82D20914210D1F2
S214016D68BDF81E10BDF82E2091420AD122469DF884
S214016D7829109DF81C001FF09DFBB04228BF304625
S214016D88C6B20BF1010BBBF1200FDCD1BDF8300008
S214016D981FF069FA9DF8190002F0CAF9049910A8BB
S214016DA802F0DAF9182300225F4309EB07031A7485
S214016DB825F0D8FD49F8070001352BE716580020BD
S214016DC820580020491604000522040080100020DF
S214016DD870B500240126104D8AB02B88A0B28342D4
S214016DE804D80AB0BDE87040FFF7D6BC05A91EF066
S214016DF848FA9DF8150001F0EFFB50B19DF81430E4
S214016E083BB91A46CDE901360093E1B205A8EFF77A
S214016E187FFA0134E1E700BF165800202DE9F04358
S214016E280389DFF858818BB0B8F8009000930446C0
S214016E3883798288418840781EF09CFE002800F0FD
S214016E489580E78927B1A389BB4200F29180002784
S214016E58B8F80030BDB2AB4214D84D4601264FF6FD
S214016E68FF73E2899A4226D146B9B8F80030AB4298
S214016E7802D92846FFF70EFEFFF78EFC00200BB05E
S214016E88BDE8F083284605A91EF0FBF99DF81430E5
S214016E987BB92268059B5340FF2B0AD86368069E78
S214016EA85E4036F07F4604D1BDF81C2023899A42FD
S214016EB8D5D00137CCE7E2689A422BD0002E53D1C1
S214016EC8D4E90323CDE9082305A81EF0C9F900284B
S214016ED8D5D1B8F80030AB4204BF6B1CA8F8003017
S214016EE825F040FD18236B43234AE9B2D050D41845
S214016EF8002305A81A46CDE901330093EFF708FAEF
S214016F0818B100220023C4E90223284605A91EF069
S214016F18C0F9B1E7234605AA04F1100C174618680C
S214016F285968083303C763453A46F7D11868386085
S214016F3805A81EF098F90028C0D01F2D1AD80023DE
S214016F488DF8143063788DF815306388ADF81630EF
S214016F58A388ADF81830A3798DF81A302389ADF8CF
S214016F681C300028B0D1ABE70020E6E7862086E78C
S214016F78872084E7892082E78010002016580020A1
S214016F882DE9F04FB04A90F814908DB00446AF49F9
S214016F98002002F0BFF900201FF0E9F920B12368AC
S214016FA8218A588803F04EF90020A94902F098F979
S214016FB8637DDFF8B8A2002B14BF80234023029319
S214016FC8236808BF08205988A14B18BF00200093E2
S214016FD8228A072301F0E4FF00230393A28909F11B
S214016FE80305954211DB039B13B9184602F0A0F876
S214016FF81FF057FA034620B10020964A964902F038
S2140170086FF901200DB0BDE8F08FA06809F1010104
S21401701889B210F809601FF063F9324680460346C4
S2140170288E490020ADB202F05BF98EB1012E00F058
S2140170388A808527384602F07BF8304602F078F8D1
S21401704840461FF010F9852FD2D00123039376E02E
S214017058A06809F10401A28989B2475D1FF040F9C9
S21401706809F10601A289049089B2A0681FF038F9CF
S2140170783A4605900090049B3046794902F030F96B
S21401708809F1080938461FFA89F503F0FBFA0028C2
S21401709857D1384601F072F9294603468146A28936
S2140170A8A0681FF00EF96F498346304602F032F9A0
S2140170B8A1684A4629443346304602F075F83046F8
S2140170C8634902F00DF9A9441FFA89F52368424677
S2140170D859885879238A0093029B1EF04BFD18B1F4
S2140170E88378BB4240F0AC80483FFFB2092F05D8F1
S2140170F840F21133FB40DB0700F1A48000238DF832
S2140171081C30236807A85A798DF81D205B88ADF8CE
S2140171182080ADF81E30029BCDF82CB08DF82230B9
S214017128238AADF82430049BADF82830059BADF8CA
S2140171382A30FFF773FE074600287FF47BAFA9467F
S2140171484CE7B346C2E72946A289A0681FF0C8F8EB
S2140171584FF0000B024607464349002002F0C0F8EC
S21401716809F10509BAF800301FFA89F5BAF80020BE
S2140171781FFA8BF94A4503D81F2B31D9892759E7B6
S214017188484607A904931EF07CF89DF81C20049B2A
S214017198012A22D122689DF81D00517988421CD106
S2140171A8BDF81E005188884217D1BDF82010414508
S2140171B813D19DF82210029881420ED1BDF8240001
S2140171C8218A884209D1BDF82800E188884204D17D
S2140171D89DF82A10127991421BD00BF1010BC5E7D5
S2140171E8012299468DF81C20226851798DF81D10C8
S2140171F85188ADF82080ADF81E1002998DF822103E
S214017208218AADF82410E188ADF8281012798DF896
S2140172182A2007A8ADF82C701EF022F80746002889
S2140172287FF408AFBAF800304846994508BF09F117
S214017238010307A908BFAAF800301EF02AF87EE75E
S2140172488D27F7E68C27F5E6741604003209040044
S21401725805220400D51604008A1504007C160400CD
S21401726899160400BA160400C5160400165800201C
S2140172782DE9F04F074688469146002589B09A467B
S214017288BDF848B09DF84C60149C224B1A88A8B2E9
S214017298824235D903A91DF0F4FF9DF80C201D4B39
S2140172A8B2BB9DF80D10B94232D1BDF80E1041455A
S2140172B82ED1BDF8101049452AD19DF81210514516
S2140172C826D1BDF81410594522D13046029201F054
S2140172D855F8A6F14103012B01460AD820461FF0AE
S2140172E805F80D4B0D4A204484420CD10421029323
S2140172F802ACEDB232462046009503ABFFF72EFCF2
S21401730809B0BDE8F08F14F8011F4B405343EBE773
S2140173180135BBE716580020C59D1C819301000165
S2140173281FB50F4C2478C4B142EA03229DF81830E1
S2140173388DF8051042EA43220A4BADF80C201A785C
S214017348094B8DF80610079903EB021300908DF888
S2140173580400DB6868460291984704B010BD00BF78
S2140173689B5E00209D5E00209841002073B51A4D53
S214017378FF211A481DF020FA2B7853B3184C194EE2
S2140173882378180106EB03131A7A5968305C1FF044
S2140173988FFB4D281DD0E0B1012300212278CDE9CD
S2140173A800311201B25CC0B2FFF7BAFF0A22237895
S2140173B80A480133DBB2B3FBF2F102FB1133FF21BA
S2140173C823702B78013B2B7002B0BDE870401DF08E
S2140173D8EBB902B070BD00BF9B5E002038420020AA
S2140173E89D5E002098410020F8B5104F3E780A2E81
S2140173F81AD00FC8DFF840C00D4D9CF80040013682
S21401740805EB041585E80F000A230134E4B2B4FB42
S214017418F3F203FB12440748FF218CF800403E7044
S2140174281DF0C2F90020F8BD0120FCE79B5E002094
S21401743898410020384200209C5E00200021024A24
S2140174480248FAF75DB900BF75730100384200209B
S214017458002337B50C46124D12492A78CDE9003378
S21401746812018A5C01230146E0B2FFF759FFA4B96D
S2140174780D490A788AB10A202B78013A0133DBB222
S214017488B3FBF0F40A70FF2100FB143307482B7096
S21401749803B0BDE830401DF087B903B030BD00BF6A
S2140174A89D5E0020984100209B5E00203842002007
S2140174B808B500F0BDF850B1054B064A064905283F
S2140174C808BF1A46BDE80840002001F009BF08BDFC
S2140174D8E9160400052204000A17040008B503206B
S2140174E81FF000FB10B90122014B1A7008BD00BF3E
S2140174F89E5E00200022024B18781A70704700BF63
S2140175089E5E00200246FF2101481DF044B900BFD7
S21401751858420020114B37B51D78C5B9FF211048D0
S2140175281DF04AF9FFF7DAFF044600900D4B28468E
S2140175380D4A0E4901F0D4FE4CB10D4B1B78DB0603
S21401754805D528461FF0A8FA20461DF0FAFC094B77
S214017558186803B0BDE83040FFF7D4BF9E5E002030
S21401756858420020271704005517040014EF03009B
S2140175788C5E0020C4670020FF2101481DF01CB95D
S2140175885842002070B51A4E054633780C466BB340
S2140175980020184A184901F0BDFE032C01D0652CBD
S2140175A820D11649002001F0B5FE224600201449D4
S2140175B801F096FE0020134901F0ACFE012329468E
S2140175C80822002001F0F0FD00200F4901F088FE96
S2140175D8032C88BF0023204688BF3370BDE870405F
S2140175E8FCF7BEB8012CE0D00849DBE770BD00BF48
S2140175F89E5E002055170400FEF20300681704007B
S214017608B5F9030086170400052204007E17040056
S214017618014B1860704700BFC46700200021024A6A
S2140176280248FAF76DB800BF1D75010058420020E0
S214017638054B10B51C782CB90448FF211DF0B4F889
S214017648204610BD0520FCE79E5E0020584200201B
S214017658F8B50024074B084E1D68084FE3B29D4253
S21401766804F1010400D8F8BD394656F823001CF089
S2140176785AFAF3E72C93040030930400906800202C
S21401768810B5044C23780BB11FF01CFA01232370A4
S21401769810BD00BFF36B00202DE9F743254B0D46BF
S2140176A816460446019350B14AB1042301AA12F8BA
S2140176B8011BA94235D0013B13F0FF03F7D1212066
S2140176C803B0BDE8F08317F8010F90FAA0F0000E9A
S2140176D81CF065FC014608EB07039945F3DCCAB2C2
S2140176E8C1F30F2392FAA2F293FAA3F3120E1B0E1A
S2140176F803EB0223DB43621912F8020C99B2DBB2E0
S21401770898420CD112F8013CB3EB112F07D132463F
S2140177182146284603B0BDE8F0431FF03BB92320B5
S214017728CEE74FF6FF71671EA5F10209C4F10108FD
S214017738D1E700BF080A0E12014B1870704700BF48
S2140177489F5E0020024B1A6818608260704700BF6F
S214017758C8670020024B186800B14068704700BF30
S214017768C867002070B5044600250A4B1B687BB124
S21401777800211E8807E05A6802EB0110013145B95D
S214017788021B554255418AB29642F4D89B68EEE7E9
S214017798184670BDC86700202DE9F04F1E46002325
S2140177A893B0022E074688461446DDF870909DF879
S2140177B874A0ADF81A3040F2C08099F800305A0724
S2140177C829D5042E40F2B98099F804B000255F4BFC
S2140177D833F83520002A00F0B68001350A2DF7D196
S2140177E8209B002B40F0AD80FF250023207908AAB6
S2140177F80DF119018DF819301EF006FD70B1BDF8AE
S2140178082C309DF8190023801EF080FD0790C0B12A
S21401781813B0BDE8F08F99F802B0D7E720791EF0CB
S21401782824FA0B28059000F28A8020791EF07FFD45
S21401783807900028ECD1464A059B02EB03135B88A8
S21401784823804FF6FF73002F08BF43466288002146
S214017858CDE9002358465246238802F0FDFD18B1AB
S214017868E38843F02003E380209B07A90DA8CDE910
S2140178780D34CDF83C90ADF84080ADF842608DF8F7
S21401788844708DF845A01EF0D2FC08B10798BFE7F2
S214017898484602F025FDA01D02F010FD224641468D
S2140178A838461EF007FEB04227D3E3882246C3F3C4
S2140178B80E03E3809DF87C3041460393BDF878308B
S2140178C8384602930DF11A03CDE90093F3B21DF081
S2140178D83FFF209B079003B3F8B9BDF81A2042B1C1
S2140178E8092D06D81B4B03EBC5018A80209A43F85D
S2140178F835201120FAF7CCFB1CE0BAF1000F0AD1AB
S2140179080DF11A03CDE9006322464B464146384637
S214017918FAF7D2FFDDE73820DBE7052807D1E38849
S214017928DB0607D5002301200793FFF705FF079B12
S214017938002BDED01EF0EFFCA8E7012068E7212027
S21401794866E71C2064E7EDB24FE700BF80420020DF
S214017958EC4200207C4200204FF6FF72024B1A8050
S2140179685A809A80704700BF1858002010B5044CFA
S2140179782379FF2B02D11FF0D3F82071207910BD8F
S2140179881858002010B50C4C2379FF2B08D100207D
S2140179981EF0BCFC20B91FF0C3F820711EF0BBFC1A
S2140179A82079022805D00438012894BF0020012038
S2140179B810BD0020FCE700BF185800204FF6FF73E3
S2140179C810B5044C22889A4202D11FF09FF82080F5
S2140179D8208810BD1858002010B5FFF7BDFF40F6E7
S2140179E81D439842044607D8B0F5416F05D21828BA
S2140179F826D8152848D829D010BDA0F541630D2BE7
S214017A08FAD801A252F823F0557A0100557A0100F6
S214017A18017A0100017A0100017A0100017A010068
S214017A28017A0100017A0100A57A0100B77A0100FE
S214017A38517A0100517A0100517A0100517A010008
S214017A4840F606439842D7D11C4920E0FFF7B6FF17
S214017A581B490246002001F043FC152C05D11FF0F6
S214017A683FF8BDE810401EF0EBBB164B164A174907
S214017A78B4F5416F08BF1A46002001F031FC1EF02C
S214017A88DEFB1EF0DDFBECE71628DDD110490020F1
S214017A9801F026FCBDE810401EF0F4BC1DF03FFFC7
S214017AA8BDE8104002460B49002001F019BC002031
S214017AB8BDE81040084901F013BC00BFE51E0400EC
S214017AC8921E0400052204008D1E0400AE1E04004A
S214017AD8CE1E0400FA1E0400221F040007B5094A38
S214017AE80346108831B9084A084903B05DF804EB23
S214017AF801F010BC0091064A064901F00BFC03B0E0
S214017B085DF804FB3058002011EA0300421F040008
S214017B18B5EA030014EF03000D4B37B51B6804469E
S214017B2893B11D780389012D08BF02250093C37AF6
S214017B38084A0020084901F0D3FB2146284603B02D
S214017B48BDE830401EF0A4BF022003B030BD00BF20
S214017B58B8430020B71F0400661F0400002010B5B4
S214017B681EF0D4FB0D4B1B6863B15A78052A03D85F
S214017B7862B1052402220AE0FF2AFAD00020084949
S214017B8801F0AEFBBDE810401EF0C5BB144610461A
S214017B981EF0DAFF20461EF0D5FFF3E7B8430020B3
S214017BA8BC1F040013B5134C00201EF0AFFBFFF7F3
S214017BB8D3FE23689BB101A81DF0A4FE78B92368FB
S214017BC81A789DF804309A4209D0D91E032906D995
S214017BD8D11E012903D9012A07D1022B05D1032376
S214017BE801A8ADF804301EF059FF02B0BDE81040F8
S214017BF81EF091BBB843002000231946034A0133FF
S214017C080A2B918042F8081BF9D170477C42002064
S214017C187FB50E4605461EF043FF2A460446034630
S214017C280D49002001F05CFB96B10C4B36211A88F1
S214017C389B78ADF80C208DF80E30032300220093B4
S214017C484FF6FC7003AB8DF80D501EF07DFE044612
S214017C58204604B070BD00BFDD1F04005477040041
S214017C68FF2810B50C4604D10020044901F038FB62
S214017C78FE202146BDE81040FFF7CABFF61F0400E4
S214017C88F8B51E460B8807460C461546002B64D1E8
S214017C984A88B1F9021000200029B8BF6B7830492C
S214017CA801F01EFB6288132A1DD002F5FF437F33BD
S214017CB89BB2052B23D8A2F50042013A052A1ED805
S214017CC8DFE802F0193F1D033C09264A2649002031
S214017CD801F006FB13E0254A2349002001F01AFBB0
S214017CE82A792349F3E7022E94BF4FF6FF72B5F8B7
S214017CF801202049EBE700201F4901F0F1FA33463D
S214017D082A46214638461FF027FF70B933462A46C9
S214017D18214638461FF022FF48F2210362889A421C
S214017D2803D1384669781EF078FA6388B3F5004FB0
S214017D3802D90820FAF7C6F90120F8BD2A790F49B1
S214017D48C5E70F4A0849002001F0E4FA032E94BF5C
S214017D584FF6FF726A880B49B9E70020EDE700BFC6
S214017D68312004005920040060200400712004001A
S214017D7877200400852004009D200400B720040015
S214017D88D9200400DE2004002DE9F04116888AB0C7
S214017D98DFF88C80ADF80E300DF10E03C8F8002020
S214017DA815460093324610AB07460C46FAF716FE00
S214017DB890BB109B8DF824000693BDF80E3004A8DE
S214017DC8ADF81C30AB898DF81070ADF820306B8992
S214017DD80594ADF81E60ADF822301EF026FAD8B923
S214017DE821463046BDF80E30109A01F0C9FF98B901
S214017DF821463046BDF80E30109AFFF741FF58B9B4
S214017E08CDE9006039462046BDF80E30109A02F0DA
S214017E1849FB08B9C8F800000AB0BDE8F08100BF00
S214017E2878420020F0B585B004AB03E903000023CF
S214017E381C469DF80D609DF80E70154AD9B202EBE6
S214017E48C1004568EDB99DF80C30284600939DF8A9
S214017E580A209DF80B300F4901F05CFA26B132462C
S214017E6828460D4901F056FA0C4A0020002C18BF86
S214017E782246BDF808300A4905B0BDE8F04001F0D1
S214017E882FBA12F831100133B94208BF2C46D5E78C
S214017E98FC760400F02004000121040080E90300B8
S214017EA8052104004FF6FF7310B5084C88B06288A8
S214017EB89A4207D102A90DF107001DF021FDBDF870
S214017EC810306380608808B010BD00BF18580020C5
S214017ED82DE9F04F85B0894692461C460746BDF8FF
S214017EE83850BDF83C80109E002833D00346464AD9
S214017EF80020464901F00EFA2388002B76D040F27E
S214017F080912934274D0424A4249B3F5827F08BFA8
S214017F180A46CDF804806188002000913E4901F0A8
S214017F28F9F9238893B1B8F1020F0FD933783B4991
S214017F3813F0010F3A4A18BF0A4659074FF00000D6
S214017F484CBF3379B378374901F0E4F90020364954
S214017F5801F0C6F90023354931F83320AA4249D140
S214017F68334A52F833B0002331F83300DA00A84216
S214017F7846D100202E490A44908041F8330047B97B
S214017F88238833B9B4F90230002B02DB0820FAF74C
S214017F987FF80120FAF796F89EB13578EB0710D5E9
S214017FA815F0040004D04246012130461EF098F927
S214017FB8CDE90170434622465146484600961DF0D3
S214017FC8B1FEBBF1000F06D043462246514648464D
S214017FD8CDE90067D8474346224651464846CDE98B
S214017FE800671DF065FB05B0BDE8F08F114A90E704
S214017FF8114A8EE701330A2BAED14FF0000BB2E7D8
S21401800801330A2BB0D1BAE7BDE003002C210400E6
S21401801881E903001A2104003A2104001D21040005
S214018028252104006B21040005220400804200205B
S2140180387C42002013210400172104000D4BF0B5E3
S2140180484FF00C0C1F88054600230B4EDCB2BC42D1
S21401805801D30020F0BD0CFB04F43019345DAC42AA
S21401806805D144888C4202D104799442F2D0013376
S214018078ECE700BF926B0020D867002073B5012695
S2140180882B4D2C4C2A462046FF2300210096F9F753
S21401809801FB2A462046FF2300210096F9F7FAFA43
S2140180A82A462046FF2300210096F9F7F3FA2A46C6
S2140180B82046FF2300210096F9F7ECFA2A462046C7
S2140180C8FF2300210096F9F7E5FA2A462046FF2302
S2140180D800210096F9F7DEFA2A462046FF230021FA
S2140180E80096F9F7D7FA2A462046FF23002100967C
S2140180F8F9F7D0FA2A462046FF2300210096F9F719
S214018108C9FA2A462046FF2300210096F9F7C2FA43
S2140181182A462046FF2300210096F9F7BBFAFF23DB
S2140181282A46002120460096F9F7B4FA02B070BD37
S214018138E74F0300CC4200202DE9F84300244FF016
S2140181480C090C4B0C4F1E78DFF830803A88E5B2E4
S214018158954202D33046BDE8F88309FB0585FF2121
S214018168A8681CF037FB18B9AB799E4238BF1E4683
S2140181780134EBE7A05E0020926B0020D867002050
S214018188014B1878704700BFA05E0020014B18709D
S214018198704700BFA05E0020F8B506460C461EF0E4
S2140181A831F80546C8B930461DF05FFD0B2815D8CD
S2140181B80B4B03EB00131F7B87B95A8801212280DA
S2140181C89A88304662809B79237100F037FA3946DF
S2140181D86071304600F032FAA07101252846F8BDD4
S2140181E8EC42002070B504460E4615461DF03DFDCE
S2140181F80B2802D94FF6FF7070BD094B03EB00132D
S2140182081A7B002AF6D146B901222946204600F0F3
S2140182183DFA0028EED00088EEE7012EEAD1F4E711
S214018228EC420020FF2313B50DF1070104468DF833
S21401823807301DF0E5FF18B19DF8070002B010BD24
S214018248074B03EB04131B7B0BB1FF20F6E7204615
S21401825800F03AF90028F8D0204600F0E9F9EDE7F1
S214018268EC42002013B5F6F7EBF90446F6F7EEF9FB
S214018278224603461249002001F032F800F084FF36
S214018288FFF7BAFC00F0A6F80221084602F046FD00
S214018298FFF764FC41F249001EF068FC4FF0FF133B
S2140182A80093FF2368468DF804301EF045FC4FF412
S2140182B800401EF023FC00201EF040FC02B010BD5A
S2140182C8BA21040038B505461DF0BCFF90B928460A
S2140182D81EF068FB044628B140F60443984214BFD2
S2140182E888248D2423462A460020034900F0F8FFF7
S2140182F8204638BD8D24FBE7D22104002DE9FF472F
S21401830805460E4617469846BDF83090DDF834A067
S214018318BDF83840CDF80090CDE9014AE4B2FFF740
S214018328D7FD43463A4631462846CDE90094CDF86E
S21401833808A01FF0DAFBFF21034B044A044804B0E7
S214018348BDE8F04700F01ABE245800202058002047
S21401835878600020044B01461888102240F04040FF
S21401836840F48010F6F79CBF52740400024B18685C
S2140183785968FFF757BD00BF9ECF04000123064A80
S214018388D15C814202D1054AD05C704702335F2B2B
S214018398F6D10020704700BF5677040057770400CF
S2140183A870B500220446094B1D78094BD0B28542A8
S2140183B801D8FF2070BD1E78A64204D10029F9D045
S2140183C85E7BF607F6D401321033EFE7A15E002094
S2140183D8EC4200202DE9F04198B06B46304A10680F
S2140183E8516803C390680CAA18602E4B14469C4625
S2140183F803F11806154618685968083303C5B342C9
S2140184082A46F7D112AA1746274B03F1180615462E
S21401841818685968083303C5B3422A46F7D1234A70
S21401842803AB106851684FF0010E03C3906871687A
S2140184381860DCF83000002206AB03C30C21EC46BA
S214018448B068CDE909221860194BDFF86C801970FD
S214018458184B0DEB01060B9206AD09A91CF8010B8A
S2140184680132187034F8020B0C2A588037F8020BC0
S21401847883F80DE0988016F8010B03F1100303F852
S2140184880A0C15F8010B08EBC00043F8080C11F8A4
S214018498010B03F8040CE1D118B0BDE8F08100BF68
S2140184A8EC210400C67A0400DE7A0400F9210400EF
S2140184B8A15E0020EC420020C0770400014B18782A
S2140184C8704700BFA15E0020034B03EB0013587BE7
S2140184D800F00100704700BFEC420020F0B50446EA
S2140184E80846D9B100220E4B11461F780D4B1D4682
S2140184F8D6B2B74201D8002010E01E78A64206D0B0
S2140185089E68F688314489B201321033F0E75E7B03
S214018518F607F9D505EB02150180A868F0BD00BF7E
S214018528A15E0020EC4200202DE9F34789469046DB
S2140185381D46074618B9002002B0BDE8F087002995
S214018548F9D0002AF7D0002BF5D0002400780DF1D9
S2140185580601ADF80640FFF7C1FF0028EBD0394603
S2140185680DF10602BDF806601DF074FA07460028EC
S214018578E1D00DF10602BDF806A01DF092FA00281A
S214018588D9D0C9F80070C8F80000037913F02002A2
S21401859819D1DB0614D4BDF806300C4A564413FA32
S2140185A886F612FA86F20BE01A790C33920642BF67
S2140185B813F8092C891889B29842F5D8044A0A444E
S2140185C801202A60B8E72146024BF5E7C45F002080
S2140185D8A25E0020007A040008B50021FFF7E0FE3D
S2140185E8FF2817BF044B084603EB0013587B18BF38
S2140185F800F0010008BD00BFEC4200202DE9F04163
S2140186080D4616461F461DF030FB0B280AD8074CA8
S2140186183B4604EB001032462946BDE8F041806827
S2140186281DF0F0BA0020BDE8F08100BFEC42002042
S214018638014B0001185C7047EC42002070B50C46EF
S2140186481DF013FB0B281BD80F4B03EB00139A687E
S214018658C2B10023142618461579D9B28D4200D81E
S21401866870BD116806FB0311097B34B911F0800F40
S2140186781CBF0130C0B20133EFE711F0400FF7E736
S2140186880020EDE71046EBE7EC420020F8B50D4672
S21401869816461DF0EAFA0B280BD80F4B4FF0140CB0
S2140186A803EB00139A6800231C461779D9B28F4248
S2140186B801D80020F8BD10680CFB0300017B46B901
S2140186C811F0800F03D0AC42F4D00134E4B2013388
S2140186D8ECE711F0400FF5E7EC4200202DE9F04FEA
S2140186E8064600243A4B87B01B783A4F0093009B06
S2140186F89C4207D2FF2E08D030461DF0B6FA0B284A
S214018708044606D907B0BDE8F08F07EB04131B7BB8
S2140187182BBB23014FF00008019307EB041A14E062
S21401872814221B6802FB05352B89B3F5967F01D900
S21401873824F02CF94FF000094FF00C0B29891FFA89
S21401874889F291420ED808F10108019B5FFA88F573
S214018758FB189B681A79AA42E2D8FF2ED2D10134B7
S214018768E4B2C4E71FFA89F00BFB00F06B6819182E
S2140187780A7912F0100F23D19AF800E012F0400F90
S2140187888DF80CE0B5F800E0185AADF80EE00CBF0D
S2140187984FF0400E4FF0800EADF8120028468DF8C7
S2140187A810E01DF023F95307ADF81400C8780AD570
S2140187B80228896800D90968002203A81DF0F2F981
S2140187C809F10109BAE702288CBF89680831F3E77D
S2140187D8A15E0020EC420020052370B5094A0688F0
S2140187E81488B44208D19578047B2C403F2C03D9D1
S2140187F80D4201D0506870BD013B02F10802EFD16D
S2140188081846F8E7707A040070B50024074D084E3C
S2140188182B78E0B2834200D870BD06EB0010437B8C
S214018828DB0701D51DF000FB0134F1E7A15E00204E
S214018838EC420020F8B50C4600210546FFF7B0FDCE
S214018848FF2829D0154A060102EB00135B7B03F0CB
S21401885801016CB143F001031644A142737305D0BC
S214018868C4B100B202EB00101DF0DEFA0120F8BD1B
S2140188782346F1E77B4311682846CA18127BC95A72
S214018888D2091CF03DFF0134B268E3B2117999426E
S214018898F0D8EBE71427F7E70846E8E7EC420020AC
S2140188A8F0B59446497D20B339B3012918BF042190
S2140188B800254FF6FF702F462A46144E3488644525
S2140188C811D196F803E01EEA010F0CD0B4789C4249
S2140188D809D30AB1BC4206D81EF0100F03D08AB1DC
S2140188E8BC420CD370B90135072D06F10406E5D153
S2140188F8F0BD002908BF0821D8E70221D8E7274696
S2140189080020F0E727460122FAE700BF547A040060
S2140189182DE9F04F0A9FBDF824E09DF82C809DF8BC
S21401892830904C7D78B394B3012C18BF04240025ED
S214018938194800F11C0C068896421ED190F803B01F
S2140189481BEA040F19D08678464516D31BF0100F7C
S21401895891F80FA004D0BAF1000F0ED0B1F810A00C
S214018968BAF1000F09D1A94513D0AE4511D95E5504
S2140189783E88013501363E80ADB204306045DAD115
S2140189880120BDE8F08F002C08BF0824CDE702249B
S214018998CDE70020F5E700BF547A04002DE9F04F33
S2140189A80024B1F57C4F0E4638BF4FF0010BA246A6
S2140189B8A1464FF6FF781F4628BF274B85B028BF2C
S2140189C8B3F800B0009001925C4503D3404605B069
S2140189D8BDE8F08FB6F57C4F0CD3204B3A4603EB37
S2140189E8840331465B880098FFF708FE054680B386
S2140189F800232AE03A46314600981DF066F9F5E765
S214018A080C229CB254436A680199105B02EB040C71
S214018A18884219D3B9F1000F01D0504514D86146E0
S214018A282846CDE902321CF0E1FF029B60B1039AA9
S214018A38125BB9F1000F03D0524501D3804503D923
S214018A48924680464FF0010901332A899CB2A24218
S214018A58D6D80134A4B2B7E7B6770400B8770400CD
S214018A682DE9F04F91461A4600238BB08DF8202049
S214018A78BDF850208DF81C00ADF81E10ADF8242066
S214018A8805460F461A4604A907A8159C9DF858607E
S214018A989DF85CA09DF860B09DF864800493ADF8DD
S214018AA822901DF02BF8049850B92B46CDE9007991
S214018AB8644A654900F014FC86200BB0BDE8F08FC7
S214018AC8BAF1000F14D18378B34206D050465D4AF6
S214018AD85E4900F005FC8D20EFE7037913F00103EA
S214018AE806D11846574A5A4900F0FAFB8820E4E7A7
S214018AF803795B072CD583685A689B6805920693A9
S214018B0880781DF08FFD049B0546DF782146022FED
S214018B1803463A4610D805A81DF040FD81462B4667
S214018B283A46214606A81DF039FDB9F1010F01D0D4
S214018B3801300DD18720C0E705981DF02FFD0128CB
S214018B48F8D02B463A46214606981DF027FDEFE752
S214018B58BBF1000F6FD1049F4FF6FF722146B8781C
S214018B681CF0E2FE00286BD0BDF82430C5B2009395
S214018B78CDE902549DF82030BDF82220BDF81E101C
S214018B889DF81C0001961DF04CFB002895D1BDF8F8
S214018B982430CDE902540093BDF822209DF82030F8
S214018BA8BDF81E109DF81C0001961DF017F9002847
S214018BB883D121469DF8682007A81CF0F3FF0028FA
S214018BC87FF47BAFB8F1000F07D03B462046BDF8CF
S214018BD81E209DF81C101DF088F8BDF82430BDF83D
S214018BE82220BDF81E109DF81C000093CDE90164F3
S214018BF89DF82030FEF73CFBBDF82430BDF8222056
S214018C08BDF81E109DF81C000093CDE902549DF88E
S214018C18203001961DF004FBBDF82430BDF8222053
S214018C280093BDF81E109DF820309DF81C001DF01D
S214018C38ADF8002041E70020064900F051FBF8E7AF
S214018C4801203AE706220400122204003E2204000C
S214018C5852220400662204007FB500258DF80830EC
S214018C68BDF820308DF80400ADF80610ADF80A20DE
S214018C78ADF80C306946BDF82830099A01A80B9E54
S214018C8800951CF03BFF044630B916B1009B9B7853
S214018C983370204604B070BD8928FAD128460249A7
S214018CA800F01EFBF5E700BF832204002DE9F04F14
S214018CB84FF0000AC7B0FFF701FC5FFA8AF6B04228
S214018CC802D847B0BDE8F08F5B4B36019A5D0020AD
S214018CD85A4900F005FB0020594900F001FB002322
S214018CE80593554B9DF8144033449B681A79A24264
S214018CF802D80AF1010ADEE714224FF000091B68C0
S214018D0802FB043422891FFA89F39A4202D8059B8A
S214018D180133E5E70C231FFA89F803FB08F8D4F8B2
S214018D2804B023F033FE0BEB08052B79454913F005
S214018D38400F3BF8083022884FF000000093424B62
S214018D4818BF0B46414900F0E5FA294620461CF0B3
S214018D584DFE074600283CD13D4900F0DBFA29794B
S214018D68DFF814C111F0010F3A4818BF604611F038
S214018D78020FAA78EB7832D1DFF800C111F0100F94
S214018D88354918BF6146CDE900010020334900F096
S214018D98C1FA2B793BF8082013F0400F4FF0000B6F
S214018DA84FF0FD030DF118082188CDE9023BCDE906
S214018DB8007821480CBF40238023805DFFF74CFFD5
S214018DC886280ED12649002000F08AFA09F1010901
S214018DD898E702462349002000F09CFABFE722499B
S214018DE8D1E7A8781CF0F2FDD8B140461DF07EFA0E
S214018DF8421C92B201234146002000F0D5F93946BB
S214018E08208801F001FA4FF6FF73984207D0174BF6
S214018E18174903EBC0035A68002000F061FA1549A8
S214018E28D1E7A8781CF0D8FD20B140461DF063FABA
S214018E38821CDEE7EA78DDE7EC420020D522040052
S214018E48E3220400AD220400B22204002323040016
S214018E5866140400BA220400BD2204003723040065
S214018E6853230400F4270400C5220400407B0400B1
S214018E7840F3030005220400B7220400CD220400B3
S214018E882DE9F04FC7B0BDF844A10646BAF1040F64
S214018E980D4614461F46BDF840B163D9CDE9013BDE
S214018EA800920B4602463049002000F019FAFD23CD
S214018EB80DF117090DF118083046029322463B4674
S214018EC82946CDE900B8CDF80C90FFF7C5FE064651
S214018ED8B8B9FD22414699F800001CF025FD074661
S214018EE8C0B1AAF10403834238BF892620461DF083
S214018EF8BAF98EB1304600F01BF9304647B0BDE8E6
S214018F08F08F009023462A460020184900F0E8F919
S214018F180027EBE78926E9E7DFF85CA0BA1CBAF870
S214018F280030C3F1FF039A4219DA304600F000F91F
S214018F3899F8000000F0FCF8BAF800900C483A4698
S214018F4841464844B94405F01FF8AAF8009023465C
S214018F582A4630460749009700F0C2F9CDE789202E
S214018F6800F0E6F88926C8E75F2304009A23040080
S214018F7878600020C12304002058002010B5044C56
S214018F8820600448018004490A60044A136010BD41
S214018F98B44300201E580020B0430020AC430020F4
S214018FA830B587B00AAC0D4654F8041B0093CDE9DA
S214018FB801141346094902460948098800680594B8
S214018FC81DF053F84FF48A52064B1B681880064B5F
S214018FD81B685D80DA8007B030BD00BF1E580020D0
S214018FE8B4430020B0430020AC43002008B410B5B9
S214018FF887B009AB0C4653F8041B0092CDE9011360
S21401900802460B490B4805930988002300681DF0A2
S2140190182CF84FF48A52084B1B681880074B1B68BC
S2140190285C80DA8007B0BDE8104001B0704700BF29
S2140190381E580020B4430020B0430020AC43002053
S214019048044A034611680448044A098812680068F5
S2140190581CF0E4BAB0430020AC430020B44300201F
S214019068044B054A1B6812681988044B18681CF0DB
S21401907848BA00BFB0430020B4430020AC430020E8
S21401908807B5074B1B681B880192064A12680092AF
S214019098054A12681CF096FA03B05DF804FB00BF97
S2140190A8B0430020B4430020AC4300201FB514464B
S2140190B8064A12681288CDE901430091044B054916
S2140190C81B6809681CF05AFA04B010BDB0430020AA
S2140190D8B4430020AC430020014B1868704700BF1A
S2140190E8AC430020024B1B6818715971704700BFCA
S2140190F8AC43002010B50024084B1C70FEF75EFC3C
S214019108074BFF2218802146064804F0ADFD064BA2
S2140191181C80064B1C605C609C6010BD8261002050
S214019128225800207860002020580020245800206B
S21401913807490B88FE2B9FBF064AD054581C80B29D
S2140191489DBF088000F1FF3080180020704700BFDF
S2140191582058002078600020F8B5094F0D463B8856
S2140191685C18FE2C0ADC074E0A46A4B20146F01823
S21401917804F0CCFD3C80641BA019F8BD0020FCE778
S2140191882058002078600020024B034A00201A600D
S214019198704700BFB8430020BC770400014B18781D
S2140191A8704700BFEC42002030B4044D044C002B3D
S2140191B80CBF2B46234630BC1DF0C1B8ADE10300F9
S2140191C89424040070B5054608460C461DF08EF832
S2140191D8611C0246024B2846BDE870401DF0AFB838
S2140191E8B32B040000B5037889B0069343783E2272
S2140191F80593837808490493C37803930379029304
S2140192084379019383790093C3790448008800F071
S21401921881F809B05DF804FBEF23040030580020FC
S214019228024B02460249188800F05AB83058002006
S21401923819E803002DE9F04705460E4617460024AF
S214019248DFF84480DFF844A0DFF84490AC4201D14F
S214019258BDE8F087B8F8000006EBC40153460822BB
S2140192681DF06DF80134B8F800003FB9044AA5426C
S21401927808BF4A46034900F04DF8E7E74A46F9E7CA
S2140192880522040018E8030030580020942404003E
S214019298E1D003002DE9F0410E4E044630881DF05A
S2140192A866F8A8B100250C4FDFF83080E3070AD529
S2140192B818B94146308800F02DF830882A463946D4
S2140192C800F028F8002001351B2D4FEA5404EDD193
S2140192D8BDE8F08130580020AC10040037210400A6
S2140192E80EB417B505A9044651F8040B019103F00D
S2140192F8B1FB01210220054AF8F7ECFC044B1C805F
S21401930803B0BDE8104003B0704700BF0522040053
S214019318305800200EB417B505A9044651F8040BB9
S214019328019103F097FB034B1C8003B0BDE8104086
S21401933803B070473058002013B5036804465879BF
S21401934800F032FF90B923685A88032A0ED0E17CD0
S2140193585B79CDE900211649164AFFF7C1FF0121BD
S21401936820461DF0A4F8012002B010BD637D012B34
S2140193780AD0637D33B92368228A598858791CF044
S21401938880FC48B9C3200AE02368228A598858799C
S2140193981CF080FC0028ECD020461CF0EAFF064BA7
S2140193A81B78002BDFD110F5807FDCD0C1B2D7E760
S2140193B81C2404001424040079610020002970B5D7
S2140193C80F491D460F4B14460CBF6E227922002802
S2140193D808BF0B4600200C49FFF79CFF0B4E25449F
S2140193E8AC4205D1BDE8704000200949FFF778BFB7
S2140193F83146002014F8012BFFF78CFFF0E700BF79
S214019408552404004B2404005E240400922404001E
S214019418E90704002DE9F04FC27C8BB00592427D26
S2140194280368002A14BF80224022077D0446856807
S21401943886895879B846B3F80290069200F0B4FEC9
S214019448A0B9059B052B05D86FF02D03059A134186
S214019458DB070BD5B9F1030F08D0AB490020FFF79E
S2140194683FFF012120461DF022F876E0E37B1BB181
S214019478228A002A00F0B781607D0022B0FA80F0C7
S2140194885B4203F00403DFF88CB2400943EAC000EC
S214019498ABF80020FFF74CFEE37B1BB3208A1CF0D9
S2140194A8E2FE8246A07CFFF743FE059A162A00F2E2
S2140194B89A81DFE812F019009E016C005600D2016D
S2140194C86C009201D9019A01E001E701EE01390128
S2140194D802029801980198011402580214027002B7
S2140194E8390102029A46DDE700204B46874A884939
S2140194F8FFF7F6FE0120FFF71BFE08F10207B74249
S21401950829D84146324628461CF0EAFE804623689A
S21401951842465879BBF800304946C3F1FF039BB26F
S2140195280193238A0093069B1EF019FB10B11FFABC
S21401953887F8E2E7236842465879BBF8003049467F
S214019548C3F1FF039BB20193238A0093069BFFF79F
S21401955897FC8928EBD11CF0A4FF01200BB0BDE8CD
S214019568F08F4FF0000B0420FFF7E2FDF31E08937F
S214019578089B984552D3BBF1000FECD1E37B94F8D6
S2140195881480002B0CBF02220422624B1A804FF073
S214019598000B0420FFF7CCFD5F4608F1030A564589
S2140195A840F29D803246414628461CF099FE05EB5E
S2140195B808039B78F21EAA44A2EB080207905146BC
S2140195C8184692B209931CF0AFF90890002879D092
S2140195D82268099B5079CDE901A3238A494600935D
S2140195E8DDE906321CF0CFFC82464A460020079B7E
S2140195F84949FFF78FFEBAF1000F55D10BF1010368
S214019608504646495FFA83FBFFF76AFE089B08F156
S214019618030813FA88F81FFA88F8BEE73246414667
S21401962828461CF05DFE05EB08039F78089B08F1A9
S2140196380301A3EB08022944824692B238460991EF
S2140196481CF072F9079068B323680999587902974C
S2140196580191238A524600934946069B1CF0E3FC77
S2140196680746B8B10BF1010338465FFA83FBFFF7EB
S2140196785FFD50461CF0F7FD53464A460020264932
S214019688FFF72EFE3A4600202549FFF729FE802FD0
S2140196983FF471AF079B08F1030813FA88F81FFA1D
S2140196A888F865E78027DDE75046FFF741FD07980C
S2140196B81CF0D9FD0137524600201949FFB2FFF7C1
S2140196C80FFEA3E78720FFF733FD07981CF0CBFDB5
S2140196D80137872212490898FFB2FFF701FE059B5A
S2140196E8052B3FF43AAF002F7FF435AFBBF1000FDF
S2140196F805D10C495846FFF7F3FD8021B2E63846F6
S214019708FFF716FD27E700BF64D803009F2404006F
S214019718EC24040020580020A9240400EC230400AB
S214019728C5240400CF2404000599A84AA84B0020A4
S214019738152918BF1346CDF80090A64AA649FFF783
S214019748CFFD059B0C2B14BF16200D20FFF7F0FC50
S2140197583246284639461CF0C3FD059B3D440C2B72
S2140197680646AD7835D1192D28BF1925E37BB3B147
S2140197784FF6FF73278A9F4211D120683246494621
S214019788069B4079FFF70AF9B84208D0BAF1000FEC
S21401979805D020828AF80000000A8AF80100002015
S2140197A8BBF80070FFF7C4FC236832465879059B5E
S2140197B84946A3F1150CDCF1000343EB0C03CDE994
S2140197C80153238A0093069B1CF051FB834BD85503
S2140197D8C1E6132D28BF1325C8E72046FDF7D0FBA1
S2140197E800287FF4BAAE81213CE62046FDF77CF8D6
S2140197F8F6E7B9F10A0F05EB0708A6EB070A21D128
S214019808DFF8DCB19BF80030E3B1E37BD3B9BAF1FA
S214019818080F17D13246394628461CF061FD88B92B
S21401982898F8023073B998F80320E22A0AD132462A
S214019838391D284605931CF050FD1CF01DFE059B9E
S2140198488BF80030414648461FFA8AF21EF089F91D
S21401985800287FF482AE002104E6F21B484692B245
S214019868E9191CF0FAFCF3E7F21B484692B2E9192B
S2140198781CF0B7FCECE7F21B484692B2E9191CF05B
S214019888DCFCE5E7F21B484692B2E9191EF06BF9D3
S214019898DEE72368EE5D5879238A0137ED5D01938B
S2140198A8069B3246494600932B461CF01FFA2A4669
S2140198B8314648461CF097FC4FE605987A1CE95D48
S2140198C8B31AA0F11606704270410039009018BF0D
S2140198D8012148469BB22A441CF087FCB8E7059B41
S2140198E8EE5D112B3D446F7838D11220FFF720FC2E
S2140198F80025E37BB3B14FF6FF73B4F810809845A3
S21401990810D133464A4621462846FEF7C9FF404548
S21401991808D0BAF1000F05D020828AF80000000AA4
S2140199288AF80100BBF80080DFF8B0A0C8F1FE0293
S21401993892B208F10103009253444A46214628464A
S214019948CDE90267CDF804B0FEF7E2FFBBF80030B8
S2140199580AF808000133ABF80030FCE51420FFF7DD
S214019968E7FB0125C5E77B1C9E422CD3EF5D1D4412
S214019978003F18BF0127F31A9EB233462A463946D6
S2140199880020FFF71BFD00962B463A464846218ADB
S2140199981CF02FFC5CE77B1C9E4214D3EF5DF61A85
S2140199A8003F18BF01271D44B6B233462A4639463A
S2140199B80120FFF703FD00962B463A464846218AC2
S2140199C81CF015FC44E70020C8E500BF052204008A
S2140199D89A240400E0240400EA24040078600020A5
S2140199E87761002038B54FF6FB750446A9424FF05B
S2140199F801019DF8100098BF43F4004321702381AC
S214019A086260A07202230020084A0949FFF768FC31
S214019A18E07A084B40F6CA0203EB4010FF211AF021
S214019A28BAFEBDE838400420F8F732BBFA24040031
S214019A3805250400FC43002030B5054685B028B945
S214019A481D4905B0BDE83040FFF74ABC0024007B3D
S214019A581CF05CFC2046194A19492C70FFF740FC9B
S214019A68184BE87AFF2103EB40101AF0A5FE2046B2
S214019A78154B02019A5C22B901300428F9D1F8F78E
S214019A8821FB696899B1B5F908302A899B1303F057
S214019A9802038DF80430C2F30E03ADF806304FF614
S214019AA8FF73ADF80830002301A80393884705B073
S214019AB8BDE830401CF02FBC30250400FA24040011
S214019AC862250400FC430020BC43002009480378B3
S214019AD873B91946084AD3720133042B11731170EE
S214019AE851601181917202F11002F4D101230370C1
S214019AF8704700BF78610020BC43002008B5FFF717
S214019B08E5FF002305491A018A5C01EB03101AB127
S214019B180133042BF7D1002008BD00BFBC43002049
S214019B2870B50D460646FFF7D1FF0023094800EB3E
S214019B380514A17AB14205D1217819B12B4400EB5D
S214019B48031070BD0133042B04F11004F1D1002079
S214019B58F7E700BFBC43002010B50446FFF7B6FF81
S214019B680E4B9C4212D003F12002944210D003F10E
S214019B78400294420ED060339C420DD1032308481C
S214019B8800EB0310BDE81040FFF756BF0023F6E7C9
S214019B980123F4E70223F2E70020F3E7FC43002061
S214019BA8BC43002070B50024064D074E28463246B1
S214019BB800210134F7F7A4FD042C05F12005F5D1A1
S214019BC870BD00BFFC430020619B01002DE9F341F5
S214019BD805460C4617469846FFF790FF064640B9D5
S214019BE81C4A1D49FFF77CFB0224204602B0BDE84B
S214019BF8F0814FF6FB739D420AD94FF6FD739D42DD
S214019C0804D00020134A1549FFF76AFB4FF6FD7585
S214019C18434621463A4628461CF016FC044600F000
S214019C282FFE804634B1234600200A4A0C49FFF726
S214019C3857FBDAE73B462046064A0A49FFF750FB38
S214019C48062329463046089ACDF80080FFF7CAFE53
S214019C58CBE700BFFA2404006F2504009925040009
S214019C68CE250400F7250400F7B506460C46174628
S214019C78FFF744FF054638B9104A1149FFF730FB8C
S214019C880224204603B0F0BD21464FF48A523046DE
S214019C981CF0A2FD044600F0F3FD34B12346002073
S214019CA8064A0849FFF71CFBEBE7009004233A46EF
S214019CB831462846FFF796FEE3E700BFFA2404007C
S214019CC86F2504001F260400F7B506460F46FFF762
S214019CD815FF054638B9104A1049FFF701FB02245B
S214019CE8204603B0F0BD00224023114630461CF042
S214019CF837FF04461CF032FF34B123460020064ADB
S214019D080749FFF7EDFAEBE7009001233A4631469B
S214019D182846FFF767FEE3E7FA2404006F250400E8
S214019D285226040073B504460E46FFF7E7FE0546BD
S214019D3838B9104A1049FFF7D3FA0224204602B070
S214019D4870BD0022204611461CF00CFF04461CF08C
S214019D5805FF34B123460020064A0849FFF7C0FA32
S214019D68ECE70090234632464FF6FC712846FFF78B
S214019D7839FEE3E7FA2404006F2504008026040070
S214019D882DE9F0418846107800219EB014461D46FC
S214019D98FFF7C6FE0646002800F0FD800778002F6C
S214019DA87BD0B8F80010002940F0F5800389B8F890
S214019DB8022043F40040824240F0ED806178002999
S214019DC86BD1A2F50042062A00F2E580DFE812F020
S214019DD8A100A100E300E3000700B8006900E388DA
S214019DE80D3DADF82430238915F00105ADF8263070
S214019DF863798DF82830E37A03F1060214F8122005
S214019E088DF814308DF81C2042D10BA98E46069188
S214019E1804F10C005FFA85FC9C4500F1020009D2AA
S214019E2810F8018C10F802CC01350CEB082C2EF832
S214019E3802CBEFE701EB43011A440891D2B259006D
S214019E4801F10D009A42C0B20BD025186D78205C3E
S214019E587831694400EB0520013321F84C0CDBB25C
S214019E68EDE7B6F908203389002AACBF01220322A0
S214019E78C3F30E038DF808206288ADF80A3005ABE7
S214019E88ADF80C20049302A930461CF0C8FA04E089
S214019E98424A43490020FFF723FA38461EB0BDE878
S214019EA8F081042D02D83D4A3E49F3E72379053D62
S214019EB8ADB29D42B4F8028002D0384A3A49E9E781
S214019EC83A4A3B4B0020002D08BF13463949334A0E
S214019ED8CDF80080FFF704FA05348DF81450B6F96A
S214019EE80830069485B1002BACBF012303238DF8F7
S214019EF82C303389ADF83080C3F30E03ADF82E301D
S214019F0805AB0D930BA9BFE7002BACBF06230523B2
S214019F18EDE70B2DC7D9D4F80200D4F8061013F4D0
S214019F28004F05AA03C20CBF042203228DF82C2079
S214019F386289C3F30E03ADF83020ADF82E30DFE7A3
S214019F48042DB0D96388ADF8303023790533DBB2F8
S214019F589D4206D00020114A17490095FFF7C0F91F
S214019F689BE70E4A00201549FFF7BAF9B6F908200B
S214019F783389002AACBF01220322C3F30E03ADF8CE
S214019F882E3005AB0D93631D069323798DF82C208F
S214019F988DF81430B6E700277FE700BFFA240400DF
S214019FA8AD260400D5260400E926040029E00300AE
S214019FB805220400102704002D2704006E2704003C
S214019FC8304BF0B5B0FBF3F24FF4616503FB1200BA
S214019FD8B0FBF5F3DCB205FB13033C25B3FBF5F345
S214019FE8DBB2A0EB04104B71C3EB0313A0EB8300A9
S214019FF84FF4FA630B8040F201134B8001230C7176
S21401A0081F4600246425204E8871944200D1F0BD75
S21401A01891F802C013B1BCF1020F2BD006EB0C006D
S21401A02810F801ECC87870450BBF012001300CF11F
S21401A038010CC0B208BF81F802C0C87088780D2824
S21401A04816D10B888F7001339BB298070B8014D1F9
S21401A058B3FBF5F005FB103080B280B94FF4C87039
S21401A068B3FBF0FC00FB1C339BB2B3FA83F35B092A
S21401A0780134CAE74FF01D0ED4E70023F8E70123A1
S21401A088F6E700BF80510100027B040010B50446C4
S21401A09888B006A9FFF794FF9DF81E300A48039377
S21401A0A89DF81D30049402939DF81C309DF81A20E3
S21401A0B80193BDF818300549009300889DF81B30B8
S21401A0C8FFF70EF908B010BD3058002087270400A6
S21401A0D8026808B51188154B19805188598051793D
S21401A0E81971117959714FF48A51D980D28812F0B1
S21401A0F8200F0CBF0A464FF48B528169DA800C4A4E
S21401A108137831B9C0880B4923F00203088013700D
S21401A11808BD43F002031370074B15221846013198
S21401A12803F0F4FD002200F8012CF1E72458002082
S21401A13882610020225800203358002010B5184CA0
S21401A148236858791BF091FD0B2822D8154B03EB91
S21401A1580010027B237F9A421BD123684288198804
S21401A1688A4205D04FF6FF70814212D1120410D4EC
S21401A1782279023A012A06D9A37B63B9BDE81040C1
S21401A1880748FFF747B9198958791AF0A4FE002835
S21401A198F2D1002010BD0248BDE81040FFF7CCB848
S21401A1A880440020EC42002008B51BF05EFD0B2819
S21401A1B896BF024B0020185C08BD00BF87610020CF
S21401A1C808B500201CF0A2F8FF201BF081FD1CF04A
S21401A1D8A2F81BF049FFFEF771F90121024606486D
S21401A1E803F042FD054BFF21054A0648FEF7C6FE69
S21401A1F8BDE80840FEF708BB876100202458002008
S21401A2082058002078600020F0B5002204464FF65A
S21401A218FF750B4F90B237F830600346AE4201D156
S21401A2282846F0BDA64209D1B4F57C4FF9D307EB11
S21401A238C3035B888B42F4D00029F2D00132E9E7E8
S21401A248407B040010B50446FFF7DEFF094A0346C3
S21401A25810884FF6FF72934214BF074A2246BDE89C
S21401A268104017BF02EBC30304495A680449FFF7B5
S21401A27851B800BF30580020407B0400AA270400CC
S21401A28840F30300034B18780130C0B2187000F091
S21401A2987F007047F56B0020044A137818B143F025
S21401A2A801031370704703F0FE03FAE7826100208A
S21401A2B8014B1870704700BF8561002038B1074B05
S21401A2C81B78012B04D1038843F0400303807047B1
S21401A2D8022BFCD1038823F04003F7E785610020B1
S21401A2E868B1074A1378012B07D1064B1B78137000
S21401A2F8037843F01003037001E0022BF8D070478F
S21401A30884610020836100207FB50121264B274EFA
S21401A318197033780246D90744D42549096881B1AA
S21401A3280868C1888D0641BF224CE18841F02001AA
S21401A338E180C1884C0641BF1E48C18841F04001F2
S21401A348C1801D4D1D492878097840074CBFE97022
S21401A35869701B4913F00204098809D0164A19487E
S21401A3681BF057FF337823F00203337004B070BD37
S21401A378154B18884FF6FB73984208D80B46CDE95B
S21401A388005201460B4A20461BF01CF9EEE74FF631
S21401A398FF73CDE9014200930A46074B05491BF0B6
S21401A3A8EDF8E3E70020E1E779610020826100200B
S21401A3B87C4400202458002078600020F66B00209A
S21401A3C820580020325800202258002070B5037902
S21401A3D80446012B0D46164631D883681B78DB06E2
S21401A3E800D561B3A37B13B9E37C0B2B27D00022DE
S21401A3F8144B1A80637DB3FA83F35B09D800E37BB9
S21401A408ABB9FEF795FEA07CFEF792FE0B20FEF791
S21401A4188FFEE07CFEF78CFE2846FEF789FE204676
S21401A428FFF756FE3046BDE87040FFF76DBF40F0B7
S21401A4380400FEF77DFE208A1BF015FFE3E70020E7
S21401A44870BD00BF20580020024B0A460146186816
S21401A458FFF7BCBF7C440020F0B4054618460F4BF6
S21401A4680C461B78BDF81010012B0D4E01D037781D
S21401A47827B1002333700020F0BC70470CB9002ABE
S21401A488F9D143B14FF65743994204D02B46224699
S21401A498F0BC1BF0A4BE0120EEE700BFF76B00205E
S21401A4A8866100202DE9F04F684C4FF0000A2546DA
S21401A4B88446964698460F46654B664E83F800A036
S21401A4C80FCE0FC596E80F0085B085E80F00DDF8BA
S21401A4D83C90BDF83830724600933946434660468C
S21401A4E8CDE9019400F0DCF8DFF89081064670B9F2
S21401A4F80025FEF7FFFD16220021574803F0B4FB9E
S21401A50800232846C8F8003005B0BDE8F08F534B45
S21401A518A27CC8F800401A70514B1B78002B36D025
S21401A5281BF0ACFF4F4902465046FEF7F3FE226881
S21401A5385046537952884C490092A289FEF7EAFEA2
S21401A54850461BF014FF20B12368218A5888FFF76C
S21401A55879FEE37B23B10020228A4449FEF7DAFE1E
S21401A568A36800201A78E37C41490093A37CFEF790
S21401A578D1FE207DA289A168121A01440123002078
S21401A58892B2FEF711FE00203A49FEF7A9FE2F48BF
S21401A598FFF79EFD2D481DF0DDFA054630BBB9F1E3
S21401A5A8000F25D12168E0880B8801904988BA1EDA
S21401A5B8032A00918CBF002201220121E07CFFF7CB
S21401A5C84BFF38B923685B79FF2B3AD0FFF7B6FD06
S21401A5D805468EE72368DB889A06F3D40121264CC4
S21401A5E81A4821701BF063FF84F80090354680E70F
S21401A5F8B9F814309B07E5D47AE75846FEF718F8F9
S21401A60882465846FDF760FF88B123685046228A7D
S21401A61859881BF02DFB50B13846FFF759FD2368C2
S21401A62889F804A083F805A0FFF788FD00B9284635
S21401A63805460136FDF742FF5FFA86FB5845DCD82A
S21401A64857E70026014FDFF83890F3E780440020EB
S21401A65879610020207B040032580020F66B002028
S21401A668F46B0020C3270400CC270400ED27040060
S21401A678F927040073D90300866100207C44002072
S21401A688245800200023054AD15C814202D31A448B
S21401A698507870470233DBB2F6E700BF0E7B040042
S21401A6A873B515462E781A4616F0040F0CBF032606
S21401A6B805269E42089C08D9224A2349009600206E
S21401A6C8FEF70EFE002002B070BDBDF818302171ED
S21401A6D82060E380A560A2812B7803F00103A373B1
S21401A6E82B7803F00403002B14BF01210021E1732A
S21401A6F82978C1F3C00161754FF00101217518D0A1
S21401A70828461BF0EDFD237D208202332375227D2A
S21401A718531CDBB22375A95C0232D2B2A17422752E
S21401A728EB5CE374A3899A4205D900920749054A66
S21401A738C5E72382EBE7079B0120A3610023237764
S21401A748C1E700BFBDE003003C2804005828040008
S21401A7582DE9F7430024204FDFF89C80DFF89C9012
S21401A768E0B21CF039F9FF2805460FD1234601212E
S21401A77802201A4AF7F7AEFA194B0134187819F07D
S21401A7880CFC152CECD103B0BDE8F08346B238EAD0
S21401A798260328BF4B4601210093022057F8243090
S21401A7A8104AF7F797FA002EE6DA0923E340DB07A3
S21401A7B80AD50D4A0D4B15F0010F18BF1A4601218F
S21401A7C80220F7F787FAD7E70A2CD5D1084A094BAA
S21401A7D815F0010FF1E700BF587B0400B12804000B
S21401A7E8F86B0020D92804008A280400742804007D
S21401A7F8A62804009C28040029E00300052204007A
S21401A80808B554220021024803F02EFA002008BD9C
S21401A8182059002008B55422FF21024803F024FAE3
S21401A828002008BDCC580020024B23F81010002049
S21401A838704700BFCC580020002310B4074ADCB28A
S21401A848A14203D85DF8044BFFF7DABF2A2BF9D0EB
S21401A85832F8024B20F813400133F0E72059002064
S21401A868002310B5054A994201DD2A2B00D110BDF7
S21401A87832F8024B20F813400133F4E72059002040
S21401A888024B187800F07F00704700BF93610020E4
S21401A898034B18780130C0B2187000F07F0070477B
S21401A8A89361002030B51C4600238BB0ADF82220FA
S21401A8B8021D92B2012A0E9DADF82030ADF81E1089
S21401A8C8ADF81C3003D94FF6FF7290420FD1002223
S21401A8D8CDE90352CDE90124094B01461B784FF611
S21401A8E8FF70009307AB1CF097F80BB030BD01461C
S21401A8F8CDE901531846009407AA1CF0A9F8F4E715
S21401A908F96B002038B505464FF480500C4603F025
S21401A918B1FB4FF480532860236030B940F2A5118B
S21401A928BDE83840014822F024B838BDC8290400DB
S21401A93800487047DE5A0020014B1878704700BF60
S21401A948126C0020014B1888704700BF9A6B0020D4
S21401A958014B1878704700BF0B6C0020014B187824
S21401A968704700BF97610020014B1878704700BFF9
S21401A978066C0020014B1870704700BF9A610020D2
S21401A988014B1870704700BF99610020014B188869
S21401A998704700BF986B00202DE9F74F4FF000086D
S21401A9A8394B3A4F93F80090394B3A4E3A4D3B4C57
S21401A9B83B483C49DFF8F4C0DFF8FCE0DFF810A1BB
S21401A9C8DFF810B10193019B2037203301935FFA1A
S21401A9D888F3994506F1200605F1200504F12004BF
S21401A9E800F1200001F120010FD8002211462E4B5C
S21401A9F82E4D1C782E4E2F4B2F4FD0B2844203F18A
S21401AA08200338D803B0BDE8F08F2C4B2C4A47F802
S21401AA181C3C002346E907232A4A47E9063E45E93E
S21401AA280723294A46E905E344E90723274A45E96E
S21401AA3805E340E90723019A44E905E340E905E30C
S21401AA4841E908CA41E9063E47F820CC47F8103CD8
S21401AA5846F820CC45F820CC44F820CC40F820CC49
S21401AA6841F8103C08F1010842E908CB42E9063EE4
S21401AA7842F8103CA7E743E9085643E9061743F8A6
S21401AA88101C0132B9E700BF166C00205848002098
S21401AA98584700203848002018480020B8470020AA
S21401AAA89847002078470020106C00200C5600209C
S21401AAB8C9D40200D8470020052204009592030055
S21401AAC86D910300059D0200A5B602009B6903006F
S21401AAD8791A0300098C0200002208B5074B1A6090
S21401AAE85A601BF048FF064B18701BF044FF054BD5
S21401AAF81870054B1A78054B1A7008BDAE5500201C
S21401AB08D5610020D4610020046C0020D3610020A8
S21401AB18002100B593B008466A460AF071F9014665
S21401AB28C8B90E4B0E4A09930E4B0D920A930E4A5C
S21401AB380E4B0E920B930E4A0E4BCDE90F230C9338
S21401AB480D4B6A4611930AF011FC003818BF012014
S21401AB5813B05DF804FB0120FAE700BFFF8C030081
S21401AB68A1980200038F0300616D0200C969030002
S21401AB78CDA70200638F0300D1940200084B187812
S21401AB88112806D8012809D9064BC34003F001004D
S21401AB987047A0F143035842584170470020704758
S21401ABA8D76100203400020008B5064B1B78013B2C
S21401ABB8022B05D80020FFF7E1FF0138C0B208BD17
S21401ABC8FF20FCE7D8610020044B00F1100250F882
S21401ABD8041B904243F8041BF9D17047D961002041
S21401ABE8044B03F1100253F8041B934240F8041B6C
S21401ABF8F9D17047D961002030B5002491B0114BC6
S21401AC080546214614220BA8CDE9094303F02CF882
S21401AC18102209ABCDE900440693CDE90452CDE9EB
S21401AC280252094B09490AA8F2F728FD04460AA860
S21401AC381CF02FFD1CB1A021054821F09AFE11B089
S21401AC4830BD00BF0024800000444004D9610020C4
S21401AC58532A040070B5002490B0154B05460E46DD
S21401AC68142221460BA8CDE9094302F0FDFF102264
S21401AC7809ABCDE9004406933146CDE90452CDE946
S21401AC8802520C4B0AA8F2F7F9FC04460AA81CF073
S21401AC9800FD1CB1BA21084821F06BFE099B102B58
S21401ACA803D0BB21044821F064FE10B070BD00BF7C
S21401ACB80024800000444004532A040030B50D46A1
S21401ACC800218FB0124B0446142209A8CDE90713B8
S21401ACD802F0CAFF102207ABCDE90242CDE90042D5
S21401ACE8049329460B4B08A8F2F77CFD044608A8EE
S21401ACF81CF0CFFC1CB1D121074821F03AFE079B76
S21401AD08102B03D0D221044821F033FE0FB030BDFA
S21401AD180024800000444004532A04000022034B08
S21401AD281870034B1970034B1A707047EA610020BC
S21401AD38EB610020E96100202DE9F04FDFF89080F3
S21401AD48064698F800300D4685B0002B3AD04FF6E7
S21401AD58FB73984236D84FF0000B1C4FDFF874A0EF
S21401AD683C7898F800305FFA8BF94B459AF8000062
S21401AD7811D9484402AA0DF10601C0B214F096FA98
S21401AD88082229460DEB020003F0BAFA0BF1010B73
S21401AD980028E6D14C463B78A34208D198F8002013
S21401ADA8631CDBB29A423B7004BF00233B703246F9
S21401ADB829469AF800301C44E0B205B0BDE8F04FC9
S21401ADC814F062BB05B0BDE8F08F00BFE961002052
S21401ADD8EB610020EA6100202DE9F74F06460D4693
S21401ADE814461F464FF0010BDFF8789003F10C0A62
S21401ADF815B903B0BDE8F08F102DA84628BF4FF04F
S21401AE0810083A46164B5FFA88F152F8040B524579
S21401AE1843F8040BF9D101919AF8002011481A70E9
S21401AE28002389F80F4089F800B089F80E30FFF73B
S21401AE38E3FE324601340B480199E4B212F801CB1D
S21401AE4810F8013B83EA0C0302F8013C931BDBB2C2
S21401AE588B42F3D3A5EB080816461FFA88F5C7E711
S21401AE68ED610020EC6100202DE9F04F90469146F7
S21401AE7885B00090981A029383B20193009B0F46FF
S21401AE88354903F10C0453F8045BA34241F8045B0B
S21401AE98F9D11B78314E0B7049233370019BF0733F
S21401AEA81B0A3046B373FFF7A7FE0221BB460D46C1
S21401AEB8737888EA030373704FF0000A1DE0C5F142
S21401AEC81004A9EB0A039BB2A4B29C4228BF1C46F5
S21401AED800231FFA83FCE8186445C0B21FD825442E
S21401AEE8EDB2A344102D54441FFA84FA05D1002567
S21401AEF830460391FFF780FE0399D145DFD807EB6B
S21401AF08080B25B115480391FFF776FE0399012929
S21401AF184FF000050DD00121DDF80490CCE71BF8B1
S21401AF2803C016F800E001338CEA0E0C06F800C0E0
S21401AF38CFE7029B09491F44094B38461C7822462D
S21401AF4803F022F82A4621463846009B05B0BDE89C
S21401AF58F04FFFF741BF00BFED610020EC61002014
S21401AF68176C002030B540780C4601284FF01103C5
S21401AF7887B001F1100516D1144A01A90AF07EFF1F
S21401AF88234601AC224618685968083303C2AB4207
S21401AF981446F7D111230D4A002001A90AF06EFFC5
S21401AFA8002007B030BD0120094A01A90AF066FF52
S21401AFB8234601AC224618685968083303C2AB42D7
S21401AFC81446F7D11123024AE6E700BF75E40100EB
S21401AFD879EB010030B50C46407887B001284FF070
S21401AFE811030DBF0B4A0C4A012001A918BF01A97C
S21401AFF80AF044FF234601AA05AD144603CCAC4229
S21401B00818605960224603F10803F6D1002007B0FC
S21401B01830BD00BF75E4010079EB010010B50C46A0
S21401B02888B01A230C4A01A901200AF027FF2146F5
S21401B0380DF10E0304F1100251F8040B914243F886
S21401B048040BF9D11A230020034A01A90AF016FFB6
S21401B058002008B010BD00BF24E10100F0B58BB098
S21401B06804460D461DF00CFEA8B101A812F0CEF854
S21401B07888B1667B271D16F0020F05D008223846D0
S21401B08801A903F03DF9D0B901AB46F0020603CB9E
S21401B0986060796066731A230A4A03A901200AF0D8
S21401B0A8EDFE29460DF116030DF1260253F8040BA1
S21401B0B8934241F8040BF9D100200BB0F0BD2D20C6
S21401B0C8FBE700BF24E10100F0B50546071D002295
S21401B0D80C463846082193B01DF060FD6A7B06468B
S21401B0E8D0070BD5687808A91CF0F0F8DDF83D30D4
S21401B0F86B60DDF841307B6080B10BE0910709D5C4
S21401B108D2000121384602F080021CF0EAF8FF2836
S21401B118687002D12D2013B0F0BDD6B1687801A9A8
S21401B1281CF071F89DF81C305B0604D54FF4C67107
S21401B1380A4821F01EFC234603AD07AC2A4603CA7B
S21401B148A24218605960154603F10803F6D100209B
S21401B158E1E708A91CF0BAF8CEE700BFD12A040037
S21401B1682DE9F04106468AB01F480F4615460024C9
S21401B178FFF736FD002C01A914BF4FF05C0C4FF009
S21401B188360C10238846184A12F8010B013B8CEA44
S21401B198000013F0FF0301F8010BF5D105A81EF016
S21401B1A838FB4246102105A81EF037FBC4B93946BC
S21401B1B8324605A81EF099FB2A460DF1140C0DF12E
S21401B1C8240E634603CB7345106051609C4602F11A
S21401B1D80802F6D114B10AB0BDE8F0810124C9E726
S21401B1E82A461021E5E700BF1C6200202DE9F0473A
S21401B1F891460D46C0B09DF82041DDF828811E46CF
S21401B208DFF87CA09DF82431074622464946404689
S21401B2188AF8003002F0B8FE9DB123463246414610
S21401B2283846FFF721FEB44207D9A11B3B46012247
S21401B23889B208EB0600FFF7CFFD002040B0BDE855
S21401B248F087A11B3B46012289B208EB0600FFF7EF
S21401B258C3FD22464146684602F096FE32466946D6
S21401B26838462346FFF700FE9AF800200DEB040146
S21401B27809EB040003F044F80028DED02C20DDE7B3
S21401B288176C002038B50346104601F1100451F832
S21401B298045BA14242F8045BF9D104491BB1FFF7EC
S21401B2A8D9FC002038BDFFF709FDFAE71C6200202B
S21401B2B830B5054689B069461BF029FE6B8804AC93
S21401B2C8ABB12246294668461BF0C1FD0E4A08ADB9
S21401B2D8234603CBAB42106051601C4602F10802BC
S21401B2E8F6D10948FFF770FC002009B030BD6B465F
S21401B2F8054D1A4603CAA24228606960134605F13D
S21401B3080805F6D1EDE700BF1C62002050B10B4BD3
S21401B3180B4A03F1100153F8040B8B4242F8040B55
S21401B328F9D17047064B054A03F1100153F8040B8F
S21401B3388B4242F8040BF9D1704700BF1C6200200B
S21401B348FC61002008B51022024802F0DFFC00204C
S21401B35808BD00BF0C62002008B508461022024945
S21401B36802F0D4FC002008BD0C62002010B504468B
S21401B37886B001A9114A112301200AF07FFD9DF824
S21401B388143001A8E3701EF00BFE80F001000C4A91
S21401B39801A96070112301200AF070FD9DF8143090
S21401B3A801A8A3701EF0FCFD80F00100207010F0CB
S21401B3B8C7FA6060002006B010BD00BF75E4010042
S21401B3C879EB010010B5044686B01123134A012013
S21401B3D801A90AF053FDA3789DF814209A4207D0D4
S21401B3E88DF81430002011230C4A01A90AF046FDF5
S21401B3F811230B4A012001A90AF040FDE3789DF8C4
S21401B40814209A4207D08DF8143000201123044ADC
S21401B41801A90AF033FD06B010BD00BF79EB0100A3
S21401B42875E401002DE9F04186B0064603A80C46EE
S21401B43812F08AFE054600284AD1BDF80C30980657
S21401B44846D510222946204602F00EFC01A811F026
S21401B458DDFEC0B1777B06F1040817F0020F06D0AF
S21401B4680822404601A902F04BFF00282ED101AB65
S21401B47847F0020703CB7060C8F804107773238877
S21401B48843F008032380238843F00203238011F046
S21401B49897FA60601DF0F4FB30B10E4B1B68A36091
S21401B4A8238843F0040323800B4B1A68D1035EBF3D
S21401B4B8238843F010032380130203D5238843F41B
S21401B4C800632380284606B0BDE8F0812D25F9E7FC
S21401B4D82425F7E7884800208C48002010B5D0E9D5
S21401B4E8023253F8223090B01C6840226946204642
S21401B4F81BF05FFF034630B1224600200549FDF7E1
S21401B508EFFE10B010BD012269460820FDF792FE35
S21401B518F7E700BF672B040070B500F0B1F8002804
S21401B5280CBF6E22792200201349FDF7D9FE00F0E0
S21401B538A7F8F0B11BF051FF00280CBF6E22792244
S21401B54800200E49FDF7CCFE082200200C49FDF725
S21401B558C7FE00250B4C0C4E234654F8042C3146E6
S21401B56800200335FDF7BCFE182D04F10C04F3D1B9
S21401B57870BD3F22E4E700BF9F2B0400B62B0400F2
S21401B588C62B0400B0490020E52B040070B51BF05B
S21401B59809FF044621490020FDF7A2FE2CB92046E2
S21401B5A8BDE870401E49FDF79BBE00F0BBF8054696
S21401B5B81C4B62690020002A08BF1A461A492668E9
S21401B5C8FDF78EFEA28800201849FDF789FE184966
S21401B5D8E2880020FDF784FEA388228913F0100074
S21401B5E81ABF002013491449FDF77AFEE2680020C5
S21401B5F81249FDF775FE226900201149FDF770FE14
S21401B608104A114B0020B6F5817F38BF13460F4903
S21401B6182A46BDE87040FDF763BE00BF1A2C040039
S21401B628272C0400DDFB0300482C0400662C0400CC
S21401B638872C0400A42C0400C12C0400DF2C040071
S21401B648FD2C0400122C0400082C04001B2D0400F9
S21401B65838B5014600230C25084A05FB03F4A01853
S21401B6681459013404D10C2202F050FB002038BDD5
S21401B6780133082BF1D10120F9E700BFAC490020BE
S21401B688034B1878012894BF00200120704700BF9B
S21401B6982E62002038B50446044D2878A04203D00F
S21401B6A821461BF05FFE2C7038BD00BF2E620020BD
S21401B6B800B58FB03422002101A802F0D5FA01A8FE
S21401B6C8EEF786FA0598D0B182680E4BB2F5803F40
S21401B6D834BF92B2C2F38F2241881A81028828BFEA
S21401B6E841F010011A6042689980DA80C268DA600F
S21401B6F802691A6142695A61027E18461A760FB0C3
S21401B7085DF804FB30490020054B1B7820B1012B5E
S21401B71804D80220FFF7BEBF012BFBD8704700BF35
S21401B7282E62002010B5084C237853B91BF03AFE58
S21401B7380123237028B10368B3F5817F24BF037EF4
S21401B7482370207810BD00BF2D62002070B5184BFD
S21401B7581B78012B2BD81BF008FE164D02461649FE
S21401B7680020FDF7BDFD0120FFF7CEFF2E78FF2E46
S21401B7781DD1FFF79DFFC8B1848860223146C4F306
S21401B78840040E482C7002F06FFA602231460C48CD
S21401B79802F06AFA5CB1FFF7C5FF042807D9BDE8CD
S21401B7A8704040F22B11074821F0E3B8287070BDAD
S21401B7B82E620020186C00203E2D0400AC490020A3
S21401B7C84C490020502D04002DE9F04FDFF88492F3
S21401B7D88DB003AB07468846144699E8070083E808
S21401B7E80700FFF7B3FFFFF79DFF944B06461D784A
S21401B7F84B46012D40F07081012840F27281B7FB5B
S21401B808F0F200FB1272002A00F06B818C490022CC
S21401B8188B46D1F800C0BCF1FF3F04D0087A6044DB
S21401B828874200F019810132082A01F10C01F0D192
S21401B83893E8070006AE0DF1240A86E807008AE8B1
S21401B8480700FFF76FFFB7FBF0FB00FB1B7BA0EBC6
S21401B8580B094A46414606460AA809978DF82C90D0
S21401B86802F092FB00224FF00C0E764902E00132FC
S21401B878082A0ED00EFB02F000EB010C0858013026
S21401B888F5D19AE807008CE807006F490A78013273
S21401B8980A70A14504DD4FF4E2716C4821F069F89D
S21401B8A8A41B5C444F44A1B217FA84F4B4FBF6F225
S21401B8B806FB1242C8448E1A91B1A41A08EB060177
S21401B8C807A88DF82020069402F05EFB06A8FFF76D
S21401B8D8BFFEFF2804D140F2D9115C4821F049F88F
S21401B8E8B6B2B6B10320FFF7D5FE802E0AD8324687
S21401B8F84146574802F048FB3246384654491BF041
S21401B9083CFD05460220FFF7C5FE28460DB0BDE8FA
S21401B918F08F0025F9E74FF40E714C4821F029F80D
S21401B928464B1B78012B00F0E380002C36D0032011
S21401B938FFF7B0FE802C2FD822464146444802F035
S21401B94823FB2246384642491BF017FD05460220CE
S21401B958FFF7A0FEDFF8F09099F8003093B1039C4A
S21401B968FFF7E0FE374B002798461A68511C04D0AB
S21401B978197A411A521A944224D00137082F03F132
S21401B9880C03F2D1002DC0D1039B0133C1D003A80B
S21401B998FFF75EFE0546B8E70125D8E72546D9E74D
S21401B9A840F26D21294820F0E4FF012524E0012D0D
S21401B9B830D0802E2FD83246254903981BF0DDFC5F
S21401B9C8054628E0002DA0D10C247C4308EB04038F
S21401B9D89DF814A093F808B00AEB0B03802BDFDC64
S21401B9E81B4B524604A9184602F0CEFA211D5A46A8
S21401B9F84144504402F0C8FA0C2303FB07839DF820
S21401BA0814201B7A13449E42D1D040F273210F486A
S21401BA1820F0AFFF01250220FFF73CFE99F8003021
S21401BA2813B1013B89F800304FF0FF3308EB0402ED
S21401BA3848F80430C2E9013367E700BF186C0020F4
S21401BA48AC4900204C4900202C620020502D0400EF
S21401BA58B0480020BC7B04004FF00C0A0AFB02B376
S21401BA68187AA6EB00095FFA89F9A14501D35FFAAE
S21401BA7884F90AFB02FA0AF1040528444A464146B3
S21401BA88584402F081FA0BEB0A031A7AA4EB09046C
S21401BA984A44D2B2B242A4B21A7219D1032001930F
S21401BAA8FFF7F8FD32460BEB05015BF80A001BF0C1
S21401BAB864FC05460220FFF7EDFD4FF0FF32019BBF
S21401BAC84BF80A20C3E90122002D7FF41EAFC844B3
S21401BAD8002C3FF41EAF4F44104B1B78012B7FF40C
S21401BAE824AFB7FBF6F306FB1373002B7FF413AFF3
S21401BAF8E319B3FBF6F506FB1535002D3FF415AF34
S21401BB08641B5B1B08EB04012A4604A80393A4B232
S21401BB1802F03AFA8DF8145007E700BF186C0020B7
S21401BB2870B5134B1B78012B0CD1FFF70FFE0026BF
S21401BB38104D55F8043C013306D10336182E05F18D
S21401BB480C05F6D1002411E00320FFF7A3FD55F8F4
S21401BB58044CFFF7E7FD2946024620461BF00DFC7C
S21401BB6804460220FFF796FD002CE6D0204670BD5D
S21401BB78186C0020B049002070B505460C46FFF742
S21401BB88E5FD0520FFF786FD214628461BF003FC48
S21401BB9806460220FFF77EFD00220A4B2C44196850
S21401BBA8481C08D0A94206D3A1423EBF4FF0FF3138
S21401BBB8C3E9001199600332182A03F10C03EED188
S21401BBC8304670BDAC490020D0E9023253F8223025
S21401BBD810B51C68204600F095FA28B12146BDE844
S21401BBE81040024800F022BF10BD00BFCE2D040051
S21401BBF808B5D0E9023253F82230186800F06CF91B
S21401BC0820B1BDE80840024800F010BF08BD00BFDB
S21401BC18F02D04002DE9F041D0E9023253F8221044
S21401BC2803EB82035B680F681D789AB0642D04D90C
S21401BC386421114800F0FAFE64252A46384601A90F
S21401BC4800F002F9044698B90C4800F0EFFEDFF858
S21401BC58348001AE013DA54202DC1AB0BDE8F08190
S21401BC683919404616F8012B00F0E0FE0134F2E7D8
S21401BC78034800F0DBFEF0E7132E0400332E040021
S21401BC885D2E04004A2E04002DE9F04700252D4FAD
S21401BC98DFF8E080DFF8E0908CB0284603A900F0D2
S21401BCA8EFF810B10CB0BDE8F087049B2946039A5B
S21401BCB80093384600F0BAFE404600F0B7FE0599F4
S21401BCC810290CD810290CD8DFE801F00F14320B14
S21401BCD8340B0B0B360B0B0B0B0B0B0B3A002029FB
S21401BCE82CD0194800F0A2FE07E0184800F09EFE86
S21401BCF80135D2E7164800F099FE0699484600F045
S21401BD0895FE0799134800F091FE134800F08EFE41
S21401BD181024DFF868A00DF11F06504616F8011F1B
S21401BD28013C00F083FE14F0FF04F6D10B48DDE772
S21401BD380B48E0E70B48DEE70B48DCE70B48DAE799
S21401BD480B48D8E7782E04001D2F0400CD2E0400DA
S21401BD58DD2E0400432F04005B2F0400E2D003000D
S21401BD68E52E0400ED2E0400F62E0400012F040033
S21401BD78182F0400BC2E04002C2F04006C2F04007E
S21401BD8810B50B4C8EB023785BB9EDF79BFE0146D8
S21401BD9850B9012301A82370EDF71AFF054B049A41
S21401BDA81A6020780EB010BD034800F03FFEF8E791
S21401BDB82F620020804C0020722F040000B58FB03F
S21401BDC8FFF7DEFF002829D001A8EDF701FF059B44
S21401BDD81448198800F02AFE059B13485969134B25
S21401BDE8002908BF194600F021FE059B104859880E
S21401BDF800F01CFE059B0F48196900F017FE059B0D
S21401BE080D48D96800F012FE059B0C48197E00F013
S21401BE180DFE0B4B0B48196800F008FE0FB05DF8D5
S21401BE2804FB00BFAF2F0400C12F0400DDFB030095
S21401BE38D32F0400E72F0400FB2F04000F30040063
S21401BE48804C00202330040070B5064615460C4683
S21401BE5879B172B1FFF794FF68B121462A46304698
S21401BE68EDF7C0FF014618B1044800F0DFFD0120D8
S21401BE7870BD2120FCE71120FAE700BF3530040029
S21401BE8837B505460C46FFF77BFFE0B1114B1B683B
S21401BE98AB421AD9CCB100212422204601F0E4FE97
S21401BEA82146284616F008FE88B9284601AA04F154
S21401BEB80801EDF749FF20B140F20643C01A18BF42
S21401BEC8012003B030BD1120FBE72120F9E701204E
S21401BED8F7E700BF804C0020F0B593B00546FFF7A2
S21401BEE84FFF002845D0254B1A68AA4207D829468D
S21401BEF82348013A00F09AFD212013B0F0BD05A8A9
S21401BF08EDF766FE284603A916F0D6FD98BB049AF7
S21401BF1822F4FF57C2F30C0327F01F072BB14FF487
S21401BF2800532946174800F081FD039E7FB120F093
S21401BF382DFD30464FF40051EDF7E0FF3346044639
S21401BF4806F5005650B9039BF31ABB42EFD32A46AF
S21401BF5839460D4800F06AFD002406E000902A469E
S21401BF684FF40051094800F061FD201E18BF01205A
S21401BF78C3E71120C1E70120BFE700BF804C0020BE
S21401BF886330040011310400D03104007F3104000D
S21401BF9810B5044638B1FFF7F3FE30B10020044B64
S21401BFA81B68236010BD2120FCE71120FAE700BFBB
S21401BFB8804C002010B50446FFF7E2FEB0B10C4BEA
S21401BFC81A68A24206D821460A48013A00F02EFD10
S21401BFD8212010BD20F0DAFC40F251222046064905
S21401BFE8EDF772FE003818BF0120F2E71120F0E7DE
S21401BFF8804C0020633004002C4A002010B504460B
S21401C008FFF7BEFE70B121460848EDF77DFE40F207
S21401C0180323984208D040F2012398420CBF05201A
S21401C028012010BD1120FCE70020FAE72C4A002069
S21401C0382DE9F0412D4D04462F68FFF7A1FE002893
S21401C04851D02968A14207D84A1E2948214600F03E
S21401C058EDFC2120BDE8F0812648EDF715FEDFF856
S21401C06894800246B0B943462E68964222D1BE4213
S21401C07814BF3A4606F1FF3212BB31461D48C8F8CE
S21401C0880040EDF7E1FD014600B31B4800F0CEFC89
S21401C0980120DFE72046EDF7B7FD044638B1014633
S21401C0A8164800F0C3FC201E18BF0120D2E7EDF7A2
S21401C0B8BFFBF8E753F8041B8C42DDD00132D4E706
S21401C0C80C499200081D01F021FED6E729680948A7
S21401C0D8EDF7DAFD044610B101460948D6E7EDF753
S21401C0E8A7FB2046B6E71120B4E700BF804C002026
S21401C0F8633004000C4A002016320400EC310400B8
S21401C10849320400F8B50446FFF73AFE002845D040
S21401C118234B1A68A24207D821462248013A00F062
S21401C12885FC21242046F8BD1F4800F07FFC20F03E
S21401C1382DFC40F251221D492046EDF7C5FD40F27F
S21401C1480327054620F022FC184E65B140F203236A
S21401C1589D421AD02946164800F068FC0124154865
S21401C16800F064FCDEE720F011FC29463046EDF7C6
S21401C178CBFDB84209D040F20123984203D10E48BC
S21401C18800F054FCE1E70546DFE721460B4800F0DE
S21401C1984DFC2046FFF74CFF0446E0E71124C1E7B3
S21401C1A8804C002063300400803204002C4A0020B2
S21401C1B8A0320400E2D00300E9070400B832040004
S21401C1C80322024B186019615A6370470000025C2B
S21401C1D83F22034B1A631022DA6103229A637047DF
S21401C1E80000025C024AD36B9B07FCD4704700BF71
S21401C1F80000025C044B9B6A13F0240F14BF012055
S21401C20800208000704700BF0000025C08B5FFF7F9
S21401C218F1FF084BDB6B23F47F4323F0EF03003B6E
S21401C22818BF012350EA83001EBF0122024BC3F840
S21401C238FC2F08BD0000025C00F0FF3F4368182B86
S21401C2480AD0202B1DD0102B2BD1174BD3F8043432
S21401C258DB010AD401207047134BD3F804349A0142
S21401C268F8D50B6843F008030B6003680F4A93423E
S21401C27810D10B6843F040030B6000234360002095
S21401C2887047094BD3F804345B01E3D50B6843F0D8
S21401C2980403E9E7064A9342F1D10B6843F08003A9
S21401C2A8EAE70720704700BF0000025C3162002001
S21401C2B8306200200B4607B50749D1F80414C907B0
S21401C2C808D5002100920246084600F043F803B05C
S21401C2D85DF804FB0120FAE70000025C0B4607B58F
S21401C2E80749D1F80414C90708D500920121024666
S21401C2F8002000F02FF803B05DF804FB0120FAE7F0
S21401C3080000025C13B5084CD4F80444640709D548
S21401C318CDE900230B4600210246084600F044F802
S21401C32802B010BD0120FBE70000025C13B5084C03
S21401C338D4F80444640709D5CDE900230B46024620
S21401C3480121002000F030F802B010BD0120FBE703
S21401C3580000025CF0B51C465B6815468DB01A07EE
S21401C368129E1AD1CBB17268934216D10C4B0D4A64
S21401C37853F8217009AB07CA83E807001A4629460D
S21401C388CDE90533CDE90333CDE90163009447F4DC
S21401C39880701BF073F80DB0F0BD0720FBE700BFF7
S21401C3A8D47B0400C87B0400F0B51D4616466A68AF
S21401C3B88DB0DDE91273E2B17868824219D15A6804
S21401C3C8102A16D10C4A09AC52F821C00B4A07CAE2
S21401C3D884E8070022463146CDE90544CDE9034401
S21401C3E8CDE9017400954CF480601BF047F80DB058
S21401C3F8F0BD0720FBE700BFD47B0400C87B040020
S21401C40810B50A46044619B1024B00211B68984725
S21401C41810BD00BFDC7B040010B5114C237858070B
S21401C42844BF23F0040323702378990705D500F049
S21401C4385DF8237823F00203237063781BB1002389
S21401C448084A636053600023082106486370FFF7B3
S21401C458D7FF2378DA0744BF23F00103237010BD02
S21401C468844C0020884C002038B51A4C6278237812
S21401C478022A01D1072B11D0DD0712D52378980798
S21401C48807D400F02BF82378054643F002032370FF
S21401C49880B96278237882B15A0716D500252846CE
S21401C4A838BD17F07BF92378054643F0010323705E
S21401C4B80028E3D0FFF7B0FFF1E7D907ECD5064926
S21401C4C862604A6002226270E6E743F00403237062
S21401C4D8E4E700BF844C0020884C00200122024B70
S21401C4E8002083F8F0207047904C00202DE9F04199
S21401C4F80A4C002526464FF0010803272046C4F8B3
S21401C5081C80277601351BF0A7F8062D04F12804B0
S21401C518F4D1002386F8F030BDE8F081904C002075
S21401C5282DE9F04F984691B00B1E0A93B44B9146ED
S21401C53814BF83469B4600251A9E98F8000070B9DA
S21401C5484D4538BF2A464B464FF000000A9928BF8A
S21401C55809F1FF32D847284611B0BDE8F08F2528E3
S21401C56808F1010806D02A464B460A996C1CD8479A
S21401C5782546E2E70023414611F8012B2B2A16D05F
S21401C5880AD8202A16D0232A17D0A2F13000092863
S21401C59834D800270A2418E02D2A05D0302AF4D1E9
S21401C5A843F001038846E6E743F00203FAE743F05F
S21401C5B80403F7E743F00803F4E743F01003F1E751
S21401C5C8884604FB0722A2F13007414611F8012BE1
S21401C5D8A2F130000928F3D998F800202E2A52D162
S21401C5E898F8011008F10102A1F13000092843F476
S21401C5F880633ED800244FF00A0E11E02A2A08D19B
S21401C60856F8047B8846002FBCBF43F002037F42DE
S21401C618E2E70027E0E702460EFB0411A1F1300429
S21401C628104610F8011BA1F1300CBCF1090FF2D924
S21401C6389046424612F8011B6C292DD025D8682948
S21401C64833D06A293BD04246904618F8010B672832
S21401C65860D8572836D8452808D084D9462800F007
S21401C668188147287FF47FAF43F4006343F0200323
S21401C67827E12A2906D156F8044B08F1020824EACC
S21401C688E474D6E790460024D3E7742901D07A29C2
S21401C698D9D143F48073D7E798F801106C29F8D1FB
S21401C6A843F4407308F10202CEE798F801106829AE
S21401C6B802D043F08003C7E743F0C003F2E743F430
S21401C6C80073C1E7A0F158020F2A3FF64CAF01A14B
S21401C6D851F822F07DC701006FC501006FC5010042
S21401C6E86FC501006FC501006FC501006FC5010068
S21401C6F86FC501006FC501006FC501007DC7010048
S21401C708E9C801007DC70100BFC801009FC8010034
S21401C718BFC80100A0F16901C9B20F293FF623AFCE
S21401C728012249F2410C8A4012EA0C0218D10A2960
S21401C73800F0158107297FF416AF43F0210305930E
S21401C7480823CDE903431023CDE9012356F8043B1A
S21401C7582A46009358464B460A991BF06DF8A8E0FE
S21401C7686F2800F05E8110D9782808D1102223F0AE
S21401C7780C0310E0582839D0622800F054810A22A8
S21401C78823F01003642806D0F1E769284FF00A025F
S21401C79823F01003F6D1590548BF23F00103692891
S21401C7A803F4007101D0642840D111B3073626F08E
S21401C7B80706B24670685AF8081BCDE907730023C6
S21401C7C80593C30F0028029306940B46049202DAD7
S21401C7D84B4260EB4000CDE900304B462A465846AE
S21401C7E80A991BF06BF805465646A6E643F0200361
S21401C7F8BCE7D90506F1040A04D5316805E000BF8F
S21401C808A376030058060CD53178CDE90224CDE984
S21401C818047300294FEAD1730193B8BF49420091C6
S21401C82820E01906E9D5B6F90010EEE779B1CDE9A9
S21401C83807730023CDE9042306F1070A2AF0070A3D
S21401C84806940293FAE80223CDE90023C5E7D80542
S21401C85806F1040A0DD5CDE90473CDE90224019148
S21401C868336800934B462A4658460A991AF0E4FF5D
S21401C878B9E7590607D53178CDE904730023CDE920
S21401C88802240193CBE7316813F0800F18BF89B2F1
S21401C898F2E743F02003CDE90173073626F00706D1
S21401C8A80094B6EC020B4B462A4658460A99E9F715
S21401C8B88FFF054641E600F0DF00472801D143F423
S21401C8C80063CDE90173073626F007060094B6EC37
S21401C8D8020B4B462A4658460A99E9F7BDFDE8E792
S21401C8E813F0020426D04FF0010A6B1C0B932A465C
S21401C8F84B460A9916F8040BD84774B354460B9A54
S21401C90821E04B4620200A99D8470AEB05020AF18E
S21401C918010A5745F5D83A1E18BF0122002A07F121
S21401C928FF3308BF002307F1010A1D4408BF4FF073
S21401C938020ADAE7A246E8E7551C4B4620200A9980
S21401C948D8472A460134BC42F6D3A7EB0A03574513
S21401C95838BF00230B9A1A440B920B9DEDE532461D
S21401C968002C52F8046B14BF21464FF0FF310B928E
S21401C97832463144107808B1914211D1A2EB060A29
S21401C98813F480620C9202D0A24528BFA24613F087
S21401C99802030D931BD1AAEB05032A460F9308E061
S21401C9A80132E7E7531C0E9320204B460A99D847D5
S21401C9B80E9A0F9BD318BB42F4D3A7EB0A0357452D
S21401C9C838BF00230AF101021D4403EB020AAB1B20
S21401C9D80E9304E01C464B462A460A99D8470E9BF6
S21401C9E8F51816F8010B28B10C9B002BF3D0631E23
S21401C9F8002CEFD10D9B93B12A46AAEB050405E05E
S21401CA08561C4B4620200A99D84732461319BB4272
S21401CA18F6D3A7EB0A03574538BF00231D440B9EE0
S21401CA288BE50822A3E60222A1E600BF0FB41FB5D4
S21401CA3806AA52F8043B02A90392009204484FF052
S21401CA48FF32FFF76DFD05B05DF804EB04B07047E3
S21401CA58657903001FB5034600914FF0FF3203A91D
S21401CA680248FFF75DFD05B05DF804FB6579030034
S21401CA781FB5CDE90201009302A9134603484FF0FA
S21401CA88FF32FFF74DFD05B05DF804FB6D79030035
S21401CA981FB5094B094A1868094B01A91860094BC3
S21401CAA81360094A0192094A1268CDE9022316F071
S21401CAB898FE05B05DF804FB78680020F43D002078
S21401CAC8F83D00206C680020BB6A04004050002036
S21401CAD8014B186816F099BE7868002038B5F1F74A
S21401CAE8DBFC0446064D2B68D3F8B002F1F7C8FC08
S21401CAF8286816F09DFE2046BDE83840F1F7C0BC10
S21401CB087868002010B5234CEFF7B6FDEFF7C2FEA4
S21401CB18236F012023F0070343F003032367EFF78E
S21401CB28E3FE1D4B00209B6A9B075EBF01221B4B41
S21401CB389A62D4F8203123F0030343F00203C4F8C1
S21401CB482031D4F8243123F0070343F00203C4F854
S21401CB582431D4F8403123F0030343F00103C4F829
S21401CB684031D4F8603123F0030343F00103C4F8DD
S21401CB786031D4F8403223F0030343F00103C4F8CC
S21401CB884032D4F8003223F0070343F00103C4F817
S21401CB98003210BD0080005000C0005000E0005078
S21401CBA8064B1B681A7A022A01D81AB97047032A53
S21401CBB800D070471B68024A136070477C680020E3
S21401CBC8405000200022024B5A60DA601A60704713
S21401CBD84450002008B501F011FD0022014B1A70DF
S21401CBE808BD00BF326200200A4601491AF022BF7A
S21401CBF8759404000A4601491AF01CBF7094040093
S21401CC080A4601491AF016BF699404000A46014902
S21401CC181AF010BF669404000A4601491AF00ABFC2
S21401CC28639404000A4601491AF004BF5E9404009E
S21401CC380A4601491AF0FEBE599404000A460149FB
S21401CC481AF0F8BE549404000A4601491AF0F2BED6
S21401CC584D94040081F0004102E000BF83F00043D8
S21401CC6830B54FEA41044FEA430594EA050F08BF79
S21401CC7890EA020F1FBF54EA000C55EA020C7FEA3D
S21401CC88645C7FEA655C00F0E2804FEA5454D4EBBA
S21401CC985555B8BF6D420CDD2C4480EA020281EA84
S21401CCA8030382EA000083EA010180EA020281EABC
S21401CCB80303362D88BF30BD11F0004F4FEA01310E
S21401CCC84FF4801C4CEA113102D0404261EB41011D
S21401CCD813F0004F4FEA03334CEA133302D05242A3
S21401CCE863EB430394EA050F00F0A780A4F101045F
S21401CCF8D5F1200E0DDB02FA0EFC22FA05F2801899
S21401CD0841F1000103FA0EF2801843FA05F359417E
S21401CD180EE0A5F120050EF1200E012A03FA0EFCFD
S21401CD2828BF4CF0020C43FA05F3C01851EBE37127
S21401CD3801F0004507D54FF0000EDCF1000C7EEB44
S21401CD4800006EEB0101B1F5801F1BD3B1F5001F82
S21401CD580CD349085FEA30004FEA3C0C04F10104A1
S21401CD684FEA445212F5800F80F09A80BCF1004FCA
S21401CD7808BF5FEA500C50F1000041EB045141EA4C
S21401CD88050130BD5FEA4C0C404141EB0101013C15
S21401CD9828BFB1F5801FE9D291F0000F04BF014604
S21401CDA80020B1FA81F308BF2033A3F10B03B3F1D6
S21401CDB820020CDA0C3208DD02F1140CC2F10C0266
S21401CDC801FA0CF021FA02F10CE002F11402D8BFC4
S21401CDD8C2F1200C01FA02F120FA0CFCDCBF41EA90
S21401CDE80C019040E41AA2BF01EB0451294330BD5F
S21401CDF86FEA04041F3C1CDA0C340EDC04F114043C
S21401CE08C4F1200220FA04F001FA02F340EA030012
S21401CE1821FA04F345EA030130BDC4F10C04C4F158
S21401CE28200220FA02F001FA04F340EA0300294638
S21401CE3830BD21FA04F0294630BD94F0000F83F482
S21401CE48801306BF81F480110134013D4EE77FEA65
S21401CE58645C18BF7FEA655C29D094EA050F08BFB1
S21401CE6890EA020F05D054EA000C04BF1946104692
S21401CE7830BD91EA030F1EBF0021002030BD5FEAD6
S21401CE88545C05D14000494128BF41F0004130BDFE
S21401CE9814F580043CBF01F5801130BD01F0004552
S21401CEA845F0FE4141F470014FF0000030BD7FEAC5
S21401CEB8645C1ABF194610467FEA655C1CBF0B46C0
S21401CEC8024650EA013406BF52EA033591EA030FD7
S21401CED841F4002130BD00BF90F0000F04BF0021CF
S21401CEE8704730B54FF4806404F132044FF0000502
S21401CEF84FF0000150E700BF90F0000F04BF00217B
S21401CF08704730B54FF4806404F1320410F00045E0
S21401CF1848BF40424FF000013EE700BF42004FEADB
S21401CF28E2014FEA31014FEA02701FBF12F07F4358
S21401CF3893F07F4F81F06051704732F07F4208BF0F
S21401CF48704793F07F4F04BF41F40021704730B516
S21401CF584FF4607401F0004521F000411CE700BF62
S21401CF6850EA010208BF704730B54FF000050AE0E5
S21401CF7850EA010208BF704730B511F0004502D5E6
S21401CF88404261EB41014FF4806404F132045FEAE8
S21401CF98915C3FF4D8AE4FF003025FEADC0C18BF91
S21401CFA803325FEADC0C18BF033202EBDC02C2F183
S21401CFB8200300FA03FC20FA02F001FA03FE40EA15
S21401CFC80E0021FA02F11444BDE600BF70B54FF019
S21401CFD8FF0C4CF4E06C1CEA11541DBF1CEA1355F7
S21401CFE894EA0C0F95EA0C0F00F0DEF82C4481EA5F
S21401CFF8030621EA4C5123EA4C5350EA013518BF7F
S21401D00852EA033541F4801143F4801338D0A0FB6B
S21401D01802CE4FF00005E1FB02E506F00042E0FB18
S21401D02803E54FF00006E1FB03569CF0000F18BF1E
S21401D0384EF0010EA4F1FF04B6F5007F64F54074C6
S21401D04804D25FEA4E0E6D4146EB060642EAC62159
S21401D05841EA55514FEAC52040EA5E504FEACE2EC6
S21401D068B4F1FD0C88BFBCF5E06F1ED8BEF1004FC9
S21401D07808BF5FEA500E50F1000041EB045170BD45
S21401D08806F0004646EA010140EA020081EA030189
S21401D098B4EB5C04C2BFD4EB0C0541EA045170BD85
S21401D0A841F480114FF0000E013C00F3AB8014F1FF
S21401D0B8360FDEBF002001F0004170BDC4F1000448
S21401D0C8203C35DA0C341BDC04F11404C4F12005C9
S21401D0D800FA05F320FA04F001FA05F240EA020024
S21401D0E801F0004221F0004110EBD37021FA04F65A
S21401D0F842EB06015EEA430E08BF20EAD37070BD14
S21401D108C4F10C04C4F1200500FA04F320FA05F072
S21401D11801FA04F240EA020001F0004110EBD37074
S21401D12841F100015EEA430E08BF20EAD37070BDE4
S21401D138C4F1200500FA05F24EEA020E20FA04F3BD
S21401D14801FA05F243EA020321FA04F001F000416C
S21401D15821FA04F220EA020000EBD3705EEA430EDD
S21401D16808BF20EAD37070BD94F0000F0FD101F00C
S21401D1780046400041EB010111F4801F08BF013C45
S21401D188F7D041EA060195F0000F18BF704703F083
S21401D1980046520043EB030313F4801F08BF013D0A
S21401D1A8F7D043EA0603704794EA0C0F0CEA1355C6
S21401D1B818BF95EA0C0F0CD050EA410618BF52EA80
S21401D1C84306D1D181EA030101F000414FF0000086
S21401D1D870BD50EA410606BF1046194652EA430694
S21401D1E819D094EA0C0F02D150EA013613D195EA08
S21401D1F80C0F05D152EA03361CBF104619460AD150
S21401D20881EA030101F0004141F0FE4141F4700159
S21401D2184FF0000070BD41F0FE4141F4780170BD49
S21401D22870B54FF0FF0C4CF4E06C1CEA11541DBFAE
S21401D2381CEA135594EA0C0F95EA0C0F00F0A7F8B0
S21401D248A4EB050481EA030E52EA03354FEA0131DD
S21401D25800F088804FEA03334FF0805545EA1313F0
S21401D26843EA12634FEA022245EA111545EA1065B8
S21401D2784FEA00260EF000419D4208BF964244F14F
S21401D288FD0404F5407402D25B084FEA3202B61A6E
S21401D29865EB03055B084FEA32024FF480104FF442
S21401D2A8002CB6EB020E75EB030E22BFB61A7546B6
S21401D2B840EA0C005B084FEA3202B6EB020E75EB49
S21401D2C8030E22BFB61A754640EA5C005B084FEAB1
S21401D2D83202B6EB020E75EB030E22BFB61A75467E
S21401D2E840EA9C005B084FEA3202B6EB020E75EB89
S21401D2F8030E22BFB61A754640EADC0055EA060E4A
S21401D30818D04FEA051545EA16754FEA06164FEA8C
S21401D318C30343EA52734FEAC2025FEA1C1CC0D138
S21401D32811F4801F0BD141EA00014FF000004FF0C5
S21401D338004CB6E711F4801F04BF01430020B4F186
S21401D348FD0C88BFBCF5E06F3FF6AFAEB5EB030C3E
S21401D35804BFB6EB020C5FEA500C50F1000041EB3B
S21401D368045170BD0EF0004E4EEA113114EB5C0408
S21401D378C2BFD4EB0C0541EA045170BD41F48011DB
S21401D3884FF0000E013C90E645EA060E8DE60CEAE3
S21401D398135594EA0C0F08BF95EA0C0F3FF43BAF00
S21401D3A894EA0C0F0AD150EA01347FF434AF95EAB7
S21401D3B80C0F7FF425AF104619462CE795EA0C0F9B
S21401D3C806D152EA03353FF4FDAE1046194622E768
S21401D3D850EA410618BF52EA43067FF4C5AE50EA42
S21401D3E841047FF40DAF52EA43057FF4EBAE12E732
S21401D3F84FF0FF3C06E000BF4FF0010C02E000BF13
S21401D4084FF0010C4DF804CD4FEA410C7FEA6C5CF5
S21401D4184FEA430C18BF7FEA6C5C1BD001B050EA98
S21401D428410C0CBF52EA430C91EA030F02BF90EA83
S21401D438020F0020704710F1000F91EA030F58BF42
S21401D448994208BF90422CBFD8176FEAE37040F0A4
S21401D458010070474FEA410C7FEA6C5C02D150EA42
S21401D468013C07D14FEA430C7FEA6C5CD6D152EAFD
S21401D478033CD3D05DF8040B704700BF84461046C2
S21401D48862468C461946634600E000BF01B5FFF7C1
S21401D498B7FF002848BF10F1000F01BD4DF808ED91
S21401D4A8FFF7F4FF0CBF012000205DF808FB00BF62
S21401D4B84DF808EDFFF7EAFF34BF012000205DF8BC
S21401D4C808FB00BF4DF808EDFFF7E0FF94BF012009
S21401D4D800205DF808FB00BF4DF808EDFFF7CEFF0A
S21401D4E894BF012000205DF808FB00BF4DF808ED49
S21401D4F8FFF7C4FF34BF012000205DF808FB00BF1A
S21401D5084FEA410212F5001215D211D56FF478735D
S21401D518B3EB625212D94FEAC12343F0004343EA00
S21401D528505311F0004F23FA02F018BF40427047DB
S21401D5384FF00000704750EA013005D111F0004065
S21401D54808BF6FF0004070474FF00000704700BFFB
S21401D5584A0011D212F5001211D20DD56FF4787364
S21401D568B3EB62520ED44FEAC12343F0004343EAB9
S21401D578505323FA02F070474FF00000704750EA04
S21401D588013002D14FF0FF3070474FF0000070476E
S21401D59853B94AB9002908BF00281CBF4FF0FF310C
S21401D5A84FF0FF3000F08CB9ADF1080C6DE904CEF0
S21401D5B800F006F8DDF804E0DDE9022304B0704760
S21401D5C82DE9F04F099D0E4604460F46002B47D11C
S21401D5D88A429446B2FA82F35AD943B102FA03FC54
S21401D5E8C3F120029F409C4020FA02F217434FEAFB
S21401D5F81C461FFA8CFE220CB7FBF6F106FB1177C8
S21401D60801FB0EF042EA0742904208D91CEB0202DF
S21401D61801F1FF3702D2904200F23C813946121AD4
S21401D628A4B2B2FBF6F006FB102200FB0EFE44EA9B
S21401D6380244A64508D91CEB040400F1FF3202D2C5
S21401D648A64500F22A81104640EA0140A4EB0E04E2
S21401D65800211DB1DC400023C5E90043BDE8F08F79
S21401D6688B4205D90DB1C5E9000100210846F5E749
S21401D678B3FA83F100294FD1B342C0F00281824246
S21401D68840F2FF800846002DE8D0C5E90047E5E7E7
S21401D698002B40F0AF808A1A4FEA1C4E1FFA8CF70F
S21401D6A80121B2FBFEF60EFB1620220C42EA0042CE
S21401D6B807FB06F090420FD91CEB020206F1FF3871
S21401D6C82CBF4FF001094FF00009904203D9B9F178
S21401D6D8000F00F0DC804646121AA4B2B2FBFEF038
S21401D6E80EFB102200FB07F744EA0244A7420FD9B3
S21401D6F81CEB040400F1FF322CBF4FF0010E4FF073
S21401D708000EA74203D9BEF1000F00F0C9801046EB
S21401D718E41B40EA06409CE7C1F120048B4006FA68
S21401D72801FC00FA01FE22FA04F7E6408A401F438C
S21401D73820FA04F34FEA174843EA0C031FFA87FC5A
S21401D7484FEA1349B6FBF8F008FB106649EA0646A5
S21401D75800FB0CF9B1450ED9BE1900F1FF3A2CBFF2
S21401D7684FF0010B4FF0000BB14503D9BBF1000F89
S21401D77800F0A2805046A6EB09061FFA83F9B6FB0D
S21401D788F8F308FB136603FB0CFC49EA0646B445A6
S21401D7980ED9BE1903F1FF382CBF4FF001094FF01F
S21401D7A80009B44503D9B9F1000F00F08280434659
S21401D7B843EA0040A6EB0C06A0FB028C66454346EE
S21401D7C8E14602D307D1C64505D2B8EB02036CEB96
S21401D7D8070C0138E1465DB1BEEB030266EB0906AC
S21401D7E806FA04F422FA01F3CE401C43C5E90046C2
S21401D7F8002133E702FA03FCC3F1200299409C405A
S21401D808D6404FEA1C4E20FA02F21FFA8CF7B6FBF6
S21401D818FEF00A430EFB1066110C41EA064100FBB6
S21401D82807F68E420ED91CEB010100F1FF382CBF1A
S21401D8384FF001094FF000098E4202D9B9F1000FE5
S21401D84834D04046891B92B2B1FBFEF60EFB161188
S21401D85842EA014206FB07F191420ED91CEB02028D
S21401D86806F1FF382CBF4FF001094FF0000991422D
S21401D87802D9B9F1000F16D04646521A46EA0041B7
S21401D8880FE7841A66EB030201201746FBE6023E01
S21401D898624421E702396244C1E664440238D3E6A9
S21401D8A86444023834E7023E6244E6E702386144DB
S21401D8B8C8E7023B3E447BE702383E445BE700BFCD
S21401D8C8704700BF2DE9F04F924685B089461E463F
S21401D8D80D46554A0390294615F8014B135D13F07A
S21401D8E80803F8D12D2C7CD02B2C4ED04FF0FF31CD
S21401D8F802936FF00043CDE9001336F0100851D0BB
S21401D90837464FEAE6783A464346DDE90001FFF72F
S21401D9183FFE002383468E4618461946A44613E062
S21401D928ACF13704A6421FDD002B09DB83457EEBED
S21401D938010305D38E4508BF83453BD1A24239DA98
S21401D9484FF0FF3315F801CBACF13004092CE9D9B7
S21401D958ACF14104192CE3D9ACF16104192C03D8B4
S21401D968ACF15704A642DFDC5A1C2FD0029A12B13A
S21401D978404261EB4101BAF1000F03D0002B48D1B8
S21401D988CAF8009005B0BDE8F08F4FF0FF3002935B
S21401D99836F010086FF000432C7801F10205CDE946
S21401D9A80003ADD1302C25D0002E3AD10A27B04637
S21401D9B83E46A8E700FB08F307FB0133A0FB070177
S21401D9C80B44201843EBE4710123BBE72223039A97
S21401D9D81360BAF1000F17D005F1FF39DDE9000130
S21401D9E8CEE74FF00047009301232C788D1CCDE934
S21401D9F8017382E72B7803F0DF03582B0CD086B926
S21401DA080827B0463E467EE7DDE9000105B0BDE8D9
S21401DA18F08FCDE90001DFE710276C7802353E4626
S21401DA2871E710273E466EE77D9404004AE700BF7B
S21401DA3810B4044C13460A46014620685DF8044BA8
S21401DA4840E700BFAC68002010B4044C13460A46F1
S21401DA58014620685DF8044B34E700BFAC68002037
S21401DA6820F0030110F00300C0F1000051F8043B58
S21401DA7800F1040C4FEACC0C6FF000021CBF22FA2E
S21401DA880CF213434FF0010C4CEA0C2C4CEA0C4CEC
S21401DA98A3EB0C0222EA030212EACC1204BF51F8E5
S21401DAA8043B0430F4D0C2F1000102EA0102B2FAE2
S21401DAB882F2C2F11F0200EBD20070472DE9F0474F
S21401DAC880460C464548264614F801EB10F80EC069
S21401DAD81CF0080CF7D1BEF12D0F5BD0BEF12B0F51
S21401DAE83AD0654633F010003ED04FF0FF379A46DD
S21401DAF8B7FBF3F703FB07F96FEA09090026304677
S21401DB080EE0AEF1370C63451DDD002E04DBB8428E
S21401DB1802D833D1CC4531DD4FF0FF3614F801EB8E
S21401DB28AEF1300CBCF1090FEDD9AEF1410CBCF1E8
S21401DB38190FE6D9AEF1610CBCF1190F03D8AEF195
S21401DB48570C6345E1DC731C1CD005B140420AB191
S21401DB58F6B91160BDE8F08733F0100094F800E0DC
S21401DB68654606F10204C0D1BEF1300F17D06BBB73
S21401DB780A234FF005091A4F9A46BFE700FB0AC069
S21401DB880126CBE722233046C8F80030002AE1D028
S21401DB98611EDEE794F800E00125B41CA2E72078B0
S21401DBA800F0DF00582807D083B908234FF007098B
S21401DBB86FF060479A46A1E7102394F801E04FF00A
S21401DBC80F0902346FF070479A4697E710234FF013
S21401DBD80F096FF070479A4690E700BF7D940400DE
S21401DBE8999999196AE700BF10B4044C13460A4676
S21401DBF8014620685DF8044B60E700BFAC6800206A
S21401DC0810B4044C13460A46014620685DF8044BD6
S21401DC1854E700BFAC6800200F4B70B50F4DAB4200
S21401DC28A3EB050607D0B6100024013455F8043BCB
S21401DC389847A642F9D80A4D1FF09EF8094B5E1B75
S21401DC48AB424FEAA60606D00024013455F8043B39
S21401DC589847A642F9D870BD446C0020446C002051
S21401DC68446C0020486C002070B5860747D0541EC7
S21401DC78002A3ED0CAB2034601E0013C39D303F874
S21401DC88012B9D07F9D1032C2CD9CDB20F2C05EB0E
S21401DC98052505EB054535D9A4F1100C03F1100E41
S21401DCA81A462CF00F064FEA1C1CB644C2E900556A
S21401DCB8C2E9025510327245F8D10CF1010214F08E
S21401DCC80C0F04F00F0C03EB021213D0ACF1040393
S21401DCD823F003030433134442F8045B9342FBD155
S21401DCE80CF003042CB1C9B21C4403F8011BA3426F
S21401DCF8FBD170BD64461346002CF4D1F9E7034600
S21401DD081446C0E71A46A446E0E700BF88420ED983
S21401DD188B1883420BD900EB020C002A6ED06246A0
S21401DD2813F801CD994202F801CDF9D170470F2AAF
S21401DD380FD8034602F1FF3C002A5FD00CF1010C14
S21401DD48013B8C4411F8012B614503F8012FF9D1E9
S21401DD58704740EA01039B0751D1A2F1100301F174
S21401DD68200C70B523F00F0501F1100E00F1100418
S21401DD781B09AC445EF8105C0EF1100E103444F822
S21401DD88205C5EF81C5C44F81C5C5EF8185C44F881
S21401DD98185C5EF8145CE64544F8145CEAD1013375
S21401DDA812F00C0F02F00F0C01EB031100EB03133A
S21401DDB829D0ACF1040C1C1F8E462CF003064FEA42
S21401DDC89C0C1E445EF8045B44F8045FB442F9D127
S21401DDD80CF1010402F0030203EB840301EB840156
S21401DDE802F1FF3C4AB10CF1010C013B8C4411F8DD
S21401DDF8012B614503F8012FF9D170BD704702F177
S21401DE08FF3C03469AE76246EAE700BF2DE9F04F72
S21401DE1882468E463F4875461EF801BB10F80B40F1
S21401DE2814F00804F7D1BBF12D0F5BD0BBF12B0F13
S21401DE386FF0004904BF9EF800B005F1020E33F0FA
S21401DE48100010D1BBF1300F04D0002B5ED10A238D
S21401DE581F4609E09EF8000000F0DF0058284ED063
S21401DE68002B53D108231F460025B9FBF7F6284691
S21401DE7807FB16980EE0ABF1370C63451DDD002D48
S21401DE8804DB864202D321D1E0451FDA4FF0FF3585
S21401DE981EF801BBABF1300CBCF1090FEDD9ABF1A3
S21401DEA8410CBCF1190FE6D9ABF1610CBCF1190FA5
S21401DEB803D8ABF1570C6345E1DC6B1C0AD004B1FF
S21401DEC840420AB1CDB91160BDE8F08F07FB00C02A
S21401DED80125DDE72223CAF800305AB10EF1FF31D9
S21401DEE84846F0E79EF800B04FF0004905F1020EEB
S21401DEF80124A4E74846BDE8F08F8146EEE71023E3
S21401DF089EF801B00EF1020E1F46ADE710231F461C
S21401DF18AAE700BF7D940400242B02D8012B00D069
S21401DF2874E710B500F02EFA16230360002010BD22
S21401DF3810B5242A084C1346246807D8012A05D0A8
S21401DF480A4601462046BDE810405FE700F01AFA87
S21401DF5816230360002010BDAC68002010B5242AE3
S21401DF68084C1346246807D8012A05D00A460146F4
S21401DF782046BDE8104049E700F004FA162303607E
S21401DF88002010BDAC680020844641EA000313F067
S21401DF98030349D1403A23D30B6803604B684360B7
S21401DFA88B688360CB68C3600B6903614B69436107
S21401DFB88B698361CB69C3610B6A03624B6A4362EF
S21401DFC88B6A8362CB6AC3620B6B03634B6B4363D7
S21401DFD88B6B8363CB6BC36340304031403ADBD2F3
S21401DFE830320BD30B6803604B6843608B688360E1
S21401DFF8CB68C36010301031103AF3D20C3205D317
S21401E00851F8043B40F8043B043AF9D2043208D0EC
S21401E018D2071CBF11F8013B00F8013B01D30B885E
S21401E02803806046704700BF082A13D38B07B1D018
S21401E03810F00303AED0C3F10403D21ADB071CBFEA
S21401E04811F8013B00F8013BA4D331F8023B20F854
S21401E058023B9FE7043AD9D3013A11F8013B00F88D
S21401E068013BF9D20B7803704B7843708B78837039
S21401E07860467047024B0146186816F098B900BF0B
S21401E088AC680020024B0146186816F093B900BF29
S21401E098AC680020CAB384460B4630B5044608432C
S21401E0A8800719D09CF800000C78A04212D150B312
S21401E0B8012A28D0E64603E01CEB030F23D010B351
S21401E0C81EF8010F11F8014FA2EB0E03A04203F14F
S21401E0D8FF33F1D0001B30BD032A07D8E2E7043A24
S21401E0E811D01EF0803F0ED1032A10D92068194698
S21401E0F853F8045BA446A0F1013E0434A8422EEA74
S21401E108000EECD0CEE7002030BD10467047A4467E
S21401E1181946C7E780EA010C1CF0030F37D110F047
S21401E128030C20F0030021F0030150F8042B08BF6C
S21401E13851F8043B0ED08CF0030C6FF07F434FEA86
S21401E148CC0C23FA0CFC51F8043B42EA0C0243EAD5
S21401E1580C0300BFA2F1013C9A4201BF2CEA020C53
S21401E1681CF0803F50F8042B51F8043BF2D04FEADC
S21401E17802604FEA1222012828BFB0EB036F08BFDE
S21401E1881B0AF4D003F0FF03000EC01A704710F004
S21401E198030F0AD010F8012B11F8013B012A28BFFA
S21401E1A89A42F4D0A2EB030070474DF8045D50F88C
S21401E1B8042B01F0030521F0030151F8043B022D5D
S21401E1C826D04DD822F07F45B5EB132FA2F1013C9E
S21401E1D82CEA020C0DD11CF0803C08BF51F8043B18
S21401E1E80AD185EA0205B5EB036F0CD150F8042B6A
S21401E1F8E8E74FEA13235BE03CF07F4C54D10B78F9
S21401E2084FEA126554E04FEA126503F0FF034FE048
S21401E2184FEA0245A2F1013C4FEA15452CEA020CE9
S21401E228B5EB134F18D11CF0803C08BF51F8043BDE
S21401E23807D185EA0205B5EB034F09D150F8042B3F
S21401E248E6E75FEA0C4C2FD10B884FEA12452FE020
S21401E2584FEA03434FEA12454FEA134328E000BF4B
S21401E26802F0FF05B5EB136FA2F1013C2CEA020C94
S21401E2780DD11CF0803C08BF51F8043B0AD185EA51
S21401E2880205B5EB032F0AD150F8042BE8E74FEA4D
S21401E29813630DE012F0FF0F06D051F8043B4FEA66
S21401E2A8122523F07F4303E04FF0000020BC70479F
S21401E2B805F0FF0203F0FF00012828BF904204BFC3
S21401E2C82D0A1B0AF4D0A2EB000020BC704700BF41
S21401E2D808B5064B044613B1002100F0AFF8044B0D
S21401E2E81B6803B19847204614F057FC45E4010023
S21401E2F88C510020002301461A46184600F048B8FB
S21401E308032A30B415D941EA000484460B46A4070B
S21401E31804D0541E0FE0043A032A08D91946604669
S21401E32853F8044B5CF8045BA542F4D0F1E7604669
S21401E3381946541E7AB1431E0139021901E09A4260
S21401E34809D013F8010F11F801CF6045F7D0A0EBFB
S21401E3580C0030BC7047002030BC704738B5074DFC
S21401E368074C2C1BA41005D0013C55F8043D9847D2
S21401E378002CF9D1BDE838401EF004BD4C6C0020D5
S21401E388486C0020014B1868704700BFAC68002035
S21401E398F0B5264C83B006460F46256805B36C686B
S21401E3A81F2C3FDCA6B1D5F8880048B3D0F8001179
S21401E3B84FF0010C40F82420022E00EB84020CFAE0
S21401E3C804FC4CEA0101C0F80011C2F8803010D0F4
S21401E3D8631C002002346B6045F8247003B0F0BD5E
S21401E3E813491448216010B10068C1F88800104D1F
S21401E3F8D5E7D0F8043143EA0C03C0F80431E7E75F
S21401E4080D49CDE9002369B14FF48470FFF732FE58
S21401E41840B100216C68C0E94011DDE90023C5F868
S21401E4288800C5E74FF0FF30D8E700BF1C52002030
S21401E43890510020000000007DE001002DE9F04F1A
S21401E448DFF8B49083B0D9F8006096B38846019097
S21401E4587568D6F888706C1E2BD4013507F1800BC9
S21401E46806EB8505B8F1000F26D173682A68013BCB
S21401E478A3423BD000232B60BAB1D6F804A05FB301
S21401E4880123D7F80011A3400B4225D0D7F8040181
S21401E49857F8241003422BD1019890477368D9F88E
S21401E4A8002053451ED1B2421CD1013C043D631CD9
S21401E4B8D8D103B0BDE8F08F4FB15BF8243043459F
S21401E4C8D3D0013C043D621CF3D0002FF5D1013CAA
S21401E4D8EFD3013CFBD2ECE790477368D9F80020EC
S21401E4E85345E0D0002AE4D01646B1E77460C3E786
S21401E4F808469047D2E700BF1C52002013B50446D1
S21401E508694619F08EFB204619F0D2FCFF28024610
S21401E51806D020469DF80010EFF718F802B010BD97
S21401E5280048FBE70080FFFF2DE9F0418AB001AC07
S21401E53805460B462746194A02F1200C264610685E
S21401E5485168083203C662453446F7D1002B08BF26
S21401E5583B46002710681C463060384603F10C0617
S21401E56890B95FFA87F842462846218819F0C2FD15
S21401E57850B942462846E18819F0CDFD20B94246F1
S21401E5883146284619F0D9FD0137032F06F108064A
S21401E59804F10204E4D10AB0BDE8F08194950400C0
S21401E5A8F0B589B005460E4601F034FE044600BBB8
S21401E5B801AC06F10C070FCF0FC497E8070084E8F3
S21401E5C8070001A9284605F0F1FC2846311D1AF076
S21401E5D84FF8044648B92846074901F05DFA04464B
S21401E5E818B9284601F0E0FD044628463168FFF7C9
S21401E5F89BFF204609B0F0BD8C950400014919F02F
S21401E60863BB00BFA101020070B5164E032804467D
S21401E6180D4633781ED023FA04F202F00102AA420C
S21401E6281DD053B10122A240A54023EA02032B4381
S21401E638DBB233704BB1012070BD2DB10A4B0120FE
S21401E6481B6898473378EDE73570074B00201B6841
S21401E6589847F0E79A07DED003F0FC03E9E70020C5
S21401E66870BD00BF346200205C540020F8B5054632
S21401E6780C461EF0EAF8104F06463B7833B1012DDA
S21401E68804D01CB90D481CF0A7FE3C70214628464C
S21401E698FFF7BAFF0A4B04461B783BB93B782BB900
S21401E6A819F0FCFC10B1074B1B68984730461EF062
S21401E6B8C7F82046F8BD00BF356200203054002058
S21401E6C834620020FC680020054A0B46117831B1F7
S21401E6D800211170034A01215268187810477047C3
S21401E6E835620020FC68002038B5074D04462B78B3
S21401E6F8834207D001F0B8FC20462C70BDE83840AC
S21401E708F0F7BCB938BD00BF3362002038B50446FF
S21401E71880B11EF09AF80121044608461CF0D0FA8A
S21401E72801210B4A084615F016FF2046BDE8384079
S21401E7381EF086B81EF089F80546214601201CF011
S21401E748BFFA01202146024A15F005FF2846EDE7E3
S21401E7589F6B04001B4B022910B5187002D00329C1
S21401E76804D010BD184B1B78002BFAD105F08CFB92
S21401E7780028F6D04FF00052144BC3F88020BFF3A0
S21401E7884F8FBFF36F8F01F047FC0028E9D001F0E7
S21401E7983BFA0028E5D10E4B1C6834B1236898472C
S21401E7A8BDE81040002001F053BC19F089FA094B66
S21401E7B818601EF036F9084B1860204601F034FC44
S21401E7C8EEE700BF1A6C00203362002000E100E08B
S21401E7D880540020585400205454002038B504466C
S21401E7E80D4605F051FB80B14FF00052124B1A60EE
S21401E7F801F012FC48B9012D07D8012001F028FCC8
S21401E8080E4B1B6823B15B6898470D4B1C7038BDCF
S21401E8181EF007F90B4B1A68801A18601CF08AFE5E
S21401E8284FF47A72084B1B6802FB003019F04AFA5B
S21401E838012001F0F9FBE8E700E100E08054002040
S21401E8481A6C00205454002058540020F0B585B0A6
S21401E8581DF0FBFF344D04462B7823B133481CF0DA
S21401E868BBFD002852D11CF041FE02AA03A919F0EB
S21401E878FFFB0346002838D019F00EFC029B98428D
S21401E8881CD100202A4B03991B682A4E99423070E6
S21401E89820D90027C91A012324482B70264A334653
S21401E8A8CDE900771EF099F8002837D1234A137866
S21401E8B8D90701D53178F9B1204611E019F0EAFBFC
S21401E8C8029B984228D0002318461949194A096814
S21401E8D8137003910121FFF797FE002320462B7042
S21401E8E81DF0AEFF002005B0F0BD20462B701DF0D0
S21401E8F8A7FF212005B0F0BD03F0FE031370002B1F
S21401E908DAD10F4B1B6898472046E9E720461DF0E9
S21401E91897FF0E2005B0F0BD0220B3E7032320467B
S21401E9282F703370F3E700BF3562002030540020A3
S21401E93850540020196C0020D1E6010034620020F2
S21401E9485C54002070B51DF080FF184D04462B78E6
S21401E95823BB174A17491370174B184A18481A60E9
S21401E968184A194E5A60F0F72DF818491848F0F762
S21401E97829F8184B80203360EDF7E4FD052804BF1D
S21401E988154B3360154B5B6F03F44073B3F5007F8B
S21401E99802BF0222124B1A6001232B70F0F77AF994
S21401E9A820461DF04DFF002070BD00BF36620020D6
S21401E9B835620020B8950400FC68002055E801007F
S21401E9C82054002075E601005C540020C095040020
S21401E9D828540020F1E6010015E701000040005028
S21401E9E8505400202DE9F0438F7880460F2F0C46AF
S21401E9F885B003D9212005B0BDE8F08327B90123E6
S21401EA08374A00201370F6E70D784E78EDB9002ED8
S21401EA18F0D194F90310E08802F00CFE2128E9D021
S21401EA2855EA0603A088DFF8C89013D002F066FE00
S21401EA384FF60403B9F8002001469A424BD1AE427C
S21401EA48334638BF2B4600262DE0082DD2D8082E8F
S21401EA58D0D8DEE702F052FE4FF6040501464FF61F
S21401EA680500204A136E9BB2AB4208BF0346B1F5B8
S21401EA78803FA9F800300FD90223082513668023A2
S21401EA880126C2F880302B4649084FF6FF72013935
S21401EA98914228BF114608E08023012608251666FC
S21401EAA8C2F880302B460029EFD1002202920122BB
S21401EAB8013FFFB2009201972A4608F1F80002F0DA
S21401EAC8C7FC1EB14FF48012074B5A65074BA26864
S21401EAD81A60022394E703480266A9F80030AEE7F5
S21401EAE83762002000C001B800D001B86854002081
S21401EAF8A06B002010B50446D0F818210B4B4FF434
S21401EB080061C3F8CC2090F82420D20102F40062F8
S21401EB1805F0D6F894F8243013F0100F4FF400736C
S21401EB2814BF034A034A136410BD00BF003E00B079
S21401EB38001002B8002002B8431C07D06FF0FF028D
S21401EB48034B10405A62A3F580535862704700BFC2
S21401EB5800E000B8F8B504460F4616461DF075FEE7
S21401EB680546A047044620B128461DF069FE204602
S21401EB78F8BD04F05FFA04220549D1F8F03E23EA0D
S21401EB8807033343C1F8F03E024B1A64ECE700BFB3
S21401EB98003000B0002002B800F01803182B0AD085
S21401EBA803070AD440F2011310F0100018BF1846E4
S21401EBB8034BD86770470020FAE70120F8E700BF43
S21401EBC8003F00B0044B1868830654BFC0F30F20FB
S21401EBD84FF6FF70704700BF0C55002038B1036828
S21401EBE8044A002B08BF1346034A13607047014BBB
S21401EBF8FAE700BF177D03000869002010B4D0E9C2
S21401EC08524122400B4052EA030104D003495DF801
S21401EC18044B096808475DF8044B704708690020EB
S21401EC280F2938B505460C460ED801F033FA0128E7
S21401EC380CD1074A2846936E23F00F0323439366A5
S21401EC4819F08AFA002038BD2120FCE70220FAE7ED
S21401EC58003F00B0014BD86E704700BF003F00B0C0
S21401EC68014B0020D9667047003F00B003282DE904
S21401EC78F347884655D82C4B13F800902B4B1E5C4F
S21401EC882B4B13F800A01DF0E0FD074604F01EF913
S21401EC98054640B100230022CDE9003301200023B8
S21401ECA8002103F03FFF04F019F948B100230022C0
S21401ECB8CDE90033002000234FF4004103F032FF72
S21401ECC86EB31C4BDC6C04F008041B4B3146DC6449
S21401ECD8484604F00DFA52463146484604F096FA7C
S21401ECE8164BDC646DB1164B1868D0F89010F830E6
S21401ECF803F008F813490868FFF71EFF4FF0FF33C3
S21401ED080B60B8F1000F04D00F4B002103205B689D
S21401ED189847384602B0BDE8F0471DF091BD344625
S21401ED28D3E702B0BDE8F087D0950400CC9504007F
S21401ED38C8950400004000B8006000B8005000B84C
S21401ED481855002004690020FC6800200F4A136C3F
S21401ED5813F0A00F15D1506C10F0040013D10C4B12
S21401ED68D3F8F03E23F07F4323F0FF035BB1D3686B
S21401ED78C3F30362092A07D0B2F10C0018BF0120B9
S21401ED887047002070470120704700BF000002B896
S21401ED98003000B070B50D46064620B91A4B1B6800
S21401EDA8A3B10E2011E001F075F9012829D1174BFE
S21401EDB893F90040C4F12704641BC4F11C03002B1B
S21401EDC8B8BF5B42232B0CDD212070BDA1F10B03DC
S21401EDD8002BB8BF5B42232BF6DC0C4B19700020C6
S21401EDE8F3E786F826501DF030FD094AE402136A57
S21401EDF804F4FF2423F4FF231C4314621DF020FDB2
S21401EE08EDE70220E1E700BF185500203862002030
S21401EE1800C000B818B9034B93F90000704790F981
S21401EE28260070473862002010B5FFF763FE03F02E
S21401EE38A7FB1DF00AFD0A4A0121D2F8C83E04467E
S21401EE4823F02003C2F8C83E0222064B08469A6001
S21401EE58054B5B68984720461DF0F2FC002010BD64
S21401EE68003000B0001002B8FC680020094B0846C4
S21401EE785A6A91020BD4D3F80021D20708D4D3F8E2
S21401EE88803013F4706F14BF0120002070470120F2
S21401EE98704700BF004001B8F8B50D46D0F890306D
S21401EEA802EA010423EA01032343C0F890303D4AED
S21401EEB801F00B0323EA0401D1642340A2F5805232
S21401EEC86F070646D36410D50121FFF7CFFF60B15F
S21401EED804F0B0F84FF4007314F0040F14BF324A6C
S21401EEE8324A53620422324B1A64E90606D514F0F4
S21401EEF8100F14BF00221B222E4B5A652A061DD559
S21401EF08230616D54FF40012274B1A62012203F581
S21401EF188053C3F800211DF098FC0E2107460320F4
S21401EF2802F040FE40F20122224B3846DA621DF01A
S21401EF3887FC214606F1F80002F0E4FEEF0503D54A
S21401EF48E00529D502F0FEFDA90503D5A20526D5BB
S21401EF5802F004FE15F0600F09D0D6F8E41030462A
S21401EF6818F0D6FE8022144B9867144B1A612B05AD
S21401EF7810D504F05FF8124A14F4006FD2F8F03E88
S21401EF8814BF43F0006323F00063C2F8F03E042286
S21401EF98074B1A640020F8BD02F0CEFDD4E702F054
S21401EFA8D7FDD7E7006000B8005001B8006001B887
S21401EFB8002002B8004000B8003F00B0000002B8C8
S21401EFC8003000B0014B1868704700BF7454002029
S21401EFD837B51DF03AFC002401230022CDE90034A0
S21401EFE8002305461946104603F09CFD022002F050
S21401EFF803F9064B21461C60054B02205B689847BF
S21401F00828461DF01DFC204603B030BD7C54002068
S21401F018FC6800202DE9FF4102290D461646984650
S21401F028039004D1FFF7D4FF04B0BDE8F0811DF0CA
S21401F0380CFC1E4F04463B683BB1B34205D01DF09D
S21401F048FFFB002321203B60EEE7194B0022C3F8A3
S21401F05800803E60002301264FF00008104619463E
S21401F068CDE9006603F05EFD124B022083F80080AE
S21401F07802F0C2F843462A46022003A902F0DAF84B
S21401F0880D4B039A1A6008B92046D8E70B4D2B6832
S21401F0989847212804D020461DF0D2FB0020C3E75C
S21401F0A831466B6802209847F5E700BF7C5400207C
S21401F0B8785400203A62002074540020FC6800202E
S21401F0C8044B5B6E5B054EBF0120034B187800F0BE
S21401F0D80100704700C001B83A6200200A78022A87
S21401F0E811D0101F4242424152004B781201022BA6
S21401F0F80BD0191F4B424B415B000549054842EAB4
S21401F1088312FFF727BD0122EFE70123F5E700BFCA
S21401F118F0FFFF00E50002000B78022B10D0181F45
S21401F128434243415B004A78022A0BD0111F4A42E8
S21401F1384A4152000F21044843EA8202FFF70ABDFA
S21401F1480123F0E70122F5E7110102002DE9F84352
S21401F1580E780446042E0D4690F824810BD100271C
S21401F1685FFA87F9484601F0BBFC08B14E4602E053
S21401F1780137042FF4D1304601F0B2FC002849D0FB
S21401F18894F82431B34209D1AA88D4F8A4309A4213
S21401F19804D16A88B4F826319A4238D084F82461B2
S21401F1A8AB883046A4F828316B88A4F82631AB889A
S21401F1B804F59275C4F8A430FF2384F8293019F0B1
S21401F1C849F884F82800284601F04AFC18BB284666
S21401F1D801F07CFCF8B9D4F8E03053B194F8241166
S21401F1E8414506D02046B3F91220EEF737F984F8E0
S21401F1F82D01204601F0B8FC0949A4F8280101238D
S21401F208084AD1F8FC1004F1F80003F083FA00204C
S21401F218BDE8F88321200C2384F82431F8E700BFE1
S21401F228004F00B0A43F00B070B5054690F8240121
S21401F2380C460C281FD0FF2901D1212070BD1AB118
S21401F2484FF0FF320D4B1A6019F004F8064695F890
S21401F258240101F07BFC844228BF0446E4B2B44290
S21401F26838BF3446E0B285F8290001F079FDFF2859
S21401F278E3D00020E2E70220E0E700BF0C690020A7
S21401F28810B590F8243104460C2B44D0D0F8E03061
S21401F29880F82810DBB3D0F8F020D2B990F82D31D9
S21401F2A88B421CD300222046FFF7BEFF48BB1B4BF0
S21401F2B81B7813F0FD0F23D1204601F055FC1849A1
S21401F2C80123184AD1F8FC1004F1F80003F022FAD9
S21401F2D816E0B0F94020B3F912309A42E2DD002276
S21401F2E8204694F82D11FFF79FFF50B9C4F8E000A7
S21401F2F8204619F059F94FF6FF739842014601D195
S21401F308002010BD2046BDE8104004F077BFFF235B
S21401F31880F82930F4E70220F3E700BFA46B002049
S21401F328004F00B0A43F00B0F0B51D46144B04468C
S21401F3381B780F46164685B05BB1D0F8E030E3B1CE
S21401F34802AAB3F912300092002214F019FA05B095
S21401F358F0BD02A918F065FC9DF808103A4620464B
S21401F368EEF77CF8014626B92A462046FFF75CFFE9
S21401F378EDE72046FFF784FFE9E71846E7E700BF11
S21401F388776D0400D0F89830012B01D10020704722
S21401F39870B5054650498EB018F0AFFFD5F8E06055
S21401F3A80146AC8DC5F8E40026B1336813B15B6835
S21401F3B8002B6BD11DF049FA1DF042FA0123D5F84E
S21401F3C8E4108DF80E30B389D6E90120E31A9BB212
S21401F3D800FB03224148ADF80C30036802929942BB
S21401F3E807D0284618F094FC80223D493D4B886793
S21401F3F81A613D4C3B4E00F04DFE0128FBD1236CB3
S21401F408D907F8D4336CDA01F5D4D5F8E4102846D0
S21401F4180D919DF80E20029908AB02F037FE0028E0
S21401F42831D100F037FE0128FBD12E4A2E49136C44
S21401F438DB01FCD40B6CDE07F9D408A901A803F09C
S21401F44847F800BBAA8D294B5A6495F8243060F317
S21401F458410385F8243018F0A4FED5F8E0300246BA
S21401F4685B691968431EDBB2FD2B049114D9CC1CC9
S21401F47812D91F4B01311B6815D0D81C10D8284645
S21401F48804A904930AE002200EB070BD1A68032A84
S21401F49890D99B6A5B0E94E7284604A918F06BFE80
S21401F4A800200EB070BDD91C04D8284604A90493C0
S21401F4B818F061FED5F84C319B0506D495F8243032
S21401F4C843F0020385F82430EAE728464FF48031F2
S21401F4D819F09AF8E4E700BFFC4F00B06454002026
S21401F4E8003F00B0000002B800C002B8008001B8B2
S21401F4F81869002010B50C4619B118F0F8FD00B1CE
S21401F5080434204602F0FAF8024B4042C3F8E00EF3
S21401F518002010BD003000B0438E70B593420C46F3
S21401F52815461CD3436C8B4208BF00241DF08DF989
S21401F5384FF49C530B490646CA68C2F30362D3408C
S21401F548DA0702D50B6C9B0304D401222946204610
S21401F55801F05CF830461DF073F9002070BD2120DB
S21401F568FCE700BF000002B82DE9F84F074615462C
S21401F5780B4611B92120BDE8F88F002AFAD00329D5
S21401F58805D8002201F0ACF903460028F2D01C8801
S21401F5989A78B4F5804F02F0070180F0CE80A1F189
S21401F5A8070C187993F805B0DE88DCF1000343EB05
S21401F5B80C0305292B7394BF0023C2F30013C2F36F
S21401F5C8801C6B73930985F810C003F00203C2F31D
S21401F5D8C00C43EA0C03C2F34012E8746B74AA74B5
S21401F5E8D7F89030AE82D80600F193800639012903
S21401F5F800F28F80B7F81290D7F81C8009F1FF390E
S21401F6084F4B083C04EA09045B6D18F804300021E6
S21401F618802B0CBF6FF07F03323B04F1010418BF47
S21401F6285BB204EA0904AB73631D03EA09035A1CB7
S21401F638A96002EA090218F8022018F8036097F888
S21401F64825A046EA022636B2BAF1000F5FD1F104C8
S21401F65856D5D7F8E43013B11B68022B05D841F20A
S21401F6684D724C21002004F0F7FDD7F8E420C6F3CC
S21401F6780B0392F82420DB000AB1B3FBF2F39B4597
S21401F68808D83BB1CBEB0B2BBBFBF3FB6FEA0B0BA1
S21401F6985FFA8BFAD7F8EC3023B1504695F90E107D
S21401F6A898478246013485F80FA004EA090418F839
S21401F6B80410013404EA090418F80430013404EA91
S21401F6C8090441EA032118F80430013404EA09045C
S21401F6D841EA034118F8043041EA036116F480430D
S21401F6E805D0184BDB6EB3FA83F35B095B0038462B
S21401F6F86A7C03F0CBF806232860AB7100203AE752
S21401F70818F804A04FEA4A0A5FFA8AFAC2E78A4654
S21401F718C8E700230020EB730B4BDA69C2F3072313
S21401F728120448BF63F0FF035AB212F1800F1CBFE0
S21401F738323B5AB2AA730346DEE702201BE700BF34
S21401F748004000B8003F00B000C000B806238B7127
S21401F75890F8253043B1054BD3F8C4200B6802F066
S21401F7681F0203EBC2030B6000207047003E00B087
S21401F77811F5004F1FBF01F30E01044BC1F30E0133
S21401F788002014BF99642120704700BF008001B88B
S21401F798F8B504460E4619B990F824305A0647D4E7
S21401F7A84FF6FF73218ED4F8E470994204D0354B96
S21401F7B81B680BB120469847334D2B68BB4255D082
S21401F7C8324B1B683BB11FB13A68002A50D0BF685C
S21401F7D83946204698470727204601F0C5F9002EE6
S21401F7E83AD004F0C7FA0620294B94F9262093F953
S21401F7F800302849C3F127039B1A0A6ADB0222F460
S21401F808FF2203F4FF2313430B62D4F8E420224BB0
S21401F8182A60986701F01CFB002501211F4A204B2E
S21401F8281170204683F8845018F096FC2846F8BDD7
S21401F8384FF6FF71144DD0F8E4702A6866F3861304
S21401F8489742018680F8243017D0104B1B68002B8E
S21401F858B9D101F089F9072712493B46124AD1F86E
S21401F868FC1004F1F80002F055FFBAE70127B3E7E8
S21401F8781746204639469847ADE701F075F901273E
S21401F888EAE700BF70540020645400206C5400203E
S21401F8983862002000C000B8006000B83962002055
S21401F8A8003F00B0004F00B0A43F00B0054A126800
S21401F8B81AB190F81E1119B91047084602F092B904
S21401F8C8014870476054002000FEFFFF334B2DE9C6
S21401F8D8F7431C6801F4007900F00103174653EA60
S21401F8E8090206460D4632D04FF0000823B300231E
S21401F8F8002201200021CDE9008803F013F94146D2
S21401F9082046FFF7D3FF01224146E085104618F04E
S21401F918FDFDD4F8901004F1F80002F0F3F920493F
S21401F9280868FFF709F94FF0FF330B6094F82430A5
S21401F93843F0040384F82430B9F1000F07D00121FD
S21401F948204618F061FE25F4007506430D432B4644
S21401F95832462046FFF752F9FB070FD51149124ADE
S21401F96808680021136811600121104A117003B15B
S21401F97898470F4B002102205B68984717F00E0F37
S21401F98808D04FF409723B21002003B0BDE8F043CC
S21401F99804F062BC03B0BDE8F08300BF1855002030
S21401F9A804690020785400207C5400203A62002024
S21401F9B8FC68002008B5582200210648FEF754F9CD
S21401F9C81022FF210448FEF74FF904F0D3F900206E
S21401F9D808BD00BFF43E00B0383F00B073B57421CF
S21401F9E80C236D22A0F81411822180F824314FF6D9
S21401F9F8FF734FF0FF35C0E941120026C0F8002119
S21401FA0864220446838580F82A301E4BC0E94322C7
S21401FA18C36300F1480343641B4B80F82660C0E9C2
S21401FA280C35C0F8A450058503F060FA2046FFF7A8
S21401FA38C1FF94F926102046FFF7ACF96023134A54
S21401FA4840F6FF71D3644FF03A4211631167104ACA
S21401FA582946D36440220F4B20461A64D4F89020D6
S21401FA68FFF71AFA0E230022CDE9003340F20223EB
S21401FA781046194603F056F801F046F8304602B02B
S21401FA8870BD00BF0700FFFFFFFF4000004000B841
S21401FA98005000B8002002B810B50C46FFF78AFFE0
S21401FAA8CCB1A378082B18D8E278082A15D843EAE7
S21401FAB8021313F0FF030CBF19466168084AC2F81F
S21401FAC8F410217882F84811617882F84B3182F86F
S21401FAD8491104F04FF9002010BD2120FCE700BFB2
S21401FAE8003E00B0012A10B512D8032B10D803EB3C
S21401FAF882020123074C934094F84A01DBB221B1F4
S21401FB080343002084F84A3110BD20EA0303F8E7CE
S21401FB182120F9E7003E00B0044BD3F8F03E13F07D
S21401FB28806F14BF23200020704700BF003000B04C
S21401FB380246F8B5B0F8284100F1F805FFF7ECFFE2
S21401FB480B688E68013304BFD2F800310B604B682E
S21401FB58013304BFD2F80C314B60771C3BD1D2F885
S21401FB680831CF688B607E1C3CD1D2F804610F69DE
S21401FB78CE60013704BFD2F8F8700F614F690137BC
S21401FB8804BFD2F8FC704F618F69013704BFD2F801
S21401FB9810718F618F6967BBC0F1640408688C6156
S21401FBA810B16D2838BF6D20C2F808314B68C2E91C
S21401FBB84006C2E943340B692846C2F8F8304B6957
S21401FBC80F49C2F8FC30D1F8FC1007230D4A02F0A1
S21401FBD8A1FD0020F8BD04F16D031B1AB34238BF1E
S21401FBE83346BEE704F17406361ABE4238BF3E46AF
S21401FBF8BDE76D34241ABC4238BF3C46CEE700BF89
S21401FC08004F00B0A43F00B070B51CF01EFE0546BC
S21401FC180B4E00F03FFA012805D028461CF010FECE
S21401FC280224204670BDF36813F0706FF1D1F468B2
S21401FC3814F08054EDD128461CF002FEF1E700BF0F
S21401FC48000002B838B51CF000FE4FF6FF710A4AEC
S21401FC5813888B4203D11CF0F3FD0E2038BD074CE8
S21401FC68074D1B046566A4F58054636611801CF075
S21401FC78E7FD0020F2E700BFA26B0020006001B894
S21401FC880000FFFF2DE9F74304460F4615461E46BA
S21401FC98FFF75CF838B3A38A2BB3204618F003F8AD
S21401FCA878B9744BD3F8F02E1EB10E2003B0BDE818
S21401FCB8F08302F03003102BF7D002F0C002402A7E
S21401FCC8F3D0DFF8E08102F05BFCD8F81430DE07E9
S21401FCD8EBD51CF0BAFD0646032001F08BFB20B1DC
S21401FCE830461CF0ADFD0220E0E7D8F8142012F0EB
S21401FCF80608F5D130461CF0A3FD5E4B4FF40061B3
S21401FD082046D3F8F09ED3F8D06E03F0EDFF40B14D
S21401FD184FF400720121584B08461A64424618F0FF
S21401FD28F5FB3946204604F069FA524BC3F8F09EB3
S21401FD38C3F8D06E0028B9D194F82430980601D4B7
S21401FD48002D57D0C5F3400003F03AF9022315F405
S21401FD58807F1FBF494A002113644FF03A420BBF08
S21401FD68454A91611364536303F064F94FF4806361
S21401FD7815F0040F14BF424A424A15F0400F536269
S21401FD884FF004023C4B28461A644FF0400314BF58
S21401FD983D4A3E4AC2F88830FEF7FEFE204618F075
S21401FDA8ACF838B14FF4807315F0010F14BF334A1D
S21401FDB8314A1364A90646D54FF6FF72E38F93427C
S21401FDC80FD0334A3349526E100CC2F30112013276
S21401FDD8B3FBF2F308802A4A2A492F481B044866CF
S21401FDE85366003D18BF012594F8243065F3451382
S21401FDF884F82430204618F07AF9F0B1204618F035
S21401FE087CF8D0B14FF40031204603F06DFF431C57
S21401FE1803229BB2214801A918F009FA9DF804208B
S21401FE2802F00703052B9DF8053015D112070DD4EE
S21401FE3843F480731A4AC2F8D830002003B0BDE8EC
S21401FE48F04318F001BAFFF7FDFECAE713F0040FF6
S21401FE5809D19DF80630EBE703F03002202A05D1D8
S21401FE6813F0010FF4E74FF48073E3E79DF80630CB
S21401FE78E0E700BF003000B0002002B8001002B86A
S21401FE88005001B8006001B800D000B800E000B822
S21401FE98004001B8A26B00200000FFFF0C0000BA6A
S21401FEA8003E00B000C001B82DE9F3410646884679
S21401FEB815461F461CF0C9FC0446032001F09AFAB1
S21401FEC838B120461CF0BCFC0E24204602B0BDE822
S21401FED8F081042001F08EFA0028F2D120461CF0A9
S21401FEE8AFFC01232A4641463046FFF7CBFE0446BF
S21401FEF80028EAD1DFF8C8805FB388F800003946E1
S21401FF083046FEF76FFD00284CD198F80030012BDB
S21401FF181CD02022244B1A64244B9B6FB3F5817F97
S21401FF281FD2012018F0A9F91CF08FFC204B0646B9
S21401FF381B680193CBB901F0DDFA15F0800526D1CF
S21401FF4801F01CFB284603F00FF825E003F022F821
S21401FF58BBE798F80030012BF8D0002BD9D1212423
S21401FF68B3E78022134B1A61DBE7042001F044F95A
S21401FF7800230122042001A901F05CF90028DAD146
S21401FF8803F070F8212430461CF05AFC9DE7002245
S21401FF98094B9A6701F0F2FA084B01215B680020C9
S21401FFA89847F0E7044690E7001002B8003F00B013
S21401FFB868540020000002B800C001B8FC680020A0
S21401FFC83762002008B50B4BD3F84C114B1C10D0E8
S21401FFD811F080410DD1084B1B6813B10320FEF7C1
S21401FFE845FE4FF08062054BDA6401225A6102220F
S21401FFF89A6208BD0080E00F18550020001002B86C
S2140200084FF40022034B186C03F500531A64C0F32E
S214020018C0407047000002B8024B586900F0010061
S214020028704700BF00C001B8084B5A69D10707D508
S21402003808B901F0BDB85B69DA0706D401F0AAB8B8
S2140200485B69DB0701D40028F8D1704700C001B805
S2140200584FF0806310B1024A53617047014AFBE7CA
S214020068001002B8002002B8202350B1064AC2F88F
S214020078F433064B196C11F0010104D1032002F087
S21402008893BA034AF3E77047001002B800C002B8F2
S214020098002002B80F4BDB68C3F30363013B0B2B4C
S2140200A80FD8DFE803F006060C06060606080A0856
S2140200B8080802207047042070470520704703206E
S2140200C87047054B5B6913F0060F0CBF012004202E
S2140200D8704700BF000002B800C001B8094AD368DA
S2140200E8C3F303630B2B08D06FF49050184100F04B
S2140200F8010080F0010040007047106C10F4803058
S214020108EDD17047000002B80C4AD368C3F3036304
S214020118062B07D8042BD8B20BD8C31E5842584110
S21402012840007047072B06D1D2F844010028ECD1CC
S2140201387047022070470020704700BF000002B8D0
S214020148094BDB68C3F303639A1E012A8CBF00229D
S2140201580122012B02701EBF4FF4026222FA03F339
S21402016803F001030B707047000002B8094AD3680F
S214020178C3F30363032B01D0072B08D1536CDB06AA
S21402018805D4906C80F00800C0F3C00070470020C9
S214020198704700BF000002B8024B0022196817F029
S2140201A889BF00BF1096040010B5FF224FF6FF71F4
S2140201B8044617F09FFF68B9FF224FF6FF712046E4
S2140201C817F0A9FF30B92046BDE81040FF220249C1
S2140201D817F0B3BF10BD00BFD895040010B55B0773
S2140201E843EA02439DF8082043EAC163520502F037
S2140201F8BC621A43064942F4C872044603F060FD1C
S214020208002220461146FFF787F9002010BD00BFDE
S2140202189007E12D37B50C460546094A09490A48AA
S21402022801F038FB94F828302846009394F82B30CF
S21402023894F8292094F82A10FFF7D0FF03B030BDAF
S214020248749604007C9604004496040008B5FFF7EA
S2140202588DFF88B1094BDA6912030DD5186C10F4B4
S214020268003009D19B6C13F0100F4FF010030CBF2F
S214020278034A044A936408BD0220FCE7000002B859
S214020288001002B8002002B8034610B500B3124A9E
S214020298D16909031ED5546CC4F38114032C15D0F6
S2140202A8022C17D122460D49B1F8D40001F100619B
S2140202B8801A01F5357101441846FDF765FE064AAF
S2140202C80472926C120A4272002010BD0822EAE7F3
S2140202D82120FAE70220F8E7000002B8003E00B044
S2140202E80A68064B12F0802F1CBF42F20101C3F8BF
S2140202F82812C3F88822C3F88C227047004001B837
S214020308F0B585B06C460E460B4B074615460FCB26
S21402031884E80F00094BD3F84822009226B16B1ED8
S214020328DBB2FD2B88BF32602A462146384617F0D4
S21402033822FF05B0F0BD00BFE09504000080E00F84
S214020348F0B585B06E460D4B07460D460FCB86E8D0
S2140203580F0017F026FF314604460246384618F0C4
S2140203686CF84DB140B9FF2C1BBF04AB03EB8404F9
S214020378009B54F8103C2B6005B0F0BDE0950400D5
S21402038830B50823054685B080B9094AC2F8FC3359
S21402039851B96C46074B0FCB84E80F00064B2A462A
S2140203A821461868FFF7ACFF05B030BD034AEDE7F3
S2140203B8001002B8F095040018550020002002B874
S2140203C84FF03A43D3F81421D2031ED54FF48032A5
S2140203D80E49C1F81421A1F58051C1F818215A6DA9
S2140203E8D1B2C2F30722C3F8A410C3F8A420042289
S2140203F8C3F8A4200022C3F8A420C3F8A420C3F894
S214020408A420C3F8A420C3F8A4207047002000BA8A
S214020418F0220B4B01219A64A022A3F580539A641A
S2140204284FF03A43426CC3F8F410FC21C3F8CC10E0
S214020438C3F8D0204FF40052C3F8F020704700BF2C
S214020448006000B8F8B50D464FF03A44174606461F
S2140204581CF0FBF901230421074A6363E76026615F
S2140204686561C2F81411054AC2F884311CF0E8F92D
S2140204780DB102236363F8BD002000BA00E100E074
S2140204882DE9F04105460124006800F00700063011
S21402049804FA00F3A868EC685E1EA04262D000EA7E
S2140204A8060E6C6810441E430640A3EB0E000EEBC5
S2140204B8040C8242644618D9D31A0EEB030298B18A
S2140204C8431E052B04D94B1CACEB0303022B59D84D
S2140204D80B460844ACEB010E03EB0E0113F8014B76
S2140204E883420C70F8D101466C688AB1531E052BFC
S2140204F801F1010302D9E01A022812D80A44611E41
S21402050800E0013313F8010C934201F8010FF8D109
S2140205181CF09BF90223AE60AB62BDE8F0411CF00A
S2140205288FB90B46204622F0030E8E4453F804CBAE
S214020538734540F804CBF9D122F00303D01A920788
S21402054801EB030C04EB0307E2D0CA5C0128E25471
S214020558DED09CF8013002287B70D9D09CF8023095
S214020568BB70D5E7042A35D90878043AA8614878D2
S2140205780431A86111F8020CA86111F8010CA861EF
S214020588A8688CE70B4620F003070F44ACEB010E75
S2140205981C684EF803400433BB42F9D120F003032B
S2140205A810F0030F01EB030EA0EB03040CEB03079A
S2140205B828D011F80380012C0CF8038022D09EF86C
S2140205C80130022C7B7018BF9EF80230084418BF10
S2140205D8BB7088E7013A032A12D8DFE802F00F1543
S2140205E807020B4613F8012B1946AA610A4612F8A7
S2140205F8013BAB61114611F8013BAB610B78AB616D
S214020608BDE8F08108446EE70A46F3E738B50B46BC
S214020618154601464FF03A4468B101221048C4F81C
S214020628F4201A46FFF72CFF25B14FF03A4304226E
S214020638C3F8F42038BD73B1D4F8D8209A4284BFE0
S2140206480122C4F8F4204FF03A42C2F8D43002230A
S214020658C2F8F430E8E70123C4F8F430E4E700BF50
S214020668CC0000BA38B504461CF0EFF84FF03A4210
S2140206780121238F054651674BB3B3FA83F3C3F1BF
S2140206881903DBB2A069C2F8B410C2F88C3007238B
S214020698C2F89000C2F8B0304FF4A02302F5005218
S2140206A8C2F81431A2F58052C2F8183100220C4B57
S2140206B81A600C4B1B6C5B0209D54FF480020A4B7E
S2140206C804F1F8001A64D4F8901001F01BFB00231A
S2140206D8638707232846A387BDE838401CF0B0B8CE
S2140206E884540020000002B8002002B82DE9F8431E
S2140206F805460C46B1B1D0F81880078F1CF0A5F84D
S214020708B5F83AC0791E01EA0C0323F00702032C57
S2140207180646DFF8F8E042445ED1DEF8004024B927
S2140207281CF08EF80E20BDE8F88324F00104DEF8EB
S214020738000020F00100A04253D10023CEF800307A
S214020748238894426FEA43436FEA534323803ED199
S214020758AB8F08EB07091846083880B202F108047E
S2140207684C4528BF4446082804D9B4F800E0BEF52C
S214020778804F40D263440F431B1A3B409BB26B87A1
S214020788A887947811884FF03A42C1F30C01916514
S214020798C2F89830C2F8B0004FF48022174B04F023
S2140207A80704C3F814210122154BC3F88421FFF766
S2140207B807FE042C0BD14FF48002124B05F1F80009
S2140207C81B6C114B1A64D5F8901001F09BFA304650
S2140207D81CF036F80020A6E7601E012898BF1446CB
S2140207E8A5E7A88F4344E31A48BFDB19083898429E
S2140207F8A6DC304694E72246AEE700BF002000BAE1
S21402080800E100E0000002B8002002B8845400208C
S214020818154B10B519688A8F4B8F088F1344013809
S214020828073B8C69034023F007031C4402F10803C4
S2140208384FF03A429BB28B87C2F8B0304FF4802210
S2140208480A4BC3F814210122094BC3F88421A07865
S21402085800F00700042803D1064AD3681B03FCD419
S214020868054B1C6010BD00BF18550020002000BABA
S21402087800E100E0000002B88454002010B5064CDF
S214020888216839B1CB0703D4044B1868FFF72EFF4B
S2140208980023236010BD00BF845400201855002092
S2140208A84FF480320C4B0D49C3F818214FF03A43E7
S2140208B8C1F81421D3F8AC10D3F88C20012302F027
S2140208C8070206329340C1F30C01083B994201D84D
S2140208D8FFF776BD704700BF002000BA001000BAC6
S2140208E82DE9F04780460C4616468769058F1BF0A9
S2140208F8ACFFB8F83A2005F1FF3C02EA0C0323F0F5
S2140209080701032C82463944B8F83C0019D14A4CF0
S21402091824689CB90244073A02EA0C0222F007024B
S214020928BC183B44E31A48BF5B19834210DB5046A7
S2140209381BF086FF00242046BDE8F08724F0010459
S214020948EFE7012C02D0022CEBD108380C46E8E778
S214020958002E3FD08C4241D14FF03A42D2F85890FE
S2140209684FF03A41D1F8AC20B8F81270C2F30C0234
S214020978934247DA2588B5F5804FD8D2A378C5F3CF
S2140209880C0503F007037A1EA5EB09053A43052B67
S214020998337005EA02052DD82DB2E84340F24142EB
S2140209A80421C00F03F058FC7580E3783374D8F836
S2140209B81C207B1E03EA0903D118B160A9B213FAF8
S2140209C885F5AF422FBF0023FF1AB780F26024BF17
S2140209D8B180F36050461BF033FFACE7A4F108027F
S2140209E8974284BFED0802EBC502B2F80090C9F33D
S2140209F80C09B5E7114B5B6D003B18BF0123A5EB4D
S214020A08C305C9E74B6D7A1EA3EB09033A431A409E
S214020A180B4915B2002DCB680BDCC3F30363D81E53
S214020A2843424341DB0033708B6C72801B0A33747B
S214020A38BDE70823F7E700BF84540020004000B84B
S214020A48000002B8054BA822D3F84C013121431CFA
S214020A580CBF0120C0F3807003F0FEBB0080E00FDD
S214020A6838B5134D0446297819B920221148FDF7DE
S214020A78FBF86188104A23785180002113700F4AC8
S214020A88022BC2F8CC104FF0FF010D4A0D4B117025
S214020A984FF007010C4A4FF00000C2F8FC130CBFD7
S214020AA804220122C3F8FC2301232B7038BD00BFA1
S214020AB83B620020E03F00B0A46B0020004001B873
S214020AC81D6C0020001002B8002002B8034B1A68FA
S214020AD802609B8883800020704700BFA46B0020BA
S214020AE810B5044600F03AFF064BD3F8F83724B997
S214020AF883F40033C3F3404010BDA31E5842584146
S214020B08FAE700BF000002B84FF63F720A4BD3F866
S214020B18FC37934206D0094AC3F301131370E02246
S214020B28074B1A7041F66A02064B1B68B3FBF2F3D0
S214020B38054A1360704700BF000002B81E6C00200A
S214020B481F6C0020A45400208854002020B10228DC
S214020B5804D1034B18787047024BFBE70020704716
S214020B681E6C00201F6C00202DE9F74FD0F8A42039
S214020B784C21022A38BF0222064690F824B16B4856
S214020B88013A036AD0F8CC506948C3F38213D940B5
S214020B980368DFF8C0A19342DFF8BC91654BDFF823
S214020BA8BC8101F0010116D11C788C4213D19AF847
S214020BB800405C450FD1D6F8A84064B1AC420AD1D1
S214020BC896F8295099F80040A54204D1B8F80400CE
S214020BD803B0BDE8F08F98F800400260204619700E
S214020BE8FFF7B4FF002900F0888004234FF07F4007
S214020BF800255149C1F8B830504BC3F8B80096F8EA
S214020C0829301B06C1F8B8304FF080514A4B2C04E5
S214020C18C3F8B41040F27121494B1B68B3FBF1F3D9
S214020C2819215343182BB3FBF1F173D8002C7BD050
S214020C38B4FA84F2C2F12002C2F10F03012B38BFC4
S214020C480123D440A14201D2013B64086A1C03F086
S214020C581F0152008A403B4F121B9208C7F8B02069
S214020C681A0242EA03121343019305EB052305EB26
S214020C780325354B40F6970218682B21003818BF13
S214020C88012003F0E9FAFA222F4B02FB04F01B6854
S214020C9840F6FF72B0FBF3F00A2358432B4B00F5DD
S214020CA87A74C3F8C420019AA3F58053C3F8C42003
S214020CB8A3F58053C3F8CC50D3F8CC3000F58C504B
S214020CC8C7F8FC30C6F8A850214D14302C6001F045
S214020CD8ABFC4FF47A72C7F8A400C7F8F8002B6882
S214020CE8B4FBF2F0B3FBF2F3A8F8043096F8293016
S214020CF88AF800B089F800306AE7002C14BF10257D
S214020D08202596F82930834294BFED182D1805F051
S214020D18FF0579E7B1FA81F234B1B4FA84F3D21A4C
S214020D28002A89DC0F238DE70F238FE7004001B8DE
S214020D380C6900203C620020001002B8002002B8AD
S214020D48A4540020003F00B088540020006001B878
S214020D588C5400201C6C00201B6C0020A46B002006
S214020D6810B5114B01461B78104C0C2B02D1FF20F4
S214020D78207010BD184617F06DFA02461846FFF79F
S214020D88E5FE884228BF0846C0B2904238BF1046E1
S214020D982378C0B28342ECD0054B20701868FFF760
S214020DA8E3FE2078E5E700BFA46B00201D6C002058
S214020DB81855002010B5044603F066F878B1154BAE
S214020DC81B786BB964B1144B1B784BB1134B1B7869
S214020DD8013B012B04D84FF40042114BDA6410BDD4
S214020DE8104BDB6C1B04FAD41BF02FFD044602F0F2
S214020DF821F94FF400420C4B2046BDE81040DA6455
S214020E0802220A4BC3F87C240422054B1A641BF000
S214020E1817BD00BF3D6200203E62002090540020AD
S214020E28002002B8000002B8001002B800D0035032
S214020E380122024B00201A70FFF7BCBF3D62002059
S214020E480022024B01201A70FFF7B4BF3D62002051
S214020E584FF48022014B9A64704700BF005000B8D6
S214020E68F7B50646544C00F079FD01213A20EBF717
S214020E780BFA524B2578524F1E7085BB2846FFF751
S214020E8899FF2378013B012B19D8E37B01A88DF83B
S214020E980430237C8DF80530E9F7FCF9C7F87C5452
S214020EA84FF6FF72474BC3F88420F822A3F5805307
S214020EB8C3F884200022424BC3F87C240DE04FF688
S214020EC8FF72404BC7F87C54C3F88420F822A3F577
S214020ED88053C3F88420C7F87C543B4B5BE0002061
S214020EE8FFF768FF2378013B012B08D8E37B01A8AC
S214020EF88DF80430237C8DF80530E9F7CBF900230A
S214020F08C7F87C34002ECBD062685AB32F4B1B68C6
S214020F1803EB5203B3FBF2F3013B1B0243F0F80365
S214020F2826782849022E2A4A1ED0032E4FF6FF7527
S214020F38234826D0012E38D143F00203C1F8845044
S214020F48C2F884300723C0F87C34E37B01A88DF806
S214020F580430237C8DF80530E9F770F90120FFF795
S214020F6829FF17E0F823DBE74FF6FF7043F001038B
S214020F78C1F88400C2F884300622114BC3F87C24D8
S214020F88E3E743F00503C1F88450C2F8843004232B
S214020F98C0F87C340F4B4FF080420020DA644FF4DE
S214020FA880220B4B9A6403B0F0BDC1F88450C2F895
S214020FB884300023ECE700BF905400203E620020F5
S214020FC800C00350006000B8002002B8A4540020F5
S214020FD8005000B8001002B8F0B52B4F06463D4642
S214020FE804460FCE0FC5336885B02B6000F0B6FCFA
S214020FF801213A20EBF748F90022244BC3F87C2457
S214021008A17A627A42EA0142C3F88824217CE27B0A
S21402101842EA0142C3F88424217B627B41EA024009
S214021028C3F880043B78032B2AD8DFE803F02202B1
S2140210380C178DF8041004218DF805200DEB01001D
S2140210480022E9F7C7F8E37B00228DF80830237CF4
S214021058042102A88DF80930E9F7BCF8637A012260
S2140210688DF80C30A37A042103A88DF80D30E9F721
S214021078B1F8074B187805B0BDE8F040FFF7F0BEA8
S214021088212005B0F0BD00BF9054002000C00350D8
S2140210983E620020034BDB6C002BBCBF024BC3F83E
S2140210A888007047000002B8004000B82DE9F047F3
S2140210B800F0AEFC4FF47A762D4BB0FBF6F61860CD
S2140210C84FF4FA73734307462A48190E1B02181878
S2140210D8294A4FF0000341F10001FCF759FA274B61
S2140210E8A0F5807205461A6320B948222B2103F020
S2140210F8B3F801254FF47A724FF0000A6A43534652
S21402110850083102FCF744FA1C4B1D4AB7F57A7FA1
S2140211189A601C4B4FEA056819601B4B89460446C1
S21402112818604FEA152505D29B222B21504603F05C
S21402113893F801264FF47A73A8FB030103FB051103
S2140211487308C01841F1000100233246FCF720FA62
S2140211580E4B023419600E4B49F10009A4081860B8
S21402116844EA8974054B013C9C63BDE8F08700BFDE
S214021178A454002020A1070040420F0000C001B876
S21402118802110100B4540020B0540020AC540020D0
S214021198A85400201022044BC3F884215A60012266
S2140211A8024BDA60704700BF00E100E000C001B8F9
S2140211B81022064BC3F88421C3F88420BFF34F8F4E
S2140211C8BFF36F8F0422024BDA60704700E100E03B
S2140211D800C001B810B50446A242A2EB0000A3EB79
S2140211E8010104D2034B01399B6B0133184401F009
S2140211F8030110BD00C001B838B501250A4B02012B
S2140212089D504FF480730446084A834053661BF089
S2140212181CFB074AA540137823EA05031370BDE8AA
S21402122838401BF00DBB00BF00E101B800E001B872
S214021238476200202DE9F84F164605468A461F469D
S2140212481BF003FB022E00F0918080461BF00AFB7F
S2140212585A4B5B4AD3F8209092F891405A6EE4B201
S214021268520744BFD3F82090013404F003041BF05D
S214021278F4FA4846214600F02FFA8446DAF80000C7
S214021288012E04BF01306044ACEB000C08BFCAF85C
S2140212980000BCF1804F7DD300F030FA8145A1EB07
S2140212A8040188BF454BDFF838C188BF01F1FF311A
S2140212B801F0030188BF9B6BA0EB090E0CF8051022
S2140212C8A1B1F90742BF41F61F723E4B5A67BA07E9
S2140212D842BF3C4B3C4A5A677B0742BF0022374B09
S2140212E89A673C0742BF0022344B9A6511244FF096
S2140212F8010A324B05F11002120103EB051BCBF86B
S2140213080C0132499C501A6A0AFA05F4586E0B7890
S214021318A2EB0902E4B2234372450B7025D34FF4BD
S2140213288073AB40034220D11CF80520002A40D126
S2140213380EB3274AF807536607D541F61F7140F2DF
S2140213480110204B596750675967B90706D51D4BD8
S2140213581D4A1F491F485A6748675A677A0742BF95
S21402136801221D4B1A613B071AD440461BF068FA45
S2140213780120BDE8F88F194A2D0142F805A042F867
S2140213889C3C1BF062FA11490B7823EA04030B70A3
S2140213981BF056FA40461BF053FA0020BDE8F88FB9
S2140213A82120FFF777FE4FF48032044B4046DA607E
S2140213B8DCE7074A40465366D8E700BF00C001B8D4
S2140213C8003E00B000E001B800001F1F4762002080
S2140213D800D001B800000101000002B800E101B81F
S2140213E83F620020024B1878003818BF0120704769
S2140213F847620020034B10300001185800F0010025
S214021408704700BF00C001B870B50646FEF704FE76
S214021418044608B1FFF7CCFE00230A4D3046AB61FE
S214021428EB612B6200F06AF9074BC9B283F8911098
S21402143828622CB1FFF7AEFE4FF08062034B1A64A7
S214021448002070BD00C001B8003E00B0002002B8FF
S2140214582DE9F0419DF818800D46B8F1000F08BF37
S2140214680022214EB5F5803FB168074621F4700187
S21402147841F4A001B1609DF820409DF81C104FEA87
S214021488042444EA016444EA031444EA084444EAA5
S21402149802044FF0180140F2E9222CBF0020012076
S2140214A8746502F0D9FE3564B8F1000F1AD00F4BF6
S2140214B8BC68D3F888306D2C38BF6D245B0606D519
S2140214C800F082FB18B10A4BB3FBF0F31C4420462B
S2140214D800F014F90130854238BF0022024B34BFAF
S2140214E85A645864BDE8F08100C001B800C000B86C
S2140214F800093D0038B51A4B5D6C35BB1024202018
S214021508FFF7C8FD174B9C6002F04EFB2022164BD5
S214021518C3F8842101F0D2FC48B12A4600200821EB
S214021528FEF7D4F9114B5C66A3F580531C67104A84
S214021538D36803F07063B3F1807FF9D9084B0D4A7C
S2140215485A6741F201429A6738BD01F0B7FC002893
S214021558F4D0094B054A5366A2F580521367EDE7A5
S21402156800C001B8001002B800E100E000E001B8CF
S214021578000002B8011B01181000002008B521203F
S214021588FFF788FD4FF48032014BDA6008BD00BFD2
S21402159800C001B8F8B5184D04466B6A1B0426D578
S2140215A800F086FB6B6AA0FB044613F0787F4FEACE
S2140215B89367C3F34450C3F3044505D140F25A4235
S2140215C82B2102F049FE0120AD01B5FBF0F010EB2D
S2140215D8871005D140F25F422B2102F03DFE012022
S2140215E80246002320463146FBF7D2FFF8BD00F03C
S2140215F8EBFAA0FB0401F9E700C000B80246012096
S21402160830B50B4CA0F12003C0F1200524FA05F5ED
S21402161804FA03F32B4304FA00F595428B4100D3F0
S21402162830BD0F2801D00130ECE7FF20F8E700BFF5
S21402163840420F0010B50C46FFF7ACFFC30943EA59
S2140216484163C01A61EBD111FFF7D8FFFF2814D007
S2140216580F220C4B40F01000C3F88820A3F58053E5
S214021668C3F88800A3F580535B6ADBB2802B06D0EA
S2140216782046BDE8104000F007BB212010BD02201E
S214021688FCE700BF00E000B838B51BF0EBF8084BE3
S214021698084A1D6A92F891405A6EE4B2520744BF4D
S2140216A81D6A01341BF0D9F8284604F0030138BD38
S2140216B800C001B8003E00B00346064A103302EBEB
S2140216C800111B01D1F80C01D158C1F3400116F0E4
S2140216D8DFBD00BF00C001B8064B1B68434303EBDF
S2140216E88171054B1B68A3FB003013F1004341EBE5
S2140216F800007047AC540020A85400200C4A20F082
S2140217084043014610B5002014684FF00042E4FB3F
S2140217180320084A890F126802FB0300064B9B6BDC
S214021728984204D901330131C01A01F0030110BDF1
S214021738B0540020B454002000C001B8044B01F095
S214021748F071103041F0030100011950704700BFD4
S21402175800C001B808B52220FFF79CFC4FF480228F
S214021768014BDA6008BD00BF00C001B870B5164666
S214021778054600B3F9B1F2B14268104B006803326D
S2140217881B68920800F130409847044688B9EA6810
S214021798A86803323146920800F1304016F091FDEF
S2140217A8044630B9D5E90402214600F13040FCF778
S2140217B85BFA204670BD2124FBE700BF14690020AF
S2140217C870B50C68651C15D0C4F302669E42C4F355
S2140217D8074530D1A4B294422DD804EB8506B2420E
S2140217E829D2141BA50824F003040E59340F04D07A
S2140217F8012C08D00022212402E06B1C51F8232079
S214021808C0E9002470BD0E4C34F8133042EA034394
S2140218181A686B1C51F8234001EB83014B6822407F
S2140218285E4036F0704404D11B0F032B04BF8B684E
S2140218381A430024E4E7013501EB8501C1E700BF3E
S2140218480896040007B501A8EBF71AFD9DF80530BF
S214021858022B02BF40220B4BC3F8FC23C8220A4BBA
S2140218685A650A4B0A4AD3F86032DBB2FF2B08BF26
S21402187803239B0043F47F53C2F8F83303B05DF8A2
S21402188804FB00BF001002B8008001B80080E00F19
S214021898000002B8836810B4074C03F1304324688A
S2140218A81B689C4203D15DF8044BFFF75FBF00201C
S2140218B85DF8044B704700BF28690020002201210A
S2140218C808B51E4B1A645A649A641D4A516102216D
S2140218D89162DA68C2F303620D2A01D0002AF8D1AF
S2140218E8112218499A631848184AFFF73FFF00F072
S2140218F8E9FF174A93685BB9164A93689BB94FF093
S21402190880620F4B5A61012203F580535A6108BD63
S2140219181149D268096803F13043032AECD943F81F
S214021928041B043AF9E70C49D268096803F1304304
S214021938032AE4D943F8041B043AF9E7000002B87C
S214021948001002B8749B04005C96040078960400A3
S214021958449604002C96040028690020012341F6C8
S214021968FF710D4AC2F8803291660C4A53600C4ADF
S21402197853600C4A5360A2F580425360A2F5404277
S214021988536002F5C032536002F580425360A2F5F6
S21402199800425360704700BF0090005000D000B865
S2140219A8001000BA005001B838B50324FFF7D6FF76
S2140219B8114A124B124DDA64FFF744FF114BC3F873
S2140219C8E0400123EB6400F0DBFD4FF460736B61CB
S2140219D84FF40073EB6416F0E4FB0021FEF7D0FC2C
S2140219E88022094B1C64A3F580535C64074BC3F83A
S2140219F884215A6038BD00BF0048F000000002B8D3
S214021A08001002B8005001B800A002B800E100E0D9
S214021A1808B519F059F8044B1B6FC3F3004301339A
S214021A28B0FBF3F008BD00BF0080005070B5044656
S214021A3898B1B1B13A4A52F8043B834213D1002313
S214021A48384A116CC907FCD4374800EB830016F0F5
S214021A5841FC364B106001221A6470BD01330C2B10
S214021A6802D1334D2CE0012352F8041BA142F5D1D2
S214021A78304A32F81330E3E7C2F3016335F813004D
S214021A88110C93B211F0FE0F43EA0043606820D0AF
S214021A980434CAB2022A216808D9D4E90160033A92
S214021AA8C3E9001698600C340C33F3E704D1626875
S214021AB8C3E90012083403E0012A01D1043419608C
S214021AC82268531CD8D10022164B1A6003F580539D
S214021AD8C1E7120F072AEDD8DFE802F00704090D5E
S214021AE81013181DC04303F500531860E2E71A687E
S214021AF842401A60DEE703F58053F6E716F0BDFBB0
S214021B08D8E7012203F580538240F2E7012203F563
S214021B1800538240EDE71A6830EA0202FBD1C9E7B1
S214021B28B854002000C002B8404000B000D002B846
S214021B38089604000A5B00200122014BDA6470470B
S214021B48001002B80122014BDA647047002002B87E
S214021B584022014BDA647047002002B84022014B4B
S214021B68DA647047001002B80B4B1B68D3F8E430EF
S214021B7823B11A68022A01D9186A7047074B9A6D68
S214021B8890B238B1064BC2F307421B68DB085343D0
S214021B98B3FBF0F0704700BF18550020004001B8AC
S214021BA8A4540020064BDB68C3F30363984206D1AD
S214021BB8044A936E23F0F00343EA011191667047D4
S214021BC8000002B8003F00B0054B1B68D3F8E430AB
S214021BD813B11A680A2A01D8FFF7C6BF186C7047ED
S214021BE8185500202DE9F743064616F03FFB002459
S214021BF88046DFF890901AF028FE0DF10701054698
S214021C080DF10600FEF79CFA9DF806308BB9721C99
S214021C1829D016F02BFBA0EB080428461AF010FE73
S214021C289DF8063013B99DF807303BB3A642E2D8B2
S214021C3824E0D9F80C3013F4603FE8D0D9F818003D
S214021C4816F09BFB731C074603D016F00FFBA0EB9F
S214021C58080428461AF0F4FD17F5007FE0D0384647
S214021C6803B0BDE8F08328461AF0EAFD9DF8063070
S214021C78002BC0D19DF80730002BBCD1004FEEE7F1
S214021C8800FEFFFF00C000B810F1800F04D04D28F8
S214021C98CEBF7F20323040B2FF22044BC0B25A6217
S214021CA8A3F5805358620020704700BF00E000B8D2
S214021CB80B4A10B5136E0B4C116E03F00703E35C68
S214021CC8C1F3CD0101FB0333126E0748C2F3454246
S214021CD802FB033300688001B0FBF3F010BD00BFBF
S214021CE8004001B800960400A4540020044BD3F820
S214021CF8AC3010B1C3F30332027003F00F00704722
S214021D08000002B8094B01F080011B6C03F4800343
S214021D180B4309D14FF40012054B1A62837F1BB19D
S214021D280122044BC3F80021704700BF000002B826
S214021D38006001B8005001B82DE9F04F404F8046C8
S214021D4885B038680C4615F0AEFF20B90024204648
S214021D5805B0BDE8F08F224600214046FBF784FF17
S214021D68384B5D6915F00105F0D102F019F90646FF
S214021D780028EBD03F68384616F016FC4FF6FF737D
S214021D88984234D04FF060512F4E304B304AD3F839
S214021D982090D6F88C3011624FF00061A2F580527E
S214021DA8116224220421C6F88C202A4A4FF4804B5A
S214021DB891604FF480520027DFF8A4A0CAF868B0F2
S214021DC8F262A7421ED30421234A9160A2F5F0329A
S214021DD8C2F88C304FF060521D4B1A6209EA0203B1
S214021DE81E4A13624FF480421D4B9A66AFE731468D
S214021DF8384616F07DFB0146384602F0FFF9002801
S214021E08C0D0A3E7B26E5104FCD5B268D205F9D5A4
S214021E18CAF868B0D6F890200135012D0392D0D9B9
S214021E28E21B042AA8BF042208EB070003A90193B1
S214021E380092FCF7A9F8009A019B3A4497B2C0E7C9
S214021E4818550020000002B8004000B8004001B84B
S214021E58006001B8001002B8002002B8005001B8AD
S214021E68006000B84FF604014FF60502044B012045
S214021E781B6C9BB28B4208BF1346024A1366704716
S214021E880080E00F00C001B82DE9F74F81460F46E3
S214021E984FF0FF35FFF7F8FB002601908A462C46DE
S214021EA83046DFF8D8B006F110031B015BF80330A2
S214021EB803F00308B8F1010F15D13046FFF7FCFB13
S214021EC802460B4601985146FFF784F9DBF8643060
S214021ED806F10802D340DB0739D5002F40D000258B
S214021EE82C463E6040460136082EDCD160B3234AB3
S214021EF80027D2F808C0916B0CF440330131A4FBDA
S214021F080141641941F10001B3F5003F30D1536B2A
S214021F180CF4405C013347F10006BCF5805F22D121
S214021F28156B15F5807505FB06F647F1000203FBEF
S214021F380266A5FB03323244594304FB0212A3FB92
S214021F4804341444C9E9003403B0BDE8F08FA8424B
S214021F5871EB0403C6D207B13E6005460C46C1E7DC
S214021F683D463C46BEE7320242EA13621B02E3E7FC
S214021F78136B13F5807347F10002DDE700C001B862
S214021F8808B516F00EFA0122054B93F88D30023387
S214021F985B00DBB202FA03F3024A536108BD00BFD4
S214021FA8003E00B0002000B82DE9F34105460F4672
S214021FB868461146FFF768FF0646B0B1AFB1DDE9DD
S214021FC800321B0A43EA0263A5FB0384094B120A82
S214021FD805FB02441A6812B9FFF71AFD02460023E7
S214021FE840462146FBF7D4FA3860304602B0BDE8D0
S214021FF8F08100BFA45400204FF00052014B1A6033
S214022008704700BF00E100E04FF00052034BC3F8F0
S2140220188020BFF34F8FBFF36F8F704700E100E059
S214022028F8B50B46002213F8044B944225D91D68CE
S214022038854224D106245A791D79124B88181E68BF
S21402204804FB0503104F33F8063C7B43B3420ED914
S21402205800238A5A7A43964202D804FB0300F8BD44
S2140220689D42FAD9013304FB03F2825AF2E740F2A0
S21402207844423D21002002F0EFF80020EFE7083343
S2140220880132D2E7E854002040420F0000202DE932
S214022098F84FA2FB018BC74EC74F18EB06069946A8
S2140220A86BF10003B74270EB030307D240F23E22FD
S2140220B80E2102F0D1F80220BDE8F88FD9F814A054
S2140220C80C461546BAF1000F04D0DAF80030032B96
S2140220D800F21B81B94BBA4A9F6BA3F58043D3F82B
S2140220E8EC30C7F314075E00B64B48BF47F4001738
S2140220F81B6ED2F8FCA058074EBF4FF440039B0550
S21402210803F0E0731F43B04BD3F8E430990748BF97
S21402211847F0807747EA456718F00AFD012D06461C
S214022128C9D10028C7D0A94B984200F0FD8003F514
S214022138122303F5F863984200F05A81A44B98429A
S21402214800F0A781002502462B4600204FF00071BA
S214022158FBF71EFA2B46013008FB03F3C7F31301FD
S21402216800FB0B33A1FB0662A8FB008001FB0522DD
S214022178034420339B09C9F80030F60C954B46EA0F
S2140221884236FA021C6058BF7642934B934D34444B
S2140221981E602C60BAF1000F00F00881FB014FF0B8
S2140221A800038F49C7F381528A5C194648BF640800
S2140221B8002EB8BF764292066008C2FB0601224687
S2140221C8FBF7E6F9DAF800100E2908D97D4B7B4AA8
S2140221D8926BDE69D3F80C31F60600F12881C0F35B
S2140221E8130017F40017C9F8040014BFC42040F2FD
S2140221F807107C4ADAF81860A2FB04C24FEA5212A9
S21402220800FB02F24FF4FA73B2FBF6F218BF00278D
S21402221802FB03F3A4FB00C0FA33A3FB063604FB57
S21402222807006345864138BF0132D2B242F4006CD9
S214022238C9F808C0002A00F0BB80DAF81C70A2FBB6
S214022248070624B1B4FA84F30E2B40F3D880E303CE
S214022258002E40F0D180B3FBF0F6700000FB02209F
S214022268A0FB07834FEA044EC6454FEA144474EBB4
S214022278030309D352001044A7FB0083C64574EB38
S214022288030306F10106F6D2C6F30E034CEA033C34
S2140222984CF000630629C9F8083049D9DAF8303014
S2140222A8002B45D00023C9F80C30C9F8103018F0B6
S2140222B83FFCDAF83010FFF7B3FE044618B183780D
S2140222C8002B40F0CC8018F0F9FBDAF83010FFF754
S2140222D8A7FE0446002869D08378002B66D040798A
S2140222E84FF4AE62003818BF01203D2101F0B4FF5A
S2140222F8207940F2715200384FF03D0118BF012094
S21402230801F0AAFF237962794BE0042BDAF82870E9
S2140223187FF402AFFB014CBF4FF4400307F0E073B3
S21402232827F0E0771F43F7E600232F481D4613E7FA
S21402233818F0FEFB2C68002C00F0AF80B4FA84F389
S214022348D3F1020358BFDC40284B9C4288BF64087E
S214022358002875D0B4FBF0F3642100FB134201FB9E
S21402236802F2904203F1FF3200F2A6805D0853089B
S214022378013D1B0243EA0515C9F80C5018F0A4FBE8
S214022388002800F09080B4FBF0F2642100FB1244AF
S21402239801FB04F4A04200F28D80531E52085B082B
S2140223A8013A1B0243EA0213C9F81030002083E6FA
S2140223B8212081E6006CCA88807C814A008001B8A8
S2140223C8004F00B0004001B8000002B800F0490211
S2140223D8005A6202F0540020EC540020E854002010
S2140223E814960400D34D62100A3BB2DF3FBE402566
S2140223F8002335481D46AFE61046002630E7C3F1EF
S2140224080F0E03F1110806FA08F820FA0EF040EA51
S2140224180800AEF1200826FA08F840EA080026FA6C
S2140224280EFE013004FA03F34EF1000610E702F43A
S214022438801203F400131A4308BFC0F58010CEE6D4
S214022448631EA51E5B086D08013B2D0245EA0315AF
S21402245840F2C2422B21002001F0FEFE8CE74079B2
S21402246840F25552003818BF01203D2101F0F4FE13
S214022478207940F25652003818BF01203D2101F05B
S214022488EBFE237962791B0243EA0213C9F80C3081
S21402249819E700230D481D465EE66FF01F05002863
S2140224A87FF46AAFD4E740F2E5422B2101F0D4FE6E
S2140224B8621E72E71446FBE79D1E6D085308013B31
S2140224C82D0245EA031557E7313641DCD694BFD6C6
S2140224D810B5044686B059B9214B4168D3F8FC308A
S2140224E8827A2048059300686B46FFF7CFFD694657
S2140224F81D4B0A685A631A4BD3F8FC3033B34B6841
S21402250843B11A4B1A4AC3F80C214A68A3F58053FA
S214022518C3F80C218B6843B1144B164AC3F8EC2057
S2140225288A68A3F58053C3F8EC20134AC868D2F821
S214022538743123F4EE630343C2F87431D2F86C3173
S214022548096923F4EE630B43C2F86C310020228932
S2140225580A4B9A6203F5A033186406B010BD00BF92
S214022568004F00B018550020008001B8006001B87E
S214022578FFFF0F00FFF8FF0F000002B8004000B888
S214022588064B9A6E920607D55B6E002B4FF4804375
S214022598B4BF034A034AD364002070470080005041
S2140225A8002002B8001002B8064B1A6C9207FCD438
S2140225B8022240EA01205860034B1A640122034BA8
S2140225C81A70704700C002B800D002B848620020ED
S2140225D840B10368012B05D90069034B002808BFE0
S2140225E818467047004870471C96040010B590B10C
S2140225F80468012C0FD902696AB11168094B102CBC
S214022608196051685960916888BFD268996094BF0A
S214022618D960DA6010BD102200210248FBF724FBBD
S214022628F8E700BFF8540020084BC1171A68A2FB47
S214022638000302FB013310F1807043F10003400EE1
S21402264840EAC310803820EAE07070470855002038
S2140226580722194B70B5DA63184B194A1D68194BCD
S214022668EC08E005C0184FEA153141F100010023D5
S214022678FAF78EFF144B154E18601548FFF7D4FF6D
S2140226884042C6F8DC0049F65800FFF7CDFFC6F808
S214022698A8001048FFF732F8024660B1E301500876
S2140226A818184FEA15714FF0000341F10001FAF7C6
S2140226B86FFFC6F8B40070BD000002B8A45400202C
S2140226C865CD1D00B2E60E0008550020003F00B09A
S2140226D87011010040420F0010B5044698B10B4B2A
S2140226E8D3F8FC00FFF782FF4FF47A7303FB04F07B
S2140226F8074BA0F57A60DA689B681044C01ABDE8F2
S2140227081040FFF791BF49F64040F8E7004F00B087
S214022718F85400202DE9F8430546084614461E4696
S214022728FFF764FF05B306F0020716F004061DD18C
S214022738D7B14FF47A706B685843002B40F08C8000
S214022748FFF772FF20636B69002B00F08C804A4A01
S214022758D0684FF47A7202FB0300A0F5FA50FFF72E
S21402276863FFE062002E58D1BDE8F8832869002886
S21402277869D04FF47A7358433F4BA0F57A609B684A
S214022788C01AFFF751FFA062A88B00285ED04FF44C
S2140227987A735843384BA0F57A609B68C01AFFF7DD
S2140227A843FFE061354BE968D3F80080002950D032
S2140227B84FF47A735943304BA1F57A619A685B688D
S2140227C8891AC91A2E4BC8171A68DFF8BC90A2FBDA
S2140227D8011302FB003311F1807143F10003490E25
S2140227E841EAC3118039274B2162D3F8C4306362A9
S2140227F8D9F8003053B1404615F079FC30B122467C
S214022808D9F800301C49D8F8D80098470021A8699A
S214022818FFF762FF6063002F8BD1A86830BB47F2D0
S2140228283050FFF701FF60614FF47A702B68584307
S2140228382BB1114B1B6803F51C5310331844FFF7D2
S214022848F3FEA06190E749F640409AE749F6404011
S214022858A5E749F64041B5E7074B1B6803F51C5345
S214022868103318446CE747F2305078E74FF47A731F
S2140228785843A0F5FA50D4E7F8540020185500201B
S21402288808550020003F00B0F454002038B505462D
S21402289808461C4615F00DFD0246D5F8E400FFF77B
S2140228A897FE4368A018002B044AA8BF4FF4FA7292
S2140228B81A44034B92FBF3F2104438BD0CFEFFFF9A
S2140228C818FCFFFF70B588B06D46124C0FCC0FC5CA
S2140228D894E80F0085E80F00D82200210E48FBF77F
S2140228E8C3F9AC2200210D48FBF7BEF920220021CD
S2140228F80B48FBF7B9F915F004FF0A4B1B783BB1F6
S2140229086D46044E0FCD0FC695E80F0084E80F00FB
S21402291808B070BDE03F00B07C3E00B0543F00B047
S214022928E04F00B03B62002008B519F08EFF0E4B50
S2140229381A78A2B90D4A126812F4843F0FD10C4ACB
S2140229481021D1641B7863B9084B1B68DB0508D4D1
S214022958074B2022DA64BDE8084019F071BF054A21
S214022968EEE7044BF5E700BF4E6200200014002095
S214022978002002B8001002B80A4B197801F0FF02CC
S21402298829B10021197008499202C1F80421597820
S21402299801F0FF0229B1002159709302024AC2F8D7
S2140229A80831704749620020005000B8064BD3F839
S2140229B8F00E064B5B6C1A0103D4054B9B6E1B0488
S2140229C801D500F580707047003000B0000002B8EC
S2140229D8004000B810B519F038FF0E21044603204F
S2140229E8FFF7E0F840F20122034B2046BDE810400C
S2140229F8DA6219F025BF00BF004000B838B519F0F2
S214022A0824FF4FF00043244C0546C4F88030BFF339
S214022A184F8FBFF36F8F0123C4F88430BFF34F8FF5
S214022A28BFF36F8F0223C4F88430BFF34F8FBFF310
S214022A386F8F0423C4F88430BFF34F8FBFF36F8FB2
S214022A480823C4F88430BFF34F8FBFF36F8FFFF7A6
S214022A58DBFA1023C4F88430BFF34F8FBFF36F8FAF
S214022A682023C4F88430BFF34F8FBFF36F8F402301
S214022A78C4F88430BFF34F8FBFF36F8F4FF4806371
S214022A88C4F88430BFF34F8FBFF36F8F2846BDE874
S214022A98384019F0D5BE00BF00E100E038B519F09D
S214022AA8D4FE05464FF000430A4C236001236360B8
S214022AB80423636008236360FFF79EFA10236360AB
S214022AC820236360402363602846BDE8384019F037
S214022AD8B7BE00BF00E100E0012370B5074C2370C3
S214022AE8074B1E68074B3240D3E90053194028406B
S214022AF8FCF7ECFE0023237070BD00BF4C6200207A
S214022B0810550020001400200022044B1A70044BB3
S214022B18197811B11A70FFF707BF70474D62002087
S214022B284E6200202DE9F047DDF820A003EA0108EE
S214022B38099B06460D4602EA000703EA0A09BAF1A5
S214022B48000F40F05281031F0B4300F01281052844
S214022B5871F1000380F0E88050EA010300F0788102
S214022B68431E0B4300F02881FFF748FFB94AD2E913
S214022B78004323EA050324EA06043C4343EA08071B
S214022B88B54BC2E900471E6826EA0A0646EA09065F
S214022B981E60FFF7C9FE14F02A4F14BF48F202035C
S214022BA84FF40043AD4AB007D26EAD4848BF43F46F
S214022BB8005383EA020122EA0302C266A94A0B40CC
S214022BC88166D366C4F380421203210348BF42F4E7
S214022BD88072E30648BF42F40052A34BA50648BFDC
S214022BE842F400726006D3F80C3248BF42F48062A0
S214022BF8210648BF42F400629C4882EA030123EA9F
S214022C080203C0F80C329A4B0A4017F4007FC0F849
S214022C180812C3F80C22974B07F4007200F00481DE
S214022C2801224FF4802583F88820E30448BF45F440
S214022C388035A00348BF45F48015A10748BF45F470
S214022C48001514F4001FDFF8688206D0D8F80000D2
S214022C5815F055FD08B945F40025E20248BF45F4CB
S214022C680035FB06844B48BF45F480051A6A83493B
S214022C7885EA020323F001031A400A621D40CB616B
S214022C887F4B16F0010F1D627E4B7F4A18BF1A460D
S214022C987E4B7D071B6F48BF42F000627C4882EA83
S214022CA8030123EA020303677A4B0A4041661A675E
S214022CB8794A04F00103926CA0F5803083EA020197
S214022CC822EA03028264754A0B4041649364D8F888
S214022CD80020200248BF724B92F8F62058BF714B6C
S214022CE8610748BF43F4806322B114F4C06F18BF6B
S214022CF843F4807332074FF03A42BDE8F047D2F801
S214022D08181148BF43F0004383EA010222F4A022C6
S214022D1865481140C0F818111340C0F81421634AD8
S214022D28C2F81831FFF7BABEA0F580630B4306D087
S214022D3820F48063A3F500730B437FF415AF19F0F4
S214022D4884FD4449D1E9003223EA060322EA050251
S214022D5842EA08023B43C1E90032554A126892F831
S214022D68F610514A09B313F4C06F1ED04FF480739D
S214022D7811E019F06AFD374AD2E9003123F004035C
S214022D883B4341EA080157EA0807C2E900314FF413
S214022D988063454A0BD0C2F81431A2F58052C2F8B5
S214022DA81831BDE8F04719F04BBD4FF48073C2F8EE
S214022DB81831C2F81431F4E719F047FD254AD2E96A
S214022DC8003123F001033B4341EA0801C2E900311E
S214022DD80123384A57EA08071BBF5364A2F58052F4
S214022DE89364936408BF5364DBE750EA01037FF4F5
S214022DF8BBAEBAF1010F7FF4B7AE19F026FD164A3C
S214022E08136823F0010343EA090313604FF480634F
S214022E181F4AB9F1000F04D05366A2F58052136711
S214022E28BFE713675366BCE793F8881071B183F857
S214022E388820214BD3F8A41003F50053C3F8A41036
S214022E48C3F8A0104FF05023C3F8A4200025ECE6E0
S214022E58BDE8F0870014002010550020004000B896
S214022E68006000B8005000B8004001B8006001B821
S214022E78005001B8003F00B0000002B8002002B8B7
S214022E88001002B8041C00030418000300C001B8AE
S214022E9800E001B800D001B800C000B800D000B801
S214022EA80D0A0A09090A0A09002000BA001000BA1F
S214022EB81855002000E000B800400050024B586841
S214022EC8C0F3C000704700BF00140020024B186809
S214022ED800F00100704700BF00140020024B58683B
S214022EE8C0F3C030704700BF0014002010B5044677
S214022EF8FEF75AFDFFF782FD2046FDF789FAFEF730
S214022F08DDFCFEF7D3F8FEF745F9FFF7A1FB1349F8
S214022F180723134AD1F8FC1004F1F800FFF7FAFB6E
S214022F284FF080710020FEF709FC4FF000720D4B3F
S214022F384FF400110120C3F80021FEF7FFFBFEF74D
S214022F4891FF20B940F29232142101F085F915F06A
S214022F5831FABDE810400120FDF782BF004F00B0ED
S214022F68A43F00B000D001B88023074A13640823A0
S214022F7840B11364054AD2F8C83E23F02003C2F8CB
S214022F88C83E7047024AF4E7001002B8003000B0A4
S214022F98002002B810B519F058FC0121044600209A
S214022FA8FFF7E2FF044B1961044B5B68984720461B
S214022FB8BDE8104019F044BC000002B8FC680020C6
S214022FC8F8B5194C0546207840F2E442B0FA80F08B
S214022FD83E21400901F040F955B9607840F2E442D2
S214022FE8BDE8F840B0FA80F03E21400901F034B955
S214022FF84FF440660D4F0E4DD7F8043140F2E442C6
S214023008C3F381232370C5F8046160783E21B0FAC1
S21402301880F0400901F020F9D7F80831C3F381237C
S2140230286370C5F80861F8BD49620020004000B820
S214023038006000B8F8B5084C084D236C0423084F06
S2140230482B64236C5B0300D4F8BD042602203E647E
S21402305815F013F92E64F4E7000002B8001002B85F
S214023068002002B8A82238B51A4B1D6C03F5005387
S2140230781A6410229A60A3F5804302F100521A6776
S2140230885A66FFF779FC144B1B7813B90320FEF730
S214023098B3F80024114B9C67FFF7CCFF104A114B7C
S2140230A8D2F8F01E0B40C2F8F03E04220E4B1A6409
S2140230B80E4BAA06C3F8D04008D503F580739B6F5B
S2140230C8B3F5817F22BF8022024B1A61BDE83840E1
S2140230D8FCF7B8BD000002B84B62002000C001B879
S2140230E8003000B0DF0000FF002002B8003E00B04B
S2140230F810B551B920B3154BDB681B0E13F00E0F33
S2140231081ED1134B1B6CD9071AD4FFF763FC0F4C5E
S2140231180020FEF7EBFD032801D0092805D1A36A93
S214023128DA07F5D4636CDB03F2D4FFF783FF0122D8
S214023138084B5A6102229A62042203F580531A64E3
S2140231484FF4C062044BDA6210BD00BF000002B83A
S21402315800C002B8001002B8006001B808B5032122
S2140231680920FEF71FFD2022014B1A6108BD00BF89
S214023178000002B80D4A10B5D2F8A030D2F8A41052
S2140231880B40B3F1804F0CD34FF040400849094C2E
S214023198C1F8A400D467C1F8A0004FF48021064AFB
S2140231A8D161034AC2F8A03010BD00BF00400050EB
S2140231B8006000500000FF01001002B838B505464E
S2140231C819F043FB0E4B04461868FDF74BFA35B167
S2140231D8FFF79AFC2046BDE8384019F031BB094B88
S2140231E81B78002BF6D0084B1D78002DF2D1FFF77E
S2140231F88BFC2A464FF480400021FFF76DFCE9E776
S214023208185500204D6200204C6200202DE9F84F28
S2140232185A4B06460D4614461B6C002A40F0AB80F5
S21402322813F0A00F14BF4FF001094FF00009FCF786
S21402323809FDA0234FF0000ADFF85C810320C8F8D6
S2140232484030FDF7D9FF0420FDF7D6FF4C4FFFF7B5
S2140232585BFC4C4B4FF0040B7B67C7F878A0FFF774
S214023268E9FE494B4FF48071D3F8C82E42F020028B
S214023278C3F8C82EFF22C8F80820404A1161D3F8BE
S214023288F02E42491140C3F8F01EC8F840B0C3F801
S214023298D0AE7B6913F0060F04D0FEF75BFA5846E9
S2140232A8FDF7AAFFB9F1000F08D04FF40062384BB9
S2140232B81A644FF40042A3F5E0339A6666B1354BBA
S2140232C8DB6C180701D4FFF785FBFFF747FF0420DE
S2140232D8FDF792FFFFF750FB284B5A69D10748D5EE
S2140232E8DA6812F0706FFBD12B4B2C4A1A642C4A00
S2140232F8936E23F0F003936615B12046FFF75EFF40
S214023308284BD3F84C315A1C01D05B0002D5012257
S214023318214B5A616CB31F4BDA6E03F500539A665B
S21402332803F5D0331B6A1C4A23F00103D3611E4BF4
S214023338D3F80C1203F50053C3F8081203F500532A
S214023348D3F8841003F5005399674FF03A43D3F83D
S214023358181103F50053C3F81411144B996C03F5AE
S21402336800535964124903F5803359664FF60843E9
S2140233781364BDE8F88F4FF0000958E7000002B85A
S21402338800C001B800000101003000B0DF0000FFF5
S214023398001002B8004000B8002002B81000300042
S2140233A8003F00B00080E00F004001B800C000B83F
S2140233B85000002F9D4B2DE9F04F9F6EDB6E85B0B7
S2140233C81F409B4B9F664FF03A43D3F81451D3F8ED
S2140233D818311D40974BC3F81451974BD3F808225F
S2140233E8D3F80C3202EA0309944BC3F8089203F5A1
S2140233F82043DA691B6A02EA0308914B08F477024B
S214023408DA61904BD3F80422D20605D4D3F80431F5
S214023418C3F30016DB0653D519F017FA8A4B5A6916
S2140234285E6E1B6F12F0060F06EA0306874A26F040
S214023438007314BF4FF0010A4FF0000A23F400632A
S2140234487407536606D5824A92F891300133DBB286
S21402345882F8913019F0F4F9002F00F0E48017F49E
S214023468004300F0D58019F0F0F90146FFF79EFAFE
S2140234780446784BD3F800B0DBF80020DBF80030BF
S2140234889A42FBD0DBF800209A42FBD0FFF78EFA6E
S214023498A04217D1084619F0D3F96F4B1C606F4B40
S2140234A8D3F840B01BF4E0520ED124F07F4424F047
S2140234B8DF040CB9FFF7D6FD4FF0807B002414E03A
S2140234C8B246C9E70446D7E70192FFF7CBFD5C4B45
S2140234D8019A1BF480541A6440F09C801BF4806F97
S2140234E80CBF4FF0805B4FF0806BB80715D55B4A70
S2140234F85348126C02F460410164002900F08D8082
S214023508110400F18D8012F4005F0CBF4FF00052D8
S2140235184FF0006200244BEA020BC7F340377F00E5
S2140235284F4A2A40002A4BD015F4206F0AD040F69C
S214023538A3120621002000F08FFE0020FFF73EFEB1
S21402354825F48025EB0506D5FF213D4A4BF4C06BD2
S2140235589160FFF73FFA15F0090F0BD040F6B81244
S2140235680821002000F078FEFFF7F8FD4FF03A42F7
S2140235780121516315F0106F0CD040F6C1120921D3
S214023588002000F069FEFFF7E9FD0022114610460A
S214023598FDF73CF815F4202F0AD040F6C912072189
S2140235A8002000F059FE0020FFF708FE25F48025CB
S2140235B8E80301D5FDF774F9002DB8BF47F00807F0
S2140235C869070ED54FF03A42126B12F4005F4FF4B9
S2140235D8005217BF174923490A634BF4000B08BF6A
S2140235E80A636A0548BF4BF0040B15F4802301935F
S2140235F800F0A480FDF70CF90138062834D8DFE875
S21402360810F01A011D011A012001230126012601C4
S2140236189B4653E74FF0804B50E74FF0007279E72E
S2140236284FF0004276E7BB463C4679E7004000B8D2
S214023638006000B8002000BA004001B8006001B877
S214023648002002B800E100E000C001B800E001B8BE
S214023658003E00B0D49504000C550020000002B8C5
S214023668090B0B89001000BA40F6FA120321002053
S21402367800F0F2FD4FF03A400121D0F88C20D0F845
S214023688AC3002F00702063201FA02F2C3F30C0C5F
S214023698A2EB0C0292B2072A12D9774A126C53028C
S2140236A80ED4764BC26CC06E5B6D5BB102F007023D
S2140236B806329140C0F30C00091A89B2072901D8CC
S2140236C84BF4007B6E4A1278002A37D04FF03A4203
S2140236D8D2F8142112F4A02F30D16A4A6A49127815
S2140236E89AB9F20411D40A787AB14FEADB0267482B
S2140236F842EA447282F00102D0F8F00E02F00102A9
S214023708520020FA02F2930718D10420FDF774FD3E
S2140237185F4A60485067FFF7F7F95B490A784AB983
S2140237285D4A127832B15D4A5D4912680BEA0202B6
S2140237380A4201D14BF4804B26F48056B9F1000FA9
S2140237481DD019F4805F18BF4BF4802B19F4807FC4
S21402375818BF4BF4002B19F4005F18BF4BF0100B80
S21402376819F4007F18BF4BF0200B19F4806F18BFAE
S2140237784BF0400B19F4006F18BF4BF0800BB8F1F2
S214023788000F3AD018F4802F18BF44F4007418F4C7
S214023798803F18BF4BF4805B18F4801F18BF4BF4A9
S2140237A8003B18F4001F18BF4BF0020B18F4003F3A
S2140237B818BF4BF4801B18F4800F18BF44F010048F
S2140237C818F4002F19D0314AD2F8C82E12F0C00FBA
S2140237D813D02949CA68C2F30362032A01D0072A0A
S2140237E805D14A6CD00602D48A6C110732D54FF43A
S2140237F800212C4A28F40028D161002E00F01881F6
S214023808320540F18A802848DFF88490C278274932
S214023818002A51D04FF40063013AD2B24B66C27006
S21402382832B9234A1278C2B140F60141214A516799
S214023838002200216EE04BF4803B1BE74BF4006B42
S21402384818E74BF4806B15E74BF4807B12E74BF0D6
S214023858080B0FE74BF4001BCFE7D9F8782012F4D1
S214023868A05F15BF4FF4807240F60142C9F858208F
S214023878C9F87820DCE700BF000002B8004000B8AC
S2140238884E6200204D62002050620020003000B0D8
S21402389800C001B8000001014F6200200014002099
S2140238A8088D0100002002B83F62002000E001B83F
S2140238B84B62002000D001B80320FDF79DFCD9F822
S2140238C81420A34B12F0060F04BF41F61F72A1493B
S2140238D8A14808BF4A674FF400619E4A5166D9F864
S2140238E8142012F0060208BFC9F87820B3F88E2012
S2140238F812F400615DD022F40062A3F88E200278EA
S21402390802F0FF09002A58D1FDF724FFFFF7AAFBA9
S2140239184A4620214BEA020B0C43B30009D52E2057
S214023928FDF7B8FB4FF000518A4A44F008041167C5
S2140239385166F00606D52B20FDF7ACFB1021854A0A
S2140239481167516616F0306F05D1F1045DD5BAF1EC
S214023958000F00F0A780320111D52920FDF79AFB47
S214023968FFF7ACFA48B17D4A7D487A494A6602674B
S21402397800F54050C068430422D444F0040416F00C
S214023988007A28D00420FDF737FC2720FDF782FBB3
S214023998FFF768FB4FF000716E4A5166714AD2F81B
S2140239A8F01E490678D4704A0221916044F0020457
S2140239B828E002784FF40052ACE74FF4004238E7AA
S2140239C80A6720204A66FDF765FB2D2044F00C04A2
S2140239D8FDF760FBD3E716F0807FDFF8909146D0BC
S2140239E80420FDF709FC2820FDF754FBD9F87820B7
S2140239F8002A39D1FFF736FB564A584944F00104E3
S214023A08116751660021594A9165320405D5584A0C
S214023A18126890474BEA000B0C43730508D55549C4
S214023A288A78002A00F08E80013A8A7000221743AC
S214023A383A4658462146FFF74FF8019B0BB1FCF76A
S214023A481DFF01224C4B05F00435C3F814514B4BAD
S214023A5818F4002FC3F884211EBF4FF40022424BED
S214023A68DA6105B0BDE8F08FC9F878A0C4E7F004BB
S214023A78C8D50420FDF7C0FB414AC9F87420FDF7F3
S214023A8869FED9F8642012F0407FBBD12A20FDF7E0
S214023A9801FBFFF7E7FA81E7D2F8C82E930685D42A
S214023AA8384A81E733490A7952B1013AD2B20A71E1
S214023AB812B92B4A3449516700224BEA020BA4E793
S214023AC80420FDF799FB0320FDF796FB274A2C49AD
S214023AD8516718F0BAFE81460DF10F00FEF706F997
S214023AE82A4A824612780AB1FEF774FFBAF1030F21
S214023AF80ED1DFF8A0A00020FEF7F8F8032807D1B9
S214023B08DAF82820D007F6D4DAF84420D103F2D41B
S214023B189DF80F20032A06D101211D4A4846117036
S214023B2818F08EFEC8E74FF03A42D2F8142112F483
S214023B38A02FF1D1FEF7E8FF484618F081FE4FF4B1
S214023B488042BAE70220FDF757FB01226FE700BF63
S214023B58003E00B000E001B84B62002010000020D2
S214023B6800D001B8003000B0002002B800C001B88A
S214023B78106900203F620020002000BA00E100E041
S214023B8800000101001002B80000010D5162002079
S214023B984D620020000002B80122024B1A62DA6166
S214023BA8704700BF002002B8094A08B5D369116AEF
S214023BB80B40084923F47F00DB07C86106D5D168A5
S214023BC84FF0FF30C1F3036114F0FEFB08BD00BFDF
S214023BD8000002B8002002B80C4A08B5536C926C72
S214023BE813400B4A5364DB070FD50A4B40F6634271
S214023BF81878122100F0010000F02EFBBDE80840FC
S214023C08002201200021FEF767BF08BD00C000B8E9
S214023C1800E000B80014002070B5174D2C6C6B6CD1
S214023C281C40164B24F00202E1071A6405D540F63A
S214023C38CA420020296800F00FFBA2071AD5022202
S214023C480E4B1A646B68DBB2A3B9FDF71DFD04467A
S214023C580D460B4ED6F8F433DB060BD5FDF714FDEE
S214023C6802460B4620462946FDF7B4FA652871F146
S214023C780001EFD370BD00BF008002B800A002B8F2
S214023C88000002B838B50B4C0B4DD4F88430DB076D
S214023C9806D4A36FD4F884201340084A936738BD25
S214023CA8D5F804311A06F0D5FFF7B6FF8023C5F813
S214023CB88431EAE7008001B800E100E000A001B81C
S214023CC870B514460D4618F0C0FD064BD3F8C86EFC
S214023CD874402C407440C3F8C84E18F0B1FD06EA8A
S214023CE8050070BD003000B0034BD3F8C83E9943B8
S214023CF80CBF012000207047003000B02DE9F041CB
S214023D0817460A43012A1D469DF818409DF81C606E
S214023D18DDF8208029D8B44227D2082E25D8032BCE
S214023D2823D8B8F1000F20D00A460021FBF7DAFEA6
S214023D38FF21EB009940C943DFF834C008F1FF3889
S214023D48FF00E2B2964202D80020BDE8F0813D1993
S214023D580CEB8505D5F8F82018F8010F0A409840AC
S214023D681043C5F8F8000134EBE72120EDE700BF61
S214023D78003E00B01E4BD3F8C83E13F001001ED01A
S214023D881C4B93F84C001C4A40F08073C2F8CC30A7
S214023D984FF480131949C1F8B430A1F58051C1F81F
S214023DA8B830D2F80C31DBB2FF2B1FD0984294BF42
S214023DB80020012040F61F623C2100F04DBA1A0688
S214023DC8E1D40F4A92F84B1121B1DB0602D592F8DC
S214023DD84801D8E74FF480120020084B0649C3F87A
S214023DE8B820C1F8CC00C3F8B42070470120E1E738
S214023DF8003000B0003F00B0004000B8006000B8D5
S214023E08003E00B0034B1868034B002808BF18464C
S214023E18704700BF14550020B0CE04002DE9F843C1
S214023E28DFF860900646D9F8008008461746B8F1CB
S214023E38000F03D00E242046BDE8F88306B3336885
S214023E4801331DD1E1B100F073F805460028F1D020
S214023E58C9F8000000F092F8284614F00EFB044653
S214023E6840B14046C9F8008000F088F8284614F0A9
S214023E78FFFAE0E73560002FDDD02846B847DAE7D4
S214023E882124D8E718550020024B1868003818BFB6
S214023E980120704718550020002108B5024B084635
S214023EA85B689847002008BDFC680020431E033361
S214023EB806D8044B984228BF1846642838BF6420A0
S214023EC8704700BF40420F0038B505460C4641B160
S214023ED80B6833B11B68013303D0CB680BB18B6810
S214023EE84BB914F0ADF900204FF4C172412100F02D
S214023EF8B3F9212038BD0846FCF7A4FD00230A4A78
S214023F0885F83031C5E93743C2E9003363694BB1F6
S214023F18064A422110684FF4D272C31A58425841D0
S214023F2800F09AF90020E5E720650020A454002056
S214023F38F8B5044618F089FC002607460E4B1B689F
S214023F4893B19E68AEB196F82420D20711D43546AE
S214023F580FCC0FC50FCC0FC523682B6096F82430FC
S214023F6843F0010386F82430384618F069FC3046D8
S214023F78F8BD1B68E4E700BF3869002010B50446A0
S214023F8818B9054B054A136010BDFAF727FED4F890
S214023F98E830002BF6D1F4E7618403003469002088
S214023FA8014B1868704700BF2065002008B5024616
S214023FB80868FFF77BFF08604868FFF777FF4860E6
S214023FC88868FFF773FF8860C868FFF76FFF0B699A
S214023FD8C860581C03D00B48834228BF03460B61AF
S214023FE84B69581C03D00748834228BF0346886992
S214023FF84B61FFF75BFFBDE8084088611046FBF798
S21402400897BD00BF40420F00D0F8E0302DE9F041DE
S21402401805460C4613B1838D8B424CD0D5F8DC305E
S214024028002B4BD09E68002E48D0D868002845D072
S214024038013800B200281ADB002106E0128A591C51
S214024048A24217D209B2884211DB0B1803EBD373CC
S2140240585B1003EBC30206EB8202B2F80EC003F152
S214024068FF3EA445EAD90FFA8EF08842EDDA2120FF
S214024078BDE8F0814FF6FF7299B29142F7D09BB233
S21402408803EBC30306EB83062846B6F9122095F817
S2140240982411D5F8F080E9F7E1F90746B8F1000FE0
S2140240A804D00023324628461946C047AC85C5F8D0
S2140240B8E06085F82D710020BDE8F0810E20BDE88D
S2140240C8F08100BF2DE9F04782B004460F46164637
S2140240D8FBF796FF00285ED1454D2B68D4F8DCA086
S2140240E8D4F8E0800BB1534562D04FF00009AF60B8
S2140240F8FBF7D0FF0128074651D12B68DAF80010E3
S214024108D8F8002013B1186888425CD0204613F00D
S214024118A3FFC5E900A8D4F8F0508DF80760002D73
S21402412858D00022204611460DF10703A84720461C
S214024138FBF728F90546B9F1000F0FD076B9D4F87F
S21402414888300BBB012F05D025B12A4B002103204E
S2140241585B689847284602B0BDE8F087B5FA85F04E
S21402416840F207523321400900F076F831462046DD
S214024178FBF70EFB204B05461B6841462046984730
S214024188D4F88830002BDDD000224FF40073204686
S214024198FAF734FDD6E70023154D6B609DE700213C
S2140241A80120FAF763FDFBF775FF0128FBD1A4E7A8
S2140241B86B68002B99D0434597D1AB689F4215D0C0
S2140241C84FF0010993E7696811B109689142A0D0D6
S2140241D859689BE794F8281094F82D31324699428C
S2140241E828BF19462046FBF71FF8A0E70025B1E7C7
S2140241F820650020FC68002034690020F8B50E46C9
S214024208054618F022FB314607462846FFF7FCFE0D
S214024218044620B1384618F013FB2046F8BDFBF7D3
S214024228D1FE224631462846FFF74CFF044638465A
S21402423818F006FB2046F8BD38B5044D044C054B6D
S214024248286021601A6017F0FBFF38BD1C55002055
S2140242583C6900202055002010B550B90548064B89
S2140242680160064802601868054B18601868FFF770
S214024278E3FF10BD3C690020185500202055002099
S2140242881C55002010B518F0E0FA084B04461B68C7
S2140242983BB1984728B1002200204FF48061FEF710
S2140242A81BFC2046BDE8104018F0CABA2455002068
S2140242B80023F0B585B0CDE901330393124B134DB5
S2140242C81B78134E8DF8043018F0CCFA2A78337817
S2140242D804469A420F4F0CD03178386801AA2970E2
S2140242E814F0A7F850B140F608210B4818F041FB25
S2140242F804E0386814F07DF80128EDD0204618F05E
S214024308ACFA05B0F0BD00BFFA6B0020286C00209E
S214024318296C002040550020A46B0400F8B52B4BEE
S2140243281B7823B140F6FC31294818F022FB18F016
S21402433899FA284B07461C8814F0060409D001216E
S2140243484FF4807017F0E8FA3846BDE8F84018F0DF
S21402435884BA21464FF4807017F0DEFA204600F041
S2140243689DFF022808D180221B4B8021186813F073
S214024378FCFBFFF79DFFE7E7204600F08FFF0546A8
S21402438838B1012807D040F63141114818F0F1FA41
S214024398DAE70246E8E7FF220F4E104B30681A703B
S2140243A8FFF77AFD306814F024F80128CCD02A46A4
S2140243B82946306814F01FF821462C2017F0D8FA40
S2140243C821460A2017F0D4FABEE700BF576200203B
S2140243D8A46B0400265B002040550020286C0020B1
S2140243E80021014818F0DEB8906900207F2837B50A
S2140243F8044610D14FF6FF73022217480DF1060144
S214024408ADF80630EAF74CFFBDF80640E2054CBFA9
S2140244186FF04A0464B218F025FA104B05461C7071
S2140244280F4B1B88DB0710D50E4B1B78002B0E4B49
S2140244380CBF21466FF07F01186813F0C4FB20B149
S21402444840F67861094818F094FA284603B0BDE8A1
S214024458304018F002BA00BF641002C0206C002078
S214024468265B00205862002040550020A46B0400FA
S21402447810B50FF081F960B10FF080F90B4A80B1E0
S21402448841F20D03BDE8104041F20D01074817F04E
S21402449895BB074B1A781B799A4204D1002200234F
S2140244A8F0E70D23EEE7034AF9E700BF400D0300E5
S2140244B8FA6B0020488D0100F8B5164E0D46337883
S2140244C802F0010423B140F2C531134818F051FA3C
S2140244D8124B134F1D60134DA4B1134B997801B1BB
S2140244E80121202017F018FA2B783B700F4B1C7806
S2140244F80F4B00211C70042333700E48BDE8F840A9
S21402450818F050B82146202017F006FA2B783B7090
S214024518EEE700BF57620020A46B04003055002067
S214024528546200202A6C0020345500205562002070
S21402453856620020906900202DE9F84318F092F997
S214024548DFF8A0810546B8F80030614C13F4807F86
S21402455803D0237873BBFFF7E1FE0021084617F065
S21402456807FA5C4B1A78FF2A13D01A7802F0FF066D
S21402457832BBFF221A702378052B0AD1002328465D
S214024588237018F06AF9304614F0BCF818F06AF985
S21402459805462378504E062B09D13378FF2B06D0D2
S2140245A83378022B15D100214C4817F0FBFFFF2366
S2140245B833702BE000214FF4807017F0ADF9CCE78A
S2140245C81A78012A4FF0FF0214BF33264C261A70B7
S2140245D8D4E7337813B13378012B22D117F03CFA9B
S2140245E807463E4896F8009001F0CEFBFF235FFA96
S2140245F889F9337077B1B9F1010F44D1642137488C
S21402460884F8009017F0CEFFFFF752FE284618F0FF
S21402461824F906E02846277018F01FF9384614F0E1
S21402462871F8B8F800301B0605D50021802017F06F
S21402463873F912F05DFA01F0E3FA294E308000B3FE
S2140246482778012F42D117F0C1FE054610B3013074
S21402465818F06DFA00F44060B0F5006F1AD1042223
S2140246683946284617F0F2FD284418F060FA4FF645
S214024678FF7398420ED10020318800F0F1FC002327
S2140246883380BDE8F88300232846237018F0E5F83F
S2140246983F20C4E7114801F077FB00210846217045
S2140246A8012500F08FFC23780BB9FFF737FE0020B0
S2140246B8318800F0D5FC00233380002DE1D0207825
S2140246C80028DED1BDE8F84314F054B90025EAE71D
S2140246D857620020276C0020266C00209069002074
S2140246E8245B0020265B002008B513460A461946B6
S2140246F8064B186813F0F4FA30B1BDE8084040F2E9
S214024708F441034818F035B908BD00BF40550020EB
S214024718A46B040008B513460A461946064B1868E1
S21402472813F0D8FA30B1BDE8084040F2FB4103481E
S21402473818F01FB908BD00BF40550020A46B04003E
S214024748024B1878431E5842584170475762002059
S21402475808B5064B1B7823B140F22551044818F0D9
S21402476808F9FFF7DBFD002008BD00BF57620020EE
S214024778A46B040008B5054B01EB810118684900D3
S21402478813F023FA002818BF212008BD4055002040
S21402479808B5044B1868F9F7B1FE0A2390FBF3F044
S2140247A840B208BD40550020014B1878704700BF3C
S2140247B8296C002008B5044B186813F0BAFEB0FA44
S2140247C880F0400908BD00BF4055002038B5124D9C
S2140247D80C462B78012B04D940F246510F4818F0A4
S2140247E8C8F821460020FFF7E5FF90B10C4B1C7075
S2140247F82B785BB9FFF792FD0A4B93F900100A4B28
S214024808C901186813F0FEFE002038BDFFF750FDF8
S214024818F2E72120F9E700BF57620020A46B0400E4
S214024828296C0020596200204055002008B5074B25
S214024838186813F07CFE30B1054BB3FBF0F083B278
S2140248480BB1184608BD0120FCE700BF4055002002
S21402485840420F002DE9F3475C4E012018F086F817
S2140248683388990704D440F63F41594818F081F82E
S214024878DFF8808198F80030053B012B04D940F612
S2140248884141534818F075F8524F3B6823B940F631
S21402489844414F4818F06DF8348814F0200478D054
S2140248A80121222017F064F84FF47A74FFF7BEFF4E
S2140248B83B681B780933434304EBC30498F800307B
S2140248C8A5B2062B0BD117F08FFC0446FFF7AEFFF6
S2140248D8602358430C2303FB0400284485B2D7F808
S2140248E800903D4B99F800801C7808F1FF381FFAB3
S2140248F888F8002C52D133885A0505D409F10100EC
S21402490818F015F9C0F340143449354A88781278F5
S2140249184B7812FB00F2334F93423B70A4BF9B1AAC
S2140249283B703B78CA78BD60934238BF13463B70EB
S2140249380EF02AFF002833D00EF024FF012814BFF9
S2140249481025082525430023DFF8ACA00093802213
S21402495843464946DAF8000013F069F920B14FF4E5
S2140249683B611B4818F005F81F4BDAF80000197867
S2140249781E4B197033889B0614D52A461C4B009783
S21402498813F055FDC0B9002002B0BDE8F04717F095
S214024998EDBF2146222016F0EBFF87E70024B3E797
S2140249A82546D0E72A460F4B13F03FFD014618B9B5
S2140249B8252016F0DDFFE6E72146262016F0D8FF6A
S2140249C840F6F431024817F0D4FFDCE7265B0020F5
S2140249D8A46B0400305500205A620020FA6B0020AF
S2140249E85462002040690020296C0020286C0020B0
S2140249F8345500205762002040550020184B10B549
S214024A081B889B0704D440F6A661164817F0B1FF28
S214024A18154B1B78053B012B04D940F6A7611148B4
S214024A2817F0A7FF114B1B6823B940F6A9610D487A
S214024A3817F09FFF00240E4B0E4921201C7016F01B
S214024A4897FF014618B9BDE81040FFF703BF0228D2
S214024A5804D12046BDE8104017F020B810BD00BFAC
S214024A68265B0020A46B0400576200203055002005
S214024A78526200201D4C0200F8B55A4C23889A0749
S214024A8804D54FF43E71584817F073FF574801F0A3
S214024A987BF917F0E7FE238805465B070DD54FF02E
S214024AA8FF3013F00BF9524B1B68C01AB0F5717F32
S214024AB803D90021042016F02FFF28464D4D17F083
S214024AC8CCFE2B78042B32D117F0CCFE2388064670
S214024AD85F0708D54548002117F064FD3046BDE853
S214024AE8F84017F0BABE17F0B8FE17F0BBFE424BF6
S214024AF806461B78414F13B9238859050FD5052357
S214024B08012102202B7016F007FFFFF777FF3046C9
S214024B1817F0A3FE3B68DA78394B1A70F8BD386886
S214024B28013018F004F88206E9D50623E8E7062BD2
S214024B384DD1344B1B78FF2BF0D1334E0EF026FEA8
S214024B483378002B3DD017F08DFE238805465B0789
S214024B5805D52648002117F025FD2846BFE717F099
S214024B687CFE3378013B337017F07CFE0446012145
S214024B78022016F0D1FEFFF741FF20461F4C17F021
S214024B886CFE2068013017F0D2FF00F44060B0F5E2
S214024B98006F13D1246801210422204617F056FB21
S214024BA8204417F0C4FF0146184B04201A783378BD
S214024BB8D21AD2B2BDE8F84017F082BF4FF6FF719C
S214024BC8F2E740202B70BDE8F84013F09BBD012B9E
S214024BD8A4D100232B700E4B1868FFF75DF93F200F
S214024BE8F1E700BF265B0020A46B04009069002052
S214024BF82C550020576200205A62002030550020AB
S214024C0853620020266C0020546200202A6C002082
S214024C184055002008B50A4B1A7882B90122102896
S214024C281A7004D040F69D61064817F0A2FE0021CD
S214024C38202016F071FEBDE80840FFF70BBE08BD3F
S214024C4852620020A46B040008B5094B1B88DB06D9
S214024C5804D440F2C351074817F08BFE10200021F7
S214024C6816F05AFE044B1868BDE8084013F0D6BB87
S214024C78265B0020A46B040040550020012208B5DC
S214024C88074B1146186813F0B6FB00212C2016F0C5
S214024C986FFEBDE8084000210A2016F069BE00BF74
S214024CA840550020014B4008185C7047226C0020D3
S214024CB808B513460A461946064B186813F016F83E
S214024CC830B1BDE8084040F6E941034817F051BE46
S214024CD808BD00BF40550020A46B040008B5044B6D
S214024CE8186813F086FB013818BF012008BD00BFFC
S214024CF84055002070B5054617F0B4FD0E4B0F4E12
S214024D081B880446DA07357008D50D4B0D4D1B78FF
S214024D18012B08D90121286813F0EDFC2046BDE8CE
S214024D28704017F09ABD1BB10EF024FDC305F1D4EE
S214024D38317881F00101EEE7265B0020216C002025
S214024D4858620020405500200C4B10B51B880446BC
S214024D58DB0711D5FFF78CFB094B84F0010208210B
S214024D681868D20012F001FF30B1BDE8104040F6D4
S214024D783671044817F0FDBD10BD00BF265B002043
S214024D8840550020A46B040008B5044B0146186879
S214024D9812F0B7FF003818BF012008BD40550020A2
S214024DA810B50A4C23787BB1FFF768FF0021042070
S214024DB816F0B2FD0021022016F0AEFD0023237085
S214024DC8BDE81040FFF7AABA10BD00BF5762002020
S214024DD838B5094800F0E8FC0024084D95F8443038
S214024DE8E0B2834200D838BD05EBC000043000F0BC
S214024DF8DBFC0134F2E700BFE455002044550020EE
S214024E0808B5104602494822F9F7BEF8002008BD40
S214024E189C55002008B5054817F01FFF014620B923
S214024E28BDE80840014817F0BDBB08BDB0690020C0
S214024E38002238B51C4B15461C461A700132082A41
S214024E485D609D8043F8085FF8D148220021174824
S214024E58F8F70AFF4FF6FE73A4F868306FF480334B
S214024E68E365134B00211A88124B1868F8F7FCFE04
S214024E78114BC4E91255C4E9283584F8445084F81D
S214024E885050656584F8A850E9F754FDFF220B4B8D
S214024E98012118700A4B00201A70E1F715FE00204F
S214024EA8FFF7B8FF002038BD445500209C55002067
S214024EB89C6B0020686800200000FFFF5B620020F1
S214024EC8A162002010B5AC24084B04FB0030836CAA
S214024ED853B990F850403CB931B1C0E91212204695
S214024EE8FFF798FF204610BD2120FCE74455002016
S214024EF8AC2370B503FB00F5094E731993F85040BE
S214024F085CB920460BF022FF735D204643F002038D
S214024F187355FFF77FFF204670BD0120FCE700BFF0
S214024F2844550020AC235843024A135C23F003037B
S214024F38135470474455002070B516461F4A044657
S214024F481278C2BBAC211E4D01FB00518A6C92BB83
S214024F5891F850203AB1022B2DD191F84410072926
S214024F6807D91C2026E091F844100729F9D8012B06
S214024F7808D0AC2000FB0450CA00011D0C30F8F71C
S214024F88C5FE0021AC2303FB04F000249DF8143070
S214024F9800EBC1012944CB71049B8E808B602B18D1
S214024FA893F84420204601328C7183F84420FFF798
S214024FB831FF204670BD0120FCE700BF5A62002080
S214024FC844550020F8B5234B04461B780F46002BA1
S214024FD83ED1AC23204D03FB0053B3F8A03023B9CF
S214024FE840F245311D4817F0C4FCAC2202FB0452BD
S214024FF8D2F8A46036B192F8A33039460020B2F847
S214025008A020B047AC2300216343EA18A2F8A010F8
S214025018C2F8A410482192F8A82001FB02322A44BA
S214025028D2F89820964213D0EB5C9B070CD5AC229C
S2140250386243AB5C204623F0020343F00103AB5401
S214025048BDE8F840FFF7E6BE0BF0A2FE0028EED158
S214025058F8BD00BF5A62002044550020FB6B0400CE
S2140250682DE9F04F89B0059008460D4617F0AEF9BF
S214025078044618B9212009B0BDE8F08F284617F073
S214025088C1F9C0B20838215C221892F802A004912D
S214025098D1785268277803920022B4F80130ADF826
S2140250A81E20434A029192F800B0BBF1000F08D0C6
S2140250B8404B1B681BB120464FFA8AF298470020DD
S2140250C8D9E703F00703022B70D0013409225946A8
S2140250D8204617F0BBF8023F3F1A3B0606465FFA21
S2140250E887F8C7D4344FD7F89090B9F1000F27D174
S2140250F800210DF11E0B434622460846CDF800B0A5
S2140251080BF05CFDC3B20546002B4BD1BDF81E0062
S21402511813F03CFBE0B9BDF81E0013F020FC8146F4
S214025128BDF81E0013F032FBF0B906EB08020123A5
S2140251382146584692B200F07BFDD0B119209AE774
S2140251485B465A4601212846C8470028D0D191E72F
S214025158D7F89430BDF81E00002BDCD0A11998476A
S2140251680028D8D1022086E742464846A119F8F711
S2140251780BFFBDF81E0017F029F9029B059A037269
S214025188049B80F809A08372039B1BBAC360AC23F6
S21402519803FB027393F85020BDF81E0022B1DB6CA5
S2140251A803B19847E8B266E7BB6FF9E7012062E702
S2140251B85A62002028550020445500202DE9F8435D
S2140251C808460F46164602F1010913F0CDFB804643
S2140251D8384613F0D4FA042856D1384613F0F3FAB0
S2140251E848F661054FF6FF7248F64103294C90428D
S2140251F808BF1D46B4F85C10301D17F09AFC3846F6
S21402520813F0E1FA0146B01D17F093FCB4F85E10ED
S21402521806F1080017F08DFC06F10A04384615F068
S21402522866F810B145F01005ADB22946484617F0A3
S21402523880FC384613F093FB424601462046F8F7B0
S214025248A3FE3846012117F0F9F84444074660B130
S21402525817F0D8F80546384617F0B8F8EDB2014602
S2140252682A462046F8F790FE2C440B4AA41B1378CD
S2140252780134591C1170F37034703046BDE8F84397
S2140252880922012116F0E2BF484617F050FC4C46A8
S2140252980546C3E7445500205B620020AC2210B5E1
S2140252A848245043094B1A1892F8A81004FB010028
S2140252B8034493F87700022806D092F850301BB9B8
S2140252C8032818BF012010BD0020FCE74455002023
S2140252D870B508B1012070BD234C94F8A850002D73
S2140252E8F8D12946B4F85C20FFF714FA294628466E
S2140252F8B4F85E20FFF7F8F92946284604F160025A
S214025308FFF7D6FC94F87730002BE3D0284694F8BB
S2140253185860FFF749FA864215D1002094F95A5088
S214025328FFF736FA854216D10020FFF7B7FF044684
S214025338002016F041FF0028CDD02146BDE8704077
S2140253480020FFF705BA284694F85810FFF73EFAE9
S2140253580028E2D0BFE7002094F95A10FFF70AFAAD
S2140253680028E1D0B7E700BF445500200346AC202A
S21402537810B51446164A00FB032292F87700022854
S2140253880CD1E07F022809D141B1124909780129D6
S21402539813D992F85810227891420ED118462178DD
S2140253A8FFF708FA90B1482221460B48F8F7ECFDB9
S2140253B8002016F001FF08B9002010BD044B93F830
S2140253C8A8000028F8D1FFF783FFF5E72120F4E7C5
S2140253D844550020956100209C55002038B5AC2322
S2140253E80D4C054603FB004300205A6DD86483F82B
S2140253F8500012B15865FFF727FCF5F7D5FBFF28D2
S2140254081EBFAC2303FB054484F8A8000020FFF760
S2140254185FFF002038BD00BF445500207FB51D4CF5
S21402542894F8A83023B1002084F8A800FFF750FFAC
S21402543894F85A30B4F8A0608DF80F3026B940F2C6
S214025448FD21154817F095FA144B31461D680020C1
S2140254582A46FFF7B3FEE46F02469CB10DF10F032E
S21402546801930023294630460093A04702462C782B
S21402547854B920462146FFF7A5FD2046FFF7CAFC89
S21402548804B070BD0122F2E729460020FFF714F89F
S214025498F6E700BF44550020FB6B0400686800204E
S2140254A838B5494B1C78002C58D1484800F06CFC9B
S2140254B8204616F081FE002850D0454C2378D9079E
S2140254C833D594F850201AB123F00303237045E02D
S2140254D823F0010323700BF043FC237805469A0752
S2140254E801D50BF033FC294600200BF049FA40B9E7
S2140254F82378284643F001032370BDE838400BF0B2
S21402550825BC0023482284F8A33094F8A83084F8EF
S214025518A25002FB0343D3F89830A4F8A000C4F8BC
S214025528A430BDE83840FFF779BF94F84400B0B11C
S21402553804F1A003251D95E8030083E80300FFF79E
S2140255486DFF94F844202846D20004F10C01F8F7BF
S214025558DDFB94F84430013B84F8443038BDA26C35
S21402556862B99B0711D52378002023F0020343F083
S21402557801032370BDE83840FFF74CBC0123A06442
S21402558884F85030904723789EE70BF001FC0028F9
S214025598E9D194F8A83073B1F5F706FB94F85030C1
S2140255A8002BDBD1FF2818BF84F8A800BDE83840D6
S2140255B80020FFF78DBED4F88C30002BECD098472D
S2140255C80028CBD1E8E700BF5A620020B069002065
S2140255D84455002070B50446002016F0EDFDAC23B5
S2140255E85C430B4E351995F850300BB1002070BD50
S2140255F80028FBD0074817F030FB0028F6D1335DA9
S214025608002BF3D195F84400B0FA80F04009EEE793
S21402561844550020B069002010B5084A034613F026
S214025628B1F914684FF6FF7203EB40039C42184622
S21402563803D9018802339142F8D010BD00560020E3
S2140256482DE9F047204F05463B88A3B3B0F9023050
S214025658002B30DBDFF87C801C49D8F80000F8F70E
S21402566859FD20B94FF4EA71194817F082F9002655
S214025678DFF85CA0DFF860903A88B3B29A4204D8A2
S2140256884FF4EB71504617F074F9D9F80030B2B2FD
S21402569853F83200D8F8001003EBC20468B943F88E
S2140256A83210A38828460133A38013F06BF9E388E7
S2140256B803EB4003E380BDE8F087F8F72BFD0136DD
S2140256C80028D9D1EDE700BF285B0020C86B04008C
S2140256D8D26B0400D0690020F455002038B5094C76
S2140256E8094D22682B689A4204D94FF487710748F5
S2140256F817F03FF928682368C01A20F0010080B224
S21402570838BD00BF0056002008560020D26B0400A1
S21402571838B5124C124D21462846F5F7F3F8236899
S2140257280BB12B681BB9DE210E4817F022F92A683E
S2140257380D4B0E491A60236823F0010313440B60CD
S2140257480B4B1A602AB9BDE83840F821054817F00D
S21402575810B9FFF7C3FF6428F5D938BDF8550020FD
S214025768FC550020D26B0400045600200856002080
S2140257780056002038B5094C094D22682B689A4213
S21402578804D34FF48A71074817F0F3F82868236899
S214025798C01A20F0010080B238BD00BF04560020AF
S2140257A808560020D26B04002DE9F0411D4B044632
S2140257B81B78012B24D1008816F0EAFD0546D8B1DD
S2140257C80426DFF864802C4617F04CF80746204675
S2140257D8FFF736FF638843EA08036380A05B16F088
S2140257E8D7FD0446384617F038F81CB1B4F902302B
S2140257F8002BE9DA062E01D1BDE8F0810626E2E79B
S214025808022BF9D117F02EF80246208816F0C0FDB2
S21402581818B10388C3F30E0323801046BDE8F0418F
S21402582817F01BB85C6200200080FFFF2DE9F04FDE
S2140258380024BA4B97B006461C8017F013F80123CB
S214025848DFF8EC82B64F3B70B8F80030A8F8004094
S214025858ADF81630B34B1B68019316F0FEFFB24B39
S21402586821461A88B14BD2001868F8F7FDF90DF1EF
S2140258781600FFF799FF002E3CD1DFF8B8924FF0DA
S214025888000B0125D9F80040019B9C4239D3BBF195
S214025898000F39D1002DF2D0D9F80040DFF898A2CF
S2140258A825462246019B9A4273D302230DF116001F
S2140258B83B70FFF779FF002E40F08F80D9F8006022
S2140258C83246AA4280F0A280908816F061FD18B18E
S2140258D80388C3F30E039380D08816F059FD18B1D7
S2140258E80388C3F30E03D3801046FFF795FE0246DD
S2140258F8E7E79847E3B256F823300134002BF8D18D
S214025908BBE7BBF1000F3ED00BF1FF335FFA83FB18
S21402591816AB03EB8B0252F8402CB2F90200518800
S2140259280028B1DA4B04AFD4924641F48040931D66
S2140259382AF8020F02933AF8020F16F029FDF0B180
S214025948B0F902E0B0F802C0BEF1000F17DB6FEA4A
S2140259584C4C6FEA5C4CA0F802C00390FFF770FE4E
S214025968BBF10F0F8FBF002516AB039A03EB8B0014
S2140259789EBF0BF1010340F8402C5FFA83FB029BA3
S2140259889A45D8D180E72046FFF746FE22460446C7
S214025998C3E7104612F0F6FF8346B2F902001188F2
S2140259A800280AEA010108DA204616F0E7FC08434E
S2140259B881B204EB4B0402EB4B0510461180FFF74D
S2140259C82BFE02466EE798475FFA8AF356F82330AC
S2140259D80AF1010A002BF6D170E74FF0000AF3E746
S2140259E83046FFF719FE82467EB1B6F90230718854
S2140259F8002B0ADA3088C0F30E0016F0C9FC86427D
S214025A0803462DD1C1F30D0171805646AE42E7D347
S214025A18DFF81CA116F026FF00210646504613F0B2
S214025A2802F816F0B5FC0546002800F087803046D6
S214025A3816F013FF284612F0A5FF0646204616F073
S214025A489DFC81467600324629462046F8F75EF9DE
S214025A58002249460DF1160017F0D7F83444D9E764
S214025A681BD9304612F08EFFC1F30D014200718039
S214025A781846314692B2F8F749F9C6E75046FFF794
S214025A88CBFDD146854203D9B0F90230002B01DAA4
S214025A98824603E0FFF7C0FDF4E7B146554507D94D
S214025AA8BAF80000C0F30E0016F072FC8245E5D381
S214025AB8B9F1000F30D0B9F80000C0F30E0016F0A6
S214025AC867FC034638B93346CB46994513D8B145E1
S214025AD89BD0D946ECE7484612F054FFB9F80220A4
S214025AE84946C2F30D02A9F80220420092B21846AD
S214025AF8F8F70CF9E7E718460193FFF78DFD019BC7
S214025B089B46854203D9B0F90230002B01DA0346D8
S214025B18DBE7FFF781FDF4E7CB46DAE72A5B0020EE
S214025B285C62002000560020285B0020F455002006
S214025B382C5B0020045600200080FFFFBDF81630BC
S214025B483870A8F80030044B30461C6016F085FE04
S214025B5817B0BDE8F08F00BF005600202DE9F041CF
S214025B68054616F015FC0F460446D8B117F037F866
S214025B7820B940F2FB41204816F0FBFE284616F0F4
S214025B8841FC05462046FFF747FDBD42064609D0BA
S214025B9804D840F20351184816F0EBFE2588ED0BA0
S214025BA802D02781BDE8F0816780204612F0EAFE1F
S214025BB8074604EB400816F055FE104B1A68B24228
S214025BC80AD1C3F8008016F048FE2A464046BDE8C9
S214025BD8F041FF21F8F748B8A6EB0806B5B216F06A
S214025BE83CFE072DF1D90023083D44F81730C8F8C3
S214025BF80430A8F80250D5E7D26B040000560020FD
S214025C0838B516F02FFE00210546044812F00BFFA1
S214025C180446284616F021FE204638BD2C5B002096
S214025C28024B1888B0FA80F0400970472C5B0020B7
S214025C382DE9F74F044600881F4616F0A9FB88464A
S214025C481546064616F0CBFF20B940F2FE613F48DD
S214025C5816F08FFE3388DB0B009306D033892B446D
S214025C683381002003B0BDE8F08F208816F0CAFB07
S214025C7882463046FFF7D0FC019016F0F3FDDFF8B7
S214025C88D0B0019BDBF8002081469A421DD1FFF76F
S214025C9825FDA84204D2484616F0DFFD1A20E1E7A1
S214025CA80AEB050373803FB1208816F08FFB2A465D
S214025CB841465044F8F768F93046FFF7ADFCCBF892
S214025CC80000484616F0C9FDCBE716F0C6FD208848
S214025CD816F098FB2844009980B216F0EBFB0646AD
S214025CE80028DBD016F072FB8146208816F06EFB81
S214025CF88246208816F086FB514602464846F8F742
S214025D0843F93046AFB116F061FB0746208816F015
S214025D1879FB2A4641463844F8F736F901212088A5
S214025D2816F08CFB01210246304616F09BFB2680B5
S214025D3897E716F04BFB8046208816F063FB2A4648
S214025D4839464044F7F790FFE8E700BFD26B0400F5
S214025D58005600203421014816F00BBEE66B0400FC
S214025D68036910B55BB18268064B9A4201D10020DE
S214025D7810BD446916F0F6FD201AF9D5F7E74FF07C
S214025D88FF30F5E75D5D020082681C4B70B59A42EB
S214025D980446056819D116F065FD236923B1A342A6
S214025DA806D100222A601A61BDE8704016F055BD79
S214025DB81A4611461269A242FBD12A68A24208BFB5
S214025DC829600B6100232361EEE7036993B19842C9
S214025DD86E6803D19D210A4816F0CBFD2B46B442C5
S214025DE809D122699D4218BF1A614FF0000308BF05
S214025DF86A60236170BD33463669F0E75D5D02006E
S214025E08E66B04002DE9F047074600254FF0010A25
S214025E18154EDFF858808AB0347914B90AB0BDE84E
S214025E28F087D6F8009087B900972A46B8F8001087
S214025E38234603A816F078FF2246484603A9E9F740
S214025E485BFA2544EDB20836E6E7224603A9484639
S214025E58E9F726FACDF800A023462A46B8F8001035
S214025E6803A816F061FFECE7E8CE04002E5B0020DC
S214025E780148FFF799BC00BF2E5B00209C46174BD3
S214025E88F7B5054608461988164611B1144B1C780C
S214025E98CCB1014662463046BDB103B0BDE8F0401B
S214025EA8E9F7FEB91C44E4B208373B79002BF0D078
S214025EB83A689642F6D185F001052246009516F014
S214025EC833FF03B0F0BD074FEFE7E9F715FAB0B2B4
S214025ED803B0BDE8F04010F00FBE00BF2E5B0020F6
S214025EE82B6C0020E8CE040010B5074C238843B17B
S214025EF80020FFF787FF0020FF22044B20801A703D
S214025F0810BD0220FCE700BF2E5B00202B6C002091
S214025F18142810B518D8082805D110F056FEC40162
S214025F28E4B2204610BD0E2802D110F051FEF6E764
S214025F38064B53F82040002CF3D00A282478F0D1D8
S214025F4805F0A0FE0443EBE7FF24EAE738CF040097
S214025F58014BB3F868007047445500200048704764
S214025F68AE550020014B1878704700BFD361002059
S214025F78014B1870704700BFD3610020194B0228E6
S214025F8810B5187002D0043801281BD8164B1B7897
S214025F98042B03D00021154816F004FB144B1B688B
S214025FA89A001BD513F0805F40F6114418BF4FF4D1
S214025FB84164204611F0A3F990B92046BDE8104086
S214025FC810F098BD0948FFF7DFFE0A48FFF7DCFE27
S214025FD8162412F054FF11F08CF9EAE71524E8E7C4
S214025FE810BD00BFD7610020D8610020D469002008
S214025FF88C480020F8470020024B187800F00F0063
S214026008704700BFD7610020034B187800F00F00D6
S214026018831E584258417047D761002008B512F0CF
S21402602819FFC0B112F02FFFA8B10AF0A7FF90B966
S2140260380A4812F0C1FC70B1094812F0BDFC50B112
S21402604810F0CBFD38B111F05CF920B9BDE8084074
S214026058044812F062BD002008BD00BF305B002075
S214026068625B00200C56002030B505460C4693B0FD
S21402607881B910B9002013B030BD1023214A6946F1
S2140260880120FFF7FBFE9DF805305A1E052A28D97F
S2140260981720F0E7182200212046F7F7E5FD002D25
S2140260A8EBD1FFF7B1FF30B310F062FC6A46014647
S2140260B80020FEF7A5FEBDF80430204623819DF891
S2140260C80230A3729DF80030E37213F062F80023E0
S2140260D804F11401237304F1100003F0CBFDE081F0
S2140260E8C8E7094A9DF8041012789142D0D12B705D
S2140260F8002CD6D1BEE7054B1B78033B022BD3D91F
S214026108C6E700BF64EE0100056C0020D7610020D8
S21402611830B593B005460C46FFF776FF20B90C4B10
S2140261281B78033B022B10D810F022FC6A46014665
S2140261382846FEF765FE00209DF802306070237040
S2140261489DF80030A37013B030BD1720FBE700BFE0
S214026158D7610020054B1878012805D000F0FD000D
S214026168A0F1310358425841704700BFD76100205A
S2140261781FB50146002201A816F0E4FA064801A94E
S21402618816F0A0FD20B116F021F94089C0F34000B0
S21402619805B05DF804FB00BFAA6B002030B585B0D9
S2140261A80D460022014601A816F0CCFA084801A9B5
S2140261B816F088FD50B116F009F904460146082281
S2140261C82846F7F7A3FD6089C0F3400005B030BD46
S2140261D8AA6B0020F8B50546F8B100210F4816F05C
S2140261E80EFD0446A8B10D4F204616F0EFF80646F7
S2140261F816F094FA830705D4082229463046F8F79B
S2140262087FF838B12146384616F01DFD04460028A8
S214026218EAD10024201E18BF0120F8BDAA6B002070
S21402622810B50C460146064816F04CFD30B116F07D
S214026238CDF843891C4214BF0120002010BD00BFC0
S214026248AA6B00201FB51446024601A816F07AFA71
S214026258074801A916F036FD40B134B116F0B6F873
S214026268142201462046F7F751FD012004B010BD5E
S214026278AA6B00201FB50146002201A816F062FA92
S214026288094801A916F01EFD58B116F09FF8438971
S214026298024613F0020004D0507B80F00800C0F3D8
S2140262A8C00005B05DF804FBAA6B0020F7B59DF8A0
S2140262B824400D4601949DF82040064600941F4649
S2140262C814F004F84FF6FF718842044610D0BB0754
S2140262D811D4284600F056FF204616F01AFDFF286D
S2140262E81FBF084A32F8103023F4804322F81030D1
S2140262F8204603B0F0BD02462946304612F0A3FCFB
S214026308EAE700BF005B002073B50E460146144854
S21402631816F0D8FC0546D8B116F058F84389044654
S214026328334012D09B0736B20BD5002E09DAA17B72
S214026338437B0289007B0191012100912146FFF7E8
S214026348B5FF638923EA06036381628912B10120D5
S21402635802B070BD2946024812F084FBF7E700BF78
S214026368AA6B00200148FFF71FBA00BFAA6B0020DD
S21402637813B53E4C0DF00FFED4F8FC311020C3F3D3
S21402638807430193FFF7C4FD000650D50020FFF728
S214026398BFFD01064BD5019B802B3ED1236A9A0787
S2140263A804D440F61544204602B010BDE3699B07A4
S2140263B8F7D52F4812F05AF8012012F0BEF90DF060
S2140263C8FDFD04460028EED100F042F9294812F0F5
S2140263D87EFB00F099F9E8F7ADF80DF0DBFD08F062
S2140263E803FF08F055FFF4F7D7FAF4F775FBF4F74E
S2140263F88FFB03F0DBFD10F0EAFB10F0EBFB10F06E
S21402640883FF1D4813F06BFF06F08CFA10F03FFF6F
S2140264180028C8D010F03DFFC5E7019B812BC0D1EC
S214026428D4F80C315B00BCD5D4F80C31BFE7102089
S214026438FFF76EFD0006BCD40020FFF769FD0106D3
S214026448B7D5019B802B05D1084B1A6AD207A8D567
S214026458DB69ACE7019B812BA3D1044BD3F80C2153
S214026468002A9EDAD3F80C31A1E700BF0080E00FBD
S214026478690345EC0C5600207961020010B512F04B
S214026488FBFC70B301F0E0FA80F00104E4B20020ED
S214026498FEF724FC44EA800424B212F0DBFC10BBAC
S2140264A802200443164816F0D8FB44EA401415485E
S2140264B816F0D3FB24B244EA0014134816F0CDFBB8
S2140264C824B244EA8014114816F0C7FB24B244EA00
S2140264D840240F4816F0C1FB24B244EAC02080B21A
S2140264E810BD0124D3E70B4812F066FA0028D7D06D
S2140264F8094812F061FA80F00100C0B24000D0E705
S214026508146A0020F86A002090480020786A002062
S214026518D86A0020305B0020625B002008B501F0D4
S2140265287FF8FEF709F8144812F046FA08B904F09C
S21402653825FF124812F040FA08B906F0DDF902F013
S21402654895FF0F4812F0F5FA0E4B1B78043B022B08
S21402655809D80D4816F081FB28B1FFF78FFF1028DF
S21402656801D107F0E1FC10F03AFB12F07BFBBDE824
S21402657808400648FFF75AB9305B0020625B0020E5
S2140265880C560020D8610020F86A0020B0CF04001C
S214026598014B1868704700BF405500204FF6F77346
S2140265A870B5984204460D4686B043D812F068FB8A
S2140265B8A04207D1082220492846F7F7A7FB002061
S2140265C806B070BD1D4EB6F86830A3420AD1002246
S2140265D8082106F16A0012F0E1FA18B9082206F153
S2140265E86A01E9E784B1002301221946204600938E
S2140265F808F05CFDFF2811D12946204608F000FF66
S21402660880F00100C0B2DBE70D4B1B689B07EAD49B
S214026618284606F0FBFD0028E5D0D0E702A913F0CD
S21402662800FD0028E8D1DDF80D302B60DDF81130CA
S2140266386B60C4E70120C3E75D6200204455002072
S2140266488C480020014B1870704700BF056C00206C
S21402665810B5054C082221460448E8F721FE2046D4
S21402666812F048FB10BD00BF5D62002034B608C0B9
S214026678004870475D620020082208B50349F7F70C
S2140266883FFEB0FA80F0400908BD00BF5D620020F8
S214026698014B1870704700BFCB610020F7B50D4656
S2140266A8044616461F460021284601F061FD0B4B9C
S2140266B8002183F859402A463346204600970AF0B6
S2140266C83FF9014630B10222204603B0BDE8F04049
S2140266D800F006B8012003B0F0BD00BF4455002004
S2140266E813B513460C461AB1022A0CBF13460123E9
S2140266F80021044A019100922246FEF71DFC02B0D0
S21402670810BD00BF638F030000B5002093B0FEF7EC
S2140267188FFB1E4B188813F0E3FD1D4B1D491A7894
S21402672800200AF091F9342200216846F7F79CFA0D
S2140267380B238DF800306FF4803301934FF6FE7307
S214026748ADF8103003238DF81D30134B134A089307
S214026758134B10680993134B51680D93124B6A46F4
S2140267680E93124B0F93124B1093124B119302ABCC
S21402677803C300210846FEF7F9FD6A4601210020F8
S214026788FEF7F4FD13B05DF804FB00BF966B00201D
S214026798146C0020AC7B0400B96B02005D6200201A
S2140267A8FF8C0300A1980200616D0200CDA70200CB
S2140267B8638F0300D1940200014B1878704700BF1C
S2140267C865620020014B1888704700BFAE6B002038
S2140267D82DE9F74F814610460E46904616F0A7F961
S2140267E8DFF840B105469BF8003033B94A4B1B68C0
S2140267F81BB94A4B1B68002B7FD015F4406A05F07C
S21402680840071BD19FBBB5F5804F61D24FF4807409
S214026818B9F1400F73D0B9F1800F63D0B9F1100FF8
S2140268286BD100239BF800003D4AD9B2884264D94E
S21402683832F8021B0133A142F7D166E008F10300E1
S21402684816F075F94FF6FF73984214BF0124022416
S21402685887B1052705F44043B3F5004F44F0080412
S21402686825D0B5F5804F24D244F4807421E05446EE
S2140268780327EFE7B5F5804F4FF00507F4D3BAF5CF
S214026888406F14BF022008203844404416F04FF9DF
S214026898019012F012FA019B05F4404598420CBF8B
S2140268A844F0080444F00404B5F5004F01D144F05E
S2140268B88004BAF5006F0FD108EB070016F037F917
S2140268C8054612F0DDF9A842A2D144F010049FE76B
S2140268D8544603270220D7E7BAF5406F08BF44F0AC
S2140268E8200495E70C4B1B683BB10022D1B233F863
S2140268F8110033F91110002903DA002008E0074BCB
S214026908F1E7A04202F10102F0D106B1348001207B
S21402691803B0BDE8F08F00BF1C56002020560020AA
S214026928805B00209E620020034B1A78022A04BF6E
S21402693809221A70704700BF666200200C22034BB9
S2140269481A211A700320002201F090BD6662002008
S2140269580C2208B5054B1A211A700022104601F0BF
S21402696885FD0022024B1A6008BD00BF6662002041
S214026978285600200C2270B50D4B05461E781A7054
S21402698830B93046BDE8704000221A2101F06EBDCB
S214026998084B1C78E1B21A29F3D825FA04F3DB0768
S2140269A803D54422304601F061FD0134F2E700BF08
S2140269B8666200202D6C00200C22024B1A7010F022
S2140269C899BC00BF66620020F0B50C8805460E46E4
S2140269D88BB0E4B94FF6FF77ADF8247010F09FFC41
S2140269E810B902200BB0F0BDCDE90340CDE905444D
S2140269F8134A0294B2F85C306032019300923B4626
S214026A084CF60101FF2009AA13F085FC30802846BF
S214026A1812F07CFA0B4C70B1237863B1013BDBB2FF
S214026A282846237012F072FA38B12078B0FA80F04D
S214026A384009C0B2D6E70523F2E70120F9E700BF0E
S214026A48445500202C6C0020034B11461B6803B1EA
S214026A58184710F00FB800BF285600200C22024B29
S214026A681A7008F039BF00BF666200200148FEF7B8
S214026A789BBE00BF325B00207FB505460C46164615
S214026A8815F0CEFE00286BD1062D03D85223EB4014
S214026A98DB071AD4B4F1006F05D3E30E1C3B032BB5
S214026AA818D94F202EE000222F4B1A602F4B1D704C
S214026AB812F09AF803460A2D54D8DFE805F02D1886
S214026AC83E49182518535341360002F0A3F8B4F18C
S214026AD8006FE2D20022244B042D1A60234B1D704D
S214026AE8E6D1022001F0B6F912F07EF8034601223A
S214026AF802921F4A01921F4A00921F4A31462046B6
S214026B080AF078FA04B070BD314620461B4A04B033
S214026B18BDE870400AF056BA31462046184B194A64
S214026B2804B0BDE870400AF031BA00220292164A52
S214026B380192104A0092154AE0E702220B4B1A709D
S214026B4800221046124904B0BDE87040FEF7BAB9F2
S214026B58002202920F4A0192064A00920E4ACDE796
S214026B684D20CFE70120CDE7285600206662002098
S214026B787D690200B96B02004F8F0300656A020046
S214026B8859690200516A0200C1690200D16902000D
S214026B983169020045690200118F030008B50AF040
S214026BA859FA0C22014B00201A7008BD66620020B2
S214026BB8F0B585B0ADF8060018B97621644815F028
S214026BC8D8FEBDF8060011F0DAFD0446BDF8060048
S214026BD811F0D5FD082846D00C2CBDF8060042D187
S214026BE811F0BDFE074615F0A2FF0DF10F0106468D
S214026BF8BDF806000FF0DCFF002879D00922002134
S214026C08384615F023FB9DF80F301033C518BDF82B
S214026C18060015F0F7FBEDB2854269D22946BDF8A3
S214026C2806000AF025FB06F44C4416F440660546B0
S214026C3814D0F81C15F07BFF4FF6FF73984208BF76
S214026C4844F04004B6F5006F08D1781D15F06FFFC2
S214026C584FF6FF73984208BF44F010049DF80F30B1
S214026C685BB3072D44D1BDF8060011F07EFD04463D
S214026C78BDF8060011F083FD082817D0A30615D51F
S214026C8824F0200189B2BDF8060011F059FDBDF8BE
S214026C98060011F064FE0021092215F0D7FA00F169
S214026CA8100189B20DF1060013F05EFC0022BDF851
S214026CB80610284815F0A9FF1AE0082D16D8BDB107
S214026CC8013D072D14D801A353F825F0316D0200B3
S214026CD83D6D0200F96C0200FD6C0200F96C0200C0
S214026CE8496D02006F6C02004F6D02007C2D24D0A5
S214026CF805B0F0BD24F48844A4B2B4F5084FF7D121
S214026D08BDF8060011F036FDBDF8061013F0EDFAD0
S214026D180028A8D0BDF8060011F084FD002201461E
S214026D28022015F0CDFEE3E724F48064A4B2B4F59D
S214026D38484F97E7B4F54C4F94E7B4F54C4F92D0CA
S214026D484CF6500301E04CF640439C428AE700BFEB
S214026D58F46B0400305B00202DE9F7430F4690469B
S214026D689946064615F032FB0446304615F04AFBAD
S214026D78C5B2083D2C44E178094BA2781970094B34
S214026D8831461A70002043463A46CDF800900DF078
S214026D988DFD003818BF012003B0BDE8F08300BFA0
S214026DA8806200207F6200202DE9F04FDFF84081E4
S214026DB8DFF8409198F8002099F8003006469A4283
S214026DC885B004D340F21911424815F0D2FD304678
S214026DD80DF10F0115F0CEFC20B14FF48E713D482F
S214026DE815F0C7FD98F800709DF80F403D1B15F08A
S214026DF8FF0530D04FF0FF3C374B01211B78A140EE
S214026E08184699F800304FF6FF790CFA03FC00236F
S214026E18324A01F1FF3E0193C1F1000A9DF804309F
S214026E28984243D8122004FB00002D4BA0F1120111
S214026E3805EBC5025200194404F101091844F6F795
S214026E4865FF4FEA89092748A9F104010144AA0007
S214026E584844F6F75BFF224904EBC40201EB4203FF
S214026E6821F81260204A013712784FF6FF71DA735A
S214026E781A745A7412025A801C4A0D2012781A7111
S214026E8810225A7100229A73C3F80620C3F80A2001
S214026E98144B43F8242088F8007015F011FE0EB93A
S214026EA813F082F8204605B0BDE8F08F13884B45EC
S214026EB80AD053680AEA030B03EA0E030B4403EBF1
S214026EC84B0343EA0C035360019B083201330193D8
S214026ED8A4E700BF076C0400116C00205C46002083
S214026EE8CC5A0020584600208062002067620020A4
S214026EF8D16100200F6C002010B5074C2046FEF723
S214026F0843FF04F06BFB02F0DDFE2046BDE81040AE
S214026F184FF47A5115F046BBD46900202DE9F041AA
S214026F28074600250A4B0B4E93F80080ECB2A045A4
S214026F3803D8FF242046BDE8F08108223846B11D52
S214026F48F7F7DEF901350028F4D01236EEE700BF6F
S214026F58D1610020CC5A002007B50DF1070115F0C3
S214026F6809FC30B19DF80730034803EBC30300EB76
S214026F78430003B05DF804FBCC5A00202DE9F84321
S214026F88294E044633785D1E2D1A8342EDB204D884
S214026F984FF4A171254815F0ECFC0123A3404FF0ED
S214026FA8FF305F1E3B4400214FF6FF7E6FEA030860
S214026FB81F4A92F800C01F4A127890401E4ACBB267
S214026FC89C4523D8BDB127B204EBC4041B48640011
S214026FD805EBC50204F11201014452002044F6F7FB
S214026FE895FEBF001648AA00391D014402F0FC02AD
S214026FF83844F6F78BFE33780022013B33704FF69F
S214027008FF71BDE8F8430E2015F05ABD1388734584
S21402701807D0536808EA03093B4003EB59030343C6
S214027028536008320131CAE7D1610020076C0400B8
S214027038116C00200F6C00205C460020CC5A002001
S2140270485846002010B50A4C207858B9094B1B78C8
S2140270581A2B03D99921084815F08BFC0322074BF3
S2140270681A7010BD0138C0B2FFF788FFECE700BF00
S214027078D16100200F6C0020076C0400CD6100204F
S2140270882DE9F047054615F033FEFF28044624D1BD
S214027098DFF884901E4B99F800201B789A422BD270
S2140270A82846BDE8F047FFF77FBE38883B7950454B
S2140270B818D86F2B4FEA131214D85B0710D0123762
S2140270C808F1010899F800105FFA88F6B142ECD880
S2140270D80023104ADEB28E4214D32046BDE8F0875B
S2140270E8022AECD913F0D1F80028E8D1294630460E
S2140270F8BDE8F04711F04BBF4FF000084FF6F77A9D
S214027108044FDFE7107901338F28EFD81232E1E710
S2140271180F6C0020CC5A0020D16100204FF6F7737E
S214027128984210B514D8FFF7ABFFFF2810D0134CBF
S21402713800B200EBC00004EB40040DF0C9FD104994
S21402714838B962880B7802EB0313A3EB1213638039
S21402715810BD227C637C09789A42E27323746174B8
S21402716807D98B4203D213468B4228BF0B461B0213
S214027178EDE78A42F8D31346F9E700BFCC5A002057
S214027188806200202DE9F04106460F4600240E4D87
S214027198DFF8388098F80030A34201D8BDE8F081BD
S2140271A8082229463046F7F7ABF840B935F8063CC8
S2140271B8BB4204D02046FFF7E1FE013CE4B20134AC
S2140271C8E4B21235E6E700BFD25A0020D1610020A9
S2140271D8F8B5054608460E46FFF7A0FEFF2830D04B
S2140271E81D4B294653F820703046FFF7CBFF28463A
S2140271F8FFF746FFFF28044625D113F061F8FF285B
S2140272080AD1164C207838B10FF0B5FB2378B0FBBC
S214027218F3F202FB1300C0B2294611F0B8FE044688
S21402722823B20F4D03EBC30305EB43050822314691
S214027238A81DF6F76BFD2B79204603F00F032B717A
S214027248F8BD0027D3E7074B1B78002B18BF00278B
S214027258014B43F82070E3E7584600200F6C0020E5
S214027268CC5A00202E6C002038B50B4B04461B78EF
S2140272780D46834204D840F25A21084815F079FB95
S214027288074804EBC40400EB44002946BDE838402E
S21402729808220630F6F73ABD0F6C0020076C040089
S2140272A8CC5A002070B5044608460E4615F020FD56
S2140272B8FF28054610D02046FFF730FEFF2807D0E5
S2140272C8084B1B7823B9084B53F8202043F825208F
S2140272D821462846FFF7C8FF31462046BDE87040DB
S2140272E8FFF750BF2E6C0020584600202DE9F843C1
S2140272F80024804601272646114DDFF84C9099F85F
S2140273080030A34210D83E430134E4B21A2C4FEAA6
S214027318470705F11205F2D14FF0FF30094B1B78EB
S21402732898403043BDE8F8832B884345EBD028467F
S21402733811F076FE0328E6D82B796F2BE3D8E3E71D
S214027348CC5A00200F6C0020D161002010B5084CE2
S21402735800EBC00004EB400423795B0707D1204604
S21402736811F05EFE237923F007031843207110BD3F
S214027378CC5A00200022084B1878084BD1B2884213
S21402738803F1120300D8704713F80D1C013221F0DE
S214027398100103F80D1CF1E7D1610020CC5A002039
S2140273A82DE9F04702261227DFF85C90DFF85C80AA
S2140273B899F8004000250CE007FB05F338F803A00F
S2140273C80021504611F041FE10B15CB1013CE4B216
S2140273D8013599F80030EAB29342EDD8A34204D1B7
S2140273E84FF6FF7A5046BDE8F0870FF0C4FA99F8D0
S2140273F80030012EA3EB040390FBF3F202FB13000A
S214027408C4B2EDD00126D5E7D1610020CC5A0020BF
S214027418034B00211A7803489200F6F725BC00BFF2
S2140274280F6C00205846002010B5134B0C461B78EC
S21402743886B0834212D9114900EBC00001EB400125
S214027448082220460631F6F761FC0022082120466B
S21402745811F0A4FB80F00100C0B206E0C01A01A930
S214027468C0B212F036FF10B1002006B010BD01AB54
S21402747803CB20606160E8E70F6C0020CC5A00203E
S21402748808B5074B024653F820308B4206D915201A
S2140274984FF6FF7115F014FB002008BD0120FCE72B
S2140274A858460020024B013143F82010704700BFAF
S2140274B8584600202DE9F34781460C4600272A4EF7
S2140274C8DFF8ACA09AF80030FDB2AB4210D8694695
S2140274D8204612F017FFC0B3082269464846F6F758
S2140274E80FFF90B34946204612F055F8FE2537E0BE
S2140274F806F10608082241464846F6F701FF90B903
S2140275084FF6FF739C422BD03388A34228D02046DE
S21402751815F0FFFBFF2814D14946204602B0BDE805
S214027528F047FFF755BE14B912360137CAE7338853
S214027538A342F9D100220821404611F02FFB002869
S214027548F2D12846FFF71AFDCCE74946002015F087
S214027558DEFBFF28054603D0044B1B780344DDB246
S214027568284602B0BDE8F087CC5A00200F6C0020EF
S214027578D16100200F4B1B7883420CD8C01A0E4AE2
S214027588C0B232F81030D90411D443F4805322F82A
S214027598103001207047094B00EBC00003EB400394
S2140275A85A79D10603D442F010025A71F1E7002044
S2140275B8704700BF0F6C0020005B0020CC5A0020EA
S2140275C8F0B5134B06461B78FBB100251148DFF8C9
S2140275D84CC090F800E0104807781F44E8B2864589
S2140275E801D80020F0BD7C1B94FBF3F003FB10448B
S2140275F80CEBC4003CF83440B44204D1002AF1D162
S21402760884788C42EED00135E8E71846EAE700BFF0
S214027618116C002078480020CF6100205C460020CC
S21402762870B50CF0A9FC14250F49104E0B78328859
S21402763830809B1A03449BB2B3FBF5F405FB143364
S2140276480B700B49E2B20B78934292BF00239B1A47
S214027658DBB2032A0B7088BF002306499EBFD200FE
S2140276680B68D3400B6070BD69620020345B002053
S214027678CE61002078480020084B1868084BC2B232
S2140276881B789A4208D2074BC0F307201B78984209
S21402769834BF002001207047012070477848002038
S2140276A8116C002068620020F8B505461746FFF7F9
S2140276B8E3FF064610B9184B1A783AB92120012278
S2140276C84FF6FF7115F0FCF90020F8BD1348DFF8F5
S2140276D854C003780133B3FBF2F402FB143303708D
S2140276E80F48DCF8002000EBC30420F8335002F100
S2140276F80132A1703846CCF80020FFF7F7FDE67095
S214027708606011F0BDFAA84201D10120DDE7E378F6
S2140277180133E370F9E700BF116C0020CF61002047
S2140277285C4600207848002010B50B4C0B4A23789C
S214027738063B13700CF020FC0022094BFF21188030
S214027748084B09481A602278D200F6F78DFA042206
S214027758064B1A7010BD00BF116C0020686200202C
S214027768345B0020784800205C460020CE6100206A
S2140277782DE9F843074615F0F5F805461A4815F0B8
S2140277886CFA1A4B48B31C683C1B2C44A4B2002261
S214027798174BDFF864901B78164D99F8006005EBD6
S2140277A803155FFA82F8464509D9AB8805F1100039
S2140277B8A34215D9B21A29461201F6F7A7FA0136D4
S2140277C889F80060AC80B8F1000F03D13946064844
S2140277D814F0E8FE2846BDE8F8833C461D60D6E766
S2140277E805460132DDE700BFF46900202C5600206A
S2140277F86B620020584500206C6200202DE9F74F86
S21402780815F0B0F84FF0000E284D294F2978294C6C
S21402781897F800A004EB011303EB0A120092F34652
S2140278285246DFF898801FFA80FC0646B8F8000031
S214027838ACEB0009A0EB0C001FFA89F9019000983E
S214027848984217D1BEF1000F00D02970524503D2D4
S21402785800203A70FDF7DEFA3B7823B32B781648F9
S21402786804EB0314A188C8F8006003B0BDE8F04F23
S21402787814F098BEB3F804C0CC450FD84FF0010EEA
S21402788893F802C001310CF1FF3C013AA3F804B0A8
S21402789883F802C0C9B2D2B21033D0E70198844442
S2140278A8A3F804C0F8E703B0BDE8F08F6B620020C7
S2140278B86C62002058450020F46900202C560020EF
S2140278C87FB56C461E4B1F4D1E78013EF6B21E70E3
S2140278D895E80F0084E80F001B4B28461A7805F136
S2140278E8100132441201F6F711FA9DF8026016F0FA
S2140278F80F0511D1BDF8080009F02CFE360918BF8D
S21402790829464FF00002BDF8000008BF039904B0EC
S214027918BDE8704002F022BDBDF80400FFF728FF5C
S2140279280346828804ADADF80420224603CAAA425A
S21402793818605960144603F10803F6D104B070BD06
S2140279486B620020584500206C620020F8B50024BF
S214027958084D094F094E3B783178E2B20B449A42F9
S21402796804F1010400DBF8BD2846FDF71DFF1035BB
S214027978F1E700BF584500206C6200206B620020C9
S21402798870B5134B06460D46104612491A78124B26
S21402799809781B780B44934206DB1F204FF6FF71CB
S2140279A815F08EF8002070BDFFF7E2FE013506805E
S2140279B88570044614F0D1FFE08009F0D1FD40F648
S2140279C802432081E3600020FDF724FA0120EAE75B
S2140279D80E6C00206C6200206B6200202DE9F843D2
S2140279E886460023144FDFF85C803E7898F80050ED
S2140279F812497219DCB294421CDA4FEA041C31F8B6
S214027A080C900133F14501EB0410F3D1631CD21A32
S214027A180CF1100C12016144F6F778F9A5428BBFF7
S214027A2805F1FF3506F1FF3688F800503E700CB9AE
S214027A38034B1C70BDE8F8836C6200205845002092
S214027A486A6200206B620020044B054A1B78127893
S214027A58D3420CBF01200020704700BF6B62002093
S214027A686C620020024B1878003818BF0120704755
S214027A786B620020002108B5084B09481970094BAB
S214027A881970094B1970094B1A781201F6F7ECF8B7
S214027A98BDE808400648FEF777B900BF6C620020CA
S214027AA8584500206B6200206A6200200E6C002097
S214027AB8F469002010B50B4C23784BB10A4802F043
S214027AC83BFD58B1084B0121188811F0CBF908B9CB
S214027AD8002010BD0122054B1A70FAE7FFF7F0FEE8
S214027AE8EAE700BF6B620020584500206A62002061
S214027AF810B50E4B1B78BBB10D4C238883424FF052
S214027B08000311D10B4AE160137049B9A378103308
S214027B18A37011F071FC18B9A37823F00F03A370B1
S214027B28FFF7CEFE012010BD1846FCE76B62002068
S214027B38584500206A62002070B592B00C46064688
S214027B480EF016FFE17A05460020FCF733FE28B34E
S214027B5894F90A0011F02DF810BB134BE27A294665
S214027B6883F85820A27A83F85A206A46FDF748F91D
S214027B784FF6FE739E420CBF4FF6FF7323896A4682
S214027B8829460020ADF80660ADF80430FDF7EEFB96
S214027B9840B92289054B5A8012B070BD5520FBE7C2
S214027BA85620F9E72120F7E74455002030560020F2
S214027BB810B50446014608220948F6F7A7F8237BBB
S214027BC8022B0AD8002B14BF3122012205490B705A
S214027BD817234B61044B1A7010BD00230122F5E7E8
S214027BE83456002030560020D76100200146102364
S214027BF80120014AFEF742B964EE0100014B5861C2
S214027C08704700BF30560020014B1878704700BFF7
S214027C183056002010B5054C2378112B03D0E221EC
S214027C28034814F0A6FE4123237010BDD761002036
S214027C38126C0400064B01461B78042B04D1054A35
S214027C48137E053313767047034814F0ABBC00BFA7
S214027C58D861002030560020146A002008B506486D
S214027C68FDF7A2FD0548FDF79FFD0EF0ADFFBDE846
S214027C78084000F0EBBF00BF305B0020625B0020CC
S214027C88064B1878332806D000F0EF00A0F143031D
S214027C985842584170470120704700BFD7610020FC
S214027CA8002208B5074B4FF6FE701A7010F0F4FF64
S214027CB84FF6FF7011F00DF8034B5869BDE80840FF
S214027CC80EF018BFD76100203056002008B5064BC4
S214027CD8187838B10548FEF743F84FF47A73B0FBC4
S214027CE8F3F0C0B208BD00BFCC61002038480020BF
S214027CF82DE9F0438BB00746154698460E469DF882
S214027D08489049B9104605AC15F003F8214612F01A
S214027D18E0FA172818BF2646B9F1000F0AD1124B07
S214027D281B781BB9284612F0F1FAD0B92846FEF796
S214027D38A1FA02E0284612F0E9FA80F00104E4B259
S214027D489DF850302A4602939DF84C303146CDE9CC
S214027D58009338464346039411F0C8F90BB0BDE8C1
S214027D68F0834C46ECE700BFD36100200022014BAB
S214027D781A7670473056002008B50020FEF788FCB1
S214027D880023024AC2E90133538008BD3056002058
S214027D9810B5144B1B78033B012B16D8124BB3F8BD
S214027DA868204FF6FF739A420FD10320FEF7E6F8D3
S214027DB801F052FFFFF7E0FF002014F0FDF978B15A
S214027DC8BDE81040002010F0D8BDFEF7C7F80446FC
S214027DD8FEF7BEF80146204607F01AF80220E5E745
S214027DE810BD00BFD86100204455002008B5114ACE
S214027DF8114B58611378032B1BD0D3B1332B01D008
S214027E08432B10D10D4B1B78033B012B05D80323BC
S214027E181370BDE808400EF06DBE0EF06BFEBDE8AE
S214027E280840FFF7B5BF21231370BDE8084001F0EC
S214027E387DBD08BDD761002030560020D8610020DD
S214027E4808B50348FDF7A0FFFFF796FF022008BD16
S214027E583848002038B5114D04462B78834218BF9F
S214027E6828700FF054FA80B124B920460FF051FA60
S214027E7802220DE001200FF04CFA2B781A1F012A75
S214027E8805D9062BF4D1032202E0002CF5D10122F3
S214027E98BDE838400021084611F068B8D8610020CD
S214027EA830B5044685B068460D46FFF79FFE94B186
S214027EB800212846144A01F0F3FE144B20681B786A
S214027EC861688DF80430124B1B788DF8053002ABCA
S214027ED803C305F071F90F4B93F8582093F85A30FC
S214027EE88DF803208DF8023010F0E7FEADF800009A
S214027EF810F0C6FE1023ADF8060069460020064AB2
S214027F08FDF7BCFF05B030BD00F8FF07056C002082
S214027F18D86100204455002064EE010010B5104BCD
S214027F2804461A780F4B002083F8582014F044F9B8
S214027F3810B1002010F021FD00210846FFF7B0FF1F
S214027F480FF0D7F92046FDF749FA40F617400EF02B
S214027F58D1FD0023044A1380044A138010BD00BFD3
S214027F686D620020445500200A5B0020085B002052
S214027F781FB504466846FFF739FE54B100238DF84C
S214027F880530102369460020064AFDF777FF04B03D
S214027F9810BD10F075FEADF8060010F08EFEADF8B6
S214027FA80000EEE764EE010010B501460446002024
S214027FB8FCF700FC90B10C4B1B78023B032B0FD846
S214027FC80A4B1C7014F02CFC60B9094A0949FCF7E4
S214027FD879FF003818BF0120800010BD5520FCE745
S214027FE80220FAE74D20F8E7D76100206D620020EC
S214027FF875A80200257F0200F8B5064614F010FCA4
S214028008044668B914F0D8F850B1064D204695F8DB
S214028018587085F8586010F0B0FC10B185F85870A2
S2140280284D20F8BD445500202DE9F04180461846FB
S214028038033B012B0E46174602D918B1212438E015
S214028048FFF708FF274B1D78022D08D0032D46D1CF
S214028058B8F1000F03D1244B1B689B073FD433208B
S214028068FDF78CFF01F096FAB6F1006F34BF1F4B8E
S214028078052231464FF0060038BF1A78FEF7FCFC98
S214028088044628BB1A4D2873012000F017FE10F08C
S21402809814FE68802846B8F1000F0DD0022300F8B7
S2140280A8043B11F076F86C732F61394630460EF0B1
S2140280B865FC2046BDE8F081012300F8043B11F078
S2140280C868F86C732F61394630460EF056FCF0E7B6
S2140280D82846FDF753FFB8F1000FF4D0E5E702246F
S2140280E8E7E700BFD76100208C4800202F6C0020ED
S2140280F830560020034B187818B9034B034A1B78EE
S214028108D05C7047D6610020D861002094D0040065
S21402811838B5437B0446DB0703D590F909000FF010
S214028128E7F800250F4B83F859502079FFF764FFCC
S214028138FFF7E0FF61882488034622462846FEF7B2
S214028148ADFA044620B11720FFF750FE204638BD88
S2140281581723054DC82105486B6114F023FA03233B
S2140281682B76F3E74455002030560020146A002088
S214028178F0B51A4D06460C4693B0A5F8680005F108
S2140281886A0729BBC5F86A1079600EF0F1FB6A46E1
S21402819801460020FCF734FED5F86A30ADF81060C8
S2140281A8CDF812307B68CDF816300EF0E1FB6A4641
S2140281B801460020FDF7DAF84FF6FF73B5F86800B7
S2140281C8984203D014B106490EF0DBFB13B0F0BD9B
S2140281D808223846F5F79AFDD7E700BF445500202F
S2140281E8AE5500202DE9F041DFF8B8801F4698F812
S2140281F8003005460C4616461BB102252846BDE841
S214028208F081531E052BF8D814F00AFB0028F4D187
S2140282183B7B032B14D14FF6FE739C4212D1012EE0
S21402822809D0022EE9D110F02BFD4FF6FB739842C7
S21402823803D810F025FD044604E011F07CF9FAE7AD
S214028248012EDAD0EDB939462046FFF775FC054609
S2140282580028D3D198F80030332B03D0532B1CBFF9
S2140282680E4B18613046FFF7F5FD00214FF6FF70FA
S214028278FFF77EFF0A4B1B78002BBFD012F02CF8B4
S214028288BCE7397B721ECB1E5942594150425041B7
S21402829805F07CFF05460028D5D0AFE7305600200B
S2140282A8306C0020D76100202DE9F04105460F46C4
S2140282B8904610F0E5FC6B7B0446DB0703D595F980
S2140282C809000FF015F810F0DBFC384B384E188012
S2140282D810F0F3FC374B1880FDF73AFE364B188041
S2140282E8FDF73CFE082201463448F5F70FFD10F06C
S2140282F889FC334B18702879FFF77EFE00216888C0
S214028308FFF736FFFDF726FF60B14FF6F672631EDB
S2140283189BB2934206D911F00EF9B6F868300446B5
S2140283288342F8D0204610F0B7FC288810F0D1FC1B
S2140283384146B6F86800B847044628B91920FFF738
S21402834855FD1920BDE8F081B6F8681010F051FA0C
S21402835800231C4D86F859302B7803F0FB03022BBA
S21402836802D0204610F0B2FE002220461146FFF741
S21402837807FB0446B0B117236B61134B1B78042B1B
S21402838809D1C821114814F00DF903232B7684F07D
S2140283980100C0B2D6E74FF416710C4814F002F981
S2140283A80023F3E71720FFF721FDF0E73A5B0020EA
S2140283B844550020385B0020365B00206E620020A1
S2140283C87662002030560020D8610020146A002009
S2140283D8F0B50C461E460B462049074689B004F1FE
S2140283E8140053F8045B834241F8045BF9D11B88F6
S2140283F802AD0B80D4F80E00D4F81210238803C5F9
S214028408ADF8103023798DF812208DF8133000233A
S2140284183A468DF814304FF6FE71012002ABFFF78C
S214028428E1FEC8B902A8FFF7C3FB237B4BB10C4D8C
S2140284380C4B01AA2946012001930EF037FF2A7831
S2140284481AB92046FFF764FE03E020460199FFF7B3
S2140284582BFF08B9044B1E7009B0F0BD3C5B002028
S21402846830560020B19103007762002001232DE9DF
S214028478F341304E05460F4600202F4914467373C3
S21402848800F0EAFB0EF036FFDFF8AC8038B9012DB3
S21402849801D9042D0FD1214638460EF0EFFA1020E6
S2140284A8002111F031FF00283CD0002002B0BDE8C0
S2140284B8F041FCF7AFBC002CF1D1204B1B78212BE6
S2140284C803D0062B01D0532B02D101F02FFAE6E790
S2140284D8FDF740FE0028E2D000F0EAFB28B9307B20
S2140284E8C0F11800FFF782FCD9E7154B4146204633
S2140284F8019300F0B1FB20B140F61901114814F0BF
S21402850838FA01AA0B4998F80C000EF0CFFE32781A
S2140285181AB90948FFF7FCFDC1E701990648FFF7B3
S214028528C3FEBCE7FFF79EFA0028BED102B0BDE83C
S214028538F08100BF305600203C5B0020D761002047
S214028548B1910300126C04001FB5144B04461B8835
S214028558DB0707D44FF6FF700021FFF709FE00205D
S21402856804B010BD0A230E4A012001A9FDF786FCB5
S2140285784FF6FF73BDF80C209A42EBD00822FF2173
S21402858801A810F00BFB0028E4D10CB90120E7E79C
S214028598BDF80C0001A9FFF7EBFDF7E7545B0020D6
S2140285A826E1010038B50C46154610F075FB02F0B8
S2140285B853FF29462046FFF7DBFD00F079FB48B15A
S2140285C8054BDB790E2B28BF0E230133DBB2034A99
S2140285D8137038BD0123FAE73C5B00208362002053
S2140285E838B51D46FFF7FEFD0446C8B92B7B28465C
S2140285F8032B03D1BDE8384010F0EABDFFF7D8FADE
S214028608084B25469C8110F0FDFA0121064B814055
S2140286181A780620FEF730FA044608B1034B1D7096
S214028628204638BD305600202F6C0020D761002027
S21402863830B5012087B0FFF787FF6B460446144A19
S2140286481068516803C384B904F0C4FD02A8FFF792
S214028658CDFA4FF6FF752246BDF80E002946FFF7FB
S214028668A1FF0EF092F907B030BD6B46094AD2F860
S2140286786A00D2F86E10B2F8685003C304F0AAFD76
S21402868802A8FFF7B3FA6A46BDF80E00E6E700BF8F
S214028698A6F403004455002037B5324B04461B782F
S2140286A81BB10224204603B030BD14F0B9F80028E6
S2140286B8F7D100F00DFB14B122882B4B1A8000214B
S2140286C80DF10700FDF7D0FC002848D110F052FD46
S2140286D804460028E6D1254D9DF80700FFF7BAFBA9
S2140286E82B78033B012B27D82046FFF72DFF18B31C
S2140286F8FFF79EFF00F0FCFEFFF74AFB012010F092
S2140287084BFA48B9184B1B889A0707D52346052201
S21402871801201749FFF788FC0446C3E7154D0223D4
S21402872829460120144AFDF7A9FB2B885B07B9D511
S214028738204600F0F1FEB5E72B78053B012BB1D8B1
S214028748FFF776FFFFF724FB2B78052B0CBF0420D8
S2140287580520FDF713FC012010F01EFADCE71724AB
S214028768A0E700BFD7610020545B0020D861002034
S21402877800F8FF07065B002027E101007FB500240A
S214028788184E194D3278E3B29A4201D804B070BD39
S2140287984FF6FF73B5F868209A421AD0134B1B8817
S2140287A8DB0714D5124AB5F8683010685168ADF878
S2140287B80C3001AB03C30F4A0A23002001A9FDF7B8
S2140287C85DFB022300200C4A0C49FDF757FB0134D7
S2140287D8D8E700220821064810F0E0F90028F6D16A
S2140287E8DCE700BF106C002044550020545B0020D4
S2140287F8AE55002026E1010027E10100065B0020B5
S21402880810B500F0C7FE01F013FCD8B10E48FDF70C
S214028818BBFA0E480E4C017A0E30FFF741FB23785E
S2140288281BB100F0F7F9002323700022094B1A73D4
S214028838FFF7AEFA07F0B8F900F012FFBDE81040ED
S214028848FFF79CBF10BD00BF146A00203C5B0020E7
S214028858776200203056002010B52548FDF794FAB6
S21402886801F0E6FB30B1234B1B781BB9BDE810407C
S214028878FFF7C6BF01F0DCFB78B11F4C237E83B13D
S214028888C8211B4813F08EFE0021237E0846013BB2
S2140288982376BDE81040FCF72BBBFDF75BFC0028EF
S2140288A8EBD1FDF757FC154B1B7858B9112B03D0A3
S2140288B803F0FD03412B19D1BDE810400E4B586951
S2140288C8FFF794BA332BF7D10D4B188810F0E4F95A
S2140288D80C4B188810F0FDF90B4B0C491888FFF75B
S2140288E847FC0B4B1878FFF787FBE5E710BD00BF80
S2140288F8146A0020D361002030560020D761002079
S2140289083A5B0020385B0020365B00206E6200204F
S214028918766200202DE9F04F0F4685B002AD044678
S21402892829463846914611F081FF4FF0000B8246E1
S2140289383846CDF804B010F012F84678022C804675
S21402894806F0020609D85CB1FDF704FC04460028C6
S21402895848D1754B01241B7865E0043C022C3AD9B1
S214028968FDF7F8FB38460FF073FF00240546A046CD
S214028978DFF8D8A138460FF0F2FF50F809300DF1AB
S2140289880500019314F0D3F89DF807B00746B8F12E
S214028998000F4DD1BBF1000F5BD0DFF88C9199F830
S2140289A800300BB1002E63D0002C61D05F4B1B78D1
S2140289B8022B5DD1BBF1000F53D1384610F06CF98B
S2140289C858465946FFF76CFA07F0EEF840F60740A5
S2140289D80EF090F834E010F0C1FBFDF7BBFB04463E
S2140289E8F8B15C464EB1524B1B78012B02D0043BC1
S2140289F8012B0BD805B0BDE8F08F4B4B1B782BB17B
S214028A084B4B1B7803F0FB03022BF3D0BAF1000F93
S214028A18404608BF002511F0FCFE4FF001088246CA
S214028A28A8E7414B1B78002BF0D0002EEED1E1E7E9
S214028A38BAF1000FAED05046FDF71EFE0028A9D1A7
S214028A48002013F0B9FB0028D4D000200FF095FFC1
S214028A58D0E74FF6F7739F429FD91720FFF7C6F95C
S214028A68EEE7FDF777FB48B13248FDF78DF9F4E7F4
S214028A78FDF770FB10B1BBF1000FF5D1FDF76AFBED
S214028A880028DDD02846FEF749FAFF28DFF89CA022
S214028A98294C03D09AF80030012B04D12946B4F8A1
S214028AA86800FEF795FBFEF751FC2A463846B4F8EE
S214028AB86810FFF777FD214B214A93F906301B020F
S214028AC813809AF80030012B19D0312B14BF432398
S214028AD811238AF800301B4B1648196813F062FDFA
S214028AE800F006FD0023124C99F80010237641B9CF
S214028AF8104813F057FD40F61B436361A0E71123A5
S214028B08E7E7B8F1000F03D016B1FFF779FEF2E7F0
S214028B180D4B1B78042BEED10521064813F042FDB7
S214028B2809232376E7E700BFD3610020D761002038
S214028B3830560020146A0020445500203C5B002072
S214028B48525B0020346A0020D86100205D62002053
S214028B5870B508468CB00D460FF001FF09220021B9
S214028B68064613F073FB044628460FF071FE0522EC
S214028B7828460DF10F0304A90EF00EF802281BD0A2
S214028B889DF80F3029461C440023E4B204F1100273
S214028B98365D01200093D2B20BF088FE60B1022E39
S214028BA80AD1064B1B78012B06D1054B187818B943
S214028BB822462946FFF7AEFE0CB070BDD7610020EC
S214028BC83056002008B5084B187050B1074B1B8862
S214028BD83BB14FF47A710648594313F0E3FC002080
S214028BE808BD0120FCE700BFCA610020B06B002068
S214028BF858470020014B188000207047B06B0020B1
S214028C0808B5FDF7C1F80022014B1A7008BD00BF6F
S214028C18CA61002010B50024044B05481C80054B89
S214028C281C70FDF7B1F8204610BD00BF565B002049
S214028C38386A00207862002008B50348FDF7A4F8D1
S214028C48BDE80840FFF7E6BF386A00200148FCF78F
S214028C58ABBD00BF565B0020F7B5134B04461B7826
S214028C680E46EBB183421DD90021104813F0C7FF08
S214028C78002501460D4F09B9012009E0AC4209D189
S214028C880024162322463046009414F04DF8204657
S214028C9803B0F0BD384613F0D6FF01350146EAE7C1
S214028CA81820F5E72720F3E778620020565B0020B5
S214028CB8014B1878704700BF7862002025289DBFB0
S214028CC8024B187000202120704700BF316C00202C
S214028CD8012307B51846064A0DF10701FDF7CEF837
S214028CE89DF80720034B1A7003B05DF804FB00BF1B
S214028CF829E10100B26B002084B010B502AC84E80A
S214028D080F00082224480DF11601089CF5F7F8FA18
S214028D1838BB9DF815309B0705D4204B1B7803F00B
S214028D28FD03312B23D11E496378097803F00F021D
S214028D388A4203D0012928D1022A18D12278B2B948
S214028D481B09022B13D194F90230002B21DB154B99
S214028D58B3F86820BDF80A309A4208D1FEF790FFA9
S214028D6806E0002208210C480FF018FF20B9002060
S214028D78BDE8104004B070470B4BBDF808205B886E
S214028D889A42C6D0002BC4D0F1E70229EFD1012AB5
S214028D98D3E70120ECE700BF34560020D761002055
S214028DA8056C0020445500203056002084B02DE97A
S214028DB8F0478EB016AC84E80F00DFF868C1564B51
S214028DC8BCF802009DF85D9010F001049DF962203F
S214028DD8BDF870E09DF875A09DF976709DF87850FC
S214028DE89DF97A109DF95E809DF860601B782FD0F9
S214028DF89DF87D00C0F34004C0F38000002B44D0E9
S214028E08464B1B78012B02D1002C00F08280C0B1A1
S214028E189CF800301E335BB2BB42ACBF002701276A
S214028E289845D4BF00230123BB4209D18A4208DBF6
S214028E380CD1A81BC0B280288CBF0020012000E0FD
S214028E4838460EB0BDE8F04704B070470020F8E791
S214028E5810F0020F18D0C3B1490814BF0120002031
S214028E68520814BF012300238342EAD1AB1BDBB2AC
S214028E78802B0AD9AE42E9D1B84506DB49D1CA45A4
S214028E8894BF00200120DCE70BB90120D9E7AE42E7
S214028E9816D002AC1CAF0FCF0FC497E8030044F8F5
S214028EA8040B2180DDE91A0116AB0090ADF8041018
S214028EB80FCB0EF0F4F90028E7D1AE42B9D1C0E7DD
S214028EC8BDF8583073451ED008AC0DF1700CBCE8DE
S214028ED80F000FC49CE8030044F8040B2180104CD2
S214028EE8638873450FD10822211D0DF12E00F5F770
S214028EF807FA024638B90821201D0FF04FFE10B9AE
S214028F086388002BC1D1B845BFDBC2D1CA45BCD8DD
S214028F18BFE7204695E700BF78620020D7610020A9
S214028F2830560020B26B002084B02DE9F04F8FB087
S214028F386A4E18AC08AD84E80F00162200212846AF
S214028F48F4F792FE33783BB90024654B32781B78E7
S214028F589A4239D2002726E00021624813F04FFED3
S214028F6800270446B846DFF87C91002C45D13FB16D
S214028F78224639465B480FF075FD3378013B33705D
S214028F883378002BE0D0002156484FF0000913F042
S214028F9836FE4F468046CA46DFF848B1B8F1000F9B
S214028FA86CD1002FD1D01621002218A80FF0F2FC9F
S214028FB8014648B1002F00F08B80224649480FF040
S214028FC809FD337801333370454B32781B789A4261
S214028FD807D94448002201880FF044FD3378013B44
S214028FE833703378012B03D13F49404813F0DAFA3D
S214028FF80FB0BDE8F04F04B0704700222146162392
S2140290082846CDF8008013F08FFE1622294618A8A7
S214029018F5F776F90028EBD09DF864209DF8243001
S2140290289A4225D1BDF86020BDF820309A421FD159
S21402903808220DF12E010DF16E00F5F761F9B8B9A7
S21402904802AF0DF1600CBCE80F000FC79CE80300E6
S21402905847F8040B39800EAB13E903000090ADF80D
S214029068041095E80F00FFF7A1FE0028C0D0274697
S2140290782146484613F0E7FD044676E71623002203
S21402908841462846CDF800A013F04EFE02AF0DF179
S214029098600CBCE80F000FC79CE8030047F8040BF7
S2140290A839800EAB13E903000090ADF8041095E87A
S2140290B80F00FFF77BFE074620B1B9F1000F04BF89
S2140290C8444681464146584613F0BDFD804665E74C
S2140290D83A46044813F099FD73E700BF7862002009
S2140290E8316C0020565B002020BF0200386A002040
S2140290F82DE9F04F002104469FB00DF140081622D4
S21402910840460E91CDE90C11CDF83B10F4F7ACFDB4
S214029118052220460DF11F0316A90DF03DFD022873
S214029128074600F0F28020460FF019FC064613F0B8
S214029138FEFC8146F01C13F0FAFCADF84000701DE8
S21402914813F0F5FC012FADF84200204640F0E0800F
S2140291580FF005FC0546204613F038F90D350223B4
S2140291682D1A0093214643460820EAB20BF09EFBCE
S214029178002800F0CA8020460FF0F6FB012F83462F
S2140291889DF84D3040F0DC8000252F4643F0010361
S2140291988DF84D3016AE3388022B4DD1F178204625
S2140291A8023108F065F81B2846D1F17820460331CB
S2140291B808F05EF819283FD1F1782046043108F005
S2140291C857F84A2838D14FF0050AF1782046013177
S2140291D8514408F04DF8F17805905144204608F0BD
S2140291E847F8059B00EB032083B200F03F02932B5F
S2140291F8059240F095800023F778214602375744B7
S214029208FFB23A4600930CA80F2313F08DFD07F120
S2140292180F01204611F0E3F907F111010546204631
S21402922811F0DDF9ADF84200059B023353445FFAAC
S21402923883FA33795345C8D806360DF17603B34216
S214029248A9D19DF84D20C5F3C03363F341022046E9
S2140292588DF84D200FF01AFB8DF8440020460FF0CB
S2140292680AFB8DF8450020460FF00AFB9DF83230BF
S214029278BBF1190FC3F3C3028DF84720DDF833207C
S2140292888DF84600CDF84E20DDF83720CDF852206E
S21402929894BF00229DF83E208DF8482003F0030272
S2140292A88DF84A209DF84D20DB0963F38202694B4C
S2140292B88DF84D201B78022B56D1BDF840600FF072
S2140292C8FCFC864250D108A80FF063FFBBF1190FC9
S2140292D847D908220DF14E0108A8F5F711F800281B
S2140292E83CD1B9F5004F02D0B9F5624F0DD140F620
S2140292F8FF7325F440459D4207D1002208210DF14F
S2140293084E000FF04BFC00283ED01FB0BDE8F08F91
S2140293180FF025FB0546204613F058F807351EE7DA
S214029328412B81D1F17820460231514407F0A0FF43
S214029338494B1B78C3F1B30318448DF8490073E709
S2140293486FF30003F01D8DF84D3013F0F0FB0CA9F7
S214029358054620460FF06FFF0B2772E700F058FD10
S214029368BFE700F055FDD0E7B9F5004F02D0B9F5D2
S214029378624FCAD140F6FF7325F440459D42C4D1D8
S214029388BBF1190FC1D9B8E7BBF11A0F06D007F11E
S2140293981F0142462046C9B20DF087FF2F4C304DBA
S2140293A8637BDBB12B78012B1DD1012323730CAB16
S2140293B8029314AC94E803000090ADF8041098E801
S2140293C80F00FFF799FC90B194E803000090ADF8FF
S2140293D8041098E80F00FFF7A7FD08E0FCF7BAFEAE
S2140293E80028DFD0E1E703F0FD03042BDDD02B785D
S2140293F8012B01D0042B88D11A4BDDF84E001B78BE
S214029408DDF852108DF82230BDF84030ADF8203025
S2140294189DF84D30C3F340038DF823309DF8313064
S21402942803F00F038DF82C309DF848308DF82D3058
S21402943809AB03C30C4B1B681BB1414608A89847E7
S21402944863E79DF946209DF8451008A80DF014FB21
S2140294585BE700BFD76100207F62002030560020FD
S214029468666200207E6200202456002010B513F0A3
S21402947879FA114B1B78022B1CD1104A1468A042A9
S21402948818D00F4910600A68121B10440D4A08606B
S21402949812786AB1013A93403C2253434FF47A72E7
S2140294A85343984206D9BDE810400320FCF766BD30
S2140294B80A23F3E710BD00BFD761002084480020C6
S2140294C880480020016C0020064B1B88DB0708D565
S2140294D80022054B43F82020044A135C63F00F036E
S2140294E813547047585B0020D44600209C61002025
S2140294F808B513F037FA0022024B1860024B1A60BE
S21402950808BD00BF8448002080480020014B186828
S214029518704700BF8048002008B50C48FCF734FCAA
S214029528FCF772FD80B10A4B0322B3F868100120DB
S2140295380DF0DBFE4FF47A71064B04481B8859433C
S214029548BDE8084013F02EB808BD00BF586A0020D0
S21402955844550020946B0020014B18800020704769
S214029568B66B0020044A054B1870138823F00303D1
S2140295781843108000207047585B0020026C0020B9
S214029588034B1888C0F30E00003818BF0120704736
S214029598065B002008B5FFF7F3FF30B10020044948
S2140295A80223044A0880FCF769FC002008BD00BFB5
S2140295B8065B002027E10100024B1888C0F30E0064
S2140295C8704700BF065B00200023084A012013707C
S2140295D8074A08491370084B084A1B7843F00403E5
S2140295E813800223064AFCF749BC00BF7B620020B0
S2140295F87A620020065B0020026C0020585B00207E
S21402960827E1010030B5012100240B2385B0104D57
S214029618019400918DF80C308DF80D000323B5F8EF
S214029628680003AA8DF80E4011F092F868B1B5F8F2
S21402963868100FF0BDFE40B10522064B64211A7071
S214029648054B06481C7012F0ADFF05B030BD00BFD2
S214029658445500207A6200207B620020786A002047
S214029668064B1B78033B012B06D8054B1B781BB908
S214029678044B1878FFF7C6BF704700BFD8610020B2
S21402968879620020016C002010B51548FCF77CFBB7
S214029698144B1978F9B9144A13787BB1013B137045
S2140296A8124B1B78042B02D10846FBF721FCBDE8B7
S2140296B810404FF496710A4812F074BF0C4A12888A
S2140296C802F00302022A0AD1BDE810400322012052
S2140296D80849FEF7A9BCBDE81040FFF7C1BF10BD98
S2140296E8786A00207B6200207A620020D861002017
S2140296F8065B002000F8FF07084B1A785AB10223C7
S214029708013A93404EF66022534303210448B3FBC2
S214029718F1F112F047BF42F21073F6E7016C00202F
S214029728786A002070B505461748FCF72DFB01221B
S214029738164B28461A7011F02FF8411C044689B2B7
S214029748284607F095FDA11C064689B2284607F06A
S2140297588FFD0F4C02232080214600200D4AFCF77D
S2140297688DFB86B9238803F00303022B03D1FFF788
S214029778BFFEFFF7C1FF23885B0704D5BDE870402C
S2140297880548FFF7C9BE70BD786A00207B620020D4
S214029798065B002027E10100586A00202DE9F04305
S2140297A81F4C0546238889B0002B33D01D4E002156
S2140297B84FF4807010F088FD3378DB0728D5012136
S2140297C8208812F03BFE074620880FF0C8F80230C1
S2140297D813F0ADF905A98046208811F0C4F833784D
S2140297E8384613F0020F104B18BF0025B3F8009046
S2140297F812F008FE0646384612F0E8FDF6B2029067
S214029808424606212846CDE9009605AB0DF0F0F84B
S21402981800232380054809B0BDE8F043FCF7B4BA34
S2140298285E5B00207C6200205C5B0020986A002059
S21402983810B5044640F62140FFF7B0FF01214FF469
S214029848807010F041FD78B10022084B1C80084B4E
S2140298581A7007F085FEBDE81040064B1880064BC6
S2140298680648198812F09EBE10BD00BF5E5B002037
S2140298787C6200205C5B0020966B0020986A0020C1
S214029888044A137818B943F001031370704743F07B
S2140298980303FAE77C620020044B1B781BB9044AD0
S2140298A81380FEF707B90020704700BF6A620020DF
S2140298B85A5B0020042230B501F0400387B0002B23
S2140298C8054614BF012400248DF80C208DF80D10CF
S2140298D804D004A910F016FD10B304ABCDE900437A
S2140298E801210223284603AA10F032FF0446C8B113
S2140298F80D4BB3F868100EF07CFF4FF6F7739D42D7
S21402990809D9322202212046FEF73AF880F00100F1
S214029918C0B207B030BD294620460FF049FDF5E72C
S2140299280120F6E71920F4E74455002010B5FFF7A2
S21402993831FE04F031FA0FF0C7FB002010F0DAFC13
S21402994812F06EFF08B1FDF729F9204C2378532B45
S21402995812D1032323700023FF2219460120FEF7A3
S21402996863FB002012F028FC10B100200FF005F867
S214029978BDE810400DF0BDBC062B01D0212BF0D15E
S2140299880120FEF7F5FA4FF6FE700FF085F94FF64E
S214029998FF700FF09EF90020FEF752FA0020FEF73D
S2140299A859FAFEF7E9F900F029FB0DF0A5FC237831
S2140299B8212B02D1FEF774F9D3E70020FCF7DEFA72
S2140299C800214FF4004010F06FFACAE7D761002072
S2140299D810B50A4C0A48FCF7D7F92378062B02D1A9
S2140299E80120FEF7C5FA2378062B01D0532B03D1A4
S2140299F8BDE81040FFF79ABF10BD00BFD761002030
S214029A08B86A00202DE9F047DFF8C08004460E4603
S214029A181746FFF7BFFD98F8005015B90220BDE8B3
S214029A28F087212DFAD0284813F017F90028F5D127
S214029A3814F0200439463046DFF894A0DFF89490F4
S214029A4805F00F051BD00CF09BFF012D8AF800705D
S214029A58A9F8006029D1212388F80030FFF766FFAD
S214029A680020DCE7212388F80030FFF75FFF00219B
S214029A784FF6FE70FEF77CFBFEF780FEF0E70CF072
S214029A887EFF012D8AF80070A9F80060EAD0062346
S214029A9821464FF6FD7088F80030FFF70BFF40F2BC
S214029AA82621094812F07EFDE1E7532321464FF6A8
S214029AB8FD7088F80030FFF7FDFE40F226210248C6
S214029AC812F070FDCCE700BFB86A0020D76100200C
S214029AD87D620020B86B0020F8B50D460646511C7C
S214029AE8284607F0C5FB044628460EF038FF05460A
S214029AF8023013F01CF8154B07461B78022B02D0CF
S214029B08043B012B21D8124B1B68580201D5A1062B
S214029B181BD5620619D50F4BB3F86830B34214D179
S214029B286B781B070DD5284610F073FEFCF7A4FDCC
S214029B3858B1314604F020000122BDE8F840FFF78C
S214029B4861BF0FF09DF8B842F3D0F8BDD761002088
S214029B588C4800204455002073B504460D4613F081
S214029B68D8F8FF28034625D0134A12784AB1134A72
S214029B7832F81020520404D510F0ADFB002002B0D3
S214029B8870BD184610F0B8FB6946064610F0BAFBD8
S214029B9840B1FCF7E7F928B10023022269463046AD
S214029BA805F0DCF8204645F0400102B0BDE87040FA
S214029BB8FFF780BE0120E2E7D3610020005B0020A9
S214029BC838B505460EF0CBFE0446284610F0E4FDEE
S214029BD8411C89B2284607F04BFB42060DD563782E
S214029BE81B070FD5204610F014FE0146002013F07E
S214029BF88EF8BDE8384010F06EBB0348BDE8384022
S214029C08FFF7E6BE38BD00BFB86A002038B54FF683
S214029C18FF75A842044617D00FF04FF8A04213D09B
S214029C284FF6FD72094B198891420DD9084A1288D7
S214029C38AA4201D0A24207D11C804FF47A71BDE82D
S214029C483840044812F0AEBC38BD00BF9E6B0020F8
S214029C58BA6B00201848002008B50448FCF794F8A8
S214029C684FF6FF72024B1A8008BD00BF1848002044
S214029C789E6B002037B505460C4608236946012028
S214029C88064AFCF7FBF815B19DF806302B700CB1A6
S214029C98009B2360BDF8040003B030BD25E1010037
S214029CA807B508238DF80600ADF804100092694639
S214029CB80020034AFCF7E2F803B05DF804FB00BF95
S214029CC825E10100024A13780BB1013B1370704775
S214029CD8C861002008B50EF0FCFF00214FF6FF729F
S214029CE8054B08461A80FEF7DBF8BDE8084040F642
S214029CF816400CF0FFBE00BF9E6B002008B5FCF7AE
S214029D0843F80A4B1B78023B032B08D84FF6FE7320
S214029D18074A108898424FF6FF7301D1138008BD90
S214029D289842FCD0BDE80840FFF7D4BFD7610020B0
S214029D389E6B002010B5084B1B78042B0AD00EF039
S214029D489FFF002104460846FFF794FF231A58424D
S214029D58584110BD0020FCE7D8610020F0B5002667
S214029D6889B00546CDE90566ADF81C6010F014FD0D
S214029D780A23024604462946009605A812F0D4FF8E
S214029D889DF815309DF814701F2B27D803A80FF0DE
S214029D9800FA08220DF1160103A8F4F7B1FA0646EE
S214029DA8E0B9092F1CD1FFF7C5FFB8B1144B1B78D1
S214029DB8A3B1144B1A884FF6FD739A420ED9124C69
S214029DC8124A23780433DBB223701278013AB3EBD3
S214029DD8820F03DD58B20AF047FF267009B0F0BDBD
S214029DE80A34E4B22146284607F042FA0FF064FA2B
S214029DF8611C284610F0F3FBFFF708FFEEE700BFEA
S214029E08156C00209E6B0020C8610020006C0020A4
S214029E1838B5134B1B78033B012B20D9114B4FF651
S214029E28FF711B78ABB1104D2B888B4217D10EF001
S214029E3844FF4EF6602104460C4812F0B3FB4FF678
S214029E48FE7322462B800021BDE8384009200FF019
S214029E5841BA074A13888B421CBF0133138038BDA8
S214029E68D8610020156C00209E6B00201848002040
S214029E78025B002008B50448FBF786FFBDE80840E9
S214029E8800210846FBF734B8D86A002010B5044605
S214029E9861B1FF210EF004FD002120460EF006FDFA
S214029EA80EF047FC014620460EF006FD2146BDE8A8
S214029EB810400022014812F0A8BE00BF625B0020D4
S214029EC82DE9F0410D46174604460EF048FD067881
S214029ED82846FCF74DF92946804620460EF089FCAE
S214029EE80EF0CEFEA84206D120460121FFF7CEFF8D
S214029EF80120BDE8F0812846B8F1000F0AD0FCF729
S214029F08B9F950B9144B3A462046BDE8F0411978DB
S214029F18FDF736BD10F0FAF9F3E706F00306012E50
S214029F2808D00EF0ADFE00232246294602F042FA79
S214029F380028D9D120460EF018FC430505D5204640
S214029F48BDE8F04100210EF08DBF204610F0C9F999
S214029F58B0FA80F04009CCE7FF6B002010B586B057
S214029F68044610F019FC104B02461868197902903C
S214029F78D3F805005B7A01328DF8143000238DF889
S214029F880C1004902146009392B2052304A812F0FE
S214029F98CBFE052204A902A8F4F7B2F9B0FA80F0BB
S214029FA8400906B010BD00BF0CD0040008B5114821
S214029FB80EF092FD104B1B78012B06D8FF2010F0EE
S214029FC863F9FDF7B1FB10F07EF9FDF73BF801F0F7
S214029FD891FCFFF7F9FA10F057FD07F0F1FDFDF7CF
S214029FE849FD07F03DFB0CF0CDFCBDE8084002F049
S214029FF8D3BC00BF0C5600209561002008B5F0F7C8
S21402A008D3FDFF2803D0094B1B78012B06D9002065
S21402A01810F03AF9FDF788FB10F055F9FDF712F83B
S21402A02801F068FCBDE8084002F0B6BC9561002065
S21402A038064B1878112806D000F0FD00A0F141035F
S21402A0485842584170470120704700BFD761002028
S21402A0582DE9F8430446FDF70FFB18B100263046F3
S21402A068BDE8F8834FF6FF78184BB3F868104145F9
S21402A078F4D020460EF0BDFB154B022120461A8866
S21402A088FDF77EFC06460028E8D020460EF067FC60
S21402A09890F807900546043012F049FD07460EF080
S21402A0A8EFFD494602463846FDF7FEFAA81C12F0AE
S21402A0B83EFD404502D12046FFF7BAFB2B789B07A8
S21402A0C8CDD101212046FFF7E1FEC8E7445500201E
S21402A0D8605B0020F8B507460EF041FC05460430E2
S21402A0E812F025FD0646A81C12F021FD044630464D
S21402A0F812F00FFE3046FCF73BF82B789B0701D18F
S21402A1080EF0BEFDAB790BB90320F8BD0EF0B8FD14
S21402A118A0420CD10EF0B4FD0446094B214638463F
S21402A1281A78FFF7CDFE0028EED00020EDE7054BA3
S21402A1381B78052B1CBF044BB3F86840EDE700BF3D
S21402A148605B0020D8610020445500202DE9F041CC
S21402A158064610460D4610F01FFBA0F11004E7B2A3
S21402A16856FA84F42146EA1B04F10E00F3F7CEFDF4
S21402A1782823DFF84480F35598F80030637301F01B
S21402A188CDFB611C024601200DF0CBF808220949D6
S21402A198601DF3F7BBFD98F800000FF0E1FE05F12D
S21402A1A80E0130463B460022C9B201F069FC122075
S21402A1B8BDE8F0815D620020D26100202DE9F04FF3
S21402A1C887B004460EF0CBFB064620460EF02AFB66
S21402A1D80746301D12F0ABFC8146B01C12F0A7FCF5
S21402A1E8384696F807A012F09DFD33789A075FD195
S21402A1F82146042001F04CFD002859D0204610F0D4
S21402A208CBFA0146204607F033F8830750D120469A
S21402A21810F0C2FA0146204607F02AF810F00303A7
S21402A228039345D12046FFF799FE002840D02046E2
S21402A23810F088FB451C204612F0E4F8EDB205F152
S21402A2480A0B83455DDA304A04AB1068516803C3CB
S21402A258691C204607F00CF829468046204607F077
S21402A26807F800EB082059461FFA80F8204606F041
S21402A278FFFF8346039B2146AA1C009304A80823D3
S21402A28812F052FD20460EF0CDFA5A4641460DF01F
S21402A2983AF80122404604A90FF098F988BB022032
S21402A2A807F032FC013003D1404604A9F0F744FD1A
S21402A2B80EF0E6FC48453A46514607D10EF0E8FE4F
S21402A2C8F8B907B0BDE8F04F0FF034B948460EF0BB
S21402A2D8DFFEB0B90D4B1B781BB9394648460FF05E
S21402A2E83FF83A4651464846FDF7DEF948B1317816
S21402A2F811F0030105D1204607B0BDE8F04FFFF77D
S21402A308C5BD07B0BDE8F08FA6F40300CE610020F5
S21402A31838B5114D2B78023B012B18D80CF0F5FFF7
S21402A3280446B0B9FFF7A2F82B78032B07D12346C9
S21402A338FF2221460120FDF777FE012038BD21467F
S21402A3482046FAF7D5FD003818BF0120F6E7172091
S21402A358F4E70220F2E700BFD76100202DE9F743B1
S21402A36805460E4614460EF00AFA0C2828464AD126
S21402A3780EF0F5FA0922002111F068FF00F110012B
S21402A388C9B2284606F074FF042813D07C282BD0BE
S21402A398012840F0AC8046B91321284610F01FF970
S21402A3A803B0BDE8F0430EF094BC03B0BDE8F0433A
S21402A3B8FDF7DCBC5B4B1B78022B40F0988046B955
S21402A3C8FFF7FAF8C3070AD5FFF792F8002C08BF7A
S21402A3D83F26304603B0BDE8F0430CF0EFBAFFF76D
S21402A3E8CFF80028F0D0F1E7284612F00BF804461A
S21402A3F8284611F0EBFF02463046E1B203B0BDE84C
S21402A408F0430CF0D9BA0EF0AAFA8046043012F0DD
S21402A4188EFB074608F1020012F089FB4FF6F77327
S21402A428984204460CD8404A138801339BB21380DC
S21402A4380BB93E4A13801EB13C4A13880133138077
S21402A44898F8009009F00309B9F1010F1DD12846C2
S21402A45810F0A2F90146284606F00AFF0B2809D092
S21402A4680D2807D0042842D1284603B0BDE8F04399
S21402A478FFF7A6BB2E4B1B78042B38D100210846C3
S21402A48803B0BDE8F043FAF733BDB9F1000F2ED199
S21402A4983146284603F05EFD4EB34FF6F7739C42EC
S21402A4A825D898F80160204616F0040622D10FF047
S21402A4B8FBFE054620467DB10FF028FF034600BB8B
S21402A4C80C220090214638460FF018F90C22002379
S21402A4D839462046009308E00FF018FF0346C8B92D
S21402A4E8144A00901278214638460FF007F903B04E
S21402A4F8BDE8F0830FF00AFF034678B90B220090F6
S21402A508F1E7062233462146384600960FF0F6F85B
S21402A5180622DCE72B4600950622E4E74B46CDF8F2
S21402A5280090F9E7D76100200A5B0020085B00204C
S21402A538D8610020336C00202DE9F04F05888BB0D7
S21402A548044628460EF00BFA0746043012F0EFFAD5
S21402A5588146B81C12F0EBFA05A98046284610F088
S21402A56865F9284610F018F901460646284606F008
S21402A5787FFE3B78824603F00303012B0CBF83461B
S21402A5884FF0FF0B12F0E9F9E388019002930EF000
S21402A59877FBFB7900904846039300F081FF00287A
S21402A5A876D1404600F07CFF002840F08880FDF710
S21402A5B82BFB8046FBF7CEFD10B9FFF739FD30B10D
S21402A5C8A8F104085FFA88F8B8F1020F1BD90BF055
S21402A5D8FD03042B00F0B380FFF72AFD20B10AF032
S21402A5E8030ABAF1010F0ED0FBF70EFD28B9714B1C
S21402A5F81B7803F00F03062B68D16F4B2846B3F877
S21402A60868100EF0F6F8BBF1010F63D128460EF07B
S21402A618DAF84FF6FF73984240F0918000233146ED
S21402A628284607AA0FF048FE0746002842D0427975
S21402A6389DF82530934209D9711D284689B206F03D
S21402A6482BFEA37823F00F030233A3700CF093F9C2
S21402A6587E23B0FBF3F202FB130303F58073A38099
S21402A6689DF8263013F0180F0AD0A3781B0707D1D7
S21402A678009B4B4504D048467A7905A90CF0B0F9F8
S21402A6889DF82700003818BF01200BB0BDE8F08FF0
S21402A69828460EF064F9023012F049FA4FF6F773BC
S21402A6A8984207D9039B2BB92846FFF757FC002880
S21402A6B87FF477AFA37823F00F03A37008E0404631
S21402A6C812F030FB00287FF472AFF3E72823A3804A
S21402A6D80020DAE7BBF1020F54D10123314607AA5C
S21402A6E828460FF0E9FD80460EF0CAFABDF8223079
S21402A6F898421FD1B8F1000FDCD00122B8F8023018
S21402A708314628460FF0D6FD2C4A13780133DBB2C1
S21402A718FB711370B8F80230BDF81E209A421FBFAC
S21402A728A37823F00F030233A3704FF4C873A380F1
S21402A7380120AAE7184612F0F5FA0028DAD12846C8
S21402A7480EF041F812F08EFA012808BF1C4BA278C8
S21402A75809BF1B78FA2303EB830303EB830302BFC9
S21402A7689B00FA339BB21209A4D1DDE90121521AE1
S21402A77892B293429ED30CF0FEF800F01F001030FF
S21402A788A080D5E7BBF1030FD9D1009B4B45D6D1A4
S21402A798711C284689B206F06BFD0C28CFD1FCF74F
S21402A7A8FFFD4FF6FF7398420146C8D028460EF0C2
S21402A7B820F8C4E7D761002044550020D561002060
S21402A7C80E6C00202DE9F04105460C460DF0D7FF29
S21402A7D8082802D10120BDE8F081201D12F0A7F951
S21402A7E80646284694F807800EF01CF807462846C0
S21402A7F80DF0BBFF010612D5184B1B78042B0ED1A1
S21402A808174B1B78022B0AD1164BB3F868204FF663
S21402A818FF739A4203D000210846FAF769FB124BE7
S21402A8281B78002BD6D1A01C12F081F94FF6F773CD
S21402A838984202D86378DA070DD523789B070AD19F
S21402A8483A46414630460EF023FC80F00100C0B27C
S21402A85800F00100BFE70120FAE700BFD861002038
S21402A868D761002044550020826200202DE9F04F6F
S21402A8789DB004460DF083FF054620460DF07FFF87
S21402A888082869D14FF400432046ADF85030ADF899
S21402A8985C4011F0B7FDBDF85C20A0F11005EDB2E2
S21402A8A810461023002100950FF086FE294617A8A9
S21402A8B80FF05AFE204611F089FD0AF0EBF9002344
S21402A8C821461A460C20009309F0F0FF98B320465A
S21402A8D811F07CFD14A902461020FBF779FF05014A
S21402A8E8204611F073FD14A902464020EDB2FBF78C
S21402A8F86FFF10B120460CF047F8204611F066FDAF
S21402A90814A902468020FBF763FFB8B99DB110254B
S21402A91817A805F067FF2046BDF8507011F072FDC3
S21402A9280646204611F052FD29460090F3B23846F4
S21402A93817AA0CF0BFF81DB0BDE8F08FBDF850306E
S21402A94817A8ADF85E40ADF85C300CF0D6FC0028CF
S21402A958DCD145F08005DBE720460DF050FFB0F568
S21402A968006F40F0058120460DF05CFF0646042D78
S21402A97840F0018120460DF0F8FE80F40060C0F336
S21402A988C02000223146400012F09AF8944B1A78FA
S21402A998022A0DD0FFF74CFB50B902F0FD03312B0B
S21402A9A806D0043A012A03D98E4B1B78002BC2D054
S21402A9B82146022001F06CF905900028BBD02046FB
S21402A9C8ADF846400DF0CBFF0446BDF846000DF044
S21402A9D829FF0646201D12F0AAF8A31C834618462D
S21402A9E8039312F0A4F812A90746BDF846000FF022
S21402A9F81DFF63780690BDF8460094F80080089319
S21402AA080FF0CAFE6378054608F0030830460C9332
S21402AA18FBF7AEFBB8F1010F0CBF032302230E931C
S21402AA28714B08BF4FF00B091E80237818BF4FF0F2
S21402AA380A0903F03C03082B0D907FF47CAFBDF89F
S21402AA48460011F0DFFCA8427FF675AFB8F1010F99
S21402AA5803D023789B077FF46EAF644BB3F8683055
S21402AA68B3420DD1624A634BB2F9001093F9003033
S21402AA78002900F0A58001EB0313A3EB2113138032
S21402AA884FF0010AA5F11003DBB20A938DF84530A0
S21402AA9810224846BDF84610CDF800A00DF1450331
S21402AAA809F004FF00283FF446AF089B13F00203A0
S21402AAB8099300F00981504B1B78002B3FF43BAFFB
S21402AAC8BDF8469048460FF067FE002307904846B2
S21402AAD8CDE917331993ADF868300DF0A3FE079B3E
S21402AAE8039003F10E01484689B20FF028FE0028AB
S21402AAF870D000234946079A009317A80E2312F02F
S21402AB0813F950460DF15D010CF019FC9DF86930F9
S21402AB180B9004939DF85C30282B5BD10DF16100F5
S21402AB28FBF7AAFD0F90002854D104980FF018FAE4
S21402AB380F9B002866D1314B049A1B78D31A1C0641
S21402AB4848D404F059F950453CD111F00BFF2C4E6D
S21402AB580546346824B104F055F92C1B844239D3CF
S21402AB680023FF2219461846FDF75EFA356031E0E3
S21402AB784FF6FD76FBE64FF6FF70301A18BF012037
S21402AB8800223146400011F09BFF0C2D0DD12146C4
S21402AB98012001F07DF800283FF4CDAE21460020C2
S21402ABA81DB0BDE8F04FFDF7D3BF2DB920461DB046
S21402ABB8BDE8F04FFEF79CBA042D7FF4BCAEE5E67E
S21402ABC81B025CE704F018F9022803D104F0F6F831
S21402ABD80028BAD000221920039911F071FFAAE6BC
S21402ABE8D7610020826200207E5B00204455002048
S21402ABF8525B00207F620020D3610020D2610020D1
S21402AC085456002010214846079ACDF800A00EF0A8
S21402AC18F7FF0028DED0BB4B049A1B78934240F01D
S21402AC28AA8003990DF1610214A811F08BFD012187
S21402AC3814A8FBF7F5FA824648F2030114A8FBF7B4
S21402AC4863FBBAF1000F03D0082114A80CF01AFB14
S21402AC5848460FF0BFFD03990DF16100FCF72AFC88
S21402AC68FE288246B6D0FF280AD1039812F040F88A
S21402AC78FF28824600F087800DF16101FCF7F4FA9E
S21402AC88A04B049A1B78934200F0A38050460B9977
S21402AC98FCF7F6FB00283FF44EAE50460B99FCF73D
S21402ACA801FC237898070FD148460FF075FD014638
S21402ACB8484606F0DDFA00F00300012804D103989E
S21402ACC80DF16101F0F738F8BDF846000DF04DFDBC
S21402ACD8010440F18580204611F029FF40F40071F6
S21402ACE889B2204611F025FF00224FF40041BDF834
S21402ACF846000DF02BFDDDF8149001231022009378
S21402AD08BDF846100E980DF1450309F0CFFD002850
S21402AD183FF411AE032866D1204611F008FF40F42E
S21402AD28007189B2204611F004FF304611F0FAFF8E
S21402AD38002840F0B680DDF81490B8F1010F40F014
S21402AD48B6800320BDF8461000F0A2FF002840F0A7
S21402AD58AE802946BDF8460006F08AFA0F28014654
S21402AD687FF6E9AD4FF6F7739F423FF6E4AD3046FD
S21402AD780EF063FBDFE55046049903F085FA0028D7
S21402AD887FF44FAF26E7237803F00303012B08D19D
S21402AD9848460FF001FD0146484606F069FA0828BB
S21402ADA892D0594B1A78594B1B789A4209D20DF110
S21402ADB861010398FCF70CFA039811F099FF824692
S21402ADC85EE7A01C11F0B3FE4FF6F7739842EED971
S21402ADD800E75046FCF7CEFB00283FF457AF5CE787
S21402ADE84FF0000989E7304611F09CFF0028A4D0EE
S21402ADF8099B002B57D1B9F1000F52D1B8F1010FB8
S21402AE08BDF846009DD0294606F032FA8246DFF89B
S21402AE18089199F80030002B54D00DF031FF874284
S21402AE287FF489ADB8F1010F7ED1BAF1070F75D854
S21402AE38BAF1050F7FF67FAD354B1B78022B02D091
S21402AE48043B012B03D899F80030002B41D00C9B09
S21402AE589A0640F1B4800D9B002B40F0AC80304639
S21402AE6811F057FFFF2840F0A6805E457FF463ADD9
S21402AE78069B002B00F09D8012AB46F204020124CA
S21402AE88ADF85C200193214602233046009417AAA7
S21402AE980FF05EFC00283FF44EAD21460DF0E2FFAF
S21402AEA849E5DDF8149030460FF018FA45E72946CA
S21402AEB8BDF8460006F0DCF9099B824613B9B9F1DB
S21402AEC8000FA4D0124B1B78022B02D0043B012B96
S21402AED8BDD8304600F0E4FA814600287FF42BAD50
S21402AEE80DF0CEFE864225D10A4BB3F868400DF027
S21402AEF8C7FE4B4601460D222046CDF800900EF0BE
S21402AF08FDFB18E5D2610020D16100200F6C0020FD
S21402AF18D761002044550020D3610020AAF10E0311
S21402AF28DBB2012B88D906E50AF00303012B7FF46E
S21402AF3802AD81E7304611F0F5FE58B90DF0BDFEB8
S21402AF484FF6FF73984205D011F06AFC10B93046E6
S21402AF58FCF7E4F8304611F0E5FE88B10DF0ADFED8
S21402AF684FF6FF7398420BD011F05AFC40B9B8F16D
S21402AF78010F02D1BAF1060F02D030460FF0ADF932
S21402AF88069BA3B91946012258460EF01FFB8146B6
S21402AF9800287FF4D0AC20460FF03BFC4A46014618
S21402AFA838460EF013FB00283FF451AFC3E412A94B
S21402AFB8E9E7069B61E7637823F0200363704FF6A0
S21402AFC8FC739F423FF4B7AC4FF6FD739F4204D121
S21402AFD8B34B1B78042B3FF4AEACA3790BB1013B01
S21402AFE8A37163785B0727D50023584617AA14A9C6
S21402AFF817930FF053F91798F0B10FF048F98146F6
S21402B008384611F086FE179A0146137903F0300087
S21402B018102806D003F00C0008281CBF23F00C03E7
S21402B0281371137903F03303202B05D1FF2903D0BC
S21402B038012248460FF03AF9304611F06AFEFF2818
S21402B0481EBF0022974B43F82020089B03F00109F5
S21402B0584FF6F7739F4200F2F980B9F1000F40F0FD
S21402B0680181314658460EF07BF90DF009FE8742FB
S21402B07800F0C680384611F055FE002841D0B8F1D7
S21402B088010F27D1BAF1010F17D14A462946BDF852
S21402B09846000FF00EF9384611F044FE824B1B7834
S21402B0A8002B72D1584611F03DFE002866D138466C
S21402B0B811F038FE002861D13DE4384611F032FE20
S21402B0C850B3BAF1030F27D12946BDF846000EF051
S21402B0D84DFB30E4384611F025FE38460FF016F9D7
S21402B0E8002847D0002339465846BDF8462001F0C6
S21402B0F861F900283ED00021BDF84600FEF7C6FEDC
S21402B10819E4384611F00EFE18B1B8F1010FD8D07E
S21402B118E3E7B8F1010FE0D1634B1B78002BC1D0EF
S21402B128BAF1050F31D10DF0ABFD8DF85C000DF0CC
S21402B138A7FD000A8DF85D000123022217A90DF16A
S21402B1484600FAF775FD00287FF4F5AB691C89B24C
S21402B158BDF8460006F07AF8037801330370637880
S21402B168590715D40DF08CFD834522D000223946A6
S21402B1781C2032E54C4B1B78002B93D0B8F1010FFC
S21402B188CED063785A0714D502E06378580718D5E4
S21402B198BDF8464020460FF0C1FA411C89B2204647
S21402B1A806F054F80378B8F1010F03F1FF33037081
S21402B1B804D0BDF84600FEF78DFF09E0BAF1050F88
S21402B1C8D0D0BDF84600FEF785FFBAF1030FCDD002
S21402B1D80228CBD10021584617AA0FF062F830B1E0
S21402B1E80379468003F03C0343F0400303710023CF
S21402B1F82E4A00933946584612780EF07FFAB5E77B
S21402B208B8F1010F7FF477AF0AF1FF330C2B00F287
S21402B218868001A252F823F081B2020081B20200AF
S21402B228D1B0020097B20200B9B202003FA90200EA
S21402B238DDB20200EDB20200F9B20200F9B2020073
S21402B2483FA902000FB302001BB30200B8F1010FB8
S21402B25871D0B9F1000F08D1BDF84600FEF7AEFF6F
S21402B268FFF769BBB8F1010FCED0237A03F00303C8
S21402B278012B7FF460ABEFE7AAF102035A42294694
S21402B288BDF846005A410FF014F8FFF754BB2A4699
S21402B2985846BDF84610FEF71FFCFFF74CBB00BF2A
S21402B2A8D8610020D4460020136C0020336C00209E
S21402B2B8691CBDF8460089B205F0DAFF0235EDB220
S21402B2C80246BDF846305846009512A906F0D4FD47
S21402B2D8FFF731BB01200A9ABDF84610FDF71AFBA4
S21402B2E8FFF729BBBDF846000EF0E9FFFFF723BBC0
S21402B2F8BDF84600FEF732FDFFF71DBBBDF8460057
S21402B308FEF72CFDA8E7BDF84600FEF70BFAFFF796
S21402B31812BBBDF846000BF0EAFFFFF70CBB2B4644
S21402B32822465046BDF846100BF0B7FF00287FF4B9
S21402B33802AB51461BE50AF1FF330C2B3FF6FBAA7C
S21402B34801A252F823F000BF81B2020081B20200C5
S21402B358D1B0020097B20200B9B202003FA90200B9
S21402B368DDB20200EDB2020005B3020005B3020028
S21402B3783FA902000FB302001BB3020010B500215A
S21402B38811480DF050FB0446E8B10DF074FA0F4B65
S21402B398187020460DF074FA0D4B187020460DF002
S21402B3A875FA0C4B187020460DF075FA0A4B1860A1
S21402B3B8012011F0DBFA2046FFF758FABDE81040E4
S21402B3C8002011F0D3BA10BD305B00208062002046
S21402B3D87F6200207E6200204C56002070B5144E14
S21402B3E8044633680D46BBB10DF0C9F90C2813D1D3
S21402B3F820460DF0B4FA09220021044610F026FF72
S21402B408235C042B08D10B4C25B10B4B22781B78F6
S21402B4189A4203D300232370002070BD0748316880
S21402B42811F0C0F82378012001332370F5E700BF36
S21402B4385056002081620020326C0020D86A002014
S21402B448014B93F901007047525B0020014BB3F899
S21402B458680070474455002070B500240D4D2C70C6
S21402B468EFF77CFAE6B2B04208D800220A4B1A7006
S21402B4780A4B198801B11A80012070BD304611F0B6
S21402B4884EFCC30748BF2B7804F1010444BF0133BE
S21402B4982B70E5E7D0610020C9610020045B00201C
S21402B4A838B50B4B05461B7873B101335C08094B5C
S21402B4B8188810F08BFF002330F81320AA4205D014
S21402B4C80133DAB2A242F7D3002038BD0120FCE7E6
S21402B4D8C9610020045B002030B5054685B00846E1
S21402B4E80C4611F018FCFF280CD00EF024F80122A6
S21402B4F800210346CDE90112009221462A4607207A
S21402B508FCF7F6FB284611F004FCFF2804460FD089
S21402B51811F005FCC2070DD5204611F000FC830782
S21402B52808D40B4A32F8143043F4806322F81430F5
S21402B53805B030BD0DF0FFFF012200210346CDE91C
S21402B5480112009207202A46FCF7D2FBF0E700BF5A
S21402B558005B00204FF6FA72431E9BB2934270B508
S21402B56804462AD8FFF79CFF38BB194B1B78042BD6
S21402B57823D0204611F0BCFBFF2801D0FBF7FEFCC7
S21402B58820460EF086FE08B10EF07DFE2046114ECD
S21402B59803F0ACFE20460BF021FA31780E4D69B165
S21402B5A8288810F013FF054601461E220230F2F7DD
S21402B5B8ADFB2C8033781E2B07D970BD202010F0E7
S21402B5C879FF28800028EBD1F7E702333370F4E7D7
S21402B5D8D8610020C9610020045B0020044A137861
S21402B5E82BB1013BDBB213700BB9024A13807047CA
S21402B5F8C9610020045B00200148FAF7D5B800BFED
S21402B608045B00202DE9F047804617460D468CB0AD
S21402B61861B903AE00211B4811F0F1FA4FF0000998
S21402B6280446DFF860A01CB920461DE00E46F1E786
S21402B6380022214624233046CDF8009011F074FBF0
S21402B648082241463046F2F75BFEA8B9337C9BB91E
S21402B6586FB945B92A4621460A480DF003FA0A4A3E
S21402B6681388013B138001200CB0BDE8F0873B88A5
S21402B678B28953405B06ECD52146504611F0E3FAF0
S21402B6880446D0E7665B0020645B0020024B1888FD
S21402B698003818BF01207047645B00202DE9F0438C
S21402B6A830488DB0FAF770FB11F05CF92E4D2B6816
S21402B6B8C41A4FF47A73B4FBF3F4A4B214B111F0BB
S21402B6C851F92860294F4FF6FF763B88DFF8A080AD
S21402B6D8ADF80A3000233B8000210DF10A000DF078
S21402B6E8A2F9054658B9224B1B882BB14FF47A713A
S21402B6F81C48714310F056FF0DB0BDE8F0834FF0BA
S21402B708000924234A462946CDF8009003A811F0DA
S21402B7180BFBBDF81A30A34294BFDB1A1B1B9BB265
S21402B728ADF81A3063B9BDF818301B0602D508986A
S21402B7380BF0C1FBB8F80030013BA8F80030CBE7A5
S21402B7489E4228BF1E4601234A462946009303A85E
S21402B758242311F0E9FA4A462946384611F055FAE2
S21402B768BAE700BFB847002058560020665B00209C
S21402B778645B0020F0B504462E4A8DB01068516806
S21402B78801AB03C3A378012B4FD1162200210DF17A
S21402B7981A00F2F769FAD4F82110D4F81D0003ABA0
S21402B7A803C32388190644BF62680892DA050BD5D4
S21402B7B8221D08AE04F1140735461068516808328F
S21402B7C803C5BA422E46F7D1ADF8183013F0040373
S21402B7D818BFA3690593EFF7D9F80023ADF81A0046
S21402B7E8082201A903A88DF81C30F2F789FD18B1C2
S21402B7F806A903A80EF03AF90022242103A80DF0A0
S21402B808C9F8044698B10020FFF748FF00222146EF
S21402B818094811F0FAF9094A0020138801331380FF
S21402B828FFF73CFF00200DB0F0BD0220FBE7192011
S21402B838F9E700BFA6F40300665B0020645B0020FD
S21402B848F7B5044600200E46FFF728FF104B1B8864
S21402B858A34202D8212003B0F0BD00210D4811F002
S21402B868CEF9002501460B4F0029F3D0A54208D190
S21402B8780024242322463046009411F055FA204626
S21402B888E9E7384611F0DFF901350146ECE700BF73
S21402B898645B0020665B00200148F9F785BF00BF9D
S21402B8A8665B0020014B1888704700BF645B002067
S21402B8B870B50C4611460E4A23781278064613F0DF
S21402B8C8200542EA0302227018BF611D0822F2F719
S21402B8D81DFA002D0CBF05200D20D4F80130B360E8
S21402B8E82378337303F01803082B08BF013070BDA2
S21402B8F8D3610020042307B501200DEB0301054A96
S21402B908FAF7BCFA019B044A1B03136003B05DF8FE
S21402B91804FB00BF63E511007C48002010B5064C06
S21402B9282368C3F30B0313B90448E3F7A9FC20689A
S21402B938431C236010BD00BF7C48002063E511004D
S21402B948014B1868704700BF7C48002007B50020E6
S21402B958054B064A186004230DEB03010190FAF71B
S21402B9688DFA03B05DF804FB7C48002063E51100FD
S21402B9787FB511230A4A012001A9FAF77FFA094B73
S21402B9889DF814201A70084B1B780BB1052B05D1AD
S21402B9980AF0F0FF012007B05DF804FB0020FAE782
S21402B9A879EB0100D2610020D36100202DE9F04F27
S21402B9B80646CBB0884600880121174610F03EFDA1
S21402B9C82E4B3A463188ADF8160006A80EF0EDF86A
S21402B9D80DF1280B5A464146C41930880EF06FF806
S21402B9E8E4B208EB0003A34208BF044605464FF03C
S21402B9F804091CBFA4EB0804E4B223465A460121F4
S21402BA08CDE900090BEB050ACDF808B02D1B06A8F0
S21402BA18EFF7ECFBEDB20BEB04030093019523461C
S21402BA285A46414630880EF078F834883946204619
S21402BA3805F01EFC394600F0F802204605F02CFCFC
S21402BA480121308810F0FAFC01234A46514680B19B
S21402BA580DF11600FAF7ECF801210446BDF8162097
S21402BA68308810F0FFFCB4FA84F040094BB0BDE809
S21402BA78F08F3046FAF7DCF80446F4E75D620020F9
S21402BA882DE9F04FC9B0044688469246C118224AA4
S21402BA9804A81F46FFF70CFF4FF00409C519EDB2BC
S21402BAA808AB0293A5EB0A0BA8EB0A035FFA8BFB1B
S21402BAB8A8EB0506DBB2F6B204EB0A0200930121F4
S21402BAC85B46CDF8049004A8EFF790FB06F5907352
S21402BAD80DEB03025A44A2F58072136808A844F8CC
S21402BAE80830E35D324623F00703E3552C4421462B
S21402BAF8F2F74AFA08ABCDE9019308AA0023012116
S21402BB08009604A8EFF772FB3246204608A9F2F719
S21402BB183BFA49B0BDE8F08F5D620020F8B50646EC
S21402BB280EF010FF811C054689B230460EF007FE5D
S21402BB38F0B1EDB12946304605F09AFB12280746C1
S21402BB4816D80C4B691C1C5C89B2304605F090FB73
S21402BB582C44052FE4B205D1052809D8064B1B5CF0
S21402BB681C44E4B221463046BDE8F8400EF0E7BD74
S21402BB780020F8BD4ED0040048D00400F8B50546AB
S21402BB880EF00AFE044628460CF0E9FEA11C0746FB
S21402BB9889B228460EF0D3FD00283ED0002C3CD0B1
S21402BBA82146284605F064FB0646611C284689B2EB
S21402BBB805F05EFB0F2E30D8194B9B5DE118731EFD
S21402BBC889B2092B0ED8DFE803F009050D0D120D10
S21402BBD80D181E1EC40644BF083189B2820601D556
S21402BBE8083189B22846BDE8F8400EF0A8BD7B7831
S21402BBF8DB0612D501EB4001F3E700F01F0000EB6D
S21402BC0840000144EDE71F2805D8092E0ABF400068
S21402BC18022080B2F5E7C828E4D00020F8BD00BFAD
S21402BC2861D00400F8B506460CF099FE09220021F8
S21402BC38054610F00BFB00F11004284610F077FFBB
S21402BC48E4B207462146304605F012FB0546304662
S21402BC5810F0D8FBBA05A0EB0403DBB20AD47C2D9D
S21402BC680AD0082D0AD8064A505D98428CBF002092
S21402BC780120F8BD1220F8E70320F6E7FF20F4E7D4
S21402BC8872D00400014B1878704700BF346C00204D
S21402BC9838B5114B04461B7808469BB9012038BDB7
S21402BCA8A24205F101050FD103EBC1035B68984771
S21402BCB80028F3D11E2022464FF6FF7110F000FF2F
S21402BCC80020ECE70025054BE9B213F83120002ADC
S21402BCD8E6D11446EEE700BF346C002018D0040004
S21402BCE84FF6FF7307B502220DF106010348ADF8B9
S21402BCF80630E3F701FB03B05DF804FB603202E0AE
S21402BD08002307B5ADF80430134B984221D10B88AF
S21402BD18DA0703D5232003B05DF804FB9B0748BF68
S21402BD284FF47F434FF002020C480DF1060148BF5C
S21402BD38ADF80430E3F7B4FA4FF6FF73BDF8062001
S21402BD489A42E7D10222054801A9E3F7D5FA00206C
S21402BD58E1E72120DFE700BF1FD1BACA603202E05E
S21402BD68002313B50222038004460DF106010F488C
S21402BD78E3F796FA2D2801D0112805D14FF6FF735E
S21402BD88ADF80630FFF7ACFF9DF80630BDF8062082
S21402BD981BB1238843F0010323800020FF2A82BFB9
S21402BDA8238843F00203238002B010BD603202E00B
S21402BDB8034B1B78002B14BF442056200E307047C6
S21402BDC8D36100202DE9F04F8DB0179C06468946B0
S21402BDD8CDE90223BDF85870D588ADF816103CB9DF
S21402BDE8EC0605D500970AF0F6FE0DB0BDE8F08F12
S21402BDF8C5F380242B054FEA043448BF44F4006494
S21402BE08A80511D544F080040A2E00F26981DFE8FD
S21402BE1816F09A002F0017003700670167013700EF
S21402BE2810009A0037009E00E90548BF44F0400417
S21402BE38EAE74FF001084FF0020B4FF0000A14E051
S21402BE4808A95FFA89F00EF0ECF8DDF82500DDF8AF
S21402BE58291006AB03C3A44B33F81930ADF81630D5
S21402BE684FF00008C3460DF1180A002F5DD125E0F1
S21402BE7806AA0DF116015FFA89F003F017FAEFE742
S21402BE884FF6F773994540F22B8115F4026F40F08E
S21402BE982781964B1B78022B03D0043B012B00F21A
S21402BEA8218147BB032E4FF001080CBF4FF00C0B45
S21402BEB84FF0080BBA4624F4C074A4B28C4B188808
S21402BEC84FF6FF73984206D08A49FAF767FB10B115
S21402BED824F48054A4B2039B38460093BDF8162077
S21402BEE8534644F4027105F0EBF9ADF82000002839
S21402BEF838D1192079E7384610F084FA0246FFF757
S21402BF0857FF032E08BF0138824201DD38206CE74E
S21402BF18032E4FF001080CBF4FF00C0B4FF0080B26
S21402BF284FF0000A24F4C074A4B2029B1B889BB983
S21402BF381A4639460620009308F0DBFC0028BDD1D5
S21402BF4840F6014051E74FF00008C34675E74FF048
S21402BF5801084FF0030B70E7002339461A460720FC
S21402BF680093E9E74FF6FF73614A118899421CD09D
S21402BF780CF0F5FC03465E4A04301188039310F071
S21402BF88D8FD5D49039B097814F4805FD971594935
S21402BF98574A1FBF086898604868D8604FF6FF730C
S21402BFA813804FF0FF330B604B605946029A08A87D
S21402BFB805F03AFA00289CD0504C2378002B3CD146
S21402BFC8A7B1384610F01EFA0746BDF8200010F052
S21402BFD819FA23780744002B14BF12220022EB100A
S21402BFE803F0040317443B44842B8FDC15F40057F4
S21402BFF80AD0BDF8204020460CF0B7FB40F480611A
S21402C00889B220460CF09CFBA6F10803012B05D842
S21402C01801221021BDF820000CF098FB179BBDF8F2
S21402C028204043B32046BDF816100CF0E2FBBDF8DC
S21402C0382030179A00201380D7E6AA06C0D56B01CF
S21402C04803F020030A2E14BF43F0010363F07E03B5
S21402C058DBB2B8F1000F08D000215246009108A8BA
S21402C06800F082FE0028ABD0BFE61A46514608A862
S21402C0780DF0C6FEF6E720460EF08EFB179B02462C
S21402C08821460420009308F034FC00283FF458AFF9
S21402C0980A2E18D84FF4D963F340DB0713D5072EB8
S21402C0A80AD00A2E08D0BDF820000DF069F980F0F3
S21402C0B80100C0B2800098E608A80BF0FBF800283A
S21402C0C8F1D0042091E617B125F04005ADB22B4613
S21402C0D83146BDF820005FFA89F201F07DFE84E65B
S21402C0E8012082E6162080E6345A0020D761002016
S21402C0F8BC6B0020356C00208D620020D3610020C6
S21402C108F7B50F469DF828100446DDE90B061D46CE
S21402C118F1B94FF6FF739C421CBF174B1C804FF0B9
S21402C12800041CBF154B1A70BDF8240005F012FA5D
S21402C13800232A46CDE90043394606209DF82030DA
S21402C148FFF740FE10B90EB1AB7A337003B0F0BDFC
S21402C15878B14FF6FF739C421FBF074B1C80074BF4
S21402C1681A7000220CF016FC04460028DCD11920AE
S21402C178ECE72120EAE700BFBC6B00208D620020B6
S21402C1882DE9F04788469DF82810074616461D46AC
S21402C1989DF820A0BDF824900B9839B158B3002218
S21402C1A80CF0F8FB044610B9192025E00C464FF6A9
S21402C1B8FF739D421FBF114B1D80114B83F800A0D1
S21402C1C84FF6F7739E4208D80E4B4FF6FD761A784E
S21402C1D84FF6FF73002A18BF1E46484605F0BAF9FE
S21402C1E800233A46CDE9084331464346BDE8F047C0
S21402C1F80320FFF7E7BD2120BDE8F087BC6B0020CF
S21402C2088D620020946100202DE9F04786B09DF8E3
S21402C21838600546DDE90FA80C4617469946B6BBB0
S21402C228374B1B78022B1DD125BB4FF6F7739C4262
S21402C23814D80026484605F08DF900233A46CDE97B
S21402C24800632146FF232846FFF7BCFD38B9B8F13C
S21402C258000F04D0BB7A88F8003000E0012006B050
S21402C268BDE8F087043B012BDED908460BF01FF821
S21402C27810B31DB3022D31D1EEF76AFBA042EDD9F9
S21402C288204B33F814204FF6FD739A4219E0BAF1A0
S21402C298000F32D01A4B1B78022B05D1FFF788FD08
S21402C2A8B042E6D23820DAE7043B012BF6D9084634
S21402C2B80AF0FDFF0028F1D11620D0E74FF6F773F3
S21402C2C89C42CBD8002EB4D03146002250460CF001
S21402C2D861FB06460028ADD11920C0E7012DBDD165
S21402C2E804AA0DF10E01E0B202F0E0FF064B1B783D
S21402C2F8A342B3D9BDF80E20C5E72120AFE700BF99
S21402C308D7610020345A0020096C002030B5104B43
S21402C31887B005460C461868596803AA03C2986887
S21402C3280C4910609A88DB8852BA23F04003ADF8AD
S21402C33812300023CDE90043ADF81020FF23098808
S21402C34803AA0720ADF80E50FFF73CFD07B030BD34
S21402C358725B00207E5B002038B50C461146124AF6
S21402C368124D108022682A6062686A60A268AA6013
S21402C378E288500616D5EA88520613D561B100221D
S21402C38818460CF007FB014650B16088FFF7BEFF5F
S21402C3980522074B1A7038BD08460EF03EF9F2E73A
S21402C3A81920F5E70220F6E77E5B0020725B002084
S21402C3B89D6200202DE9F04F074689B010461546C3
S21402C3C81C468A460EF0E8F90146284604F050FF55
S21402C3D8064628460CF0C3FA043010F0A8FB80463E
S21402C3E80CF04EFC804550D0B2074ED1DFF8AC8038
S21402C3F8284605A9B8F800B00EF0B5FA9DF8193027
S21402C408A8F8007003BBBDF81430EBB928460CF048
S21402C418A6FA023010F08BFB4FF6F773984294BFD9
S21402C4284FF000094FF0010901230134E4B22A460D
S21402C4383846CDF8009005A9039303F001FC039B48
S21402C44840B901339C421ED20020A8F800B009B0B9
S21402C458BDE8F08F022CF8D1012BF6D10C4A0D4B11
S21402C468A3F800A01378591C11700B4A7F3B16F0EC
S21402C4780C01137007D1BDF81A305B0603D5BDF858
S21402C4881600FFF743FF0223D1E70020DFE700BFCD
S21402C498D5610020BC6B00208D6200207E5B0020E8
S21402C4A82DE9F04FABB00F46ADF81E000CF057FA68
S21402C4B800F1020A0646504610F039FBBDF81E4047
S21402C4C8054620460EF068F90146204604F0D0FEDE
S21402C4D8814600F00308301D10F029FB414C2080ED
S21402C4E80CF0CEFBA8422DD04FF6F7739D4229D802
S21402C4F87378DA0726D428460DF008FF30B10123F0
S21402C5082946BDF81E202088FFF754FF0CF0B8FB1A
S21402C518344B1B8883420FD1BDF81E4020460EF0CE
S21402C5283BF90146204604F0A3FE10F00C0103D1A5
S21402C538BDF81E0001F00EFD00222B4B1A602BB030
S21402C548BDE8F08F2949BDF81E000EF00CFA2849FE
S21402C558BDF81E000EF06AF90028254B08BF002316
S21402C568214ABDF81E0013600CF085F9214B18709D
S21402C578BDF81E000CF084F91F4B1870BDF81E009B
S21402C5880CF089F91D4B186000238DF82230002F15
S21402C5983AD0164BDB889B0636D5194B1B689D0787
S21402C5A81ED4B8F1010F14BF082318230DF1220276
S21402C5B8009200220DF11E00114600F0D5FB18B3BA
S21402C5C8B8F1010FA2D10F4B1B78112B9ED10DF09B
S21402C5D8B6FC00289AD140F61D40FBF70FFB95E7FC
S21402C5E80823E3E77E5B002060560020725B00208B
S21402C5F885620020806200207F6200204C56002060
S21402C6088C480020D7610020504610F090FA8246E7
S21402C618BDF81E000FF0F6FEA0F11005EDB22A4690
S21402C62831460AA8F1F7B0FCFF238DF82F304FF6F3
S21402C638F7739A4540F2DF80B8F1010F00F0E78001
S21402C648B8F1020F00F04681B8F1000F7FF45EAF32
S21402C658A44DBDF81E00EB88ADF8240004930CF038
S21402C6687EF9BDF82460074630460EF095F8014676
S21402C678304604F0FDFD8DF82300B81C7E7810F0D5
S21402C68856FA07460CF0FCFA06F00106B4F80090D3
S21402C69803906C88002E7FF439AF4FF6F77A42463D
S21402C6A8494657458CBF0620082010F009FABDF8FF
S21402C6B824B058460EF070F85946024643460420FF
S21402C6C8CDF8008008F0F2F8574583460AD8B5F93F
S21402C6D80620EB88002A05DB580603D54146204685
S21402C6E8FFF714FEBBF1000F3FF410AF2B88002BA8
S21402C6F85AD16B79002B57D14FF6F7730DF12601F5
S21402C7089F42BDF8240094BF4FF0000B4FF0010B78
S21402C7180DF0E6FCDFF8D8A100F1FF38BAF80030D1
S21402C7281FFA88F10593EB88BDF82600069304F0F5
S21402C7389FFD069B04990190009322465B46059846
S21402C748C1F340110AF0C0FD00283FF4DFAE04230F
S21402C75806200093BDF82610624B5FFA88F208F0AE
S21402C768A5F800283FF4D2AE48F202036A889A4235
S21402C77805D1BDF82410BAF8000000F025FF594D7F
S21402C78809AA29460DF123000AF09CFD0346002853
S21402C7987FF4BCAE2104BAF80000BDF8242060D5A8
S21402C7A8234629460DF0B1FC9DF823304D4D03F083
S21402C7B80C030C2B75D128890DF072FC00283FF467
S21402C7C8A5AE039B002029894B4514BF02260326E3
S21402C7D802F044FC444B18704FF6F7739F42BDF8BC
S21402C7E8240075D8A4F138025342534132463D49D3
S21402C7F804F036F88AE6B8F1020F6BD0394BB3F973
S21402C8080630002B26DAB8F1010F7FF41DAF0CF0C4
S21402C81837FA238883423FF479AE0520BDF81E1006
S21402C828FFF736FA00283FF471AE2E4AD3885B0625
S21402C83807D50023CDE900330A20FF232188FFF716
S21402C848C1FA3A469DF822302188BDF81E0002F049
S21402C8581DF85BE629460AA800F070F80028D2D030
S21402C86854E60221DFF88C8088F800102946CDF8B5
S21402C87800B003F0E5F9132C96D0EB885D0493D448
S21402C8881A4B1B78D80703D598F80020022A8BD0B3
S21402C89899077FF53BAE98F80030012B7FF436AE49
S21402C8A882E700222B79124800936B79114600889A
S21402C8B802F0FCFB0C4B18709DF8233003F00C03B7
S21402C8C8082B89D1039B4B4514BF0426052683E70C
S21402C8D801238BE74846BDF81E20024901F0AEFA4E
S21402C8E814E600BF725B00209C620020986100205C
S21402C8F87E5B00208E62002010B5002108480CF0EE
S21402C90892F8044650B101460420FFF7C1F928B14F
S21402C9182046BDE810400121FFF7C2BD10BD00BF8A
S21402C928625B0020034BFF211A7803489200F1F756
S21402C9389BB900BF0A6C00204445002070B5451814
S21402C94804464FF0FF31AC4212D1104B10481A7809
S21402C95805460023934211DB0E4C2078431CB3FB9A
S21402C968F2F602FB163345F82010237000200CE07E
S21402C97814F8010BE1F7F4FD0146E4E750F8044B1E
S21402C988A14201D00133E5E7012070BD0A6C002000
S21402C998444500208F620020042307B501200DEBD2
S21402C9A80301054AF9F76AFA019B044A1B03136056
S21402C9B803B05DF804FB00BF23E111005C560020BB
S21402C9C8014B1868704700BF5C560020014B186878
S21402C9D8704700BF5C56002010B5064C2368C3F3A8
S21402C9E80B0313B90448E2F74BFC2068431C236088
S21402C9F810BD00BF5C56002023E111002DE9F04F60
S21402CA0893B003930023DDE91C79069399F8003066
S21402CA1883460DA804930E4615460AF0E3F899F8DD
S21402CA28003013F003043ED0039B0DF1250A8DF85F
S21402CA3824300022082138460CF0B0F8002870D0BE
S21402CA4828880BF08CFF99F800301C074CBF04307E
S21402CA58023010F06CF807A98046F9F79FFB9DF89C
S21402CA6824300446980633D5288806F10D010DF0C1
S21402CA7866FEA8B100230093384608232988721D4B
S21402CA8810F052F999F8003003F01803182B4AD11F
S21402CA98B8F1000F47D0A94BB3F86830434542D0E7
S21402CAA840F60A4327E02888711D0DF048FE002844
S21402CAB8F6D0009405233246298809A810F034F9DE
S21402CAC89DF824300DF1240A03F018030393B0E707
S21402CAD814BB39464046F9F761FD0028D2D099F8CA
S21402CAE800309907DCD040232246214640460DF006
S21402CAF8B3FB40F6094399F8002012F0030440F00D
S21402CB08F780288803930BF08DFE224601461A20EA
S21402CB180FF0D6FF039BEBE007AB03CB38607960D8
S21402CB28B0E74FF6FF780AF0B2FB044620B10421BC
S21402CB383846F9F74FFB04461E9B002B5AD00923AA
S21402CB481E990DA88DF834300AF0C6F9209B0BB151
S21402CB58209B0693039B002B40F08E800DA8EEF7D1
S21402CB68A7FB99F800309A0700F09880FFF734FF81
S21402CB785146024601200AF0D4FB99F800309B077A
S21402CB8810D5594628880DF0B4FE0BF1090350FA61
S21402CB9883F35FFA83FB594628880DF081FE00EB83
S21402CBA80B06F6B299F8003013F0C20F0AF1040326
S21402CBB80DD09DF82420624942F020028DF82420E8
S21402CBC80A68CAF804204A685A600AF10C03012265
S21402CBD809A800921B1A324629889BB210F0A4F8BC
S21402CBE8324659462846FEF7E1FE002800F0A480A1
S21402CBF800237DE01F9B5BB19E460DF1340CBEE818
S21402CC080F00ACE80F00DEF80030CCF800309DE7E5
S21402CC18049B594603F020032888049304F028FB53
S21402CC2810F0030F0CBF012300230593049B059AFB
S21402CC38003B18BF012342EA430300930DAA06AB42
S21402CC4838461F9900F0FEFA049A034682B1002875
S21402CC5880D0059B0DAA0093384606AB1F9900F0B4
S21402CC68F1FA034699F8002022F0200289F80020FB
S21402CC78002B3FF46FAF3EE7039B102B06D1BDF89F
S21402CC88363043F00103ADF8363067E7039B182BBE
S21402CC984FD1BDF8363043F00203F4E701200DF118
S21402CCA825010AF04CFB99F80030824613F0040F6F
S21402CCB8288821D1069B1BB3002C35D00BF0B2FD79
S21402CCC80022014616200FF0FBFE84B17FB14FF614
S21402CCD8FF7398450BD000230DA91A4638460AF06A
S21402CCE80CFA394640469DF835200AF0E6FA012342
S21402CCF8184613B0BDE8F08F002CDFD1104F01E0C4
S21402CD08002CDBD100233246009359463B460CF0F2
S21402CD1877FF00283FF4C4AE002C3FF469AF069AAA
S21402CD280AF10103136063E71B685345C6D801245A
S21402CD38E8E740F60A43DBE71923D9E7445500201B
S21402CD485D620020002307B5054A064813600422E0
S21402CD580DEB02010193E2F7CFFA03B05DF804FB8C
S21402CD685C56002023E111002DE9F04F0446B1B0CD
S21402CD7800888DF82F3016468A460DF00DFD0146BE
S21402CD88814620880DF08CFD00EB090820880DF0FE
S21402CD98D9FD00239DF82F505FFA88F815F0010791
S21402CDA80790ADF8363008D101460DF136022088D4
S21402CDB80DF07FFC08B1ADF8367016B9CDE90E66EF
S21402CDC80EAEFEF763FC18B145F020058DF82F501D
S21402CDD80023CDE9033302930DF12F03CDE9006357
S21402CDE82246534641464846FFF708FE05460028AF
S21402CDF800F043819DF82F3013F0010746D1B44A5C
S21402CE0823F02003106851688DF82F3010AB03C347
S21402CE18184600F0FBF90546FEF744FDBBB29842F9
S21402CE2800F2B7803A9B13B100233A9A1370BDF802
S21402CE383630CBB1012120880FF000FB2788054643
S21402CE48002800F04F81012138460FF0F7FABDF8A6
S21402CE583670054638460FF0D5FA002300903A4653
S21402CE68194628460DF0A8FB0023CDE903330293A2
S21402CE780DF12F03CDE90063224653464146484644
S21402CE88FFF7BCFD0546002800F0F7809DF82F3016
S21402CE9803F01103102B40F003818E4B1B78432BB3
S21402CEA840F0FE808C4B1B685B0640F1F9802088B8
S21402CEB808F105010DF043FC8346002800F0F080D7
S21402CEC84146208804F0D4F9844B10F0200F08BF9E
S21402CED81E4612A800F09AF90822314612A8F1F75F
S21402CEE80FFA002800F00E81314612A80AF0AEF9B1
S21402CEF8012326AE00933246002314A912A800F096
S21402CF08A1F9002840F0CC8012AB0DF12F07CDE92D
S21402CF1803600290009322465346414648460197CC
S21402CF28FFF76CFD002800F0EF80BDF89A3010205D
S21402CF3843F0080318AA14A9ADF89A300CF037FD86
S21402CF48002840F0AD8012ABCDE90360CDE9017050
S21402CF5800932246534641464846FFF74FFD05468C
S21402CF68002840F09D8018AB4FF49071002012AA5A
S21402CF7800F0D4F84FF0005100200CF095FFBBF1FA
S21402CF88000F00F08C804FF0805100200CF08CFFD0
S21402CF9885E018AB14AA26A9F8B20AF003F9002805
S21402CFA840F09480082210A927A8F1F7A9F9834629
S21402CFB8ADB19DF8A53013F0020F08930FD00822E2
S21402CFC812A927A8F1F79CF948B9089B590706D56C
S21402CFD83A9B13B101233A9A1370089507E03A9BD5
S21402CFE8002B61D1BBF1000F70D1002308930DF11D
S21402CFF8740C14AB0FCB8CE80F00BDF83630CBB1EF
S21402D008012120880FF01AFAB4F800B000284FD091
S21402D018012158460FF012FABDF83620834610460C
S21402D02809920FF0EFF900231946099A009058461C
S21402D0380DF0C2FA2A4B0DF1740B049300230393E6
S21402D0480DF12F03CDE90063224653464146484672
S21402D058CDF808B0FFF7D2FC002837D1002D33D020
S21402D06812AA5B464FF482714FF4005000F056F84D
S21402D078089B13B126A809F0B0FE174B1B689A073F
S21402D0880DD4FEF703FB50B1114A18AB106851686D
S21402D09803C3002226A918A80CF0ACFC68BB00251E
S21402D0A8284631B0BDE8F08F00233A9A137099E704
S21402D0B8BDF836200A90104609920FF0A3F9DDE96A
S21402D0C8092307990090B2E72A46CAE70137A3E67A
S21402D0D8A6F40300D76100208C480020AE55002035
S21402D0E888480020BDF836B058460FF08BF92B4614
S21402D0F800905A4638460799B4E626A918A80CF0AE
S21402D108B5FCC6E78346F3E614AB2DE701461A23B9
S21402D1180120014AF8F7B2BE24E10100F0B516462E
S21402D12891B0074609A80D461C46FFF7EFFF3EB129
S21402D138336845F04005CDF826307368CDF82A30B6
S21402D1481B4B1A6822EA070242EA050119604B04D9
S21402D1580DD5BDF824200B0A03F4E243C9B222F423
S21402D168E3420B4322F07F021343ADF824301A231E
S21402D1780020104A09A9F8F781FEB4B104A809F0FC
S21402D18831FD02236A468DF810301546234604F10F
S21402D1981006144618685968083303C4B342224670
S21402D1A8F7D1294604A809F097FE11B0F0BD00BFD2
S21402D1B88C48002024E1010047F2FF10044B19684E
S21402D1C841F48042014041F480411A600CF06CBE82
S21402D1D88C48002000B589B0FEF7CAFB01A8FFF705
S21402D1E895FF0948BDF804200168130221F0FF01E3
S21402D1F803F4E2030B43D2B2134343F480430360BF
S21402D20809B05DF804FB00BF8C48002010B50C4B33
S21402D2180446186888B0830706D54FF0FF332360A4
S21402D2280120636008B010BD10F04000FAD001A8D3
S21402D238FFF76CFFDDF806302360DDF80A30EFE70B
S21402D2488C4800202DE9F04F99B081460C461E46C0
S21402D25817469DF88880A2B11546284609F0C2FCF2
S21402D26818F0020B0FD004B911AC6B4622462946B9
S21402D278484609F075FF0EB10023336019B0BDE8C1
S21402D288F08F0CADE9E76B462946484604AA09F032
S21402D29834FF6B7808F00108FF2B25D000287AD1D6
S21402D2A854B104AB08AF1A4603CABA42206061609A
S21402D2B8134604F10804F6D126B16A78374B03EB15
S21402D2C882033360B8F1000F01D10020D6E7BDF81B
S21402D2D80030D906F9D418204FF6FF716A780FF095
S21402D2E8EFFB40F60E40C9E7DFF8B8A0DAF80030E0
S21402D2F82EB19A0756BF2A4AC6F800B0326003F023
S21402D3083003102B01D0202B1ED111A8FFF7FEFEEA
S21402D318082248460DF14601F0F7F2FF28B1DAF87E
S21402D328003003F04403402B0ED0B8F1000F0ED1A4
S21402D33808A80CF0BDFD02232B70C4B9002FC4D078
S21402D348281DFFF763FFC0E740F60A4096E7DAF8BB
S21402D3580030DB03ECD508A80CF0AAFD02232B70DC
S21402D368BCB9002FB7D0281DFFF750FFB3E7002639
S21402D37808AB0CAF1A4603CABA422060616013466D
S21402D38804F10804F6D1281DFFF740FF002E9CD0B2
S21402D398A1E70126ECE72D2070E700BFA044002095
S21402D3A8884800208C48002049B9084B197849B1AA
S21402D3B84EF66023594328B105480FF0F3B841F2F8
S21402D3C88831F8E70248F8F7DFBC00BF966100200C
S21402D3D8D847002070B586B00546F8F7C3FD10B9E1
S21402D3E8022006B070BD01A8FFF710FF0646002807
S21402D3F8F6D08DB92E4B1C6814F0020406D02D4BBD
S21402D4081B78112BECD12C4BB3F868404FF4816390
S21402D4180221ADF80C3023E02846F9F72DF900284A
S21402D428DED1234B1C6814F0020406D0214B1B786D
S21402D438112BD5D1204BB3F868400822294601A8FB
S21402D448F0F75EFF0028E1D04FF4027300260A21A7
S21402D458ADF80C302B68CDF80E306B68CDF812306C
S21402D468002203A80BF096FA024608B91920B8E774
S21402D4780F4B196801F03003102B17D0202B14BF5E
S21402D48801230323490001F004010B43204600212F
S21402D49800F0F4FF0028E9D000210120FFF784FFFE
S21402D4A816B10122054B1A7000209AE70323E9E712
S21402D4B88C480020D7610020445500208462002052
S21402D4C830B500251D4C85B0CDE90055F8F75CFC53
S21402D4D823784BB31A491B480A780078904223D916
S21402D4E80132012B0A700ED12A464FF4A071284643
S21402D4F802F0BEFAC0B2B8B941F2883112480FF04B
S21402D50851F805B030BD022B09D1284602A9F9F711
S21402D51845F80028EED102A8FFF75CFFEAE7032BDE
S21402D52802D101F065F9E5E7002108462170FFF708
S21402D5383BFF0421684609F0C3FAE2E7906200203E
S21402D548916200203D6C0020D847002070B5194A29
S21402D558194D04465168106886B02E7801AB03C38D
S21402D5681EB10224204606B070BDF8F745FD022813
S21402D578F7D103A800F0E8FD082201A90DF10E0074
S21402D588F0F7BEFEA0B10D4B32464FF4A0713046FE
S21402D5981C7002F06DFA04460028E3D10123084AFB
S21402D5A841F2883107482B7013700EF0FBFFD9E75B
S21402D5B82324D7E77BD00400906200203D6C00202D
S21402D5C891620020D8470020F0B50C4600219BB097
S21402D5D82B4F0646492207A80691F0F745FB3B78EB
S21402D5E8012B34D19EBB0DF10E0120460CF078FDBE
S21402D5F80546BDF80E000EF005FF441BE4B2BDF862
S21402D6080E1023462A46009606A80FF08DFB3046D3
S21402D61804A9F8F7C3FFD0B9CCB19DF81920B2B95E
S21402D628BDF8233003F47E43B3F5285F1ED3B3F563
S21402D638385F0ED31349BDF80E000B6843F4000397
S21402D6480B60294609F01CFE18B104233B701BB078
S21402D658F0BD01220C4B04A81A70FFF7BBFE41F27C
S21402D66888310A480EF09EFF0223EFE711463A7009
S21402D678FFF79AFE1E2104A809F022FAE7E700BF80
S21402D688906200208C48002091620020D847002033
S21402D698014B1870704700BF91620020014B187842
S21402D6A8704700BF90620020014B1870704700BF99
S21402D6B8906200202DE9F04F0446408891B00E296A
S21402D6C88846ADF81A0074D094F80890A7790BF03B
S21402D6D846F909A90546BDF81A00E6790DF043F998
S21402D6E8BDF81A000BF041F8430542BFBDF82A30D0
S21402D6F843F40053ADF82A30E379D80642BFBDF8A2
S21402D7082A3043F48053ADF82A30BDF82A309906F9
S21402D71813D5022F52D10CA9207A0CF082FCDDF820
S21402D7283500DDF8391007AB03C307AA0021042326
S21402D73800910DF11A00FFF717FB0121BDF81A0038
S21402D7480EF07CFE022F824644D1454B33F8195020
S21402D758B8F1000F79D0BDF82A305A0675D54FF6BB
S21402D768FB72954271D83F4AB2F86820AA426CD03A
S21402D778DB0502D528460CF09AFDBDF82A30D804F7
S21402D78863D5002F33D1BDF81A000AF0EEFFC106A2
S21402D79863D548F23403BDF826209A4209D1324EA0
S21402D7A83078FF2805D003222946FCF72BF9FF23F9
S21402D7B833700023236011B0BDE8F08F012F01BF3C
S21402D7C8237A2A4A03EB430302EB830314BF00229D
S21402D7D89A1CABE7012F05D10C2303FB09F3234A56
S21402D7E8D55AB5E7A81C0FF0A2F90546B0E72846B1
S21402D7F801F07CFDBDF81A000AF0B7FFC206C8D4CD
S21402D8086389504605930EF0FDFD834650460EF09A
S21402D818DDFD059B02905FFA8BF04A463946019079
S21402D8280093404609AB09F0E3F8B8F1000F14BFBD
S21402D8380B20092016F0030218BF02F1FF32294610
S21402D84818BFD2B20FF03CF9A3E7BDF81A000AF0E7
S21402D8588CFFC3069DD4002FD2D1A946D0E700BFBD
S21402D868345A002044550020416C00207459002088
S21402D87838B500240F4B104D2A78A24205D8C2B9F3
S21402D888BDE838400D48F8F77FBA598869B9013AB1
S21402D898D2B2A2422A70EFD0121B184603F1100128
S21402D8A81201F0F733FA0346E6E701341033E4B21E
S21402D8B8E2E738BDA444002094620020F86A0020FB
S21402D8C870B51A4B1A4A1D780023DCB2A54200D856
S21402D8D870BD144666880133864202F11002F4D1FE
S21402D8E8E379A588E16003F040028DB9CAB123F056
S21402D8F80403E3710BF033F8037803F07F03037035
S21402D90821880029E4D1BDE870400A480EF04ABED4
S21402D91800216580A180002AE9D1BDE87040FFF7A2
S21402D928A7BF2046FFF7C6FEF7E700BF94620020AF
S21402D938A4440020F86A00202DE9F047044686B081
S21402D94840880F4615460BF00AF8A3798046082B3E
S21402D95852D8DFE803F0052E1851515151510500EF
S21402D96802300FF0E4F8002D4ED06946F8F716FE9E
S21402D978002841D1684601F063FDB0FA80F04009FC
S21402D98806B0BDE8F08702A9207A0CF04AFB6B467F
S21402D9986E46DDF80D00DDF81110334A03C3237A0C
S21402D9A832F81390314AD05C75B131460CF05DFB03
S21402D9B8E6E7237A2E4903EB430301EB830231F8A9
S21402D9C82390907A961CEFE74FF6FB7AD14515D945
S21402D9D830460CF094FC4FF6FF739842054615D075
S21402D9E80146304601F09EFC554508D9E379DA0629
S21402D9F80ED440F62243E3600020C1E74D4629468E
S21402DA0808F102000FF095F80120B9E74D46EDE758
S21402DA184FF6FC78454512D103F00C030C2B1CD1AB
S21402DA28DFB130464FF6FD7101F07CFC40F61F412F
S21402DA382046E160FFF73EFEFFF71AFFDCE74FF6E7
S21402DA48FD739D4209D10023304619461A4602F054
S21402DA58DBF84146304601F065FCE37943F00C03F7
S21402DA68E37140F62343C6E7345A00209D6100203E
S21402DA787459002073B5044640880E460AF06FFFB4
S21402DA8802300FF054F809F012FC18B1A11C201D40
S21402DA9809F012FCE6B1E5790135EDB2E57115F04B
S21402DAA8400514D0ECF74EFF012205460021204619
S21402DAB8FFF742FF18B1394B1B882B449DB2384BEF
S21402DAC81B78042B01BF354B1B885B199DB225803A
S21402DAD8002231462046FFF72FFF20B360880AF05F
S21402DAE83EFFE2792F4922F00C03E3710B780546D4
S21402DAF80133DBB20B70C3712B4BA61C1B780BB31E
S21402DB08E37998061ED52949097871B159060CD5C4
S21402DB1892070AD500220423114630460092FFF7E0
S21402DB2823F910B1E06002B070BD0022012311464D
S21402DB3830460092FFF718F920B1E37943F0030361
S21402DB48E371EFE7304609F0B5FB0028EAD16088B2
S21402DB58FCF7C0FA0328E6D8DFE800F0020D1D1924
S21402DB68E37943F00403E3711B06DCD5104B1A78FD
S21402DB78104B1A70D7E740F62443E360E37943F084
S21402DB880803E3712B7803F07F032B70CBE740F68C
S21402DB982543E360C7E740F62643FAE7966B00207C
S21402DBA8D8610020D5610020D36100203E6C002099
S21402DBB89B610020936200202DE9F74F06460EF07F
S21402DBC8CCFE5F4B0546B3F8009018805D4BA0EB81
S21402DBD809041B78A4B2A34298BF00234FF000089A
S21402DBE84FF6FF7788BF1B1B564A88BFDBB21370F7
S21402DBF8DFF864B1A9EB00030093534B5FFA88F28F
S21402DC08197891420ED80EB1FFF732FE4FF6FF731F
S21402DC189F4200F08E8039464C4803B0BDE8F04F6C
S21402DC280EF0C0BCBBF80220002A3CD0484B9BF83A
S21402DC3807201878BBF800A0042818D00020BAF1EC
S21402DC48000F08BFA2462044504523D2BBF8001056
S21402DC58009B1944ABF80010002E4ED002F0480282
S21402DC68482A4AD100215846FFF704FF45E00192A8
S21402DC78F8F704FC30F01003019ADFD1FBF746FCF4
S21402DC88344B019AB3F800C08445D7D9ACEB0000F0
S21402DC9880B2D4E702F00C00042807D10022ABF8C1
S21402DCA800200BF1100B08F10108A6E7510602F056
S21402DCB8030C02F008000ED528B3BCF1030F25D1D9
S21402DCC8DEB1DBF80C105846002908BF4FF4426153
S21402DCD8FFF7F0FC11E040B3BCF1010F25D11206A4
S21402DCE8EED44FF4C862ABF800209BF8072022F067
S21402DCF8030242F002028BF80720BBF80020974284
S21402DD0828BF1746CDE703208445D9D213060ED579
S21402DD180C4B1A780AEB0200844208DA4A44521B71
S21402DD280AEB0201ABF80010E7E70120ECE7012155
S21402DD3899E7064803B0BDE8F04FF8F725B800BFE4
S21402DD48685B00209362002094620020F86A002034
S21402DD58D8610020966B0020A4440020F8B5002560
S21402DD680A4E0B4F3378ECB2A34204D8BDE8F8400B
S21402DD780848F7F719BD07EB0414A01CF7F714FDBB
S21402DD88201DF7F711FD0135ECE700BF946200206D
S21402DD98A44400205E5B002070B500240B4D0C4E98
S21402DDA82B78A34208D81B1BDBB22B706BB9BDE8D5
S21402DDB870400848F7F7E8BF06EB041040F6214122
S21402DDC80134FFF777FCE4B2EAE770BD94620020FC
S21402DDD8A4440020F86A0020F8B5154EDFF858E08B
S21402DDE835789EF800E0134FAE454FEA051C07EB60
S21402DDF8051419D0002503F4835343EA1323A171AB
S21402DE082272E371608027F80C50A58003F0A8FB05
S21402DE1840F60243E3603378608101332846337064
S21402DE28FFF7CAFE2846F8BD40F60340FBE700BFE8
S21402DE3894620020A4440020086C00202DE9F04FCC
S21402DE48344B0D461C78174685B05CB9B1F9068086
S21402DE58DFF8C890DFF8C8A0DFF8C8B099F8003035
S21402DE68A34202D805B0BDE8F08F0AEB0416B088C4
S21402DE7800B9708801A90CF076FDAA7A9DF80E30D2
S21402DE889A4244D1B8F1000F0FDA297A9DF80C208D
S21402DE982B89914209D8204800780844824236DA0B
S21402DEA8521A1B0A1341D90731D538460CF04AFDD7
S21402DEB8BDF80A3004469A0602D5EB889B06D1D5E9
S21402DEC8F37903F00C03042B08D17088F9F786FD62
S21402DED800237288194618460CF00BFA00213046C1
S21402DEE8FFF7E8FBFFF7C4FC38460EF08BFA8442CD
S21402DEF808D2337A01228BF80030294600233846A6
S21402DF0802F0AEFCB8F1000FACDA0024A6E7013442
S21402DF18E4B2A3E792620020076C00209462002015
S21402DF28A44400209C62002008B50EF016FD074B9C
S21402DF381B88C01A80B2B0F5807F05D9BDE80840B4
S21402DF48002103480EF02EBB08BD00BF685B002008
S21402DF58F86A00202DE9F04788B004460D460CF012
S21402DF681BFC0146204603F083F910F003035FD139
S21402DF7810F00C0F06D12946204608B0BDE8F04737
S21402DF88FFF79EBC20460AF0F0FBC30638D42046AC
S21402DF980CF002FC0146204603F06AF906462046C3
S21402DFA80AF0DDFC804602300EF0C1FD05A90746E0
S21402DFB820460CF0D8FC06F00C0698F801300C2E19
S21402DFC80CBF4FF003094FF00609012113F0010FA9
S21402DFD8204618BF4FF003090EF030FA174B80465A
S21402DFE81B88A3420FD1B5FA85F04009FBF748FC17
S21402DFF820460AF0E8FB0022014607200EF060FDE4
S21402E00808B0BDE8F08703F0ABFA824640460EF049
S21402E018F9F9064640460EF0D9F9F6B202903A46A3
S21402E02849462846CDE900A605AB08F0E1FCDFE73D
S21402E038012BE5D110F00C0FE2D19CE75E5B0020C5
S21402E048002210B5094B1C78094BD1B28C4201D874
S21402E058002010BD197A814202D19979022902D08C
S21402E06810330132F1E70120F3E700BF9462002083
S21402E078A44400200146002210B5084B1C78084B21
S21402E088D0B2844201D8002010BD187A884202D144
S21402E09898790128F8D010330132F1E7946200200B
S21402E0A8A4440020002210B40A4B1C780A4BD1B2B2
S21402E0B88C4203D85DF8044BFFF7DABB197A814223
S21402E0C805D19979012902BF002119805980103398
S21402E0D80132ECE794620020A4440020024B187830
S21402E0E8003818BF0120704794620020044B1B6852
S21402E0F813F0300F03D0202130200BF0D5BE704726
S21402E1088C480020002310B5044608491A4601EA3E
S21402E11800414FF07F60FFF701F8E30703D50021BF
S21402E12830200BF0C1FE002010BD00BF00007207B1
S21402E138044B5B8823F4784323F08D030380002086
S21402E148704700BF8C48002008B500220346C3F873
S21402E1580220C3F806200B4A02301268D1B212F027
S21402E168200F18BF41F010011980930701D4FFF75A
S21402E1784DF8054B1B78023B032B8CBF172000205B
S21402E18808BD00BF8C480020D761002038B5054678
S21402E1980C46FDF7EDFB98B10E4B187878B10E4B8E
S21402E1A81B681A040FD58CB113F0420F00D17DB14B
S21402E1B803F44073B3F5407F0CBF0020232038BD1C
S21402E1C840F60840FBE740F60B40F8E72046F6E73D
S21402E1D82320F4E7D36100208C480020F0B50446DB
S21402E1E88DB007A80D46164608F0FCFC1022002142
S21402E1F803A8EFF739FD5CB1234603AC03F1100719
S21402E208224618685968083303C2BB421446F7D137
S21402E218012703A986EA070307A88DF81C708DF85C
S21402E2281D3008F04AFE80EA070401A8E4B2EDF7BA
S21402E2389DF8B6B101A88DF80650EDF7C3F864B19B
S21402E248002303A907A88DF81D3008F045FE0C4BDD
S21402E2581B78432B01D1F9F7DBF80A4B1D700DB07A
S21402E268F0BD01A88DF80750EDF7ACF8002CF6D0F3
S21402E27803A907A88DF81D7008F02EFEEFE700BF69
S21402E288D7610020D2610020F0B5012593B0074679
S21402E2980DA80C4608F0A6FC05A90DA8ADF8345042
S21402E2A808F035FE01A8EDF761F809A90DA88DF862
S21402E2B835509DF8066008F02AFE0DA89DF807500E
S21402E2C808F0BBFD70BB731BDBB2802B28D91FB1CD
S21402E2D8A64225D0A54223D105A90DA808F0FCFD23
S21402E2E803A8EDF743F803A88DF80F60EDF76AF870
S21402E2F80122294609A8FFF771FF0AF0BBFE012191
S21402E3084FF400700BF0E0FFFDF71AFBB0F1004F78
S21402E31801D9FDF71BFB044B187808F0CFFB012048
S21402E32813B0F0BD0020FBE7D261002070B50E46A0
S21402E338144605460320FFF7B7F946F004022946B5
S21402E348204608F023FE0022014B1A6070BD00BF6B
S21402E35888480020F0B587B00788054610220021B5
S21402E36802A8EFF781FC3E4B1B78002B76D1BC0542
S21402E3785ED407F08403842B63D00022394C1146FE
S21402E3881046FFF72BFF17F4045F276005F1020615
S21402E3981CD0B9040AD5304602F09CFA00284ED1A1
S21402E3A8236823F4005343F48073236030460BF04B
S21402E3B8F7FD002842D108F013FC18B9236843F485
S21402E3C880332360236843F02003236022680DF11C
S21402E3D8060042F400432360FFF7AAFE12F4805FA9
S21402E3E8BDF8063031D043F02003ADF80630216878
S21402E3F8334611F0400218BF05F123024FF07F6042
S21402E408FEF78CFEBDF80630DA0703D50021302069
S21402E4180BF04AFD23689B0506D5012295F82210C3
S21402E42805F11200FFF7DAFE00200F4B186006E02F
S21402E43805F112000BF0B4FD00289AD0292007B087
S21402E448F0BDB80799D52320F9E723F02003ADF8E5
S21402E4580630FDF77BFAFEF775FCC8E70220EEE702
S21402E468D76100208C48002088480020024B186894
S21402E478C0F30050704700BF8C4800202DE9F04FCB
S21402E488064689461046002189B01546984602F087
S21402E498EFFE102807460AD86A4B0341DB0706D464
S21402E4A8C8F340049DB9002009B0BDE8F08F664B5A
S21402E4B81C78002CF6D0FFF7D9FF00280CBF4FF4C3
S21402E4C8F0744FF4D074FC4004F00104EAE74FF00D
S21402E4D8000A18F0010F5346524629464FF0050027
S21402E4E8CDF800A00CBF4FF0080B4FF4027B06F0E5
S21402E4F800FA0028D7D0C823324600935946534616
S21402E508284602F0DDFEADF80E000028CBD018F043
S21402E518080A4AD14FF6F773A7F10F02D2B29E4203
S21402E5288CBF09230123012A01D843F04003474A36
S21402E5388DF810301378591C11708DF81130002C94
S21402E5484FD09DF81030052F43F020038DF8103079
S21402E55833D03F4B1D78002D5AD04FF6F77300255F
S21402E5689E424FF00F0248D9012304A90DF10E006E
S21402E578F7F75EFB002896D1002C4DD1BAF10001C0
S21402E58833463A4618BF0121BDF80E00CDF8009072
S21402E59808F097FEADF80E00002884D018F0040F95
S21402E5A84DD031460AF004FF7EE749460DF10E00CB
S21402E5B80BF0AFFE0028ADD175E70121BDF80E00BD
S21402E5C80DF03CFF012102F053FE0123834013F0B5
S21402E5D8620F1CD11E4B1B78E3B14FF6F773182552
S21402E5E8BEE71B4B25461B780222002BBCD04FF6F3
S21402E5F8F7739E42B8D8052FB6D0BAF1000FB3D13A
S21402E6089DF8103043F040038DF81030ACE7102523
S21402E6180F22A9E71825FBE7BAF1000F0AD0022352
S21402E6284A46009029460DF10E00FEF79DFB00288B
S21402E638A4D038E741235246CDF800A0F2E70AF004
S21402E6489FFE31E79FFEFEFFD3610020D4610020C3
S21402E658C76100202DE9DF431E46144B80461B681F
S21402E6680F469B0791460A9C1BD4204614B108F015
S21402E67812FEC0B20622CDE902403B460020CDE992
S21402E68800890B490CF008F8024650B10021002E0A
S21402E6980CBF01230323084604B0BDE8D043FFF7A6
S21402E6A8EDBE002004B0BDE8D08300BF8C48002031
S21402E6B8206C04002DE9F04F8DB081468A461F462D
S21402E6C893469DF85C803AB903A8FEF79FFDB0BB57
S21402E6D800200DB0BDE8F08F154600222321104613
S21402E6E80AF058F9ADF80A000028F1D00DF06EFECF
S21402E6F80523044618F0100F00F8023B677020D076
S21402E70811220021EFF7B0FA04F11306032F4FF097
S21402E718080237D159463046EFF7F8FAC8F380139D
S21402E72806F10905337208F0B2FD00283ED0002330
S21402E7382B706B700123033505F8013C36E003ADF8
S21402E748CBE7012610221699EFF7E0FA06FA07F346
S21402E75813F0620F02D104F11206D7E707A808F0F1
S21402E76841FA05A88DF81C60ECF700FE9DF8162005
S21402E77818F0200F9DF8173008BF134604F1130649
S21402E788A374C3E751463046EFF7C0FA012306F1F1
S21402E7980802121B28460093BDF80A10082392B2F4
S21402E7A80EF0C2FA042F06F11005BCD02D1BA9B232
S21402E7B80DF10A000BF0D8FE002889D118F0040FD4
S21402E7C80BD048460EF0A5FAFF281FBF074A32F8B4
S21402E7D8103023F4804322F8103043465146484608
S21402E7E8BDF80A20FFF74AFE73E700BF005B002069
S21402E7F870B5032690B08DF80760F7F7B3FB18B923
S21402E8080224204610B070BD02AD2846FEF7FEFC74
S21402E8180028F5D01B4B1C6814F00204F0D140F215
S21402E8280F43194AADF82430136804A8CDF82630E9
S21402E8385368CDF82A3008F0D5F995E8030005ABF9
S21402E84883E80300062304A88DF81D308DF81060AF
S21402E858ECF72EFD01210DF12E020DF10700ECF763
S21402E8687FFC22461A2109A80AF094F8024608B93B
S21402E8781924C6E7012329462046FFF7FFFD00288C
S21402E888BFD1F5E78C4800205D6200202DE9F04FE5
S21402E89804460D46002191B01F2208A89B46079100
S21402E8A8EFF7E2F920460BF077FF0146204602F022
S21402E8B8DFFC8DF8110020460AF051F89DF8113059
S21402E8C8467899068146C6F34006204648BF46F073
S21402E8D802060CF037F8804620460DF093FD00221B
S21402E8E8A0EB0803DBB2232B28BF23230092214682
S21402E8F8424607A80EF018FA00283AD1A24B9DF80D
S21402E9081C701B789DF81DA0B3B3FFF7AFFD002857
S21402E9180CBF4FF4F0734FF4D073FB40DA072BD5D5
S21402E928B30729D4082F22D1BAF1040F21D1FBF755
S21402E9387FFBF0B9012342460093214605200DF1DC
S21402E948110305F0B3FFA0B1053F0D2F11D8DFE87C
S21402E95817F024001000AF01BC01C501100010001A
S21402E9681000100010001000CB01F901F901052F64
S21402E97807D011B0BDE8F08F102F05D1BBF1000FFC
S21402E988F7D0FBF755FBD5E7FBF752FB0028D1D0AB
S21402E998052FCFD0112FCDD0EBE7BAF1050FE8D867
S21402E9A8204609F03FFF029009F102000EF0BFF878
S21402E9B882460DF11200FFF7BBFB01239DF81D806E
S21402E9C803FA08F313F0620303932DD0BDF812304E
S21402E9D89D0722D5B407CCD5FBF72AFB0DF11E00FE
S21402E9E80BF0DEFAB8F1030F04469DF82EB02FD1CD
S21402E9F80DF12F050AF044F9824540F03181032EC5
S21402EA08B7D19DF836100DF11E02003918BF012144
S21402EA180DF12E0008F060FCABE7FBF709FB0028B7
S21402EA28DCD1002EA5D0D9E7FBF702FB68B10DF1C1
S21402EA381E000BF0B5FAB8F1030F04464FF0000BB0
S21402EA4840F082800DF12E05D4E7002E91D0EEE735
S21402EA584E4B1B6898072AD5FF2208210DF137006E
S21402EA680AF09CF8814610BB034601460DF13702B0
S21402EA780220FEF753FB0AF003F982450DF1370729
S21402EA880DF12F0523D04FF6F7739A4540F2ED8025
S21402EA980022082128460AF081F8002800F0E580BE
S21402EAA8002259460DF11E00FFF798FB61E70DF1AB
S21402EAB837070DF12F0538460BF01EFA002848D006
S21402EAC80AF0DEF8824540F0CC804FF0000928466E
S21402EAD8F7F7D2FD002800F0C480B8F1010F5BD02A
S21402EAE8B8F1040F7FF445AF0BF029FA10B1032EE4
S21402EAF87FF43FAF002C7FF43CAF3A4602210DF17B
S21402EB081E00FFF713FC224B1B7863B1FFF770FE5B
S21402EB18FEF7C4FD022806D10120FEF7B9FD012141
S21402EB280846FEF741FC1B4B1B78022B20D103211B
S21402EB38384607F0C5FFFEF7B1FD014600287FF408
S21402EB4818AFFEF731FC14E70DF136070DF12E0566
S21402EB58B1E7104B1B78432B7FF40BAFB8F1010FCC
S21402EB687FF407AF0AF08CF882457AD1C146AEE741
S21402EB78412B7FF4FEAE054B1B6859057FF5F9AEAF
S21402EB88F9F73EFEF5E600BFD36100208C48002068
S21402EB9884620020D76100206C4D2B78022B22D08D
S21402EBA82B78412B3FF4E5AE3CB9FBF741FA5946C0
S21402EBB802460DF11E00FFF711FBFBF739FA002893
S21402EBC83FF4D7AE0BF0BBF9614C98B123681B052E
S21402EBD802D42B78432B0DD1B0070BD440F61A403B
S21402EBE8F9F70CF8C5E60BF0AAF90028D8D0B20750
S21402EBF8D6D4BEE6206810F0020002D102990BF0C5
S21402EC085DFB2B78112B16D12368590513D50020E6
S21402EC18FEF7E0FB044600287FF4ABAE0AF09EFA45
S21402EC2840F61C40F8F7EAFF21462046FEF7BCFBF2
S21402EC38F8F7F0FF9DE6B20701D5FFF757FAB9F1E4
S21402EC48000F9DD007F0CCFF18B94FF480310BF0B7
S21402EC582BF900223F4B38461A600BF044F98FE72F
S21402EC680027039B002B7FF40EAF4FF6FF73284650
S21402EC7805A9ADF8143009F0F6FF20B1284609F0C8
S21402EC88D3FFADF814004FF6FF73BDF81400984290
S21402EC983FF46FAE002C0CBF0423152301930DF12D
S21402ECA81E0300933A4643462946FFF703FD60E6ED
S21402ECB80DF11D00F7F7E0FC00283FF45AAE0222D9
S21402ECC829460020FAF79EFE53E6F3077FF551AE73
S21402ECD83246284607A90BF01BFB4AE69DF81D108C
S21402ECE80120FFF7D1FA44E6184B1B78022B20D1F5
S21402ECF8002D7FF43EAE05A8FEF788FA00283FF4FA
S21402ED0838AE154B1D709DF81D30002B14BF6424B9
S21402ED186524FEF7C3FC032806D128462946FEF7D3
S21402ED2843FB2846FEF7C0FC214605A807F0C8FEA6
S21402ED381FE6043B012BDBD9284608F0B8FA002860
S21402ED48D6D116E6204608F0B4FA12E6D7610020B5
S21402ED588C48002088480020846200202DE9F34170
S21402ED6805460E46174698460BF0E9F8044640B1A3
S21402ED7801233A4631462846CDF80080FFF76AFC5A
S21402ED8804460BF0DCF830B1FFF770FB78B10A4B9B
S21402ED981B689B010BD400233A4631462846CDF819
S21402EDA80080FFF757FC002C0CBF0446012404F031
S21402EDB8010002B0BDE8F0818C48002070B58AB028
S21402EDC805A807F00FFF022301AA15468DF814308E
S21402EDD8084B03F11006144618685968083303C42A
S21402EDE8B3422246F7D1294605A808F066F80AB0C3
S21402EDF870BD00BF83D00400014B1878704700BF6F
S21402EE083F6C0020014B1888704700BFBE6B00207D
S21402EE184FF6FF732DE9F043994280460D4685B0BA
S21402EE280BD000274FF6FD791C4EEBF791FDFCB28E
S21402EE38A0420BD84FF6FF701DE0F7F71DFC00281E
S21402EE48EFD005B0BDE8F04309F01ABF36F8143023
S21402EE584B4517D8694620460BF0A7F808224146C4
S21402EE680DF10500EFF74CFA4FF6FF7360B99D42B5
S21402EE7804D136F8140005B0BDE8F08326F814501D
S21402EE880BF06DF80137D0E79D42FBD036F8143008
S21402EE98AB4208BF26F81490F4E700BF345A0020A5
S21402EEA82DE9FF4706460F4600254FF6FD79DFF89F
S21402EEB83C80DFF83CA0EBF74BFDECB2A04202D850
S21402EEC804B0BDE8F08738F814304B450CD86946CC
S21402EED820460BF06AF8082231460DF10500EFF7D6
S21402EEE80FFA08B90AF804700135E4E7345A002024
S21402EEF89D610020014B33F810007047345A0020F9
S21402EF08F0B5064600250D4F85B0EBF721FDECB2AD
S21402EF18A04201D805B0F0BD37F81430B3420BD181
S21402EF28694620460BF07DF89DF80030022B1CBF80
S21402EF384FF6FD7327F814300135E6E7345A0020F9
S21402EF4830B585B004460D46EBF702FDA0420FD950
S21402EF58084B33F814204FF6FD739A4208D86946D0
S21402EF6820460BF05EF829460DF10500FFF750FF24
S21402EF7805B030BD345A002030B585B00446EBF7EC
S21402EF88E7FCA04219D92046FFF75AF80546B0B959
S21402EF98694620460BF009F89DF800302BB1694601
S21402EFA820468DF800500BF01EF84FF6FF72002030
S21402EFB8044B23F8142005B030BD2820FBE740F6A2
S21402EFC80440F8E7345A00202DE9F0410B7805464C
S21402EFD80E461BB9BDE8F041FFF7CEBFEBF7B8FC0B
S21402EFE8A84231D92846FFF72BF878BB374617F8D8
S21402EFF8058B4FF6FF713846FFF70AFF0446384678
S21402F00800F01EFAB0FA80F04009B8F1000F15D0E9
S21402F018B8F1030F15D04FF6FF724FF6FD73944200
S21402F02808BF1C460B4B314623F815400A4B585569
S21402F03828460AF0D8FF0020BDE8F0814FF6FF7494
S21402F048F0E74FF6FE74EDE72820F5E740F60440B1
S21402F058F2E700BF345A00209D6100202DE9FF41E7
S21402F0680D4604464FF6FE780F4F0E0AEBF770FC75
S21402F078A04204D8FF24204604B0BDE8F08137F841
S21402F088143043450CD1694620460AF08EFF9DF897
S21402F0980520EBB29A4203D19DF80630B342EAD075
S21402F0A80134E4B2E2E700BF345A00202DE9F04FFB
S21402F0B80C461746984600254FF6FD7B87B09DF806
S21402F0C840A0DFF85C900190EBF742FCEEB2B0424B
S21402F0D801D8FF2616E039F816205A451ED83046BB
S21402F0E802A90AF062FF3FB99DF80920424515D1E8
S21402F0F89DF80C20524511D144B939F81620019BC7
S21402F1089A420BD1304607B0BDE8F08F0822204657
S21402F1180DF10D01EFF7F4F80028F3D00135D3E727
S21402F128345A002010B514460AF03FFF2046BDE8C0
S21402F138104008220149EEF7E9BD00BF5D620020D3
S21402F1482DE9FF47074615460846082224491E4663
S21402F158EFF7D6F8044600283FD14FF6FF7ADFF8D5
S21402F1688490EBF7F5FB5FFA84F880450BD385B3FA
S21402F178384605F05CFC01250C9B1870012035709A
S21402F18804B0BDE8F08739F8183053451FD06946F1
S21402F19840460AF00AFF7A789DF801309A4216D15C
S21402F1A87A88BDF802309A4211D13A799DF804302D
S21402F1B89A420CD108220DF10501781DEFF7A0F846
S21402F1C828B9002DD7D1404605F04CFCD3E70134C8
S21402F1D8C7E7FF2005F046FCCEE70020D0E700BFD1
S21402F1E85D620020345A0020F0B50025154E164FF1
S21402F1F885B0EBF7ADFBECB2A04201D805B0F0BD86
S21402F208694620460AF0D1FE9DF80030032B06D93F
S21402F2180023694620468DF800300AF0E4FE9DF881
S21402F228002062B14FF6FD734FF6FE71032A08BF3F
S21402F2380B4626F81430002301353B55D9E74FF61E
S21402F248FF73F6E7345A00209D610020F8B50E4693
S21402F25804464FF6FF770C4B0C4D1B7803EB430323
S21402F26805EB8305A54202D800242046F8BD23886C
S21402F278BB4206D008223146A01CEFF741F8002808
S21402F288F3D00C34EEE700BF096C00207459002056
S21402F298044BFF211A78044802EB42029200EEF76A
S21402F2A8E3BC00BF096C002074590020F8B5044678
S21402F2B80C4B0D461B781046A3420DD90C2702218B
S21402F2C817FB04117C43084E08223144EEF71EFD54
S21402F2D8335B00202B80F8BD0023136053604FF683
S21402F2E8FF73F6E7096C00207459002038B5044607
S21402F2F84FF6FD75FFF704FE0022084B1878084BF8
S21402F308D1B2884200D838BD33F80C1C0132A1426B
S21402F31808BF23F80C5C0C33F2E700BF096C002028
S21402F3288059002070B505460E460846FFF7DEFFF0
S21402F33831462846FFF76CFD29460648FFF786FF42
S21402F34800B970BD044624F80C6B0AF008FE29467C
S21402F3582046F3E77459002010B5082286B02349E0
S21402F3680446EEF7CDFF20B906B0BDE8104009F016
S21402F37887BC082220461E49EEF7C2FF20B91D4B5D
S21402F388B3F8680006B010BD0023012221464FF6E6
S21402F398FF700093FFF78AFEFF2806D0164B33F855
S21402F3A810004FF6FB739842ECD903A8FEF7CCFE82
S21402F3B858B9BDF80C305B0607D5082221460DF170
S21402F3C80E00EEF79DFF0028DCD021460B48FFF71B
S21402F3D83DFF40B14FF6FB724FF6FF73008890422E
S21402F3E888BF1846CEE74FF6FF70CBE75D6200206F
S21402F3F8AE55002044550020345A00207459002087
S21402F40870B5002204464FF6FB7608460A4B1D786E
S21402F4180A4BD1B28D4201D8002009E01988B142C0
S21402F42807D8A14205D10822991CEEF76FFC0120E5
S21402F43870BD0C330132ECE7096C002074590020C9
S21402F44837B5014605460E48FFF700FF044640B1A9
S21402F458807A29460AF009FE80F00100C0B203B09D
S21402F46830BD03460090012229464FF6FF70FFF78B
S21402F4781DFEFF2816BF034B2046185CE9E700BFAF
S21402F488745900209D6100202DE9F341224B044661
S21402F4981B780F468342154638D9FEF7EBFDB8BBF4
S21402F4A84FF6FD739D421D4E0ED004EB440326F81C
S21402F4B823504FF6FF739D421FD12046FEF7F2FDFA
S21402F4C8002002B0BDE8F0810DF10601384609F0C9
S21402F4D8CAFB4FF6FF72BDF806303846934218BF8D
S21402F4E81D460C236343F55206EB0308FFF7A8FFF5
S21402F4F8B0FA80F0400988F80A000C2303FB04607F
S21402F508082239460230EEF701FCD9E72820D8E768
S21402F51840F60540D5E700BF096C00207459002064
S21402F52838B504460D46FFF7BBFC21460448FFF7EC
S21402F5388DFE00B938BD857221460C30F7E700BF4C
S21402F548745900200023074A1370074A1370074AA3
S21402F558118801B11380064B1A880AB100221A8054
S21402F568704700BF96620020956200206E5B0020FE
S21402F5786C5B00202DE9F04F3C4C1D46238887B073
S21402F5880746884610469DF840605BB952B10BF0B4
S21402F59804F820804FF4FA61354807B0BDE8F04F0A
S21402F5A80DF000B8DFF8D890B9F80040002C49D022
S21402F5B820460CF027FFC0F3470620460CF006FF4D
S21402F5C8DFF8C0A00296BAF80030DFF8BCB00193A4
S21402F5D8BBF800300446009300222B46012025493A
S21402F5E80BF05AF8ADF81600E8B1012504EB46060A
S21402F5F8B4420DD1BDB9BDF81630A3B12A4641466C
S21402F608384600F06FF9ABF80050AAF800500AE046
S21402F618012321461A460DF11600F6F709FB0234B5
S21402F62805460028E4D00023134AA9F800301378C8
S21402F638013BDBB21370002BACD107B0BDE8F04F2C
S21402F648FFF780BF0D4C237823B90DF0E9F808B907
S21402F65801232370324629460520F7F70DFA0028BB
S21402F668EBD1207007B0BDE8F08F00BF6E5B0020BC
S21402F678186B0020266C0400966200209562002013
S21402F6886C5B0020085B00200A5B002030B5154D35
S21402F69887B02C889CB923464FF4A07248F23801EA
S21402F6A803A80AF0BEFD21462046FAF7E3FA2246E8
S21402F6B80D4B009403A9FFF75DFF07B030BD204647
S21402F6C809F04DF904300DF032FA03A904462888E9
S21402F6D80BF049F90023009320462A8803A900F074
S21402F6E8AFFAEAE76E5B002000F8FF0737B500209E
S21402F6F801A9FAF7BFFA0D4C014623780C4D7BB1E7
S21402F7080C4B019A1878FAF7CBFA2078F8F74CFCE3
S21402F718002323702B700848F6F736FB03B030BD7B
S21402F7282B78002BF7D0FFF7B1FFF4E7986200209A
S21402F7389662002097620020186B002008B50548DC
S21402F748F6F732F80448F6F72FF8BDE808400348FB
S21402F758F6F72AB86E5B00206C5B00206A5B002016
S21402F7682DE9F04F89B089460446CDE905239DF870
S21402F7784870139E30B316F801ABBAF1000F23D0C7
S21402F7880AF1FF34A400E4B23146012007F0D7FD9F
S21402F798C00E1BD1DFF838B13146012007F0CFFD85
S21402F7A89BF8005034442279BDB1002F47D18023FC
S21402F7B84846CDE90277CDE900773E4A059900F03A
S21402F7C891F83CE08246DFE75446DDE71B28ECD991
S21402F7D83146012007F0B3FDE7E7DFF8F880FF2A95
S21402F7E800EA08080BD14246E379A179607901EB71
S21402F7F8032189B209B0BDE8F04FFAF751BA2E498B
S21402F80809688B070AD5FE2A35D101230135EDB2E0
S21402F818202D4FEA43030AD1FF250AE02946284647
S21402F8280792FAF727FA4845BFD1079AEBE79845B1
S21402F838ECD1224B1B78FF2B04D0AB4204D009B084
S21402F848BDE8F08FFF2DFAD029460020F4F7B2FF64
S21402F8580028F4D09BF800306479002BEFD1FFF72C
S21402F86871FE17484FF410510CF09CFE154B8BF89E
S21402F87800501C70E3E7052A97D8BAF1010F94D80E
S21402F888B8F1000F91D0002FD9D17379002BD6D0BA
S21402F8980D49098821B9082B28BF08230B490B7084
S21402F8A8434648461292DDE9051209B0BDE8F04F14
S21402F8B8FFF760BE266C04008C480020406C0020CF
S21402F8C8186B0020976200206E5B0020966200206C
S21402F8D89862002000F8FF07014B1880FFF7D6BE93
S21402F8E86C5B00200CB42DE9F04F8BB014AA0E46C0
S21402F8F852F8041B07460992002940F08F80BDF88B
S21402F9085400ADF82200002800F0A18033794FF6A3
S21402F918F778002B40F0868047458CBF4FF00908E1
S21402F9284FF008084C4B1C78FF2C40F08380B6F941
S21402F9380230002BA9BF494B347A1C780134A2BF87
S21402F948E4B21C7044F08004DFF81CB122460021A1
S21402F95801F0A2FC9BF80030BDF82200002B6CD008
S21402F968DFF808A14FF00009BAF8003007930CF048
S21402F97849FD0546BDF822000CF028FDEBB2CDE99C
S21402F9880193FF23CDE903090093224633463946FD
S21402F9980798FCF7B5FB4FF6FF7305468BF8009001
S21402F9A8AAF80030382D33D13246394640460DF192
S21402F9B8220307F084FC00284BD04FF6F7739F42C9
S21402F9C826D8B6F902307088002B21DA48F20402EB
S21402F9D82349244B4FF00008904214BF89469946A3
S21402F9E809F04EF9494603468A220120CDF80080DE
S21402F9F80AF052FE814658B12246414601F04CFCB6
S21402FA08FF23324639464046CDE90098FCF7DAF934
S21402FA1828460BB0BDE8F04F02B0704701200AF046
S21402FA2818FE6EE7002347458CBF4FF00608984637
S21402FA38337177E7FF221A7086E7CDE9000332466C
S21402FA48FF2339464046FCF7BDF90546AAE71925BD
S21402FA58DEE70546DCE700BF426C00209A6200201B
S21402FA68376C04002C6C040099620020705B00203E
S21402FA7870B54FF4003300240546164688B0ADF834
S21402FA881A100DF10F0204A90593ADF81840ADF847
S21402FA981C4004948DF80F4007F0F0FB9DF80F30D9
S21402FAA828460193049B044A009305A93346FFF7A8
S21402FAB819FF08B070BD00BF306C040030B54FF4B3
S21402FAC88035002487B00395BDF82850CDE900128A
S21402FAD88DF81030074A034603A9BDF82C008DF8A6
S21402FAE81140ADF81250ADF81440FFF7FBFE07B010
S21402FAF830BD00BF3C6C0400B1F1006F2DE9F04345
S21402FB0814462CBF392238228BB01D464FF000030C
S21402FB18ADF81E204FF480022CBF4FF0010999461B
S21402FB28FF2C0646ADF81C300892ADF824304FEA92
S21402FB3811471FFA81F80FD109F0B3FBB9F1000F8C
S21402FB4819D1154ACDE9020543463046CDE9007477
S21402FB5807A9FFF7C7FE1AE0FE2C0AD109F0A1FB97
S21402FB680130C0B209F0A8FBB9F1000F12D00B4A57
S21402FB7802E0E8B2F8E70A4ACDE90305012330466F
S21402FB88CDE90174CDF8008007A9FFF7ABFE0BB0EC
S21402FB98BDE8F083034AD5E7346C04003A6C0400E7
S21402FBA8336C04003B6C04004FF498124FF08063E9
S21402FBB810B586B0CDE903230023ADF8143009F05A
S21402FBC85FF80446F8F796FA054B01900093054A43
S21402FBD8234603A94FF6FD70FFF784FE06B010BD54
S21402FBE85D620020406C040008B5064B1B78022BA9
S21402FBF802D0043B012B03D8FFF7D6FF002008BD2E
S21402FC080220FCE7D761002030B500244FF4806557
S21402FC1887B0CDE900128DF81030084A034603A9CA
S21402FC284FF6FD708DF811400394ADF81250ADF8FA
S21402FC381440FFF757FE07B030BD00BF446C0400FF
S21402FC482DE9F04F99B00E4605460CA91046CDE9A7
S21402FC580A329DF888700AF043FABDF8309080465A
S21402FC6848460CF0CFFBB6F902300446002BB6F82D
S21402FC7806A0B6F802B004DA00228D4B1A700020ED
S21402FC8849E048460CF0BEFB4045F5D3A4EB080411
S21402FC98E3B2002F18BF4FF4A07A152B099328BF9A
S21402FCA815230024013308F1FF324946DBB292B22B
S21402FCB8009412A80DF038F86FEA4B436FEA5343E4
S21402FCC87C499DF8482008684968ADF83E300DAB77
S21402FCD803C3ADF84040ADF83C40ADF842A0ADF8DD
S21402FCE84420BBF1000F24D10DF14900F6F7C4FCFD
S21402FCF8A0B108F0C5FF5C4680460DF151060DF12D
S21402FD0849030A9A96F80090012A2CD14FB384F038
S21402FD18010404F0010019B0BDE8F08F0DF14900A6
S21402FD280AF0EDFA4FF6FF74011B4C4280464C412E
S21402FD38E3E7BBF1010F57D1BDF8498008F0A0FFF1
S21402FD4880450AD040460DA90AF0DCFA80F0010484
S21402FD58E4B20DF14B060DABD3E7574B0DF14B064C
S21402FD68CFE70A9CD5E75FB344BBB9F1010F25D8A4
S21402FD7830D108F085FF08F083FF22468046717866
S21402FD884D4B029100210120CDE900814B490AF032
S21402FD9883FCADF8320088B124BBB9F1010F0CBF61
S21402FDA80D210C210DF132000AF0DEFB024628B9BD
S21402FDB82846BDF832300FA9FFF794FD0120AAE7BE
S21402FDC8B9F1010F04D1002CD3D081227178D8E77B
S21402FDD8002CFAD1B9F1010F94BF002201227178E2
S21402FDE8D201CEE70C21DDE70A9B002B7FF447AF52
S21402FDF87388342B4BD1099B092B7FF440AF002F15
S21402FE087FF43DAF9DF951603A46B41008210DF1D2
S21402FE18490004F0200408F0C1FEA0B1284B1B7864
S21402FE28012B3FF42CAF274A274BB2F868201B68F1
S21402FE38AA421DD0DA001BD5C8232846234A0FA992
S21402FE48FFF750FD1BE70DF14900F6F715FC0028F1
S21402FE58E4D10DF149000AF052FA4FF6FF739842C0
S21402FE68EAD02146F9F778FE03460028E4D1E4E70B
S21402FE785B0201D5002E08DA00232846134A0FA98A
S21402FE88FFF730FD124B1C70F9E68D23D5E7099B68
S21402FE98CDE905A204930DF14903CDE90283314663
S21402FEA82846CDE900790B9B0FAA00F03DF8E6E656
S21402FEB88E620020A6F403005D620020486C0400EF
S21402FEC8D8610020445500208C4800209021040068
S21402FED8416C0020024B187840F08000704700BF43
S21402FEE89A620020014B188000207047C66B0020DB
S21402FEF84FF6FF71034602881B798A4217BF0749E5
S21402FF0801200A8041881EBF054A00201180FF2B67
S21402FF181EBF044A00201370704700BFC26B002041
S21402FF28C06B00209B6200202DE9F04FA1B09946D5
S21402FF38BDF8AC302D9F0D939DF8B03004460E9355
S21402FF48BDF8BC3038460F939DF8C0304E888846B8
S21402FF5815469DF8A8B010930CF0E9FD112E8246BE
S21402FF6871D808F08DFE504576D0062E10D14FF681
S21402FF78FD72924526D0BBF1000F10D100228023D5
S21402FF88CDE900A229462046BC4AFFF7ABFC06E0AC
S21402FF98BBF1000F03D1032E07D8012E09D8002281
S21402FFA8B74B1A7021B0BDE8F08F043E022EF6D881
S21402FFB8E4E7802329462046B24ACDF800A0FFF798
S21402FFC891FCECE7B04B1B785E074CD408F058FE61
S21402FFD80026034632460120A84900960AF05CFB32
S21402FFE83B79ADF866000F930028DBD0DDE90E32C8
S21402FFF80D9803EB42090CF005FA5FFA89F909F144
S21403000805085FFA88F88045CCD241460D9801F07A
S2140300182FF9109008EB40080D980CF0F3F980457B
S214030028C0DADDE90F321343DBB2002B40F034822B
S214030038BBF1000FB6D1D84642460421BDF8660088
S21403004801F02AF974E1904A3A2E127812D948F246
S2140300583B039E4207D013E08B4A127850070BD512
S214030068321F022A08D8B8F8063043F48043A8F8A3
S214030078063097E71B2E1DD8B21E91B213295FD9F7
S214030088109B494602930F9B3046CDE900B30E9A60
S214030098234607F0FAF80F2884D10122784B1A7002
S2140300A8794B1B789B0740F12783BBF1000F7FF43E
S2140300B879AFD8E7A6F11C011E29E1D801A050F8AC
S2140300C821F000BF17070300890003008900030017
S2140300D8ADFF0200890003000505030005050300BC
S2140300E889000300890003008900030089000300D0
S2140300F889000300890003008900030089000300C0
S21403010889000300890003008900030089000300AF
S2140301188900030089000300370503003705030039
S214030128E906030089000300890003000B070300A0
S21403013889000300670703007D0703008B07030096
S214030148132A9DD801A151F822F000BFA501030088
S21403015835020300530203006B030300D5FF0200B6
S214030168890003008900030089000300890003004F
S214030178890003008900030089000300890003003F
S214030188890003008900030089000300890003002F
S214030198AF040300890003004307030000231A93F0
S2140301A88DF866300DF1660322460E99484600938D
S2140301B81AAB07F064F808F063FD0646EAF7D4FBC3
S2140301C8162894BF4FF002094FF02209F7F792FF5B
S2140301D82E4B0746B3F800A0FBF7EAFD2C4B8046E8
S2140301E84FF6FF70B3F800B00AF041F8294B9DF8B4
S2140301F866201988244B1B7813F002031CBF264B72
S2140302081B780B921A9ACDE90701CDE909324023E8
S2140302182946CDE9019320460023CDE9058BCDE990
S214030228037A1E4A0096FFF75DFBBBE608F028FD37
S2140302381B4B1C4A1B88CDE92A0300232946204664
S21403024821B0BDE8F04FFFF74DBBBE781AA9731E61
S214030258DBB2EF2B304627D9F22E25D005F041FB2B
S214030268822608F00DFD00232946CDE90003034A3C
S21403027833462046FFF736FB94E600BF2C6C040093
S2140302888E620020376C040098610020C66B00203D
S214030298C26B0020C06B00209B6200204E6C0400DB
S2140302A8C46B00205B6C040005F01BFB002856D0CB
S2140302B808F0E6FC9DF86C209DF86E100492BDF8D5
S2140302C86A2049000392BDF86820C9B2CDE90162E5
S2140302D89DF86D2003465200D2B208320A440092B3
S2140302E801200022C6490AF0D7F99DF86D30ADF80B
S2140302F866008DF8633000283FF454AE4FF00008CC
S21403030801230DF163011A460DF16600F5F790FC1B
S214030318074600287FF446AE9DF86330FAB2934248
S2140303280CD89DF86E308DF86330B8F1000F02D004
S214030338BDF8663036E04FF00108E1E7414630463F
S21403034805F0D1FA0123ADF86400022219A90DF1CC
S2140303586600F5F76DFC01370028DDD022E6832614
S2140303687FE708F08DFC064605F0DCFA3346009076
S21403037800220120A3490AF08FF900283FF412AEA1
S21403038800273E46ADF8680005F0CCFA5FFA87F812
S21403039840450DD832460421BDF8680000F07CFFBE
S2140303A8BDF86830002229462046FFF79BFAF9E590
S2140303B8404605F094FAFF288DF866000BD0012313
S2140303C801361A460DF166011AA8F6B2F5F730FC9F
S2140303D800287FF4E7AD0137D6E75046B7F8029012
S2140303E805F07DFAFF288DF8640000F0E2811AA96B
S2140303F805F077FABDF868304B4507D04FF6FF721D
S214030408914540F0D681190400F1D3819DF86D30EB
S21403041812930E9B0533DBB213930F9B149300239F
S2140304284FF0000911934B4613E017934900139BAB
S214030438C9B219440D9889B20AF0D1F84FF0000AE8
S214030448179B159012995FFA8AF28A4216D309F116
S2140304580109149A5FFA89F19142E6D39DF86E2052
S2140304681292169A1392002B40F09581119B002B3B
S21403047840F09F81109B14930123D1E711999DF8AF
S2140304886400179305F02FFA159A179B0AF1010AC9
S214030498824208BF0123D5E709F106095FFA89F303
S2140304A8B046169386E1BD1C29465046BC7A06F02C
S2140304B86FFA01222946504609F088F8504609F093
S2140304C8EAFE284609F01BFF3A88824207D04FF611
S2140304D8FF72904203D00CF01CFC09F0FCFE84F07B
S2140304E80804C4F3C00421462846FFF719F8214632
S2140304F8284621B0BDE8F04F06F0F0BEBBF1000F6A
S2140305087FF450AD12073FF5AEAD33463A4629465B
S214030518204601F08FF900287FF444AD842329464A
S2140305282046394A21B0BDE8F04FFFF7DBB90F98EC
S21403053897F8008009F057FC00210746204601F08B
S214030548E3FC312EA7EB0007FFB240F0D5804FF04F
S214030558000A012053465246CDE9008A2B490AF081
S2140305689BF8ADF8660000283FF41CAD16225146EA
S2140305781AA8EDF779FB1AA808F00BFE4FF0FF331D
S214030588DFF894B0CDE91C339BF80090B9F1000F5F
S21403059802D14FF0010A55E01D4E33796F2B02D96D
S2140305A80026324625E050461CA9F6F73DFF0028EC
S2140305B8F6D0184BB6F80090B3F86830B9F1000FC8
S2140305C82CD1003B18BF01235B0143F004038DF8CD
S2140305D87A3002238DF87B3073881B0A49461EA897
S2140305E88DF87D300CF0A5FAB8F1000F65D000261B
S2140305F801220221BDF8660000F04EFE32461CE5D5
S2140306085F6C04002C6C040090210400676C0400E3
S214030618CC5A002044550020D1610020B3EB0903CF
S21403062818BF01235B0143F005038DF87A300223D4
S2140306388DF87B300F238DF87C30CDE70AF1010A5D
S2140306485FFA8AFA0AF1FF36F6B230460CF067FB11
S214030658C307F3D59BF8003019EB030F04D009F151
S21403066801095FFA89F9E9E7584B1CA91878304459
S214030678C0B2F6F7D9FE002892D0304609F03CFE01
S214030688814630460CF04BFBC0070FD416238DF873
S2140306987A304F4B1B780133DBB20F2B28BF0F235F
S2140306A88DF87C304B4B33F8163096E730460CF013
S2140306B836FB8107EAD41223E9E7BDF866000BF098
S2140306C8A1FE1630B84292DC012316221AA90DF1B0
S2140306D86600F5F7ADFA00287FF464AC012660E7F8
S2140306E812073FF5C0AC3B46224629460F9801F051
S2140306F8F9F800287FF456ACBBF1000F7FF452AC30
S2140307080CE7BBF1000F7FF44DAC802307E708F036
S214030718B7FA50457FF446ACB81CF5F7ADFF00288A
S2140307283FF440AC08F0ACFA064608F0A9FA2A4BA0
S2140307382A4ACDE92A03334680E538460CF0F7F90A
S21403074809F095FD00283FF42DAC2A90002329468E
S2140307582046234A21B0BDE8F04FFFF7C3B84B46FF
S2140307682A4621460020CDE92AB721B0BDE8F04F36
S214030778FEF7F6BF4B462A4621460120CDE92AB79F
S214030788F3E75B464A46294620462A9721B0BDE842
S214030798F04F06F0A8BD012319A91A460DF1660005
S2140307A8F5F746FA00287FF4FDAB08F101085FFA6F
S2140307B888F8013605F0B6F85FFA86FA50453FF62C
S2140307C80CAEB8F1000F3FF433AC35E40F6C0020E1
S2140307D883620020FE5A00205D6200206C6C0400D1
S2140307E8376C0400F8B5164B04461D88154B20F8DD
S2140307F8025B196879B10822EDF788FA124B0C20C8
S2140308081B78124EA372124B19780023DAB2914260
S21403081805D8FF2209E0C4F802104160EEE7013369
S21403082800FB03F7F75BAF42F0D10A4BE2721B7883
S2140308382373094B1B786373084B1B682361F8BD46
S2140308487E5B0020605600209C62002068590020CA
S214030858096C0020806200207F6200204C5600202E
S214030868F0B589B006460C4615460AF06BF80DF146
S2140308780A020146304609F01CFF144F0346F0B936
S21403088801223A702288BDF80A102AB1024600905F
S214030898072004F00BF890B103A8FFF7A3FFBDF8F1
S2140308A80A000BF0AFFD0646BDF80A000BF08EFDF6
S2140308B821460090F3B2284603AA06F093F80023CD
S2140308C8034A3B70136009B0F0BD00BF9D62002069
S2140308D860560020142230B58BB005460DEB020196
S2140308E81548DEF7DDFC10BBBDF81430DA0720D454
S2140308F813F0060FC3F3410208BFC3F341220F4B9D
S2140309080DF116019C5C68462246EDF73DFBBDF8E3
S214030918263004F128026A4402F8283C02341B0AEB
S21403092802F8273C69462A46E0B209F040F80BB0BD
S21403093830BD2320FBE700BF703214E09BD00400D1
S21403094810B58AB0ADF826200022CDE90522049218
S2140309580CAA02924FF6FF720446AC2101200192BC
S214030968064A039004FB0122603200924CF62001EB
S2140309780DF1260209F0CFFC0AB010BD445500203D
S21403098810B54FF6FF741E4A8AB0B2F86800B2F87C
S2140309985E10A042ADF82600B2F85C304FF6FD7044
S2140309A8ADF8241018D081424FF0000094BF48F6E3
S2140309B860014CF66001CDE90500CDE90300CDE9F9
S2140309C8010094BF09AA603200920DF126020420A2
S2140309D809F0A1FC0AB010BD81424FF000008CBF9D
S2140309E8603209AA00928CBF4CF6604148F6604113
S2140309F8CDE90500CDE90300CDE90100014AE6E7A4
S214030A0844550020AE55002000B50E4B0022B3F81F
S214030A185E308BB0ADF824304FF6FF73CDE9052270
S214030A28CDE90322CDE9012209AA00924FF4006119
S214030A380DF126020720ADF8263009F06CFC0BB042
S214030A485DF804FB44550020202A10B5144614D834
S214030A58012A04D10C88B4F5004418BF01246200A7
S214030A6830B10748EDF752F9064B00201C7010BD4D
S214030A780548EDF74BF9054BF7E72120F7E700BFE5
S214030A88805B00209E620020C05B00209F620020DF
S214030A982DE9F047104617460CF049F8DFF814A17D
S214030AA8DFF814919AF8003099F8002005461343A6
S214030AB802D10020BDE8F08710F4406800F0400635
S214030AC819D186BBB0F5804F5CD24FF480740023EF
S214030AD89AF80000344AD9B288425DD8002399F8B8
S214030AE80000324AD9B28842E3D932F8021B0133EE
S214030AF8A142F7D155E0F81C0CF019F84FF6FF732E
S214030B08984214BF0124022486B1052605F44043FF
S214030B18B3F5004F44F0080424D0B5F5804F23D22C
S214030B2844F4807420E044460326EFE7B5F5804F87
S214030B384FF00506F4D3B8F5406F14BF022008201B
S214030B48304438440BF0F3FF194B05F44045B3F82B
S214030B585C3083420CBF44F0080444F00404B5F543
S214030B68004F01D144F08004B8F5006F0ED1B819D0
S214030B780BF0DDFF0E4BB3F85E308342A7D144F08B
S214030B881004A4E7444603260220D9E7B8F5406FC5
S214030B9808BF44F020049AE732F8021B0133A14247
S214030BA899D1012086E700BFC05B0020805B002048
S214030BB8445500209F6200209E6200202DE9F04FD6
S214030BC8104685B0164698460BF0B1FF5D4F00F009
S214030BD80803B7F85C10044600F00709F01C0293F4
S214030BE80391B7F85EB00BF0A2FF06F1050A0546B7
S214030BF850460BF09CFF03464FF6FF70854218D00D
S214030C080399A1EB050CDCF1000545EB0C056D001B
S214030C184FF6FF718B420ED145F004050BF000FE2C
S214030C28029B6BB1B9F1000F11D0422005B0BDE8A5
S214030C38F08F0125ECE79B4508BF45F00805EDE76F
S214030C48B9F1030FF1D8DFE809F0021B795D0BF061
S214030C58E7FD08B9A807E8D524F00804A4B2B4F554
S214030C68004F05D0B4F5624F02D0B4F5404FDCD13F
S214030C780025294697F8A820002007F04EFE3CE0FA
S214030C88D7F88030E3B9002132460846FFF700FF5D
S214030C98D8B948F6410224F038039BB29342C4D12C
S214030CA80A2D49D0062DC0D197F87730023B012B81
S214030CB8BBD8F3F745FD0028B7D140F6040505E091
S214030CC84146304698470028DDD00825E20648BF47
S214030CD845F08005A30648BF45F4805505F00C0388
S214030CE8042BC6D1F01D0BF022FF97F8A830324626
S214030CF8009341462B4607F0E5FD08B30E9B188084
S214030D08002093E7A90705D14FF6FF73B7F85C20D1
S214030D189A428AD104F44063B3F5006F0AD0B3F558
S214030D28406F82D1082250460749EDF7E9FA0028B2
S214030D387FF47BAF0C25C9E70425C7E7432075E78F
S214030D48192073E744550020A4550020034B1A784E
S214030D581AB1FF2A04BF00221A707047A162002046
S214030D6870B5084C084E2378F55C1DB13E2107483C
S214030D780BF0FFFDFF2223782846F2540023237046
S214030D8870BD00BFA0620020A1620020706C040042
S214030D98034B044A1B78D05CFF3818BF0120704702
S214030DA8A0620020A16200200023074A07491360B7
S214030DB8074A1360074A1360074A11600121074A66
S214030DC81170074A1360704770560020A9A40300E1
S214030DD86C56002068560020386B0020436C0020B1
S214030DE8785600200E2A70B50C4606461546194650
S214030DF803D9FFF7D9FF502070BD012807D100207B
S214030E08F3F7B8FCB0B1FFF7CFFF2120F4E7802251
S214030E180021224B1A70224B1960224B1B684BB1D8
S214030E2834200BF047FB204B188018B9FFF7BCFF9C
S214030E380120E1E724F0FF6323F4FF231BB1FFF748
S214030E48B3FF4F20D8E774B92046F3F7ADFC012467
S214030E58032510F0800F43B21BBF00F01F039C400E
S214030E689C4044F078440020104B24F078441E70CD
S214030E780F4B10491D70104B1C60104B1870104B0D
S214030E881A68F4F71FF818B1FFF78EFF0420B3E7C4
S214030E989DF810200B4B1A70AEE700BFA262002025
S214030EA87456002068560020005C0020A7620020C5
S214030EB8A5620020B111030078560020A662002020
S214030EC870560020A36200207FB5244B00251A78AD
S214030ED801232348234903FA02F200781A440A60D6
S214030EE8ADF80E5020B3984236D11F4C1F4B2078CE
S214030EF81B680DF10E0198471D4EBDF80E20307085
S214030F0892B11C4B29460093284602230195F4F711
S214030F1813F83278237822B1012A12BF1B23013330
S214030F28DBB2237004B070BD013818BF0120F0E7A8
S214030F3878235A43013A0A6008220F490BF000FA4D
S214030F480B49094A0978137821B1012912BF1B23D3
S214030F580133DBB21370E5E71846E3E7A562002022
S214030F68A76200207C560020A6620020386B00206B
S214030F78436C0020ED110300B5C70300024B186845
S214030F88003818BF012070476856002037B5054655
S214030F981C460BF045FC68B974B1084B1A60084B3D
S214030FA80A461C600123294600930323FFF71AFF0A
S214030FB803B030BD4D20FBE72520F9E76456002033
S214030FC86C56002013B504460BF02AFC58B962B1D8
S214030FD8074B1A6001230A46009321460323FFF7AB
S214030FE801FF02B010BD4D20FBE72520F9E700BF3F
S214030FF8685600202DE9F0410446DDE906861D46BD
S2140310089DF820700BF00CFC88B99EB1A2B10B4B6F
S21403101801201A600A4B0A46C3F80080094B21468A
S2140310281E602B460697BDE8F041FFF7DBBE4D2052
S214031038BDE8F0812520FBE72120F9E7386B00207F
S214031048705600206C5600200148F4F7ADBB00BF6D
S214031058005C00202DE9F0410020F3F7A1FE114BB8
S214031068114C1E68114B20881D68114B114FD3F87D
S214031078008010B13978F4F771FD00203870FFF757
S21403108893FEF4F7ABF90EB14046B0473DB120885E
S214031098A84700232380BDE8F0410BF0E5BCBDE874
S2140310A8F08100BF6C560020005C002068560020C4
S2140310B878560020A8620020F8B52F48F4F764FE97
S2140310C82E4B187830BBF3F76FFB2D4F06463B685D
S2140310D803B32C4B2C4D1C6824B195F900301A46E3
S2140310E81946A047294B1B6883B1294C2378312B13
S2140310F80CD8284B18880BF069F923785A1C2270E9
S2140311082A78C25423785A1C2270C65480232B701C
S21403111800233B60204C23781A2B22D81F4A1278C8
S214031128012A09D100211E4A156825FA03F0C007CB
S214031138DAB20ED501B122700020F3F735FB217819
S214031148884212D10022174B1A70FFF7BDFE40B92A
S214031158F8BD0133D8B21A284FF00101E5D90A447D
S2140311682270BDE8F840FFF775BF0020F3F72EFBA3
S2140311780028E7D0F5E700BF3C6B0020A7620020F5
S2140311887456002064560020A26200206856002089
S214031198A8620020005C0020A6620020436C0020A2
S2140311A878560020A462002008B50B4B187880B93F
S2140311B80221F3F7CDFA094B1B782BB100214FF622
S2140311C8FF720846F3F7A6FABDE808400448FFF797
S2140311D873BF00210846ECE7A7620020A36200203D
S2140311E83C6B002038B5144B0C461D78012D21D1D5
S2140311F881B90846F3F7D8FA104A05FA00F01368D7
S2140312080F4923EA0003136020462A46BDE8384000
S2140312180BF096B80B4A13780133DBB2022B137024
S21403122804D9BDE838400848FFF746BFFFF74CFE29
S2140312380028F6D138BD00BFA762002078560020E4
S214031248B5C70300A46200203C6B002038B50C46E3
S21403125805460BF0D7F8A04203D82D2103480BF018
S21403126888FB28460BF0B2F8204438BD846C04008B
S21403127870B506460D460BF0A9F8044648B1304645
S2140312880BF0C0F8A84203D8352102480BF071FBCF
S214031298605D70BD846C040070B50C460646154642
S2140312A80BF0B0F8A04203D83E2104480BF061FBCC
S2140312B830460BF08BF800B1055570BD846C0400FE
S2140312C82DE9F0438FB007460C4615461E469DF893
S2140312D85880F8F755F920B1F4F796FE08B144F4A8
S2140312E800544D4B1B7813B924F40074A4B220059C
S2140312F809D546B9284604A9F5F750F9002846D073
S21403130824F40064A4B2ADF81840ADF81A5007F0F8
S214031318B7FC424BADF81C00B8F1000F02D01A78A0
S214031328424501D293F800803D4AE105137848BF49
S2140313380DF1210103F10103DBB2137058BF08A9AD
S21403134822058DF81E808DF81F3006D533680831C0
S21403135841F8083C736841F8043CE30407D5314A6E
S2140313680831136841F8083C536841F8043C0DF10A
S2140313781808A1EB08005FFA80F9002148460BF02D
S21403138899F8064628B900200FB0BDE8F08304AEE6
S214031398B9E70BF01BF841464A46ECF7F5FD30462D
S2140313A80BF030F8804630460BF010F80023024660
S2140313B800934FF6FF7004235FFA88F107F082FA6A
S2140313C8ADF80E000028DED040F201131C421AD1F5
S2140313D84FF6F7739D4216D80BF014F80DF10E016D
S2140313E80446284600F090FDBDF80E000BF00AF8F8
S2140313F8E4B2A04207D9BDF80E0007F0B0FA437866
S21403140843F004034370BDF80E003A4601210BF07F
S21403141829F8BDF80E00B7E7D3610020036C002057
S214031428D56100205D620020F0B50829D58889B00B
S21403143828D00C2926D0AE0424D405F040030B4349
S214031448424C267816B105F0200423432FB2002F0A
S214031458B8BF43F08003032920D11223AC068DF8C6
S2140314680430937A10D48DF805300DF1060401A9DB
S214031478621A012392B2F4F7DBFBB0FA80F0400954
S21403148809B0F0BD0B46DBE732228DF805308DF840
S2140314980420002EE9D00DF11304E8E70C298DF893
S2140314A804300ABF138953798DF80530548805BF6D
S2140314B81B0A8DF806308DF805300DF1070318BFA3
S2140314C80DF106031C70240A5C70148802399C709C
S2140314D8240ADC70147901291C7111D8917A002F1B
S2140314E8597131DA022112899971DA71120A03F1F4
S2140314F809041A72002EBAD0AB06B8D50534B6E777
S214031508A9071AD4002F0CDA117A51B1917A5971B6
S2140315181189127A03F1080492B102229A71D971D9
S214031528E8E70B4C217801F1010C84F800C09172AE
S2140315389C1D002F5971DDDAEAE7917A9C1DF8E7BE
S2140315480122090A9A71EAE79C1DD3E7D3610020B2
S214031558D4610020014B1880704700BF025C00204E
S214031568014B1888704700BF025C00202DE9F8433A
S21403157807460BF0F7F905461B480BF06EFB1B4BAB
S21403158860B31C683C1B2C44A4B20022184BDFF83B
S21403159868901B78174D03EB830399F8006005EBF7
S2140315A843055FFA82F846450AD9AB8805F10A006F
S2140315B8A34216D90A23B21A29465A43ECF7A6FBBE
S2140315C8013689F80060AC80B8F1000F03D13946BC
S2140315D805480AF0E7FF2846BDE8F8833C461D6041
S2140315E8D3E705460132DCE75C6B00208056002013
S2140315F8A96200209A5A0020AA6200201FB5154A3D
S214031608154C1378013BDBB213706168206801AA96
S21403161803C221891180114A1278D21805D00A23E9
S21403162820465A43E118ECF771FB9DF806301B0772
S2140316380DD0BDF80C00FFF799FF03468288ADF876
S214031648082001AA03CA1288186059601A8104B0D0
S21403165810BD00BFA96200209A5A0020AA62002083
S214031668002108B5084B09481970094B1970094B2E
S2140316781A7802EB82025200ECF7F6FABDE8084045
S2140316880548F4F781BB00BFAA6200209A5A0020D7
S214031698A96200200D6C00205C6B0020F8B50024BE
S2140316A8084D094F094E3B783178E2B20B449A420B
S2140316B804F1010400DBF8BD2846F4F775F80A358B
S2140316C8F1E700BF9A5A0020AA620020A962002008
S2140316D810B5064C207828B1054807F06CFE10B103
S2140316E8034B188810BDFFF789FFF3E7A9620020AC
S2140316F89A5A002008B50A4A0346107860B1094A80
S2140317081088984209D121B99378103323F00F0330
S2140317189370FFF773FF012008BD0020FCE700BFA6
S214031728A96200209A5A00202DE9F74F00260BF0ED
S21403173819F9DFF8F890B24699F80070B3463A46B6
S214031748DFF8EC801FFA80FEB8F800C0344CAEEB26
S2140317580C039BB201932378324D009303EB830368
S21403176805EB4303ACEB0E0C5FFA86FEBE4515D3BA
S214031778BAF1000F01D0009B2370BA422AD3002F78
S21403178837D00A222378C8F8000002FB03532648FA
S214031798998803B0BDE8F04F0AF004BFB3F804E035
S2140317A801998E4512D84FF0010A009993F802E082
S2140317B801310EF1FF3EC9B2013AA3F804B083F82B
S2140317C802E00091D2B20A330136CDE7E644A3F825
S2140317D804E0F8E789F800204AB10A222378C8F813
S2140317E8000002FB0353104899880AF0DBFE2378AF
S2140317F813B903B0BDE8F08FFFF76AFF0646002863
S214031808F5D006F0E0FF0146304607F0D1FD20B1DB
S21403181800212888FFF76EFFE9E740F60241F8E75C
S214031828A96200209A5A00205C6B0020AA62002056
S214031838805600202DE9F04192F808801F4608F1EB
S214031848FF33DBB2EF2B05460E46144688B00BD99A
S21403185882238DF80E30314628469DF80E30204AEE
S214031868FEF740F8012037E00E22002104A8ECF723
S214031878FBF9B4F809308DF81180ADF81230E37A25
S21403188803F07F02032A08D0012B24D103238DF803
S2140318981030A389ADF815300EE0032B14BF0223CE
S2140318A801238DF81030E368CDF815302369CDF899
S2140318B81930237D8DF81430A7F121014A420DF122
S2140318C80E034A41009321460DF10F0304A8FDF7C2
S2140318D837FC0028BFD1002008B0BDE8F08100BF60
S2140318E8902104002DE9F04F00241D7895B0CDE92A
S2140318F802010492234622460120CDE900544049BA
S21403190808F0CAFEADF81E00F8B1A34626462746D9
S2140319180DF120090DF1380AE9F71AF85FFA84F889
S214031928404516D83A460221BDF81E00FFF7B4FC18
S21403193832460421BDF81E00FFF7AEFCDDE90310AE
S2140319480022BDF81E30FDF7CDFF012015B0BDE817
S214031958F08F4A4640460AA9FDF7E4FB9DF828207F
S21403196822B12DB1013DEDB20137FFB20134D3E701
S214031978BBF1000FF8D199E803009DF829308AE8EF
S21403198803008DF84030BDF82A30032A8DF841301D
S2140319984FEA13238DF8423017BF032301238DF82C
S2140319A843309DF82C30DDF83110DDF82D0014BFD8
S2140319B88DF84C308DF8433011AB03C302980CBF37
S2140319C84FF00E084FF0150808F00DFA0590BDF80D
S2140319D81E000AF017FD059900EB080399420BDB76
S2140319E80123424651460DF11E00F4F721F900285B
S2140319F8ABD10136F6B2B7E74FF0010BB4E700BF39
S214031A08676C040038B505460D4B0E481C88F4F77A
S214031A18A7F9012D0CD10C4B1C88FA21614358B148
S214031A28884209D28408012C204638BF012038BDD5
S214031A38022D08BF0224F0E702480AF0B3FDF2E7D6
S214031A48965A002078470020945A0020012208B5A9
S214031A58054B06481A7000210AF0A4FDBDE80840A5
S214031A680020FFF7CFBF00BFBE61002078470020E5
S214031A781E4B73B51A8802F108039BB2012B02D8D2
S214031A881B4B1B7823B902B0BDE87040F4F77CB94A
S214031A980024184B184D1C70184B1C702B787BB100
S214031AA84FF6FC73164E009322462346214630888B
S214031AB808F0BFFB4FF6FD732C70338001200FE050
S214031AC8104B1046197807F071FC0028F6D10C4B1A
S214031AD81A884FF6FD739A42F0D0012302202B7022
S214031AE802B0BDE87040FFF78DBF00BF985A0020CC
S214031AF8BE610020C1610020BF610020C0610020D4
S214031B08925A0020C2610020012808B50AD002288C
S214031B180CD020B9084B18700848F4F735F94FF07D
S214031B28FF3008BDBDE80840FFF790BF0020BDE8BA
S214031B380840FFF767BF00BFBE6100207847002054
S214031B4802280CD859B1064A13780133DBB213704E
S214031B58044A12789A4202D80220FFF7D5BF704784
S214031B68C0610020C361002038B5A0F61343012BDB
S214031B7804460D4615D80E4A13780133DBB21370A4
S214031B880C4A12789A420CD84FF6FD720A4B00207C
S214031B981988914201BF00221D80084B1A70FFF76F
S214031BA831FF29462046BDE8384004F01FBF00BF72
S214031BB8C1610020C4610020925A0020BF61002042
S214031BC800234FF6FD71054A1370054A1370054A3C
S214031BD81180054A1370054A13707047C1610020C7
S214031BE8C0610020925A0020BF610020BE61002019
S214031BF830B5094B02461B7833B1084B084C1978A5
S214031C080023D8B2884201D3FF2004E0013334F816
S214031C1823509542F5D130BD0C6C0020C6610020D8
S214031C28725A00200022FF21044B05481A70054B00
S214031C381970054B1A789200ECF716B8C66100209F
S214031C48765A0020C56100200C6C0020F7B58DF885
S214031C5807100DF10701044602F094FE234B1D7886
S214031C68002D41D02046FFF7C3FF214EFF283178C9
S214031C78204B05D1204A107885422DD9451C15706E
S214031C88884219D01C4A1B4D92F800C00022D7B2CE
S214031C98BC450CD92F4697F803E00132864505F173
S214031CA80405F4D102B203EB8202D278FA7002B2C8
S214031CB803EB8202D170307002B203EB820123F881
S214031CC82240FF228A709DF80720FF2A02D003EBE2
S214031CD88203987003B0F0BD0A46104603EB8202EF
S214031CE8D278FF2AF9D1CBE7FF20F3E70C6C002064
S214031CF8C5610020765A0020C66100202DE9F84306
S214031D08FFF776FFFF28044669D04FF6FF72354F74
S214031D1803B2DFF8DC80344E27F8232098F8005007
S214031D28A54202D10020BDE8F883337820B28100AB
S214031D38A34207EB800090F803E010D00023294A5B
S214031D485FFA83F94D45944606D99CF80390013308
S214031D58A14502F10402F3D18CF803E001E086F80A
S214031D6800E0013DEDB22A1BD2B204319200394499
S214031D78EBF7CCFF88F800503378FF2B04D0A34248
S214031D8824BF03F1FF33337000214FF6FF70154B62
S214031D98CAB2AA420CD300234FF6FF71134ADCB229
S214031DA8AC42BBD2013332F823008842F7D1B5E7F9
S214031DB89A78A2420BD11880DA78FF2A04D0A24276
S214031DC824BF02F1FF32DA7001310433E0E7FF2A59
S214031DD8F2D0A24224BF02F1FF329A70ECE72D201C
S214031DE8A1E700BF765A0020C5610020725A00207A
S214031DF8C6610020F8B51C4B05461B78084673B326
S214031E08FFF7F6FEFF28044629D02846FFF7F0FE1C
S214031E18FF2806D0154B164E1A780023D9B29142DE
S214031E2818D3FF212846FFF711FFFF28014616D0CF
S214031E380546104F23B207EB830237F8230096783C
S214031E48FFF704FFA84208BFFF25FF2E214608D147
S214031E582846F8BD013316F823108142DED1FF2544
S214031E68F6E73446E6E700BF0C6C0020C6610020A0
S214031E78745A0020765A00202DE9F04180460E4613
S214031E881F46002386B001A814469DF830508DF8E7
S214031E980330FEF7A7FCADF804802EB13368CDF8FF
S214031EA806307368CDF80A3038460AF08FFA0DF113
S214031EB803034219214601A804F0A4FD9DF8033044
S214031EC893B931464046E8F737FF0E4B1B785BB1AC
S214031ED80B2C09D8FF214046FFF7B8FE064605EB4C
S214031EE84404E4B2A54202D106B0BDE8F08129460F
S214031EF8384608F074FB3146FFF7A8FE0235064657
S214031F08EDB2EFE70C6C002000232DE9F3470DF143
S214031F1807028DF8073004460E4602F01EFD9DF8AC
S214031F280730054663B92046FFF762FE04465EB1EE
S214031F3830880AF067FA5FFA80F8FF2C45D1002547
S214031F48284602B0BDE8F087B046F6E701320C2A09
S214031F58F5D02DB207EB8505AD78FF2DF6D112F037
S214031F68FF0AECD04FEA4A050235EDB2002EE7D059
S214031F78304605EB080108F0F7FA0028DFD1524689
S214031F8841463088FFF788F90AF1FF3208F1010164
S214031F9808F102093088D2B2C9B25FFA89F9FFF7A5
S214031FA87BF924B207EB8404A478FF2CC8D023B2A9
S214031FB8494637F82320308808F021FB0028BED18D
S214031FC809F102095FFA89F9EBE725460022014F72
S214031FD8BFE700BF765A002008B5D5F757FDD5F7F3
S214031FE827F900F04AFAD6F779FEBDE80840D4F791
S214031FF8CDBE10B5044601880120D5F707FEE38851
S2140320080BB9C823E38010BD37B50446D5F70CFED5
S214032018658885420ED8A188E288814205D3431B8A
S2140320285343491BB3FBF1F39AB280B240EA02402A
S21403203803B030BD0022F8E770B50C46088800F0F8
S2140320484BF994F84430054683420FD004F11C0636
S214032058304600F07CF984F8445000F07CF9618B34
S214032068A0643046BDE8704000F06CB970BD38B562
S214032078044690F844108378826CCB1A5942594127
S214032088D4F7EEFEE37893B1257985B900F063F9C2
S2140320980346A268218A04F11C009C1A8C4236BFA8
S2140320A852182946D11ABDE8384000F04BB938BD56
S2140320B809B100F0FDB800F005B938B583880446C1
S2140320C803B3E3780088A17804F10C05A3B10023D1
S2140320D8B1FA81F1E3704909FFF7EAFF4FF6FF7299
S2140320E8A388218993421CBF03F1FF33A3802846A4
S2140320F8BDE8384000F026B90123E370FFF7D8FFA0
S214032108E188F4E738BD10B5044681780088FFF700
S214032118CFFF0123E3700023A38010BD10B5817899
S2140321280446B1FA81F100884909FFF7C1FF002385
S214032138E370A38010BDFFF7F1BF70B504460546EC
S21403214800262B4655F8040B10B11B1B0C2B00DD81
S21403215870BD237C8680002BF3D0637C13B1FFF716
S214032168D2FFEEE7FFF7DAFFEBE7FFF7E6BF70B558
S214032178044605464FF6FF762B4655F8040B10B172
S2140321881B1B0C2B00DD70BD8388B342F4D04FF4C1
S214032198FA724FF6FF731146D4F7B6FEECE709B1A9
S2140321A800F086B800F08EB810B50446C060083054
S2140321B8D5F79EFE21792088B1FA81F14909FFF700
S2140321C8EEFFA37943B121796088B1FA81F1BDE8BE
S2140321D810404909FFF7E3BF10BD00F0A9B803464E
S2140321E8184613F8012B8A4201D0002AF8D1704703
S2140321F810B53B2104460068FFF7F1FF00220346AB
S21403220803F8012B2068236010BD10B540B1421EA9
S2140322180A24002012F8013F303BD9B2092900D915
S21403222810BD04FB0030F5E708B500F07EF808B5E6
S21403223840F2BA4200211020D5F764FC41F2E823A5
S214032248584340F6FF7300F2FF70B0FBF3F080B21A
S21403225808BD50F80C3C23B150F8041C30F80E0C9B
S21403226818477047084619B1FF21103002F09CBA88
S214032278704773B505460E466DBA1446D5F76EFD18
S214032288ADF804507EB1012C04D0032C09D00022EB
S214032298012101E02246022101A8D7F79BFF02B0DD
S2140322A870BD0022F7E7042132460DEB0100F4E780
S2140322B807B540BAADF8040001A8D7F7BFFF03B0C7
S2140322C85DF804FB07B540BAADF8040001A8D7F7D4
S2140322D8E1FF03B05DF804FB002307B540BAADF889
S2140322E804000DF1030101A88DF80330D7F7FEFFAC
S2140322F89DF8030003B05DF804FB007800F0DF03E5
S214032308552B07D0642807D0663818BF4FF0FF3020
S214032318C0B27047012070470320704718B12D28B4
S2140323280CBF012002207047704708B501F02EFE47
S21403233808B500F083F8BDE8084004F031BB50E95F
S214032348023018470A460830FF2102F024BAFF2154
S214032358083002F031BA08B50AF063FBBDE8084056
S21403236809F0E8B813B500240DF107008DF8074007
S21403237803F0C8FA40B99DF80700033803288CBF52
S2140323880020012002B010BD2046FBE72DE9F041EE
S214032398044600274FF00C0E8F4202DB0020BDE8F0
S2140323A8F0812078904204D1002594F807804545AB
S2140323B802DB01370C34EFE70EFB05F6D4F808C04A
S2140323C80CEB06003CF806609E42E8D00135EEE7C3
S2140323D8F0B585B005460E461746D5F7DFFD044625
S2140323E8A0B131462846D5F791FD83783A46002BA7
S2140323F8A36831460293A378284601934FF0000357
S21403240800930CBF80234023E4F732FF05B0F0BDEA
S21403241808B51288D5F7C2FD50B10279BDF80C305D
S2140324289A4207D881680298EBF770FC002008BD2B
S2140324388620FCE78920FAE7D5F7B4BE002004F027
S2140324482BBB08B504F090FB002814BF032000201C
S21403245808BD10B50446FFF785FF20B12046BDE842
S2140324681040DFF74BBE10BD08B5FFF77BFF18B16A
S214032478BDE80840DFF734BE08BD704708B502F06C
S2140324886FF8FFF7A9FDD5F7F9FE6420DFF746FED8
S2140324986420DFF733FE02F065F8D4F7A5FC08F0EE
S2140324A873FCF8E7642230B542F21075418AB0F837
S2140324B87E305143848A681A834202FB04F40AD2A4
S2140324C8A3420AD91B1B02FB03F021446D1AB0FB77
S2140324D8F5F0C0B230BD1046FCE70020FAE710B5A9
S2140324E889B1632911D86424828A438A624304FB28
S2140324F80323C3F51C53103301FB03F0B0FBF4F0BE
S214032508104480B210BD0846FCE742F21070F9E7A3
S21403251838B5037B0446002B36D0FFF71CFF217B18
S214032528E289022903D1238A002B18BF1A4664239B
S214032538534342F210721FBFD4F88450401B5043D3
S214032548B0FBF3F20129B4F8883017D1134442F2EA
S2140325581072934228BF13469BB2A4F87E302046D7
S214032568FFF7A0FFA37D83420ED0A07508226078EC
S2140325784FF48171BDE83840FFF72ABF934201D371
S2140325889B1AE9E70023E8E738BD10B50446B430DC
S214032598FFF7DDFE04F1DC00BDE81040FFF7D7BE09
S2140325A8037BC189022B03D1038A002B18BF194664
S2140325B8642342F20F724B43DC30934298BF642184
S2140325C8FFF7C0BE10B50446FFF7A2FF237B23B16F
S2140325D82046BDE81040FFF7E3BF10BD10B504461C
S2140325E84FF6FE71D5F7ECFFB4F880302046A4F812
S2140325F87E30FFF757FFA37D834208D0A0750822D5
S21403260860784FF48171BDE81040FFF7E1BE10BD56
S214032618F8B50E460446154600F18C073846FFF70C
S21403262896FE29463846A4F87C60BDE8F840FFF7CE
S21403263889BEF8B504460D46FFF78DFE4FF6FE71C4
S214032648A36F8D42227BA0EB030717D162B94FF61F
S214032658FF75B4F87C30AB4205D004F18C00FFF765
S21403266876FEA4F87C50F8BDC72F1BD8C8331A1AB1
S21403267829462046BDE8F840FFF7CABFB4F87E608F
S214032688AE422CBF02260126B24211D14FF6FF7680
S214032698B4F87C30B34205D004F18C00FFF757FE3C
S2140326A8A4F87C6029462046BDE8F840D5F788BFDD
S2140326B8C72FDBD9002AF5D02046D5F781FFC822D5
S2140326C8D6E74FF6FF73994201D0FFF7B2BF7047BC
S2140326D84FF6FF72B0F87C10A0F87C20FFF7F1BF26
S2140326E842F21071FFF7A5BF0021FFF7A2BF4FF60E
S2140326F8FE71FFF79EBF4FF60173994210B5044665
S21403270803D14FF6FE71FFF794FF638A2046322BF8
S21403271884BF32236382A38A322B84BF3223A382E5
S214032728BDE81040D5F7F2BF032910B504462BD0F1
S214032738007B30B9012903D002290CBF0120FF20F2
S21403274810BD032A07D8DFE802F00208101401298F
S2140327581CD002291FD0FF20F2E70029FBD1B4F8CA
S2140327685C20012A12D0022AF4E704290ED0052990
S214032778F0E7042914D0052914D00029EBD1B4F8BE
S2140327885C20111F0129ECD80220D9E75A1E5342B0
S21403279853415800D4E7022B0CBF02200120CFE791
S2140327A80020CDE70120CBE730B587B005460C46B9
S2140327B8D5F7E6FC012820D11CB1611E4B424B41DC
S2140327C858006B784FF480728DF804304FF4827398
S2140327D8ADF806304FF48173ADF8083001238DF851
S2140327E80B30002385F8900001A8CDE903238DF864
S2140327F80A408DF81430D5F7FBFC07B030BD4168A6
S2140328080346C978027B99B98168C97899B9002AB9
S21403281808BF0321D6F7B8B89B7B002B0CBF012152
S2140328280221F7E79B7B002B0CBF02210121F1E76E
S214032838012AF1D17047012AF4D17047042910B54B
S214032848044604D831B1BDE81040D6F721B90529A6
S2140328580DD010BD037B5522002B08BF0321A0F81B
S2140328685C1040781221FFF7B3FD2046EBE7436878
S2140328781A8A83681A82E6E7012303730378013307
S21403288843734FF44073C381032303740023A0F8F0
S2140328985C3080F89030704738B504460D4601B969
S2140328A845890123E373FFF756FDFA2202FB050069
S2140328B820612089BDE838405043FFF7CABD10B5EC
S2140328C80446806BD8B1E278022A04D0636B5B793E
S2140328D872B984F83C3094F83C306BB1FFF713FCBC
S2140328E860784FF60272BDE810400621FFF770BD08
S2140328F8B3FA83F35B09ECE7FFF710FCF0E710BDC8
S21403290810B50446406BD4F767FB2046BDE8104075
S214032918FFF7D5BF10B50446406BD4F781FB2046B6
S214032928BDE81040FFF7CBBF10B50446406BD4F79D
S2140329389DFB2046BDE81040FFF7C1BF10B504460F
S214032948002206214078FFF743FDA378022B01D027
S214032958FF2B04D12046BDE81040D6F7FBBB10BDBD
S2140329684FF60273994210B5044601D1FFF7A7FF45
S214032978E378022B02D02046FFF7A1FF2046BDE8E6
S2140329881040D6F7E7BB10B5D0F8A4407CB103795E
S2140329981BB14079D6F79EFC48B9A3883BB93222C7
S2140329A82046BDE8104001231146D4F7ADBA10BD42
S2140329B810B50446FFF7E7FFA278237982B913B167
S2140329C82046D6F7ADFC2046D6F7EAFC0323607804
S2140329D8A4F86C305522BDE810401221FFF7F8BC66
S2140329E8012B02D12046D6F79BFCA379012B02D1F3
S2140329F82046D6F7D5FC0123E9E710B583780446C5
S214032A08ABB9FFF7C0FFA3788BB9237913B1204678
S214032A18D6F7A6FC2046D6F707FD04236078A4F865
S214032A286C305522BDE810401221FFF7D1BCB4F82C
S214032A386C30022B0DD02379032B02D12046D6F710
S214032A486FFCA379032B02D12046D6F7A9FC0023F3
S214032A58E4E72046D6F72AFDF9E7827883685AB969
S214032A68DB78002B14BF03230423A0F86C3055220D
S214032A7812214078FFF7ACBC1A7922B9DB78003B01
S214032A8818BF0123F1E70223EFE77FB500239E6A09
S214032A980446B6F5C04F0D460CD201A8D6F7B2FECB
S214032AA8039B5B0506D529462046336C04B0BDE870
S214032AB87040184704B070BD00239B6AB3F5C04F37
S214032AC805D21B6BB3F5C04F01D29B6818474FF46A
S214032AD8817070471FB500239A6AB2F5C04F04D3B6
S214032AE840F2011005B05DF804FB126BB2F5C04F57
S214032AF8F6D2012201A8CDE902338DF80420D6F7D1
S214032B0881FE039BDB03EBD5029B1A0EE8D0012A52
S214032B1803D1C3F307430A2BE2D900239B6A1B6B33
S214032B281B6C9847DEE700230360704703680B6057
S214032B380160704710B538B132B129B100230139A5
S214032B48D45C14B90023037010BD8B42FAD200F884
S214032B58014B0133F4E7034638B10020814204D021
S214032B681A5C02B970470130F8E770474FF0FF3137
S214032B78FFF7F1BF70B50C461646054660B15AB165
S214032B8851B1FFF7F3FF844206D9211A3246284487
S214032B98BDE87040FFF7CEBF70BDFEE7FEE7002333
S214032BA89A4200D1704710B550F8234041F82340A5
S214032BB801339A42F8D110BDD7F7F0BA4369426C8D
S214032BC8D91C143AB1FBF2F103EBC1000330B0FB96
S214032BD8F2F00230704738B505460C46FFF7EEFFAD
S214032BE86A6CE31D143AB3FBF2F3013304EBC30434
S214032BF802FB004038BD38B5054644692146FFF751
S214032C08EAFF6A6CE31D143AB3FBF2F3013304EBF1
S214032C18C304204438BDF7B507460E4600257C6C2A
S214032C28A819644280EA06031C4003D02C462046B3
S214032C3803B0F0BDFB6B01225B6901A99847019BB2
S214032C480133F4D10435EAE770B505460C46D9F7DF
S214032C587FF8EB6B2046BDE87040DB68184770B515
S214032C680025044686B00562E369AB4202D8206AAB
S214032C7806B070BD666C2068E36B05225B6901A924
S214032C8806FB0500984701A800F023FC00F046FC65
S214032C9810B1236A013323620135E5E738B50446E4
S214032CA8456C006804F1400305FB0101E06B00F086
S214032CB842FC05462046FFF7D2FF284638BDF0B546
S214032CC80546002687B0EC69013CB44203D80C4697
S214032CD8204607B0F0BD01B14C1E6F6C2868EB6B3D
S214032CE805225B6901A907FB0400984701A800F0C1
S214032CF8F0FB00F013FC0028EAD121460136E2E790
S214032D08F0B504460D46466CE36B006887B00522AB
S214032D185B6901A906FB0500984701A800F0D9FBE3
S214032D2800F0FCFB20B101A800F0AAFB07B0F0BD39
S214032D3829462046FFF7C3FF0646676C2068E36B01
S214032D4805225B6901A907FB0600984701A800F05E
S214032D5897FB431CEAD0B54238BF0130E6E72DE9B6
S214032D68F0434FF6FF79D0F8248004460E46C8454C
S214032D7814BF45460025002787B0E369BB4202D83F
S214032D8807B0BDE8F083E26B2368606CD2F814C022
S214032D9800FB0530052201A9E04701A800F099FBCE
S214032DA8022806D0C8450CD1721C29462046FFF7D0
S214032DB875FFE3690135B5FBF3F2013703FB1255DB
S214032DC8DBE729462046FFF79BFFB0F1FF3F14BF1A
S214032DD8024632460132E8E70368F0B5CC1A436C7C
S214032DE80646B4FBF3F4002587B0F36937685A1E22
S214032DF89542706C08D3706C336800FB043007B0D8
S214032E08BDE8F04000F095BB0134B4FBF3F203FBD6
S214032E181244F36B05225B6901A900FB047098470B
S214032E2801A800F056FB00F079FB0028E3D1013532
S214032E38DBE710B423F0030422449B070A44436CDD
S214032E4818BF04325B4281EA0204234203D05DF8CA
S214032E58044BFFF7C1BF10465DF8044B70472DE9D6
S214032E68F041D0E90A369E42044686B028D1142299
S214032E78C369456802FB1355284606B0BDE8F081CA
S214032E882068676C331AB3FBF7F3E26B07FB0300A0
S214032E98D2F8148001A90522C04701A800F019FB3F
S214032EA8012804D0636C1D44013B3340ED1A3146B8
S214032EB82046FFF791FF0646A36AB342E0D1DBE755
S214032EC80025F9E708B508301346D1E90012D8F704
S214032ED8C5FE012008BD13B50C46002121760093D4
S214032EE8616813462246D7F7B3FA18B1E37D03B1F0
S214032EF8A07EA075A07D02B010BD73B5164600F17E
S214032F0808050C46284609680DF1070200F098F9EB
S214032F18032E06D16368834203D12846216800F04E
S214032F2876F9012002B070BDD01E009B4242424192
S214032F38187E824211D11A688A420ED85A688A4283
S214032F480BD35A6901325A61D3E9030282423FBF5F
S214032F58986840F8221001321A610120704710B5AC
S214032F68032A029C07D1A26A5340626C5242134258
S214032F7801D100F04CF9012010BD08B5C368002044
S214032F889847BDE80840D8F7EBBE012814BF0420CD
S214032F98022070B5002442431C70CC7D101D02F03D
S214032FA802024CB91AB1012220F003001A7000F18C
S214032FB808034868184470BD1AB1012220F00300BC
S214032FC81A7000230C7E01F12005DAB2A24201D35F
S214032FD80020F0E735F833205E1C824206D901EB61
S214032FE8C30300F10802D8691044E4E73346801A9D
S214032FF8EBE773B5054690F842601C4630460DF17C
S2140330080303FFF7C2FFEB6B012E5B690DD1324654
S21403301801A998479DF8033013B1BDF8063001930C
S214033028BDF80430236002B070BD0122214602B009
S214033038BDE870401847F0B5054600244868EB6BB2
S21403304887B00E4601225B69029402A908309847A6
S214033058274695F84230012B40F0AC80632C00F2EB
S214033068AB80612C08D805AB224631462846FFF7C5
S214033078C0FF9DF814305BB305AB2246314628469D
S2140330888DF81070FFF7B5FF95F84230012B059BB6
S2140330987FD14FF6FF72934256D0082205A904A89B
S2140330A800F063FA059B9DF81010C3F307229142BC
S2140330B84AD1DBB2029A1A44029245E0DCD005AB49
S2140330C8224631462846FFF794FFBDF81430D2E768
S2140330D895F84230012B39D1612C2ED82246314639
S2140330E8284603ABFFF785FF3146284604AB621C28
S2140330F8FFF77FFF3146284605ABA21CFFF779FF8B
S214033108102208230DEB02010DF107008DF8073096
S21403311800F02BFA102205A90DF1070000F025FA96
S214033128039BDAB24AB99DF80720B2EB132F04D1F2
S214033138DDE9043203EB0243029395F84230012B90
S21403314814BF012302231C44013482E7302CF4D82D
S21403315822463146284603ABFFF74BFF314628463F
S21403316804AB621CFFF745FF102320220DEB030177
S2140331780DF107008DF8073000F0F7F9039B9AB2B4
S214033188002ADAD19DF80720B2EB134FD5D1049B5A
S214033198D2E70133D8D0102205A90DEB020000F0C0
S2140331A8E4F9059B9DF81010C3F307429142CBD16F
S2140331B89BB27FE7312C81D9029807B0F0BD13B5CF
S2140331C800240194049C0094D7F71EFE02B010BD99
S2140331D813B501240194049C0094D7F715FE02B096
S2140331E810BD00234FF0FF3230B544689C4202D12D
S2140331F80023037230BD016801EBC30541F8332091
S2140332086A600133F2E7C0E90012FFF7EABF00235A
S214033218F0B545689D4210D00468DF0054F83320A3
S21403322804EBC306B2F1FF3F08D0C2F31302914280
S21403323804D14FF0FF33E3517360F0BD0133E9E780
S2140332480023F0B545689D4202D14FF0FF300EE0EB
S2140332580468DE0054F83340671C09D0C4F3130728
S214033268B94205D1240D1470036833445868F0BD79
S2140332780133E8E7704770B59400224605460E46C4
S21403328809F08AFD431C0AD058B922463146284617
S214033298EBF736F8002814BF3D20002070BD6E20DB
S2140332A8FCE77120FAE713B5044601A8D9F7E8FF47
S2140332B89DF8063023804FF480736380D9F7FAFFAE
S2140332C86060002002B010BDD9F75ABF08B5D9F719
S2140332D847FF002008BD10B5044644EA010313F06F
S2140332E80303084609D1934201D1002010BD54F8C0
S2140332F8231040F823100133F5E721469200EAF736
S21403330843FEF2E710B5044609F042FD431C10D00D
S21403331888B9D9F7CFFF234620F003002044984204
S21403332801D1002010BD53F8042B0132F7D03E20FC
S214033338F8E76E20F6E77120F4E7704713B5002325
S214033348044601461B220DF107008DF8073000F0EE
S2140333580CF922689DF80730B3EBD26F0CBF012037
S214033368002002B010BD13B50023044601462022F0
S2140333780DF107008DF8073000F0F7F80DF1070098
S2140333881A22211D00F0F1F862689DF80730B3EBA6
S214033398926F0CBF0120002002B010BD0068431CCA
S2140333A8584258417047006810F07E0F0CBFC0F3B0
S2140333B8C160002070470068C0F3D31070470068E8
S2140333C800F07F0001288CBF0020012070470368A7
S2140333D813F07E0F14BF042008207047036813F009
S2140333E87E0F03D1406820F07C40704713F07800C6
S2140333F81CBF03F07F03D81F7047006800F07F00E8
S2140334087047032809D0022803D1C1F10201C8B2C4
S214033418704700290CBF07200020704737B50546BC
S21403342801F10C0443696946012220469847BDF812
S2140334380030012201932046AB6901A9984703B0DF
S21403344830BD37B501F10C044369012269460546C8
S214033458204698474FF6FF72009B99B291420DD1CA
S2140334686FF30F0343F4254343F0A50301930122A7
S2140334782046AB6901A9984703B030BD0020FBE797
S21403348837B5044600251B22011D0DF107008DF8EC
S214033498075000F06AF860689DF80720B2EBD06F13
S2140334A803D120F0784003B030BD0DF107001B228E
S2140334B804F108018DF8075000F057F8A0689DF846
S2140334C80730B3EBD06F01D1C043EAE74FF0FF30C4
S2140334D8E9E74BF29A22036810B5B2EB134F04469A
S2140334E813D19BB2012B13D1FFF7CAFF01300CD0BF
S2140334F84FF6FF72E068B2EB104F4FEA104309D15C
S21403350880B2C01A18BF012010BD2368013303D048
S2140335180420F9E70220F7E70320F5E701288CBF24
S214033528002001207047033801288CBF00200120A3
S2140335387047143070472DE9F041054698460369ED
S21403354808460E4617469847044638B943463A4649
S21403355831462846D8F774FC044618B1314628463F
S214033568FFF75CFF2046BDE8F0811F2A0B689EBF65
S2140335784FF0FF3191408B43590801F055315B1AE0
S21403358803F033319B0803F033330B44017803EB22
S21403359813130A444FF0013103F00F334B43A2EBE6
S2140335A813620270704708B507F0BAFABDE8084018
S2140335B80021D8F743BE0029CCBF01210021D8F744
S2140335C83DBE02214FF42070D9F70EB970477047F5
S2140335D80020D9F7A9B90120D9F7A6B9704770B55D
S2140335E8054614460E4609F030F92B685C4034400D
S2140335F85C402C60BDE8704009F022B94369DB01E2
S214033608FCD4012300F5005043607047022A10B526
S2140336184FF0000405D9033A022A0CD90360047153
S21403362810BD11F4000218BF4FF07F4221F07F430C
S21403363813430C0EF2E721F0FF03CCB2EEE730B4E7
S214033648012500F5805344685D60CB784D785B04AC
S21403365843EA05230D7889782B43090401F480315E
S2140336680B43C0F89830E30702D430BCFFF7C6BF55
S21403367830BC704738B50C460546FFF7BFFF2378BE
S2140336881146627803F0070343EAC203E278284642
S21403369843EA0223A278120102F0300213432B678F
S2140336A8EB6AA27923F48B3323F4807343EA024349
S2140336B82279120202F4E06213436279120302F4D7
S2140336C880521343EB62FFF7BAFF012305F58052D6
S2140336D85360E27902B1EB6038BD08B50A6FC96F6B
S2140336E802F00702FFF792FF08BD4FF050234FF48E
S2140336F800321A6770474FF0B0435A6812B19A6A95
S214033708002AFAD1704770B5054614460E4609F0E6
S2140337189CF82B685C4034405C402C60BDE87040E5
S21403372809F08EB80122417803788A4030214B434A
S21403373842F2100103F1A04303F570335A50704761
S21403374821FA00F2D20730B5034600F0FC040FD581
S21403375800220132D2B2042A02D14FF0FF3008E029
S214033768831803F00303234421FA03F5ED07F0D483
S214033778184630BD00207047002070470020704769
S2140337880020704701207047012070470F207047BC
S214033798EBF7D8B800207047FFF7FCBF0020704748
S2140337A870470020704700207047C3681944836831
S2140337B853F8210030F8023B13607047012310B515
S2140337C880F888300378044653B100F061FA21463E
S2140337D82046DAF7D3F82046BDE8104000F04DBA85
S2140337E810BD38B50D460446DAF7B0F86B682046C0
S2140337F8C4F8B032A96800F096F94FF0FF332046B4
S214033808C4F8B432FFF7CDFF38BDD0F8B43210B5DC
S2140338180133044601D0002010BD00F0BCFAC4F8FA
S214033828B4020130F7D194F8B80280F00100F3E748
S21403383808B5DAF7C7F808BD0A7801382D2A0ABF8B
S214033848012200228918DAF719B907281BD8DFE8F6
S21403385800F0060A0D1013150417012070470022FE
S2140338680820DAF70BB900221020FAE700222020F6
S214033878F7E70820FFF7E0BF1020FBE72020F9E76B
S2140338880846DAF75DB9002070472DE9F74307289D
S2140338980C46DDE90A7690461D4608D80138062800
S2140338A80AD8DFE800F01D27303A44574A00212893
S2140338B850D003B0BDE8F083002220461146EAF74D
S2140338C89FF93368C0B205EB83013A6845F82300CD
S2140338D8013348F8221033603B6801333B60E8E75E
S2140338E8002220461146EAF78BF9336880B205EBC7
S2140338F88301EAE7002220461146EAF781F933688E
S21403390805EB8301E1E7002220461146EAF726FB8A
S214033918336840B205EB8301D7E7002220461146F9
S214033928EAF71CFB336800B205EB8301CDE70022F8
S21403393820461146EAF712FBE1E7002389461E46AE
S2140339481D468DF8063019F8013F7D2B06D12570E4
S2140339582D0A65703B6848F82340BDE7202BF2D054
S21403396806F00102013612B98DF80430EBE710228F
S214033978002101A88DF80530EAF7F0FA6319013536
S2140339889870ADB2DFE72DE9F04F9B46002385B06C
S2140339988B45814688469246CDE902336BDC1A4648
S2140339A81E4619F80340212C09D81F2C04D8103CAE
S2140339B8072C98BF012200E001260133F1E7FF2C0C
S2140339C8FBD15B4436B1013B43450ADD2B2005B0EA
S2140339D8BDE8F08F62B1013B4345F7DC3546374611
S2140339E802E000252F462E46454504DB0020EEE779
S2140339F89845F3D0EAE75D453BDB19F80730202BFB
S214033A0818D109EB07035B78FF2BDFD1CEB9204625
S214033A185AF82510FFF719FF78B303AB019302ABE7
S214033A2800932046DDE90E235AF82510FFF72DFFED
S214033A380135D9E7212B0ED109EB07035B78FF2B5A
S214033A48C4D1029B5AF825200E99012641F8232053
S214033A5801330293ECE7A3F11004072C02D91C46A2
S214033A680137D3E709EB07035B78FF2BAED1E4B244
S214033A78CCE70624CAE72120A9E72620A7E72DE9ED
S214033A88F04F07460E4615469846044685B0DDF8B9
S214033A984490DDE90FAB206808B3DAF80020D8F8BD
S214033AA800108A421BDA0E9B53F82210D6F7AAFA9E
S214033AB848BBDAF800200132CAF800206268117B96
S214033AC8FE291BD10E9B1068012100932A46434604
S214033AD8CDE902B9CDF804A0FFF7D1FF04462B7849
S214033AE843B999F800302BB97EB101233C4689F8CF
S214033AF800302B70204605B0BDE8F08F01238BF805
S214033B0800302B70EBE70C34C5E73446F2E710B504
S214033B180446236803B910BD237A13B92046DAF797
S214033B2845F80C34F5E710B541B10A7932B90124E2
S214033B389C300C71FEF7FAFF204610BD0020FCE708
S214033B482DE9F041BAB005460AAA084603A900F0CB
S214033B585FF90446B0B90DF10A0301930DF10B039F
S214033B688DF80A0000930AAA284604AB03A9DAF7D5
S214033B78CDF99DF80A20B2B19DF80B2048B12AB1B9
S214033B88DAF714F820463AB0BDE8F081FFF7BFFF2E
S214033B98F8E7D5F89C50002DF4D0A86808B1FFF7CD
S214033BA8B6FF2D68F7E700B346681AAB06F10C08AC
S214033BB82AAF01934046049B039900970AAAFFF786
S214033BC8E2FE04460028DDD1039B05A8CDE90637A7
S214033BD8049B0595CDE90838DBF788FC05A8336808
S214033BE8984705A800F03FFDCCE72D24CAE710B593
S214033BF80446AC30E9F734FF04F1AB031A18002087
S214033C08934200D110BD13F8011F0029FAD00A29E0
S214033C1808BF0130F4E70023F0B50B6013600646CF
S214033C28D0F8AC0278B196F8AC0060B1012406F17E
S214033C38AC07D6F8AC02844210D306F1AC00B3F551
S214033C48007F10D30120F0BD0D6801350D6015689F
S214033C5801351560F85C01330A2802D0B3F5007FF6
S214033C68F2D30134E5E7C15C0A29EBD00029E9D091
S214033C781168013301311160E1E710B50021D0F86E
S214033C888C200446E9F7F0FF0023C4E9243310BD6B
S214033C9873B5044600F1AC0580212046FEF75BFFAA
S214033CA84FF4007106462846FEF755FF0136C0F561
S214033CB80070864220461FD8E9F7D2FE06462846F5
S214033CC8E9F7CEFE01362946421CA819EAF71EF87C
S214033CD82046E9F7C5FE214602462846EAF754F980
S214033CE82046E9F7BDFE0A23204480F8AC300023BB
S214033CF8C4F8AC3202B070BDFFF779FF01AAC4F866
S214033D08AC0269462046FFF786FF0022009B234441
S214033D1883F8AC20C0E773B50D460446FFF767FF84
S214033D286B1C19D1D4F8AC3213B1013BC4F8AC32CE
S214033D3800252046E9F794FEA84215D82046FFF743
S214033D489CFFD4F8AC322BB16946204601AAFFF78C
S214033D5862FFA0B902B070BD012DFBD1D4F8AC3216
S214033D688342F7D20133E1E7082000F023F8202046
S214033D7800F020F8082000F01DF80135D9E7009D6B
S214033D8804F1AC06019BAB42E4D9715D2046DAF731
S214033D98EBF90135F6E707B500200DF1070100F04A
S214033DA8E7F820B99DF8070003B05DF804FB4FF069
S214033DB8FF30F9E710B5C1B20446002000F0C8F892
S214033DC800280CBF20464FF0FF3010BD0FB407B5D0
S214033DD804AA52F8041B00200192DAF769FB0020B4
S214033DE803B05DF804EB04B0704710B54C1C0B46E3
S214033DF80119045D222C03D07B2C01D05C2C05D141
S214033E08D21A1844E9F782FF012010BD0020FCE708
S214033E182DE9F047054691468846E9F721FE2A46E6
S214033E2806461346197801322029FAD0C9F8003015
S214033E385C1B01236FF0404AC8F80030A64201D83D
S214033E48002014E02F5D29197B2F12D0222F2ED1A4
S214033E58D8F80030621C53442A4449F82320012C1E
S214033E6809D911F8013C13F0DF0F04D02120BDE86F
S214033E78F0877D27F3E701342B5DBB4209D12B1965
S214033E885B7813F0DF03F1D1222F00D12B550134D1
S214033E98D4E75C2B07D1324621462846FFF7A5FF11
S214033EA80028E3D0013E0134A642E5D8DEE75C2FBE
S214033EB808D1324621462846FFF797FF0028D5D073
S214033EC8013EE4E7202FE2D10022631CB3420A70C6
S214033ED8DDD2EA18EB5C202BD9D0D8F800300F2BAC
S214033EE805DC49F823200133C8F80030CFE71E2045
S214033EF8BDE700F000B800207047D6F771B870B574
S214033F080C46154610B9DAF7C7FA38B143682BB129
S214033F182A462146BDE8704000681847232070BD2E
S214033F28F7B50D4616461C4638B9DAF7B5FA04B996
S214033F3801AC20B9232003B0F0BD03B901ACC768B0
S214033F48002FF7D02346324629460068B847F2E7DB
S214033F5807B501228DF807100DF10701FFF7CFFF0C
S214033F6803B05DF804FB0B4601461846FFF7F0BF9F
S214033F7800230122FFF7D4BF08B508F0F3FCFA23A1
S214033F88B0FBF3F080B208BD0420704740F201602E
S214033F98DAF778BB7047012070470020704749BAA4
S214033FA889B280EA0103C3F303125340180380B2AD
S214033FB858405B0103F4FF535840704708B5DAF7D7
S214033FC863FF58B1A0F15903042B06D8042B04D871
S214033FD8DFE803F00404040304005C2008BDDBF7F1
S214033FE895B87047F8B50C468D18073552421540F4
S214033FF8A5F108070646384600F0DFF9A188381BFE
S214034008628801EBE00189B2A2EBE00225F8041C02
S21403401825F8062CA288C310AAB1A4EBC202B2F8EC
S21403402802C0D18003EB0C015180E28892B1D31A07
S2140340389BB204EBC20425F8023CA380B36803448E
S214034048B3603846F8BD15F8082C42F0020205F8A6
S214034058082CEAE725F8022CF0E72DE9F04F4FF095
S214034068000887B09946531C109B0546174614BF8D
S21403407814460824CDF81480002B00F0C580C3F836
S2140340880080002900F0C28042688A4240F2BE805F
S214034098073121F0070608F0E5FB05AACDE90082FB
S2140340A882463A464B463146284600F08AF9059F2B
S2140340B8834607B130B9504608F0CFFB192007B03E
S2140340C8BDE8F08FB7F8028029694FEAC802C0EB4B
S2140340D8C8080139B8F1270F29617AD9B9F1000F51
S2140340E851D1864206F1080848D022463946284662
S2140340F8FFF778FF04460590059B9844404600F072
S2140341085CF9059906F10F004A88C308A2EBD002AA
S214034118A8F80220CA88A8F80430002A30D0D31A90
S2140341289BB201EBC202A8F8063093808B88F60888
S214034138A380B8F804303A46E3804146002328466D
S214034148668000F0A6F9AB680833AB60237843F0C3
S214034158010323702B6901332B616288AB685046D1
S21403416803EBC203EA68AB60934288BFEB6008F0D0
S21403417874FB109B083400201C60A0E73C46BBE792
S214034188A8F80620D2E707EB08042046039200F0B7
S21403419814F90BF10703DB080599638008F1070395
S2140341A8DB08A380CB8893B1DB00039AD81D821A59
S2140341B85A44C2F3CF020B44E2809A80A38808F1DC
S2140341C8FF384FEAD808A1F80280CB80BBE7E38024
S2140341D8F4E7B9F1010F1BD107F10803B3FBF4F2B7
S2140341E804FB1233B3B1224639462846FFF7FAFED4
S2140341F8044623783A4643F00103237021460123F5
S214034208284600F046F9A8E7222058E7212056E773
S2140342188642E8D13C46ECE707B500224FF0FF316B
S21403422801AB0192DAF7B2FB019803B05DF804FB21
S2140342382DE9F74F04460D46002900F0AB80D0E978
S214034248056808F00FFB15F8087C35F8061CFB070D
S214034258009000D531B9009808F0FFFA012003B0A2
S214034268BDE8F08FA368D4F8109035F804ECA3EBF8
S214034278C10B09F10103A5F1080C4A1CC4F808B0E0
S2140342882361BEF1000F7BD0ACEBCE03D888B3F81E
S21403429802A00190187807F00207C00765D4002F1C
S2140342A864D10198A0EB0A07012F69D18A1CABF1E8
S2140342B808075244C4F81090A76035F802ECBEF11C
S2140342C8000F61D0D4E900700CEBCE0A07EB0009A7
S2140342D8CA4559D21CF83EC057461CF0010C15D1E6
S2140342E8AEEB0101012911D1BAF80210AAF802C0EF
S2140342F801310A44BAF80610002943D00AEBC1076D
S214034308216901392161A1680839A16015F8081CDB
S214034318013A21F0010105F8081C002125F8061CBE
S2140343285A801A7861F300021A707FB3C3F1070242
S2140343383A44C2F3CF02DA80BA804EB3B34227D3E5
S2140343487288002A08BF1E46B8F1000F06D04345F8
S21403435804D8B8F80220002A18BF43460098C4E9D0
S214034368056308F07AFA002079E74FB115F8087C58
S214034378724427F0020705F8087C00279F809CE70D
S21403438863469AE70F46BBE70027BFE7DF80D4E715
S2140343981E46D9E7222062E710B50446DAF70EFB75
S2140343A82146BDE81040FFF743BFFFF7F5BF0846B1
S2140343B8FFF732BF0846FFF7F8BF002303604360E2
S2140343C87047F0B5D0E90554561C08BF0822002BE1
S2140343D84FF0000008BF2C46DDF818C0CCF80000E4
S2140343E8002C37D09DF814706588FF0007EBC505C9
S2140343F8C2F1000E2078C00708D51BBBE088A0B121
S21403440804EBC004658807EBC505F3E78D42F4D3D0
S21403441863B904F10806B6FBF2F002FB10667018DF
S2140344280EB1A842EAD8CCF80040F0BD082A0FD04F
S2140344386088013004EBC000461A06EA0E06801BA5
S2140344488542F0D2A0880028EFD0A4EBC004D9E7B1
S2140344580846E8E72046E8E703460069C0B10AB914
S21403446851B91A6810460378DB0711D531B9C388E2
S2140344785BB100EBC300F6E79A69F3E7012904D1B9
S214034488838823B1A0EBC300EDE7002070471846E6
S21403449870472DE9F041D0E9055407468846164685
S2140344A8ABB1954200D00ABB424600213846FFF717
S2140344B8D3FFB442054600D02EB9424601213846FA
S2140344C8FFF7CAFF0446C7E90554BDE8F0819542DD
S2140344D808D08D4228BF0D46B44205D0444538BFA0
S2140344E84446F0E70D46F7E74446ECE79442EAD13C
S2140344F8E3E770B500261C46C3E90001C3E9026674
S214034508C3E905001E611A775E62FFF756FF236943
S2140345180139C908013341802361A368304608334B
S214034528A360E3680833E36070BD002307B56846F5
S21403453800938DF80430D8F789FA03B05DF804FBC6
S21403454810B508F082F9044606F058FB2046BDE885
S214034558104008F075B970474FF4C870DAF7B6BA62
S214034568DAF79EBB00F01CB87047704708B503F02F
S21403457815FA03F01DFA03F024FA03F033FABDE83C
S214034588084003F040BA704708B503F002FA03F090
S21403459801FA03F000FA03F000FAFFF7F4FF08BD88
S2140345A808B503F031FA03F030FA03F030FABDE841
S2140345B8084003F033BA7047012070472DE9F341EA
S2140345C812F001050446884622D110F0030525D1CA
S2140345D82F465208BA4209D1D8F7C2FD0026B74279
S2140345E804EB860008D1D8F7CBFD11E054F8273042
S2140345F801330CD10137EDE7042258F826300DEBCA
S2140346080201019308F0C8FB30B1D8F7B9FD3D2580
S214034618284602B0BDE8F0810136E0E70125F7E752
S2140346287047B0F1006F0FD300F07843B3F1006F13
S2140346380CD000F06040B0F1404F09D0B0F1604FA5
S21403464814BF0420032070470020704701207047DA
S21403465802207047002070471AB111B180B2DAF70A
S21403466855BD2120704701F056BEE3F77FBEFFF71E
S2140346788DBCD0E9023253F8223000211878E3F7CC
S214034688C7BA704702F08CB901F0DABDC36882680E
S214034698013BDBB252F823305B78652B02D100204E
S2140346A8E5F706BE6E2B01D10120F9E7662B01D18B
S2140346B80220F5E7704710B5D0E90232044653F8EE
S2140346C82230187802F046FAE368A268013352F8F3
S2140346D82330BDE81040187802F03ABA10B50446FD
S2140346E8C0B2DBF7E1FE200ABDE81040DBF7DCBE0C
S2140346F8D0E9023253F822301878DBF7DDBF02F030
S214034708E1B9E4F7D3BA08B501F0B8FEBDE8084046
S214034718E5F7BCBCD0E9023253F82230186801F03A
S214034728ABBE0020E5F7B8BD0120E5F7B5BD02210D
S214034738DBF758BF0321DBF755BF0521DBF752BF6D
S21403474808B501460C20DBF729FFBDE80840DBF770
S214034758B7BE08B501460020DBF720FFBDE80840D2
S214034768DBF7AEBE07B5C2688368043253F8223057
S21403477801211B880DF10602ADF806300023DCF78D
S214034788B5FC03B05DF804FB08B508F0FFF8BDE810
S2140347980840F1F7C3BE10B51446DCF7C3FF21463D
S2140347A8BDE8104007F0FEBE08B5DCF7BBFFBDE862
S2140347B80840002107F0F6BE08B5DCF7B3FFBDE8EE
S2140347C80840F1F7E1BA08B5DCF7ACFFBDE80840E6
S2140347D808F043BA08B5DCF7A5FFBDE80840F1F7CB
S2140347E8BFBA7047704708B508F0D0F8FFF7FAFF66
S2140347F803F077F9BDE80840DCF7E0BF704701200F
S21403480870470120704708B5DDF774F800280CBF19
S2140348180420012008BD70472DE9F34104460D46E0
S21403482816461F46DDF8208008F048F93B46324610
S21403483829462046CDF8008003F055F93B46324614
S21403484829462046CDF80080FFF7E5FF02B0BDE80D
S214034858F04101F060BD2DE9FF4704460D461646B4
S2140348681F46BDF830809DF83490DDF838A008F070
S21403487825F93B46324629462046CDE9019ACDF826
S214034888008000F0FDFF04B0BDE8F04701F043BD2B
S214034898704708B508F012F903F028F9FFF7F8FF90
S2140348A8BDE8084001F037BD012070472DE9F743FE
S2140348B804460D4616461F469DF8289008F0FEF84F
S2140348C83B46324629462046CDF80090FFF7ECFFD4
S2140348D880463B46324629462046CDF8009003F0EC
S2140348E806F901F018FD404603B0BDE8F083012041
S2140348F870472DE9F74304460D4616461F469DF8AE
S214034908289008F0DBF83B46324629462046CDF881
S2140349180090FFF7ECFF80463B4632462946204682
S214034928CDF8009003F0E4F801F0F5FC404603B038
S214034938BDE8F083F8B504460D4616461F4608F04C
S214034948BDF83B4632462946204603F0D2F8BDE872
S214034958F84001F0E0BC00207047F8B504460D4661
S214034968164608F0ABF8324629462046FFF7F3FF0B
S214034978074632462946204603F0BCF801F0CBFC2E
S2140349883846F8BD38B504460D4608F097F8294664
S214034998204603F0B0F8BDE8384001F0BCBC10B5BB
S2140349A8044608F08BF8204603F0A6F82046FDF7E1
S2140349B843FDBDE8104001F0AEBC704738B5044669
S2140349C80D4608F07BF82946204603F0A7F8294643
S2140349D82046FFF7F2FFBDE8384001F09CBC70475D
S2140349E870B504460D46164608F068F8324629465A
S2140349F8204603F095F8324629462046FFF7EFFF90
S214034A08BDE8704001F087BC704738B504460D46CC
S214034A1808F054F82946204603F084F82946204629
S214034A28FFF7F2FFBDE8384001F075BC704738B5AC
S214034A38054608F043F8284600F0EFFE044601460C
S214034A48284601F0ABFF01F066FC204638BD38B5B2
S214034A5804460D4603F068F829462046FFF7E6FFA6
S214034A6838BD704738B5054608F028F82846E3F7F2
S214034A7829FC04460146284601F08EFF01F04BFC4C
S214034A88204638BD38B504460D4603F04EF8294689
S214034A982046FFF7E6FF38BD704710B5044608F012
S214034AA80DF8204603F042F82046FFF7F5FFBDE869
S214034AB8104001F030BC704738B504460D4607F081
S214034AC8FDFF2946204603F033F829462046FFF71C
S214034AD8F2FFBDE8384001F01EBC704770B50446C7
S214034AE80D46164607F0EAFF32462946204603F0E7
S214034AF820F8324629462046FFF7EFFFBDE8704008
S214034B0801F009BC704738B504460D4607F0D6FFD2
S214034B182946204603F00EF829462046FFF7F2FFFB
S214034B28BDE8384001F0F7BB704738B504460D4674
S214034B3807F0C4FF2946204602F0FDFF2946204613
S214034B48FFF7F2FFBDE8384001F0E5BB704710B544
S214034B58044607F0B3FF204602F0EEFF2046FFF7B1
S214034B68F5FFBDE8104001F0D6BB704710B5044604
S214034B7807F0A4FF204602F0E0FF2046FFF7F5FF04
S214034B88BDE8104001F0C7BB7047704770B50446D0
S214034B980D46164607F092FF32462946204602F08F
S214034BA8CFFF324629462046FFF7EFFFBDE87040A1
S214034BB801F0B1BB704710B5044607F07FFF2046E7
S214034BC802F0BFFF2046FFF7F5FFBDE8104001F0EF
S214034BD8A2BB704738B504460D4607F06FFF294653
S214034BE8204602F0AFFF29462046FFF7F2FFBDE84E
S214034BF8384001F090BB704770B504460D4616461C
S214034C0807F05CFF32462946204602F09DFF3246EF
S214034C1829462046FFF7EFFFBDE8704001F07BBB4F
S214034C2870472DE9F34104460D4616461F46DDF840
S214034C38208007F043FF3B46324629462046CDF8F8
S214034C48008002F082FF3B46324629462046CDF8CE
S214034C580080FFF7E5FF02B0BDE8F04101F05BBB5B
S214034C680E2070470E20704738B5044607F026FF17
S214034C782046FFF7F7FF0546204602F067FF204663
S214034C88FFF7EEFF01F047FB284638BD00207047C4
S214034C980020704738B5044607F010FF2046FFF794
S214034CA8F7FF0546204602F052FF2046FFF7EEFFC1
S214034CB801F031FB284638BD704708B507F0FEFEFD
S214034CC802F046FFFFF7F8FFBDE8084001F023BBF4
S214034CD8002070477047704708B5DCF7DDFE0028EC
S214034CE80CBF0420012008BD70470B68DA7B1AB98D
S214034CF8DB7C0BB9DCF7F4BE8120704708B5DCF71C
S214034D0807FFBDE80840DCF711BF7047DCF700BFB4
S214034D18DCF70CBF082808D84FF48B73C34013F08E
S214034D28010F0CBF21200020704721207047012166
S214034D38DCF7EEBF0221DCF7EBBF0421DCF7E8BFA4
S214034D480821DCF7E5BF1021DCF7E2BF08B500F061
S214034D5826F808B1002008BDDDF72AF80028F9D19F
S214034D68DDF738F80120F6E7152808B503D1BDE8BE
S214034D780840DDF723B801F089FE60B9E2F7F6FDCF
S214034D88032806D100F009F828B9BDE80840FFF75C
S214034D98DDBF0028EBD008BD704700207047002011
S214034DA8704708B5DDF7FCF9FA23B0FBF3F008BD46
S214034DB80321DDF725BA01207047D0E9023253F8FC
S214034DC822301878DDF724BC0868C37B1BB9C37C7C
S214034DD80BB9DDF74DBC81207047D0E9023253F892
S214034DE822301878DDF786BC704730B5054604468A
S214034DF815F8100B85B0029565691D44CDE90025A5
S214034E080B46A21D618801F023FE05B030BD70472E
S214034E1810B492F80A4192F8053103EB04230B8188
S214034E2800235DF8044B1A4601F010BE1FB504466E
S214034E38084671B12178FF290BD0238B0293636947
S214034E480193237C00936288A31DE3F757FAFF2395
S214034E58237004B010BD0868C37B73B9C37C032BE7
S214034E680BD8DFE803F002080406DDF743BFDDF7D7
S214034E7873BFDDF7A3BFDDF751BF812070477047C7
S214034E88704700207047137810B5032B0CD154795C
S214034E98CBB29C4208D19379B3EB112F04D1537844
S214034EA81B1A5842584110BD0020FCE77FB505463B
S214034EB80E4600246946E0B201F076FD28B96A4634
S214034EC831462846FFF7DFFF18B90134202CF1D105
S214034ED8002004B070BDFFF7E9BF0868C37B9BB921
S214034EE8C37C052B10D8DFE803F0030D070B090571
S214034EF8DEF708B8DEF744BADEF79EB8DEF7F0B991
S214034F08DEF76EB9DEF740B8812070470020704799
S214034F1830B5102587B001AA00210195FEF745FC98
S214034F2804462A46002102A8E8F79EFE2A4621469A
S214034F3802A8E8F7EBFE012102A8DEF7FFFB07B09D
S214034F4830BDDEF78DBB7047FFF7FDBF0B68DA7B16
S214034F585AB9DB7C012B04D0022B04D02BB9DFF71C
S214034F6811B8DFF71BB8DFF725B881207047002391
S214034F7807B5012101A80193D4F766FE08B9D4F74B
S214034F8857FC012003B05DF804FB08B502F030FABD
S214034F98052803D0003818BF012008BD0220FCE707
S214034FA87047D0E9023253F822301878003818BF11
S214034FB80120E0F77FBBE0F783BB002070470020A3
S214034FC870477047FF207047FF20704700207047E0
S214034FD80020704700207047704706207047DFF7A9
S214034FE827BE0868E0F700BB70B50D4604460021E7
S214034FF82846164601F074F93246208002212846D0
S21403500801F06EF9324660800421284601F065F9FE
S2140350180023A360E3606060082070BD034641B1C7
S21403502881424FF0640005D94343B3FBF1F0C0B2A5
S214035038704708467047E0F751BBE1F747B9E1F711
S2140350484FBAB0F5807F05D0A0F500735842584193
S214035058400170470820704730B599B00D46694639
S2140350681446E1F7A1F930B915B1BDF802302B6043
S2140350780CB10D9B236019B030BD2DE9F04788B0FD
S2140350880E46904604A905AA07461D46FFF7E4FF01
S214035098044638BB28800DF10C09DDE904A39A45BC
S2140350A820D2062251463846CDF8009006ABE1F7E3
S2140350B897F9D8B9039B062B18D12A88DDF81A3036
S2140350C842450ED2BDF8181026F832102A8806EB89
S2140350D8C20253602A885344013206332A80049353
S2140350E8DBE7F7D9204608B0BDE8F0870124F9E7DF
S2140350F82DE9F0438FB00F46904601A900220446D7
S2140351089946FFF7A9FF18B101200FB0BDE8F08351
S214035118062220460DF1020302A9FFF7AEFF002878
S214035128F2D105460246BDF80210019CEEB28E4245
S214035138EAD20EAB03EBC60656F82C3C36F8306CB0
S2140351480634BE4217BFE41801221346002201356F
S21403515822B1C8F80040C9F80030D6E71A46E5E792
S21403516870B50024012602F01DF9E5B2C26806FAF6
S21403517805F59542234604F10104F4D3D8B270BD6D
S21403518870B586B0E0F75EFF00F11006E6F7CAFAD8
S21403519800240546142201A9301902F00AF91CB99D
S2140351A89DF80430FF2B16D0002303F118026A4437
S2140351B812F8142CFF2A06D11C44601E90FBF5F047
S2140351C880B206B070BD2B44DBB2132BEDD9143472
S2140351D8B4F5826FDED14FF0FF30F2E7E0F768BD33
S2140351E807B504220DEB020102F0E3F8019803B0B9
S2140351F85DF804FB37B5054608460C46FFF7F0FF8F
S214035208A84206D0042220460DEB02010195E6F7D4
S214035218DBFA03B030BD07B50B4600920021024601
S2140352280120E0F7D7FD03B05DF804FB08B50121BC
S214035238E0F708FDBDE80840E6F772BCE1F746B8B4
S21403524808B5FFF7F3FF002008BD08B513460A465E
S21403525801461846E0F752FE80F00100C0B208BDCA
S21403526800207047704708B1E1F750B9704730B46B
S214035278DDE902451DB1029430BC00F0C6B930BC66
S21403528870471F2804D8142200F5A030DAF708B8A8
S21403529870471F2804D8142200F5A030DAF72CB874
S2140352A87047152808B505D1FFF7DCFFBDE80840A9
S2140352B8E1F772BA08BD10B5142486B02246002159
S2140352C801A8E8F7D1FC2023224601A94FF4A03011
S2140352D801F078FC06B010BD0020704713B5002314
S2140352E80C461A460146CDE90033E0B2E2F718F851
S2140352F802B010BD13B50023144601900122009393
S214035308E0B2E2F70DF802B010BDD0E9023253F866
S21403531822301868E2F77CB9194491420ADC42182D
S214035328002003B9704712F8011D013B01EB00206A
S214035338DBB2F6E7002070472DE9F04F4FF0000A7E
S21403534885B0019381460F4615465346019A117850
S2140353585FFA8AF2914203D8002005B0BDE8F08FC1
S214035368019909EB050801EB4202517892F802B05D
S21403537811F04004009101F03F061BD0AC19BC4263
S214035388D4BF0024012433466400A20740F1888072
S214035398009B1B0640F192800E9B324603EB0B00E4
S2140353A80021E8F761FC3D4600231D44ADB20AF12F
S2140353B8010ACBE7042E07D866B1B31E022B0BD817
S2140353C8DFE803F0122130003E2E37D03F2E5BD0A5
S2140353D83D2E4BD00320C0E7BD4234BF0024012432
S2140353E8012664003346D0E7AB1CBB4250DC0223DD
S2140353F83A4629464846FFF78FFFADF80A000223C8
S2140354080DF10A08C1E7EB1CBB4243DC03233A460B
S21403541829464846FFF780FF0390042603230DF129
S2140354280C08B2E72B1DBB4236DC04233A46294652
S2140354384846FFF771FF03900423F0E77A1E954268
S2140354482CDA02233A4629464846FFF765FF4FF605
S214035458FF7380B298420EBF0223023083B25C19F0
S214035468A742B4BF0324012404268EE7BD4215D2FF
S21403547898F80030FF2B0CBF01230133EC18BC420D
S214035488CCBF03240124EFE70124042600237CE78A
S2140354983446B4E70224C0E70224CDE70324E3E74F
S2140354A80E9A02EB0B0014B142F80B807DE73246E6
S2140354B841460093E8F768FD009B76E702204CE731
S2140354C810B5144686B018811A460A9B0291CDE990
S2140354D8034301230193099B014600930320BDF868
S2140354E82030E2F759F906B010BD1FB50024029420
S2140354F8079C0194BDF818400094FFF7E1FF04B039
S21403550810BD2DE9F0410E461746054686B098B3FA
S21403551891B38AB34FF0000802A95FFA88F001F046
S21403552843FA044640B99DF80830032B08D008F11F
S2140355380108B8F1200FEFD1204606B0BDE8F08188
S2140355489DF809202B799A42F1D1BDF80A206B8879
S2140355589A42ECD19DF80C30BDF80D006B7128818A
S2140355682B4622464FF6FF71CDE90067FFF7BDFFCE
S2140355780028DCD00446DFE72124DDE710B586B033
S2140355880A9C04949DF824400394BDF82040029492
S2140355980124CDE9003413460A4601460620E2F7FD
S2140355A8FBF806B010BD1FB5044608461946002387
S2140355B80094CDE90123079BBDF81820FFF7DEFF0B
S2140355C804B010BDF0B5022805460E4614461F461D
S2140355D88BB00AD106A9F0B201F0E6F998B99DF89E
S2140355E8193023719DF81C306371119B224604936E
S2140355F80023CDE902330193109B314600932846D6
S2140356083B46E2F7C9F80BB0F0BD13B50024019486
S214035618049C0094FFF7D6FF02B010BD2DE9F045B1
S2140356280646884614469A46002701258BB006A9DF
S214035638F8B201F0B9F920BB9DF81830012B19D13F
S2140356489DF8192033799A4214D1BDF81A20738825
S2140356589A420FD19DF81C3032467371B9B2CDE920
S214035668030ACDE90100434602200094E2F794F8C2
S214035678054610B90137202FD9D128460BB0BDE807
S214035688F0850546F9E70023FFF7C8BF10B50446BB
S214035698E2F760FE0021631E04F10F0213F8010F00
S2140356A8FF2808BF19709342F8D10023237410BD4E
S2140356B80020704770B506461D46E2F7BFFC044651
S2140356C808B9212070BD3046E2F786FF0028F8D0D7
S2140356D8A0682A46FF21FFF75EF89DF810300020E1
S2140356E863719DF81430A371ECE713B59DF8104069
S2140356F8CDE9003413460122FFF7DCFF02B010BDE4
S21403570808B5E2F79BFC28B18068FF21FFF754F839
S214035718002008BD2120FCE70122FFF7F1BF1FB5D3
S2140357280B466A460146184601F034F96A460823CA
S214035738002032F8021B013B13F0FF0380EA010046
S214035748F7D1012838BF012080B205B05DF804FB05
S2140357582DE9F04F87B0DDE9109B05468846484695
S21403576819461F461446BDF848609DF84CA0FFF737
S214035778D6FF042D0346ABF800001AD8022D1DD910
S214035788042D07D04FF2F222A188914222D1E28853
S21403579891071FD5E17A0022CDE901372046334623
S2140357A8CDE90392CDF800A001F043F907B0BDE8B0
S2140357B8F08F6A1F012A11D92120F7E700224146F4
S2140357C8CDE9119228462246109707B0BDE8F04F58
S2140357D801F03EB94FF6FF760C21DCE7052D0ED116
S2140357E80023E17A0022CDE90137CDE9039200913F
S2140357F8234652464146304601F00EF9D6E74FF2A5
S214035808F222A188914204D1E288920701D5E17A6F
S214035818E8E74FF6FF760C21E4E7F0B585B00546D2
S214035828E2F7CCF848B16B88B3F5006F05D1681D6D
S21403583805B0BDE8F04000F0EEBC284600F004FDD5
S2140358480446C8B9E7B26946384601F0ADF878B9F0
S2140358589DF8006066B92946384601F0A9F820B1D4
S21403586840F60443984207D08C26304605B0F0BD70
S2140358780134202CE6D1F7E78D26F6E7E2F784BA5B
S2140358882DE9FF4704460D460146184617461E46A9
S214035898BDF830809DF83490DDF838A0DDF76AF857
S2140358A8D0B92146284601F021F933463A46294617
S2140358B82046CDE9019ACDF80080E2F709FB334686
S2140358C83A4629462046CDE90D9ACDF8308004B0ED
S2140358D8BDE8F04702F009B904B0BDE8F087E2F77F
S2140358E8A1BCE2F759BCE2F77DBC10B5044601F04B
S2140358F809F9082201462046BDE81040E8F706BA2B
S21403590801F002B9002101F0FFB801F011B9002037
S214035918704720207047EFF7E1BEEFF72BBFF2F78B
S214035928D5B97047E2F7CABD70B506460C461546A4
S21403593800F04CF850B13CB135B1204600F0D6FC27
S214035948013080B2A84200D9002070BD304600F06E
S21403595843F840B1002CF7D0012DF5D9204600F0C6
S214035968CAFC0230EDE73046E2F708FDEAE7F8B589
S214035978BDF8185010B3967855B9D478A6F14107F0
S214035988012F07D8621ED2B200F0CFFD0020F8BD63
S2140359982C46F3E7433E012E04D8A21E92B200F02B
S2140359A8DCFDF3E7D27813B90DB1AA4206D811B9CC
S2140359B8E8F75AF9EAE7E8F7A9F9E7E78920E6E70F
S2140359C8413803288CBF002001207047413801283E
S2140359D88CBF002001207047433801288CBF002065
S2140359E80120704700207047002070470388B3F5EE
S2140359F87C4F01D3FFF7F8BF0846FFF7F3BF10B590
S214035A084A880488A2420DD1037B0C79234009D027
S214035A18B2F57C4F08D3FFF7E7FF0B891B1A5842EA
S214035A28584110BD0020FCE70120FAE738B50D8879
S214035A38D488A5420AD10388B3F57C4F08D2FFF76A
S214035A48D5FF13891B1A5842584138BD0020FCE776
S214035A580120FAE72DE9F04715460446B8B149B1DF
S214035A68EAB100264FF0140AB04690F80490F3B251
S214035A78994501D800240AE027680AFB06773846C2
S214035A88FFF7BDFF013628B13C46A5F8008020463F
S214035A98BDE8F0877B8943441FFA83F8E7E7144693
S214035AA8F5E72DE9F0470E4615460446B8B149B161
S214035AB812B300274FF00C0AB846B0F80890BBB2EA
S214035AC8994501D800240AE06368324620460AFB53
S214035AD80731FFF7ABFF28B10C46A5F80080204630
S214035AE8BDE8F0870B79013713F0300F02BFCB7888
S214035AF843441FFA83F8E2E71446F0E72DE9F0413A
S214035B0886B00D461446984604AA05AB03A906466E
S214035B18E2F70AFD40B30DB1049B2B6034B3049D32
S214035B2803982946FFF762FF2B88074602467188C3
S214035B38307800F04FFBD8B1297911F010030BD059
S214035B48EB782A46CDE900433B4671883078FCF764
S214035B585FFC06B0BDE8F0812A4620460599CDF8D5
S214035B680080FFF704FFF4E78620F2E72046F0E715
S214035B787E20EEE71FB51C460023ADF80A20BDF8C5
S214035B8818208DF80400ADF80610ADF80C20694609
S214035B981A4601A800938DF80840FFF7AFFF009850
S214035BA804B010BDF0B587B00E4605AB04AA03A92A
S214035BB80446E2F7B9FC08B3049D03982946FFF7A1
S214035BC815FF2B88074602466188207800F004FBF9
S214035BD8B0B1297911F0100108D000963B462A4641
S214035BE861882078D2F7B0FA07B0F0BD0091012398
S214035BF82A4631460598FFF7BAFEF5E78620F3E707
S214035C087E20F1E72DE9F041064600254FF01408FB
S214035C180779E8B2874201D800241AE008FB05F0A2
S214035C28D6F800C00CEB00043CF8000081421AD1F9
S214035C3832B1802A10D194F90CC0BCF1000F12DAE5
S214035C48B0F57C4F05D32046FFF7CEFE834200D03F
S214035C584BB92046BDE8F081402A04D194F80CC01D
S214035C681CF0400FECD10135D3E70121E2F798BBCE
S214035C7808B513460022E2F7C1FC003818BF012016
S214035C8808BD08B513464022E2F7B8FC003818BF2B
S214035C98012008BD08B513468022E2F7AFFC00389A
S214035CA818BF012008BD08B540220023E2F7A6FC6A
S214035CB8003818BF012008BD08B580220023E2F784
S214035CC89DFC003818BF012008BD0023E2F796BCE8
S214035CD80021E2F703BD10B504460121E2F7FEFCF6
S214035CE82046BDE8104001F034BF7047F8B51646A5
S214035CF81F469DF81820BDF81C300546E2F77EFCC3
S214035D0878B10421E2F768FD044650B1284600F04E
S214035D180EFB3A4631462846A047BDE8F84000F051
S214035D28FABAF8BD2DE9F74F1E46DDE90C9B074680
S214035D3888461446BDF838302AB3B9F1000F22D086
S214035D480EB392F804A099F80020504612F0080FF4
S214035D580CBF802240226188E2F750FC98B10821E4
S214035D68E2F73AFD054670B1504600F0E0FA3346CE
S214035D78224641463846CDE9009BA84703B0BDE80E
S214035D88F04F00F0C8BA03B0BDE8F08FF8B5BDF819
S214035D98187016461A463B460446E2F72FFCE0B14F
S214035DA877B90221E2F718FD0546B0B1204600F0A0
S214035DB8BEFA31462046A847BDE8F84000F0ABBA1D
S214035DC81021E2F709FD054638B1204600F0AFFA80
S214035DD83A4631462046A847EEE7F8BD73B5BDF800
S214035DE8184016461A4623460546E2F707FCB8B196
S214035DF8C4B92021E2F7F0FC044670B1284600F047
S214035E0896FA099B3146009328469DF820309DF85C
S214035E181C20A047044600F07EFA204602B070BD58
S214035E288624FAE70024F8E72DE9F0418668044655
S214035E38007800F07CFA002514273279EBB29A42F0
S214035E4803D8BDE8F04100F066BA7B433268207891
S214035E58D15A02EB030800F0C1F901214046E2F7E4
S214035E68BBFC034608B1207898470135E5E72DE9DA
S214035E78F04F1C4689B09DF84C30BDF84880019316
S214035E889DF85030924602932246434607460D46EF
S214035E98E2F7B4FB8DF814700646ADF816508DF885
S214035EA81840ADF81AA0ADF81C8018B9012009B03F
S214035EB8BDE8F08F05A9FFF7A2FD0028F6D0002558
S214035EC82F46A8462C4634E00C231FFA85F903FB15
S214035ED809F931887368B1F57C4F33F8092003EB69
S214035EE8090B1AD333F8090050452CD3019BA34258
S214035EF82DD900F0B8F99BF80200E3F719F9029BCD
S214035F0843B19BF8043013F0010F0CBF052007209C
S214035F18E3F70EF90134A4B219E0ADF81A2059468E
S214035F28304605AA0393FFF781FD039B0028D9D1C2
S214035F3801353289ABB29A42C6D804EB0800C31BB4
S214035F4858425841B3E708F101081FFA88F80137A1
S214035F58BFB2EDE710B5012488B006949DF83C401F
S214035F6805949DF8384004949DF8344003949DF8AE
S214035F78304002940B9C0194BDF828400094E2F745
S214035F886FFD08B010BD2DE9F04786B0BDF8388020
S214035F98DDF83C909DF840A0CDF80080CDE9019A45
S214035FA804460D4616461F4600F012F9B8B1431EBE
S214035FB8DBB2012B10D800230122811E4842484138
S214035FC8CDE90432CDE902A03B46324629462046AF
S214035FD8CDE90089FFF7BEFF06B0BDE8F0870120CC
S214035FE8FAE730B50024012587B0CDE904450395C3
S214035FF89DF82C5002950A9DCDE90045FFF7AAFFA8
S21403600807B030BD30B50024012587B0CDE9044577
S21403601803959DF828500094CDE901354023FFF7F2
S21403602899FF07B030BD10B5012486B0CDE9044406
S214036038002403949DF828400294099C0194BDF813
S21403604820400094FFF786FF06B010BD1FB5089CD6
S21403605803949DF81C400294069C01940024009423
S214036068E2F7FAFD04B010BD70472DE9F84F022990
S214036078074688460C9D04D84FF0000A5046BDE8EC
S214036088F88F1BB10429F7D942F004023A702BB3F0
S21403609803247B701B0ABB70E4F7F4F84FF000097F
S2140360A89DF82830385504F1020A01343B550B9AFB
S2140360B85FFA89F3D45C002CE0D0732C10D82E46F4
S2140360C84C2C56F804BB3DD0532C15D0622C45D126
S2140360D8AC8805F1080600231A4616E00124DBE718
S2140360E8A4F17503032BC7D8763C2E1D022C52D871
S2140360F8DFE804F0565A58006A6805F1080694B2B1
S214036108D2B2B2F1FF0318BF01230AEB0401194404
S2140361188845B1DB50461946002947D153441FFA30
S21403612883FA5CB1BBF1000FA6D0224607EB0A0040
S2140361385946E7F729FF54441FFA84FA354609F106
S2140361480109B4E74FF6FF736A6805F1080694B2C7
S21403615822469C4214BF02230023D6E76C2C05D1A3
S214036168584600F0C8F8841CA4B2B4E7732C04D1CC
S214036178584600F0BBF8441CF6E7A4F13003DAB23D
S214036188092A01D89CB2A6E7A4F14103062B3FF6D9
S21403619873AF373CE8E7012300242A68A346B4E72D
S2140361A80223F9E70323F7E70423F5E700F1010CD5
S2140361B801393A54C9B2120A1FFA8CF0ACE7002028
S2140361C8E2F73EBF0022E2F75BBF0023E2F76EBFAB
S2140361D80120704701207047012070477047002050
S2140361E87047002070470020704700207047002043
S2140361F870470020704770470E207047002070478E
S2140362080020704700207047002070477047FF2023
S21403621870470E20704784207047704700207047E9
S2140362287047002070470020704700207047002002
S214036238704700207047002070470020704770475B
S2140362480E207047002070470020704700207047D4
S214036258704770470E2070477047002070478120AC
S21403626870477047704738B50546C0B2E2F760FF17
S2140362780446280AE2F75CFF14B1002808BF002486
S214036288204638BDF8B50546C0B2E2F751FF0446C6
S214036298C5F30720E2F74CFF0746C5F30740E2F7C6
S2140362A847FF0646280EE2F743FF24B12FB136B15F
S2140362B8002808BF00242046F8BD3C46FBE73446C2
S2140362C8F9E710B4CC18944203DC5DF8044BFFF7E7
S2140362D823B800205DF8044B70470423FFF7F1BF8B
S2140362E808B50223FFF7EDFF80B208BD0078FF2844
S2140362F808BF0020704708B502220021FFF7F0FF09
S2140363084FF6FF73984208BF002008BD003818BF31
S2140363180120400070470020704708B5FFF7A5FC2A
S214036328FF284FF0FF3018BF0020C0B208BD08B5DD
S214036338FFF7F3FFFF280CBF2120002008BDF8B5A0
S21403634806460C4615461F4600F011F810B12544BC
S214036358AC4200D1F8BD3946304614F8012BE2F7B3
S214036368D9FFF5E7014600220220E2F763BF0120C2
S214036378704737B50546E1F7EDF9044601950CB9BC
S21403638881201CE0237823B12046E1F7EBF9044685
S214036398F5E72B6862685B889A42F5D1A368EA7BBF
S2140363A899B272B12A8A9142EED16A7DB2EB134F43
S2140363B8EAD10020E36801A998478128E4D003B00E
S2140363C830BD4FF6FF72EEE72DE9F84304460F4655
S2140363D8904699460BB3012A1FD80C20E7F74AFEC6
S2140363E8064610B91920BDE8F8831020E7F742FEE1
S2140363F818B93046E7F746FEF4E70123002547EACF
S214036408084770600570C0F80C9044608760338056
S2140364183046E1F797F92846E5E72120E3E738B55C
S2140364280446436808460D469847B4F90830002BD7
S21403643802DB2B78042B06D1002320466360BDE8D5
S2140364483840E3F7F9BA38BD30B54FF48A5587B004
S214036458ADF816200DF116041A46029543B100232B
S2140364680122CDE90033234600F01EFA07B030BDFB
S214036478019401240094F7E7FFF7EBBEFFF7BEBECF
S2140364880020704708B500F001FB20B900F048FB70
S21403649808B9E0F74FFBFFF7D2FEBDE80840FFF761
S2140364A8DBBE0020E3F730BF0021E3F7CDBF0022B1
S2140364B8E3F78CBF1FB5D2880B4612F0200F4FF6B2
S2140364C8FD7114BF49245224ADF80610510544BF84
S2140364D8083CE4B2110544BF083CE4B2120444BFC6
S2140364E8023CE4B2032805D8DFE800F0020F161CC6
S2140364F8ADF80630BDF80600FFF789FEFF281CBF77
S214036508241AE4B2204604B010BD02AA0DF106010F
S214036518D8B200F079FAEDE7D8B200F047FAADF84A
S2140365280600E7E7013CE4B2E4E7F8B50646174693
S2140365380D4681B10C78FF2C0BD00846FFF7D6FE24
S214036548B84228BF3846C4B22246691C701CE7F70F
S214036558DDFB3470F8BD0C46FBE770B504461546FC
S2140365680E4611B94170017070BD0B78FF2B05D12B
S2140365784B78FF2B02D103704370F5E73046FFF7DD
S214036588BAFEA84228BF284685B22A46B11CA01CD4
S214036598E7F7BCFB25702D0A6570E5E7F0B523B968
S2140365A8013A531C2FD1002020E0042AFBD80023ED
S2140365B81C46551E6E1C1AD1042A10D00121D2007F
S2140365C8501E01FA00F020421EBF914049420C4378
S2140365D818421EBF4FF0FF3101FA02F213439C42E2
S2140365E81EDCB4BF4FF0FF30002040B2F0BD40B110
S2140365F8465DEF00BE4034434E5D013DBE40334327
S214036608D8E70646F5E78C5C38B90346A34202F199
S214036618FF32C6D24FF0FF30E8E7835CA342F5D9D2
S2140366280120E3E7283807288CBF0020012070479D
S2140366381D2810D004D840B11C2804D05520704714
S2140366481E380128FAD81A2901E00B390F298CBFFE
S2140366585520002070470829F9E7002000217047D5
S214036668F7B59DF820400546082C104619469DF8B0
S214036678246036D8002213462C44AC4208D106F0D0
S214036688FD04382C0ED10096FFF7E7FF03B0F0BDE4
S21403669814F8017D1B0243EA12631202BA1843F187
S2140366A80003EAE7392E10D107EE100A07EE902A00
S2140366B8B4EEE77AF1EE10FACCBF77EE677A77EEA8
S2140366C8C77A002117EE900AE0E7824273EB0104CB
S2140366D803D2801A61EB0301D8E7101A63EB0101B2
S2140366E8D4E700200146D1E738B5C36814461944F1
S2140366F8836853F821501AB12846E7F7B1F9207092
S214036708284638BD2DE9F3411C4616460DF1070207
S2140367189DF82050FFF7E8FF9DF807308046A34210
S21403672888BF8DF807409DF807700DB1E41BE5B2E6
S2140367382A4600213046E7F797FA3A464146701943
S214036748E7F7E4FA384602B0BDE8F0812DE9F341ED
S2140367581D46164601AA9DF82040FDF726F8019B1C
S21403676880469D4238BF0195019F04B1EC1B224623
S21403677800213046E7F778FA3A4641463019E7F7F4
S214036788C5FAF8B202B0BDE8F08173B50024154621
S21403679801AA1E460194FDF708F8019B072B0AD9A0
S2140367A82146CCB216B1C4F10704E4B2425C013107
S2140367B808292A55F5D1D8B202B070BD1FB5030A09
S2140367C88DF80E300323009303AB8DF80D0000F00D
S2140367D8BBF805B05DF804FB1FB58DF80F10042150
S2140367E8030A8DF80E30009103AB8DF80D0000F008
S2140367F8ABF805B05DF804FBF0B589B016689DF8EC
S2140368083C50CDF809608DF811305668BDF838301D
S214036818012D109FBDF84440CDF80D60ADF8123039
S2140368288DF8145014D0032D19D13B68CDF81530C4
S2140368387B68CDF819309DF848308DF81D3016233F
S2140368480093BDF84C2002AB00F07EF809B0F0BD0B
S2140368588DF81540240A0F238DF81640F0E701201B
S214036868F4E71FB50446084611461A4602238DF870
S2140368780D100093214603AB00F066F804B010BD74
S21403688810B514461A460B6886B0CDF80D304B681B
S2140368983421CDF811300A23009303AB8DF8154045
S2140368A800F052F806B010BD2DE9F041B6B0144614
S2140368B81D4606460F469DF8F080E3F7E9FF03AA50
S2140368C88DF80C001046330A8DF80F703F0A8DF8C2
S2140368D80E308DF80D602B468DF810708DF811402C
S2140368E805EB4405AB4202F102021FD16200D2B2A5
S2140368F8931DDBB23D99D8336B44073203F8CC8C2F
S21403690801EB4805D3B250FA82F2A94202F1020219
S21403691812D103EB4803009006213046BDF8F82051
S214036928DBB2E3F7BFFF36B0BDE8F08133F8021BEE
S2140369381171090A5171D5E731F8024B02F8024C76
S214036948240A02F8014CE0E72DE9F0411C46054607
S2140369580E4617469DF81880E3F79AFF20704346BD
S2140369683A46314628460694BDE8F041E3F79ABF0F
S214036978002070477047D7F7DDBF704770477047EA
S214036988704770470020704770477047002070476D
S2140369987047704703F00BB8FEF774B8FEF757B89E
S2140369A803F04EBBF8F7E8BA03F03BBBF8F7A2BA16
S2140369B8F8F70ABBF8F7C4BAFEF71EB9FEF76DB8C0
S2140369C8FEF77AB8F4F73CBDF4F740BDF3F7A0BC7E
S2140369D8F2F7C2BDF2F7C6BDEFF79ABAFEF7B7B835
S2140369E8FEF77CB8FDF718BFFEF79FB8FEF78BB81F
S2140369F830B4BDF808409DF80C50CDE9024530BCCC
S214036A08FDF729BFFDF796BFF8F750BCE3F79ABF23
S214036A18F8F716BDF7F762BB70B49DF80C40BDF8DF
S214036A2810509DF814600394CDE9045670BCF5F72E
S214036A3867BB70B49DF80C40BDF810509DF8146001
S214036A480394CDE9045670BCF5F79ABBF5F784BCF6
S214036A5810B49DF8044001945DF8044BF5F7D4BBD5
S214036A6810B49DF8044001945DF8044B02F090B806
S214036A7802F090B8FDF7A2BFFDF7B2BFFDF7C5BF9A
S214036A88F1F7D2BAF2F714B9F2F7E6B8F1F7F8B8AD
S214036A9802F0BCBBF1F79CBC02F0FEBBF1F7FCBDF1
S214036AA8F1F7CEB9F2F70AB9F2F78CB8F2F7A2B84B
S214036AB8EFF7E2BFFEF7B5B8FEF768B8FEF77BB8A0
S214036AC8FEF788B800F00BBC00F004BCF7F73CBB35
S214036AD8F5F746B9F7F716BBF7F73CBCF5F710B961
S214036AE8EFF702BAF6F732BDFFF745BFFBF728B84C
S214036AF8FEF7E3B8FDF753BFFEF738B801F01EBE3E
S214036B08E3F77EBEEFF7B4BDEFF7AEBA02F0B8B858
S214036B1802F088B8EFF7FCBAEFF73ABDEFF73EBDD9
S214036B28EFF76ABAE3F788BEE3F79ABEE3F772BEEF
S214036B38EFF718BAE3F778BEF9F7DAB902F070B8E0
S214036B4802F037B8EFF714BAEFF77CBDEFF75CBA85
S214036B58E3F716BFE3F70EBFF8F7CEBFF9F7BAB9F0
S214036B6803F07ABB03F080BBF9F73EB8F9F7BAB976
S214036B7800F063B900F0A1B900F0C9B900F0A0BAF3
S214036B8800F010BB00F079BAE4F7F0BB00F0E6B902
S214036B9800F013BA00F026B810B51C4601F0DFFE65
S214036BA805F0C5FF0023C0F340202370400010BD46
S214036BB8002208B50B461146FFF7EEFF023818BF4A
S214036BC8012008BD002070477047002070477047B3
S214036BD80020704770470E207047012070477047A3
S214036BE80120704714220021E7F73EB8704770B5B6
S214036BF805460C468AB0252200210DF10300E7F767
S214036C0833F86B68CDF81D30AB68CDF821302346D2
S214036C1801AC03F11006224618685968083303C204
S214036C28B3421446F7D101236A7B8DF8023012F07B
S214036C38040F0CBF4FF480734FF4A073110748BFBB
S214036C4843F48063ADF80030930748BFBDF80030BF
S214036C58684644BF43F00803ADF80030F4F78AFDEE
S214036C680AB070BD30B5427B0D46D10704468BB0DB
S214036C7807D5407801A9F4F7E3FDD8B12D200BB06A
S214036C8830BD9307FAD5C2F3800310074FEA831380
S214036C98ADF8023044BF43F48063ADF80230BDF864
S214036CA80220201D0AB10DF1020201A902F09CFE82
S214036CB80028E3D001AB03CB9DF81430A1602373FF
S214036CC8BDF810306060590642BF627B42F004028A
S214036CD862735A0542BF627B42F0080262731B075F
S214036CE842BF637B43F0020363732B4606AC0AADCD
S214036CF8224603CAAA4218605960144603F10803D9
S214036D08F6D10020BBE7F0B504460D4693B025221E
S214036D1800210DF12300E6F7A7FF636804F1040CCE
S214036D28CDF83D30A36809AECDF841302B4605F1C2
S214036D381007324618685968083303C2BB4216461A
S214036D48F7D105238DF82230637B5B0103F40073C8
S214036D58ADF820306378FF2B1AD1002360461A4615
S214036D6801A900F0CAF99DF80530FF2B0DD10023C1
S214036D7801A91A46184600F0C0F99DF80530FF2BFE
S214036D8803D11C26304613B0F0BD9DF8053063705A
S214036D980020617808AA00F09BFA06460028F1D17D
S214036DA8607801A900F02FFA2B4603AD2A46186827
S214036DB85968083303C2BB421546F7D1637B60782C
S214036DC8DB0648BF9DF81C3001A944BF63F07F0368
S214036DD88DF81C3000F02EFAD4E710B504468AB0B6
S214036DE82422002101A8E6F73FFF637B590744BF27
S214036DF84022ADF810201A0742BFBDF8102042F40F
S214036E088062ADF81020DB070FD5607801A9F4F788
S214036E1817FD10B12D200AB010BD01AB03CB637B61
S214036E28606043F00203A160637304A9201D02F0A7
S214036E38DDFD0028EED00020EDE71FB5694600F01B
S214036E4866F8002818BF2D2005B05DF804FB73B557
S214036E580D4614460646E3F7B7FE6B881A071AD597
S214036E6822463146102002F0A2FD2046E3F7ACFE88
S214036E786B88D90717D50023224601210DF1070091
S214036E888DF80730E4F76CF96B88002B0CBF2120CC
S214036E98002002B070BDDE06EAD522460821281D6A
S214036EA8E4F75EF9E1E79A0701D50223E4E75B070F
S214036EB8EAD50323E0E70F2070471FB50C4669465B
S214036EC800F025F8102221466846E7F719FAB0FAC3
S214036ED880F0400904B010BDB8B1B1B14388A3B976
S214036EE80378013B082B10D8DFE803F00507090BE6
S214036EF80F0F0F0F0D00E4F735B8E4F78FB8FFF759
S214036F0876BEFFF700BFE4F71DBA2120704738B5F1
S214036F180D4609B300B30378013B082B1AD8DFE8FC
S214036F2803F0050D1013191919191600E4F752F88A
S214036F380446284602F03BFF204638BDE4F78EF8A1
S214036F48F6E7FFF78FFEF3E7E4F7BEF8F0E7E4F7B4
S214036F5803FAEDE72124ECE72124EDE770B586B0C4
S214036F68064601A80C461546FFF73CFE04238DF893
S214036F7804301CB12068616802AB03C3294601A824
S214036F888DF80560FFF7A8FF06B070BD70B586B02C
S214036F98044601A80D461646FFF724FE0323206879
S214036FA861688DF8043002AB8DF8116003C3294677
S214036FB801A8FFF791FF06B070BD0022FFF7E6BFF2
S214036FC830B5437B044613F001020D468BB007D059
S214036FD8407801A9F4F734FC70B12D200BB030BD0E
S214036FE89B07FAD5ADF8022001A90DF10202043079
S214036FF802F0FAFC0028F0D000210E22A81CE6F7BF
S21403700833FEBDF810302B80039BAB60BDF81230FF
S214037018AB819DF81430237301AB03CB6060A1608A
S2140370280020DBE770B5437B0446DB070E468AB0D1
S21403703803D42D2528460AB070BD6946407800F06B
S21403704845F905460028F4D1DDF81D300E226360A5
S214037058DDF821300146A360637BB01C43F00203CE
S2140370686373E6F701FEBDF80030069A43F004039F
S2140370783380059BB2607360DCE70B4610B50446A5
S214037088102200211846E6F7EFFD2278032A09D0D6
S214037098042A0DD0022A11D101462046BDE8104025
S2140370A8E4F7C0B901462046BDE81040FFF788BF9D
S2140370B801462046BDE81040FFF7B4BF262010BDA2
S2140370C8F8B5074608460C4616461D46FFF78AFDDA
S2140370D804232370637B314643F00103204667701D
S2140370E86373FFF714FF08B12D20F8BD2946204621
S2140370F8FFF7C3FF0028F8D0F6E7F8B505460846B5
S2140371080C461F461646FFF76DFD0423237025B16C
S21403711808222946E018E6F7F9FD637B43F00203E5
S21403712863734EB932460121284600F0DAF8FF2881
S214037138607007D12D20F8BD31462046FFF7E7FEDD
S2140371480028F7D1637B43F0010363730DB900206E
S214037158F1E7002FFBD039462046FFF78EFFF6E708
S214037168F8B50C460746084616461D46FFF73AFD89
S21403717803232046394600F8043B0822E6F7C6FDF3
S214037188637B314643F0020320466373FFF7BFFE73
S21403719808B12D20F8BD29462046FFF76EFF0028C4
S2140371A8F8D0F6E7F8B5074608460C4616461D46D1
S2140371B8FFF718FD03232370637B314643F001036F
S2140371C8204667706373FFF7A2FE08B12D20F8BD4B
S2140371D829462046FFF751FF0028F8D0F6E718B1EE
S2140371E88022012100F07DB8FF207047002307B5F1
S2140371F81A4619460093F6F725F8B0FA80F04009C0
S21403720803B05DF804FB0B4610B519220446FF21AC
S2140372181846E6F729FD7E2C01468CBF04F5C430D4
S21403722804F583304FF01902BDE8104088BFAD302F
S214037238D8F736B87E2888BF00F5C4304FF0190251
S21403724894BF00F58330AD30D8F756B830B589B05B
S2140372580D46FFF7C4FFFF2804460DD001A9FFF724
S214037268D2FF2868696801AB03C3204601A9FFF764
S214037278E1FF002009B030BD2D20FBE770477047BB
S2140372880020704770470F2070470F207047002074
S21403729870470F207047002070470020704784B05F
S2140372A88DE80F00002004B0704770477047002031
S2140372B870477047002070477047002070470120CA
S2140372C87047704700207047012070470E207047AC
S2140372D80E2070470E2070470020704770470E2018
S2140372E87047FF2070477047704700207047704705
S2140372F8704770470020704770470020704700208B
S214037308704700207047704770470020704700207A
S214037318704770470020704700207047704700206A
S214037328704710B50024E3B210B9C3F10303DBB208
S2140373380134042CCA544FEA1222F4D110BD10B5F6
S2140373480B784C788A78C97828B9104622460446BA
S21403735808461946034642EA012043EA042343EA59
S214037368004010BD7047E4F711B908B5D2F7AAFB79
S214037378002814BF8620002008BD08B5D2F772FD82
S214037388003818BF012008BD08B5D2F72BFD003812
S21403739818BF012008BD08B5D2F7B0FD003818BFDE
S2140373A8012008BD08B5E4F7D1F9BDE80840E4F7BD
S2140373B87FB970B504460D461646E4F7C7F90420A8
S2140373C8E4F768F9324629462046FFF7DDFF044608
S2140373D80220E4F75FF9204670BD08B5E4F7B6F96E
S2140373E8BDE80840D2F7E2BCE4F7E8BCE4F7C8BC5B
S2140373F808B5E4F7C5FC20B1BDE808400020E4F76B
S214037408FDBD112008BD08B5E4F7DAFEE4F7E0FE93
S214037418E4F7E8FEBDE80840E4F7F8BE10B504460E
S21403742822F07042103060602160A26039B1A26811
S21403743803F070431343A360029BE36010BDA36885
S21403744843F08043F7E701234360C36843F0200310
S214037458C360836843F000538360704737B51546A7
S2140374684A6804463AB18C680093096845EA0403F7
S214037478FFF7D4FF0446204603B030BD2DE9F04F8E
S214037488D3B0CDE90123DDE960850023039004200A
S21403749803ACCDE9050307C907AB83E80700214614
S2140374A818465D9E0494E4F7C9FE0746002840F094
S2140374B8BA805C9A0AAB07CA83E80700494201F018
S2140374C80F0900215E9B5F9A5B6852680D9113440F
S2140374D85B4203F00F0AD8F8043012915B4200931C
S2140374E8B368DA0048BF73684FF0100242BF03332D
S2140374F823F003037360AB68DB0041BF6B68033399
S21403750823F003036B605E9BD3F804B05F9B5C6851
S2140375180BEB04035344CDE90E3173685B4203F067
S2140375280F03CDE910136B685B4203F00F03CDE935
S214037538131316AB18461591E6F796FB5C9A516833
S21403754851B9D8F804100C4354EA0B0401BF1022AF
S2140375589146CDE90B240A9011234FF0005204A953
S21403756832A8FFF77BFF40F611034FF0005207A936
S214037578FFF774FF42F611034FF000520299FFF724
S2140375886DFF44F611034FF000520199FFF766FFAB
S214037598412300225E99FFF761FF4FEA0A234FF063
S2140375A800525F9943F04103FFF758FF4FEA092358
S2140375B84FF0005243F001030AA9FFF74FFF009B61
S2140375C84FF000521B0203F47063414643F0010375
S2140375D8FFF744FF1038FFF736FF00230DA91A46B6
S2140375E81AA8FFF73BFF002331461A46FFF736FF74
S2140375F8002310A91A46FFF731FF002329461A4627
S214037608FFF72CFF002313A91A46FFF727FF0023CB
S21403761862991A46FFF722FF1038FFF714FF1AA9D4
S21403762832A8FFF7F0FE384653B0BDE8F08F10B522
S214037638044608B1E4F7E4FE2046BDE81040FCF72C
S214037648B4BE10B50446006A10B1616AFFF7EFFFCF
S2140376580020C4E9080010BD38B50546FFF7F1FF5A
S2140376682B7E0446012B0ED0023B012B0ED8EB696A
S214037678012B18BF6FF09604282200212846E6F748
S214037688F3FA204638BDEB69002BF2E76FF0960451
S214037698F2E718220021E6F7E7BA70472DE9F84F14
S2140376A89846DDE90B490D9B15469A0706460F468D
S2140376B823D02A460A9B03EB040A1444A24220D189
S2140376C80D9B9B0705D5A2EB050AD14505EB0A04D6
S2140376D820D82046BDE8F88F434639462020B047D1
S2140376E80AF1010ACA450AEB0B02F5D3A9EB040211
S2140376F84C4588BF00222A44DCE7A246A5EB040BC8
S214037708F0E702F1010B434639461AF8010DB04774
S2140377185A46D3E74346224639462020B0470AF15D
S214037728010AD2E72DE9F047DDE90D7616F0020FD8
S2140377389DF82880DDE90854DDE90BCE1FD106F055
S21403774801094FB1B9F1000F06D0B8F1000F02D105
S21403775816F00C0F00D0013F4FF0300A04E0202C3F
S21403776804D005F804A001347445F8D3B9F1000F22
S21403777805D04FF03009A74201D9202C2DD116F099
S214037788100F1FD016F4806F2CD15CB3744501D04C
S214037798BC4227D1B4F1010E23D0BCF1100F46D159
S2140377A8023C16F0200F28D1202C28D04FF0780C56
S2140377B805F804C00134202C21D04FF0300C05F80E
S2140377C804C00134202C1AD0B8F1000F23D04FF090
S2140377D82D0C05F804C0013412E005F804900134B2
S2140377E8C9E77446BCF1100FDBD0BCF1020FE2D137
S2140377F8202C04D04FF0620CDAE7202C08D1202482
S214037808CDE90A76CDE90854BDE8F047FFF746BF49
S2140378184FF0580CCCE716F0040F02D04FF02B0CA1
S214037828D7E716F0080FEBD04FF0200CD1E7BCF1E2
S214037838020F7446C1D1DDE72DE9F04391B0189DD8
S2140378481A9E1D9F0DB927F010077C0500D515B3A2
S21403785817F0200F14BF4FF0410E4FF0610EAC46E1
S21403786800250DF12008AEF10A0EBCFBF6F906FB5F
S21403787819C95FFA89F4B9F1090F94BF303474440F
S214037888E4B2B44508F8014B05F10105BCFBF6F470
S21403789801D3202D10D11C9C069705941B9CCDE97B
S2140378A803649DF86440CDE9015408AC0094FFF7DF
S2140378B839FF11B0BDE8F083A446D6E72DE9F04FAB
S2140378C895B0269ECDE90A23DDE91E74DDE9229BE1
S2140378D857EA040308BF26F010067205CDE9080127
S2140378E802D557EA040337D016F0200F14BF4123F6
S2140378F8612300250DF1300AA3F10A0821464A46FA
S2140379085B463846E5F744FED2B2092A94BF3032BE
S21403791842444F45D2B274EB0B0405F101050AF84D
S214037928012B01D3202D14D1259B06960593249B62
S214037938DDE90801CDE903939DF88030CDE90153CD
S2140379480CAB0093DDE90A23FFF7ECFE15B0BDE8A0
S214037958F08F07460C46D1E70025E5E708B100F0A7
S21403796814B8704710B1D1E900311847704738B5D5
S214037978441E14F8015F25B90A2000F006F82846C5
S21403798838BD284600F001F8F3E701460020FCF767
S214037998DFBA70477047EDF7BBBE704708B5FCF70C
S2140379A8A8FAD2F78FF8BDE80840D4F7C7B97047E6
S2140379B808B5D2F7F3FBFBF7FFF8BDE80840E3F793
S2140379C8C5BE08B5FBF7E8FEE4F74EFDFBF7E2FE97
S2140379D8E5F7F8F8E5F7E4F8E5F75AF8BDE80840F8
S2140379E8D7F738BC08B5D5F713FEFBF7D1FED5F79E
S2140379F81BFED9F741FED9F7E7FED9F7EFFFBDE837
S214037A080840D9F70DBF70477047E5F767B808B55C
S214037A18FCF7BAFEBDE80840FCF7E5BE704707B5B5
S214037A2800220346114601200092D8F79FFF03B0B1
S214037A385DF804FB07B500920B46027D81898068D2
S214037A48FDF77AFC003818BF0120C00103B05DF8C3
S214037A5804FB08B50020E0F711FB0020E2F7A2F8C4
S214037A680020DAF79BF90020DAF732FC0020DAF771
S214037A7831FE0020DBF71EF90020DBF747FE002067
S214037A88DEF776F90020DEF7E1FE0020DFF7D6FC06
S214037A98BDE808400020DFF7C1BD08B50120FDF7A3
S214037AA82DF90120DAF7DAFABDE808400120DBF7FA
S214037AB801B908B50220E0F7D5FB0220DFF7C8FDB9
S214037AC80220E2F77DFB0220FFF790FC0220FDF779
S214037AD8B5FB0220DEF7BAFEBDE808400220E0F751
S214037AE861B8DAF7FFBBFDF7C9BE70477047704742
S214037AF8704770477047704710B50446DFF76CFF4A
S214037B082046FDF731F92046DCF712F92046DDF763
S214037B1865F82046BDE81040FDF7C3BBFDF7DEBB9E
S214037B28FDF7E8BBDFF794BC70477047FDF740B92D
S214037B3870477047704770477047704704F0BDBF7B
S214037B4870477047DFF71EBD70477047704770472A
S214037B5870477047D0F744BAFEF76BBB70470020F0
S214037B687047FEF768BBFEF771BBE7F795B938B5FC
S214037B7804460D4600F097F850B129462046ECF720
S214037B883DFB30B929462046BDE83840E7F74CB9EF
S214037B980E2038BD08B5ECF777F918B1BDE80840EC
S214037BA8EAF7EEBC08BD70B516460C4604F04DFE63
S214037BB8314605462046EAF7BFF80446284604F049
S214037BC83FFE204670BD00F032B970B5044600206B
S214037BD80E4600F039FBD4F8F0503DB10023314689
S214037BE82046AC46BDE870401A4660472B4601223D
S214037BF831462046E7F798FB284670BD38B5044655
S214037C0848880D4600F020FBD4F8F0302BB92946F7
S214037C182046BDE83840E7F799BA022038BD00F099
S214037C2815BB00F03CB9E6F7CDBF00F01BBB70B53B
S214037C38BDF81060054606B16BB1334428469BB2BF
S214037C4800F073F9044620B91EB13146284600F001
S214037C58ADF9204670BD2124FBE7E8F741BEC0F81E
S214037C68EC1000207047E7F77FBCE7F76FBD10B44A
S214037C78BDF8044001945DF8044B00F09FB80B462A
S214037C8810B514461846A1689288E6F77DF9E168A8
S214037C98034631B1A0886288121A92B21844E6F7EE
S214037CA873F9002010BD0346408A18B1188A0038B5
S214037CB818BF012070470846E9F78EB900F0D6BA10
S214037CC800F0D4BAE9F7A0BB084708B5E6F7C2FF41
S214037CD8C0B208BD022A01D800F00CBA21207047AA
S214037CE8022A01D800F017BA21207047022A01D8C1
S214037CF800F023BA21207047E8F7A8BA0846E8F741
S214037D08C3BA00F033BA00207047002070477047A4
S214037D18D0F8903003F06003402B0DD0602B03D0CF
S214037D28203B58425841704749B10B68012B06D986
S214037D38486940F00100704740F201107047002080
S214037D487047F7B504461046D4E952C7DDE9082656
S214037D588CEA020587EA06010540194085EA0C0500
S214037D687940C4E95251002523F4004106EA010389
S214037D7820F0010043F40073024043F00203CDE908
S214037D880055EAF7CFFE94F824309A0713D5D4F8AB
S214037D984C319B050FD54FF48811204600F034FC70
S214037DA894F82430024665F3410384F824302046C9
S214037DB80B46E6F723FF002003B0F0BDF0B587B007
S214037DC81C461746BDF830601AB90024204607B08B
S214037DD8F0BD002BF9D00029F7D001AAE8F780FDFB
S214037DE80028F2D0BDF80630A2199A42BDF808500A
S214037DF8C4BF9B1B9CB2B54212D90399AD1BADB247
S214037E083144A5420391ADF808500DD22A463846A8
S214037E18E6F7BAF80499621B7819E6F7B5F8D5E7D2
S214037E280499761B3144049122463846F5E70846FA
S214037E38E9F72ABF0220E9F7DDBA08B5D0F8E43037
S214037E484BB11A68022A06D993F825204AB1186A4C
S214037E58B0FBF2F008BD4FF446624C210020ECF765
S214037E68FBF90020F6E7D0F8E42008B57AB11368E2
S214037E78022B0CD9536A13F47F4FC3F3072106D09A
S214037E88126ADBB253438B42B3FBF1F006D20020EF
S214037E9840F67F424C21ECF7DFF9002008BD034685
S214037EA8D0F824010860B3F8283100208B80704787
S214037EB890F824310C2B14BF90F82900FF20704744
S214037EC838B50C464FF400610546EBF70DFF70B165
S214037ED87CB195F81E3173B94FF480724FF48071F4
S214037EE82846EBF7EDFE003818BF012038BD2202FE
S214037EF8F4E72246F2E70020F8E74FF48071EBF741
S214037F08F3BE08B54A024FF40071EBF7D9FE00201A
S214037F1808BD08B58A024FF48061EBF7D1FE00204E
S214037F2808BD4FF40071EBF7DFBE2DE9F041884634
S214037F3818F0030706461546194633D1B2F5805F8F
S214037F4830D89A422ED33F2A28D9B2FA82F401228D
S214037F580120C4F11F03DBB29A4092B2AA422CBF97
S214037F68C4F11904C4F11A04E2B2931DDBB29840B3
S214037F7880B2A84214D096F8F530ABB9012096F82B
S214037F88243060F3C71386F824304046E8F75AFAD5
S214037F98C6F82080B5823846BDE8F0813A46EAE757
S214037FA80020ECE72127F6E70E27F4E7084600F05B
S214037FB82EB9F8B511F0030607460D46144621D127
S214037FC802B313883F2B1DD9B3FA83F3C3F1190100
S214037FD8C9B2062901D8192B12D0062928BF0621AB
S214037FE801238A1DD2B293402846238000F015F950
S214037FF823883846FD617B82E8F734FB3046F8BDB4
S2140380083146EDE72126F9E738B5148811F003055C
S2140380184FEAC4041ED13F2C1CD9B4FA84F4C4F125
S2140380281903DBB2052B01D8192C11D0052B28BF51
S214038038052301240633DBB204FA03F3C3F3CF04A0
S2140380481480816104820387E8F70CFB284638BD51
S2140380582B46EEE72125F9E710B514460846012115
S214038068E9F7E4FC2046BDE810400121E9F7DEBC49
S214038078F8B504460E46174604F0E7FB3A460546A7
S21403808831462046E9F790FF0446284604F0D8FB15
S2140380982046F8BD0220704703207047E9F7A2B9C7
S2140380A810B50023E7F7EEFD044608B9EAF772FFB2
S2140380B8204610BD70B505460E46144600F0C9F8AE
S2140380C83146284600F04CFA00F0C3F8230744BFAD
S2140380D824F00804A4B221462846E6F7C1FD002288
S2140380E84FF400312846EBF7EBFD002070BD8021E6
S2140380F8EBF7FABD7FB5531C05AAADF81410029228
S21403810802210022DBB2CDE900211146EBF7F6FD8A
S21403811807B05DF804FB7FB5531C05AAADF8141029
S214038128029204210222DBB2CDE9002100220121BA
S214038138EBF7E4FD07B05DF804FB1FB5531C02918B
S21403814800220821CDE900210122DBB21146EBF714
S214038158D5FD05B05DF804FB10B50446E6F77AFDD1
S21403816801462046BDE81040E6F77ABD002914BF4D
S21403817821200020704738B5054610460C46E8F718
S214038188AFF865B1D5F8E0304BB15B693BB122680F
S214038198013204BF6FF00102226022681A600020D1
S2140381A838BD002070472DE9F74F01251C469DF87A
S2140381B83030064601930368174603F00703063371
S2140381C89D4005F1FF380B46A1B1416804EA080B48
S2140381D8A5EB0B0A41F00059524509EB0B0114D9DC
S2140381E852461846E5F7D0FE49467A1B5A44504489
S2140381F8E5F7CAFE019B2BB13C4448EA050804EAA6
S2140382080804F46003B0BDE8F08F1846F0E74FF0B3
S2140382183A43022298615A6370474FF03A43012261
S2140382285A6740F6FF72D96418651A67704737B5F8
S214038238002514460095FFF7B6FF204603B030BD69
S214038248E7F7C0BE0020704700207047002070473D
S2140382587047704710F0FD0F14BF4FF0FF30002033
S214038268C0B27047704700200021704708B5E9F789
S2140382780BFABDE80840E9F72FBA38B50446FFF706
S214038288F5FF0546FFF7F2FF431BA342FAD338BDB3
S21403829838B50D460446E9F7F7F935B1844200D9EF
S2140382A80139204601F0030138BD844238BF013145
S2140382B8F7E708B50121FFF7EBFFBDE80840E9F744
S2140382C80BBA08B521B19200E5F75EFE002008BD9B
S2140382D82120FCE700F06F43B3F1804F02D0B3F1DF
S2140382E8204F02D120F07040704700F06043B3F18E
S2140382F8204F08BF20F0805070470B0C23F48053A0
S214038308B3F5284FF7B50D468FB2064699B216D081
S2140383184AF60103994214D04AF60203994212D048
S214038328B1F5204F14BF04240324D6F8E0300BB16C
S214038338196851B9D6F8DC3093B928680EE00024DA
S214038348F3E70124F1E70224EFE7234668463A46B3
S214038358E9F736FADDE90003002BEBD103B0F0BDED
S21403836819680029E9D0234668463A46E9F728FA01
S214038378DDE90003002BE0D1F0E70204C0F389131C
S21403838807D56FEA83536FEA935313F5007F18B242
S21403839806D0A3F1C8006FF4FF739842B8BF184617
S2140383A870474FF0384359699A6903F500530A40F2
S2140383B85A6170470E207047EAF7FCBFEAF7FABF20
S2140383C8EAF7F8BFEAF7F6BF08B50846EBF7E4FBA3
S2140383D808BDEAF7EFBF0220704702207047002067
S2140383E8704701207047002070470E207047002012
S2140383F87047E7F74FBE08461146012200F086B8D5
S21403840870B505460C4611461A46EBF7FBFC06689C
S2140384182B462046B446BDE87040604710B5EBF7D8
S214038428F1FCBDE8104083681847FFF739BEE7F745
S2140384383BBDFFF79CBBE7F739BA70B504460D4654
S21403844816464FF4881100F0F4F8324629462046BB
S214038458BDE87040E7F754BF7047431E012B03D9A6
S214038468031F58425841704701207047FFF7EABE7A
S2140384784FF4D4720021E5F7F7BB70B50446E7F767
S214038488ADFA0546A8B9A169F1B1238AD3B1204646
S21403849804F11002FFF7B8FD38BBE16919B3638A24
S2140384A8A3B1204604F11202FFF783FD78B105460F
S2140384B803E00023A3612361E36100232846636185
S2140384C8236270BDA061E8E72082E6E7E361216ADC
S2140384D80029F2D0A28A002AEFD02046E38ABDE814
S2140384E87040FFF722BD6182F1E76582E561DEE74A
S2140384F811B9D0F8DC1021B1CB6813B18B68D889D1
S21403850870474FF6FF707047E6F78ABB10B50C4600
S2140385181146E6F7ABFBE7F7BDFD012801D10020BE
S21403852810BD002CF7D10520FAE7FFF786BCFFF746
S2140385389ABC70B500232425D0F8DC00C4689C4296
S21403854801D1212070BD826805FB0322D6898E429D
S21403855802D8128A8A4201D20133F0E70020F1E7F3
S214038568F8B506460D46EBF7AFFCD8B94FF6FF73DA
S2140385784FF0240CEF68C1B28F4208D81C46214638
S2140385883046EBF73BFEFFF763FE2046F8BDAA68C6
S2140385980CFB0122D4899C4202D2002CEFD023463E
S2140385A80130E8E70024F0E7808D70470A7838B58D
S2140385B805461046FFF751FF60B14C782046FFF793
S2140385C84CFF38B12243530704D42846BDE8384045
S2140385D8E6F784BD212038BD10B504460878FFF7B2
S2140385E83CFF58B14A781046FFF737FF30B1042AE4
S2140385F804D02046BDE81040E6F78EBD212010BD06
S214038608FFF79FBBE7F7B4B838B505460C4604F042
S2140386181CF9D5F88C301C40D5F888302343C5F8A8
S214038628883004F00DF9211E18BF012100204902E5
S21403863838BD38B504460D4604F007F9D4F88C302F
S2140386481D40D4F8883023EA0505C4F8885004F09A
S214038658F7F8284638BD38B504460D464FF4881152
S214038668FFF7E7FF29462046BDE83840E7F768BE28
S21403867873B50D7806460C4635B304238DF80430D7
S2140386882379304601A98DF80530FFF7A5FF05467F
S214038698B8B92278A37952BB8DF80430E37930460B
S2140386A801A98DF80530FFF781FF054648B92378F9
S2140386B83BB161883046E6F71DFF01213046FFF7D8
S2140386C8FFFB284602B070BD2946FFF7F9FB29468B
S2140386D83046FFF716FC29463046FFF71AFC237880
S2140386E8002BCAD123798DF804306379C9E70222AF
S2140386F88DF80420D3E7FFF704BCFFF712BC00206D
S2140387087047704710B50446EBF708FE214600206D
S214038718ECF758FCBDE81040002000F02BB9704772
S2140387280120704708B5EDF77BFA80F00100C0B268
S21403873808BD4FF0FF30FFF7C1BA704700207047F7
S21403874810B50C4603F042FE048010BD38B50C463F
S214038758154603F03BFE03881DB11C43A1B20180F6
S21403876838BD23EA040189B2F9E708B503F02EFEFB
S214038778008808BD08B503F029FEC07808BD08B50B
S21403878803F024FE008800F00C0008BD08B503F0CB
S2140387981DFE008800F00C00031F5842584108BD10
S2140387A838B5054603F012FE04462846FFF7EEFFE3
S2140387B830B904F1100004F0BAF900F4406038BD8B
S2140387C84FF40060FBE738B5054603F0FFFD0446A3
S2140387D82846FFF7DBFF014648B910342046042233
S2140387E803F034FD2044BDE8384004F0A0B9A0885F
S2140387F838BD10B50C4603F0E9FD848010BD38B5C6
S214038808054603F0E3FD04462846FFF7BFFF30B9E5
S21403881804F1100004F08BF900F4404038BD4FF41F
S2140388280060FBE738B5054603F0D0FD0446284646
S214038838FFF7ACFF014648B910342046062203F07A
S21403884805FD2044BDE8384004F071B9A08838BD5A
S21403885838B5054603F0BAFD04462846FFF796FFE3
S214038868014608B1201D38BD10340622204603F001
S214038878EDFC2044F7E708B503F0A8FD007A08BD29
S21403888808B503F0A3FD90F9090008BD08B503F081
S2140388989DFD807A08BD08B503F098FDC06808BD3D
S2140388A810B50C4603F092FD047210BD10B50C46C5
S2140388B803F08CFD447210BD10B50C4603F086FD1C
S2140388C8C46010BD2DE9F8430F468046002107F122
S2140388D810001646994603F0EDFD0446D0B103F0A2
S2140388E875FD0546204603F08DFD00210246284601
S2140388F8E5F7BAF900232046AB7049F00401FFF701
S2140389081FFFA5F804802EB13A46314605F110003C
S214038918E5F73AFB2046BDE8F883F8B505460F4663
S2140389281020002103F0C6FD0446B0B103F04EFD47
S2140389380646204603F066FD002102463046E5F764
S21403894893F9002339462046B370FFF7F9FE25B19D
S2140389582A460121204603F085FD2046F8BD08B5C2
S21403896803F034FD103008BD08B503F04BFD10388E
S214038978C0B208BD0020ECF74DBA08B5ECF7A8FC62
S214038988002008BD4088C0F30C0003308008400070
S2140389980430704770B50E4605461146304603F058
S2140389A889FD044635B128B103F010FD3246294641
S2140389B8E5F7ACF9204670BD0088B0FA80F04009A8
S2140389C8704738B505880022044604F01EF905B139
S2140389D8258038BDF8B507460D460088002116469B
S2140389E803F02CFDB042044605D129463846BDE8B7
S2140389F8F840FFF7E6BF0021204603F01FFDB0420C
S214038A0805D02046002103F019FD0446F3E72A465D
S214038A182046002103F026FD32462846BDE8F840E6
S214038A28002103F01FBDF8B5058807467DB1CCB213
S214038A382146284603F002FD8542064609D100234F
S214038A483B8000222146304603F00CFD3546284677
S214038A58F8BD214603F0F2FC21460246284603F0F9
S214038A6801FDEEE72DE9F047078882468846144657
S214038A785FB3384603F0C6FC3D460646E4B22146D5
S214038A88284603F0DBFC4045814616D1214603F011
S214038A98D5FC21460246284603F0E4FC474504D1A4
S214038AA8454508BF0025AAF800500022214640463F
S214038AB803F0D8FC3046BDE8F0878742FAD003F0C7
S214038AC8A1FC30444D4686B2D9E73E46F2E700227B
S214038AD80123C0E900237047F8B50446012700269A
S214038AE803F0C0FE23683BB903F0B7FE00226368B1
S214038AF8012B0ED16360F8BD1D691F61266003F064
S214038B08ACFE012DF2D02B462D691E61012DFAD13C
S214038B18E6E719691A610B46EAE7036823B940686A
S214038B28012803D0EDF71CB9002070474FF0FF303B
S214038B387047F8B5054603F015FF012306460027D8
S214038B48A8602B7303F08EFE2B6802467BB11C6964
S214038B582169A1420CBF2F6019612761104603F0F3
S214038B687CFE012C08D0204663689847EAE76C68C1
S214038B78012C04D103F071FE00232B73F8BD616941
S214038B88711AB1F1004FF5D8216969602361E5E7E9
S214038B98022070470220704700207047014488422D
S214038BA801D10120704710F8013B9342F7D000200B
S214038BB8704770B50146064692B00020EBF7DAFD1B
S214038BC8044670B9FDF7D4FE054601466A462046B4
S214038BD8ECF716F96A46294620468DF80260ECF744
S214038BE8C5FB204612B070BD00B593B0FDF7C0FEB6
S214038BF86A4601460020ECF703F99DF9020013B014
S214038C085DF804FB00B593B0FDF7B2FE6A4601466D
S214038C180020ECF7F5F89DF8000013B05DF804FBA8
S214038C28ECF7B2B8012070477FB54FF6FF7101AA7B
S214038C38EDF708FB20B1BDF80C0007B05DF804FBA0
S214038C484FF6FF70F9E708B51046EEF7C1FABDE828
S214038C580840EEF77BBB704770477047704770470E
S214038C6870477047704738B54FF6FF750D800C464A
S214038C78F6F772FB2080A8420CBF2D20002038BDD3
S214038C88002100B593B06A460846ECF7B9F8BDF874
S214038C98060013B05DF804FB002110B592B0044635
S214038CA86A460846ECF7ACF800216A460846ADF86B
S214038CB80640ECF75BFB12B010BD002100B593B07D
S214038CC86A460846ECF79CF8BDF8040013B05DF84E
S214038CD804FB002110B592B004466A460846ECF732
S214038CE88FF800216A460846ADF80440ECF73EFBC9
S214038CF812B010BD70472DE9F04F87B00C46914669
S214038D080746FFF73CFD0546661C304603F00FFF93
S214038D18042D40F090803846FFF721FE0378092299
S214038D2803F00303012B14BF022303230121204668
S214038D38039303F08BFA092200210546204603F025
S214038D4885FA21788DF8170001390022204689B262
S214038D58FFF720FE04EB09088346F0B14FF0010A3B
S214038D682A460146CDF800A003980DF11703FBF732
S214038D78C0FD0228054626D1584603F043FB0022C9
S214038D882070C0B2431E00929BB2524659463046E4
S214038D9803F0CAFF2378534423703846FFF7E5FCED
S214038DA8020424D498F8013021789B071FD501398B
S214038DB8A1EB09013A464046C9B2F1F7C7F9237849
S214038DC81844207013E020B92070284607B0BDE881
S214038DD8F08F032809D1404603F0A9FE20F400715A
S214038DE889B2404603F0A5FED7E70428D5D1012566
S214038DF8002220462178FFF7CDFD07460028E4D059
S214038E084FF000080146434601224046CDF800804D
S214038E18FBF76FFD022819D1384603F0F3FAC2B2FE
S214038E28013A207093B2394601223046CDF80080C5
S214038E3803F07AFFC9E780F0800520F0800081B24E
S214038E483046C5F3C01503F074FED1E70028BCD13D
S214038E582070BAE708B50020FFF764FC80F001002D
S214038E68C0B208BD0A4608B501460020EDF738FC2F
S214038E78B0FA80F0400908BD0020ECF7ABBB002130
S214038E880846ECF74FB80020FFF74ABC70B504460F
S214038E9803F04DFE042200210646204603F0D6F9C9
S214038EA8204403F044FE032205460021204603F02F
S214038EB8CDF9204403F03BFE4FF6FF730540ADB2F1
S214038EC89D4214D1F30712D506220021204603F04B
S214038ED8BDF9204403F02BFE0446EDF773FC8442E9
S214038EE814BF02240624EDF767FC204070BD204615
S214038EF8FBF7D0FEC400E4B2F5E708B5FFF7C6FFF4
S214038F08003818BF012008BD0120704710B5044675
S214038F18FEF700FA08B9FEF7FFF903050FD40C238A
S214038F281B2B01D1002009E020FA03F1C90703F13E
S214038F38010206D5DBB2E31A5842584110BD0B238B
S214038F48F9E71346ECE710B50C46098819B908463D
S214038F58F7F75AFD2080012010BD08B510461A46BB
S214038F6800F08CFABDE8084003F07FBD70B50446F0
S214038F780D46164692B06A46EBF742FF6A462946FE
S214038F8820468DF81F60ECF7F1F912B070BD10B5E6
S214038F980C46EDF7F3FF2046BDE81040EDF704BF97
S214038FA80129F8B505460C461DD003291ED0052908
S214038FB820D0072922D00026002400270120EBF71B
S214038FC871FE304485421DDA0320EBF76BFE20441E
S214038FD8854219DA0520EBF765FE38448542B4BFA7
S214038FE807200520F8BD6FF00406E5E76FF00404D4
S214038FF80526E2E700266FF00407DFE700240527C7
S2140390082646DBE70120EDE70320EBE738B1437993
S214039018490023F00C0301F00C010B43437170471E
S21403902810B5044678B141794088490801F006012D
S2140390380131000AFFF7B4FF024601462046FFF750
S214039048E5FF104610BD0722FBE738B50D46EDF7DA
S21403905883FF044608B9002038BDFFF7E1FF002D5B
S214039068FAD1237913F00703F5D0984238BF184688
S214039078C0B2F1E7EEF77EB90022EEF7A1BA0021F7
S214039088012208B5EEF79CFA401A18BF012008BD5E
S21403909838B51546FFF7F0FF0446284603F028FEC2
S2140390A884B1FF2804D0626822FA00F3DB0701D5EF
S2140390B8012038BD0123834013436360E3780133FB
S2140390C8E370F5E72046F4E7EEF7D4BC10B503F0F3
S2140390D87DF900F11004204603F029FD20F4007101
S2140390E889B22046BDE8104003F023BD2DE9FF41B1
S2140390F81546019101218DF80D301B0A8DF80E30A7
S2140391089DF82C308DF80C008DF80F302846042374
S214039118009103AA9DF828809DF830709DF8346066
S21403912801F016FB044670B12946FFF762FBB8F157
S214039138000F02D12046FFF7C9FF2FB146B93146C3
S214039148204601F0D0F80024204604B0BDE8F0819C
S214039158002220461146EEF713FCF4E74FF47A7024
S214039168EEF768BD08B5ECF70FFEBDE8084000202B
S214039178EEF766BE00B58BB06846EEF737FD009B84
S214039188BDF8060004A90693EEF7D6FC0BB05DF807
S21403919804FB1FB504466846EEF728FD02AB03CB6F
S2140391A82060616004B010BD1FB5062304468DF821
S2140391B80C30EEF79FFF00238DF80D00CDE9003342
S2140391C801210223204603AA01F0C2FA04B010BD07
S2140391D838B5002208210546FFF7E0FC044698B98F
S2140391E8FFF74EFD22464FF6FF71EFF7DBF92846E9
S2140391F8297CEEF755FE287C6A69E989F0F750FD65
S214039208EEF7C6FD204638BD0120FCE770B50C46D0
S21403921805460120EFF752FD237B4BB1FFF730FDE0
S214039228014623462A46BDE870400120EFF7D8B921
S2140392384FF6FE71F5E7F8B50E460746FFF78FFBC0
S214039248054603F074FC00F44040B0F5404F14BFE5
S2140392580022062202F10A03EB5C0B325C0004F0E0
S2140392680E045B08144403F0380338461C44FFF71F
S2140392787BFB844208D2001BC2B20F2A28BF0F22E8
S21403928830462919E4F780FE2046F8BDECF77CBD86
S21403929840F62740F0F782BAFF224FF6FF71F0F741
S2140392A8B1BB07B500210DF10700F0F7E3FC9DF805
S2140392B8070003B05DF804FB13B5044601A90020B4
S2140392C8F0F7D8FC019A01462046F0F7E9FC204659
S2140392D802B010BDF0B50F46002187B00446084615
S2140392E81646F0F7C7FC012305460DF10A008DF86C
S2140392F808408DF80930FFF74CFF092C1DD131467D
S2140393080DF1120003F015FC05AB002102AA9B1A07
S2140393182846CDE90011DBB2642101F019FA0546A7
S214039328E0B1092C15D1F0F705FD044688B12846A7
S214039338F0F714FD204607B0F0BD31460DF11300D3
S2140393488DF812704FF6FF7503F0F3FB0DF1150356
S214039358DBE7284600F014F80446EBE70446E9E79B
S21403936838B504460D4603F0DDFC40B1AC4206D0E2
S214039378204603F0CEFCBDE8384000F0ACBF38BD4D
S21403938810B50446FFF7EBFA023003F0D0FB4FF6AE
S214039398F7739842204603D9BDE81040F0F758BE45
S2140393A8F0F798FEB0FA80F0400910BD0120704728
S2140393B80022F0F785BD70B504460088FFF7CFFA9C
S2140393C80546043003F0B3FB0646A81C03F0AFFBC0
S2140393D8054603F0C2FA3046F2F762F830B9284673
S2140393E8F2F75EF810B1284603F09CFCA378002039
S2140393F823F00F03A37070BD70B50546FFF7AFFAE9
S2140394080646284601F0C8F901462846F7F730FF0E
S21403941804462846FFF7D7F94FF6F773984208D855
S214039428337803F00303012B05D1A31E5842584192
S21403943870BD0120FCE70020FAE741F2033330B59C
S21403944885B00D46ADF808300446FFF719FC8DF8CD
S2140394580A00FFF715FC0021000A8DF80B00052308
S2140394682046CDE9001102AA8DF80C5001F070F9D8
S21403947810B12146FFF79CFF05B030BD2DE9F0413A
S214039488044617460D46E1B13F294FF0000600D1C2
S21403949835462046FFF773F9082814D101212046DC
S2140394A802F0CCFF064602F0ADFF0446304602F053
S2140394B88DFF3B4601462A46E0B2BDE8F041FDF77C
S2140394C8FBBA0126E5E72046FFF759F9024630B905
S2140394D8BDE8F0414FF6FF71012003F0F1BA2046CC
S2140394E8FFF75EF9B0F5006F0ED12046FFF76BF96C
S2140394F84FF6FF739842014617D0002D0CBF032082
S2140395080520002203F0DCFA29462046EEF7F0FA97
S21403951868B929462046F1F761FF40B9324629461D
S2140395282046BDE8F041F0F719BF0120E9E7BDE89A
S214039538F0817047704737B54FF6F675FDF71BFA97
S214039548431E9BB2AB420446F8D8EDF705FD002848
S214039558F4D169462046EDF721F80028EED02046D8
S21403956800F09AFE0028E9D12046FFF788FD002878
S214039578E4D12046F1F794FF0028DFD1204603F014
S214039588D1FB0028DAD12046FDF700FA0028D5D10A
S214039598204603B030BD73B504460E46F1F780FF88
S2140395A8054688B92046F1F7D5FF21462B460D22F6
S2140395B84FF6FD70009500F0A1F83146204602B03C
S2140395C8BDE87040F1F788BF02B070BDF7B5044632
S2140395D80D461746FFF754FB0646002D3FD04FF6B9
S2140395E8FB739C423BD82046F1F75AFF08B1A642C4
S2140395F835D02046F1F754FF10B1012003B0F0BD73
S2140396082046FDF7C3F9C0B1A642F6D0F4B16946C1
S2140396182046ECF7C3FF0246C0B908216846FFF7A1
S214039628BDFA98B9082269462846E4F769FE68B180
S21403963829462046FFF7AFFFDFE7A642E6D12846CE
S214039648EDF71AF810B900F03DFED6E73FB121460C
S2140396582846EDF727FE21462846F5F763FE002041
S214039668CCE737B5054614460C2914D8DFE801F0CD
S2140396782C132C13131307131313132424006946EC
S214039688ECF78CFF18B901216846F5F749FF412026
S2140396982946F8F769FAD4B12046FFF760F902308D
S2140396A803F045FA4FF6F773984210D9204603B0ED
S2140396B8BDE83040F0F782BD40F6144040F6134349
S2140396C80B2908BF1846E3E700F0EDFDE3E703B010
S2140396D830BD1FB50346084603218DF80D308DF8B7
S2140396E80C1001230021ADF80E20CDE9003103AAA2
S2140396F8042301F02DF805B05DF804FB2DE9F341CA
S21403970806460F4614461D469DF82080FFF7B8FA0E
S214039718B04207D100222146384602B0BDE8F041E0
S214039728FFF79FBF3A4631462046FFF7D2FFADF80C
S214039738060060B10D2C05D100224FF6FF712820D4
S21403974803F0BEF935B9BDF80600FFF719FE02B0F7
S214039758BDE8F0810123424629460DF10600ECF7E1
S21403976867FABDF80630002BEDD1F0E7F7B50C46DF
S2140397780546FFF7F4F8611C06462846F7F778FD12
S214039788A11C0746284600F02AFF01460446384629
S214039798FDF72AF90D2F34D12046F1F781FE78B16B
S2140397A8301D03F0C4F904462846F679FFF73AF85D
S2140397B831460246204603B0BDE8F040FFF768BCD2
S2140397C8B01C03F0B4F94FF6F773984202D928464B
S2140397D8F0F7F4FC2046F1F7BDFEFFF751FAA04276
S2140397E805D1002003B0BDE8F040FFF7A2BE6B46E4
S2140397F8B068F16803C369462046F1F76DFE03B007
S214039808F0BD2A463946204603B0BDE8F040FFF7C8
S21403981828BF14220021E4F727BA2DE9F04F11F0E8
S2140398280F0704460E4615468FB05CD10120E1F7B4
S2140398386DFD09A8FDF7D6F9092309A88DF8243084
S214039848FDF7D4F909A8E1F733FD01A909A8FDF73F
S2140398585EFB26F00F08A84404F1100904F10F0A6A
S214039868454511D1236901A93344236109A8FDF7A6
S21403987833FB0020E1F74AFDB6F1005F28BF272730
S21403988838460FB0BDE8F08F05AA23469646944699
S214039898186859680833ACE803004B456246F6D1A6
S2140398A82B46224605F1100B53F8041B5B4542F87A
S2140398B8041BF9D1714609A8FDF70EFB09A8E1F7C1
S2140398C8F7FC224621460120E1F7DCFC013D631E36
S2140398D813F8012F15F8011F534582EA01021A707F
S2140398E8F6D15D46BCE70227CAE7F0B5174685B04A
S2140398F805460C46102200216846E4F7B5F9BFB3BF
S214039908C4B30F2C04F00F0608D924F00F043A4604
S21403991821462846FFF781FF40BB2744324639468F
S2140399286846E4F731FB80222F6906F110033744B3
S2140399386B44B7F5005F03F8102C2F61C6F11006C9
S2140399481AD3062E1FDDFB001A0E8DF80A201A0CF2
S2140399585BBA8DF80B20ADF80C306A461021284602
S214039968FFF75BFF00202B69103B2B6105B0F0BDAA
S2140399783E46D8E72646D6E7022E04DDFB005BBA4A
S214039988ADF80E30E9E76A4610212846FFF745FF8B
S2140399982B691022A3F11004002168462C61E4F712
S2140399A863F9B7F5005F4FEAC403CDD2E7E770B5AE
S2140399B80E46054686B001A81446FFF72AFF324628
S2140399C8294601A8FFF791FF2246054601AB05AED7
S2140399D81C4603CCB44210605160234602F10802C9
S2140399E8F6D1284606B070BDF1F70CBE0A4600212C
S2140399F8F1F708BEF0B58BB00C4601A9F1F702FEE5
S214039A08054680B325220021E01CE4F72DF901233F
S214039A18A3700E23BDF810702380FA0510D52346CD
S214039A284FF4877206AE23F8042B0DF1280C324642
S214039A3803CA624518605960164603F10803F6D14F
S214039A483B0605D5238843F080032380069B636083
S214039A5801AB03CB039BC4F81D00C4F82110A36114
S214039A68F2F7B4FF606128460BB0F0BD30B5054683
S214039A780C4687B001A8FDF7B5F82868696802ABF5
S214039A8803C39DF8113043F002028DF8112074B118
S214039A982288510644BF43F006038DF81130530558
S214039AA842BF9DF8113043F008038DF8113001A822
S214039AB8FDF793F9B0FA80F0400907B030BD2DE9F9
S214039AC8F3410F460546164602F09CFC4FF0000885
S214039AD8C41BE4B2294623463A463046CDF80080EE
S214039AE803F022F90121284602F0A8FC88B10121D7
S214039AF8284602F0A3FC074602F084FC0546C3B2D8
S214039B08424630193946CDF8008003F00DF925444E
S214039B18ECB2204602B0BDE8F0812DE9F04F85B0DF
S214039B280C46054691461F464FF0010ADDF8388075
S214039B389DF83CB002F066FC22463B46294606469C
S214039B48CDF800A0484603F0EFF85146284602F041
S214039B5875FC3C4418B35146284602F06FFCF6B22F
S214039B68B442814610DAE7B2F31BDBB2404622461C
S214039B782946CDF800A003935F4403F0D5F8039B6A
S214039B88BF1B984407F0FF0B012300220E93494698
S214039B985B46404605B0BDE8F04F03F0C5B85B46E4
S214039BA822462946CDF838A0F3E72DE9F0410026EA
S214039BB886B0074608460C4615469846CDE902661B
S214039BC804968DF8146002F01DFC411BCBB20D2BD6
S214039BD828BF0D232A462146009602A803F0A4F8B8
S214039BE8424602A93846F1F763FE0646294620464A
S214039BF89DF80820F7F750FB304606B0BDE8F0811D
S214039C082DE9F04F0E46CBB00121054617461C46F4
S214039C1802F014FC23463A462946814606A8FFF76F
S214039C28C4FF0DF1280A00EB070B524631462846B7
S214039C385FFA8BFBFFF743FFB34503D200204BB015
S214039C48BDE8F08FABEB06085FFA88F808F1040363
S214039C589842F3DB331F18440423C4B20193A31BAF
S214039C68DBB20093524643460021CDF808A006A867
S214039C78E1F7BCFA0028E1D1A4EB0B040AEB0803CE
S214039C88E4B2524628463146009301944346FFF70A
S214039C9844FF39462846F7F7EBFA394600F0F80248
S214039CA82846F7F7F9FA0121284602F0C7FB0028E9
S214039CB818BF4D462846ADF8165002F0A3FB011F01
S214039CC8C9B20DF1160000F04FFC0120B7E72DE9E5
S214039CD8D841064600F060FD411C044689B230466A
S214039CE800F02DFD98B394B321463046F7F7C0FA33
S214039CF800F00C03042B074629D000F00308B8F13C
S214039D08020F00D11BBB384600F0B0FD3B060444E7
S214039D18A4B216D5611C304689B200F010FDB0B166
S214039D2821463046F7F7A4FAB8F1010F014600F0CA
S214039D3803030CD0032B0AD0384600F0A6FD0319FC
S214039D489CB221463046BDE8D84100F0F8BC002056
S214039D58BDE8D881F8B5064600F0E0FC054604469B
S214039D683046FEF7FCFD43785B0718D5AC1CA4B257
S214039D782146304600F0E3FCB8B129463046F7F7EB
S214039D8877FA0746691C304689B2F7F771FA1FB1A6
S214039D98874201D8FF2808D104EB4704A4B221461A
S214039DA83046BDE8F84000F0CABC0020F8BD13B53D
S214039DB8044601A8F1F7D4FFBDF80430DA0710D437
S214039DC89B0707D410220021204602B0BDE81040A6
S214039DD8E3F74ABF224621461020FFF7E8FD00288E
S214039DE8F0D102B010BD024608B5F1F7E1FF510500
S214039DF844BF0838C0B2130544BF0838C0B208BD0C
S214039E08F0B5D30705460C468BB04AD5008800F054
S214039E18C3FC00230646029314B9CDE9034403ACF6
S214039E28002208212046FEF7B9FEA8B12888FEF7C7
S214039E3896FD023002F07BFE21460746ECF7AEFBA2
S214039E4850B1002240231146384600F005FA40F682
S214039E58094528460BB0F0BD31462888F7F708FAB7
S214039E6810F0030F0CBF01260026F1F70FFC46EA95
S214039E784000C0B200900021204602AB05AAF3F7C3
S214039E88E1F90546F1F702FC0028E2D0002DE0D000
S214039E9800212046009602AB05AAF3F7D3F9054638
S214039EA8D7E740F60A45D4E700231A46F3F736B948
S214039EB830B58BB005AD04462846FCF793FE02235F
S214039EC8284601A98DF81430FDF721F8234601AA80
S214039ED8144603CCAC4218605960224603F10803C3
S214039EE8F6D10BB030BD08B500230246194618460E
S214039EF8F3F714F9012008BD37B504466846F3F7A7
S214039F0885F9054648B1082221466846E4F7F8F974
S214039F18B0FA80F0400903B030BDFF22082120467E
S214039F28FEF73CFE034628B106212846FFF7BCFF8A
S214039F380120F0E722460146F3F7F0F8F8E707B5FD
S214039F486846F3F763F910B16846FDF74FF900F072
S214039F58010003B05DF804FB0120F3F72DBE70473C
S214039F6830B50124054689B003A8FCF73BFE01A8D3
S214039F788DF80C40E1F7FAF99DF806209DF80730AE
S214039F88AA4209D0AB4209D103A88DF80D40E1F7E0
S214039F988FF9012009B030BD0024F5E70020F9E762
S214039FA800221021FEF7FABD70477FB50D4600F56F
S214039FB882300D22694600F58070D5F771F96B4635
S214039FC82A4602AE1C4603CCB442106051602346B0
S214039FD802F10802F6D12068106023791371002372
S214039FE86B7304B070BDF0B585B06A4605460B467C
S214039FF8164601F10807144618685968083303C457
S21403A008BB422246F7D118680D2220601B7905F556
S21403A01882303146237100F58070D5F76DF905B0A7
S21403A028F0BD38B504460D46E0F792FCA04205D9C4
S21403A03820462946FFF7B9FF002038BD2820FCE74D
S21403A04830B5002485B08DF80040E0F781FCE5B212
S21403A058A84204D8F5F7C8F8002005B030BD69460D
S21403A0682846FFF7C0FF0134EFE738B5044600205B
S21403A07802F04DFEFF2805460FD002F050FE10F002
S21403A088010009D0284602F04AFE400840EAC1709B
S21403A09880F0010000F0010038BD04F00100FBE782
S21403A0A80146F8B506460020F4F7D8FFFF2801D086
S21403A0B80120F8BDE0F73CFC00240546871CE0F7C2
S21403A0C83BFCE3B2984201D80020F2E735F8243087
S21403A0D8B34203D117F82430002BE9D10134EEE755
S21403A0E838B50D460121044602F0A8F930B101211E
S21403A0F8204602F0A3F92880012038BD20462C808C
S21403A10800F020FC0130C0B2F7E72DE9F04788B02D
S21403A1180746894610460DF10A011D469046FFF785
S21403A128DFFF4FF0000ABDF80A6004463046CDE963
S21403A13805AACDF81BA002F065F9031BDBB20B2BAF
S21403A14828BF0B2322463146CDF800A005A802F007
S21403A158EBFD48F21F039D4243D00BD885F400431A
S21403A168012B15D923464246494628460097FDF74C
S21403A1788AF833E048F23A039D42F3D1FEF780FDAE
S21403A188B8422BD02246414605A8FDF7ADF825E090
S21403A1989DF8143013BBBDF81D40DDF81500DDF837
S21403A1A8191003AB03C3204603A9E0F7C5FD012234
S21403A1B8204603A9FFF70AFAA74206460ED001214E
S21403A1C803A8F5F7ADF948F201039D4206D12EB967
S21403A1D8334632463946204600F058FC08B0BDE8F8
S21403A1E8F0879DF81450002DF8D12F469DF815805A
S21403A1F80234EAB24245F1D2D200D2B2224408234C
S21403A208314692B2009703A8CDE9037702F08CFD96
S21403A21803A800F074F802F07CFD00F05CF8013542
S21403A228E7E710B50024418084800480C280038158
S21403A23810BD13B5BDF81040CDE900340023F5F77B
S21403A2483DFC02B010BD13B5BDF810400190009454
S21403A258F5F734FC02B010BD07B500930123FFF7EA
S21403A268F2FF03B05DF804FB0123F5F7CDBC38B560
S21403A2780546EFF75FFD0446E0F776FBA40144EADC
S21403A2884020284038BD7047704700207047FF209D
S21403A2987047002070477047002070474FF6FF70DE
S21403A2A870470020704770470020704770470020AB
S21403A2B87047704700207047002070477047704704
S21403A2C80020704770477047002070474FF6FF70AE
S21403A2D87047172070477047704770477047704736
S21403A2E87047012070470120704700207047002000
S21403A2F870477047704770474FF6FF7070474FF6C2
S21403A308FF70704700207047002070470020704792
S21403A3187047002070472DE9F04F002785B0814627
S21403A3280C467E2039469846BDF83CB09DF844A0B6
S21403A338BDF84C500192ADF80E7002F0BBF8064615
S21403A348002800F0AA8002F041F839467E22E3F797
S21403A3588BFC304602F03AF80090304602F036F8A6
S21403A368B9F1FF0F0CBF274644F003073B0A14F462
S21403A3784062077043705FD14FF00808C31C184645
S21403A38842460199E3F7C2FC034604F440444344B7
S21403A39884B1790606D419464FEA1B2201F802BB94
S21403A3A85A700B46B4F5004F56D0A4F540425442B3
S21403A3B85441E400224618460E99E3F7A7FC009A90
S21403A3C803462044A0EB02085FFA88F89DB14FF4D1
S21403A3D87C521A53841C284601F0F8FF8346284605
S21403A3E802F010F8C5B22A4659462046E3F7CCFDD4
S21403A3F860190235EDB2B9F1FF0F2FD05246109906
S21403A40800F8019BE3F7C0FD08F101015AFA81F150
S21403A41829443046EBF7A2FB0C210022FF0007F085
S21403A428800710463943FEF778FAADF80E00E8B908
S21403A438002005B0BDE8F08FB2F5006F80F8038002
S21403A4484FEA182880F8048000F1050314BF4FF07C
S21403A45808084FF0020892E70224ABE708EB0A0164
S21403A46829443046EBF77AFB0821D6E7304601F055
S21403A478ADFF0446304601F0C5FF012302462146D8
S21403A4880DF10E00EBF7D4FB0028D1D10121BDF85E
S21403A4984820BDF80E0001F0E5FFBDF80E00C8E73A
S21403A4A810B50C46098821B90846F6F7ADFA208098
S21403A4B808B1012010BD0220FCE72DE9F0478046CD
S21403A4C80F460646002402F1FF39BC4202D219F8A9
S21403A4D8015F25B9A6EB080080B2BDE8F0879A4667
S21403A4E8A5F13102012A5AF8041B10D83246322D38
S21403A4F802F8011B06D10134A4B2A74232D30912CB
S21403A508B21C7170013453461646A4B2DDE7342DE7
S21403A5180CD10334BC42DDDA0B0A317073700B0CB2
S21403A528090EB370321DF170A4B2EBE7A5F133023E
S21403A538062A0DD8303DADB22B19BB42CADA2A46D5
S21403A5483046013CE3F7E2FB15FA84F47219EBE7AD
S21403A558A5F14102062A01D8373DECE79D8803F1A9
S21403A568080AE9E71646B5E770B5054600880C46B7
S21403A57801F048FFA04228880AD201F043FF0023CF
S21403A588221A19462846BDE8704092B2EBF750BB2C
S21403A5982146EBF7E3FA002070BD38B5054601F00F
S21403A5A815FF0446284601F02DFF002201462046E3
S21403A5B8BDE83840FEF7EEB9F8B516460C461D4614
S21403A5C8BDF8187001F002FF0444304601F0FEFEA1
S21403A5D83A4641192046BDE8F840E3F797BB70B5FD
S21403A5E80C46013189B20646F6F742FE2146054671
S21403A5F83046F6F73DFE00EB052080B270BD1FB56A
S21403A6080123ADF80C2000930A460223014603A84B
S21403A61802F08AFB05B05DF804FB0FB437B5069D58
S21403A6280021A8B201F046FF044601F0CFFE2CB184
S21403A638002207AB0193D1B28D4205D8204603B05A
S21403A648BDE8304004B0704753F8041B8154013208
S21403A658F1E773B504460D4640200021164601F07F
S21403A66829FFADF8060001F0B1FEBDF8063013B9B0
S21403A678002002B070BD402133462A462044FFF727
S21403A6881CFF211889B20DF10600FFF76DFF00289D
S21403A698EED1BDF80600ECE70EB403B503AA52F8EC
S21403A6A8041B0192FFF7D5FF02B05DF804EB03B075
S21403A6B870472DE9F7430F4601218146164601F0F8
S21403A6C8BDFE054658B1FFF768FF308088B92846AF
S21403A6D801F098FE68B1192003B0BDE8F083484638
S21403A6E801F090FEFF2FA0EB0704E4B214D014B9D0
S21403A6F834800020F0E72A4621462846FEF74AF922
S21403A70880460028E7D03B464A4629460094FFF78A
S21403A71853FFA6F80080ECE70120DDE708B5FEF74F
S21403A7281EF9437803F001001A074CBF10300830AF
S21403A738DB0644BF0830C0B21030C0B208BD10B53F
S21403A7480C4601F05FFEA04234BF0020012010BD76
S21403A7587FB514460091024641F2092141F60920C5
S21403A7689DF820601D46002E18BF0146099B002051
S21403A778F6F7A6FDADF80E0010B9002004B070BDBC
S21403A78801232A4621460DF10E00EBF751FA00285D
S21403A798F3D1BDF80E00F1E738B50546FFF7BEFF5F
S21403A7A80446284601F02EFE631C9BB283420FD84C
S21403A7B82846FEF7D4F843785B0707D5214628468C
S21403A7C8F6F756FD013004EB4004E4B2204638BDE4
S21403A7D80024FBE71FB5ADF80E0001F013FE044690
S21403A7E8BDF80E00FFF7D8FF00F10E03DBB2BDF885
S21403A7F80E200146E01A80B200901046FFF7DCFEF2
S21403A808A4F10E0189B20DF10E00FFF7ADFE04B0F8
S21403A81810BD4278034612F0080006D0D20702D4C9
S21403A82803F10800704703F10900704737B505467A
S21403A8380C46FEF794F8437813F0100212D09CB136
S21403A84803F001021B074FF0000329460093204636
S21403A8584FF0080354BF1832203202F065FA01207D
S21403A86803B030BD1046FBE72046F9E700F00303C4
S21403A878012B08D0C30606D400F00C000C2814BF1E
S21403A88808200920704702207047034611F003008A
S21403A89805D003F00303022B14BF022003207047DE
S21403A8A8F8B50C46064601F0ADFD631C834202D993
S21403A8B800252846F8BD21463046F6F7D9FC074654
S21403A8C8FFF7D4FF3B060546F3D50444304601F0AC
S21403A8D899FDA4B2631C9BB28342E9D8214630464D
S21403A8E8F6F7C6FC01463846FFF7CFFF2844C5B23D
S21403A8F8DFE770B506460D46FFF7D2FF044610B9E4
S21403A9080024204670BD29463046F6F7B1FC820679
S21403A918F7D5304601F076FD2544ADB26B1C9BB2E5
S21403A9288342EDD829463046F6F7A2FC00F0180312
S21403A938082B14BF05340634E4B2830644BF083430
S21403A948E4B2DEE738B50546FFF726FF044608B93E
S21403A958002038BD01462846FFF7CBFF0028F7D06E
S21403A9682044C0B2F5E72DE9F04387B005460C4608
S21403A978FDF7F5FF804602F0DAF807462846FFF7A4
S21403A9880BFF064601462846FFF78AFF00220346C2
S21403A99800922946324602A802F0C6F99DF80860D6
S21403A9A806F00C030C2B06F003090BD0B9F1010FC4
S21403A9B859D0F10657D49DF809300DF10A05002041
S21403A9C8637107E0FF230DF10900637102F0AFF826
S21403A9D80DF10B05208198F80130DA0704D508F144
S21403A9E8020002F0A4F82081B9F1010F5FFA89F892
S21403A9F83DD0F3063BD4284602F099F86080A81C9D
S21403AA0802F095F8053515F8013C208023712B785C
S21403AA18B006A37206F0400348BF43F02003390686
S21403AA2827D543F40073F80448BF43F48063390515
S21403AA3848BF43F400633206E38011D56A7812F000
S21403AA4803020DD06FEA43436FEA5343A978B8F17C
S21403AA58020FE3800B4611D1EB7841EA03212181EB
S21403AA6807B0BDE8F083FF230DF10905A7E7FF2329
S21403AA78CCE77A0648BF43F48073D4E7012A04BFB9
S21403AA880B029BB22381EBE7F7F7CCB80BB1F7F7CA
S21403AA9835B90AB9F7F7AEB9FF21F7F7D7B8431CA4
S21403AAA808BF0020E4F7B6B9034B5868C0F308009C
S21403AAB8003818BF0120704700ED00E0014B186806
S21403AAC8704700BF58660020084B1B6F03F0070348
S21403AAD8022B04D0032B05D0012B05D0FEE7044B2D
S21403AAE818687047034BFBE703487047008000501D
S21403AAF85866002060660020002D310108B5FFF770
S21403AB08E3FF054B1B6FC3F303330133B0FBF3F0CB
S21403AB18024B186008BD00BF008000505466002032
S21403AB280048704700B4C40400487047002D31013C
S21403AB38014B1868704700BF60660020014B186811
S21403AB48704700BF5C660020B8B1036813F4E07F63
S21403AB5803F03F00C3F382120AD0012A0DD1084B33
S21403AB6841B103F58053012282401A6000207047E2
S21403AB78044BF5E703F50053F5E70E20704700BFCF
S21403AB88688000506480005007B500F095FC6A465C
S21403AB9800F0F2FC18B14721034801F0EAFEDDE9AC
S21403ABA8000103B05DF804FB81D603000229F8B55B
S21403ABB896BF104B00245C5C012805460E4608D059
S21403ABC8022809D008B944F002040B4B1F6837B9AA
S21403ABD8F8BD44F00804F8E744F02004F5E77B687A
S21403ABE81A68144203D0314628465B6898473F687C
S21403ABF8EDE700BFA6700400303E002038B5104DC0
S21403AC082B78ABB10F4C23781BB100F04FFA002317
S21403AC182370002001F0C0FE0B4C50B100F098FAE8
S21403AC280023012120782B70FFF7C0FF0123237030
S21403AC3838BD0122054B1A702278054B1A70F7E7C0
S21403AC48355C0020335C00203B5C0020365C00202B
S21403AC58375C00200E490B78FF2B01D198B170475B
S21403AC680BB990B97047002814BF0122FF2213447A
S21403AC780B7060B1074B1B78012B08D9064B1B7862
S21403AC882BB9FFF7BBBF1A46F1E70122EFE7704778
S21403AC983A5C00203B5C0020365C002010B501F0CF
S21403ACA8D4FD064B04461B781BB1BDE8104001F0E3
S21403ACB8C7BDFFF7A3FF2046F7E700BF325C0020B7
S21403ACC802282DE9F04147D029480378FF2B41D1C4
S21403ACD8002941D11A461344DBB2037000293BD03E
S21403ACE8244E3278012A37D9002B3ED001F0ADFD29
S21403ACF8214F04463B780BB3204D2B781BB9012212
S21403AD082A701F4A1370DFF87C8098F8003023B146
S21403AD1800F0CCF9002388F80030204601F090FDB7
S21403AD28012001F039FE01F090FD2B7804461BB193
S21403AD3800F00EFA00232B7000233B70204601F028
S21403AD487FFD01243078A04206D02146FFF72EFF68
S21403AD58347001E013B931B9BDE8F081002914BF96
S21403AD680122FF22B7E70122B5E70224EAE700BF7C
S21403AD783A5C00203B5C0020355C0020325C0020F7
S21403AD88365C0020335C00202DE9FF47EFF310857F
S21403AD9872B6AFF3008001F0D4FE002800F0A4805A
S21403ADA86B4E6C4F337823B10020FFF753FF002315
S21403ADB83370387878B903A900F04EFB044650B9C7
S21403ADC8654B039A1B689A4200F296800120FFF7A8
S21403ADD841FF012333703B78002B40F0AB805F4B79
S21403ADE81B78002B00F0A3804FF002085C4CDFF8BA
S21403ADF890912078DFF88CA140450AD0002389F883
S21403AE0800309AF8003013B94146FFF7CFFE84F8AE
S21403AE18008099F800303BB12378022B04D1002335
S21403AE2889F8003001F0D7FEB8F1020F0FD1DFF82A
S21403AE382C8198F8003053B94A4B1B7823B900F095
S21403AE482FF90122484B1A70012388F8003020781E
S21403AE5800F0FEF89AF8003013B1444B1B782370C1
S21403AE68AFF30080284601F092FDEFF3108572B623
S21403AE783F4B1A7852B100221A703C4B20781B7845
S21403AE88984203D101212170FFF790FE394800F05C
S21403AE98A3FA01F06AFE8046002883D12F4F89F86B
S21403AEA800003B789BB1DFF8C0908AF8000099F859
S21403AEB800301BB100F0FAF889F80080002001F092
S21403AEC86BFD002839D000F043F900233B70337834
S21403AED823B10020FFF7BEFE00233370002120783D
S21403AEE8FFF764FE00232370AFF30080284604B000
S21403AEF8BDE8F04701F04BBD1F4BD3F8008000F0C8
S21403AF0861F9039B80449845BFF460AF00F054F999
S21403AF188200039942F0020292B2CDE90042234628
S21403AF28164AA1EB0801134801F038FD53E700F071
S21403AF38A1F859E74FF0010858E7012000F088F810
S21403AF48284601F024FDEFF3108572B6B6E700BF76
S21403AF58345C00203A5C0020383E0020355C002034
S21403AF683B5C0020395C0020335C0020375C002003
S21403AF78305C00203C3E0020343E0020A5AC030095
S21403AF88385C0020365C002010B501F05EFC002219
S21403AF98054B1C781A7001F053FC00F021FBE4B251
S21403AFA82043C0B210BD00BF315C002038B501F0A5
S21403AFB84CFC094B05461B78012B04D801F040FCD2
S21403AFC80024204638BD054B1C6800F0FBF80444F3
S21403AFD8284601F035FCF4E73B5C0020343E0020AD
S21403AFE81649174A0B6F10B503F007031360154A83
S21403AFF8154C9269032B02F00200C2F3400222703A
S21403B0081AD0D1F8203103F00303022B14D0D1F859
S21403B018243103F007039C1E634263410B4A1370F3
S21403B02848B143B9054BD3F8003103F00303591E5F
S21403B0384B424B41137010BD0123EFE700800050CD
S21403B048983E002000C00150405C0020415C002070
S21403B058012805D00238012808D80020D1F7C2BC39
S21403B068034A136923F00403136130BF704700BF14
S21403B07800ED00E0074A0849D2F8203103F003033D
S21403B0880B60D2F82431054A03F007031360F8F778
S21403B0989FBA00BF00800050A43E0020A03E0020B8
S21403B0A80122014B1A7070473F5C0020F8B51F4B0E
S21403B0B81B78002B39D01E4C2378B3B91D4B9A6DD9
S21403B0C8D10302D5DA6D92072FD49B6DDB072CD4F8
S21403B0D801F0A7FC184B194A1860136F23F00703EF
S21403B0E843F003031367FFF709FD01F09AFC124BBD
S21403B0F8134D1B68134EC01A2B78134F56F823208C
S21403B10846F82300111A3A681048521A0A213A6078
S21403B1180932B2FBF1F20133DBB20260B3FBF1F2A0
S21403B12801FB12332B7000232370F8BD415C00200B
S21403B1383E5C002000C00050903E00200080005077
S21403B1483D5C0020683E0020643E0020603E0020F0
S21403B15808B5F8F740FA124B12491A6F096822F035
S21403B16807020A431A671049D3F82021096822F010
S21403B17803020A43C3F820210C49D3F8242109689B
S21403B18822F007020A43C3F82421094B1B7813B19C
S21403B1980122084B9A62BDE80840FFF7AFBC00BF20
S21403B1A800800050983E0020A43E0020A03E0020C9
S21403B1B8415C002000E00050014B1878704700BF40
S21403B1C8415C0020054B187818B1054B186800EB4E
S21403B1D8D000044B1B681844704700BF415C00202E
S21403B1E8603E0020943E002008B5104B1A78C2B182
S21403B1F800221A700E4B1A6F22F0070242F0010261
S21403B2081A67D3F8202142F00302C3F82021D3F8A3
S21403B218242122F0070242F00302C3F82421FFF791
S21403B2286DFC0122034B5A6708BD00BF3F5C002034
S21403B2380080005000E000500D490B68A0B10022C2
S21403B248A3B1834203D1836822B90B6003E01A468D
S21403B2589B68F5E7936083680BB9002070475A69C3
S21403B26841690A445A61F8E722207047022070476A
S21403B278B03E002010B501F0F0FB0A4C0A4B1968E3
S21403B2882368C31A09B9206010BD002BFBD04A698E
S21403B2989A423ABF9B1A0022D21A4A6128BF002351
S21403B2A88968EFE7AC3E0020B03E002038B5154D60
S21403B2B82B682BB35B69B3B1134A022014681C448A
S21403B2C800F088FA204600F047FA00220F492B6858
S21403B2D80A70012A05D823B1D88880070AD501231E
S21403B2E80B70002038BD022000F074FA022000F02C
S21403B2F893FAEAE79B68002BF3D058690244E8E719
S21403B3082220EFE7B03E0020AC3E0020435C00203E
S21403B318C38870B504460D463BB9FFF747FE85421A
S21403B328064602D2F9F70CF935460E4A65611368E4
S21403B3389BB91460A3600FE02D1A986819466561D7
S21403B348034618B15869A842F6D941B18C60A36080
S21403B35813B15A69521B5A6170BD0021F2E7146093
S21403B368F5E700BFB03E002070B516469DF81420DA
S21403B378C0E903360271049ABDF818300260002249
S21403B38804460D468260C38006BB01F066FB28446C
S21403B398A0613DB9E368656113B120462168984703
S21403B3A896B1354601F051FA0646FFF763FF29467C
S21403B3B82046FFF7ADFF074B1B68A34201D1FFF7F3
S21403B3C875FF304601F03CFA002070BD01F045FBDE
S21403B3D83044DDE7B03E0020F8B50546D0B101F0AD
S21403B3E834FA0646FFF746FF0B4B28461F68FFF757
S21403B3F823FF044620B1304601F022FA2046F8BD62
S21403B408AF42F8D1FFF752FF2228F4D1022000F00A
S21403B418EDF9F0E72224F1E7B03E002038B50C46F4
S21403B4280546A8B1A1B100230B7001F01BFA012150
S21403B438084B1B6833B901F010FA002038BD9D424B
S21403B44804D121702278002AF9D0F4E79B68F1E743
S21403B4582220F3E7B03E0020F8B506460F4601F073
S21403B46801FA00250446124B1B6823B9204601F04F
S21403B478F4F91B2011E05A691544DA88B2420DD153
S21403B48801F0EBFA0B4E3368C01AA8420AD300231E
S21403B49820463B6001F0E1F90020F8BDFF2EEFD00F
S21403B4A89B68E2E701F0D9FA33682B441B1AEFE7E7
S21403B4B8B03E0020AC3E002070B501F0D3F9064636
S21403B4C801F0CBFA084B044601201D6801F0B5FAD3
S21403B4D818B101F0C2FA04460135304601F0BDF949
S21403B4E82046294670BD00BFB83E0020014B1868A9
S21403B4F8704700BFB43E0020F8B50C4B05461B68E2
S21403B5080E4683420FD3002440F2E7302146084B09
S21403B5184FF47A721F680023E5FB0701E2F738F851
S21403B52830602046F8BD2120FCE700BFA83E002077
S21403B538B43E00200F4B10B51A689AB14FF47A71CF
S21403B548531E1342A0FB01010ED1B2FA82F2C2F1D6
S21403B5581F04531CD243E04001FA03F3184321FAAD
S21403B56802F20243104610BD0023E2F711F8024622
S21403B578F8E700BFB43E002038B5164B144683429E
S21403B588154B8B4123D3154B1A6802B34FF47A75C0
S21403B598A0FB050305FB0131531E134211D1B2FA72
S21403B5A882F3C3F11F055A1CDB4301FA02F2E84093
S21403B5B821FA03F310431843E940C4E900010020C5
S21403B5C838BD0023E1F7E4FFC4E90001F7E72120CB
S21403B5D8F6E700BFEFA7C64B37894100B43E002005
S21403B5E810B501F03FF9034B1C7801F036F9E4B2C5
S21403B5F8204610BD425C002008B5084B1B7803F0B4
S21403B608FF004BB101F00DFA054B1B689B69C01A86
S21403B61802288CBF0020012008BD00BF435C002021
S21403B628B03E0020C2072DE9F843044607D5474A2B
S21403B638136801331360FFF71DFEFFF737FEA307F2
S21403B64840F1818001F00EF94FF0000805464646A2
S21403B658FFF710FE3E4F3C680CB16369A3B10022A6
S21403B6683C4B012E1A7003D118F0020F18BF1E7038
S21403B678FFF71CFE222802D1022000F0B7F828465E
S21403B688BDE8F84301F0E9B823465A693AB91A7986
S21403B6982179914288BF1C469B68002BF5D1284622
S21403B6A801F0DBF8D4F81080B8F1000F3FD001F0B2
S21403B6B8D4F9A269851AEB17454573F1000337DBFE
S21403B6C823691344A36101232269CAB1C3B9A38BAF
S21403B6D8B8EB050833B1E28B13449BB2B3F57A7F14
S21403B6E81CD2E38301F0BEF8054641462046FFF721
S21403B6F80FFEA369226928461344A36101F0ADF837
S21403B708E36813B1204621689847B4F8068001F029
S21403B718A9F801360546FFF7ADFD9CE7A3F57A734E
S21403B728E383A36918F1FF38013BA361DAE74546CB
S21403B73801F098F881462046FFF77EFD484601F05B
S21403B7488CF80023C0E7BDE8F88300BFB83E0020A6
S21403B758B03E0020425C002010B5044601F075F8A0
S21403B7684FF0B042936A1907FCD4136A116C5269F6
S21403B778520604D4CA1A032A01D899420ED1E21AE9
S21403B788022A98BFDC1CB4F1FF3F38BF013C4FF0D8
S21403B798B04340221C6403F580539A6101F050F8C5
S21403B7A8054A13783BB14FF0B041CB6B43F0020325
S21403B7B8CB630023137010BDCC6B002007B5044B76
S21403B7C801A9187901F06AF8019803B05DF804FB3B
S21403B7D8F06E040000F001038207034A48BF43F0F3
S21403B7E840039361704700BF00100058820700F0BB
S21403B7F801030AD50121064A43F0400311704FF0AE
S21403B808B041CA6B22F00302CA63024A93617047C7
S21403B818CC6B002000200058830742BF4022014B10
S21403B8285A6170470010005873B502AB164603E911
S21403B8380600044600F052FF0546204600F05EFF69
S21403B8489DF800208DB1202C33780ED8012B2ED8E6
S21403B8584FF6FF752D4803EB4313234430F81310B4
S21403B868A94202D0013120F81310294B294E33F888
S21403B878141036F81400814232D34FF6FF75A942E6
S21403B8884FF0010502D0013123F8141004F0FD012E
S21403B898092927D1998AB68A0A44B242B4BF9A823A
S21403B8A89E8233F81430834227D202B070BD022B2F
S21403B8B8DBD14FF6FF704FF6FF75144B33F81410B1
S21403B8C8814218BF013104F1210018BF23F8141070
S21403B8D833F81010A9421CBF013123F81010C4E72F
S21403B8E80025D0E71D2CDCD1598F8E18864203DA43
S21403B8F801390A445A87D4E75887002DD5D12046FC
S21403B90802B0BDE8704001F0C3B800BF4858002035
S21403B91820590020CC58002038B50D46044600F0C0
S21403B928A1FF064A13889BB22DB123431380BDE8B3
S21403B938384000F092BF23EA0403F7E7265B0020AB
S21403B9480022034B01214FF480701A70FFF7E4BFFF
S21403B9585762002008B5054B1868FCF74AFD00F047
S21403B9680300C31E5842584108BD00BF4055002077
S21403B97838B5044601F02AF90C4B054619781879A8
S21403B98881420FD0631E082B0CD8DFE803F0050DA1
S21403B9980B0D0B0D0D0D0D0000220146044B186808
S21403B9A8FCF725FD284638BD0022F7E7FA6B00208A
S21403B9B84055002038B54FF0FF300C46FFF76FF8B8
S21403B9C80A4B05461868FFF76AF8641B241A20B260
S21403B9D810F1630F06DB10F1240F05DA64308000DC
S21403B9E8C0B238BD0020FCE7FF20FAE74055002028
S21403B9F808B5134B1B78062B04D040F621011148D3
S21403BA0800F0B7FF104B1B881B0704D440F622012F
S21403BA180C4800F0AEFF0D4B2A201978FFF7A8FF55
S21403BA2800210820FFF778FF0222094B1A70094BFA
S21403BA381868E8F731FABDE8084001F016B800BF01
S21403BA4857620020A46B0400265B00205462002083
S21403BA58266C00204055002010B50E4C236823B9E9
S21403BA6840F6A3410C4800F084FF2068013001F03B
S21403BA785EF800F0070003280AD12468092201218A
S21403BA88204600F0E3FB205C031F5842584110BDD4
S21403BA980020FCE730550020A46B040038B50C469C
S21403BAA840B100210420FFF737FF00F0DEFF012C2A
S21403BAB81DD038BD244B1B889B07F6D50129234A7E
S21403BAC82FD1117869B30139C9B2117011B9202081
S21403BAD8FFF722FF00210220FFF71EFF04221C4B5C
S21403BAE800211C481A7000F05DFD00F0BEFF1A4CDA
S21403BAF82068013001F01BF800F44060B0F5006FD1
S21403BB081FD1246801210422204600F09FFB20440D
S21403BB1801F00DF80146BDE838400022202000F069
S21403BB28CFBF00210D4D02201170FFF7F5FE2B78CD
S21403BB38FF2B04D040F29961094800F01AFF2C70D5
S21403BB48B3E74FF6FF71E6E7265B00205662002050
S21403BB58576200207069002030550020276C0020AB
S21403BB68A46B040038B5134C05462388580709D533
S21403BB78FFF7F0FE01460720FFF7FAFEFF21012034
S21403BB88FFF78CFF238899070BD50B4B28461978A4
S21403BB988A1F51425141FFF7EBFE01210020FFF7B0
S21403BBA87DFF23881B0703D5BDE83840FFF720BF72
S21403BBB838BD00BF265B002057620020F7B5124C3D
S21403BBC8D4E9006586EA020C85EA03070CEA000C4A
S21403BBD80F405CEA070E15D086EA0C067D40C4E9DA
S21403BBE80065CDE900230B46084902460868FCF7BA
S21403BBF807FD38B14FF4FD71054803B0BDE8F040C2
S21403BC0800F0B7BE03B0F0BDB015002040550020C5
S21403BC18A46B040008B50A4B1B88DB0604D440F65D
S21403BC284701084800F0A5FE00211020FFF774FE20
S21403BC38002000F06BFBBDE8084000F016BF00BF0D
S21403BC48265B0020A46B04002DE9F04F57068046B8
S21403BC5814461D4691B005D5FFF77CFE0146012024
S21403BC68FFF786FEEE0403D500212D20FFF780FE9E
S21403BC78A00224D54046FCF740FD0146F8B940200B
S21403BC88FFF74AFE40460AA9FCF738F8B8B99DF804
S21403BC983030022B40F0D980BDF8280001F039F87F
S21403BCA8FF2808D14046FCF727F840B90121402071
S21403BCB8FFF732FE03E001F030F80028F2D1A103C3
S21403BCC805D5FFF747FE01460320FFF751FEE201BD
S21403BCD804F0807640F1C080854B1B889B072DD5E2
S21403BCE8844E3068FBF79FFF40BB834B834F187027
S21403BCF83B78FF2B04D040F25761814800F039FEA9
S21403BD084FF0000900210220FFF706FE87F800908F
S21403BD187C4F3B78062B07D101210820FFF7FCFD53
S21403BD2849462820FFF724FE3B78052B06D1002139
S21403BD382B20FFF71DFE3068E8F7AEF800F095FEF7
S21403BD48220717D56B4F0321386805AAFBF785FF2B
S21403BD58064620B940F2C961694800F00AFE9DF814
S21403BD681430072B00F0D080FFF7F4FD01460420BB
S21403BD78FFF7FEFDE10505D5FFF7ECFD01460420B8
S21403BD88FFF7F6FD14F4863F05D0FFF7E3FD0146FB
S21403BD980220FFF7EDFDA20113D5FFF7DBFD0146F1
S21403BDA80820FFF7E5FD00210420FFF7B5FD554BF6
S21403BDB81B78012B03D14F4B1868E8F76DF800F092
S21403BDC854FE14F0084F09D0FFF7C4FD01460720B8
S21403BDD8FFF7CEFDFF210120FFF760FEA30009D57C
S21403BDE8FFF7B8FD01460620FFF7C2FDFF21012035
S21403BDF8FFF754FEA70705D53D4B1B881E0701D53D
S21403BE08FFF7F6FD6C0603D500210A20FFF7B0FD01
S21403BE18280602D50120FCF782FCE90540F1858156
S21403BE2840460AAA05A9FCF7E0FA9DF81430222B27
S21403BE3800F06D8100F28281152B40F26A8140F68C
S21403BE480A112F4800F095FD6FE1032B7FF437AFF7
S21403BE580AA800F05AFF30E705F0020756EA070378
S21403BE680DD0284B26201978A1F1060EDEF1000125
S21403BE7841EB0E01FFF77CFD0121304611E004F08B
S21403BE88805656EA07030FD01E4B26201978A1F1D1
S21403BE98060CDCF1000141EB0C01FFF769FD0221FA
S21403BEA83846FFF7FBFD4BE704F0884151EA0603E3
S21403BEB809D0144B272019788F1F79427941FFF749
S21403BEC857FD0221D9E705F008030B4302D02320C8
S21403BED8FFF74EFD680703D500212420FFF748FD2A
S21403BEE8E9077FF52DAF00212520FFF741FD27E75A
S21403BEF8265B00204055002056620020276C002051
S21403BF08A46B040057620020314638680AAAFBF778
S21403BF18AAFE20B14FF4DA619E4800F02AFDBDF868
S21403BF281630386802330AA9ADF82C30FBF79DFEA5
S21403BF3820B140F2DF61974800F01BFD0023009311
S21403BF4831460423386804AAFBF791FE042804D074
S21403BF5840F2E4618F4800F00CFDDFF8589299F838
S21403BF680030C3BB0DF1110000F0E1FD00F007003F
S21403BF78022830D1FFF7EEFC01460920FFF7F8FC4C
S21403BF88854B1B78062B23D1844B9DF813201B78EF
S21403BF989A421DD19DF8353023B940F2FA617D489F
S21403BFA800F0E7FC0DF1110000F0C1FDC0F3001628
S21403BFB831462920FFF7DCFC00210820FFF7ACFCFC
S21403BFC8774B1E70FFF748FD10B93868E7F764FF2C
S21403BFD800F04BFDCEE6BDF816000121083080B20E
S21403BFE800F068FA039030B9FFF7B4FC0146042062
S21403BFF8FFF7BEFCECE700F0E9F905AA014606469A
S21403C0083868FBF73CFE99F800A0BAF1000F22D176
S21403C01806F1010B584600F08AFD83065AD53868A0
S21403C028FCF76BFB0746FFF795FC05370146F8B2A6
S21403C038FFF79EFC584600F07AFD00F00700032839
S21403C048584F2DD001210420FFF766FC4FF0FF3030
S21403C058FBF734FE386000225349BDF816300978DA
S21403C068F718F1549DF83630BB709DF83730FB70DF
S21403C0780A9B190E3971190C7971FB71190A99F80B
S21403C0880030B97123B9737892B343F02003737001
S21403C098002000F069F97870039800F071FA97E7C2
S21403C0A801210922304600F0D1F8305C012104282A
S21403C0B8C9D1FFF731FC4FF0FF30FBF7FFFD3B4BD1
S21403C0C838601B885806C6D551464020FFF724FC1F
S21403C0D80122C1E7FFF73EFC01460920FFF748FCAB
S21403C0E82D4B1B78012BB6D13868E7F7D5FEB2E798
S21403C0F823F02003CBE701227E33DBB202FA03F3F5
S21403C10813F00A1F31D113F0011F3FF498AE27200E
S21403C1182CE0012202FA03F3254A1A402ABB13F03D
S21403C128041FF4D1DA077FF58AAEAB052FD50121B4
S21403C138802011B0BDE8F04FFFF7EEBB652B1AD889
S21403C148622B12D8452B0CD8422B0ED8352B06D883
S21403C158322B0AD8252B08D9322BD8D06FE6422B98
S21403C168FBE7552B05D8522BF7D92620FFF7FAFC01
S21403C178DBE7622BF1E7952B3FF661AE812BBAD846
S21403C188722BC4D0733B022B3FF659AEEDE711B0C2
S21403C198BDE8F08FA46B04005762002053620020AA
S21403C1A8266C00202C550020286C0020265B0020D7
S21403C1B83A0038005A620020024B1878B0FA80F02A
S21403C1C8400970475762002008B5064B4FF0FF3109
S21403C1D81868FCF730F90028B8BF033040F3870027
S21403C1E808BD00BF4055002008B5074B1868FCF784
S21403C1F89CF930B1054BB3FBF0F083B20BB118468C
S21403C20808BD0120FCE700BF4055002040420F0050
S21403C21838B510200C460121FFF77EFB064B1D6838
S21403C228FFF7E2FF012200FB04F1044B2846FCF764
S21403C238E7F8002038BD00BF405500201DBC0300AA
S21403C248014800F096BB00BFBE6B0400032A70B516
S21403C258144602D82C4B985C70BD81F0010519B9B9
S21403C2680D2A07D1FF20F7E70D2A03D100780538F2
S21403C278C0B2F1E7084400F05AFCC5F1040110F413
S21403C28840660246C9B209D1042C0846E4D0052CF8
S21403C29816D112F0400F18BF0846DDE7C5F10603AE
S21403C2A8042CD8B2D8D0B6F5006F03D1C5F108056B
S21403C2B8E8B2ECE7B6F5406FE9D1C5F10E05F7E746
S21403C2C812F4404107D1062CC6D0072CC4D0082C3C
S21403C2D813D10130CCE755065CBF831CD8B2062CB5
S21403C2E8BAD0B1F5004F02D1831CD8B2EDE7B1F549
S21403C2F8404FEAD100F10803F7E7130744BF0530B8
S21403C308C0B20C2CA8D9ADE7E4CE0400AC2370B5B4
S21403C318094C054603FB00435E6D26B940F2FD3122
S21403C328064800F026FBAC2303FB0544002363659D
S21403C3383346BDE87040184744550020FB6B04009D
S21403C34810B40C461146AC22064B02FB0033586D5C
S21403C35820B95C655DF8044BFFF75ABF02205DF809
S21403C368044B704744550020AC22034B02FB0033B2
S21403C37893F8A800704700BF4455002028B1034B24
S21403C3881B68C01A4010013080B27047045600205C
S21403C39830B1044B00F100401B68013803EB400042
S21403C3A8704700BF04560020064B1B68834206D816
S21403C3B8054B1B68834294BF00200120704700206A
S21403C3C8704700BF045600200056002010B50446E8
S21403C3D808B9002010BD00F00BFC20B940F2CD418F
S21403C3E8074800F0C6FA2046FFF7D2FF0028F0D029
S21403C3F80388DB0B14BFD0F80A000830EAE700BF4F
S21403C408D26B040010B508B9002010BDFFF7C0FFB3
S21403C418044600F0E4FB20B94FF49D61064800F09B
S21403C428A8FA002CF0D02388DB0B0ABF6088208983
S21403C438C0F30C00E9E700BFD26B040038B5FFF77A
S21403C448A7FF0D46044650B100F0C9FB20B940F2D9
S21403C4584151034800F08DFA023534F8150038BD0B
S21403C468D26B040070B5FFF793FF0C4616460546D5
S21403C478B0B100F0B4FB20B940F24D510C4800F0BF
S21403C48878FA3046FFF784FF00F0A9FB20B940F29C
S21403C4984E51074800F06DFA023425F8146070BD53
S21403C4A840F25251BDE87040014800F062BA00BF3E
S21403C4B8D26B04002DE9F8430746884600F0FBFADA
S21403C4C820B940F28E512A4800F053FAFC1CA408FF
S21403C4D8284B64000434B7F5005F1E68A4B204D37F
S21403C4E840F29551224800F044FA00F0BBF922497D
S21403C4F881460B687BB9214B1D68761BC6F34F062E
S21403C508B44227D90025484600F0A7F92846BDE8CF
S21403C518F843FFF733BFB8F1000F11D0174A156871
S21403C5285A1BC2F34F029442ECD81448620005EB38
S21403C53844040460B8F1000F0FD113440B600CE0F9
S21403C548F61AC6F34F0676B940F2A651084800F025
S21403C55810FAD7E705EB44041C6000236F80AB8012
S21403C568EB802B80CFE7B442CCD8044A1568DCE7C7
S21403C578D26B040008560020F05500200056002011
S21403C58838B5054600F06EF90446294604480022E5
S21403C59800F03BFB2046BDE8384000F05EB900BF1C
S21403C5A82C5B002082684B4B2DE9F0419A420446E7
S21403C5B80E46056815D121B140F21311464800F01E
S21403C5C8D8F900F04FF923691BB92B682BB92461F6
S21403C5D82C60BDE8F04100F040B91A6922611C617D
S21403C5E8F6E700F0BFF98046FEF75EFA20B14FF48F
S21403C5F89571394800F0BDF96FF000439E422169F2
S21403C6084BD22B7B08EB0602002B4DD0AB6893422C
S21403C6184AD1531C002949D06169994242D01EB9B0
S21403C628521AB2F1004F3DD9636123696E689C4282
S21403C63803D19D21284800F09CF92F460023B442D5
S21403C6480BD0002B41D172696169891AB1F1004F89
S21403C65832D83269374694422CD12269BD420CBF80
S21403C6686A603A617BB92669B44203D1B8211A488D
S21403C67800F07FF93B46012E05D062697169521AAC
S21403C688B2F1004F23D99D420BBF6B681A69236129
S21403C69822610CBF6C601C6104E0434431B16269DB
S21403C6A89342C1D1BDE8F0811346B3E76A682261B5
S21403C6B86C60B9E71646C6E7A8EB0202B2F1004F6C
S21403C6C8C7D93B4637463669B9E71F46F9E73346BF
S21403C6D83669D0E75D5D0200E66B04000823064A68
S21403C6E812F8011B814205D0013B13F0FF03F7D173
S21403C6F8184670470120704795CF04000823064A5A
S21403C70812F8011B814205D0013B13F0FF03F7D152
S21403C71818467047012070478DCF040010B50822CD
S21403C72807490446E1F7ECFDB0FA80F04FF6FF73CD
S21403C7382289400940009A4208BF40F0010010BD14
S21403C748A6CF040030B504460D4685B002B9084A9C
S21403C7581068516801AB03C301AB03CB20602046C6
S21403C768ADF80C501B886160238105B030BD00BF4F
S21403C778A6F40300002270B50A4B1C780A4BD5B200
S21403C788AC4202D800200C7008E01E8801328642AC
S21403C79805D30D701B881B1A5842584170BD1233B7
S21403C7A8EDE700BFD1610020CC5A002010B5164B28
S21403C7B8187860B1154C2368CBB14FF4707200201B
S21403C7C81349FFF7BDFD2368013B236010BDFFF740
S21403C7D8FBFC1049104A91F90040136884420B4C3D
S21403C7E803F1010313602368B8BF087053B90B48F5
S21403C7F800F033FA0028E9D1BDE81040014607489F
S21403C808FFF7D0BE0822DAE7A76200207C5600208E
S21403C818B5C70300A2620020745600203C6B0020B4
S21403C828054B1B682BB9054B1868003818BF012041
S21403C83870470120704700BF6C56002068560020DA
S21403C84810B962B6BFF36F8F7047EFF3108072B6F6
S21403C8587047302383F31188704780F31188BFF33A
S21403C8686F8F7047EFF31180302383F31188704777
S21403C878002070474FF4004070474FF47A707047B3
S21403C8880122417803788A4030214B4341F2100154
S21403C89803F1A04303F570335A50704709B100F00B
S21403C8A808B8222070470121FEF74EB90021FEF78B
S21403C8B84BB970B506460D46FFF7D4FF04461D2E42
S21403C8C848D8DFE806F00F18471D20234726292CEB
S21403C8D847472F32473538473B473E47474447473E
S21403C8E847474741FEF7F0F8002628602046FFF73B
S21403C8F8B4FF304670BD4FF4C070CFF7DFFCF3E7E4
S21403C9084FF42070F9E74FF44070F6E74FF4607081
S21403C918F3E74FF40070F0E74FF48060EDE74FF469
S21403C9289060EAE74FF4C060E7E74FF4F060E4E7A7
S21403C9384FF4B060E1E74FF4D060DEE74FF4E06011
S21403C948DBE74FF4A060D8E74FF48070D5E74FF4E1
S21403C9580860D2E700202126C7E708B5FEF714F9D2
S21403C96880B208BD08B5FEF70FF908BD704742DE6A
S21403C978704738B504460D4600F008F8FFF769FF18
S21403C98829462046BDE83840FFF7F1BF704710B97F
S21403C99862B6BFF36F8F7047012070472DE9FF41DA
S21403C9A80D4616461F460446A8B14FF00008C0F8C1
S21403C9B81C80FEF711FDBDF82C30424602939DF805
S21403C9C828302946CDE9007320463346FEF7CCFCCB
S21403C9D804B0BDE8F0812220FAE7F0B51F4600232D
S21403C9E887B00D46164604468DF81730A8B1C361BE
S21403C9F80DF11701FEF712FD9DF817207AB9BDF859
S21403CA083430294602939DF830302046CDE900732A
S21403CA183346FEF7A9FC07B0F0BD2220FBE7032048
S21403CA28F9E738B5FFF71EFF054600F016F8044683
S21403CA382846FFF712FF204638BD4FF0B0430128BB
S21403CA485B6904D0022805D1C3F38010704703F04E
S21403CA58010070470020704770474FF0B0439A6A4A
S21403CA681207FCD4186A7047704708B5FFF7FCFF2F
S21403CA7800F01DF808BD10B5FFF7E7FE01210446D0
S21403CA880846FEF71DF92046BDE81040FFF7D8BE56
S21403CA9810B5044600F012F82046FBF74FF8204678
S21403CAA8F8F772F8BDE81040F9F735BC704708B5D3
S21403CAB8FFF7FCFF08BD012070477047002070474A
S21403CAC830B589B00446ADF806108DF81020FFF788
S21403CAD805FE05462046FFF711FE03469DB1BDF841
S21403CAE80600ABB900F0BEF8FF2808BF00200DF11A
S21403CAF80F038DF80F001A46204604990593FEF790
S21403CB0893FE09B030BD0028F5D00DF10603F2E711
S21403CB1800F0A8F8FF2808BF0020BDF806308DF8F7
S21403CB280F00ADF81A308DF8180006ABE3E7008857
S21403CB3870470170090A4170704701207047012049
S21403CB48704738B5DFF7C4FF0446D4F7D3FE051E8F
S21403CB5818BF2546D4F7A0FF041E18BF2C46FFF7B8
S21403CB68ECFF002818BF204638BD38B5FEF70CFA88
S21403CB780446F7F709FA04281ED002284FF00005E2
S21403CB8808BF0124F8F7A8F8042817D0022808BF16
S21403CB980124F7F738FE042812D0022808BF012418
S21403CBA8FFF7CDFF04280DD0022808BF0124002D67
S21403CBB818BF0024204638BD0125E3E70125E8E72A
S21403CBC80125EDE70024F5E7FF20704708B5FFF7D2
S21403CBD8FBFF002008BD02210120E1F7BBBD08B515
S21403CBE820B1FFF7E1FB00F0010008BD0120FAE7DA
S21403CBF808B5FFF7CDFBBDE80840FFF7F0BF008890
S21403CC0810B1C9B2FFF71ABC70472DE9F041B0F866
S21403CC18008006460C46D5B2B8F1000F11D0294657
S21403CC284046FFF70BFC2246074629464046FFF7D1
S21403CC3819FC3A4629462046FFF714FC3480BDE81B
S21403CC48F0810F46F5E703461B8808468B4202D059
S21403CC580021FFF7F3BB002070470069003818BFB0
S21403CC680120704700207047F8B506460D46FFF7C3
S21403CC7855FD0328044621D02846FFF74FFD032811
S21403CC8807461BD010F0020318D1A0070DD5F907E5
S21403CC9816D401233C43E20704D431892A899142F6
S21403CCA818BF002303F00100F8BD082229463046C2
S21403CCB8E1F726FBB0FA80F35B09EBE70020F3E71E
S21403CCC81846F1E770B50D4600210646FFF797FFAD
S21403CCD8044630B1FFF77AFB01462846FFF7C4FF40
S21403CCE808B1204670BD21463046FFF7ACFFEFE794
S21403CCF807B50DF10701FFF73DFD20B19DF80700C5
S21403CD0803B05DF804FBFF20FAE700207047FF2016
S21403CD187047FF207047FF207047002070470020A9
S21403CD2800217047002070472DE9F8430746084658
S21403CD38154688461C469DF82090FFF747FB46197C
S21403CD48A4B19EB14046FFF75DFB254485420FDC40
S21403CD582246B9F1000F06D131463846E0F7D6FF2A
S21403CD680020BDE8F88339463046F7E72120F8E780
S21403CD781D20F6E700000000F8B500BFF8BC08BCA5
S21403CD889E467047F8B500BFF8BC08BC9E46704779
S21403CD985FF800F0016400205FF800F0A964002043
S21403CDA85FF800F04963002044657669636520747C
S21403CDB8797065206368616E67652064657465636A
S21403CDC87465643A202564202D3E2025640D0A00E8
S21403CDD850726573732064657465637465640D0ABD
S21403CDE8004D756C7469207072657373206465747E
S21403CDF865637465643A2025640D0A0052656C659C
S21403CE086173652064657465637465640D0A004C14
S21403CE186F6E6720707265737320646574656374D8
S21403CE2865640D0A0072656C61795F737461727468
S21403CE385F6C61746368696E675F70756C73653A77
S21403CE4820616E6F746865722070756C73652069EF
S21403CE5873206163746976650D0A0072656C61797F
S21403CE685F6F6E0D0A0072656C61795F6F66660D9B
S21403CE780A0072656C61795F746F67676C650D0A83
S21403CE880057726974696E6720636F6E66696720F8
S21403CE98746F206E763A2025730D0A0053697A65F7
S21403CEA83A2025640D0A004661696C656420746F30
S21403CEB8207772697465204445564943455F434F56
S21403CEC84E4649475F4441544120746F204E562CC2
S21403CED8207374617475733A2025642E202862794A
S21403CEE87465733A202564290D0A007375636365B0
S21403CEF87373210D0A004661696C656420746F209C
S21403CF0872656164204E565F4954454D5F444556E5
S21403CF184943455F434F4E4649472C207573696E10
S21403CF28672064656661756C7420636F6E666967EF
S21403CF3820696E73746561642C20737461747573E9
S21403CF483A2025642E202862797465733A2025646E
S21403CF58290D0A005573696E6720636F6E666967E5
S21403CF683A2025642063686172732066726F6D0DBC
S21403CF780A25730D0A00736F6E6F66663B5A424D39
S21403CF88494E494C322D637573746F6D3B4241307D
S21403CF98753B4C4335693B534136753B52413541E6
S21403CFA8343B004E6574776F726B207374617475C7
S21403CFB873206368616E67656420746F2025640D4B
S21403CFC80A004D616E7566616374757265722074C6
S21403CFD86F6F206269670D0A004D6F64656C207475
S21403CFE86F6F206269670D0A00496E697469616C20
S21403CFF8697A696E67205A69676265652077697416
S21403D008682025642073776974636865732C202504
S21403D018642072656C6179732C20256420636F76AF
S21403D02865722073776974636865732C202564209A
S21403D038636F766572730D0A00436F6E66696720C1
S21403D048706172736564207375636365737366755D
S21403D0586C6C790D0A007265616420766572736973
S21403D0686F6E20666F726D206E6577206C6F6361D6
S21403D07874696F6E0D0A004661696C656420746F87
S21403D088207772697465206C6173745365656E5690
S21403D098657273696F6E20746F204E562C207374F6
S21403D0A83A2025640D0A004F6C642076657273690E
S21403D0B86F6E3A2025640D0A0043757272656E74A6
S21403D0C82076657273696F6E3A2025640D0A0052DE
S21403D0D84553455420414C4C210D0A0068616C5F4A
S21403D0E86770696F5F63616C6C6261636B3A206536
S21403D0F8787469206C696E6520256C642073746186
S21403D10874757320256C750D0A0068616C5F67700B
S21403D118696F5F63616C6C6261636B3A206E6F2044
S21403D128667265652045585449206C696E65730DAB
S21403D1380A002F686F6D652F72756E6E65722F778E
S21403D1486F726B2F747579612D7A69676265652DC1
S21403D1587377697463682F747579612D7A69676262
S21403D16865652D7377697463682F73696C61627379
S21403D1785F746F6F6C732F73696D706C6963697412
S21403D188795F73646B2F2E2E2F2E2E2F7372632FB9
S21403D19873696C6162732F68616C2F7A696762655D
S21403D1A8652E630044726F7070696E67206F6C64D7
S21403D1B8204F544120696D6167652C206375727230
S21403D1C8656E74206F66667365743A20256C750AF7
S21403D1D800556E6B6E6F776E20636F76657220638D
S21403D1E86F6D6D616E643A2025640D0A00556E6B8B
S21403D1F86E6F776E20636D642025640D0A00427592
S21403D20874746F6E207072657373206465746563D7
S21403D2187465642C20627574206E6F20627574744E
S21403D2286F6E20697320707265737365640D0A00E8
S21403D238427574746F6E206C6F6E672070726573B8
S21403D248732064657465637465642C206275742042
S21403D2586E6F20627574746F6E206973206C6F6EC0
S21403D2686720707265737365640D0A004E6F2063DA
S21403D2786F7665722073776974636820636F6E666A
S21403D288696720696E204E562C207573696E672071
S21403D29864656661756C74730D0A0041747472690B
S21403D2A862757465206368616E6765642C206570B3
S21403D2B83A2025642C20636C75737465723A2025AE
S21403D2C8642C20617474723A2025640D0A00506F2A
S21403D2D86C6C20636F6E74726F6C3A2073656E6441
S21403D2E8696E6720636865636B2D696E0D0A005A5D
S21403D2F8434C2061637469766974792C20656E746F
S21403D3086572696E67206661737420706F6C6C0D46
S21403D3180A00506F6C6C20636F6E74726F6C3A20E1
S21403D328636865636B2D696E20726573706F6E73C1
S21403D338652C20666173743D25642C2074696D65BD
S21403D3486F75743D25640D0A00506F6C6C20636F0F
S21403D3586E74726F6C3A206661737420706F6C6CAF
S21403D3682073746F700D0A00506F6C6C20636F6EB9
S21403D37874726F6C3A20736574206C6F6E672070D6
S21403D3886F6C6C20696E74657276616C3D256C757E
S21403D3980D0A00506F6C6C20636F6E74726F6C3A74
S21403D3A8207365742073686F727420706F6C6C20BA
S21403D3B8696E74657276616C3D25640D0A00506F5C
S21403D3C86C6C20636F6E74726F6C3A206368656367
S21403D3D86B2D696E20696E74657276616C20777240
S21403D3E8697474656E3D256C750D0A00506F6C6C18
S21403D3F820636F6E74726F6C3A20696E76616C691F
S21403D4086420636865636B2D696E20696E74657244
S21403D41876616C2C20726576657274696E670D0A80
S21403D42800506F6C6C20636F6E74726F6C3A206674
S21403D43861737420706F6C6C2074696D656F757496
S21403D448207772697474656E3D25640D0A00506F03
S21403D4586C6C20636F6E74726F6C3A2066617374BB
S21403D46820706F6C6C2074696D656F75742C2073EF
S21403D4787769746368696E6720746F206C6F6E676C
S21403D48820706F6C6C0D0A00556E6B6E6F776E208E
S21403D4984C6576656C4374726C20636F6D6D616E54
S21403D4A8643A2025640D0A00556E6B6E6F776E20FE
S21403D4B84F6E4F666620636F6D6D616E643A202506
S21403D4C8640D0A00496E6465782061742077726972
S21403D4D8746520617474723A2025640D0A004E6FD1
S21403D4E82073776974636820636F6E66696720695B
S21403D4F86E204E562C207573696E672064656661C8
S21403D508756C74730D0A00496E76616C69642072D3
S21403D518656C61795F696E64657820256420696E39
S21403D528204E562C20726573657474696E67207472
S21403D5386F2064656661756C740D0A003E2000559D
S21403D5486E6B6E6F776E206572726F7200496E70BF
S21403D5587574206275666665722069732046554C35
S21403D5684C004D6178696D756D206E756D626572D8
S21403D578206F6620617267756D656E7473206578B3
S21403D5886365656465640054686520617267756DD4
S21403D598656E74206973206E6F7420666F726D6192
S21403D5A87474656420636F72726563746C7900497A
S21403D5B86E636F727265637420617267756D656EEC
S21403D5C874207479706500496E636F72726563744C
S21403D5D8206E756D626572206F6620617267756D61
S21403D5E8656E7473004E6F20636F6D6D616E642095
S21403D5F8666F756E640075696E7438006164646975
S21403D60874696F6E616C002A00756E6B6E6F776E49
S21403D6180077696C6463617264006865786F707418
S21403D62800737472696E676F70740075696E74330D
S21403D638326F70740075696E7431366F7074007566
S21403D648696E74386F7074006865780073747269ED
S21403D6586E670075696E7431360075696E74333299
S21403D668002E2E2E200068656C70000A25730A2586
S21403D6787325730025732008002F686F6D652F7256
S21403D688756E6E65722F776F726B2F747579612D51
S21403D6987A69676265652D7377697463682F74752D
S21403D6A879612D7A69676265652D7377697463682E
S21403D6B82F73696C6162735F746F6F6C732F736912
S21403D6C86D706C69636974795F73646B2F706C61D2
S21403D6D874666F726D2F736572766963652F6C65F2
S21403D6E8676163795F68616C2F7372632F62617316
S21403D6F8652D7265706C6163656D656E742E630067
S21403D7082F686F6D652F72756E6E65722F776F72E1
S21403D7186B2F747579612D7A69676265652D7377E2
S21403D728697463682F747579612D7A6967626565AC
S21403D7382D7377697463682F73696C6162735F749A
S21403D7486F6F6C732F73696D706C69636974795F37
S21403D75873646B2F706C6174666F726D2F7365726A
S21403D768766963652F746F6B656E5F6D616E61674F
S21403D77865722F6C65676163792F7372632F736C99
S21403D7885F746F6B656E5F6D616E616765722E633E
S21403D798002F686F6D652F72756E6E65722F776FC3
S21403D7A8726B2F747579612D7A69676265652D7357
S21403D7B877697463682F747579612D7A696762650A
S21403D7C8652D7377697463682F73696C6162735F19
S21403D7D8746F6F6C732F73696D706C696369747992
S21403D7E85F73646B2F706C6174666F726D2F7365ED
S21403D7F872766963652F746F6B656E5F6D616E61B4
S21403D8086765722F6C65676163792F7372632F730D
S21403D8186C5F746F6B656E5F6D616E75666163745E
S21403D8287572696E672E630043757272656E74202F
S21403D838436F6E6669673A2025307800536574200F
S21403D848434341206D6F646520746F2025643A2036
S21403D85825307800656E61626C656400646973617F
S21403D868626C6564006F757428636C69656E7429E9
S21403D87800696E202873657276657229004D4647DF
S21403D88820537472696E673A20257300417070429C
S21403D89875696C646572204D464720436F64653A24
S21403D8A820307825303458006E6F6465205B00415D
S21403D8B864646974696F6E616C20696E74657266F8
S21403D8C86163657300202025643A200070616765EC
S21403D8D8205B25645D206368616E205B25645D209C
S21403D8E8707772205B25645D006E6F7420616374C5
S21403D8F8697665006572726F7220307825303858FD
S21403D9080070616E4944205B3078253034585D20BA
S21403D9186E6F64654944205B3078253034585D2043
S21403D928007870616E205B307800706172656E7483
S21403D9384944205B3078253034585D207061726521
S21403D9486E7452737369205B25645D006E6F64653D
S21403D95854797065205B0053656375726974792022
S21403D9686C6576656C205B253032585D006E657491
S21403D978776F726B207374617465205B2530325839
S21403D9885D20004275666665722062797465733A2F
S21403D998202564202F20256400457020636E743A82
S21403D9A8202564006570202564205B656E64706FAF
S21403D9B8696E742025732C20646576696365202553
S21403D9C8735D20006E776B205B25645D2070726F35
S21403D9D866696C65205B3078253034585D2064654D
S21403D9E8764964205B3078253034585D2076657236
S21403D9F8205B3078253032585D00202020202573A0
S21403DA0820636C75737465723A2030782530345801
S21403DA1820004E776B20636E743A202564006E7779
S21403DA286B202564205B25735D005072696D6172F7
S21403DA3879202870726F290020206E6F64655479E8
S21403DA487065205B3078253032585D00202073657A
S21403DA5863757269747950726F66696C65205B309A
S21403DA6878253032585D0045502025643A202573C2
S21403DA7820004572726F723A2020556E6B6E6F7770
S21403DA886E20656E64706F696E742E00456E6162F3
S21403DA986C65206576656E742064656275672069B3
S21403DAA86E666F20696E20436F726520434C49206B
S21403DAB8636F6D706F6E656E74006F6E6C7920633E
S21403DAC86F6F7264696E61746F72732063616E2020
S21403DAD8666F726D0A006A6F696E20307825303873
S21403DAE8580A006C65617665002573203078253002
S21403DAF832580A0072656A6F696E0072656A6F69E2
S21403DB086E4469666644657669636554797065002C
S21403DB186578742E2050414E2049443A20004E57CB
S21403DB284B206F70656E3A20257520736563004E2B
S21403DB38574B20636C6F7365640066696E64206A6E
S21403DB486F696E61626C653A20307825303258000A
S21403DB5866696E6420756E757365643A2030782539
S21403DB68303258004368616E67696E6720746F20A9
S21403DB786368616E6E656C2025643A2030782530BC
S21403DB88325800696E76616C6964206E6574776FC7
S21403DB98726B20696E6465780053686F72742049E7
S21403DBA8443A203078253034582C204555493634A5
S21403DBB83A20002C2050616E2049443A20307825BC
S21403DBC83034580053746172746564206D756C74D0
S21403DBD8692D70687920696E74657266616365007D
S21403DBE84661696C656420746F202573202573204D
S21403DBF8307825303258005465726D696E617465E5
S21403DC086420257320307825303258004B656570BC
S21403DC1820616C69766520737570706F7274206501
S21403DC286E61626C65642E006661696C6564207457
S21403DC386F20736574206B65657020616C69766503
S21403DC48206D6F64652E00737563636573736675FD
S21403DC586C6C792073657420746865206368696CD6
S21403DC68642074696D656F7574206F7074696F6E60
S21403DC78206D61736B2E006661696C656420746F32
S21403DC882073657420746865206368696C642074FF
S21403DC98696D656F7574206F7074696F6E206D613A
S21403DCA8736B2E00646973636F766572004D6174D7
S21403DCB86368202573792066726F6D203078253067
S21403DCC834582C206570202564004E574B20416439
S21403DCD8647265737320726573706F6E73653A202A
S21403DCE830782530345800494545452041646472E8
S21403DCF865737320726573706F6E73653A2000538D
S21403DD086572766963652025737920646F6E652E60
S21403DD1800232020747970652020206E776B2020DE
S21403DD286C6F6320202072656D202020636C7573EA
S21403DD382020206E6F6465202020657569002020EA
S21403DD482564202020203078253034582020307849
S21403DD58253034582020307825303458203078251C
S21403DD683034582000736C5F7A69676265655F674D
S21403DD7865745F62696E64696E67204572726F7256
S21403DD883A203078253038580A002564206F6620F4
S21403DD9825642062696E64696E67732075736564AB
S21403DDA800656E61626C6564207072696E740064E7
S21403DDB8697361626C6564207072696E740061646D
S21403DDC864206C696E6B206B6579004552523A2065
S21403DDD843616C63756C61746564204352432064C5
S21403DDE86F6573206E6F74206D61746368004552A7
S21403DDF8523A20496E7374616C6C20436F646520D5
S21403DE086D75737420626520382C2031302C2031D0
S21403DE18342C206F72203138206279746573206938
S21403DE286E206C656E677468004552523A20414509
S21403DE38532D4D4D4F2068617368206661696C6584
S21403DE48643A2030782530325800536574206A6F58
S21403DE58696E696E67206C696E6B206B65790073F3
S21403DE6865742062696E642025643A20307825300C
S21403DE78327800454D50545900554E494341004D9C
S21403DE88324F4E45004D554C5449003F2020202024
S21403DE9800496E64657820494545452041646472A7
S21403DEA86573732020202020202020204E574B49BE
S21403DEB86E6465782020496E204643202020202063
S21403DEC854544C28732920466C6167202020204B25
S21403DED8657920202020002564202020202000208B
S21403DEE820256420202020202020002020253038CC
S21403DEF85820200020307825303458202000496EDA
S21403DF0864657820494545452041646472657373A2
S21403DF18202020202020202020496E204643202031
S21403DF282020205479706520204175746820204B82
S21403DF386579002D2020202020002563202020201E
S21403DF48202563202020202000696573005741524E
S21403DF584E494E473A202052454144494E47204FA2
S21403DF6846204B45592056414C5545532044495362
S21403DF7841424C4544204259204D464720544F4B76
S21403DF88454E004E574B204B6579002573206F7519
S21403DF98742046433A202530385800257320736585
S21403DFA871206E756D3A2030782530325800257307
S21403DFB8206F75742046433A20253038780054433A
S21403DFC820257320002573205461626C6500256440
S21403DFD82F256420656E747269657320757365648E
S21403DFE82E005472616E7369656E74204B657900F2
S21403DFF8256420656E7472257320636F6E73756D62
S21403E008696E67202564207061636B65742062758A
S21403E0186666657225732E0057494C4C0057494C63
S21403E0284C204E4F540054727573742043656E74B7
S21403E038657220257320616C6C6F77207472757314
S21403E048742063656E7465722072656A6F696E7391
S21403E058207573696E672077656C6C2D6B6E6F77AA
S21403E0686E206B65792E005365742074696D656F31
S21403E078757420666F722054727573742043656EC8
S21403E0887465722072656A6F696E73207573696E3C
S21403E098672077656C6C2D6B6E6F776E206C696E78
S21403E0A86B206B657920746F202564207365636F16
S21403E0B86E64732E004552524F523A2000257373EE
S21403E0C87461636B206D75737420626520646F7763
S21403E0D86E2E0052656164696E6720416C6C6F77BB
S21403E0E865640048617368696E67206F6E6C7900B3
S21403E0F8736C5F7A69676265655F6B65795F73657D
S21403E1087474696E67735F743A20307825303458B0
S21403E1180020205065726D697373696F6E733A20B9
S21403E1282573004572726F723A204661696C65649E
S21403E13820746F2067657420636F6E6669672C208A
S21403E1487374617475733A203078253038580046EE
S21403E15861696C65643A20307825303858004D7309
S21403E168673A20636C7573203078253034582C2032
S21403E178636D64203078253032582C206C656E2009
S21403E1882564006275666665723A2000454D424509
S21403E198525F00257353454355524954595F4C45BE
S21403E1A856454C3A202530325800257365726173FC
S21403E1B865206B65792025643A20307825303858F1
S21403E1C800636D64206E6F74206275696C740073E7
S21403E1D8726320657020253032782C20636C757343
S21403E1E820253034780073656E64696E6720746F13
S21403E1F8206D756C7469636173742062696E64005C
S21403E20825733A2065703A2025642C20636C3A20DF
S21403E2183078253034582C20617474723A2030785C
S21403E22825303458002C207376723A20256300254F
S21403E238733A20726561643A203078253032780064
S21403E2482C207376723A2025632C206474797065C3
S21403E2583A2030782530325800417267756D656EFE
S21403E2687420617420696E6465783A202564206991
S21403E27873206F7574206F662072616E676500433E
S21403E2886F6D6D616E6420616C726561647920627E
S21403E29875696C742E202043616E6E6F74207365E7
S21403E2A874204D4647207370656369666963206307
S21403E2B86F646520666F7220636F6D6D616E642E82
S21403E2C8004D464720436F64652053657420666F88
S21403E2D872206E65787420636F6D6D616E643A2084
S21403E2E830782530345800557365204E6578742089
S21403E2F853657175656E63652053657420666F7222
S21403E308206E65787420636F6D6D616E643A203095
S21403E31878253032580044697361626C6520446519
S21403E3286661756C7420526573706F6E73652053DF
S21403E338657420666F72206E65787420636F6D6DE2
S21403E348616E643A20307825303258004552523A86
S21403E3582072656164696E67206174747269627598
S21403E36874652025303278004552523A2061747419
S21403E3787269627574652073697A652025642074EA
S21403E3886F6F206C6172676520666F7220627566B0
S21403E398666572004572726F723A206174747269A8
S21403E3A862757465204944203078253034582072C5
S21403E3B865706F727461626C65206368616E676509
S21403E3C82069732073697A65202564422C20627558
S21403E3D8742025644220656E74657265640A006E4F
S21403E3E86F20636D64004572726F723A20434C491E
S21403E3F82053656E64206661696C65642C207374AB
S21403E408617475733A20307825303858004572722F
S21403E4186F723A2020455549363420617267756D08
S21403E428656E7420697320656D70747920616E64F7
S21403E438206C6F6F6B7570206279206E6F64652031
S21403E4484944206661696C65642E0047726F75706F
S21403E45800556E696361737400556E62696E642055
S21403E4682573202573307825303258005265717528
S21403E4786573743A20005A444F2073696D706C654F
S21403E4882064657363207265712025303278005ADC
S21403E498444F206E6F6465206465736320726571EC
S21403E4A82025303278005A444F206D617463682003
S21403E4B8646573632072657120253032580055737E
S21403E4C8696E67206D79206C6F63616C20455549CA
S21403E4D8363420666F722064657374204555493652
S21403E4E83420696E2062696E64696E67005A444F09
S21403E4F82062696E64207265712025303278006365
S21403E5086C7573746572206C696D697420726561C5
S21403E5186368656400696E76616C69642070616718
S21403E528653A202564206F72206368616E6E656C99
S21403E5383A202564004368616E6765206368616EE8
S21403E5486E656C207374617475733A203078253061
S21403E5583278006475726174696F6E206D757374B2
S21403E56820626520696E2072616E67652030202DF3
S21403E578203500636F756E74206D7573742062653D
S21403E58820696E2072616E67652031202D20380061
S21403E5987363616E207374617475732030782530E5
S21403E5A83258006E6574776F726B20757064617489
S21403E5B865207365742073746174757320307825C9
S21403E5C83032580041637469766520455020726579
S21403E5D87175657374207374617475733A20307833
S21403E5E825303258004C5149205461626C652072BC
S21403E5F86571756573743A20307825303258004251
S21403E608696E64696E67205461626C652072657111
S21403E618756573743A20307825303258004C656136
S21403E628766520257330782530325800506F776525
S21403E638722044657363726970746F722025733031
S21403E6487825303258005573696E67206D79206CCB
S21403E6586F63616C20455549363420666F722064B3
S21403E66865737420455549363420696E20756E6285
S21403E678696E64696E6700526F75746520546162CB
S21403E6886C65202573307825303258002F686F6DF7
S21403E698652F72756E6E65722F776F726B2F747532
S21403E6A879612D7A69676265652D7377697463681E
S21403E6B82F747579612D7A69676265652D73776935
S21403E6C87463682F73696C6162735F746F6F6C73BE
S21403E6D82F73696D706C69636974795F73646B2FE4
S21403E6E870726F746F636F6C2F7A69676265652FD4
S21403E6F86170702F6672616D65776F726B2F636FCB
S21403E7086D6D6F6E2F736C5F7A69676265655F738D
S21403E718797374656D5F636F6D6D6F6E2E630045F9
S21403E7287874656E64656420526573657420696ED3
S21403E738666F3A2030782530345820282573290008
S21403E7482F686F6D652F72756E6E65722F776F7291
S21403E7586B2F747579612D7A69676265652D737792
S21403E768697463682F747579612D7A69676265655C
S21403E7782D7377697463682F73696C6162735F744A
S21403E7886F6F6C732F73696D706C69636974795FE7
S21403E79873646B2F70726F746F636F6C2F7A69670D
S21403E7A86265652F6170702F6672616D65776F722B
S21403E7B86B2F636F6D6D6F6E2F7A69676265655F22
S21403E7C86170705F6672616D65776F726B5F736C8D
S21403E7D86565702E630053746179206177616B6594
S21403E7E8207768656E206E6F74206A6F696E65643D
S21403E7F83A20257300466F726365642073746179E3
S21403E808206177616B653A20202020202020202075
S21403E81820257300466F7263696E672064657669A0
S21403E828636520746F2073746179206177616B6503
S21403E83800416C6C6F77696E6720646576696365FB
S21403E84820746F20676F20746F20736C6565700083
S21403E8582F686F6D652F72756E6E65722F776F7280
S21403E8686B2F747579612D7A69676265652D737781
S21403E878697463682F747579612D7A69676265654B
S21403E8882D7377697463682F73696C6162735F7439
S21403E8986F6F6C732F73696D706C69636974795FD6
S21403E8A873646B2F70726F746F636F6C2F7A6967FC
S21403E8B86265652F6170702F6672616D65776F721A
S21403E8C86B2F636F6D6D6F6E2F7A69676265655F11
S21403E8D8737461636B5F736C6565702E630052585F
S21403E8E83A205265736574546F466163746F727920
S21403E8F844656661756C747343616C6C6261636BC3
S21403E90800657A737020636F756E7465727320661C
S21403E91861696C656420257500657A737020526595
S21403E928736574205468726573686F6C64206572C7
S21403E938726F7220257500657A737020536574208C
S21403E9485468726573686F6C64206572726F7220A0
S21403E9582575002575292025733A202575005365E6
S21403E9687474696E67205468726573686F6C642084
S21403E978636F6D6D616E64003F3F3F004D616320BA
S21403E9885278204263617374004D61632054782083
S21403E9984263617374004D61632052782055636146
S21403E9A87374004D61632054782055636173740053
S21403E9B84D616320547820556361737420526574DF
S21403E9C87279004D6163205478205563617374200F
S21403E9D84661696C00415053205278204263617344
S21403E9E87400415053205478204263617374004185
S21403E9F85053205278205563617374004150532056
S21403EA085478205563617374205375636365737311
S21403EA18004150532054782055636173742052651F
S21403EA287472790041505320547820556361737487
S21403EA38204661696C00526F757465204469736378
S21403EA4820496E69746961746564004E6569676810
S21403EA58626F72204164646564004E656967686224
S21403EA686F722052656D6F766564004E65696768D8
S21403EA78626F72205374616C65004A6F696E204931
S21403EA886E6469636174696F6E004368696C6420B9
S21403EA984D6F76656400415348204F766572666C01
S21403EAA86F7700415348204672616D652045727240
S21403EAB86F7200415348204F76657272756E204513
S21403EAC872726F72004E574B204643204661696C3C
S21403EAD875726500415053204643204661696C753C
S21403EAE872650041534820584F66660041505320CC
S21403EAF8556E617574686F72697A6564204B6579BB
S21403EB08004E574B204465637279707420466169DA
S21403EB186C7572657300415053204465637279704F
S21403EB2874204661696C75726573005061636B6522
S21403EB38742042756666657220416C6C6F636174F7
S21403EB4865204661696C757265730052656C6179F8
S21403EB5865642055636173740050687920746F2068
S21403EB684D4143207175657565206C696D69742020
S21403EB7872656163686564005061636B65742056EB
S21403EB88616C69646174652064726F7020636F7565
S21403EB986E74004E574B207265747279206F7665D3
S21403EBA872666C6F7700434341204661696C7572E1
S21403EBB865730042726F6164636173742074616283
S21403EBC86C652066756C6C00505441204C6F205061
S21403EBD8726920526571005054412048692050726A
S21403EBE8692052657100505441204C6F2050726959
S21403EBF82044656E69656400505441204869205076
S21403EC0872692044656E69656400505441204C6FF0
S21403EC18205072692054782041627274005054411F
S21403EC282048692050726920547820416272740023
S21403EC384164647265737320436F6E666C696374AC
S21403EC482053656E740043534C20527820736368D0
S21403EC586564756C65206661696C6564000D0044BF
S21403EC6865627567207072696E742067726F757057
S21403EC782025730A0057726F6E6720706172616D84
S21403EC88657465720A005363686564756C65206D00
S21403EC986F7665206E776B0025732025643A2025EA
S21403ECA864004D6178206D6F7665206C696D6974B4
S21403ECB82072656163686564206E776B2025643A05
S21403ECC820256400456E6420446576696365205094
S21403ECD86F6C6C20496E666F726D6174696F6E0037
S21403ECE8454D4245525F454E445F44455649434564
S21403ECF85F54494D454F55543A2020202020202064
S21403ED08256400506F6C6C20636F6D706C6574655A
S21403ED18642063616C6C6261636B3A202573002020
S21403ED282043757272656E7420506F6C6C20496E42
S21403ED3874657276616C20287173293A2020202521
S21403ED486C640020204C6F6E6720506F6C6C2049F3
S21403ED586E74657276616C20287173293A202020B8
S21403ED68202020256C6400202053686F727420507E
S21403ED786F6C6C20496E74657276616C20287173AB
S21403ED88293A2020202020256C6400202057616B18
S21403ED98652054696D656F757420287173293A2048
S21403EDA82020202020202020202020256C640020DE
S21403EDB82057616B652054696D656F7574204269C9
S21403EDC8746D61736B3A2020202020202020203089
S21403EDD8782530385800202043757272656E742083
S21403EDE8417070205461736B733A202020202020D2
S21403EDF82020202020203078253038580020204333
S21403EE08757272656E7420506F6C6C20436F6E74E7
S21403EE18726F6C20202020202020202020257300BD
S21403EE28202044656661756C7420506F6C6C2043B3
S21403EE386F6E74726F6C20202020202020202020E4
S21403EE48257300466F7263696E6720646576696327
S21403EE586520746F2073686F727420706F6C6C0013
S21403EE68416C6C6F77696E672064657669636520A5
S21403EE78746F206C6F6E6720706F6C6C00534C5FFA
S21403EE885A49474245455F41465F4C4F4E475F5098
S21403EE984F4C4C00534C5F5A49474245455F4146E1
S21403EEA85F53484F52545F504F4C4C00706F6C6C16
S21403EEB8206E776B2025643A203078253032580048
S21403EEC846696E6420616E642042696E6420496EEA
S21403EED869746961746F723A20436F6D706C6574F8
S21403EEE8653A20307825303258005374617274209E
S21403EEF87461726765740046696E6420616E642087
S21403EF0842696E64205461726765740025733A20FB
S21403EF1825733A2030782530325800467261676D7B
S21403EF28656E746174696F6E2052582077696E64D3
S21403EF386F772073697A652073657420746F20254C
S21403EF4864002F686F6D652F72756E6E65722F7706
S21403EF586F726B2F747579612D7A69676265652D93
S21403EF687377697463682F747579612D7A69676234
S21403EF7865652D7377697463682F73696C6162734B
S21403EF885F746F6F6C732F73696D706C69636974E4
S21403EF98795F73646B2F70726F746F636F6C2F7AFD
S21403EFA869676265652F6170702F6672616D657734
S21403EFB86F726B2F706C7567696E2F667261676DFB
S21403EFC8656E746174696F6E2F667261676D656EC0
S21403EFD8746174696F6E2E630052583A20416464F4
S21403EFE847726F7570526573706F6E7365203078ED
S21403EFF8253032582C203078253034580052583A69
S21403F008205669657747726F7570526573706F6EB1
S21403F0187365203078253032582C203078253034E4
S21403F028582C20220052583A2047657447726F7549
S21403F038704D656D62657273686970526573706F3B
S21403F0486E7365203078253032582C20307825307A
S21403F05832582C00205B3078253034585D005258DF
S21403F0683A2052656D6F766547726F757052657391
S21403F078706F6E7365203078253032582C203078C0
S21403F088253034580065705B253032585D20696436
S21403F0985B253034585D00436C656172696E672082
S21403F0A8616C6C2067726F7570732E004552523A06
S21403F0B8204661696C656420746F206372656174A9
S21403F0C8652062696E64696E672028307825303259
S21403F0D85829004552523A2042696E64696E672081
S21403F0E87461626C652069732066756C6C004552A2
S21403F0F8523A2077726974696E67206E616D65206F
S21403F108737570706F727420253032580052583AEF
S21403F1182041646447726F75702030782530345800
S21403F1282C20220075760052583A20566965774790
S21403F138726F7570203078253034580075767300F2
S21403F148766965775F67726F75700047726F75705B
S21403F158733A206661696C656420746F2073656E04
S21403F1686420257320726573706F6E73653A20305A
S21403F1787825303258006765745F67726F75705FFD
S21403F1886D656D6265727368697020726573706FFA
S21403F1986E73650064656661756C745F726573701B
S21403F1A86F6E73650052583A2047657447726F75D9
S21403F1B8704D656D626572736869702030782530A6
S21403F1C832582C007575620047726F7570733A2053
S21403F1D86661696C656420746F2073656E642025A8
S21403F1E8733A203078253032580052583A20526500
S21403F1F86D6F766547726F75702030782530345892
S21403F208004552523A204661696C656420746F2043
S21403F21864656C6574652062696E64696E67202828
S21403F228307825303258290072656D6F76655F67CA
S21403F238726F75700052583A2052656D6F76654145
S21403F2486C6C47726F7570730052583A2041646449
S21403F25847726F757049664964656E74696679693D
S21403F2686E67203078253034582C20220061646479
S21403F278004368616E6E656C206E6F742076616CF1
S21403F28869643A202564005072696D6172790025B5
S21403F29873206D61736B206E6F7720307825303856
S21403F2A858005365636F6E64617279004D61736BC2
S21403F2B8206E6F742076616C69643A20256400704A
S21403F2C872696D617279007365636F6E64617279D2
S21403F2D80025733A20536574202573206D61736B7C
S21403F2E820746F203078253038580053746174754D
S21403F2F8730025733A2025733A004368616E6E657A
S21403F3086C206D61736B3A00202020202831292059
S21403F318307825303858205B0020202020283229D2
S21403F32820307825303858205B0053746174653A6A
S21403F33820307825303258202825732900437572E3
S21403F34872656E74206368616E6E656C3A20256418
S21403F35800546F74616C20626561636F6E733A2044
S21403F3682564004A6F696E20617474656D707473E2
S21403F3783A202564004E6574776F726B2073746148
S21403F38874653A203078253032580053746F70000D
S21403F39825732053746F702E2020436C65616E6945
S21403F3A86E672075702E0042726F616463617374B2
S21403F3B8696E67207065726D6974206A6F696E007E
S21403F3C854727573742063656E746572206C696E07
S21403F3D86B206B657920757064617465207374613E
S21403F3E87475730025733A205741524E494E473A6F
S21403F3F820736C5F7A69676265655F7365745F69B6
S21403F4086E697469616C5F73656375726974795F35
S21403F4187374617465206661696C65642E20436F36
S21403F4286E74696E75696E6720776974686F75742C
S21403F43820696E7374616C6C20636F64652E004577
S21403F44872726F723A20696E7374616C6C20636FA4
S21403F4586465207365747570206661696C65642ECF
S21403F46820497320616E20696E7374616C6C206327
S21403F4786F646520666C6173686564206F6E746F6D
S21403F48820746865206465766963653F00D0D1D2C9
S21403F498D3D4D5D6D7D8D9DADBDCDDDEDF00FFFF59
S21403F4A8FFFFFFFFFFFF005A6967426565416C6C03
S21403F4B869616E636530390025733A20697373751D
S21403F4C8696E67207363616E206F6E2025732063F1
S21403F4D868616E6E656C7320286D61736B20307877
S21403F4E8253038582900257320697320616C7265A6
S21403F4F861647920696E2070726F67726573730032
S21403F5085374617274004578616D696E696E67201D
S21403F518626561636F6E206F6E206368616E6E65E9
S21403F5286C20256420776974682070616E496420AE
S21403F53830782530345800546869732062656163EF
S21403F5486F6E206973206E6F742070617274206FFB
S21403F55866207468652063757272656E74206368C6
S21403F568616E6E656C206D61736B2028307825306C
S21403F5783858292E2047657474696E67206E657837
S21403F5887420626561636F6E2077686F73652063A6
S21403F59868616E6E656C206269746D61736B206951
S21403F5A873207365742E004572726F723A20257342
S21403F5B820636F756C64206E6F7420617474656D58
S21403F5C87074206A6F696E3A203078253032580096
S21403F5D84E6F20626561636F6E73206C6566742078
S21403F5E86F6E2063757272656E74206D61736B2E11
S21403F5F8204D6F76696E6720746F206E6578742069
S21403F6087374617465002573206A6F696E696E6723
S21403F61820307825303458206F6E206368616E6E0C
S21403F628656C2025640025732053746174653A203D
S21403F6382573004572726F723A20257320636F75BF
S21403F6486C64206E6F7420736574757020736563BD
S21403F65875726974793A20307825303258004572C5
S21403F668726F723A205363616E20636F6D706C65B8
S21403F67874652068616E646C657220726574757251
S21403F6886E656420307825303258002573207363FE
S21403F698616E20636F6D706C6574652E20426561BC
S21403F6A8636F6E732068656172643A20256400256B
S21403F6B87320737461636B2073746174757320307D
S21403F6C87825303258002573206E6574776F726B11
S21403F6D8206A6F696E65642E0025732074727969D3
S21403F6E86E67206E657874206E6574776F726B2EFE
S21403F6F8004E6F6E65005363616E205072696D61CC
S21403F7087279204368616E6E656C7320616E64203F
S21403F71875736520436F6E66696775726564204BFB
S21403F7286579005363616E205072696D6172792042
S21403F7384368616E6E656C7320616E6420757365CD
S21403F74820496E7374616C6C20436F646500536361
S21403F758616E205072696D617279204368616E6EBE
S21403F768656C7320616E64205573652043656E74FB
S21403F77872616C697A6564204B6579005363616EC0
S21403F788205072696D617279204368616E6E656C8C
S21403F7987320616E642055736520446973747269B7
S21403F7A86275746564204B6579005363616E2053F4
S21403F7B865636F6E64617279204368616E6E656C0B
S21403F7C87320616E642075736520436F6E66696780
S21403F7D875726564204B6579005363616E205365C3
S21403F7E8636F6E64617279204368616E6E656C73CD
S21403F7F820616E642075736520496E7374616C6C42
S21403F80820436F6465005363616E205365636F6EB0
S21403F81864617279204368616E6E656C7320616EED
S21403F82864205573652043656E7472616C697A65E6
S21403F83864204B6579005363616E205365636F6E6E
S21403F84864617279204368616E6E656C7320616EBD
S21403F85864205573652044697374726962757465A8
S21403F86864204B6579005363616E205072696D613D
S21403F8787279204368616E6E656C7320616E6420CE
S21403F88855736520416C6C204B6579732028696E27
S21403F8987374616C6C20636F64652C2063656E7487
S21403F8A872616C697A65642C206469737472696220
S21403F8B87574656429005363616E205365636F6EC0
S21403F8C864617279204368616E6E656C7320616E3D
S21403F8D8642055736520416C6C204B65797320282A
S21403F8E8696E7374616C6C20636F64652C20636542
S21403F8F86E7472616C697A65642C206469737472B9
S21403F90869627574656429004F6E2F4F66662073A7
S21403F91865742076616C75653A2025303258202543
S21403F928303258004552523A2072656164696E67F0
S21403F938206F6E2F6F66662025303258004F6E2F65
S21403F9486F666620616C72656164792073657420DE
S21403F958746F206E65772076616C756500546F67E3
S21403F968676C65206F6E2F6F66662066726F6D20F4
S21403F9782530325820746F202530325800455252AD
S21403F9883A2077726974696E67206F6E2F6F6666A2
S21403F998202530325800496E7374616C6C65642098
S21403F9A854797065202842617365293A2020307897
S21403F9B825303258004361706162696C6974696501
S21403F9C8733A20202020202020202020203078254D
S21403F9D830345800426F6F746C6F616465722056DA
S21403F9E8657273696F6E3A202020202030782530A0
S21403F9F834580053656375726520426F6F746C6F75
S21403FA0861646572204B65793A2020202020200007
S21403FA18426F6F746C6F6164696E67206661696CA8
S21403FA2865642100446F776E6C6F61642066616954
S21403FA386C65642E0044656C6574696E6720666140
S21403FA48696C656420646F776E6C6F61642C2073D1
S21403FA5874617475733A2030782530325800496DCE
S21403FA6861676520646F6573206E6F7420636F6EBD
S21403FA787461696E20616E205570677261646520D3
S21403FA88496D6167652054616720283078253034CE
S21403FA9858292E20536B697070696E6720757067D6
S21403FAA8726164652E00457865637574696E6720B0
S21403FAB8626F6F746C6F61642063616C6C62616300
S21403FAC86B2E005374617274696E672045424C202E
S21403FAD8766572696669636174696F6E0045424C40
S21403FAE8206661696C656420766572696669636118
S21403FAF874696F6E2E0045424C207061737365649B
S21403FB0820766572696669636174696F6E2E00256F
S21403FB1873696E67204F544120636C69656E742061
S21403FB287374617465206D616368696E65007374C8
S21403FB386F7070004572726F723A204E6F20696D4F
S21403FB4861676520617420696E64657820256400A2
S21403FB584E6F7420737570706F727465642E0043ED
S21403FB686C69656E7420696D616765207175657269
S21403FB787920696E666F004D616E75662049443A52
S21403FB8820202020202020202030782530345800BC
S21403FB98496D61676520547970652049443A202089
S21403FBA820203078253034580043757272656E7499
S21403FBB82056657273696F6E3A2020307825303880
S21403FBC85800486172647761726520566572736976
S21403FBD86F6E3A20004E4100517565727920446570
S21403FBE86C6179206D733A20202020202020202065
S21403FBF8202020256C64005365727665722044695C
S21403FC0873636F766572792044656C6179206D73CA
S21403FC183A20256C6400446F776E6C6F61642044E9
S21403FC28656C6179206D733A2020202020202020DF
S21403FC3820256C640052756E205570677261646582
S21403FC482044656C6179206D733A2020202020209B
S21403FC58256C64005665726966792044656C61791B
S21403FC68206D733A202020202020202020202025C5
S21403FC786C6400446F776E6C6F6164204572726FB4
S21403FC8872205468726573686F6C643A2020256422
S21403FC9800557067726164652057616974205468FB
S21403FCA8726573686F6C643A202020202564004FC1
S21403FCB8544120446F776E6772616465733A2044D3
S21403FCC8697361626C6564004F544120446F776EB4
S21403FCD86772616465733A20456E61626C65640099
S21403FCE8426F6F746C6F61642073746174653A2035
S21403FCF8257300496E76616C696420455020256437
S21403FD08207768656E20747279696E6720746F2031
S21403FD1873656E64204F5441206D65737361676520
S21403FD282E0053656E64696E67205570677261644A
S21403FD386520456E6420726571756573742E00259B
S21403FD48733A20696E76616C696420636D644964EE
S21403FD5820307825303258004572726F723A202068
S21403FD684661696C656420746F2073656E64204F02
S21403FD78544120636F6D6D616E6420307825303290
S21403FD88582C207374617475733A20307825303292
S21403FD98580053657276657220756E6B6E6F776E54
S21403FDA82C2066616C6C696E67206261636B2074D5
S21403FDB86F20646973636F766572792E004D617878
S21403FDC8696D756D207175657279206572726F72CB
S21403FDD8732068697420282564292C20737461723B
S21403FDE874696E672073656172636820666F722034
S21403FDF86E6577204F5441207365727665722E0AB6
S21403FE08004170706C79696E6720757067726164FB
S21403FE18650025733A20696E76616C6964206F669F
S21403FE28667365742063757272656E7454696D655E
S21403FE382830782530385829203E20757067726137
S21403FE48646554696D652830782530385829004F1D
S21403FE58544120436C75737465723A2077616974EC
S21403FE6820666F72202564207300525865642074D8
S21403FE78696D654F75742030782530385820732C93
S21403FE88204D41582074696D654F75742030782568
S21403FE983038582073004D6178696D756D2075701C
S21403FEA86772616465207265717565737473206D16
S21403FEB8616465202825642920776974686F7574DA
S21403FEC820726573706F6E73652066726F6D20732C
S21403FED865727665722E00557067726164696E671F
S21403FEE820616E79776179004F54412053657276A5
S21403FEF869636520646973636F76657279207072C7
S21403FF086576656E746564202D20616E6F7468650A
S21403FF187220697320616C726561647920696E204A
S21403FF2870726F6772657373004661696C656420E7
S21403FF38746F20696E697469617465207365727677
S21403FF4869636520646973636F766572792E004FFB
S21403FF585441205365727669636520446973636FF9
S21403FF687665727920696E2070726F67726573732F
S21403FF7800436C69656E74207665726966696361A9
S21403FF8874696F6E206661696C65642E00536967D1
S21403FF986E617475726500437573746F6D00706176
S21403FFA873736564004641494C4544004E6F20739D
S21403FFB869676E61747572652076657269666963CA
S21403FFC86174696F6E20737570706F72742C20611C
S21403FFD87373756D696E6720696D616765206973EC
S21403FFE8206F6B61792E00257320766572696669C2
S21403FFF8636174696F6E2025733A20307825303232
S21404000858004D6178696D756D206E756D62657200
S214040018206F6620646F776E6C6F616420657272F9
S2140400286F727320726561636820282564292C2002
S21404003861626F7274696E672E004F544120436C78
S21404004875737465723A2073657474696E672049AB
S2140400584545452061646472657373206F66204F56
S214040068544120636C7573746572005061727469C8
S214040078616C2066696C6520646F776E6C6F61646A
S21404008820666F756E642C20636F6E74696E75696E
S2140400986E672066726F6D206F66667365742030AF
S2140400A8782530385800466F756E642066756C6C13
S2140400B87920646F776E6C6F616465642066696C1A
S2140400C86520696E2073746F72616765202876658B
S2140400D87273696F6E20307825303858292E00469A
S2140400E86F756E642066696C6520696E2073746F1C
S2140400F872616765207769746820646966666572E4
S214040108656E742076657273696F6E20283078255C
S21404011830385829207468616E2063757272656E6B
S214040128742076657273696F6E20283078253038A7
S21404013858290046696C6520696E2073746F72616D
S21404014867652069732073616D6520617320637524
S2140401587272656E742072756E6E696E6720766547
S2140401687273696F6E202830782530385829004E07
S2140401786F20696D61676520666F756E6420696EA9
S2140401882073746F726167652E004F54412053655F
S214040198727669636520446973636F76657279203D
S2140401A8756E626C6F636B65640049676E6F72691F
S2140401B86E67207365727665722066726F6D206C42
S2140401C86F6F706261636B20616464726573730039
S2140401D849676E6F72696E67203078253034582008
S2140401E84F54412073657276657220696E20736574
S2140401F861726368206F662054430053657474699B
S2140402086E67204F54412053657276657220746F6A
S214040218203078253034580044656C6179696E67F7
S214040228202564207365636F6E6473206265666F49
S2140402387265207374617274696E67204F54412026
S214040248636C69656E740054696D656F75742077A0
S214040258616974696E6720666F72206D6573736171
S21404026867652E00426164204F544120636F6D6DAC
S214040278616E643A20307825303258004F54412055
S214040288636F6D6D616E6420307825303258207443
S2140402986F6F2073686F727420286C656E202564EF
S2140402A8203C206D696E20256429004F5441206344
S2140402B86F6D6D616E642066726F6D20756E726503
S2140402C8636F676E697A65642073657276657220F3
S2140402D83078253034582E20204D79204F5441202C
S2140402E87365727665723A2030782530345800493A
S2140402F86D616765204E6F7469667900476F742070
S214040308756E65787065637465642025732E202081
S214040318537461727420646973636F766572792E98
S2140403280064656661756C74004F54413A206661D2
S214040338696C656420746F2073656E642025732069
S214040348726573706F6E73653A203078253032584C
S21404035800496D616765206E6F7469667900476F3A
S2140403687420756E65787065637465642025732ECD
S214040378202049676E6F7265642E004F54413A20F8
S21404038844656661756C7420726573706F6E736508
S21404039820666F7220496D616765206E6F746966A2
S2140403A8792C20737461747573203078253032582C
S2140403B800496D616765206E6F7469667920636F9E
S2140403C86D6D616E6400257320756E696361737460
S2140403D82C207175657279696E6700496E76616C52
S2140403E86964002573202573207061796C6F6164D5
S2140403F820747970652030782530325800257320AB
S21404040825733A206F7574206F662072616E67656F
S214040418206A697474657220256400257320257320
S2140404283A207061796C6F6164206C656E677468D5
S21404043820646F65736E2774206D61746368207416
S2140404487970652030782530325820282564203C79
S2140404582025642900257320257320647565207477
S2140404686F206E6F6E2D6D61746368696E67206D9C
S214040478616E7566616374757265722049440025F9
S214040488732025732064756520746F206E6F6E2D37
S2140404986D61746368696E6720696D616765207449
S2140404A87970652049440025732025732064756592
S2140404B820746F206D61746368696E67206669725C
S2140404C86D776172652076657273696F6E00257341
S2140404D82025732C2052782764204A697474657220
S2140404E82028307825303258292C205069636B65CB
S2140404F864204A6974746572202830782530325826
S21404050829005175657279206E65787420696D6165
S214040518676520726573706F6E7365002573207245
S214040528657475726E6564203078253032582E20CE
S214040538204E6F206E657720696D61676520746F3D
S21404054820646F776E6C6F61642E00257320746F59
S2140405586F2073686F727420282564203C202564F5
S214040568290025733A204E657720696D61676520F2
S214040578697320617661696C61626C6520666F7266
S21404058820646F776E6C6F61642E00257320697320
S214040598206E6F74207573696E67206D7920696D97
S2140405A861676520696E666F2E004552524F523A4F
S2140405B8204E65787420496D6167652069732074D8
S2140405C86F6F2062696720746F2073746F7265207A
S2140405D828307825303858203E203078253038584A
S2140405E8290025732072657475726E6564207361BC
S2140405F86D652046696C6556657273696F6E206111
S214040608732063757272656E746C7920696E737480
S214040618616C6C65642E004F544120446F776E6796
S21404062872616465732044697361626C65643A2018
S21404063846696C6556657273696F6E20626568698B
S2140406486E642063757272656E7420696E73746165
S2140406586C6C6174696F6E005374617274696E674A
S21404066820646F776E6C6F61642C205665727369AC
S2140406786F6E20307825303858004572726F723A9B
S214040688204661696C656420746F2064656C6574C3
S2140406986520696D6167652E004572726F723A202F
S2140406A84661696C656420746F20657261736520A1
S2140406B86F6C642074656D7020646174612E0049E3
S2140406C86D61676520626C6F636B20726573706F0B
S2140406D86E7365004F54413A20496D616765426CF4
S2140406E86F636B5265706F6E736520636F6E7461AB
S2140406F8696E7320696E76616C6964206F7220690E
S2140407086E636F6D706C6574652064617461005502
S21404071870646174696E67204D696E20426C6F63FD
S2140407286B205265717565737420506572696F64C1
S21404073820746F202564206D7300446F776E6C6F89
S21404074861642064656C61792062792073657276C9
S2140407586572202564206D7300446F776E6C6F6134
S214040768642061626F7274656420627920736572AE
S2140407787665722E0053657276657220646F6573AB
S2140407886E277420737570706F7274207061676555
S21404079820726571756573742C206F6E6C7920757C
S2140407A873696E6720626C6F636B2072657175651A
S2140407B873742E005365727665722072657475724A
S2140407C86E65642027756E737570706F72746564D1
S2140407D820636C757374657220636F6D6D616E64E7
S2140407E8272E00556E6B6E6F776E202573207374F4
S2140407F86174757320636F646520307825303258C9
S2140408080025732068617320646174612073697AB3
S21404081865202825642920736D616C6C65722074C4
S21404082868616E2061637475616C207061636B65C2
S214040838742073697A6520282564292E0025732078
S2140408486572726F723A20457870656374656420C1
S2140408586F6666736574203078253038582C2062A5
S214040868757420676F74203078253038582E202009
S21404087849676E6F72696E6700257320696E666FC6
S21404088820646964206E6F74206D61746368206DDB
S2140408987920657870656374656420696E666F2E62
S2140408A8202044726F7070696E672E004661696C0A
S2140408B8656420746F20777269746520746F20737A
S2140408C8746F7261676520646576696365210044A0
S2140408D86F776E6C6F61640055706772616465202B
S2140408E8656E6420726573706F6E73650053657207
S2140408F87665722061626F727465642075706772BB
S2140409086164652C207374617475733A2030782595
S214040918303258004572726F723A20257320686127
S2140409286420696E76616C69642025733A200066D3
S214040938696C652076657273696F6E0041646469D4
S2140409486E67202564206D732E2064656C6179209B
S214040958666F7220696D6D6564696174652075706B
S21404096867726164652E00436F756E74646F776E84
S21404097820746F20757067726164653A2025642058
S2140409886D73002053746174653A20202025730023
S2140409982057616974696E6720666F722072657382
S2140409A8706F6E73653A20257300204E6578742040
S2140409B84576656E742054696D65723A2025642000
S2140409C86D73002043757272656E7420446F776E7B
S2140409D86C6F6164204F66667365743A20307825B8
S2140409E8303858202825642525290025733A20669A
S2140409F861696C65642070617273696E67204F5410
S214040A084120636D6420307825303258004F5441B5
S214040A182044656661756C7420726573706F6E73B6
S214040A286520746F20636F6D6D616E642049442081
S214040A383078253032582C207374617475732030DE
S214040A48782530325800496D61676520626C6F639B
S214040A586B20726571756573742074657374206F82
S214040A686E6C7920776F726B73207768656E207367
S214040A787461746520697320424F4F544C4F414447
S214040A885F53544154455F4E4F4E450052616E6461
S214040A986F6D2044656C6179206265666F726520A7
S214040AA8737461727400446973636F766572696EF1
S214040AB867204F5441205365727665720047657403
S214040AC8204F544120536572766572204555490077
S214040AD84F627461696E206C696E6B206B65790071
S214040AE85175657279696E67204E65787420496D0C
S214040AF861676500446F776E6C6F6164696E672022
S214040B08496D61676500566572696679696E67201E
S214040B18496D6167650057616974696E6720666F19
S214040B28722055706772616465206D6573736167BA
S214040B386500436F756E74646F776E20746F205506
S214040B487067726164650057616974696E672074BA
S214040B586F207570677261646520766961206F75A9
S214040B68742D6F662D62616E64206D656368616EB0
S214040B7869736D0025733A202564252520636F6DF7
S214040B88706C65746500496D61676520256400208E
S214040B98204552524F523A20436F756C64206E6F4C
S214040BA874206765742066756C6C20686561646576
S214040BB87221002020486561646572205665727348
S214040BC8696F6E3A203078253034580020204865FE
S214040BD861646572204C656E6774683A20202564E3
S214040BE82062797465730020204669656C64204326
S214040BF86F6E74726F6C3A20203078253034580043
S214040C0820204D616E75662049443A202020202015
S214040C182020307825303458002020496D616765D7
S214040C2820547970653A20202020203078253034E6
S214040C385800202056657273696F6E3A202020206B
S214040C48202020203078253038580020205A69671C
S214040C586265652056657273696F6E3A203078252A
S214040C6830345800202048656164657220537472D5
S214040C78696E673A20202573002020496D616765F0
S214040C882053697A653A2020202020256C64206247
S214040C9879746573002020536563757269747920C6
S214040CA8437265643A202030782530325800202074
S214040CB85570677261646520446573743A20202011
S214040CC80020204D696E2E204857205665723A201B
S214040CD82020203078253034580020204D61782E86
S214040CE8204857205665723A202020203078253030
S214040CF83458002020546F74616C20546167733A2A
S214040D0820256400202020205461673A2030782566
S214040D18303458002020202020204C656E677468E4
S214040D283A20256C64004572726F723A20436F75D8
S214040D386C64206E6F74206F627461696E207461CF
S214040D486720696E666F2066726F6D20696D6167CD
S214040D58652E000A256420696D6167657320696ECF
S214040D68204F54412073746F726167652E00496D75
S214040D786167652064656C65746525732E00457225
S214040D88726F723A2020436F756C64206E6F7420FD
S214040D987265616420626C6F636B3A203078253024
S214040DA832582E0A005374617274696E672065722D
S214040DB86173652066726F6D206F6666736574204E
S214040DC830782530385820746F20307825303858D5
S214040DD800436F756C64206E6F742073746172744C
S214040DE82045524153452120283078253032582949
S214040DF800454550524F4D20457261736520636F18
S214040E086D706C657465002F686F6D652F72756EEE
S214040E186E65722F776F726B2F747579612D7A6988
S214040E28676265652D7377697463682F747579616D
S214040E382D7A69676265652D7377697463682F739D
S214040E48696C6162735F746F6F6C732F73696D700E
S214040E586C69636974795F73646B2F70726F746FEF
S214040E68636F6C2F7A69676265652F6170702F6689
S214040E7872616D65776F726B2F706C7567696E2F0C
S214040E886F74612D73746F726167652D73696D7005
S214040E986C652D656570726F6D2F6F74612D737434
S214040EA86F726167652D656570726F6D2D70616709
S214040EB8652D65726173652E63002F686F6D652FE7
S214040EC872756E6E65722F776F726B2F7475796193
S214040ED82D7A69676265652D7377697463682F74FC
S214040EE87579612D7A69676265652D7377697463A8
S214040EF8682F73696C6162735F746F6F6C732F739A
S214040F08696D706C69636974795F73646B2F70724A
S214040F186F746F636F6C2F7A69676265652F61708B
S214040F28702F6672616D65776F726B2F706C75675C
S214040F38696E2F6F74612D73746F726167652D7394
S214040F48696D706C652D656570726F6D2F6F746151
S214040F582D73746F726167652D656570726F6D2E7B
S214040F6863004F54412053696D706C652053746F49
S214040F787261676520454550524F4D207761726E01
S214040F88696E673A20636F756C64206E6F742067A9
S214040F98657420736C6F7420696E666F20666F7252
S214040FA820736C6F7420256420286572726F722013
S214040FB8307825303258292E2044656661756C745D
S214040FC8696E6720746F2073706563696669656403
S214040FD82061646472657373206F666673657473E0
S214040FE80053746F72616765204472697665723A55
S214040FF8202020202020202020202020204F54415C
S2140410082053696D706C652053746F726167652030
S214041018454550524F4D20506C7567696E005265B1
S2140410286164204D6F646966792057726974652017
S214041038537570706F72743A20206E6F00534F4366
S21404104820426F6F746C6F6164696E6720537570A5
S214041058706F72743A2020202079657300426F6F8F
S214041068746C6F616465722053746F72616765206F
S214041078537570706F72743A20557365206669727A
S214041088737420736C6F7400536C6F7420746F20C1
S2140410987573653A20202020202020202020202038
S2140410A82020202025640043757272656E742044DF
S2140410B86F776E6C6F6164204F66667365743A204A
S2140410C82020203078253038580045424C20537468
S2140410D8617274204F66667365743A202020202057
S2140410E820202020202030782530385800454550C8
S2140410F8524F4D2053746172743A202020202020C9
S2140411082020202020202020203078253038580021
S214041118454550524F4D20456E643A2020202020E5
S2140411282020202020202020202020203078253031
S214041138385800496D61676520496E666F20537498
S2140411486172743A2020202020202020202020307D
S21404115878253038580053617665205261746520C6
S21404116828627974657329202020202020202020D6
S2140411782020307825303858004F6666736574200A
S2140411886F6620646F776E6C6F6164206F66667333
S2140411986574202020307825303858004F666673EA
S2140411A86574206F662045424C206F6666736574C6
S2140411B83A20202020202020307825303858004F28
S2140411C86666736574206F6620696D61676520734B
S2140411D8746172743A202020202020307825303814
S2140411E85800736C5F7A69676265655F61665F6FEE
S2140411F874615F73746F726167655F64726976653C
S214041208725F726561645F63622829206661696C2F
S21404121865642100426164206D61676963206E75A8
S2140412286D62657220696E2066696C653A2030784E
S21404123825303258203078253032582030782530FA
S214041248325820307825303258004261642076655A
S2140412587273696F6E20696E2066696C65203078D3
S21404126825303458004572726F723A20726561648C
S214041278416E6456616C696461746553746F726513
S21404128864496D61676528292074726965642074E9
S2140412986F2072656164206D6F7265206461746185
S2140412A8207468616E20697420636F756C642068A6
S2140412B86F6C642E00736C5F7A69676265655F613C
S2140412C8665F6F74615F73746F726167655F64727B
S2140412D8697665725F726561645F63622829204671
S2140412E841494C454421004C617374206F6666730B
S2140412F8657420646F776E6C6F616465643A203039
S21404130878253038580053746F72616765204D6FBE
S21404131864756C653A204F54412053696D706C654A
S2140413282053746F7261676520506C7567696E0028
S214041338496D616765732053746F7265643A20203B
S2140413482564206F6620310A00253032583A006535
S21404135870202530325820636C7573202530345835
S21404136820617474722025303458207376722025D0
S2140413786300206D66672025303258002072657039
S2140413886F7274206D696E2025303458206D61782C
S2140413982025303458207270742D636867202530F1
S2140413A838580020726563656976652066726F6DC5
S2140413B8202530345820657020253032582074692A
S2140413C86D656F7574202530345800636C656172DA
S2140413D80072656D6F766500636C656172696E6729
S2140413E8206C617374207265706F72742074696DF2
S2140413F865206F6620616C6C20617474726962750E
S2140414087465730074657374696E672074696D69AE
S2140414186E67206F6620766172696F7573207265D1
S214041428706F7274696E67206F7065726174696F25
S2140414386E73002D2D2D2D2D2D2D2D2D2D2D2D2D71
S2140414482D2D2D2D2D2D2D2D2D2D2D2D2D2D2D2DBB
S2140414582D2D2D2D2D2D2D2D2D2D2D2D2D2D2D2DAB
S2140414682D2D002D2D7461626C6520726561647380
S214041478202D2066756C6C207461626C652D2D00B9
S214041488726573756C74203D202564206D73002D79
S2140414982D696E6974202F207363686564756C659E
S2140414A8207469636B2D2D2D002D2D6C6F616420BF
S2140414B8636F6E66696775726174696F6E206465BA
S2140414C86661756C74732D2D002F686F6D652F72A9
S2140414D8756E6E65722F776F726B2F747579612DC2
S2140414E87A69676265652D7377697463682F74759E
S2140414F879612D7A69676265652D7377697463689F
S2140415082F73696C6162735F746F6F6C732F736982
S2140415186D706C69636974795F73646B2F70726F2E
S214041528746F636F6C2F7A69676265652F61707074
S2140415382F6672616D65776F726B2F706C7567694D
S2140415486E2F7265706F7274696E672F7265706F2E
S2140415587274696E672E6300524541445F52505454
S2140415685F43464700726561645F7265706F7274A4
S214041578696E675F636F6E66696775726174696FB3
S2140415886E005265706F7274696E673A2066616998
S2140415986C656420746F2073656E642025732072EE
S2140415A86573706F6E73653A20307825303258004C
S2140415B84552523A2072656164696E6720636C7599
S2140415C873746572203078253034582061747472C8
S2140415D86962757465203078253034583A20307836
S2140415E825303258004552523A207265706F72742C
S2140415F8696E67206F66204C4F4E47207374726975
S2140416086E67206174747269627574652074797083
S21404161865206E6F7420737570706F727465643AA3
S21404162820636C75737465722030782530345820BE
S214041638617474726962757465203078253034581C
S214041648005265706F7274696E6720456E7472799D
S2140416582046756C6C202D206372656174696E670C
S214041668206E6577207265706F7274004346475F14
S21404167852505400202D20646972656374696F6E35
S2140416883A253032582C20617474723A253034580E
S21404169800202020747970653A253032582C206D45
S2140416A8696E3A253034582C206D61783A253034E2
S2140416B858002020206368616E67653A0020202061
S2140416C874696D656F75743A2530345800636F6EA7
S2140416D86669677572655F7265706F7274696E673E
S2140416E8002054434C4B2075706461746520616C0B
S2140416F8726561647920696E2070726F67726573AB
S21404170873004D616E75616C2054434C4B207570A4
S21404171864617465206661696C65642E257300537C
S21404172874617274696E6720757064617465207478
S214041738727573742063656E746572206C696E6B5B
S214041748206B65792070726F6365737300557064D7
S214041758617465205443204C696E6B204B65790090
S214041768204E6577206B65792065737461626C69B1
S214041778736865643A00204572726F723A00506165
S21404178872746E65723A20005A434C20676C6F6216
S214041798616C20636C757374657220636F6D6D611C
S2140417A86E647300646972656374696F6E00646955
S2140417B873632D636F6D2D67656E00646973632D9F
S2140417C8636F6D2D726563006578706563742D723A
S2140417D865706F72742D66726F6D2D6D6500757702
S2140417E872697465006E7772697465007265706FE5
S2140417F872742D726561640073656E642D6D652D53
S214041808612D7265706F72740043726561746573D6
S214041818206120676C6F62616C20646973636F76FD
S214041828657220636F6D6D616E6420666F722074D6
S2140418386865206173736F63696174656420766193
S2140418486C7565732E00636C757374657249641FD2
S21404185861747472696275746549641F6D61784E43
S214041868756D626572546F5265706F72741F0043AB
S214041878726561746573206120676C6F62616C20A1
S21404188873656E64206D652061207265706F72746E
S21404189820636F6D6D616E6420666F722074686570
S2140418A8206173736F6369617465642076616C750F
S2140418B865732E00636C757374657249641F61746E
S2140418C87472696275746549641F646174615479D5
S2140418D870651F6D696E5265706F727454696D65B4
S2140418E81F6D61785265706F727454696D651F72E6
S2140418F865706F727461626C654368616E67651FB4
S2140419080043726561746573206120676C6F626159
S2140419186C2072656164207265706F7274696E6794
S21404192820636F6D6D616E6420666F7220746865DF
S214041938206173736F63696174656420636C75737F
S2140419487465722C2061747472696275746520619A
S2140419586E64207365727665722F636C69656E743F
S21404196820646972656374696F6E2E00636C7573A0
S21404197874657249641F6174747269627574654922
S214041988641F646972656374696F6E1F00476C6FC1
S21404199862616C207265706F7274696E6720636F1B
S2140419A86D6D616E6400656E64706F696E741F6336
S2140419B86C757374657249641F61747472696275B0
S2140419C8746549641F6D61736B1F004372656174A7
S2140419D86573206120676C6F62616C207265616450
S2140419E820636F6D6D616E64206D657373616765E2
S2140419F820746F20726561642066726F6D20746847
S214041A086520636C757374657220616E64206174F6
S214041A18747269627574652073706563696669654E
S214041A28642E00636C757374657249641F617474FC
S214041A3872696275746549641F00437265617465EA
S214041A4873206120676C6F62616C207772697465B5
S214041A5820636F6D6D616E64206D65737361676571
S214041A6820746F20777269746520746F20746865B3
S214041A7820636C757374657220616E642061747477
S214041A8872696275746520737065636966696564EE
S214041A9800636C757374657249641F617474726943
S214041AA86275746549641F747970651F646174612E
S214041AB81F004372656174652061206578706563EC
S214041AC8742D7265706F72742D66726F6D2D6D65E8
S214041AD8206D657373616765207769746820617320
S214041AE8736F6369617465642076616C7565732EBB
S214041AF800636C757374657249641F6174747269E3
S214041B086275746549641F74696D656F75741F0022
S214041B18437265617465206120446973636F7665F2
S214041B287220436F6D6D616E64732047656E6572CF
S214041B386174656420636F6D6D616E642077697483
S214041B4868206173736F6369617465642076616C79
S214041B587565732E00636C757374657249641F73B8
S214041B6874617274436F6D6D616E6449641F6D6150
S214041B7878436F6D6D616E6449641F0053657473B2
S214041B882074686520646972656374696F6E20667C
S214041B986F7220676C6F62616C20636F6D6D616E27
S214041BA864732C2065697468657220636C69656E55
S214041BB87420746F20736572766572206F72207352
S214041BC8657276657220746F20636C69656E742E10
S214041BD80053657473206120666C616720736F20F8
S214041BE87468617420746865206170706C696361D8
S214041BF874696F6E206672616D65776F726B2057B5
S214041C08494C4C204E4F5420726573706F6E642096
S214041C18746F20746865206E657874205A434C2067
S214041C286D657373616765207468617420636F6D8E
S214041C38657320696E206F76657220746865206106
S214041C4869722E0053657473206120666C61672080
S214041C58736F207468617420746865206170706C92
S214041C6869636174696F6E206672616D65776F72F9
S214041C786B2057494C4C20726573706F6E642074E1
S214041C886F20746865206E657874205A434C206DFE
S214041C98657373616765207468617420636F6D6526
S214041CA87320696E206F7665722074686520616992
S214041CB8722E0053657473207468652044697361D2
S214041CC8626C652044656661756C74205265737031
S214041CD86F6E7365204672616D6520436F6E74720D
S214041CE86F6C2062697420746F2075736520666F44
S214041CF87220746865206E65787420636F6D6D61F4
S214041D086E642069662074686520636F6D6D616E05
S214041D1864206973206E6F7420616C7265616479DF
S214041D28206275696C742E0064697361626C65441C
S214041D38656661756C74526573706F6E73651F00A3
S214041D48536574732074686520666C616720746FC5
S214041D58207573652074686520696E6372656D65A1
S214041D686E7465642073657175656E6365206E753B
S214041D786D6265722066726F6D207468652066727F
S214041D88616D65776F726B20666F72207468652064
S214041D986E6578742072617720636F6D6D616E640A
S214041DA82E007573654E65787453657175656E6334
S214041DB8651F00436C6920636F6D6D616E642074E3
S214041DC86F2063616C6C20736C5F7A696762656503
S214041DD85F61665F7365745F74696D652066756EAA
S214041DE86374696F6E20646F63756D656E7465647D
S214041DF820696E2061662E680075746354696D6583
S214041E081F0053657473207468652074776F2062A6
S214041E18797465206D616E75666163747572657232
S214041E28207370656369666963206964656E74699E
S214041E386669657220746F2075736520666F7220F4
S214041E48746865206E65787420636F6D6D616E6462
S214041E582069662074686520636F6D6D616E642002
S214041E686973206E6F7420616C7265616479206290
S214041E7875696C742E006D66675370656369666968
S214041E886349641F006E6F742000534C5F535441BB
S214041E985455535F4E4554574F524B5F5550203058
S214041EA878253034580054727573742043656E74FC
S214041EB865722045554920686173202573636861F7
S214041EC86E6765642E00534C5F5354415455535FF4
S214041ED84E4554574F524B5F444F574E00534C5F32
S214041EE85354415455535F4E4F545F4A4F494E45D9
S214041EF84400534C5F5354415455535F5A49474220
S214041F0845455F4E4554574F524B5F4F50454E45D7
S214041F18443A2025642073656300534C5F53544148
S214041F285455535F5A49474245455F4E4554574FA3
S214041F38524B5F434C4F5345440025733A20257350
S214041F480064697374726962757465640063656EA7
S214041F587472616C697A656400466F726D002573E5
S214041F68696E67206F6E2063682025642C20706174
S214041F786E496420307825303458004572726F7282
S214041F883A2044657669636520646F6573206E6FCE
S214041F987420737570706F7274202573206E657460
S214041FA8776F726B20666F726D6174696F6E004A24
S214041FB86F696E00496E76616C6964205365637553
S214041FC8726974792050726F66696C653A20307845
S214041FD82530325800704A6F696E20666F72202565
S214041FE864207365633A20307825303258004C698B
S214041FF86D6974696E67206475726174696F6E20A2
S2140420086F66207065726D6974206A6F696E2066E3
S214042018726F6D20666F7265766572202832353564
S2140420282920746F203235340052583A205A444FC7
S2140420382C20636F6D6D616E6420307825303458BB
S2140420482C207374617475733A20307825303258AE
S2140420580053696D706C650052583A202573204405
S2140420686573632052657370004D61746368002C51
S214042078204D6174636865733A2025640044657668
S21404208869636520416E6E6F756E63653A203078B5
S214042098253034580052583A20494545452041646D
S2140420A8647265737320526573706F6E736500523D
S2140420B8583A204163746976652045502052657302
S2140420C8706F6E73652C20436F756E743A202564A2
S2140420D8004E6F6465002C204D6174636865733A1E
S2140420E82030782530345800737461636B20766525
S2140420F8722E205B25642E25642E25640020257305
S214042108206275696C642025645D005A444F005348
S2140421184500484100436C757374657200476C6FDC
S21404212862616C0025737478203078253038582C12
S214042138200050726F66696C653A20257320283033
S2140421487825303458292C20436C75737465723A94
S214042158203078253034582C20256420627974651C
S214042168732C00205A434C20257320436D64204961
S214042178443A202564005072652D52656C65617377
S2140421886500416C706861203100416C706861209C
S2140421983200416C706861203300426574612031F6
S2140421A8004265746120320042657461203300473A
S2140421B84100526573657420696E666F3A203078FC
S2140421C82530325820282573290064656C657465A3
S2140421D82062696E64696E673A2025303258202575
S2140421E8303258000102030405060708090A0B0CD6
S2140421F80001010101010101010101010100575219
S214042208495445204552523A2000257365702025C6
S21404221830325820636C7573202530345820617426
S21404222874722025303458206E6F7420737570705D
S2140422386F72746564002573696E76616C696420D0
S21404224864617461207479706500257361747472AE
S214042258206E6F74207772697461626C65005752D9
S2140422684954453A206E6F2077726974652C206A43
S2140422787573742061207465737400524541443A3A
S214042288206174747269627574652073697A65204E
S214042298746F6F206C6172676520666F7220636165
S2140422A86C6C657200636C6E74007372767200529E
S2140422B85700524F00202052414D20200020746FB2
S2140422C86B656E200065787465726E2000454E4412
S2140422D8504F494E54202530325800636C7573208D
S2140422E82F2073696465202F2061747472202F2050
S2140422F86D666720202F74797065286C656E292FA3
S214042308207277202F2073746F72616765202F20E0
S2140423186461746120287261772900253034582056
S2140423282F202573202F2025303458202F200020D6
S2140423382F202530325820282530325829202F209F
S2140423482573202F202573202F2000556E73757053
S214042358706F72746564004F544120524541443A84
S2140423682065703A25303258206369643A2530343B
S214042378582061747469643A25303458206D736B38
S2140423883A25303258206D66636F64653A253034D2
S2140423985800524541443A20636C757320253034FE
S2140423A8582C20617474722025303458206661696C
S2140423B86C6564202530325800524541443A2063FF
S2140423C86C757320253034582C206174747220255B
S2140423D83034582C20646174614C656E3A2025307C
S2140423E832582C204F4B002825632925303258258F
S2140423F83032582530325825303258253032582550
S21404240830325825303258253032580064697361A2
S214042418626C65002573642C2064726F7070696E34
S214042428672065702030782530325820636C7573C1
S2140424382030782530345820636D64203078253071
S21404244832580047656E6572617465640052656348
S214042458656976656400446973636F7665722043BC
S2140424686F6D6D616E647320726573706F6E7365DD
S2140424782028636F6D706C6574653A202563292C73
S214042488202573204944733A200030782530325882
S21404249820005F45585400524541445F4154545205
S2140424A80057524954453A20636C757320253034D6
S2140424B858206174747220253034582000464149E7
S2140424C84C20253032580057524954453A20746FE8
S2140424D86F2073686F727400444953435F415454C1
S2140424E85200257325733A20636C7573202530349F
S2140424F8580053766320446973633A20002573575B
S214042508616974696E672025642073656320666F45
S2140425187220646973636F7665727920746F2063BA
S2140425286F6D706C65746500537461746520636FB1
S21404253872726573706F6E64696E6720746F207448
S2140425486865207468652072657175657374206E95
S2140425586F7420666F756E640A002573636F6D70FA
S2140425686C6574652E0A002573536572766963650F
S21404257820446973636F7665727920537461746551
S214042588206C696D69747320726561636865640A92
S214042598002573496C6C6567616C2062726F6164B0
S2140425A86361737420616464726573732C20726546
S2140425B86D617070696E6720746F2076616C6964EB
S2140425C8206F6E652E0025734661696C65642074F9
S2140425D86F2073656E64206D617463682064697324
S2140425E8636F766572793A2030782530325800253C
S2140425F8735374617274696E6720646973636F7663
S21404260865727920666F7220636C757374657220C0
S2140426183078253034580025734661696C65642023
S214042628746F2073656E642073696D706C652064BE
S214042638657363726970746F7220726571756573F9
S214042648743A203078253032580025734661696C10
S214042658656420746F2073656E642049454545207B
S2140426686164647265737320726571756573743A10
S214042678203078253032580025734661696C6564C5
S21404268820746F2073656E64204E574B2061646413
S2140426987265737320726571756573743A20307841
S2140426A825303258004572726F723A2025732062BC
S2140426B861642073696D706C652064657363726900
S2140426C870746F72206C656E6774682E0025734D7F
S2140426D865737361676520746F6F2073686F7274AF
S2140426E80025734D65737361676520746F6F207377
S2140426F8686F727420666F72206E756D2E20656E14
S21404270864706F696E74730025734D61746368250D
S2140427187320666F756E642066726F6D2030782538
S2140427283034582E004572726F723A202573206929
S2140427386E76616C6964206C656E677468202825FB
S2140427486420213D2025642920666F722041637425
S21404275869766520456E64706F696E742072657359
S214042768706F6E7365002573676F74206163746990
S214042778766520455020726573706F6E73650055D4
S21404278854432074696D653A2025642F25642F25E3
S214042798642025643A25643A256420282530385868
S2140427A8290028556E6B6E6F776E20636C75732ED2
S2140427B8205B3078253034585D29000D0A542530BE
S2140427C838583A005258206C656E2025642C2065CB
S2140427D87020253032582C20636C75732030782589
S2140427E83034582000206D666749642025303458F4
S2140427F80020464320253032582073657120253042
S214042808325820636D642025303258207061796C04
S2140428186F61645B004261736963004F766572207A
S2140428287468652041697220426F6F746C6F6164C6
S214042838696E67002573525820706B7420746F6F26
S2140428482073686F72743A202564203C202564003F
S2140428582573525820706B74206D616C666F726DA8
S21404286865643A202564203C2025640020204861BD
S214042878766520526F7574657220537570706F7222
S21404288874002020456E6420446576696365204F8D
S2140428986E6C79002020456E61626C6564002020A9
S2140428A844697361626C6564004572726F72207263
S2140428B8657472696576696E6720696E666F2066E8
S2140428C86F72206C696272617279204944202564AB
S2140428D8002573206C6962726172792573207072A0
S2140428E86573656E74005A69676265652050726F11
S2140428F80042696E64696E6700536563757269742D
S2140429087920436F7265005365637572697479201C
S2140429184C696E6B204B6579730043424B452031F6
S21404292836334B310043424B4520445341205369C8
S214042938676E004543430043424B452044534120B9
S214042948566572696679005061636B6574205661D2
S2140429586C6964617465005A4C4C0043424B4520CC
S2140429683238334B3100454343203238334B310039
S21404297843424B4520636F7265004E4350004D75C5
S2140429886C7469206E6574776F726B00456E686147
S2140429986E63656420426561636F6E2052657100DC
S2140429A843424B45203238334B312044534120565A
S2140429B86572696679004D756C74692D50414E00D0
S2140429C82F686F6D652F72756E6E65722F776F72CE
S2140429D86B2F747579612D7A69676265652D7377CF
S2140429E8697463682F747579612D7A696762656599
S2140429F82D7377697463682F73696C6162735F7487
S214042A086F6F6C732F73696D706C69636974795F23
S214042A1873646B2F70726F746F636F6C2F7A696749
S214042A286265652F737461636B2F636F6E6669677F
S214042A382F736C5F7A69676265655F636F6E666934
S214042A486775726174696F6E2E63002F686F6D65A3
S214042A582F72756E6E65722F776F726B2F74757919
S214042A68612D7A69676265652D7377697463682F63
S214042A78747579612D7A69676265652D73776974EB
S214042A8863682F73696C6162735F746F6F6C732FFE
S214042A9873696D706C69636974795F73646B2F709E
S214042AA8726F746F636F6C2F7A69676265652F73CC
S214042AB87461636B2F6672616D65776F726B2F61D5
S214042AC865732D6563622E63002F686F6D652F72BC
S214042AD8756E6E65722F776F726B2F747579612DAC
S214042AE87A69676265652D7377697463682F747588
S214042AF879612D7A69676265652D73776974636889
S214042B082F73696C6162735F746F6F6C732F73696C
S214042B186D706C69636974795F73646B2F70726F18
S214042B28746F636F6C2F7A69676265652F73746157
S214042B38636B2F73656375726974792F7A69676234
S214042B4865652D73656375726974792D6D616E613B
S214042B586765722D6E6F2D7661756C742E630045ED
S214042B6872726F723A20204661696C656420746FCD
S214042B7820726561642066726F6D20454550524F19
S214042B884D2061742030782534582C207374617471
S214042B9875733A20256400454550524F4D20496EBA
S214042BA8697469616C697A65643A202563004545E9
S214042BB850524F4D20427573793A20256300506170
S214042BC8727469616C20576F72642053746F7261F3
S214042BD8676520436F756E743A2025640041646403
S214042BE8726573733A2030782534582C20506172F5
S214042BF87469616C20576F72643A203078255800DF
S214042C08636F6E6669726D656400617373756D656E
S214042C1864000A454550524F4D20496E666F004E73
S214042C286F7420617661696C61626C6520286F6CCC
S214042C3864657220626F6F746C6F616465722900D4
S214042C4850617274204465736372697074696F6E38
S214042C583A202020202020202020202573004361AD
S214042C68706162696C69746965733A202020202053
S214042C78202020202020202020307825325800507C
S214042C886167652045726173652074696D652028DF
S214042C9873293A202020202020256400506172746D
S214042CA82045726173652074696D65202873293A16
S214042CB8202020202020256400506172742045724C
S214042CC86173652074696D6520286D73293A202020
S214042CD820202020256400506167652073697A6582
S214042CE820286279746573293A2020202020202021
S214042CF82020256C00506172742073697A65202838
S214042D086279746573293A20202020202020202008
S214042D18256C00576F72642073697A652028627977
S214042D28746573293A20202020202020202025643A
S214042D38202825702900454550524F4D20696E6954
S214042D48743A2030782558002F686F6D652F727591
S214042D586E6E65722F776F726B2F747579612D7A24
S214042D6869676265652D7377697463682F74757906
S214042D78612D7A69676265652D7377697463682F50
S214042D8873696C6162735F746F6F6C732F73696DAC
S214042D98706C69636974795F73646B2F7574696C96
S214042DA82F706C7567696E2F706C7567696E2D6306
S214042DB86F6D6D6F6E2F656570726F6D2F656570BC
S214042DC8726F6D2E6300556E61626C6520746F2099
S214042DD8626F6F7420696D61676520617420736C17
S214042DE86F7420256C640A00536C6F74204D616EF2
S214042DF861676572206661696C656420746F206516
S214042E087261736520736C6F740A004D6178207262
S214042E18656164206C696D69742073657420746FC9
S214042E282025642062797465730A004164647265B7
S214042E3873732020202020202020202044617461E1
S214042E480A00307825346C78202020202020203072
S214042E587825780A004661696C656420746F207268
S214042E686561642066726F6D20666C6173680A001B
S214042E78536C6F7420256C640A2020416464726560
S214042E88737320202020203A20307825346C580A82
S214042E9820204C656E6774682020202020203A2065
S214042EA8307825346C582028256C6420627974653B
S214042EB873290A00202054797065202020202020B9
S214042EC820203A20004E6F2047424C2070726573CB
S214042ED8656E740A005A69674265650A0054687222
S214042EE86561640A00436F6E6E6563740A00426C1B
S214042EF87565746F6F74680A00426C7565746F6FD5
S214042F087468206170706C69636174696F6E0A0016
S214042F184D43550A004F7468657220283078256C2E
S214042F2858290A00202056657273696F6E2020207F
S214042F3820203A203078256C580A002020436170F7
S214042F486162696C69746965733A20307825346CF3
S214042F58580A00202050726F647563742049442010
S214042F68203A2000307825582000536C6F74204D82
S214042F78616E616765723A206661696C656420747F
S214042F886F20696E697469616C697A6520626F6F0F
S214042F98746C6F6164657220286572726F72203073
S214042FA878253478290A0056657273696F6E20206E
S214042FB82020203A2025640A0050617274202020BC
S214042FC820202020203A2025730A0043617061627D
S214042FD8696C69746965733A20307825780A0050F4
S214042FE86172742073697A652020203A202564204B
S214042FF8420A00506167652073697A652020203A82
S21404300820256420420A00576F72642073697A6523
S2140430182020203A20256420420A00536C6F7473DB
S214043028202020202020203A2025640A00466169B2
S2140430386C656420746F20726561642066726F6DB7
S2140430482073746F7261676520666C6173682028E4
S2140430586572726F72202564290A00496E76616C5F
S214043068696420736C6F7420256420286D61782049
S214043078736C6F74202564290A004661696C65645C
S21404308820746F2067657420696E666F20666F7299
S21404309820736C6F742025640A00536C6F74204D7B
S2140430A8616E616765723A20736C6F742077726913
S2140430B87465206661696C7572652E204164647255
S2140430C8657373206F6666736574202825642920E3
S2140430D82B207772697465206C656E67746820287F
S2140430E82564292067726561746572207468616E48
S2140430F820746F74616C20736C6F74206C656E67D3
S214043108746820282564290A00536C6F74204D615E
S2140431186E61676572207761726E696E673A2073AE
S2140431286C6F74202564206C656E67746820282587
S2140431386429206E6F7420616C69676E65642074F8
S2140431486F20706167652073697A6520282564296D
S2140431582E2054686520656E7469726520736C6FDA
S214043168742077696C6C206E6F74206265206572B3
S214043178617365642E0A00536C6F74204D616E612A
S2140431886765723A206661696C656420746F2065A9
S2140431987261736520256420627974657320696E8C
S2140431A820736C6F742025642061742061646472D3
S2140431B865737320307825347820286572726F72A8
S2140431C82030782578290A004572617365642025BD
S2140431D86420627974657320696E20736C6F74203A
S2140431E825640A004661696C656420746F207365FB
S2140431F87420736C6F7420746F20626F6F74202849
S2140432086572726F72203078253478290A00466110
S214043218696C656420746F20736574206C697374B4
S214043228206F6620736C6F747320746F20626F6FE0
S2140432387420286572726F72203078253478290ACB
S214043248004661696C656420746F20676574206E37
S2140432586577206C697374206F6620736C6F74735B
S21404326820746F20626F6F7420286572726F7220E4
S2140432783078253478290A00426567696E6E696E67
S2140432886720696D6167652076657269666963613A
S21404329874696F6E2E2E2E002E6661696C65642125
S2140432A820284572726F72203078253478290A00EF
S2140432B82E7061737365642120426F6F74696E673C
S2140432C820736C6F742025640A00666E692B00668A
S2140432D86E69006E616E00666E692D006C696273B5
S2140432E8006273656E640072657365740072617754
S2140432F80073656E645F6D756C74696361737400DE
S21404330873656E642D7573696E672D6D756C746957
S214043318636173742D62696E64696E670074696D9F
S2140433286573796E63006765742D7074692D7261B0
S21404333864696F2D636F6E66696700636F6E66698E
S214043348672D6363612D6D6F6465006576656E74BD
S21404335873007365637572697479007A6967626560
S214043368655F7072696E7400706C7567696E006E5E
S2140433786574006B657973006F7074696F6E00709E
S2140433886C7567006368616E67656B65790063686A
S214043398616E67656B007A646F007072696E74207C
S2140433A872656C6174656420636F6D6D616E6473B9
S2140433B82E0061747472005A646F2072656C6174AE
S2140433C8656420636F6D6D616E64732E00726F752D
S2140433D8746500706F776572006D676D742D6C7117
S2140433E869006D676D742D62696E64006E6F64653E
S2140433F80073696D706C65006965656500756E6255
S214043408696E64006E776B2D757064006F75742D25
S214043418636C2D6C69737400696E2D636C2D6C690E
S2140434287374005A646F20696E2D636C2D6C69730F
S214043438742072656C6174656420636F6D6D616E6B
S21404344864732E005A646F206F75742D636C2D6C2C
S2140434586973742072656C6174656420636F6D6D3E
S214043468616E64732E005A646F206E776B2D7570C8
S214043478642072656C6174656420636F6D6D616E3B
S21404348864732E007363616E2D6368616E2D6D61BF
S214043498736B007363616E006368616E50670063E4
S2140434A868616E005A646F20756E62696E64207275
S2140434B8656C6174656420636F6D6D616E64732EEC
S2140434C800756E6963617374006368616E67656B23
S2140434D865792072656C6174656420636F6D6D61CF
S2140434E86E64732E006C696E6B004F7074696F6E31
S2140434F82072656C6174656420636F6D6D616E64BB
S214043508732E007265676973746572006469736301
S21404351800696E7374616C6C2D636F646500626910
S2140435286E64696E672D7461626C65007072696E8C
S214043538742D72782D6D7367730061707372657479
S21404354872790041505320726574727920666C61F2
S2140435586720666F72636520636F6D6D616E647352
S21404356800456E61626C65732F44697361626C65AD
S21404357873207072696E74696E67206F662052785D
S214043588206D657373616765732E00656E61626C82
S214043598650042696E64696E67207461626C6520B2
S2140435A872656C6174656420636F6D6D616E6473B7
S2140435B82E005365637572697479206B6579732078
S2140435C872656C6174656420636F6D6D616E647397
S2140435D82E0064656C657465004E6574776F726B4F
S2140435E82072656C6174656420636F6D6D616E64CA
S2140435F8732E00666F726D0072656A6F696E2D644D
S2140436086966662D6465766963652D7479706500E8
S21404361865787470616E69640069736F70656E00AE
S21404362862726F61642D706A6F696E006368616E9A
S21404363867652D6368616E6E656C00696E697400F3
S2140436486368616E67652D6B6565702D616C697658
S214043658652D6D6F64650074696D656F75742D6F7F
S2140436687074696F6E2D6D61736B006D756C74691B
S2140436782D7068792D7374617274006D756C746935
S2140436882D7068792D73746F700066696E64006EA9
S2140436986574776F726B2066696E6420636F6D6DF0
S2140436A8616E64732E006A6F696E61626C6500757C
S2140436B86E7573656400736C6F742D6D616E6167E7
S2140436C8657200636F756E7465727300656E642D3B
S2140436D86465766963652D737570706F72740066B9
S2140436E8696E642D616E642D62696E64006672612B
S2140436F8676D656E746174696F6E0067726F757056
S214043708732D736572766572006E6574776F726B67
S2140437182D7374656572696E67006F74612D626FC8
S2140437286F746C6F6164006F74612D636C69656E89
S21404373874006F74612D73746F726167652D636F9F
S2140437486D6D6F6E006F74612D73746F726167654B
S2140437582D656570726F6D0069646C652D736C6594
S2140437686570007570646174652D74632D6C696E7C
S2140437786B2D6B6579007570646174652D74632DA3
S2140437886C696E6B2D6B65792072656C6174656403
S21404379820636F6D6D616E64730074696D65720085
S2140437A86E6F7700436F6D6D616E647320746F205F
S2140437B8636F6E74726F6C2069646C696E672F73BE
S2140437C86C656570696E67206F662074686520642A
S2140437D8657669636500666F7263652D6177616BEC
S2140437E865006177616B652D7768656E2D6E6F74FD
S2140437F82D6A6F696E6564007265706F7274696E9F
S214043808672072656C6174656420636F6D6D616EA4
S21404381864732E00636C6561722D6C6173742D720B
S21404382865706F72742D74696D6500746573742D94
S21404383874696D696E67006F74612D73746F726155
S21404384867652D656570726F6D2072656C61746549
S2140438586420636F6D6D616E64732E00776970659E
S214043868006F74612D73746F726167652D636F6D75
S2140438786D6F6E2072656C6174656420636F6D6D20
S214043888616E6473007072696E74496D61676573FE
S2140438980072656C6F61640073746F726167652D7E
S2140438A8696E666F00646174612D7072696E740067
S2140438B86F74612D636C69656E742072656C6174CF
S2140438C8656420636F6D6D616E64732E0076657231
S2140438D869667900626C6F636B2D74657374007027
S2140438E86167652D726571756573740075706772A6
S2140438F86164652D726571756573740064697361B6
S214043908626C652D646F776E6772616465730065B3
S2140439186E61626C652D646F776E67726164657339
S214043928006F74612D626F6F746C6F6164207265CA
S2140439386C6174656420636F6D6D616E6473006E8C
S2140439486574776F726B2D7374656572696E67201C
S21404395872656C6174656420636F6D6D616E647303
S2140439682E007072652D636F6E666967757265647E
S2140439782D6B65792D736574006D61736B207265A4
S2140439886C6174656420636F6D6D616E642E00737C
S214043998756274726163740067726F7570732D73E1
S2140439A865727665722072656C6174656420636FEF
S2140439B86D6D616E64732E00667261676D656E74F4
S2140439C86174696F6E2072656C6174656420636FD8
S2140439D86D6D616E64732E007365742D72782D7721
S2140439E8696E646F772D73697A65006172746966A7
S2140439F8696369616C2D626C6F636B2D64726F709A
S214043A080046696E6420616E642062696E64207282
S214043A18656C6174656420636F6D6D616E64732E86
S214043A2800696E69746961746F7200656E642D64EA
S214043A3865766963652D737570706F727420726528
S214043A486C6174656420636F6D6D616E64732E00BB
S214043A58706F6C6C2D636F6D706C657465642D6324
S214043A68616C6C6261636B00666F7263652D736864
S214043A786F72742D706F6C6C00656E61626C655F36
S214043A887479706500737461636B00617070007A92
S214043A98636C006C65676163795F61665F64656221
S214043AA8756700636F756E746572732072656C61F2
S214043AB874656420636F6D6D616E64732E00707236
S214043AC8696E742D636F756E7465722D747970657E
S214043AD80073696D706C652D7072696E740070720F
S214043AE8696E742D7468726573686F6C647300739A
S214043AF865742D7468726573686F6C640072657398
S214043B0865742D7468726573686F6C647300736586
S214043B186E642D726571756573740073656375726A
S214043B286974792072656C6174656420636F6D6D61
S214043B38616E6473007365742D616C6C6F772D7495
S214043B48727573742D63656E7465722D72656A6F0B
S214043B58696E2D7573696E672D77656C6C2D6B6E43
S214043B686F776E2D6B6579007365742D616C6C6F59
S214043B78772D74727573742D63656E7465722D7201
S214043B88656A6F696E2D7573696E672D77656C6CDB
S214043B982D6B6E6F776E2D6B65792D74696D656FF9
S214043BA87574007365742D6B65792D72657175650A
S214043BB873742D706F6C696379006D66672D746F06
S214043BC86B656E006170730053656375726974790A
S214043BD8206170732072656C6174656420636F6D10
S214043BE86D616E64732E004765742F736574204D7B
S214043BF8464720746F6B656E2E00656E64706F6939
S214043C086E742072656C6174656420636F6D6D6193
S214043C186E64732E00656570726F6D207574696CBA
S214043C286974792072656C6174656420636F6D6D60
S214043C38616E647300536C6F74204D616E616765C2
S214043C48722072656C6174656420636F6D6D616E55
S214043C58647300626F6F742D736C6F7400657261A1
S214043C6873652D736C6F74006578742D666C617358
S214043C78682D696E666F00736C6F74732D696E6653
S214043C886F005072696E74732074696D652E0050E7
S214043C9872696E7473206174747269627574652EC1
S214043CA800436C6561727320746865205A444F201B
S214043CB86C697374206F6620636C69656E7420285B
S214043CC8696E2920636C7573746572732E0041647B
S214043CD8647320636C75737465727320746F2074D0
S214043CE86865206B6E6F776E20636C69656E7420EA
S214043CF828696E2920636C757374657273206F6EF9
S214043D082074686973206465766963652E00436C5D
S214043D186561727320746865205A444F206C697311
S214043D2874206F6620636C69656E7420286F7574DA
S214043D382920636C7573746572732E00416464730A
S214043D4820636C75737465727320746F2074686569
S214043D58206B6E6F776E20636C69656E7420286FAF
S214043D6875742920636C757374657273206F6E207E
S214043D7874686973206465766963652E0053656E96
S214043D88647320616E20757064617465206368616D
S214043D986E6E656C20726571756573742E00636843
S214043DA8616E6E656C1F0053656E647320616E20C9
S214043DB8757064617465206368616E6E656C2070E6
S214043DC8616765207265712E205468652073746176
S214043DD8636B2073656E6473206E776B20656E68FC
S214043DE8616E6365642075706461746520726571BC
S214043DF820666F72206E6F6E2D7A65726F20706102
S214043E0867652E006368616E6E656C1F7061676512
S214043E181F00506572666F726D7320616E20656E42
S214043E2865726779207363616E2E007461726765C4
S214043E38744E6F646549641F7363616E447572617A
S214043E4874696F6E1F7363616E436F756E741F00BB
S214043E5842726F6164636173747320746865204981
S214043E6844206F6620746865206E6577206E6574D6
S214043E78776F726B206D616E6167657220616E6420
S214043E8820616374697665206368616E6E656C7319
S214043E982E006E776B4D676549641F6368616E6EA6
S214043EA8656C4D61736B1F00506572666F726D7337
S214043EB820616E20656E65726779207363616E2073
S214043EC86F6E20676976656E206368616E6E656CD2
S214043ED8206D61736B2E007461726765744E6F642F
S214043EE86549641F7363616E4475726174696F6EA5
S214043EF81F7363616E436F756E741F6368616E6EBD
S214043F08656C4D61736B1F0053656E647320612086
S214043F186E6574776F726B20616464726573732060
S214043F287265717565737420666F7220746865208F
S214043F38676976656E2049454545206164647265FF
S214043F4873732E00696565651F0052657175657320
S214043F58747320616E204945454520616464726522
S214043F687373206261736564206F6E2061206769CD
S214043F7876656E206E6F64652049442E006E6F6405
S214043F886549641F0053656E647320612073696D08
S214043F98706C652064657363726970746F722072DE
S214043FA865717565737420666F722074686520730E
S214043FB8686F7274206164647265737320616E64DA
S214043FC820656E64706F696E7420737065636966C5
S214043FD86965642E00646573741F7461726765741A
S214043FE8456E64706F696E741F0053656E64732043
S214043FF861206D6174636844657363726970746F75
S21404400872735265717565737420746F207468656D
S21404401820676976656E2064657374696E61746971
S2140440286F6E20776974682074686520676976659A
S2140440386E2070726F66696C652E006E6F646549D3
S214044048641F70726F66696C651F0053656E6473CF
S2140440582061206E6F64652064657363726970748A
S2140440686F72207265717565737420746F20612091
S214044078676976656E207461726765742064657610
S2140440886963652E007461726765741F0053656EF4
S21404409864732061205A444F2042696E6420636F1B
S2140440A86D6D616E6420746F206120646576696343
S2140440B8652073706563696669656420696E207433
S2140440C8686520636F6D6D616E6420617267756DD7
S2140440D8656E74732E0044657374696E6174696FD3
S2140440E86E1F536F7572636520656E64706F696EB4
S2140440F8741F44657374696E6174696F6E20656EA7
S21404410864706F696E741F636C7573746572494462
S2140441181F72656D6F746545554936341F6465733B
S2140441287445554936341F0053656E647320616EB2
S2140441382061637469766520656E64706F696E7451
S214044148207265717565737420746F2074686520B1
S2140441586465766963652077697468207468652081
S214044168676976656E2073686F72742049442E00FA
S21404417853656E647320616E20756E62696E642082
S2140441887265717565737420666F72206120756E2A
S21404419869636173742062696E64696E6720746FFC
S2140441A8207468652074617267657420646576692E
S2140441B863652E007461726765741F736F75726326
S2140441C8652065756936341F736F75726365206577
S2140441D86E64706F696E741F636C75737465724968
S2140441E8441F64657374696E6174696F6E455549D6
S2140441F836341F64657374696E6174696F6E2065FE
S2140442086E64706F696E741F0053656E6473206104
S2140442186E20756E62696E64207265717565737456
S21404422820666F722061206D756C7469636173749F
S2140442382062696E64696E6720746F2074686520EE
S214044248746172676574206465766963652E0074A4
S21404425861726765741F736F757263652065756927
S21404426836341F736F7572636520656E64706F6984
S2140442786E741F636C757374657249441F67726F36
S2140442887570416464726573731F0053656E647356
S2140442982061205A444F204D616E6167656D656ED6
S2140442A874204C6561766520636F6D6D616E64205D
S2140442B8746F207468652074617267657420646519
S2140442C8766963652E007461726765741F72656D1E
S2140442D86F76654368696C6472656E1F72656A6F8B
S2140442E8696E1F0053656E64732061205A444F201C
S2140442F84D474D542D42696E64202842696E6469A0
S2140443086E67205461626C65292052657175657301
S2140443187420746F207468652074617267657420ED
S2140443286465766963652E007461726765741F73C5
S21404433874617274496E6465781F0053656E64739D
S2140443482061205A444F204D474D542D4C51492046
S214044358284C5149205461626C6529205265717550
S21404436865737420746F2074686520746172676559
S21404437874206465766963652E0053656E647320DD
S21404438861205A444F20506F7765722044657363E2
S214044398726970746F7220526571756573742074CF
S2140443A86F20746865207461726765742064657626
S2140443B86963652E0053656E64732061205A444F02
S2140443C820726F75746520726571756573742063E1
S2140443D86F6D6D616E6420746F20746865207461F7
S2140443E8726765742E007461726765741F696E64FB
S2140443F865781F00696E6465781F65756936341FAD
S214044408696E7374616C6C436F64651F00696E64CF
S21404441865781F65756936341F6B65791F005443C4
S214044428206C696E6B206B6579207265717565738F
S2140444387420706F6C6963791F417070206C696EA4
S2140444486B206B6579207265717565737420706F5F
S2140444586C6963791F00426F6F6C3A20616C6C6FED
S214044468772074727573742063656E74657220722F
S214044478656A6F696E207573696E672077656C6CFC
S2140444882D6B6E6F776E206B65791F0070726F6682
S214044498696C6549641F636C757374657249641F37
S2140444A80074617267657449641F00456E61626CC6
S2140444B86573207072696E74696E67206F66205221
S2140444C878206D657373616765732E00536574731E
S2140444D8207468652062696E64696E672074616218
S2140444E86C6500696E6465781F636C7573746572B1
S2140444F81F6C6F63616C45701F72656D6F746545DC
S214044508701F65756936341F00436C6561727320C5
S2140445187468652062696E64696E67207461626C8B
S214044528652E005072696E7473207468652062691B
S2140445386E64696E67207461626C6520746F20749B
S214044548686520636F6D6D616E64206C696E652E98
S21404455800436C6561727320616C6C2073656375C7
S21404456872697479206B6579732E0044656C65747A
S2140445786520746865207370656369666965642078
S2140445886C696E6B206B657920696E6465782E009D
S2140445985072696E747320616C6C207365637572EF
S2140445A8697479206B6579732E005465726D696E2B
S2140445B86174657320746865206D756C74692D5014
S2140445C8485920696E74657266616365005573653B
S2140445D86420746F207374617274206D756C7469CA
S2140445E82D50485920696E74657266616365206F3C
S2140445F874686572207468616E206E617469766585
S21404460820616E6420666F726D20746865206E651E
S21404461874776F726B2E2054686520737461636BAD
S21404462820757365732073616D652050616E4964E7
S214044638206173206E617469766520726164696F9F
S214044648206E6574776F726B2E00706167651F63E2
S21404465868616E6E656C1F706F7765721F6F707415
S214044668696F6E734D61736B20284269742030201D
S2140446783D20526F757465727320616C6C6F776534
S214044688642C204269742031203D2042726F616494
S2140446986361737420616C6C6F776564291F0041CD
S2140446A87474656D70747320746F206368616E67C4
S2140446B86520746865206368696C642074696D6530
S2140446C86F7574206F7074696F6E206D61736B20DC
S2140446D8746F2066696C746572206F757420756EC5
S2140446E8646573697261626C652076616C7565735E
S2140446F82028652E672E206E6F206D6F72652074D5
S21404470868616E20332064617973292E0074696D9C
S214044718656F7574206F7074696F6E206D61736B46
S2140447281F005377697463686573206265747765D8
S214044738656E20646966666572656E74206B656569
S2140447487020616C697665206D6F64657320737577
S21404475870706F72746564206279206120726F7558
S2140447687465722E004B65657020616C69766520E9
S2140447786D6F64651F005072696E74732074686583
S2140447882063757272656E74204E6F6465204944A2
S2140447982C2045554936342C20616E642050616EB1
S2140447A82049442E00496E697469616C697A657398
S2140447B82061206E6574776F726B3B20746869732A
S2140447C82069732061207465737420636F6D6D614E
S2140447D86E64207573656420666F722074632D7327
S2140447E87761702D6F75742074657374696E672E9F
S2140447F8005365747320746865206E6574776F72E9
S2140448086B20696E64657820757365642062792008
S214044818616C6C2066757475726520434C49206318
S2140448286F6D6D616E64732E20204265666F7265C7
S21404483820657865637574696E67206120434C4902
S21404484820636F6D6D616E642C20746865206672D3
S214044858616D65776F726B207377697463686573C7
S21404486820746F2074686973206E6574776F726B32
S2140448782E202041667465722074686520636F6D07
S2140448886D616E642066696E697368657320657801
S21404489865637574696E672C207468652066726132
S2140448A86D65776F726B20737769746368657320B8
S2140448B86261636B20746F20746865207072657615
S2140448C8696F7573206E6574776F726B2E2020542B
S2140448D8686520434C4920757365732074686520A1
S2140448E873616D65206E6574776F726B20696E648C
S2140448F8657820756E74696C2074686520646576BE
S21404490869636520726573657473206F72206974B1
S214044918206973206368616E676564207468726FC3
S214044928756768207468697320636F6D6D616E645B
S2140449382E00417474656D70747320746F206368F8
S214044948616E676520646576696365206F7665724F
S21404495820746F206120646966666572656E7420CB
S2140449686368616E6E656C20676976656E20696E2D
S21404497820746865206368616E6E656C2061726772
S214044988756D656E742E00546865206368616E6E76
S214044998656C20746F206368616E676520746F1F8A
S2140449A80066696E64556E7573656450616E496415
S2140449B80066696E644A6F696E61626C654E6574FA
S2140449C8776F726B005065726D697473206A6F69CD
S2140449D86E696E67206F6E20746865206E657477DE
S2140449E86F726B20666F72206120676976656E2029
S2140449F86E756D626572206F66207365636F6E648C
S214044A087320414E442062726F61646361737473E9
S214044A182061205A444F204D676D74205065726D8E
S214044A286974204A6F696E696E6720726571756568
S214044A38737420746F20616C6C20726F7574657261
S214044A48732E00412073696E676C652062797465FD
S214044A5820696E6469636174696E6720686F77207D
S214044A686C6F6E6720746865206465766963652074
S214044A7873686F756C642068617665207065726DFE
S214044A886974206A6F696E696E67207475726E65DC
S214044A9864206F6E20666F722E20412076616C75D6
S214044AA865206F662030786666207475726E73208B
S214044AB86F6E207065726D6974206A6F696E2069FE
S214044AC86E646566696E6974656C792E1F00436842
S214044AD865636B73206E6574776F726B20706A6F8C
S214044AE8696E207374617475732E005772697465E1
S214044AF8732074686520657874656E6465642070D0
S214044B08616E20494420666F722074686520646567
S214044B18766963652E0065787470616E69641F0033
S214044B2852656A6F696E7320616E2065786973745E
S214044B38696E67206E6574776F726B20696E206184
S214044B4820736563757265206F7220696E7365637A
S214044B58757265206D616E6E65722077697468205B
S214044B686120646966666572656E74206465766934
S214044B78636520747970652E00426F6F6C65616E8C
S214044B88206E6574776F726B206B65792061766129
S214044B98696C6162696C6974791F4368616E6E65D5
S214044BA86C206D61736B1F416E20656E756D657242
S214044BB86174696F6E20696E6469636174696E678F
S214044BC82074686520646576696365207479706501
S214044BD820746F2072656A6F696E2061732E54683C
S214044BE86520737461636B206F6E6C7920616363F0
S214044BF86570747320534C5F5A49474245455F4570
S214044C084E445F44455649434520616E6420534CE0
S214044C185F5A49474245455F534C454550595F4599
S214044C284E445F4445564943452E1F0052654A6F15
S214044C38696E732061206E6574776F726B2E0042FE
S214044C486F6F6C65616E206E6574776F726B206B20
S214044C58657920617661696C6162696C6974791F2B
S214044C684368616E6E656C206D61736B1F004C65DE
S214044C78617665732061206E6574776F726B2E009B
S214044C885475726E73207065726D6974206A6F69E4
S214044C986E696E67206F6E20666F72207468652072
S214044CA8616D6F756E74206F662074696D65206912
S214044CB86E646963617465642E00412073696E6767
S214044CC86C65206279746520696E646963617469C9
S214044CD86E6720686F77206C6F6E6720746865202F
S214044CE86465766963652073686F756C64206861AB
S214044CF87665207065726D6974206A6F696E696E70
S214044D0867207475726E206F6E20666F722E20414F
S214044D182076616C7565206F662030786666207428
S214044D2875726E73207065726D6974206A6F696E29
S214044D3820696E646566696E6974656C792E1F00F1
S214044D484A6F696E732061206E6574776F726B2084
S214044D586F6E206120676976656E206368616E6E83
S214044D68656C2C2077697468206120676976656E9F
S214044D7820545820506F77657220616E6420504125
S214044D884E2049442E00546865206368616E6E653B
S214044D986C206F6E20776869636820746F206A6F6A
S214044DA8696E20746865206E6574776F726B1F4F22
S214044DB86E652D62797465207369676E65642076FE
S214044DC8616C756520696E6469636174696E6720D1
S214044DD874686520545820506F776572207468612B
S214044DE8742074686520726164696F2073686F75CF
S214044DF86C642062652073657420746F1F5468653C
S214044E082050414E204944206F6E207768696368B5
S214044E1820746F206A6F696E20746865206E6574E6
S214044E28776F726B1F00466F726D732061206E6514
S214044E3874776F726B206F6E206120676976656E73
S214044E48206368616E6E656C2C20776974682061CF
S214044E5820676976656E20545820506F77657220EF
S214044E68616E642050414E2049442E0054686520E3
S214044E786368616E6E656C206F6E20776869636818
S214044E8820746F20666F726D20746865206E657472
S214044E98776F726B1F4F6E652D6279746520736920
S214044EA8676E65642076616C756520696E646963EF
S214044EB86174696E672074686520545820506F774B
S214044EC86572207468617420746865207261646908
S214044ED86F2073686F756C64206265207365742030
S214044EE8746F1F5468652050414E204944206F6EE5
S214044EF820776869636820746F20666F726D207403
S214044F086865206E6574776F726B1F0054686973E2
S214044F1820696E6974696174657320612054434C12
S214044F284B207570646174652070726F6365647570
S214044F3872652E0053706563696679207468652007
S214044F48616D6F756E74206F662074696D65207464
S214044F586F2077616974206166746572206F6E6568
S214044F682054434C4B20757064617465206F7065DB
S214044F78726174696F6E20636F6D706C65746573A7
S214044F88206265666F726520626567696E6E696E13
S214044F98672061206E65772054434C4B20757064F7
S214044FA8617465206F7065726174696F6E2E005443
S214044FB8686520616D6F756E74206F662074696D00
S214044FC865206265747765656E20737562736571AE
S214044FD875656E742074727573742063656E746573
S214044FE872206C696E6B206B6579207570646174C9
S214044FF8657320696E206D696C6C697365636F6E82
S21404500864731F00536574206F7220636C65617245
S2140450182073746179206177616B65207768656EA3
S214045028206E6F74206A6F696E6564005365742019
S2140450386F7220636C65617220666F7263652061A7
S21404504877616B6500446973706C61792074686570
S21404505820736C6565702073746174757300464FAD
S214045068522054455354494E4720505552504F5396
S2140450784553202D206761746865722074696D69CC
S2140450886E67206D65747269637320666F7220722A
S21404509865706F7274696E67207461626C65206FE0
S2140450A87065726174696F6E732E00436C65617205
S2140450B87320746865206C617374207265706F72EF
S2140450C8742074696D65206F6620617474726962F1
S2140450D8757465732E00416464732061206E657769
S2140450E820656E74727920746F2074686520726502
S2140450F8706F7274207461626C652E005468652043
S2140451086C6F63616C20656E64706F696E7420667C
S214045118726F6D20776869636820746865206174A7
S21404512874726962757465206973207265706F722B
S2140451387465641F54686520636C7573746572209F
S214045148776865726520746865206174747269622C
S214045158757465206973206C6F63617465641F5485
S2140451686865204944206F662074686520617474F5
S214045178726962757465206265696E672072657007
S2140451886F727465641F3020666F7220636C69657D
S2140451986E742D73696465206174747269627574BB
S2140451A86573206F72203120666F7220736572767D
S2140451B865722D73696465206174747269627574A6
S2140451C865731F546865206D696E696D756D207208
S2140451D865706F7274696E6720696E74657276613D
S2140451E86C2C206D6561737572656420696E207316
S2140451F865636F6E64732E1F546865206D617869E5
S2140452086D756D207265706F7274696E6720696E4D
S21404521874657276616C2C206D656173757265644D
S21404522820696E207365636F6E64732E1F546865F9
S214045238206D696E696D756D206368616E6765209B
S214045248746F207468652061747472696275746515
S21404525820746861742077696C6C20726573756C49
S2140452687420696E2061207265706F72742062659E
S214045278696E672073656E742E1F0052656D6F76AF
S214045288657320616E20656E7472792066726F6D20
S21404529820746865207265706F7274207461626C1D
S2140452A8652E0054686520696E646578206F6620EC
S2140452B8746865207265706F727420746F206265F6
S2140452C82072656D6F7665641F00436C6561727342
S2140452D820616C6C20656E74726965732066726FE3
S2140452E86D20746865207265706F727420746162CC
S2140452F86C652E005072696E74732074686520722B
S21404530865706F7274207461626C652E00576970DC
S214045318657320616C6C206461746120696E207406
S21404532868652073746F726167652064657669635F
S214045338652E005072696E747320617262697472A5
S214045348617279206279746573206F662074686563
S214045358204F544120696D616765206F6E2064692B
S214045368736B2E0054686520696E646578206F66D2
S2140453782074686520696D61676520746F20707293
S214045388696E742069747320646174611F54686557
S214045398206F666673657420696E746F207468651A
S2140453A8204F544120696D616765207468617420D4
S2140453B877696C6C206265207072696E7465641F08
S2140453C8005072696E747320696E666F726D6174CC
S2140453D8696F6E2061626F757420746865207374D3
S2140453E86F72616765206465766963652E00526529
S2140453F86C6F6164207468652073746F7261676586
S214045408206465766963652E0044656C6574657307
S2140454182074686520696D61676520617420746806
S214045428652073706563696669656420696E64657A
S214045438782E0054686520696E6465782061742047
S214045448776869636820746F20626567696E20648C
S214045458656C6574696E672074686520696D616734
S214045468651F005072696E74732074686520696DD0
S214045478616765732E00456E61626C6573204F54D0
S2140454884120646F776E6772616465732E004469A1
S2140454987361626C6573204F544120646F776E673E
S2140454A872616465732E0053656E647320616E20A2
S2140454B855706772616465456E6452657175657387
S2140454C87420746F20616E204F5441207365727681
S2140454D865722E0043616E206265207573656420CC
S2140454E8746F2064796E616D6963616C6C7920747D
S2140454F875726E206F66662073656E64696E6720C3
S21404550870616765207265717565737473206F6E54
S2140455182074686520636C69656E742073696465B5
S2140455282C20696620746865207365727665722017
S214045538646F65736E277420737570706F72742049
S2140455487468697320666561747572652E00426FA7
S2140455586F6C65616E2076616C7565207475726E05
S214045568696E67206F6E20283129206F72206F6657
S2140455786620283029207468652070616765207263
S21404558865717565737420666C61671F0053656E74
S214045598647320616E20696D61676520626C6F6351
S2140455A86B207265717565737420666F722061204E
S2140455B866696C6520746865207365727665722002
S2140455C873686F756C64206E6F7420686176652ED8
S2140455D8202054657374206861726E657373206F37
S2140455E86E6C79202874657374206361736520393A
S2140455F82E352E36202D204D697373696E67204626
S214045608696C6529005072696E747320696E666FDA
S214045618726D6174696F6E206F6E2074686520639E
S214045628757272656E74207374617465206F662073
S214045638746865204F544120636C69656E742064F1
S2140456486F776E6C6F61642E0053746F707320747A
S2140456586865204F5441207374617465206D6163D6
S21404566868696E652E005374617274732074686575
S214045678204F544120636C69656E7420737461749A
S21404568865206D616368696E652E205468652073AD
S21404569874617465206D616368696E6520646973F6
S2140456A8636F7665727320746865204F544120735F
S2140456B865727665722C20717565726965732066E5
S2140456C86F72206E657720696D616765732C206438
S2140456D86F776E6C6F6164732074686520696D619A
S2140456E867657320616E6420776169747320666FDA
S2140456F872207468652073657276657220636F6DB0
S2140457086D616E6420746F20757067726164652EAF
S214045718005072696E747320746865206D616E75C6
S21404572866616374757265722049442C20496D61FC
S214045738676520547970652049442C20616E64207E
S21404574856657273696F6E20696E666F726D6174E2
S214045758696F6E207468617420617265207573655C
S21404576864207768656E2061207175657279206E8D
S21404577865787420696D6167652069732073656E42
S2140457887420746F20746865207365727665722059
S21404579862792074686520636C69656E742E00509F
S2140457A86572666F726D73207369676E617475725D
S2140457B86520766572696669636174696F6E206FC1
S2140457C86E2074686520696D61676520617420744D
S2140457D868652073706563696669656420696E64C4
S2140457E865782E0054686520696E6465782061744F
S2140457F820776869636820746F20626567696E201D
S214045808766572696669636174696F6E206F66206F
S21404581874686520696D6167651F00426F6F746CF4
S2140458286F6164732074686520696D6167652061BB
S2140458387420746865207370656369666965642096
S214045848696E6465782062792063616C6C696E673A
S21404585820746865204F544120626F6F746C6F61C2
S214045868642063616C6C6261636B2E005468652007
S214045878696E646578206174207768696368207443
S2140458886F20626567696E20626F6F746C6F6164FF
S214045898696E672074686520696D6167651F0050C6
S2140458A872696E747320696E666F2061626F7574B0
S2140458B82074686520696E7374616C6C6564206214
S2140458C86F6F746C6F616465722E005375627472C0
S2140458D8616374732061206368616E6E656C20660C
S2140458E8726F6D20656974686572207468652070C7
S2140458F872696D617279206F72207365636F6E6466
S214045908617279206368616E6E656C206D61736B75
S214045918206F6620746865206E6574776F726B2DC9
S2140459287374656572696E6720636F6D706F6E65F4
S2140459386E742E00546865206368616E6E656C200C
S2140459486D61736B20746F2073756274726163740F
S21404595820746865206368616E6E656C2066726F75
S2140459686D1F546865206368616E6E656C20746F7D
S21404597820737562747261637420746865206D613F
S214045988736B2066726F6D1F004164647320612018
S2140459986368616E6E656C20746F206569746865EB
S2140459A87220746865207072696D617279206F72EE
S2140459B8207365636F6E64617279206368616E6EC6
S2140459C8656C206D61736B206F6620746865206E45
S2140459D86574776F726B2D7374656572696E67206C
S2140459E8636F6D706F6E656E742E00546865206301
S2140459F868616E6E656C206D61736B20746F2061D0
S214045A0864642061206368616E6E656C20746F1F21
S214045A18546865206368616E6E656C20746F2061D7
S214045A28646420746F20746865206D61736B1F004E
S214045A385365747320656974686572207468652094
S214045A487072696D617279206F72207365636F6E08
S214045A5864617279206368616E6E656C206D61732B
S214045A686B2E00546865206368616E6E656C206DE5
S214045A7861736B20746F207375627472616374202B
S214045A88746865206368616E6E656C2066726F6DF7
S214045A981F5468652076616C756520746F2073657D
S214045AA87420746865206368616E6E656C206D6129
S214045AB8736B20746F2E1F005365747320746865A7
S214045AC8207072652D636F6E6669677572656420EB
S214045AD86B657920736F2074686174207468652018
S214045AE86A6F696E696E67206465766963652063A4
S214045AF8616E20656E74657220746865206E6574C0
S214045B08776F726B2E005365747320746865207003
S214045B187265636F6E66696775726564206B65790E
S214045B281F0053746F707320746865206E657477ED
S214045B386F726B207374656572696E672070726F16
S214045B48636573732E005374617274732074686586
S214045B58206E6574776F726B207374656572696EF0
S214045B68672070726F636573732E0041206D6173CE
S214045B786B206F66206F7074696F6E7320666F7221
S214045B8820696E6469636174696E672073706563FF
S214045B9869666963206265686176696F72207769E9
S214045BA87468696E20746865206E6574776F726BA6
S214045BB82D7374656572696E672070726F6365739A
S214045BC8732E1F00446973706C617973207468655A
S214045BD82063757272656E742073746174757320AD
S214045BE86F6620746865206E6574776F726B2073B1
S214045BF874656572696E672070726F636573732E59
S214045C0800436C65617273207468652067726F75EB
S214045C187073207461626C65206F6E206576657299
S214045C287920656E64706F696E74005072696E745C
S214045C387320696E666F726D6174696F6E20616237
S214045C486F75742074686520636F6E74656E7473FC
S214045C58206F66207468652067726F757073207489
S214045C6861626C652E004172746966696369616C69
S214045C786C792064726F70732074686520626C6F28
S214045C88636B206E756D62657220646566696E6501
S214045C986420627920746865207061737365642073
S214045CA8617267756D656E74206F6E6C79206F6EA1
S214045CB863652C20616E64207468656E20616C6C64
S214045CC86F77732069742075706F6E206120726513
S214045CD87472792E0054686520626C6F636B206E4C
S214045CE8756D62657220746F206172746966696383
S214045CF869616C6C792064726F7020746F20666FAB
S214045D087263652061207265747279202D2073652C
S214045D187420746F203078464620746F2064697344
S214045D2861626C651F00536574732074686520721D
S214045D386563656976652077696E646F772073692D
S214045D487A652E2020427920646566696E697469CE
S214045D586F6E20696E2074686520536D61727420B6
S214045D68456E657267792070726F66696C6520691E
S214045D7874206D7573742062652073657420746F5F
S214045D88203120627574207468697320616C6C6FA6
S214045D98777320697420746F206265206368616E67
S214045DA86765642E00546865206D6178206E756D8D
S214045DB8626572206F662074686520626C6F636B18
S214045DC873207265636569766564206265666F72BA
S214045DD86520616E204150532061636B20697320EF
S214045DE867656E6572617465641F004D616B6573E3
S214045DF82074686973206E6F6465207374617274A6
S214045E08206964656E74696679696E6720617320B3
S214045E18612074617267657420666F722062696EA9
S214045E2864696E67207769746820616E20696E6994
S214045E38746961746F72206E6F64652E00546865A9
S214045E4820656E64706F696E74206F6E207768695B
S214045E58636820746F20626567696E2074686520BD
S214045E6846696E64696E6720616E642042696E6472
S214045E78696E67207461726765742070726F6365F3
S214045E8873731F004D616B65732074686973206EA5
S214045E986F64652073746172742074686520696E13
S214045EA869746961746F722070617274206F6620F9
S214045EB87468652066696E64696E6720616E64201E
S214045EC862696E64696E672070726F636573732E99
S214045ED80054686520656E64706F696E74206F6E12
S214045EE820776869636820746F20626567696E2026
S214045EF87468652046696E64696E6720616E6420FE
S214045F0842696E64696E6720696E69746961746F44
S214045F18722070726F636573731F00536574732001
S214045F28776865746865722074686520434C4920F0
S214045F38666F726365732074686520646576696342
S214045F486520746F2073686F727420706F6C6C2E83
S214045F58005468652076616C756520696E646963AB
S214045F686174696E672077686574686572207468FA
S214045F7865206465766963652073686F756C64204C
S214045F8873686F727420706F6C6C1F00536574733B
S214045F982077686574686572207468652064657619
S214045FA86963657320706F6C6C20636F6D706C65C5
S214045FB87465642063616C6C6261636B2066756EDD
S214045FC86374696F6E20697320656E61626C6564BC
S214045FD82E005468652076616C756520696E646960
S214045FE8636174696E67207768657468657220747F
S214045FF86865206465766963657320706F6C6C20C9
S214046008636F6D706C657465642063616C6C626143
S214046018636B2066756E6374696F6E20697320659A
S2140460286E61626C65641F00446973706C61797391
S2140460382074686520737461747573206F662074A1
S214046048686520456E6420446576696365732070C8
S2140460586F6C6C696E672E00456E61626C652F64A2
S214046068697361626C6520646562756720606C6537
S2140460786761637920617070206672616D65776FF9
S214046088726B20646562756760207072696E74202E
S214046098747970652E00456E61626C652F64697349
S2140460A861626C651F00456E61626C652F64697376
S2140460B861626C6520646562756720607A636C60EB
S2140460C8207072696E7420747970652E00456E614E
S2140460D8626C652F64697361626C652064656275B9
S2140460E867206061707060207072696E74207479BD
S2140460F870652E00456E61626C652F646973616213
S2140461086C652064656275672060636F72656020DD
S2140461187072696E7420747970652E00456E6162BB
S2140461286C652F64697361626C6520646562756763
S2140461382060737461636B60207072696E74207477
S2140461487970652E0053656E6473206120726571DC
S2140461587565737420666F72204F544120636F759B
S2140461686E746572732E0052657365747320616C61
S2140461786C207468726573686F6C64732076616CDF
S21404618875657320746F203078464646462E00534D
S2140461986574732061207468726573686F6C642014
S2140461A876616C756520666F722061207061727402
S2140461B86963756C61722074797065206F662063F4
S2140461C86F756E7465722E0054797065206F66203C
S2140461D8636F756E7465721F5468726573686F6C46
S2140461E8642056616C75651F005072696E7473205E
S2140461F8746865207468726573686F6C6473206F5E
S2140462086620616C6C2074686520636F756E7465AF
S21404621872732E00436C6561727320616C6C206324
S2140462286F756E7465722076616C7565732E005092
S21404623872696E747320616C6C20636F756E746516
S214046248722076616C7565732E005072696E74736D
S214046258207468652076616C7565206F662074689E
S214046268697320706172746963756C617220636FF8
S214046278756E7465722E0054686520636F756E7447
S2140462886572207479706520746F207072696E74F4
S2140462981F005072696E747320616C6C20636F758E
S2140462A86E7465722076616C75657320616E642001
S2140462B8636C65617273207468656D2E005365742B
S2140462C8204D464720746F6B656E2C2043414E4E16
S2140462D84F5420424520554E534554204259204396
S2140462E84C492E005072696E74204D464720746FD0
S2140462F86B656E2E005072696E74206163746976DD
S21404630865206576656E74732E0044697361626CE5
S214046318652074686520656E64706F696E7420669F
S2140463286F72205A434C206D657373616765732ECC
S21404633800456E64706F696E7420696E6465781FB4
S21404634800456E61626C65732074686520656E64CA
S214046358706F696E7420666F72205A434C206D65A0
S2140463687373616765732E005072696E7420737454
S21404637861747573206F6620656E64706F696E74D9
S214046388732E0053686F7773207468652076657279
S21404639873696F6E206F662074686520736F667401
S2140463A8776172652E005365742074686520636F80
S2140463B86E66696775726564203830322E31352EFC
S2140463C83420434341206D6F646520696E207468E9
S2140463D86520726164696F2E2053656520646F6357
S2140463E8756D656E746174696F6E20726567617227
S2140463F864696E67205241494C5F494545453830C3
S214046408323135345F4363614D6F64655F742E00C3
S21404641841205241494C5F4945454538303231356B
S214046428345F4363614D6F64655F742076616C7591
S214046438651F0052657475726E7320505449207235
S2140464486164696F20636F6E66696720696E666F3C
S214046458726D6174696F6E20746F206465746572FA
S2140464686D696E6520746865205048592074797083
S21404647865206265696E6720757365642062792095
S2140464885241494C2E2072657475726E2076616C82
S214046498756520697320656E756D205241494C5F99
S2140464A8494545453830323135345F507469526150
S2140464B864696F436F6E6669675F7420652E67202C
S2140464C8205241494C5F49454545383032313534C8
S2140464D85F5054495F524144494F5F434F4E4649C3
S2140464E8475F32503447485A203D2030783030557C
S2140464F8205241494C5F4945454538303231353498
S2140465085F5054495F524144494F5F434F4E464992
S214046518475F32503447485A5F414E5444495620E0
S2140465283D203078303155205241494C5F49454525
S214046538453830323135345F5054495F5241444906
S2140465484F5F434F4E4649475F32503447485A5F79
S214046558434F4558203D2030783032552052414923
S2140465684C5F494545453830323135345F505449D7
S2140465785F524144494F5F434F4E4649475F325046
S2140465883447485A5F414E544449565F434F45582A
S214046598203D2030783033550053656E647320618F
S2140465A82072656164206174747220666F72207448
S2140465B868652074696D65206F6620746865206454
S2140465C86576696365207370656369666965642EB4
S2140465D82049742073657473206120666C61672093
S2140465E8736F207768656E206974206765747320F6
S2140465F874686520726573706F6E7365206974209D
S214046608777269746573207468652074696D65208B
S214046618746F20697473206F776E2074696D6520B3
S214046628617474722E0049641F737263456E6470D5
S2140466386F696E741F64657374456E64706F696EF3
S214046648741F005768656E2073656E64696E6720EC
S2140466587573696E6720612062696E64696E672C5B
S21404666820737065636966696573207768657468FE
S21404667865722061206D756C746963617374206239
S214046688696E64696E672073686F756C64206265EA
S21404669820757365642E007573654D756C7469632F
S2140466A861737442696E64696E671F0053656E642D
S2140466B8732061207072652D6275666665726564FE
S2140466C8206D756C746963617374206D657373618A
S2140466D8676520746F206120676976656E20677227
S2140466E86F75702049442066726F6D206120676953
S2140466F876656E20656E64706F696E742E006772B8
S2140467086F757049641F7372632D656E64706F6964
S2140467186E741F00437265617465732061206D652D
S2140467287373616765206279207370656369667937
S214046738696E67207468652072617720627974656B
S214046748732E20557365207468652073656E6420FF
S214046758636F6D6D616E6420746F2073656E64205C
S214046768746865206D657373616765206F6E63650D
S21404677820697420686173206265656E206372659B
S214046788617465642E2045783A20726177203078E3
S21404679830303046207B30302030412030302031B5
S2140467A8312032322033332034342035357D20737B
S2140467B8656E64732061206D657373616765207404
S2140467C86F20636C757374657220313520283078B1
S2140467D83030304629206F66206C656E67746820F2
S2140467E83820776869636820696E636C75646573B6
S2140467F820746865205A434C206865616465722E67
S21404680800436C757374657249641F446174611F30
S2140468180052657365747320746865206E6F6465CA
S2140468282E005772697465732061206D65737361F1
S21404683867652E00456E64706F696E741F436C75C9
S214046848737465722049441F41747472696275745E
S214046858652049441F4D61736B1F4461746120743D
S2140468687970651F4461746120627974651F0052EB
S214046878656164732061206D6573736167652E00B6
S214046888456E64706F696E741F436C7573746572B5
S2140468982049441F417474726962757465204944BA
S2140468A81F31206966207365727665722064697282
S2140468B8656374696F6E2C203020696620636C6982
S2140468C8656E7420646972656374696F6E1F00531D
S2140468D8656E64732061206D6573736167652E0049
S2140468E844657374696E6174696F6E1F536F75724D
S2140468F8636520656E64706F696E741F446573748F
S214046908696E6174696F6E20656E64706F696E7403
S2140469181F00536F7572636520656E64706F696EC9
S214046928741F004C69737473207768696368206FF2
S2140469387074696F6E616C206C69627261726965E5
S21404694873206F662074686520737461636B2061B6
S214046958726520696D706C656D656E746564206F0C
S2140469686E2074686973206465766963652E0050C2
S21404697872696E747320696E666F726D6174696F7E
S2140469886E2061626F757420746865206E6574770E
S2140469986F726B2073746174652C20636C757374E2
S2140469A86572732C20616E6420656E64706F696E00
S2140469B874732E006F66667365741F005072696E72
S2140469C8747320696E666F726D6174696F6E206683
S2140469D86F7220616C6C20617661696C61626C65AB
S2140469E820736C6F74732E00526561647320726131
S2140469F87720646174612066726F6D20666C6173BB
S214046A08682073746F726167652E004164647265EA
S214046A18737320746F20726561641F4E756D6265AA
S214046A2872206F6620627974657320746F207265AD
S214046A3861641F005072696E747320666C617368B3
S214046A482073746F7261676520696E666F726D6114
S214046A5874696F6E2E004572617365732074686579
S214046A682073706563696669656420736C6F742047
S214046A7849442E0053746F7261676520736C6F7493
S214046A88206E756D6265721F00426F6F7473207492
S214046A98686520696D61676520696E20746865207D
S214046AA873706563696669656420736C6F742049DE
S214046AB8442E00434C4920696E7374616E636520E6
S214046AC86578616D706C650064756D6D795F696E67
S214046AD87374005A434C20636F6D6D616E64730063
S214046AE8626173696300676C6F62616C006D6667E8
S214046AF82D636F6465007573652D6E6578742D73E4
S214046B08657175656E636500782D64656661756C78
S214046B18742D7265737000746573742D7265737062
S214046B286F6E73652D6F6E00746573742D7265735E
S214046B38706F6E73652D6F6666005A434C206261EB
S214046B4873696320636C757374657220636F6D6D07
S214046B58616E6473007274666400436F6D6D616E73
S214046B686420746861742072657365747320616C3C
S214046B786C206174747269627574652076616C75CC
S214046B88657320746F20666163746F727920646518
S214046B986661756C742E005241494C006C6F7765BB
S214046BA8722D6D61632D7261696C2D3830322E3109
S214046BB8352E342E63006C69627261696C2E61002E
S214046BC8756E636C61696D65640062756666657288
S214046BD82D6D616E6167656D656E742E63006576EE
S214046BE8656E742D71756575652E63007A696762BE
S214046BF865652D75707065722D6D61632E63006E04
S214046C0865696768626F722E63006173736F636980
S214046C186174696F6E2E6300313832317300313413
S214046C28323231003132310032730031323231318E
S214046C3832003132323131003238310038313100E5
S214046C483138323131003132313131323132323247
S214046C58317300313232003132313132323100315F
S214046C6831313100323238006D61632D6D756C74C4
S214046C78692D6E6574776F726B2E63006C65676139
S214046C8863792D7061636B65742D627566666572CB
S214046C982E63000000000200000000000000000050
S214046CA8BA04000000000000000002000000000013
S214046CB800000000BA0400000000000000010203FF
S214046CC80E312E312E332D65633537663831620022
S214046CD80100000203030100060000000000030090
S214046CE80000000013B779FAC925DDB7ADF3CFE085
S214046CF8F1B614B80102000000000000FFFFFFFF11
S214046D080100000001000000000000000000000070
S214046D180000000000000000000000000000000062
S214046D280000000000000000000000000000000052
S214046D3800000000073F0300D5320300D1320300E9
S214046D48AF3203007D3203000D330300DF32030045
S214046D587F3203002C000000020202030000000039
S214046D6800000000648000506880005000020100A3
S214046D780009007FB06D04000100000F906D040048
S214046D880000000000000000E1FE59FF8FFFADFF81
S214046D98C1FFD0FFDCFFE4FFEBFFF2FFF6FFFAFFCC
S214046DA8FDFF0000030005005500EDFEFF0064002B
S214046DB81E0000007F001B0DD063FDFF3600B703DE
S214046DC84DDAFFFF1C005901EC3600001100BD0027
S214046DD8C83B00000B00710014350000070049008A
S214046DE8352C0000050037000526000003001400B3
S214046DF8FF1400000522040047D5030047D5030006
S214046E0847D5030047D5030047D5030047D50300F5
S214046E1847D5030047D5030047D5030047D50300E5
S214046E2847D5030047D5030047D5030047D50300D5
S214046E3847D5030047D5030047D5030047D50300C5
S214046E4847D5030047D5030047D5030047D50300B5
S214046E5847D5030047D5030047D5030047D50300A5
S214046E6847D5030055D5030047D503006AD5030064
S214046E7847D5030047D503008FD5030047D503003D
S214046E8847D5030047D5030047D50300B7D5030005
S214046E9847D5030047D5030047D5030047D5030065
S214046EA8CFD5030047D50300EDD50300010304013D
S214046EB8010109030B0000000B000000020000009B
S214046EC80000202000000000030000008C8C3C001A
S214046ED80000000000000000000000001E00000083
S214046EE80A0000001A000000000000581200000003
S214046EF8E46E0400554E4B00474F200042544C00A5
S214046F08474F3200474F3300474F3400474F35004A
S214046F18474F3600474F3700474F3800474F39002A
S214046F28474F4100474F4200474F4300474F4400EE
S214046F38474F4500474F46004A4D500042445200CA
S214046F485550520042544D004D534D0046544C0083
S214046F58554E4B00474F200042544C0042414400D3
S214046F6846544C00465243004F54410044534C0088
S214046F784241500055504700544D4500464155007F
S214046F88545A4600554E4B0050494E00454D340061
S214046F98554E4B0048562000554E4B004558500059
S214046FA84C574D00554E4B005242540044534C0027
S214046FB8454D3400554E4B0041535400554E4B0036
S214046FC856465900494E4800554E4B004C434B0014
S214046FD858544C004F424600554E4B004852440005
S214046FE84D454D004255530055534700444247000B
S214046FF8444D410056435400554E4B00555020000E
S2140470085250200041503000415031004150200079
S2140470184450200044454300FC6E0400006F0400FE
S214047028586F04008C6F0400986F0400A06F040067
S214047038AC6F0400BC6F0400C46F0400D06F040077
S214047048E06F040000700400554E4B0046494200A9
S21404705842544C0045585400505752005744470071
S21404706820535700435253004653480042414400B5
S214047078464C540042524F0001040103030601051E
S214047088010501090600060B0000070B050B0000A6
S21404709800000000000000000400E40C02000104E4
S2140470A81001000000050002000003003C73040001
S2140470B83873040024730400207304001C7304004B
S2140470C81873040006730400F6720400DC720400E5
S2140470D8D4720400CA720400C8720400B0720400B1
S2140470E8AD720400A572040094720400847204004D
S2140470F87272040058720400507204004472040049
S214047108407204003C7204002E72040023720400C9
S2140471180A720400F1710400957104009471040065
S214047128847104005C7104005171040050710400F9
S2140471383C7104000000000000000000000000008D
S21404714800000000000000000F000000000000001F
S214047158000000000000000000000000000000001E
S214047168000000000000000000000000000000000E
S21404717800000000000000000000000001000000FD
S2140471880000000000000000000000000F000000DF
S21404719800000000000000000000000000000000DE
S2140471A800000000000000000000000000000000CE
S2140471B800000000000000000000000000000000BE
S2140471C800000000000000000000000000000000AE
S2140471D8000000000000000000000000000000009E
S2140471E8000000000000000000000000000000008E
S2140471F8000000000000000000000000000000007E
S214047208000000000000000000000000000000006D
S214047218000000000000000000000000000000005D
S214047228000000000000000000000000000000004D
S214047238000000000000000000000000FFFFFFFF41
S214047248FFFFFFFFFFFF0000000000000000000033
S214047258000000000000000000000000000000001D
S214047268000000000000000000000000000000000D
S21404727800000000000000000000000000000000FD
S21404728800000000000000000000000000000000ED
S21404729800000000000000000000000000FFFFFFE0
S2140472A8FFFFFFFFFF9C0000FF0000000000000037
S2140472B8000000000000000000000000800000003D
S2140472C80000FFFFFFFFFFFFFFFFFFFF00000000B7
S2140472D8FFFF00000000000000000000000000009F
S2140472E80000000000000000000000000000FFFF8F
S2140472F8FF0000000000000000000000000000007E
S214047308000000000000000000000000000000006C
S214047318000000000000000000000000000000005C
S214047328000000000000000000000000000000004C
S21404733800000000FC030101010101010101010133
S2140473480101010101000000000000010020000006
S21404735800000001010000200204110404021110B8
S2140473681A080A021801081110111A080A04020D4C
S2140473780B19195C0110280B01140000000000000A
S21404738800000000000000000001010101010100E6
S21404739801010101010101000001010100010001D0
S2140473A801000000000000000000000000000000CB
S2140473B800010000000000000000000000000000BB
S2140473C801FF010023E1010075E4010063E2010006
S2140473D863E5010062E1010079EB010064EE010057
S2140473E824E1010025E1010026E1010027E101006E
S2140473F828E1010029E101002AE10100000001005A
S2140474088000010000010100800101000002010063
S2140474188002010020E201000003010000050100CB
S21404742880050100000601002C8901008006010081
S2140474380007010001E5010002E50100000801005B
S214047448800801000040010086321010FFFFFFFF8D
S214047458FFFFFFFF7BDE030081DE030087DE0300F9
S2140474688DDE030093DE0300567777777777777792
S21404747877777777777777775A6967426565416C60
S2140474886C69616E636530395A6967426565416C33
S2140474986C69616E636530394E574B205374656565
S2140474A872696E67000095969595950507090D000F
S2140474B8000000000001020304060000F9F60300B9
S2140474C8940A0400AE0A0400C50A0400D80A040094
S2140474D8E80A0400FC0A04000E0B04001E0B040051
S2140474E83A0B04004F0B04000208010D0D010101BC
S2140474F812010000FFFFFFFFFFFFFFFF0000000070
S2140475080000000001090501000200000000000355
S2140475181EF1EE0B2C7504009017040005220400D7
S214047528FE000000AC1704008C760400000000007F
S214047538B61704007C76040000000000C317040095
S2140475486C76040000000000D01704005C76040083
S21404755800000000EE17040048760400000000004F
S214047568E61704003476040000000000ED17040053
S2140475782076040000000000FB17040010760400C0
S214047588000000006D160400FC75040000000000EE
S214047598F4170400EC75040000000000001804004A
S2140475A8D875040000000000ACDC0300C8750400AD
S2140475B800000000000000000000000000000000BA
S2140475C849470300111804004E180400010100FF7F
S2140475D85D0E010077180400BC18040001010001C0
S2140475E80107FF00190E01000919040074190400A4
S2140475F8010100FF590D010095190400AE19040095
S21404760800010100FF0000005B470300D3190400D3
S2140476182B1A04000101FF0043470300421A040022
S214047628991A040001010207FF0000003D47030001
S214047638421A0400991A040001010207FF00000018
S21404764837470300421A0400991A04000101020786
S214047658FF0000000D0D0100BA1A0400F91A040010
S214047668010101FFAD0C0100181B04005D1B04009A
S214047678010000FF690C0100181B04005D1B0400D0
S214047688010000FFF10C0100841B04008A190400A1
S21404769800FF000031470300D91B0400A546040078
S2140476A8FF0000002B4703004C1C0400A5460400FA
S2140476B8FF000000490C0100BB1C0400301D040038
S2140476C800FF0000210C0100481D0400AA1D040048
S2140476D800FF00001D470300BB1D0400011E040034
S2140476E802FF0000E90B01000A1E04007E1E0400C7
S2140476F801FF0000000000007E21040011000000C5
S2140477088A210400120000009221040013000000DD
S2140477189A21040021000000A2210400220000008F
S214047728A921040023000000B0210400AA000000D8
S214047738B7210400FF00000000000000FFFFFFFF61
S214047748FFFFFFFF00000000000000000000010823
S2140477580109020A030B040C050D060E070F081090
S21404776801180119021A031B041C051D061E071F0F
S21404777808200121022203230424052506260727B8
S21404778808280129022A032B042C052D062E072F68
S21404779808300131023203380239043A08E004E1B9
S2140477A804E204E802E902EA04F008F11000000022
S2140477B800000000040500002078040002000F0002
S2140477C84878040002000F007078040002000F00D6
S2140477D89878040002000F00C078040002000F0026
S2140477E8E878040002000F001079040002000F0075
S2140477F83879040002000F006079040002000F00C4
S2140478088879040002000F00B079040002000F0013
S214047818D879040002000F0000000000007A040073
S21404782803000000400000000000000019000000EB
S214047838247A040004000F00800000000000000002
S21404784800000000007A0400030000004000000066
S2140478580000000019000000247A040004000F0049
S214047868800000000000000000000000007A040009
S214047878030000004000000000000000190000009B
S214047888247A040004000F008000000000000000B2
S21404789800000000007A0400030000004000000016
S2140478A80000000019000000247A040004000F00F9
S2140478B8800000000000000000000000007A0400B9
S2140478C8030000004000000000000000190000004B
S2140478D8247A040004000F00800000000000000062
S2140478E800000000007A04000300000040000000C6
S2140478F80000000019000000247A040004000F00A9
S214047908800000000000000000000000007A040068
S21404791803000000400000000000000019000000FA
S214047928247A040004000F00800000000000000011
S21404793800000000007A0400030000004000000075
S2140479480000000019000000247A040004000F0058
S214047958800000000000000000000000007A040018
S21404796803000000400000000000000019000000AA
S214047978247A040004000F008000000000000000C1
S21404798800000000007A0400030000004000000025
S2140479980000000019000000247A040004000F0008
S2140479A8800000000000000000000000007A0400C8
S2140479B8030000004000000000000000190000005A
S2140479C8247A040004000F00800000000000000071
S2140479D800000000007A04000300000040000000D5
S2140479E80000000019000000247A040004000F00B8
S2140479F880000000000000000000200120000000B5
S214047A08080000000400422130000000987A0400B0
S214047A1800FF420030000000000000000000F008EC
S214047A2840000000B97A0400010023044000000066
S214047A38C17A04000600300140000000000000007F
S214047A48FDFF2102400000000100000019000004A8
S214047A58190001011900020419000301190005049C
S214047A68190006011900070404004100C52E010088
S214047A7806004100514F030019008100B54B010070
S214047A881900840041560100008000000000000030
S214047A9806435553544F4D000000000000000000F4
S214047AA800000000000000000000000000000000C5
S214047AB800FFFFFFFFFFFFFFFFFFFFFFFF000401BC
S214047AC8040104010401040104010401040104017D
S214047AD8040104010401FFFFFFFFFFFFFFFFFFFF90
S214047AE8FFFFFFFFFFFFFFFFFFFFFFFFFFFF000192
S214047AF802030405060708090A0B1F1C1F1E1F1E7F
S214047B081F1F1E1F1E1F07021F012F0037013F00DD
S214047B185701DF02E700FF02000000000000000033
S214047B280000000000000000000000000000000044
S214047B380000000000000000000000001D280400EB
S214047B481900000023280400FFFF000000000000BE
S214047B58EE280400F928040005220400012904007C
S214047B680F29040005220400222904002D290400F4
S214047B783B2904003F2904004F29040001F80300A8
S214047B885F290400632904006E2904007829040088
S214047B98822904008629040094290400A8290400DC
S214047BA8BE29040000800000000000000000000059
S214047BB800000000FFFFFFFFFF00000000000000B9
S214047BC80000000000000000000000400000000064
S214047BD80100000071DC0100000000000000F03F16
S214047BE80000000000002440000000000000594087
S214047BF80000000000408F40000000000088C340DA
S214047C0800000000006AF8400000000080842E414E
S214047C1800000000D01263410000000084D797419A
S214047C280000000065CDCD417AFB03009C92040059
S214047C3800000000E43204008C92040000000000F7
S214047C48E93204007C92040000000000EA320400D2
S214047C586C92040000000000FB170400589204000D
S214047C6800000000EE170400449204000000000020
S214047C78EF3204003492040000000000F5320400D9
S214047C882492040000000000F93204001492040050
S214047C9800000000083304000492040000000000FA
S214047CA825330400F4910400000000002E33040079
S214047CB8E49104000000000043330400D491040057
S214047CC8000000003C090400C49104000000000001
S214047CD8533304008491040000000000593704005C
S214047CE8E08804000000000006270400A0880400BA
S214047CF8000000005A330400E08704000000000077
S214047D0863330400E48604000000000070330400B3
S214047D188C820400000000008C290400648104009E
S214047D2800000000773304006481040001000000AA
S214047D387B33040024810400000000008033040020
S214047D48E87F04000000000039D60300E87F04003A
S214047D5801000000703304008C8204000000000058
S214047D68873304008C820400010000008C3304006E
S214047D78B47F04000000000096330400B47F0400B7
S214047D88010000009E330400E47D040000000000A7
S214047D98B1DD0300B07D0400000000000000000010
S214047DA80000000000000000C07D0400A2330400A8
S214047DB805220400FE000000BA3304008889040083
S214047DC8000000002E380400788904000000000033
S214047DD8000000000000000000000000F47D04001D
S214047DE8BF33040005220400FE000000D533040057
S214047DF8088B040000000000DB330400F88A040043
S214047E0800000000E1330400E88A040000000000D3
S214047E18EA330400D88A040000000000EBDA030002
S214047E28C88A040000000000F5D80300908A0400FD
S214047E380000000003E203007C8A0400000000003F
S214047E48F43304006C8A040000000000F0DD03002C
S214047E585C8A040000000000F93304004C8A04001D
S214047E6800000000003404003C8A040000000000FF
S214047E789CEC03002C8A040000000000053404006F
S214047E88807F0400000000000C340400287F0400EF
S214047E980000000014340400F47E0400000000000F
S214047EA820340400C07E0400000000000000000027
S214047EB80000000000000000D07E04002B340400FC
S214047EC805220400FE00000075F20300A8890400D9
S214047ED800000000D3130400988904000000000082
S214047EE8000000000000000000000000047F0400FA
S214047EF84C34040005220400FE00000075F203005A
S214047F08C889040000000000D3130400B8890400DC
S214047F180000000000000000000000000000000050
S214047F28387F04006E34040005220400FE000000B6
S214047F388C340400188A0400000000007D3904000C
S214047F48088A0400000000009B340400F889040032
S214047F5800000000A0340400E889040000000000C3
S214047F68A7340400D88904000000000000000000BC
S214047F780000000000000000907F0400AC340400F9
S214047F8805220400FE00000037F20300B48A040049
S214047F9800000000C9340400A08A040000000000A1
S214047FA8000000000000000000000000C47F040079
S214047FB8D134040005220400FE000000ED34040059
S214047FC8488B0400000000008C290400388B040049
S214047FD80000000000000000000000000000000090
S214047FE8F87F0400F234040005220400FE000000B2
S214047FF80B350400F88B040000000000F8EE0300BC
S214048008E88B04000000000014350400D88B040034
S21404801800000000ED340400288B04000000000073
S21404802819350400188B04000000000026350400E7
S214048038E48004000000000034350400B080040026
S21404804800000000423504007080040000000000B0
S2140480585A330400E0870400000000000000000013
S2140480680000000000000000808004004B35040077
S21404807805220400FE0000002D6B0400C88B0400D3
S214048088000000003E6B0400B88B040000000000EB
S21404809829030400A88B0400000000000000000068
S2140480A80000000000000000C080040069350400D9
S2140480B805220400FE00000093350400188C040012
S2140480C80000000014240400088C040000000000CB
S2140480D8000000000000000000000000F480040017
S2140480E89A35040005220400FE000000B1DD0300F2
S2140480F84C8C040000000000D31304003C8C0400DD
S214048108000000007D390400288C040000000000EC
S2140481180000000000000000000000003481040095
S214048128BA35040005220400FE000000B1DD030091
S2140481387C8C040000000000DA3504006C8C040013
S21404814800000000D31304005C8C04000000000048
S2140481580000000000000000000000007481040015
S214048168E135040005220400FE000000FB35040087
S214048178B08D040000000000C3F30300A08D0400C3
S214048188000000002E360400908D04000000000055
S214048198EBDA0300808D040000000000FCDA03001C
S2140481A8708D04000000000000360400608D040092
S2140481B80000000018360400508D0400000000007B
S2140481C821360400408D0400000000002836040010
S2140481D8308D04000000000034360400008D0400CE
S2140481E8000000007D390400F08C04000000000044
S2140481F843360400E08C040000000000E803040092
S214048208D08C04000000000048360400C08C04002B
S214048218000000005F360400B08C04000000000074
S214048228733604009C8C04000000000083360400A7
S2140482388C8C040000000000923604005882040067
S214048248000000000000000000000000000000001D
S214048258688204009736040005220400FE00000025
S214048268AE360400208D040000000000B736040073
S214048278108D04000000000000000000000000004C
S214048288000000009C820400052204000522040065
S214048298FE000000BE36040020890400000000002A
S2140482A8CB3604006487040000000000D4360400BB
S2140482B8A486040000000000E73604007086040064
S2140482C800000000F53604003C86040000000000A8
S2140482D80337040008860400000000001137040071
S2140482E87085040000000000223704004885040056
S2140482F8000000002F370400A884040000000000D3
S2140483083A37040050840400000000004D37040087
S2140483182884040000000000DF160400C483040058
S2140483280000000060370400848304000000000096
S2140483386B370400508304000000000000000000AF
S2140483480000000000000000608304007E3704007C
S21404835805220400FE000000A2370400D08D0400A5
S21404836800000000A8370400C08D040000000000C8
S21404837800000000000000000000000094830400D1
S214048388AC37040005220400FE000000E5F30300F1
S214048398008E040000000000DE370400F08D0400A0
S2140483A800000000EA370400E08D04000000000026
S2140483B8000000000000000000000000D483040051
S2140483C80038040005220400FE000000B1DD0300A6
S2140483D8648E040000000000D3130400548E0400C6
S2140483E800000000D9130400448E040000000000B6
S2140483F875F20300308E0400000000001C380400E8
S214048408208E04000000000033380400108E040098
S214048418000000000000000000000000000000004B
S214048428388404003F38040005220400FE000000D7
S21404843864380400748E0400000000000000000085
S214048448000000000000000060840400693804008E
S21404845805220400FE0000008D380400C48E0400C3
S21404846800000000DA350400B48E040000000000A2
S21404847899380400A48E040000000000A038040004
S214048488948E040000000000AD380400848E0400B6
S21404849800000000000000000000000000000000CB
S2140484A8B8840400B838040005220400FE0000005E
S2140484B826370400748F040000000000D538040032
S2140484C8648F0400000000007AFB0300548F040045
S2140484D800000000A80A0400448F040000000000FE
S2140484E88D360400348F040000000000E5F3030012
S2140484F8248F040000000000DC380400148F0400F5
S21404850800000000E7380400048F040000000000A0
S214048518F4380400F48E0400000000000439040053
S214048528E48E04000000000017390400D48E04000A
S214048538000000000000000000000000000000002A
S214048548588504002939040005220400FE000000AA
S2140485587AFB0300848F040000000000000000007B
S214048568000000000000000080850400473904006D
S21404857805220400FE000000E5F30300F48F04005F
S21404858800000000A80A0400E48F040000000000AD
S2140485988D360400D48F0400000000006A390400F5
S2140485A8C48F04000000000096340400C885040044
S2140485B800000000000000000000000000000000AA
S2140485C8D88504008139040005220400FE00000052
S2140485D87D390400B48F04000000000075F203001F
S2140485E8A48F04000000000097390400948F040048
S2140485F8000000000000000000000000000000006A
S21404860818860400A039040005220400FE000000B1
S214048618B1DD03001490040000000000D313040026
S21404862804900400000000000000000000000000A1
S214048638000000004C860400C0390400052204002B
S214048648FE000000E0390400349004000000000036
S214048658F339040024900400000000000000000021
S214048668000000000000000080860400093A0400A8
S21404867805220400FE000000293A04005490040071
S21404868800000000F8EE0300449004000000000018
S214048698000000000000000000000000B48604008B
S2140486A8333A040005220400FE000000E5F3030044
S2140486B88490040000000000583A040074900400F3
S2140486C800000000703A04006490040000000000F3
S2140486D8000000000000000000000000F48604000B
S2140486E80522040005220400FE000000813A040066
S2140486F80C870400000000000000000000000000D2
S214048708000000001C87040005220400052204005B
S214048718FE0000008D3A0400D49004000000000017
S2140487287D290400C490040000000000933A040065
S214048738B490040000000000973A0400A4900400D3
S214048748000000009B3A0400949004000000000017
S2140487580000000000000000000000007487040009
S214048768AB3A040005220400FE000000B1DD030055
S2140487785491040000000000C63A04004491040022
S21404878800000000D93A04003491040000000000F8
S214048798D31304002491040000000000E63A040001
S2140487A81491040000000000F73A04000491040041
S2140487B800000000053B0400F490040000000000DC
S2140487C8163B0400E49004000000000000000000CB
S2140487D80000000000000000F0870400233B0400AB
S2140487E805220400FE0000003D3B0400788B0400CC
S2140487F800000000703B0400688B040000000000C2
S214048808AB3B0400588B040000000000C23B040085
S2140488186C88040000000000CC3B04003888040080
S2140488280000000000000000000000000000000037
S21404883848880400D03B040005220400FE0000001B
S2140488482D6B0400988B0400000000003E6B0400A7
S214048858888B0400000000000000000000000000F0
S214048868000000007C880400EF3B04000522040096
S214048878FE00000010EF03007491040000000000DE
S2140488887D39040064910400000000000000000024
S2140488980000000000000000B0880400023C040049
S2140488A805220400FE000000B1DD0300B4910400B4
S2140488B80000000093350400A491040000000000A2
S2140488C81424040094910400000000000000000032
S2140488D80000000000000000F08804001D3C0400AE
S2140488E805220400FE000000AD380400CC92040003
S2140488F800000000E5F30300BC920400000000003A
S2140489087AFB0300AC92040000000000000000009C
S2140489180000000000000000308904003D3C04000C
S21404892805220400FE0000005B3C04001C930400BF
S21404893800000000653C04000C93040000000000DE
S214048948703C0400FC92040000000000FB170400BE
S214048958EC920400000000007F3C0400DC92040053
S21404896800000000000000000000000000000000F6
S2140489780F4703008A3C040005220400FF00000099
S2140489880B470300973C040005220400FF00000080
S2140489985D130100A93C040005220400FF00000042
S2140489A8F9120100D63C04009E44040001FF0000AE
S2140489B85D130100163D040005220400FF000000B4
S2140489C8F9120100443D04009E44040001FF00001F
S2140489D891130100853D0400A63D040000FF000035
S2140489E891130100AF3D04000C3E04000000FF0094
S2140489F80D1401001A3E0400333E0400010001FF72
S214048A0879140100583E04009A3E04000102FF004F
S214048A180D140100B03E0400DF3E0400010001020C
S214048A28FF00000089110100103F04004C3F0400B9
S214048A3807FF0000A9110100523F0400853F040007
S214048A4801FF0000BD1101008D3F0400DD3F040056
S214048A580100FF0019120100F23F0400434004001D
S214048A680101FF00ED110100534004008D4004008D
S214048A7801FF00006D12010095400400DE4004006A
S214048A88010000010707FF00A91401003041040093
S214048A98853F040001FF0000A91501007841040081
S214048AA8BC410400010700010700FF006D470300EE
S214048AB811420400574204000107000101FF0000A8
S214048AC83115010093420400CE420400010000FF61
S214048AD801150100EC420400304304000100FF00C5
S214048AE8D114010043430400304304000100FF008E
S214048AF879150100824304008D40040001FF00003C
S214048B08E9150100BD430400EE4304000100FF001C
S214048B1819FF000005220400FC430400000707FFB1
S214048B28BDFE00000522040015440400000707FFE4
S214048B38C9030100052204002144040007FF0000BD
S214048B48C9030100052204002144040007FF0000AD
S214048B58BF46030005220400264404000000FF0064
S214048B68A5030100052204000F1B040001FF0000F2
S214048B786D030100052204005E44040000FF0000A3
S214048B889DFE00000522040005220400FF000000E4
S214048B989DFE00000522040005220400FF000000D4
S214048BA8954603000522040005220400FF00000081
S214048BB8954603000522040005220400FF00000071
S214048BC8954603000522040005220400FF00000061
S214048BD86DFE000005220400944404000101FF0011
S214048BE859FE000005220400A944040001FF000001
S214048BF8914603000522040005220400FF00000035
S214048C0821FE00007135040005220400FF00000060
S214048C1821FE0000B344040005220400FF000000FF
S214048C28A1FF0000D4440400EB4404000001000043
S214048C3807FF00008D4603001145040005220400C2
S214048C48FF0000001DFD00002B450400052204005B
S214048C58FF000000074703005945040005220400E6
S214048C68FF000000F946030073450400F5430400BA
S214048C7800FF00009D060100984504000522040034
S214048C88FF000000F1FB0000B245040005220400C2
S214048C98FF00000085FB0000D5450400524604008A
S214048CA800000310FF00000061FC0000A746040053
S214048CB81547040001FF000035FC00002A4704009D
S214048CC86D47040000FF000049FB00007E470400CF
S214048CD805220400FF0000008B460300AD4704008D
S214048CE805220400FF00000025FB0000F9470400E5
S214048CF8F543040000FF0000F1FA00003A490400B6
S214048D088F49040000FF0000D5FA0000A9490400B2
S214048D1805220400FF000000B9FA0000B94904005F
S214048D2805220400FF0000007B460300CD4904002A
S214048D384B4A040000FF000089FA0000D64A0400E3
S214048D4805220400FF00000045FA0000F34A040068
S214048D581E4B040007FF000005FA0000284B040019
S214048D68814B0400000500FFBDF90000344C0400E4
S214048D78474C04000002FF0099F90000764C0400F2
S214048D8805220400FF0000007B460300884C04000C
S214048D98C24C040000FF00002DF90000484D0400F2
S214048DA88E4D0400000301FF1DF900002E4E04003A
S214048DB8744E0400000301FFB9740100144F040044
S214048DC805220400FF000000135303003C4F040070
S214048DD8B74F040002FF0000C91901000C50040034
S214048DE8A546040000FF000095190100345004004D
S214048DF8A546040000FF0000451901004D50040074
S214048E0805220400FF000000C56601006650040041
S214048E1805220400FF0000009D660100B35004000C
S214048E2805220400FF00000029660100DE50040045
S214048E380451040000010100010102FF016601005B
S214048E4883520400AB52040000FF0000E1650100F1
S214048E58D252040005220400FF0000002965010020
S214048E68FC52040005220400FF000000E55103003C
S214048E781553040005220400FF000000F9590100F8
S214048E883B5304006C5304000002FF0047500300E1
S214048E98C953040005220400FF00000043500300E1
S214048EA8F653040005220400FF000000AD59010033
S214048EB8115404003B54040000FF00006D570100E1
S214048EC86B54040005220400FF000000E942010078
S214048ED87E54040005220400FF000000D14201006D
S214048EE89654040005220400FF000000BF4F030048
S214048EF8AF54040005220400FF000000AB4F030033
S214048F08DC5404005655040000FF0000795601009E
S214048F189555040005220400FF0000006955010069
S214048F280D56040005220400FF0000008D410100D0
S214048F385156040005220400FF0000007141010098
S214048F486E56040005220400FF000000E9410100F3
S214048F581957040005220400FF000000DD41010043
S214048F68A7570400EC57040000FF0000A9410100BD
S214048F78235804007458040000FF0000D53F01007D
S214048F88A758040005220400FF0000006D34010001
S214048F98D35804003C5904000000FF006D34010057
S214048FA891590400F35904000000FF000D35010030
S214048FB8385A04006B5A04000002FF00194F0300D5
S214048FC8C05A04000E5B040007FF00004136010087
S214048FD82A5B040005220400FF0000005534010043
S214048FE84E5B0400735B040000FF0000613501005B
S214048FF8CC5B040005220400FF000000252E0100B7
S214049008095C040005220400FF000000ED2D0100A1
S214049018335C040005220400FF000000F14D030041
S2140490286E5C0400DD5C040000FF000049270100B4
S2140490382E5D0400AD5D040000FF0000E34D030050
S214049048F35D0400455E040000FF0000C34D030002
S2140490588C5E0400D95E040000FF000011200100A5
S214049068235F0400595F040003FF00004920010041
S214049078945F0400DA5F040003FF0000F91E010091
S2140490883060040005220400FF0000004F4D030072
S214049098606004009E60040000FF0000494D030061
S2140490A8AE6004009E60040000FF0000434D030009
S2140490B8D56004009E60040000FF00003D4D0300D8
S2140490C8FC6004009E60040000FF0000374D0300A7
S2140490D8246104009E60040000FF0000134D030092
S2140490E84D61040005220400FF000000194D03002A
S2140490F86F61040005220400FF000000491C0100FB
S21404910897610400D06104000001FF00751C01008B
S214049118F161040005220400FF000000154D030059
S2140491281C62040005220400FF000000311C010034
S2140491383762040005220400FF000000ED1B01004E
S214049148526204007F62040000FF0000D51B010081
S2140491589A62040005220400FF0000001D040100B2
S214049168C562040005220400FF0000001D04010077
S214049178EC62040005220400FF0000000DF900005C
S214049188FD62040005220400FF000000D9F8000070
S214049198126304003963040000FF0000D9F80000D5
S2140491A8496304003963040000FF000071F80000F6
S2140491B87063040005220400FF00000073460300E1
S2140491C88B63040005220400FF000000CDF40000B1
S2140491D8AE6304001864040000FF0000ADF4000049
S2140491E83B64040005220400FF00000095100100FB
S2140491F8A16504002E660400010000FF790F010033
S2140492084B6604009F66040000FF0000AD0F0100D3
S214049218B4660400066704000100FF00190F010085
S2140492281C670400096804000107FF00774603006A
S2140492381968040005220400FF00000079080100EC
S2140492482A6804003C680400000101000007FF00C7
S21404925871070100776804008868040000010100AB
S214049268FF000000AD0F0100D7680400E86804009A
S214049278010000FFE9060100D76804001A69040023
S21404928800FF000059A701002B690400052204000A
S214049298FF00000001F500007769040005220400B9
S2140492A8FF0000006F730300052204000522040073
S2140492B8FF00000021B50100052204000522040071
S2140492C8FF000000E5B4010005220400BC690400A0
S2140492D802FF000091BC0100C469040005220400D2
S2140492E8FF0000001DBC0100F0690400136A0400B6
S2140492F80200FF00F17303003C6A04000522040020
S214049308FF000000F9BB01005E6A04007C6A0400E2
S21404931802FF0000D1BB0100916A04007C6A0400C5
S21404932802FF000001000000844D00200000000039
S21404933800000000FFFF0000F34C030000000000DC
S21404934803000000FFFF0100D14D030000000000E9
S21404935804000000FFFF01005F4E03000000000049
S21404936804000000FFFF0000E34E030000000000B6
S21404937806000000FFFF0000554F03000000000031
S21404938819000000FFFF0100EB4F0300973A0400A2
S2140493989C68002000000000000000000000000098
S2140493A800000000E86A04001894040000000000A6
S2140493B8EE6A04001C75040000000000F56A040048
S2140493C8EC760400000000002E380400DC76040066
S2140493D800000000FE6A0400CC76040000000000CA
S2140493E8106B0400BC760400000000001F6B040029
S2140493F8AC76040000000000306B04009C76040081
S214049408000000000000000000000000000000004B
S21404941828940400426B040005220400FE000000A1
S2140494285D6B040040940400000000000000000087
S2140494380000000000000000277A0300626B0400A6
S21404944805220400FF03010001013F040201003F56
S214049458040202003D040202003D04010200010267
S2140494680003010002023D04020100020202010098
S2140494780202000000202020202020202020282867
S21404948828282820202020202020202020202020B3
S21404949820202020208810101010101010101010F3
S2140494A81010101010040404040404040404041023
S2140494B810101010101041414141414101010101B1
S2140494C8010101010101010101010101010101017B
S2140494D81010101010104242424242420202020287
S2140494E8020202020202020202020202020202024B
S2140494F810101010200000000000000000000000FB
S214049508000000000000000000000000000000004A
S214049518000000000000000000000000000000003A
S214049528000000000000000000000000000000002A
S214049538000000000000000000000000000000001A
S214049548000000000000000000000000000000000A
S21404955800000000000000000000000000000000FA
S21404956800000000000000000000000000000000EA
S2140495780000000000000002100000002052002036
S214049588801300200000020800000000FFFFFFFF11
S214049598FFFFFFFFFFFFFFFF0000000000000000C2
S2140495A800000000000000000000000000000000AA
S2140495B820000000E5E70100100000005DE7010058
S2140495C800000001000001010001010120C001B8EB
S2140495D80000000000000000FFFFFFFFFFFFFFFF82
S2140495E8FFFFFFFFFFFFFFFFFFFFFFFFFFFFFFFF7A
S2140495F8FFFFFFFFFFFFFFFF03040408080808082F
S21404960800B801B802B800B074CA04000304040819
S214049618080500000000000000000000000000002C
S21404962800000000F8330000E0030000D83700000C
S21404963814000000383E000008000000002F000058
S214049648F8040000EC37000004000000343E000074
S2140496580300000000000000002F0000F0370000A0
S21404966801000000403E000039000000012F000001
S2140496780100000070B50822804B1A60804B1B68F6
S214049688DC0302D50020088070BD0C880019401E33
S21404969800787C4DA870641C0C8045076D0F052D5A
S2140496A805D8794E3668F60603D5022D0DD0032064
S2140496B870BD9604AE401E4001D1082070BD052D2D
S2140496C803D1104201D1641E0C80AA4848600020C9
S2140496D870BDF3B582B008886C490978491CC9B2CC
S2140496E8814204D202990918491E097800E000212B
S2140496F8644A517093785B075B0F01933023019C8F
S214049708052C28D1194232D19478E5081E242C4019
S214049718CD0702D5250001242C430125A14EE64099
S2140497282E4072D0019FA04EE641402426403E4378
S2140497384C0602D5340020262643947889080D4022
S214049748A7080C2139402943C02525400D4320216C
S2140497582943967051704A490C6855780221232685
S2140497682E4008D0660302D52B40202B01D00520B6
S21404977882E0424B196093789B0601D4202203E0CA
S2140497889278120702D540223C4B1A603D4A9278DA
S2140497986B461A70C022854B1E680E4001D11542CE
S2140497A812D06E46377827263E40232E03D1E6028B
S2140497B807D4012606E0252E03D0212E04D126033D
S2140497C802D504262D4F3E601B6819402026019FAB
S2140497D8002F1CD11E4027D02A4B5B781A40402AFB
S2140497E813D00C221A40042A0FD02A073BD401228D
S2140497F8002902D0E100CB0F5A4069460978CB0706
S214049808DB0F1A422FD021012AD4072034E0022F76
S214049818E2D11E4008D00029DED1CC232B4003D148
S2140498286B461B785B0601D5032025E0A30311D5F8
S2140498389C4E73691B051B0D5B1C3668F60205D522
S214049848994E36683607B60F9B1B5B1E9BB2052BD4
S21404985804D1C1E7029B1B78052BBDD006200BE07C
S2140498688021064A1160E90702D4401C039908803F
S214049878AB4803994860002004B0F0BD481002A81D
S214049888C83E0000343E0000440002A8543E0000CF
S214049898F2B586494978CA0705D4009A128880180A
S2140498A8401E037800E000239E4A106802249E4D5A
S2140498B82E68F60611D512695340DBB2002B03D185
S2140498C86E68D30973402340002B03D0020204D4E5
S2140498D80A20F2BDE206954E3260744A1E02C02380
S2140498E80B403343914E336093785E07760F022E0F
S2140498F806D16D682C4003D1002000990880F2BD7B
S214049908A0250D409E08102737402F433D090E0713
S21404991802D42E0010253543CC240C401A262E409B
S2140499280A2E04D1CC2C02D02E00FD253540804EBC
S214049938EE40F60705D4000416D5412B10D10829A5
S21404994812D17C48E84011210140214320200843D5
S21404995810700D210140009808D000F0A9F8F2BD57
S2140499680B2B01D10029ECD00720F2BD00F020F81B
S214049978F2BD00005F2F000038B50C006E490B7866
S2140499881A0953399500491925881B071B0FEB1A22
S2140499989A1A8018FEF756FE010002D1200000F03D
S2140499A807F832BDF300A3E398144068480002A8F9
S2140499B8F8B50400614805683C4F3878D02630422C
S2140499C802D00D21014005D008205D490860EF202B
S2140499D8FEF7F6FD39782000314204D009093970BB
S2140499E800F066F8F2BD052129401FD002884D49CB
S2140499F8CA60544BEC0705D5521C0280690607D486
S214049A08514B05E043242C40422C03D1521C0280BF
S214049A1843600DE010224A4B1A604C4A09688B00D2
S214049A28DB0F1901D162802109031160002101802E
S214049A380020F2BD0A888018401E0078830601D4E8
S214049A48121D0A801822024004D00888520880187A
S214049A58C01E088039480068C00702D50888401C1C
S214049A6808803948486000207047344A1368DB0782
S214049A7808D51268920705D40A888018401E00780C
S214049A8804280CD110202E4A10603048254A126843
S214049A989300DB0F1A01C2628022120302600020C0
S214049AA8088070470C4000A8080001A8343E00004F
S214049AB831B581B02649002000900822254B1D7830
S214049AC802230C24254202D10022234903E02C4019
S214049AD8082C00D10222EC0703D50C001E21614095
S214049AE800931D4207D015490968090601D51B4984
S214049AF801E00021C943019B194C21601949FF2440
S214049B088C70009C15012543CD7008701888009940
S214049B1840188018188014485860002036BD000085
S214049B281D310000C83E0000440002A8441002A8E4
S214049B380D0F0C0D071708504B3F0000480002A8ED
S214049B48482002A8C1320000F73200001C1002A800
S214049B58DE1B2501343E00002084100000FCFF01B3
S214049B68F43E0000483F000005320000343E000082
S214049B78C1290000D9290000D9290000D9290000E4
S214049B88D9290000D92900000000000000000000C0
S214049B980000000000000000D9290000D9290000B0
S214049BA8D9290000192E0000D929000055230000E1
S214049BB865230000F123000039240000B3240000C4
S214049BC81D260000D3240000BD2600001F25000023
S214049BD85D250000D5250000312800000129000075
S214049BE827230000632B00004D200000812B000073
S214049BF8F52B0000D9290000D52C00009D2C000068
S214049C08D9290000D9290000212D0000D9290000EF
S214049C18D9290000D92900005D100000531000005F
S214049C2867100000711000007B1000008C488068E4
S214049C38000200D4704780B580208002A8490860D6
S214049C48CF2000F045FA01BDF8B586480068864C72
S214049C58802292032260854E316809051DD5110BB2
S214049C68A023034001D0216017E002403FD180279B
S214049C787F4A17607F4A1760084038D0784D287A9C
S214049C88400705D501207C49086000027B49086026
S214049C982878002801D0062801DB0020F2BD00F051
S214049CA851FB716889684E682978052907D1B90572
S214049CB8A1606E60B668CC218901704A116000F014
S214049CC84AFB012E00DA0226BC2080058549086076
S214049CD8942080058449086065480021C9430164C6
S214049CE87142416481490F6040210160D5E7AE485E
S214049CF80160FFF79BFF0120F2BD5A4801688905F9
S214049D0804D5C06E0004000F022801D00020704756
S214049D180120704738B580245548046000F012FBCB
S214049D2805007348006800F05FF9280000F013FB8C
S214049D38FFF77CFF4A48007A000705D5A0004A4981
S214049D48086000F0FEFB31BD600397490860AD4823
S214049D58046031BDFEB50500CC20800193494860F7
S214049D68012693480660FFF7C8FF002877D03C4CC6
S214049D782078002873D031020195052802D02A4697
S214049D880A406CD1CC27BF01884A17609E4A1268DD
S214049D9853075B0F022805D1022B5ED30801374907
S214049DA80860F7BD4D01032804D1022B55D9334862
S214049DB80560F7BD042802D111404ED0F7BD05282A
S214049DC84BD10198002848D0C005C10F6846417099
S214049DD80198C004C10F6846017000F0B3FA0290F7
S214049DE8606869464978002903D006688021214AB4
S214049DF811602C04A7496A461278002A0CD0C26857
S214049E080B68D21AA44B1B68234001D0066800E0EE
S214049E184668964200DD1600684640786A46127818
S214049E28024308D008684242B01E824202DA7042F0
S214049E38886000E00026029800F08DFA01988005F4
S214049E4801D5964804600198054001D094480460FA
S214049E58002E02D009480760F7BDFFF75BFFF7BD81
S214049E68403E0000400002A8402002A8C83E000069
S214049E780CC001A890E001A894D000A8505201A8EC
S214049E8838B5802487480460012049490860864D0F
S214049E982878052802D0600084490860FFF72DFF5B
S214049EA8002812D012480068000A80214140A86899
S214049EB8000EC9B2814208D2534800684007400FD2
S214049EC8022802D2FFF726FF31BD79480168C0226E
S214049ED80A4002D1C06F204001D00448046031BD56
S214049EE81C1002A808E001A808D001A894D001A86C
S214049EF818C000A8F1B582B00F008026B600A020CE
S214049F08384002D06B4806604CE000F01BFA00901C
S214049F1869480468F80202D5A0680069029000F04F
S214049F285FFBB102606800F069F92178200000221E
S214049F38491C43788B4200D2002118234B43C5188A
S214049F480C352B78082BF3DA0C000170856056481C
S214049F58297801703E4007D0574909688968CA6855
S214049F68F90201D403218A43826001261046304050
S214049F7803D100F0F6FB00F0B4FFF104686900F0C2
S214049F883DF93C2000F0A4F8E0B200F0A1F80098EF
S214049F9800F0E1F930054749086048480660300291
S214049FA8024908600298FEBD401002A84C6201A847
S214049FB894E000A810B542480068800501D4FE2045
S214049FC810BDC02080033F49086000F0BBF93A4939
S214049FD809688A78D20702D589688C7800E00C78F4
S214049FE800F0B9F9200010BD334909688A688B78EF
S214049FF8DB0704D5927818235A438A180C329060E3
S21404A00870470000100002A8084001A8F1B582B005
S21404A0182D4F3C680026200F000702D1E00102906D
S21404A0282AE000F05EFF00F08DF901908021090314
S21404A038606800F0E3F825786D1C6078A84200D2C2
S21404A0480025E80020180C30009000680290802153
S21404A05809030098406800F0D1F83D2000F038F86D
S21404A068E8B200F035F825700098A060019800F072
S21404A07872F902A800F09AFF14480068800407D50D
S21404A088786901F050FC02990818029000D50296E7
S21404A0980298FEBD48C001A8480002A8481002A8B5
S21404A0A8482002A894E001A8403E0000506201A897
S21404A0B814C001A8402002A8CC3E000090E000A8E6
S21404A0C8400002A8401002A8D03E0000FC0302A8E4
S21404A0D841490968002901D5404908607047F3B525
S21404A0E881B03F4FB9683F4C4A004CD50125090159
S21404A0F800D5212501003C4A106856682268920655
S21404A108920E94463A68930080221340624613439C
S21404A118802252001A4300920A0023D0890601D5E9
S21404A128012008E0F021014007D16946097A0C228B
S21404A1380A4002D0022000F03FF82C4909680904B6
S21404A1480AD53968090701D5022605E0396849039E
S21404A15801D5002600E003264835009A24490968F4
S21404A168890003E0009A2249C9690909402319406D
S21404A17811439A00002E02D0164326660835216637
S21404A188024322662566E06D4407640F00F0C4F8AF
S21404A198A0070BD0052C09D0B868000406D400F034
S21404A1A8D1F80221134A116000F0D5F800F0BDF882
S21404A1B8002000F001F8F7BD0B490A68F0239A431B
S21404A1C8000110430860C0B270478020C0020A49E4
S21404A1D808607047000000004C0002A8884000A8E9
S21404A1E8440002A8284000A8683F0000384101A897
S21404A1F8084001A87CD40350485000A880B5664A95
S21404A208116001F0BBFBFFF7E0FF01BDFEB500F0EF
S21404A21899F802901020614908600023604803609A
S21404A2280220604908606048C0684005C20DD52A07
S21404A23801D2D52204E0D1204000824200D902008F
S21404A24810000100594C0194843C246864011DD50F
S21404A258574C0094251D574E367806277E43AA5336
S21404A2680024019D2D7CE540ED070CD5009D0626AF
S21404A2786643AD19AD888FB2BD4200D2290086B2B6
S21404A288AE4200D22800641C022CEAD389B24631B6
S21404A2980904494C0C404638C005C00D20434249C1
S21404A2A80860C0200006454908604048017D00292A
S21404A2B80CD04349D52A02D98024E4050C60D1245D
S21404A2C86400A24202D2802424060C6010213D4C6D
S21404A2D821603D490B604188002900D1028002981C
S21404A2E800F039F8F7BD80B5384839490860394868
S21404A2F8C1680902090A192251434160052101600F
S21404A308FFF784FF01BD33480068C00300D47047D4
S21404A31880B5FFF77BFF01BD8020C0021E49086098
S21404A3282D4800684007FBD470478020C0022B499C
S21404A3380860704701E02A4908602A49096801400C
S21404A348F9D17047284800682021284A116010214E
S21404A358274A116070473021014002D11020234952
S21404A368086070472048006830210140102901D150
S21404A37801207047002070471E48007806210140D7
S21404A38807D01D480068022803D0032801D00120FE
S21404A3987047002070470000401002A8F41302A873
S21404A3A8048002A8409002A87C400050743F000035
S21404A3B8643E0000603E00000000FF01A0600050FC
S21404A3C8A4500050F42302A818E000E07F1A0601FF
S21404A3D8500002A810E000E0400002A8402002A8AE
S21404A3E8282002A8280002A85C0002A85C2002A86C
S21404A3F85C1002A8BC3E00006C3F0000F8B5534849
S21404A4088021490281610221514A51600021514A42
S21404A4181160514A118003214D4A116002210160DE
S21404A42820204E49086080204D490860CC208001D1
S21404A4384C49086001204C4908604648806F0090E3
S21404A4480F24070B274049480068C505ED0D103D45
S21404A458C0202843C0B2FFF73BFE3E48006980038D
S21404A4680AD5092F08D0FFF787FF002802D04048EE
S21404A4780068804701F0D8F80098044000943D48E6
S21404A48804680098032803D0022806D1032F3AD07C
S21404A49800F002FA0098032803D0062F33D1062DBD
S21404A4A831D0354800680104C90F01D001F084FB97
S21404A4B832480068000109D5052D07D10125012079
S21404A4C82F4908604005FFF735FF00E00025210006
S21404A4D8380000F0E3F904002A4E002D06D000F0F8
S21404A4E889FB012030600220274908608020800309
S21404A4F87065800925490860FFF73EFF002802D0EA
S21404A508234800688047124880214902C161002F09
S21404A51808D10221416000200E490861C020C0000D
S21404A5281C4908602000F2BD80B5FFF7F5FE1A48FE
S21404A5380078800602D4022018490860FFF7F5FE62
S21404A54801BD022016490860704700002C1002A8B6
S21404A558282002A8340002A8743E000094E001A84B
S21404A5680CC001A8506201A894E000A804ED00E01D
S21404A578E8370000B44000A800E200E0F03E00001F
S21404A588645000A8646000A82C4000A880E200E09C
S21404A598E43700002C6001A8C83E0000081002A892
S21404A5A8082002A87B480068800700D4704730B5A6
S21404A5B881480421904A0123E024E4008568254064
S21404A5C802D01360D160D3600068044002D01360E0
S21404A5D85160536030BD894801218160016070472D
S21404A5E810B5012075498A680240FCD1844A0423C0
S21404A5F8D3600C680440FCD15360106010BD8149D8
S21404A60808680122104200D1704710B5E023DB0029
S21404A6180340FF24A41CA34204D37B4B1B689B065D
S21404A62800D54868024001D000F0B6F810BDFEB563
S21404A6380700C82075490860062075490860802008
S21404A64840037449086074480168744A0A408021C3
S21404A658090111430160724CC020C0002060022525
S21404A668A56168036F4908606F4E7048F0664C2011
S21404A6786F49C86638686F498968814201D2009173
S21404A68800E000900099401A38600121380000F074
S21404A69855FB01903868009940183860FFF782FF28
S21404A6A8634800686349086063480168490601D539
S21404A6B8624900E0624931670199002908D10321FB
S21404A6C8E16100683068054002D08020800220617D
S21404A6D80198FEBDF1B55B4C8020C00120605A4D40
S21404A6E80126AE62594F3E601D20286056206866D3
S21404A6F8072001F009FB0220286006212966544930
S21404A7080968002902D40821296669665149296519
S21404A718C021C900504A1268F823DB01134001D14E
S21404A728A96700E07961E16B314008D0216BC9075D
S21404A73805D44A490968084001D101F0EDFA4848A9
S21404A74848490860206B064001D1FFF72BFF0098A4
S21404A75801F0C8FA206B8001FCD4206A42490860DC
S21404A768F1BD30B53748414B0121026B0A4001D18F
S21404A7785961D9603E4A3F4C54663F4C14650324DD
S21404A7881C600023CE4D2B6014609162C9030160DF
S21404A79830BD00004C0002A8F0210901374A1160B8
S21404A7A80140374801602020364908603649096860
S21404A7B80840C849086070476C0102A8700102A8DE
S21404A7C880B532480821324A13680B4001D001612B
S21404A7D841611178C90602D5862109010160FFF78F
S21404A7E80EFF14202B490860BB480168490701D0AE
S21404A7F8FF21416101BD0000681102A86C2102A86E
S21404A808682102A8783F0000400002A8548001A8E6
S21404A8180C9001A8942002A8680102A8FFF1FFFF83
S21404A828441102A8A01002A8E40002A8294E0600B3
S21404A838300002A8A03F0000FC0302A8CC3F00009A
S21404A848C43F0000100002A8E01002A8442102A891
S21404A85828C000A80C1E0000A88001A8483E0000D6
S21404A868FFFF7F7FB46000A89C3F0000602102A819
S21404A878E02002A85E060000041E00002C6001A862
S21404A8882C5001A8442002A8084001A8301102A8A8
S21404A898F84F0000703F000070470000F8B586B017
S21404A8A805000C008D48866AFFF74CFD0590B00538
S21404A8B803D58B480068FFF797FB00200190012218
S21404A8C87306DB0F87498F688860B8204000864E79
S21404A8D830606608B82030400978F0260E40402ECE
S21404A8E802D10100402008430D2D02D13900042767
S21404A8F80F43790704D501001420084310218C431C
S21404A9087A4909686D462A7004930500784EC80586
S21404A91806D58020400077490860280001250543AD
S21404A9280498002811D10C20284008280DD02800A7
S21404A9386A49496BCA0601D410229043890601D491
S21404A94820218843B121014067D068460078002852
S21404A95865D0B26BB06D012101235207520F921DC8
S21404A9689340C004C00C181A80B2082809D280255F
S21404A97806205A4A106008049D4A106000206A4659
S21404A9881070812028404DD00820049A002A00D14F
S21404A99830623A00082717431020844304200390A3
S21404A9A80005984A10604008974A10609748016066
S21404A9B868460078002832D00398062838D3944886
S21404A9C8806BC00634D593480068000E0190904802
S21404A9D8006880B202908F48006A000604D0029885
S21404A9E88021490101430291FFF7C6FC002809D0DB
S21404A9F889480078C00605D002988021C901014319
S21404AA0889B2029102983061029800123061374880
S21404AA180168C80500D57AE70AE008203062009481
S21404AA28049732E090A06906C90E405C0390BFE71D
S21404AA380094049703982949CB6A764A12683468BE
S21404AA486F463C8128241C400443980CC0012043CC
S21404AA581C001B0E2340102423400343900040226E
S21404AA681040184302AA9070086B000A02A9C8701E
S21404AA78FFF7A0FA02A908710198487167480068A8
S21404AA88C8800298F0660398F0660598FFF763FC9A
S21404AA9808240098400601D55A488460FFF76CFCE1
S21404AAA8002805D05E480078002801D05D48046078
S21404AAB80498C1B2E8B2FFF712FB009807B0F0BDDD
S21404AAC8400102A8081A03D2574909684018401CCE
S21404AAD870470000441002A80C4000A8180002A8FA
S21404AAE81CC000A8683F0000B46000A81C0100AAA7
S21404AAF8540000AA1C2100AAF8B54C4E0F240125C0
S21404AB084B491027706B38401BD001200870494801
S21404AB18006849490968FFF7D5FF48490968401895
S21404AB2801284BDB01F0A4F945490968090B0C40D8
S21404AB38022C41D16905434A11604349CF63356005
S21404AB483AE0F06BC0001ED540480068E02189054D
S21404AB58014033D03A4D28682103014078028142E7
S21404AB682CD1FFF7EFFB3A4A3A490968C90502D5DA
S21404AB783949096811602968090B21400229F3D06C
S21404AB88FFF7E9FBF1BD354E3068002816D00D7086
S21404AB9801F0A8F8002811D101F06AF928490968D3
S21404ABA8090B0C40022C07D12904264A11600221FD
S21404ABB8254A11600021316001F05EF9F1BD80205C
S21404ABC880042749086070478020400424490860A8
S21404ABD870478020C004224908607047802000051A
S21404ABE81F4908607047802040051D490860704763
S21404ABF8141100AA1B480168490701D0FF214161C6
S21404AC0870470000401002A8205001A8006101A85F
S21404AC181C4000A8084001A8C43E0000448001A8BF
S21404AC28F0370000845000A838C001A8100002A815
S21404AC38773E00001CC101A820C001A8E03E000021
S21404AC48AC0002A81C1002A8082002A8204001A8EC
S21404AC58800000AA084000A8904000A84C3E0000C7
S21404AC68382002A80C4000A80301070603010706BB
S21404AC78050106060501060603020706030207067B
S21404AC880502060605020606FF2807D0032805D28D
S21404AC98A9490978C140C807C00F70470020704703
S21404ACA8F0B5802000020821A44A11600A23012175
S21404ACB8A34A01249C400443B6A5ED5C254395604D
S21404ACC8F025A04E35609D4DB5A6F65C02273743A1
S21404ACD82F6004262E609C4D2D680D4006D1CD02AB
S21404ACE86D1E03D0966C3603FAD401E00220F0BD3C
S21404ACF8956CD66C6D036D0BAE4200D220005B1EBD
S21404AD08D7D508238F4C23609060904B1B685B0153
S21404AD1812D58F4C63785D1C01262E4066701D0084
S21404AD280626754365191268AA80E8802370824847
S21404AD3802789940114301700020F0BDF1B582B045
S21404AD48FFF749FC002481480068400102D401202A
S21404AD5801901DE07F48826B00207D49C3B206251A
S21404AD686B43CB189B8895B2AB4204D0401CC3B245
S21404AD78022BF3D3FF200870012001907348006863
S21404AD88400105D50878FFF77FFF002800D0019416
S21404AD987148006871498861714D02980068296D88
S21404ADA84618002E15DD00F072FD2860C001301A22
S21404ADB800280EDDFFF714FC00F093F802980068EC
S21404ADC8296D401800F08EFF050002D00298046032
S21404ADD885E0644E802080003060604A106807284A
S21404ADE82ED005210840052805D011600C2000F057
S21404ADF88BFF050073D15C4D5C482862FFF7F0FBB7
S21404AE0802202860E020C002594908600002594917
S21404AE18486080208004706002203060012000F0C2
S21404AE2873FF802040002862022000F06DFF902007
S21404AE3840012862022000F067FF8020C0002862D4
S21404AE484D4EE02040003060042000F05DFF050011
S21404AE583CD10220474908608002B062C001B06253
S21404AE6810203C4908600127F765402643480068D7
S21404AE7830401BD135480068400113D53448007863
S21404AE886946087068460078FFF7FEFE002809D071
S21404AE982F4869460978062251434018C0882D4928
S21404AEA8086403E0FFF7FCFE05000FD12948076095
S21404AEB8C467022000F028FF314C2660B0002060EA
S21404AEC8022000F021FF8120C002A0620198002819
S21404AED805D02A480068800101D4FFF714FA280030
S21404AEE8FEBD70B5FFF777FBFFF77AFB0226194815
S21404AEF80660244DF0022862C4082C62012000F083
S21404AF0803FF600828622E601F482862E02040007D
S21404AF181B490860174D2E60FFF7FEF91B4E307864
S21404AF28002800D005200D490860FFF7FEF92C60BC
S21404AF3817480068706370BD843F0000889001A8B5
S21404AF48448001A888A001A8140002A8F03E0000C6
S21404AF58603E00000C8001A8F80302A83C0102A881
S21404AF688C3F0000941002A83C1102A8BD080000FB
S21404AF78142102A8942002A82C9001A84C0002A828
S21404AF882CA001A83C2102A8FD680000603F000030
S21404AF98300002A800000001010204081020200066
S21404AFA8505050404040403020202000F8B504005F
S21404AFB8FFF716FB2948C021C900294A1268F82356
S21404AFC8DB01134002D1274A116000E001600094B7
S21404AFD82549AC2252008A640A220A602349802240
S21404AFE852030A60224C626A224B13408022D20023
S21404AFF81A43626280222260022242605003C860BA
S21404B0081D48E0601D4E4C20F0661D4D686996216B
S21404B018C901471800980068874200D30700C01B78
S21404B0280099086000210098FFF788FE00990968CF
S21404B038C919009A116031682960124909684906D5
S21404B04801D5114900E011492161F2BD80200001B3
S21404B0580F49086000010F4908607047582102A884
S21404B068AC8001A8581102A80C8001A8941002A864
S21404B078440102A8FFF1FFFF286E0600300002A86C
S21404B088903F0000FC0302A8CC3F0000C43F000029
S21404B098401002A8685000A8F1B584B0B448006807
S21404B0A80390B448006B9621C90140180499884255
S21404B0B805D2081A00F016FE002800D013E2AE4C9B
S21404B0C86068C00700D50EE20420AC498862800395
S21404B0D8AB494862AB480568606B8607B60F032E13
S21404B0E803D01020A549886224E0084680218902F6
S21404B0F84162A16B890601D5012062E0290610D5B4
S21404B108A26B02210A400CD19F4A05231360A36B45
S21404B11810273B401943116000211160616B090A2E
S21404B128116004218162A06B002803D5C8039349E3
S21404B13848620026606B400705D5606BC000802116
S21404B1484900084003E08B488068C10701D5FFF72B
S21404B15823FB0122154008D0B748B1014018006AFD
S21404B168C004C00C401EB549086000200021B44B3A
S21404B178DB6E1B0417D5B34B1B68002B13D40121B5
S21404B188AE4B5B69002B0ED0AF4B1A70AF4A1060FB
S21404B1981022AF4B1A60CA06AE4B9A670723AD4D0A
S21404B1A82B60AB4B5A65AC4AC0239B001360350230
S21404B1B8002901D0190000E02900CC4E3160536004
S21404B1C87560E16B942292050A40150000D00125AB
S21404B1D880263602284300062CD06A482821405C7C
S21404B1E8C0210140402902D1FFF79EF901E0FFF78C
S21404B1F8A8F9202020602D0600D174E1944D606BD8
S21404B208400708D570085E4948620220686000F066
S21404B21859FA002806D0042058498862400258493A
S21404B22848626E6057480078000600D45BE1300137
S21404B2385249FEE00125606828405AD1AC480068A7
S21404B248C005400F022803D0032801D0062802D1DF
S21404B25869464D7005E0002069464870A548A64929
S21404B2684860680446498862FFF756F87348406E93
S21404B278E16B0E4008D1C00606D5FFF763F8022135
S21404B2889E4A1160FFF767F8FFF74FF82803206017
S21404B2989B4EC02000067060280497490860606BBF
S21404B2A84007C10F684601703020039949072CD51A
S21404B2B84021A24A1162904F4901396603219164DC
S21404B2C80021116030607D6580207060062000F0E3
S21404B2D81BFD00280DD12802F866022000F014FD94
S21404B2E828029749886618207060082000F00CFD2C
S21404B2F8002800D0F7E024207060E020C0029049BF
S21404B308C865A020C00238666FE0E16BC90246D55E
S21404B318BE4949680902090E01914909022901DB57
S21404B328884A01E0B32292000199302937D311499B
S21404B3380B88E72B33D395277F00BB4205D8FB1A27
S21404B3481B095A43920A534204E07F4FDB191B0930
S21404B3585A43930A5BB2019AD2180F6BBC46CF6B5A
S21404B3687B436746FB180B639F2A0FD39F2210E084
S21404B378FC0302A8743F0000100002A81C2002A8C0
S21404B3881C1002A8C83E0000E40000AA202A00D820
S21404B39821221102114312040A4329490A60674903
S21404B3A8AA020A629A4A8A6414220A603060524FD1
S21404B3B87D65E020C0026249C865A803B8664002F5
S21404B3C87060062000F0A0FC002833D12D06FD6628
S21404B3D8022000F099FC5A488566680970600820BF
S21404B3E800F092FC002825D17560032000F08CFC40
S21404B3F888481849886700F04AFA874D401DC001F6
S21404B408296B401801908548406F8021C90108407F
S21404B41802900846824908600198049988421FD217
S21404B4280846296B401A00F05DFC002816D00298DE
S21404B4387C49086057E000BF0C0000AA204000A81A
S21404B448CC4001A8784201A8763E0000703E000071
S21404B458645000A83C6000A8046100A80498019001
S21404B468206AE86204270398384001D0402002E0A6
S21404B478F8057060C0087060012000F045FCB8014B
S21404B4881D490860019800F02DFC8A4E684600782D
S21404B498002805D161480068F061380586490860C7
S21404B4A802986049086085488549086024487902F6
S21404B4B8416669464978002900D10760206A6862AF
S21404B4C868460078002808D0012000F01DFC307873
S21404B4D8000602D5780492490860E06BC00202D5DB
S21404B4E84A480068286305B0F0BD00BF045100A8A8
S21404B4F8204001A8040000FFB41002A87CE403500E
S21404B508441102A810B5FEF71DFF864900240C60F6
S21404B5180A22CA61FEF71FFF8348C0218902016018
S21404B52882494160824810210160C905416540206E
S21404B538804908608048047010BD0000400102A8D5
S21404B548B82002A833070000D6FEFFFF7B48406BEE
S21404B558800300D47047F8B57948046800270020AB
S21404B56800257849E20706D5C02080028025ED0329
S21404B578EA0A0A6003E0A20701D403204025284308
S21404B588C862012000F0C0FB802040006E490867AE
S21404B59808206E4908606E490968090203D46D4993
S21404B5A809680140FBD0012000F0AEFB6A4EE007B4
S21404B5B802D58020800430643564042000F0A4FB9F
S21404B5C8600702D5E020C002F060644830640120B9
S21404B5D800F09AFB62483064C320000630645A4878
S21404B5E88021490201671021B163890271615D49AE
S21404B5F80F60012232603022F2638F628021890153
S21404B6084E4A116009010160F1BD0000F83F0000D0
S21404B618F3070000FFFF7F7F743F000020C001A8E7
S21404B62894E001A894D001A8F8B54F4800680D27FF
S21404B63807400424002F00D104274C48102566032D
S21404B64808214B4A4B4B1B682340126814D04260AF
S21404B658394004D00220FEF7AFFD474806603C4058
S21404B66807D046480068054344480560B008424980
S21404B67808600220424915E00260394005D00220DD
S21404B688FEF79AFDA0023C4908603C4006D03B48B9
S21404B69801680D4305607009374908603848066034
S21404B6A8300329490860FFF751FF00210020FEF700
S21404B6B816FDF1BDC83E00001C1002A803000300D6
S21404B6C8482102A810B580202E490A6802400AD0EC
S21404B6D82D4B1A680624144005D15C6E2B4A22406A
S21404B6E81B6D9C0101D5002010BD096808400DD0CB
S21404B6F82748824203D1180501D5012010BD2548E4
S21404B7080068C107C90F481E8041C00F10BD2248F3
S21404B7180321C163A82181631021016070470000DA
S21404B7281C2002A8D80000AA402002A80400008012
S21404B738646000A82C4000A8763E0000100002A80A
S21404B748FC0302A81C1102A8442002A84C6201A803
S21404B758C44001A84C4201A8082102A824000001FC
S21404B76898008800600102A8B44000A8E83E0000DB
S21404B7781CC101A8440002A8401002A8683F0000A3
S21404B788685000A8400002A814C001A81F1F0000A3
S21404B798010C000030C101A8082002A86C48006803
S21404B7A80121084209D16B4A12686B4B000C1840F9
S21404B7B8F03291400B40984201D002207047002096
S21404B7C87047F8B507000F386A461080604CA068C2
S21404B7D80A0004D16B461B8882B29A423AD20022E7
S21404B7E86B461A80012502263A0013D02268324096
S21404B7F807D000292ED059480088401C574908808D
S21404B80800203900E16056490E6080B2B84201D380
S21404B81869460D805348456000E030BF20683040D4
S21404B82803D1FFF7BBFF0028F7D04D484560390021
S21404B83810D02168314005D048490A886B461B88D1
S21404B848D2180A8006600020E060A068B84201D2D8
S21404B85844480660FFF7A2FFF2BD38B5050000F0BD
S21404B86807FB0400012199204543A8093E4A1268AB
S21404B8788018123880B2FFF7A4FF05008020C001A4
S21404B8883A490860200000F0F7FA280032BD334829
S21404B89803883549096802889342F9D110040818C0
S21404B8A87047FEB51238070C6946088000F0E0FABF
S21404B8B80190274C294D2888B8421ADA01202C49C9
S21404B8C80860274E30BF02202168014006D0306049
S21404B8D84003264908602888401C2880FFF75EFF36
S21404B8E8002802D12988B942ECDB012171600028BE
S21404B8F80DD12888B8420AD1A068694609888842C2
S21404B90805D2002168460088FFF75BFF01E0FFF7D1
S21404B91845FF04008020C00114490860019800F01F
S21404B928ABFA2000FEBD10B512490A680E4B1B6818
S21404B9380C689442FAD0DB014033141A02D28869A0
S21404B9482418641C0C4800684443181B10BD0000E7
S21404B958280002A804ED00E0FF3F0000743E000043
S21404B968282002A8281002A8300002A880E200E0D6
S21404B9782C1002A820C001A8B43F0000F0B502E0CD
S21404B9880A601C602E607EC84F1C07D05F1C04D05B
S21404B9986F1CF5D10A601C60F0BD0A60F0BD00009B
S21404B9A880B5FEF709FC01207F49086001BD80B513
S21404B9B8EB2000F001F801BD30B57C490B6818404F
S21404B9C81022134210D07A4B7A4C2468224008D0AE
S21404B9D8A84A14682402FF252D022540DD620024A7
S21404B9E81460802252031A60086030BDF3B5010063
S21404B9F816001C00002500959F48019A330000276E
S21404BA080BE0BC464F5D4743AE009E597E40575DEB
S21404BA1847433740664637436D1CA542F1D3390978
S21404BA2839438A080A43510811430840C1090143A7
S21404BA380F208A0B0A4302405040F6BDF1B582B087
S21404BA480E0000208B490860FD25AD01EF7AA87A20
S21404BA5801900F21394000910ED00B46874A884939
S21404BA680298FFF7C3FF01990140824801608548A0
S21404BA7841438548084001D1012400E044013809BF
S21404BA8815D032003B0929000298009E6D7A751974
S21404BA984019FFF7ABFF0199091101407548026880
S21404BAA80B0113430360002901D048004443774838
S21404BAB80068204001D10420FEBD0020FEBD80B5EC
S21404BAC80A0000211180724952888018FFF7B6FFD1
S21404BAD802BD70B50F226F4B5C7905780F202040A5
S21404BAE8C5402009284001259C79C4402C4001D132
S21404BAF8032070BD2F4C2468254005D09D68460059
S21404BB08AD5B6D1E644E3560DD78DE79C640F007A1
S21404BB1811D5E0060FD5002D0DD06048486008887A
S21404BB28488008881C7800192A4080185A78801893
S21404BB382A09801800E000200880002070BD80B51F
S21404BB4857480168574A0820014201D050611061DD
S21404BB58C90602D58621090111605349534A126859
S21404BB6812040CD5524A1268530401D5C00305E0E2
S21404BB78C0239B0113404202934200D008600D483C
S21404BB880078C022024002D1802040050860494857
S21404BB98006820221040086047480068C00101D4A5
S21404BBA8FFF705FF01BD00002C4000A8703F000009
S21404BBB81C1002A8C83E0000F8B5404F38687E68D6
S21404BBC806403F4830403F4908608024A4033E4D61
S21404BBD8F00227D53D48016801200A0605D53C49E8
S21404BBE80968A9602870022014E0014202D0394985
S21404BBF8A9600FE00020C9060CD52849A960364A72
S21404BC0891780B071B0F12789A1809095118A980FE
S21404BC18E880A888A880A888002801D0264301E0E0
S21404BC28FFF7C5FE264023D0264E74603460A888E5
S21404BC3800280BD0F969814208D3291D2748AA6829
S21404BC4890470100F3D0FFF7ABFEF1BD01000CD01E
S21404BC58FC218902B161224902038A6134604C607E
S21404BC68FA69824204D30C60F1BDEB20FFF7A4FE08
S21404BC78F1BD0000503E000001010101F83E00003D
S21404BC88383F00001111000021840000F43E000033
S21404BC98183F0000483F0000204000A8531F00003B
S21404BCA8F84F0000302102A8441002A8384101A821
S21404BCB8204201A8084001A8CC4000A8B44000A827
S21404BCC8FFFFDFFFB46000A8543E0000C83E000033
S21404BCD8EC370000671F0000493F0000D44000A866
S21404BCE8B45000A810B5C409FFF7D1FD201A3128AE
S21404BCF806DAC000183801D4C01EFDD5002010BDD1
S21404BD082000FFF7CEFD10BDC32148436F3801D489
S21404BD181E38FDD500207047FEB5C020C00436493D
S21404BD28086036483649C86510243648046010202A
S21404BD38FFF7EAFF00285ED1FF20000532490860B5
S21404BD4832483349086033482D49086025042E488C
S21404BD580560314807680820FFF7D6FF00284AD14F
S21404BD6808262E4806600120FFF7CEFF2A4880687A
S21404BD7802902B4806602B48214908602248056033
S21404BD880820FFF7C1FF002835D1244806600120A3
S21404BD98FFF7BAFF204DA868019021480660184EA0
S21404BDA8214830600299019800F046F80104FC2006
S21404BDB88003084000900298C10B0198C00B00F05D
S21404BDC83BF80006FC218905014000980143174802
S21404BDD80A0C4240FF239B1CD218104008433060CC
S21404BDE82F60E00308490860286828601048046043
S21404BDF8104981640020FEBD20E000A8F717000063
S21404BE082C0102A8401102A8B02002A80000380E8F
S21404BE18B01002A810103030E04001A8E05001A885
S21404BE28E06001A830301010202020203F3F00009A
S21404BE38402102A8F7FFF00010B54904CA104004D0
S21404BE48C310991A00209A18D30F9A185210521829
S21404BE588B115B0E5B18DB11D2182023541A01D4FD
S21404BE6822001843CC0F611849105B08F6D110BDA0
S21404BE78EFF3108072B67047002800D162B6704798
S21404BE8880B5FEF779FA002802D0B74800688047DC
S21404BE9801BD80B5FEF7B2FAB448006800030AD4B8
S21404BEA8FEF7FAFCFFF752FBFEF75BFC0120FFF7F0
S21404BEB829FBFFF716F880208005FEF73BFA01BD3C
S21404BEC880B5FEF79BFA80204002FEF733FA01BDE0
S21404BED8F8B5FEF721FA052097490860FEF725FA13
S21404BEE8964806680124264201D1FEF774FBFEF73D
S21404BEF885FA9F48016800919E4A40681060B1051B
S21404BF08C80F002126420FD000919B4B5D68156030
S21404BF181D689A4A17687B1BBD4202D39769DB19CA
S21404BF285B1C974FBB42F5D3964D2960002804D076
S21404BF3831000098FDF7DEFF00902868204004D101
S21404BF486846FEF774FB002802D10098FEF7C2FB89
S21404BF58A94804606004FEF7EDF9F1BD38B5A74CAE
S21404BF68E06BC00506D580200006206000BF00BF31
S21404BF7840082060FEF724FCFEF740FAFDF764FE4E
S21404BF8805009F489F490860FFF77AFF8020C00293
S21404BF98FEF7D0F9002D01D08020206001209A49B0
S21404BFA8087031BDF8B5FEF729FA984F2C20385C8E
S21404BFB80521014002D0FEF7B7FA01E0FEF7C1FA00
S21404BFC88E4C0225F86A284001D0012020601020F3
S21404BFD8C0438F4908600026A6638E480660FEF7AD
S21404BFE8CBF9002803D08C480068804700E03E6000
S21404BFF8FEF792F989480068E16B090407D400073C
S21404C00805D5FEF79FF986490D60FEF7A4F9FEF7F5
S21404C0188CF9FFF794FDA804FEF78CF9F1BD80B5FA
S21404C028FEF7ECF951480068000303D4FEF799FBC1
S21404C038FEF757FF80204003FEF77CF901BD38B5AC
S21404C048FEF7DCF96D4C2025FFF73CFB002806D0EC
S21404C058206B000704D5FFF75AFBFEF7F7FF2560A9
S21404C068FEF77FFBFEF73DFF6E4800780C21014083
S21404C078042902D1FEF758FA01E0FEF762FA6804CA
S21404C088FEF758F94020206031BD1CB5FEF744F988
S21404C098052029490860FEF748F9FEF7AFF9FFF7C7
S21404C0A836FBB848006800906846FEF77FFF040031
S21404C0B8FFF7E6FE002C02D10098FEF7EDFF80207D
S21404C0C84004FEF737F913BDF8B5FEF797F9AE4CFA
S21404C0D8256A5020284002D0FEF726FA01E0FEF72B
S21404C0E830FA464FFFF7EEFA00281BD1786B400764
S21404C0F81DD4386BE0214901014018D1A80611D493
S21404C108FEF70AF9256AA14E354207D0FF20C04338
S21404C1182D182562802000059D490860FEF705F95C
S21404C1282E4002D00120386001E0002020608020E4
S21404C1388004FEF7FFF8F1BD3C1102A8400002A8EF
S21404C14880B5FEF75BF993480068400601D5FEF70C
S21404C15808FB0120FFF7D6F9FEF7C3FE8020C004CB
S21404C168FEF7E8F801BD0000DC3700000C0002A862
S21404C178B83F00004C3E0000D43E000020C001A892
S21404C18801FF0000483E000010B526480468FEF784
S21404C19835F981490968090328D40321C00601D55D
S21404C1A8214001E0A0080140012902D1FEF7BCF9AC
S21404C1B80BE0200107D50E20FFF7F2FBA748042161
S21404C1C8016008210160FEF7BCF9A54C2069A54961
S21404C1D80860FFF755FE2068002807D0400012289C
S21404C1E802D2FFF791FD01E0FFF737FB80208003BA
S21404C1F8FEF7A0F810BD0000402002A8100002A810
S21404C20870012000B46000A8773E0000C43E000019
S21404C218442002A8503E0000E0370000844000A8EE
S21404C2287CE40350F03E0000F8B584B00126684666
S21404C238067000270297FEF7E1F80390564C20682C
S21404C248000300D597E00320A849C8638648006819
S21404C258FB25AD010F210F220240032A03D0000B51
S21404C268014006294DD1A2480068A2498E6DE16BAB
S21404C278890701D59F49CE6DFFF755FB8619FEF74A
S21404C2887BF800280ED02879C1060BD02868090D3B
S21404C2984143890B761897490968002902D1000298
S21404C2A8400C3618002E01D5019700E00196606B05
S21404C2B80107C80F03212A6B0A40022A1BD1039AD6
S21404C2C8D20618D5AA68D30513D5A66B8A4B1E4082
S21404C2D89E4203D11021854AD1630CE092050AD404
S21404C2E8E26B2823134006D16B461F70284A116058
S21404C2F801E06A461770029068460678002E03D155
S21404C3080FE07C48406D0190FFF7DCF9002808D060
S21404C318FFF7FDF90298002802D0FEF797FE00E022
S21404C3280026022071490860002E10D03020285CB0
S21404C3380C210140042902D0A06BC00602D5FEF7E2
S21404C348F3F801E0FEF7FDF82020606013E0FEF73E
S21404C35808FA802000060E4908606848684908609C
S21404C36801A8FEF723FE0400FFF78AFD002C02D17D
S21404C3780198FEF791FE80200004FDF7DBFF05B068
S21404C388F0BD0000CC3F0000D03E000000FFFF00D8
S21404C398441002A8440102A80C0002A8FEB5002412
S21404C3A80194FEF72BF8FFF76BFD564EF06E564DCC
S21404C3B80007000F072807D17068002804D4002057
S21404C3C8FFF7A0F8286841E0012103204F4A736864
S21404C3D85B070BD44E4B1B680B4007D01368DF056E
S21404C3E80BD55B0502D43368DB0503D40191916A47
S21404C3F8890904E01021474B1960916A0909084025
S21404C40800900020FFF77EF80098002805D1706891
S21404C418C00602D4FEF795F801E0FEF785F800207A
S21404C4280199002903D13C480068FFF77CFA69693A
S21404C438401801D5009400E000906846FEF7F7F827
S21404C448002805D10098FEF745F9A869054908604B
S21404C45880200005FDF76EFFF7BD000080E200E0CF
S21404C468AC3F00004C3E0000AC0002A8F8B5FDF74F
S21404C478C5FF002400252948066B80277F0530065B
S21404C48806D5300709D5FFF742F9FEF7DFFD29E0A0
S21404C49801251F480068284019D00020FFF732F805
S21404C4A80220064002D01E490C60C8611D48046874
S21404C4B8002D03D02000FDF7A9FD0400FFF727F997
S21404C4C82000FEF7E9FD3800FDF734FFF1BD1648F5
S21404C4D80078C0210140402902D1FEF725F801E082
S21404C4E8FEF72FF820200D490860ECE7082002A87C
S21404C4F80CC101A86C3F000010000010FFFF7F7FEE
S21404C508B46000A8400002A8BC3F0000C83E000073
S21404C518B44000A8441002A81CC101A8100002A830
S21404C528180000AAD83F0000F03E000000F03CF8CF
S21404C53802480349486000F052F800BF732A000016
S21404C5480000000080B5EFF305800B2801D23A21DD
S21404C55800E02921FF221632002000F03FFAFEE709
S21404C56810B5C20018231340FF249C40E2438907F1
S21404C578090E9940030004D470489B089B00C01811
S21404C58806E0AD4B0007000F08388008800018182E
S21404C59803681A401143016010BD80B57322542104
S21404C5A8002000F01BFA01BD10B5FFF761FC01215D
S21404C5B8634A1160634B644A1360644A1360032336
S21404C5C8634C2360634C2360634B1960634B1960A8
S21404C5D88023A44C2360D160FFF74EFC10BDFFF700
S21404C5E847FC05000024012160B2FFF7B9FF641C6C
S21404C5F80E2CF8D301210F20FFF7B2FF01211120DA
S21404C608FFF7AEFF01211320FFF7AAFF0121172029
S21404C618FFF7A6FF03210120C043FFF7A1FF01216E
S21404C6281B20FFF79DFF7348734908607348C16A67
S21404C638C1620168016002207149086001208A49C4
S21404C648086047046F4C20693840FCD02068800195
S21404C65801D4FDF748FE2800FFF70EFC774D0AE0E4
S21404C66800281BD0FDF76EFE18E020693840FCD081
S21404C6783000FFF701FC206E0004000F022801D1E9
S21404C688FEF73AFAFFF7F4FB0600FDF76BFE002800
S21404C698A878E5D0002801D1FDF75DFE0120697869
S21404C6A8002909D12978002905D17049096889061D
S21404C6B801D45349086030BF0021697029780029DD
S21404C6C8D6D102214E4A116067490860CDE768480A
S21404C6D8016842680A40674810401B49086080079A
S21404C6E803D5A4480188491C0180704770B5624880
S21404C6F8016840680840000E00066049802212055A
S21404C708104218D05E4B1C68641C1C605D4C5E4D61
S21404C7182D682D0407D5A568002D04D007250D60BF
S21404C7280125AC4E3560402525601B68012B02D9CF
S21404C73810238B62CA67886770BD000000E400E0B7
S21404C748040002A80000FF3F282002A82C1002A814
S21404C75840E002A844C002A804C001A8044001A8F6
S21404C768F8B5854C206B616B01400091834D0846F3
S21404C778286000988249014007D0FDF7FDFD00288F
S21404C78803D0009894490968884780200099014096
S21404C7981CD0F821C90123680B4017D0C022120107
S21404C7A8934213D880231B06EB6226680E40944FE8
S21404C7B83F683F043F0F022F01D0032F03D1002EFA
S21404C7C801D09642F1D38F490B6028608E480078D2
S21404C7D806280DDA0098CC218901014008D0FFF715
S21404C7E847FB04000098FDF7B5FA2000FFF744FB62
S21404C7F8F1BD0000FFFF9B0800E100E0E04001A84F
S21404C8085C2002A84C0002A810B580480168446859
S21404C8180C407F48046080210C4205D041607D4866
S21404C82801600020FDF796FA600403D580204005D1
S21404C8387949086010BD00001CED00E0763E000053
S21404C84838B57648016844680C40E00707D5FFF712
S21404C8580FFB0500FDF714FB2800FFF70DFB7048D7
S21404C868046031BD505201A85C1002A8F40302A863
S21404C878280002A8FFFF00C0B44000A83C6000A837
S21404C888703E00002C4000A8384101A8FEB5654C4F
S21404C898206C666C064001273E4216D03D06624868
S21404C8A80560206861490F60002802D00021FDF762
S21404C8B8A5FC5F480068A021C90188428041C0439E
S21404C8C8C00F5C4988705C480560FDF73BFD029024
S21404C8D802210E4049D06068C2B20192000A009054
S21404C8E808224B4B4C03554D0020019E012E27D0A1
S21404C8F8022E38D1009E012E24D1EE780096504E92
S21404C9082F780C2047430020F051287840059027BC
S21404C9187F04C719032038434A4F38601C604A48C6
S21404C9280460301D2B780C246343484C2468009F0D
S21404C938E419C45028780C2358433150444811E06D
S21404C9480091DCE7002E0ED1424E37603C4E361D71
S21404C9582D780C277D4370515C601C60C8043E4BE0
S21404C96818603E480260314801600298FDF7F3FCFF
S21404C978F7BD0000743E00001C4201A84C6201A8E2
S21404C9880200060070B5FDF7DDFC0400FFF770FA38
S21404C9982C490A68D20717D5294A121D304B5D7AE6
S21404C9A80C2675435659294D2D681E60CE685E6060
S21404C9B84968D9818021C9041B4E3160197B6918DE
S21404C9C85B7A0C256B43D150FFF756FA2000FDF727
S21404C9D8C2FC70BD3C5000A8D8370000002800D020
S21404C9E8704710B50C00FDF7ADFC1E490C6001221B
S21404C9F81D4B1A600B6C1340FCD1FDF7ACFC10BD44
S21404CA08AC0002A8785201A8403E000090C001A8D5
S21404CA1890E001A80CC001A804ED00E090C000A8AE
S21404CA2890E000A800C002A8401002A840E002A8AF
S21404CA38404000A8763E0000402002A88D3E000034
S21404CA48300000A860C101A894D001A8200000A85E
S21404CA58F42302A860E101A880E200E0F41302A827
S21404CA68843E0000008002A8409002A8B0CA0400D1
S21404CA78000000008CCA040001000000000000004A
S21404CA8800F04902000000004063598F404B4C00F8
S21404CA980B000B001A00FF7F2C6900200000000022
S21404CAA82CCE0400000000000C4002000180140094
S21404CAB87F40000020400200000000000000000044
S21404CAC830400700000000000000000000000000DE
S21404CAD8000000000000000000400000A00704005A
S21404CAE850400100000000005C4002000000000006
S21404CAF800000000A840010007000000BC40040035
S21404CB080000000000000000000000000000000014
S21404CB180441040000400000FF4C0000FF5D0000D4
S21404CB28FF4D000020C0011000F8070020C00130A7
S21404CB38F502080024C00110FF00000024C00130DC
S21404CB480018000028C00700EC80B38343754051E2
S21404CB58A00F00483040000000000000000000005D
S21404CB682E02000050C00400511130040E2D09E6B0
S21404CB7854060708D1B6020064C00A000430001C34
S21404CB88403018090D647920EBFCFB017FF6E803B6
S21404CB98BD4B721511A3180510325476980A000076
S21404CBA80000000008000101040700001800010145
S21404CBB80000000020000101088400001C40080151
S21404CBC81000000020F9130407C0520000000000FB
S21404CBD80000000000000003000000000000000041
S21404CBE8584006016402FF004108000001000000E6
S21404CBF8B0070800A70000000000000080401101EC
S21404CC084B01A0089BC34A74F00300000000000010
S21404CC18000000000101103050707F7F0000000003
S21404CC2800000000000000000000000000000000F3
S21404CC3800000000000000000000000000000000E3
S21404CC4800000000E040020133000000000000007D
S21404CC58EC4001017DA8D98BF440050164048307E0
S21404CC688813C83A9C200A0000612000B75635127B
S21404CC780C410301F95412002030042988BB4040B3
S21404CC8824410201000000000310000030410A019C
S21404CC986406660C0C010000E853FA000000000065
S21404CCA80000000000000000000000000000000073
S21404CCB800000000010100006841030164048307C2
S21404CCC888138200000000003042040100000000BF
S21404CCD80000000E000000000000000044420201AC
S21404CCE800000000F4811F0054420C0100000000FC
S21404CCF800003C0000000000000000005555555593
S21404CD08170000000000000000000000AAAA0600A1
S21404CD180000000000000000000000001080010170
S21404CD2803000000388002011149100001000000C9
S21404CD389C800301EB40020070780300D5C0000015
S21404CD48A8800111F0010000A88001310542CB013A
S21404CD58AC800111F0010000AC80013105228D0081
S21404CD68B0800201000300023700000198000202A6
S21404CD78000C00044C000000A4000102000400009B
S21404CD88D0000202050040AA88010000E40001025F
S21404CD986C2C5111F4000202000000003D21081119
S21404CDA8FC0001123F000000FC000132005404009D
S21404CDB8300101026000510254010102C43F000020
S21404CDC86801010200040000FC4F0103DCCD0400E6
S21404CDD8FFFFFFFF12000000666666000000000002
S21404CDE894CE040084CE040000000000001A9A00C2
S21404CDF8005A620280841E000420F500114950027D
S21404CE08000000002ECE0400000000000000000011
S21404CE1800000000B1841E000000000000000000AE
S21404CE280000000005020200000000F04902061493
S21404CE38000000E0930405380000A0080000000085
S21404CE48580901040706100A01040707C80A00045B
S21404CE580807800B00040808380C00040908610851
S21404CE6800000000680800000000C7090104040365
S21404CE782C0B01040404920C01040504ED170000AD
S21404CE88ED1700000000000000000000193F01062E
S21404CE980410010000010106001027000009000024
S21404CEA800000000000000001DF00100CDEF0100A6
S21404CEB8D9EF0100C9F001003D7E0300DF830300BB
S21404CEC8E3830300E7830300EB830300EF83030095
S21404CED800000000A8010000081400200001030454
S21404CEE864EE01001000000024E101001A000000AE
S21404CEF879EB01001100000075E401001100000040
S21404CF0863E511000400000023E11100040000009A
S21404CF1825E101000800000026E101000A000000DF
S21404CF2827E10100020000000000000000000000E5
S21404CF3899D0040093D00400000000009AD004009E
S21404CF48B77B040000000000B17B0400B37B040038
S21404CF5800000000B57B040071D004009FD00400D4
S21404CF68B87B0400B27B040000000000B67B040013
S21404CF788CCF0400AF7B0400B07B0400B47B0400B1
S21404CF88AE7B0400000203040508090A0B0001022C
S21404CF980304051D2000B40108020200AA00FFFFCE
S21404CFA8FFFFFFFFFFFFFFFFFFA20300D94D0200AC
S21404CFB855790200A5160300657C0200658C0300FB
S21404CFC8678C0300698C03006B8C030065DD020024
S21404CFD801B6020045F7020051100300756A020004
S21404CFE85F8C0300A1B80200618C0300795E02001E
S21404CFF8638C0300257303006D6302009B480300DB
S21404D00800000000001300000000000000000000FC
S21404D018010000002DBC0200020000005D9D030014
S21404D0280300000085BB020004000000D79C030030
S21404D0380500000025BB02000000000000000000F8
S21404D0480023001B2200FF00000000000C09020257
S21404D058000000001C1A0B0303FF06080402020261
S21404D06804020A0B030302030480FF0204FF0101FF
S21404D07801010800000000000000005A69674265C4
S21404D08865416C6C69616E6365303980008F8E8C7F
S20C04D09880808006080C10805D
S20C04D0A0849CFB7F01000000E4
S21004D0A8B4D0040020650020CB0100007A
S21404D0B40000000000000000FFFF00000100000064
S21404D0C40000000000000000000000000000000053
S21404D0D40000000000000000000000000000000043
S21404D0E40000000000000000000000000000000033
S21404D0F40000000000000000000000000000000023
S21404D1040000000000000000000000000000000012
S21404D1140000000000000000000000000000000002
S21404D12400000000000000000000000000000000F2
S21404D13400000000000000000000000000000000E2
S21404D14400000000000000000000000000000000D2
S21404D15400000000000000000000000000000000C2
S21404D16400000000000000000000000000000000B2
S21404D17400000000000000000000000000000000A2
S21404D1840000000000000000000000000000000092
S21404D1940000000000000000000000000000000082
S21404D1A40000000000000000000000000000000072
S21404D1B40000000000000000000100000000F00170
S21404D1C408000000081000200100230104000000E9
S21404D1D41010002006003001010000001410002086
S21404D1E4FFFFFFFFC0EA2101C0EA2101008000001E
S21404D1F400F0490268660020006007000080000012
S21404D204E4360020C8000000FE0000000000000011
S21404D214406D040018100020FFFFFFFFA0700400F8
S21404D224330000001518010033000000DD4C030031
S21404D23480E9030084E9030091E903009EE90300FE
S21404D244ABE90300B8E90300CBE90300DDE9030016
S21404D254EAE90300F7E9030004EA030019EA030011
S21404D2642CEA03003EEA030053EA030062EA0300DE
S21404D27473EA030082EA030092EA03009EEA0300C8
S21404D284ABEA0300BBEA0300CDEA0300DCEA0300CE
S21404D294EBEA0300F4EA030009EB03001EEB0300C5
S21404D2A433EB030053EB030061EB030080EB030052
S21404D2B49BEB0300AEEB0300BBEB0300D0EB0300D5
S21404D2C4DFEB0300EEEB030000EC030012EC0300B8
S21404D2D425EC030038EC03004EEC030000000000C9
S21404D2E40F00000085EE03009CEE0300FF00000020
S21404D2F40000000000000000000000000000000021
S21404D3040000000000000000000000000030E704F5
S21404D31400C81803F9F60300FEF603002BF703000F
S21404D32456F7030084F70300B2F70300E1F703009B
S21404D3340EF803003EF803006EF80300BEF803007C
S21404D344FFFFFFFF00F80300FFFFFFFF00000400D9
S21404D35400000400005C2605CC67002006000000DC
S21404D36434930400000000000100190001000000CA
S21404D374CC4200200100190001000000CC42002029
S21404D3840100190001000000CC420020010019002D
S21404D39401000000CC420020010019000100000036
S21404D3A4CC4200200100190001000000CC420020F9
S21404D3B40100190001000000CC42002001001900FD
S21404D3C401000000CC420020010019000100000006
S21404D3D4CC4200200100190001000000CC420020C9
S21404D3E40100190001000000CC42002001001900CD
S21404D3F401000000CC420020D846002000000000B3
S21404D40400000000307C0400844D00208068002066
S21404D41444500020D06A0400060000000000000007
S21404D424000000000000000094930400AC93040081
S21404D434DB6A040005220400FE000000B068002035
S21404D4440000000054500020BC500020245100204A
S21404D45400000000000000000000000000000000BF
S21404D46400000000000000000000000000000000AF
S21404D474000000000000000000000000000000009F
S21404D484000000000000000000000000137D0300FC
S21404D4940F7D0300FFFFFFFF177D0300FFFFFFFF61
S21404D4A46F820300CB820300FFFFFFFFFFFFFFFF33
S21404D4B4FFFFFFFFFFFFFFFF2F2A0000FFFFFFFF12
S21404D4C40000000061840300D8CE0400FFFFFFFFC1
S21404D4D40000000020A107000000000051BC030067
S21404D4E4000000000000000000000000000000002F
S21404D4F4000000000000000000000000000000001F
S21404D5040C560020E94302005D5D02000522040077
S21404D51400000000000000000000000000000000FE
S21404D5240C560020814A0200000000000522040074
S21404D53400000000000000000000000000000000DE
S21404D5440C560020A95402005D5D02000522040066
S21404D55400000000000000000000000000000000BE
S21404D564C86B04000C560020016F02000000000083
S21404D5740522040000000000000000000000000073
S21404D584000000000C56002005780200000000008D
S21404D5940522040000000000000000000000000053
S21404D5A4000000000C560020618802000000000001
S21404D5B40522040000000000000000000000000033
S21404D5C400000000B80B00000C560020418C02003A
S21404D5D40000000005220400000000000000000013
S21404D5E400000000000000000C56002021950200F4
S21404D5F400000000052204000000000000000000F3
S21404D60400000000000000000C5600209196020062
S21404D61400000000052204000000000000000000D2
S21404D62400000000000000000C560020999203003D
S21404D63400000000052204000000000000000000B2
S21404D64400000000000000000C560020D9990200D7
S21404D6540000000005220400000000000000000092
S21404D66400000000000000000C5600207D9E02000E
S21404D6740000000005220400000000000000000072
S21404D68400000000000000000C560020619F030008
S21404D6940000000005220400000000000000000052
S21404D6A400000000000000000C560020F5F60200FE
S21404D6B40000000005220400000000000000000032
S21404D6C40000000000000000A9A403000C5600207B
S21404D6D4C11003005D5D0200052204000000000082
S21404D6E40000000000000000000000000C560020AB
S21404D6F431170300000000000522040000000000A7
S21404D704000000000000000000000000FFFFD00737
S21404D714B80B0000FFFFFFFFCEFAEFBEFFFFFDFFCE
S21404D724FDFF0C002C01001E2C0140068000FFFFA8
S21404D73404F8FFFF0C000000000000004000FDFF9A
S21404D7442C019C000000FFFFFDFFFFFFFFFF60EAC3
S21404D7548000800010C1CDAB640A010101FFFFFF05
S21404D764FFFFFFFFFFFFFFFFFFFFFFFFFFFFFFFFBC
S21404D774FFFFFFFFFFFFFFFFFFFFFFFFFF01FF05A4
S21404D784FFFFFF0101FFFF0201FFFF640250FF0FCA
S21404D7940208031E050216010A0C052007051001DB
S21404D7A4010F080101010104FF0301FF0CFF0F7FB1
S21404D7B47F0150403000FFFFFF0B03FF050B0103FE
S21404D7C40105020201FFFFFFFFFFFFFFFF01010245
S21004D7D4FFFFFF01056D0000DD6C000087
S80400A06DEE
